update,step,lr,sps,success,ret,len,n_eps,pg_loss,v_loss,entropy,approx_kl,clipfrac,ev,phi_r2,ev_resid,h_dir_car,h_dir_off,h_spd_car,h_spd_off,h_ball_car,h_ball_off
1,768,0.0003,440.3,0.25,1.041861,44.0,4,-0.006516,0.02215,3.308085,0.004491,0.045197,0.292434,0.003705,0.54661,2.192138,2.190986,1.097854,1.097783,2.291371,0.0
10,7680,0.0002997926267281106,483.0,0.02381,0.843089,84.321429,84,-0.006519,0.005073,3.223161,0.005179,0.059296,0.815358,0.753344,0.361074,2.137262,2.132176,1.081959,1.080742,2.172882,0.0
20,15360,0.0002995622119815668,488.3,0.03,0.917246,93.48,166,-0.005694,0.009462,3.143442,0.004478,0.052368,0.674528,0.582586,0.264054,2.042708,2.04888,1.072381,1.070443,1.946815,0.0
30,23040,0.000299331797235023,498.2,0.01,0.860036,102.68,240,-0.006873,0.00467,3.058631,0.004644,0.048737,0.888783,0.889474,0.085874,1.952986,1.982713,1.07105,1.062922,1.994348,0.0
40,30720,0.0002991013824884792,488.1,0.0,0.782428,105.77,316,-0.006917,0.002574,3.070251,0.004835,0.056976,0.897482,0.872217,0.338474,2.000341,2.013422,1.037847,1.040703,1.804848,0.0
50,38400,0.00029887096774193543,494.1,0.0,0.809278,97.19,392,-0.007083,0.001455,3.053116,0.005991,0.074219,0.962323,0.948571,0.367508,1.975511,1.98817,1.066099,1.057726,1.539822,0.0
60,46080,0.0002986405529953917,497.7,0.02,0.850251,74.96,498,-0.006779,0.002843,2.986482,0.005195,0.058319,0.921575,0.941531,-0.33786,1.934561,1.935442,1.043029,1.043368,1.603135,0.0
70,53760,0.0002984101382488479,499.5,0.02,0.867448,47.57,641,-0.006859,0.003733,2.873363,0.004918,0.055725,0.789762,0.8375,-0.171106,1.889065,1.840159,1.033362,1.027211,1.520725,0.0
80,61440,0.00029817972350230416,501.0,0.06,0.944551,47.54,808,-0.007147,0.004077,2.881899,0.005633,0.064087,0.873296,0.856782,0.213113,1.84495,1.850959,1.019164,1.028031,1.201287,0.0
90,69120,0.00029794930875576037,502.0,0.03,0.915189,42.4,975,-0.005331,0.006103,2.918341,0.005147,0.049805,0.753047,0.70499,0.201234,1.946206,1.905982,1.038765,1.002254,1.120755,0.0
100,76800,0.0002977188940092166,503.0,0.03,0.907074,44.64,1158,-0.006884,0.00281,2.967865,0.005379,0.054047,0.893472,0.954595,-1.006629,1.969521,1.965001,1.005371,0.993141,1.339138,0.0
110,84480,0.0002974884792626728,502.3,0.04,0.927951,46.36,1322,-0.006922,0.002045,2.958068,0.005631,0.06369,0.930687,0.925286,0.13536,1.933365,1.961461,1.002723,0.982192,1.250759,0.0
120,92160,0.000297258064516129,503.7,0.05,0.923319,55.73,1453,-0.006501,0.007805,2.892925,0.005487,0.063568,0.753229,0.657096,0.336964,1.922493,1.875703,1.025423,1.002069,1.23869,0.0
130,99840,0.0002970276497695852,504.0,0.03,0.880674,54.46,1592,-0.005363,0.009834,2.871253,0.004371,0.046509,0.627076,0.747769,-0.406868,1.900042,1.834459,1.024554,1.02158,1.111929,0.0
140,107520,0.00029679723502304146,504.8,0.04,0.897536,43.91,1756,-0.005529,0.008506,2.777221,0.005126,0.060394,0.752715,0.773972,-0.037932,1.825332,1.78468,1.009116,0.970948,0.848639,0.0
150,115200,0.00029656682027649767,505.2,0.06,0.956563,49.01,1914,-0.005628,0.014055,2.827282,0.005995,0.074463,0.584804,0.469427,0.344279,1.839828,1.801868,1.055289,1.01345,1.065736,0.0
160,122880,0.0002963364055299539,505.5,0.09,0.986704,50.91,2073,-0.006784,0.012154,2.819852,0.005024,0.054993,0.783693,0.704871,0.275474,1.812493,1.82954,1.002888,0.989637,1.137246,0.0
170,130560,0.00029610599078341013,506.0,0.07,0.929067,50.6,2237,-0.006421,0.012705,2.807314,0.005224,0.060883,0.784934,0.706743,0.267531,1.848938,1.874346,0.909737,0.930702,0.979698,0.0
180,138240,0.00029587557603686634,506.6,0.04,0.938744,51.93,2388,-0.007934,0.003317,2.809199,0.005985,0.07785,0.929508,0.943334,-0.17742,1.825509,1.855371,0.947548,0.953467,0.896739,0.0
190,145920,0.00029564516129032255,507.0,0.08,0.975163,49.64,2544,-0.007051,0.014163,2.815743,0.005747,0.069794,0.759003,0.67222,0.266849,1.762564,1.818334,0.951866,0.984486,0.872014,0.0
200,153600,0.00029541474654377876,507.4,0.02,0.8525,53.04,2689,-0.006001,0.004512,2.843362,0.00473,0.051086,0.900024,0.879491,0.199802,1.819044,1.863284,0.946746,0.971409,0.935623,0.0
210,161280,0.00029518433179723496,506.5,0.05,0.930723,40.41,2860,-0.005854,0.014163,2.801586,0.006078,0.073822,0.645649,0.619967,0.083875,1.829714,1.828678,0.946019,0.964052,1.047784,0.0
220,168960,0.0002949539170506912,506.6,0.06,0.953356,59.18,2990,-0.006058,0.006447,2.810754,0.005489,0.066864,0.818742,0.777325,0.214654,1.867349,1.848813,0.912565,0.949843,1.130645,0.0
230,176640,0.00029472350230414743,507.0,0.08,0.952018,67.52,3111,-0.006003,0.009193,2.753977,0.005226,0.061401,0.801911,0.733553,0.268691,1.755371,1.788603,0.885771,0.95193,0.92883,0.0
240,184320,0.0002944930875576037,507.3,0.03,0.879503,73.22,3215,-0.008659,0.001767,2.697204,0.005276,0.05835,0.958581,0.953655,0.106717,1.764007,1.755784,0.949249,0.934773,1.020679,0.0
250,192000,0.0002942626728110599,507.8,0.05,0.917396,81.43,3310,-0.006638,0.002119,2.739468,0.00504,0.057007,0.941838,0.929172,0.216242,1.745491,1.754477,0.97115,0.97548,1.005463,0.0
260,199680,0.0002940322580645161,508.1,0.02,0.872494,63.27,3431,-0.009004,0.002906,2.779143,0.005519,0.067352,0.912442,0.916732,-0.045506,1.726054,1.759494,1.021961,1.00943,0.957647,0.0
270,207360,0.0002938018433179723,508.6,0.01,0.858316,68.62,3542,-0.007969,0.002155,2.785069,0.005403,0.059601,0.960925,0.970181,-0.217006,1.811599,1.802972,1.001236,0.982504,1.07878,0.0
280,215040,0.0002935714285714285,508.9,0.04,0.907363,64.3,3672,-0.00619,0.008083,2.798504,0.005585,0.068024,0.828015,0.785949,0.213688,1.812345,1.784352,0.996873,0.994606,1.115273,0.0
290,222720,0.00029334101382488473,509.3,0.02,0.875941,79.38,3768,-0.007963,0.002084,2.763578,0.005503,0.069031,0.954383,0.94933,0.177503,1.828344,1.77373,1.00499,0.984216,1.110614,0.0
300,230400,0.000293110599078341,509.5,0.05,0.91549,80.37,3864,-0.009095,0.001609,2.78593,0.00659,0.087433,0.926261,0.844863,0.592177,1.844492,1.812843,0.978215,0.963521,1.21082,0.0
310,238080,0.0002928801843317972,509.3,0.0,0.849964,84.72,3955,-0.007957,0.001755,2.714474,0.00564,0.067719,0.958432,0.945119,0.24258,1.750208,1.760158,1.005749,0.956896,1.123034,0.0
320,245760,0.00029264976958525346,509.7,0.03,0.932389,92.18,4042,-0.009229,0.001676,2.69177,0.00693,0.090424,0.932969,0.868196,0.616437,1.775689,1.763799,0.969743,0.922141,1.01545,0.0
330,253440,0.00029241935483870966,509.9,0.02,0.875199,70.76,4153,-0.008703,0.001855,2.774636,0.006532,0.087891,0.953552,0.918444,0.430495,1.793306,1.808799,1.003932,0.956658,1.187557,0.0
340,261120,0.00029218894009216587,510.2,0.04,0.912879,70.24,4263,-0.008519,0.005894,2.722193,0.005689,0.068695,0.84009,0.674023,0.537984,1.797223,1.787636,0.954417,0.931872,1.081054,0.0
350,268800,0.0002919585253456221,510.4,0.03,0.906688,58.65,4393,-0.007015,0.001833,2.709589,0.004931,0.050293,0.955689,0.958937,-0.02913,1.75264,1.715037,1.016123,0.984084,1.035795,0.0
360,276480,0.0002917281105990783,510.5,0.01,0.877441,57.53,4526,-0.006351,0.00851,2.73545,0.00595,0.075714,0.74009,0.690928,0.197955,1.801003,1.763953,0.988926,0.968165,0.964335,0.0
370,284160,0.00029149769585253455,510.7,0.0,0.860231,63.68,4641,-0.008426,0.001572,2.709239,0.005352,0.062195,0.965518,0.970399,-0.122257,1.71197,1.733627,0.974833,0.962059,1.073026,0.0
380,291840,0.00029126728110599075,510.8,0.03,0.90952,59.61,4769,-0.007471,0.00276,2.637963,0.005057,0.056915,0.92591,0.901308,0.263798,1.770302,1.715786,0.87912,0.910577,1.211569,0.0
390,299520,0.00029103686635944696,511.0,0.02,0.859095,70.27,4877,-0.007836,0.002545,2.705539,0.005129,0.056091,0.927523,0.96543,-0.995321,1.77642,1.74654,0.953035,0.94145,1.178004,0.0
400,307200,0.0002908064516129032,511.1,0.01,0.915709,64.28,4997,-0.008963,0.001399,2.667619,0.005859,0.073334,0.956553,0.973312,-0.607422,1.768592,1.734146,0.915567,0.916501,1.250404,0.0
410,314880,0.00029057603686635943,510.7,0.03,0.901828,60.56,5126,-0.007305,0.001721,2.586727,0.005334,0.057922,0.959139,0.96801,-0.261274,1.696458,1.683684,0.861618,0.881217,1.147474,0.0
420,322560,0.00029034562211981564,510.7,0.03,0.888145,56.07,5269,-0.008356,0.002397,2.598118,0.005403,0.063141,0.919578,0.952999,-0.697818,1.627125,1.68501,0.856087,0.903023,1.246273,0.0
430,330240,0.00029011520737327184,510.8,0.04,0.894526,51.77,5410,-0.008825,0.004516,2.679244,0.006037,0.071625,0.88638,0.890758,-0.030385,1.744884,1.767568,0.914248,0.897181,1.139261,0.0
440,337920,0.0002898847926267281,510.9,0.04,0.928368,49.22,5557,-0.009022,0.001896,2.667146,0.006448,0.083191,0.950699,0.95899,-0.194762,1.807173,1.781388,0.925221,0.877735,0.833223,0.0
450,345600,0.0002896543778801843,510.8,0.02,0.919568,53.19,5695,-0.009059,0.001315,2.693951,0.005289,0.062622,0.968342,0.981073,-0.671733,1.75115,1.815622,0.891991,0.877009,1.001954,0.0
460,353280,0.0002894239631336405,510.9,0.01,0.86911,56.09,5833,-0.00844,0.00133,2.603183,0.00559,0.066315,0.962856,0.975336,-0.505849,1.796988,1.746305,0.845229,0.840021,1.057064,0.0
470,360960,0.0002891935483870967,511.0,0.05,0.919347,61.94,5956,-0.00654,0.009334,2.625952,0.005232,0.060211,0.774154,0.763519,0.047019,1.785543,1.74538,0.863952,0.869841,0.865546,0.0
480,368640,0.000288963133640553,511.0,0.03,0.894242,56.51,6085,-0.008484,0.00173,2.632516,0.005893,0.075317,0.964689,0.96686,-0.037057,1.726607,1.760784,0.866285,0.854497,0.415038,0.0
490,376320,0.0002887327188940092,511.1,0.06,0.885168,58.42,6214,-0.009713,0.002424,2.642844,0.006062,0.076477,0.946315,0.944351,0.100602,1.782493,1.728826,0.902013,0.903969,0.643348,0.0
500,384000,0.0002885023041474654,511.2,0.05,0.86966,66.26,6328,-0.008264,0.007639,2.69131,0.005528,0.066223,0.830455,0.789901,0.194717,1.73932,1.776145,0.911439,0.906166,0.83885,0.0
510,391680,0.0002882718894009216,510.8,0.06,0.918622,42.53,6490,-0.008759,0.002517,2.543378,0.005564,0.070282,0.935348,0.895574,0.468979,1.680313,1.719918,0.860785,0.801861,0.93514,0.0
520,399360,0.00028804147465437787,510.8,0.07,0.926146,56.24,6628,-0.006912,0.005024,2.598186,0.006055,0.078552,0.865064,0.71678,0.541667,1.712436,1.72402,0.86465,0.866139,0.855506,0.0
530,407040,0.0002878110599078341,510.7,0.03,0.919477,63.32,6755,-0.004469,0.009547,2.563395,0.006252,0.076935,0.808649,0.787703,0.116685,1.719117,1.716272,0.830594,0.839616,1.031923,0.0
540,414720,0.0002875806451612903,510.7,0.06,0.962405,61.61,6881,-0.008182,0.002709,2.583839,0.006269,0.078308,0.931293,0.915219,0.190787,1.81485,1.729593,0.888172,0.832239,1.098435,0.0
550,422400,0.0002873502304147465,510.7,0.08,0.959799,59.51,7005,-0.008302,0.00782,2.571081,0.00692,0.095978,0.813817,0.776575,0.16673,1.723304,1.726237,0.904511,0.839423,1.040813,0.0
560,430080,0.00028711981566820275,510.8,0.06,0.927774,54.84,7135,-0.007899,0.008247,2.633137,0.005674,0.070892,0.789541,0.800464,-0.043782,1.802038,1.778085,0.889363,0.84238,1.194733,0.0
570,437760,0.00028688940092165896,510.8,0.02,0.864711,60.98,7260,-0.010058,0.002621,2.598031,0.006284,0.085541,0.93383,0.952158,-0.360867,1.849353,1.784808,0.904559,0.807099,1.097115,0.0
580,445440,0.00028665898617511517,510.9,0.04,0.881072,79.69,7354,-0.00847,0.002067,2.645006,0.006108,0.07428,0.962916,0.921768,0.525989,1.751496,1.780658,0.837638,0.843457,1.167478,0.0
590,453120,0.00028642857142857143,511.1,0.02,0.869643,77.27,7455,-0.009993,0.001924,2.65323,0.006197,0.080078,0.96125,0.952235,0.203581,1.835329,1.797562,0.883037,0.84953,1.226042,0.0
600,460800,0.00028619815668202764,511.1,0.05,0.888802,72.39,7562,-0.00722,0.013015,2.651544,0.004894,0.057922,0.707173,0.605199,0.301521,1.82562,1.80543,0.861198,0.832424,1.119184,0.0
610,468480,0.00028596774193548384,511.0,0.02,0.879283,74.17,7661,-0.009418,0.002515,2.707047,0.006015,0.077698,0.951508,0.957609,-0.139586,1.849478,1.822648,0.888801,0.885271,0.975593,0.0
620,476160,0.00028573732718894005,511.0,0.07,0.928501,75.78,7764,-0.007889,0.013534,2.768572,0.00582,0.071228,0.687426,0.606052,0.292187,1.874168,1.834165,0.936408,0.922593,1.187606,0.0
630,483840,0.0002855069124423963,511.1,0.12,0.998955,76.42,7862,-0.007885,0.006482,2.70893,0.005717,0.072845,0.871826,0.772035,0.439013,1.880004,1.796009,0.92342,0.902113,1.313433,0.0
640,491520,0.0002852764976958525,511.1,0.1,0.998811,77.69,7961,-0.008068,0.007356,2.717629,0.005894,0.077576,0.824413,0.751695,0.29288,1.853,1.782552,0.904017,0.930108,1.090354,0.0
650,499200,0.0002850460829493087,511.1,0.06,0.867696,74.26,8068,-0.007463,0.008862,2.696818,0.006428,0.086884,0.823536,0.784452,0.242847,1.83318,1.746196,0.939909,0.947808,0.969545,0.0
660,506880,0.00028481566820276493,511.1,0.06,0.947474,79.54,8161,-0.00764,0.013632,2.691524,0.00565,0.07077,0.684045,0.632187,0.225977,1.867214,1.756753,0.958773,0.933987,1.140023,0.0
670,514560,0.0002845852534562212,511.2,0.07,0.935888,81.75,8248,-0.006112,0.007945,2.682208,0.00563,0.070435,0.784894,0.698201,0.384831,1.816342,1.753229,0.946338,0.92642,0.961769,0.0
680,522240,0.0002843548387096774,511.3,0.04,0.88787,95.26,8330,-0.007374,0.001203,2.68711,0.005117,0.059021,0.966395,0.911159,0.622129,1.776094,1.719341,0.898948,0.945634,1.188478,0.0
690,529920,0.0002841244239631336,511.3,0.07,0.913265,77.72,8428,-0.00716,0.009165,2.603528,0.005739,0.073395,0.70408,0.483591,0.467403,1.750348,1.674081,0.926501,0.925054,1.013986,0.0
700,537600,0.0002838940092165898,511.4,0.09,0.95438,83.87,8517,-0.007228,0.00556,2.606494,0.00589,0.072601,0.852759,0.677278,0.549542,1.780159,1.690072,0.951395,0.91223,1.010684,0.0
710,545280,0.0002836635944700461,511.2,0.04,0.917321,71.47,8621,-0.009593,0.002264,2.573635,0.007486,0.103668,0.947574,0.951291,-0.076093,1.700484,1.64221,0.962432,0.934557,0.846952,0.0
720,552960,0.0002834331797235023,511.2,0.1,0.989148,87.73,8711,-0.007717,0.011336,2.597746,0.004784,0.054474,0.718087,0.636784,0.281042,1.707701,1.626075,0.967572,0.969751,0.845995,0.0
730,560640,0.0002832027649769585,511.3,0.1,0.952503,87.03,8799,-0.008594,0.012517,2.651608,0.007023,0.096375,0.801224,0.692376,0.356758,1.720168,1.669477,0.963331,0.968884,1.059883,0.0
740,568320,0.00028297235023041475,511.4,0.08,0.959892,86.73,8888,-0.009427,0.002004,2.683384,0.006691,0.092316,0.96122,0.94393,0.31666,1.723866,1.718299,0.961907,0.957783,0.894857,0.0
750,576000,0.00028274193548387096,511.4,0.08,0.995213,94.77,8974,-0.007319,0.010301,2.679747,0.005508,0.064087,0.772889,0.594497,0.470178,1.692615,1.721746,0.961217,0.938726,1.039444,0.0
760,583680,0.00028251152073732717,511.5,0.11,0.954847,84.37,9059,-0.009795,0.004468,2.588573,0.006112,0.08075,0.88069,0.616992,0.701775,1.652887,1.683242,0.971955,0.896881,0.985812,0.0
770,591360,0.0002822811059907834,511.6,0.06,0.909855,89.93,9148,-0.008762,0.002327,2.63889,0.005606,0.066071,0.949831,0.932278,0.264709,1.751546,1.703679,0.973154,0.933321,0.940053,0.0
780,599040,0.0002820506912442396,511.6,0.19,1.080655,75.56,9246,-0.006693,0.007243,2.624088,0.005198,0.057861,0.821188,0.613144,0.585136,1.761657,1.72825,0.921631,0.891375,0.933874,0.0
790,606720,0.00028182027649769584,511.5,0.16,1.016481,79.1,9342,-0.00763,0.012676,2.650403,0.006057,0.073517,0.641668,0.392514,0.482516,1.788496,1.743345,0.915145,0.909594,0.731541,0.0
800,614400,0.00028158986175115205,511.6,0.11,1.002645,79.45,9442,-0.009254,0.00398,2.554997,0.005101,0.055237,0.936316,0.903827,0.341736,1.749707,1.679721,0.88751,0.873745,0.747554,0.0
810,622080,0.0002813594470046083,511.4,0.16,1.069277,75.13,9537,-0.010263,0.005611,2.506829,0.006269,0.084747,0.877074,0.734953,0.543154,1.670098,1.606738,0.917608,0.887471,0.675513,0.0
820,629760,0.0002811290322580645,511.4,0.13,1.010812,76.65,9639,-0.009384,0.004591,2.608223,0.005802,0.073608,0.884294,0.883106,0.031231,1.753499,1.669272,0.936955,0.932607,0.603753,0.0
830,637440,0.0002808986175115207,511.3,0.18,1.092992,79.58,9737,-0.008532,0.02063,2.545814,0.005635,0.071991,0.593287,0.436486,0.353085,1.58957,1.62261,0.917125,0.915018,0.578615,0.0
840,645120,0.00028066820276497693,511.3,0.14,1.008909,68.97,9846,-0.007776,0.014708,2.592923,0.005675,0.072479,0.704829,0.51648,0.430257,1.644582,1.668337,0.916786,0.920865,0.697767,0.0
850,652800,0.00028043778801843314,511.4,0.16,1.050284,78.81,9945,-0.007175,0.00823,2.556805,0.005051,0.060913,0.883125,0.222803,0.85547,1.556621,1.628935,0.92856,0.932372,0.506905,0.0
860,660480,0.00028020737327188935,511.3,0.23,1.124964,75.15,10043,-0.009311,0.00676,2.567625,0.005511,0.066132,0.840916,0.699184,0.471247,1.698578,1.646377,0.884221,0.906665,0.546276,0.0
870,668160,0.0002799769585253456,511.4,0.13,1.031687,74.41,10148,-0.008548,0.014899,2.614436,0.00501,0.059479,0.768315,0.538771,0.527323,1.690749,1.675409,0.904436,0.941859,0.873652,0.0
880,675840,0.0002797465437788018,511.3,0.1,0.961748,70.53,10255,-0.008461,0.005299,2.649611,0.005844,0.069672,0.857239,0.768615,0.492352,1.701179,1.715427,0.869203,0.942525,0.638163,0.0
890,683520,0.0002795161290322581,511.3,0.08,0.946128,70.11,10366,-0.010707,0.005233,2.632642,0.006742,0.08847,0.880043,0.84347,0.276674,1.715606,1.707078,0.863011,0.921577,0.684754,0.0
900,691200,0.0002792857142857143,511.3,0.07,0.942244,83.99,10455,-0.008575,0.001765,2.667541,0.004994,0.057129,0.951472,0.932189,0.288916,1.665653,1.72233,0.854274,0.940713,0.711957,0.0
910,698880,0.0002790552995391705,511.2,0.07,0.877117,77.07,10553,-0.008238,0.006918,2.619269,0.006277,0.077515,0.785256,0.62002,0.551144,1.663677,1.691746,0.878135,0.914971,0.74284,0.0
920,706560,0.0002788248847926267,511.2,0.09,0.947143,81.07,10646,-0.010235,0.007678,2.637828,0.007032,0.096832,0.771138,0.494517,0.619965,1.643126,1.708234,0.859931,0.927857,0.583437,0.0
930,714240,0.0002785944700460829,511.2,0.12,1.016822,82.75,10742,-0.010708,0.007261,2.64447,0.007093,0.101471,0.865575,0.661794,0.609985,1.713088,1.69719,0.869955,0.936904,0.67787,0.0
940,721920,0.0002783640552995391,511.2,0.12,0.990248,84.54,10834,-0.008618,0.008521,2.648021,0.00572,0.067047,0.865396,0.723684,0.515213,1.677148,1.711982,0.847433,0.931902,0.573711,0.0
950,729600,0.00027813364055299537,511.3,0.04,0.913746,79.7,10927,-0.008631,0.006476,2.686107,0.006487,0.08197,0.868427,0.673209,0.598811,1.706063,1.725428,0.879976,0.95465,0.647433,0.0
960,737280,0.0002779032258064516,511.3,0.07,0.978863,74.78,11032,-0.008066,0.006545,2.761275,0.006088,0.078613,0.854099,0.638078,0.628079,1.690259,1.786429,0.893364,0.980158,0.660502,0.0
970,744960,0.00027767281105990784,511.3,0.07,0.942845,83.94,11123,-0.008002,0.010372,2.73302,0.005928,0.068481,0.734395,0.69105,0.160183,1.746601,1.780064,0.901952,0.94836,0.783405,0.0
980,752640,0.00027744239631336405,511.3,0.08,0.939584,70.8,11235,-0.009384,0.002763,2.762298,0.005437,0.064545,0.913617,0.746909,0.659757,1.753393,1.790458,0.88793,0.963312,0.508389,0.0
990,760320,0.00027721198156682025,511.3,0.14,1.022911,75.93,11335,-0.007821,0.013664,2.747814,0.005779,0.068756,0.632803,0.473854,0.48668,1.787916,1.79529,0.936077,0.94017,0.598379,0.0
1000,768000,0.00027698156682027646,511.3,0.11,1.049063,69.56,11449,-0.008942,0.017499,2.767784,0.005585,0.067444,0.743512,0.610837,0.395522,1.777536,1.797032,0.951846,0.962148,0.512695,0.0
1010,775680,0.00027675115207373267,511.1,0.07,0.954805,62.44,11572,-0.008965,0.004008,2.742328,0.005569,0.068298,0.902424,0.891037,0.139047,1.711546,1.778314,0.916816,0.953462,0.454583,0.0
1020,783360,0.0002765207373271889,511.1,0.1,1.01567,61.76,11692,-0.009306,0.006712,2.767109,0.00605,0.077942,0.844641,0.80456,0.223764,1.699315,1.789621,0.955445,0.975709,0.597126,0.0
1030,791040,0.00027629032258064514,511.0,0.1,0.958915,62.1,11814,-0.00825,0.010286,2.785819,0.006319,0.08136,0.738498,0.547442,0.429899,1.763514,1.798685,0.94759,0.974689,0.629531,0.0
1040,798720,0.00027605990783410134,511.1,0.11,1.020092,67.28,11923,-0.009953,0.004617,2.760961,0.005987,0.081696,0.877241,0.707613,0.627548,1.647522,1.76572,0.943446,0.989791,0.430938,0.0
1050,806400,0.0002758294930875576,511.0,0.11,0.970089,66.18,12039,-0.009372,0.0036,2.777099,0.005726,0.067139,0.929932,0.841863,0.557375,1.669771,1.797901,0.924247,0.97625,0.396918,0.0
1060,814080,0.0002755990783410138,511.0,0.14,1.03823,67.74,12149,-0.010676,0.00242,2.776636,0.006141,0.072235,0.938525,0.83015,0.650627,1.640472,1.818265,0.895241,0.957348,0.423601,0.0
1070,821760,0.00027536866359447,511.1,0.09,0.945603,69.31,12260,-0.007817,0.007683,2.689777,0.005135,0.060577,0.868923,0.731176,0.518743,1.583801,1.73371,0.902054,0.953998,0.36512,0.0
1080,829440,0.00027513824884792623,511.1,0.19,1.109125,64.62,12380,-0.009891,0.019564,2.676712,0.005978,0.077545,0.644423,0.31988,0.529719,1.637123,1.765978,0.915418,0.913,0.416121,0.0
1090,837120,0.00027490783410138243,511.1,0.13,1.049151,73.25,12485,-0.00941,0.016846,2.733715,0.005507,0.067535,0.607554,0.392566,0.435612,1.677091,1.788491,0.889246,0.942045,0.361584,0.0
1100,844800,0.00027467741935483864,511.1,0.08,0.943899,80.95,12576,-0.009249,0.0024,2.677644,0.005307,0.060913,0.949347,0.910248,0.444785,1.638285,1.755077,0.895539,0.924048,0.421863,0.0
1110,852480,0.0002744470046082949,510.9,0.1,1.010354,66.27,12694,-0.0082,0.018898,2.713633,0.004747,0.046356,0.530101,0.199592,0.61954,1.719216,1.750312,0.950631,0.956395,0.444559,0.0
1120,860160,0.0002742165898617511,511.0,0.16,1.034495,70.93,12801,-0.009472,0.003882,2.635019,0.005721,0.073608,0.896049,0.778107,0.591121,1.558852,1.714155,0.919136,0.919149,0.36722,0.0
1130,867840,0.00027398617511520737,511.0,0.11,1.003521,83.07,12890,-0.010057,0.012921,2.648854,0.00575,0.074615,0.765792,0.483622,0.572571,1.526233,1.711243,0.910237,0.932,0.473598,0.0
1140,875520,0.0002737557603686636,511.0,0.16,1.060134,77.76,12987,-0.011628,0.005185,2.641075,0.006647,0.088928,0.809228,0.643652,0.465321,1.560889,1.722258,0.919123,0.914042,0.564969,0.0
1150,883200,0.0002735253456221198,511.0,0.18,1.051588,78.94,13084,-0.007447,0.008276,2.650808,0.004811,0.05072,0.743797,0.671278,0.33028,1.570458,1.728082,0.940301,0.919158,0.600936,0.0
1160,890880,0.000273294930875576,511.0,0.09,0.944783,77.43,13186,-0.009304,0.006924,2.646444,0.006058,0.074097,0.838995,0.691956,0.479999,1.653873,1.754333,0.929248,0.880793,0.693849,0.0
1170,898560,0.0002730645161290322,511.0,0.18,1.062073,76.16,13288,-0.009982,0.013193,2.611223,0.005518,0.066345,0.629708,0.49365,0.376579,1.551213,1.738827,0.86845,0.861909,0.537697,0.0
1180,906240,0.00027283410138248846,511.0,0.13,1.04206,74.36,13391,-0.010365,0.008367,2.607673,0.006728,0.085388,0.77435,0.412279,0.691376,1.353003,1.72205,0.862874,0.883846,0.582759,0.0
1190,913920,0.00027260368663594467,510.9,0.28,1.209168,79.09,13488,-0.009324,0.017612,2.572328,0.004845,0.050232,0.576571,0.553765,0.171442,1.466884,1.691429,0.900579,0.879518,0.509462,0.0
1200,921600,0.0002723732718894009,510.9,0.15,1.020372,81.59,13583,-0.009518,0.007909,2.596048,0.005624,0.070862,0.84991,0.773101,0.428173,1.457868,1.715731,0.928303,0.871279,0.489078,0.0
1210,929280,0.00027214285714285714,510.8,0.13,1.08058,87.5,13670,-0.00981,0.014156,2.600884,0.006189,0.076141,0.681839,0.732323,-0.100618,1.363025,1.687687,0.934037,0.91459,0.555137,0.0
1220,936960,0.00027191244239631334,510.8,0.22,1.128401,93.59,13751,-0.010264,0.010582,2.57722,0.005379,0.067596,0.762525,0.213697,0.784433,1.293262,1.684524,0.91217,0.89467,0.469332,0.0
1230,944640,0.00027168202764976955,510.8,0.3,1.207359,96.48,13830,-0.006945,0.006198,2.656924,0.005308,0.064819,0.816126,0.571261,0.602012,1.236143,1.749347,0.91828,0.917848,0.421635,0.0
1240,952320,0.00027145161290322576,510.8,0.17,1.054762,105.8,13904,-0.007751,0.009312,2.661316,0.00471,0.052277,0.723291,0.384873,0.643283,1.225353,1.717216,0.945878,0.942602,0.382104,0.0
1250,960000,0.000271221198156682,510.8,0.25,1.126865,113.44,13971,-0.009502,0.01496,2.649864,0.005546,0.07074,0.744504,0.235732,0.704796,1.261579,1.709294,0.953635,0.940916,0.361053,0.0
1260,967680,0.0002709907834101382,510.8,0.26,1.15623,104.25,14043,-0.009336,0.015937,2.648878,0.005696,0.067749,0.698794,0.240739,0.661798,1.263713,1.725919,0.912819,0.921188,0.464245,0.0
1270,975360,0.00027076036866359443,510.8,0.23,1.119268,104.99,14116,-0.009197,0.006239,2.646477,0.004919,0.056122,0.882782,0.141993,0.885951,1.43486,1.718275,0.902579,0.924946,0.57099,0.0
1280,983040,0.0002705299539170507,510.8,0.21,1.076462,100.74,14193,-0.00983,0.007626,2.730918,0.005235,0.062836,0.876876,0.374673,0.8133,1.52788,1.770487,0.896382,0.961789,0.521976,0.0
1290,990720,0.0002702995391705069,510.8,0.22,1.125005,101.25,14266,-0.009574,0.009927,2.705422,0.006163,0.078979,0.782338,0.061491,0.818443,1.570376,1.743377,0.953463,0.96059,0.487484,0.0
1300,998400,0.0002700691244239631,510.7,0.19,1.069454,108.08,14340,-0.009599,0.005532,2.715585,0.005158,0.059082,0.920372,0.625684,0.79917,1.59544,1.74006,0.897462,0.966334,0.459513,0.0
1310,1006080,0.0002698387096774193,510.6,0.28,1.162846,103.86,14414,-0.008472,0.015699,2.683756,0.005633,0.06955,0.704157,0.140156,0.697202,1.469065,1.7281,0.905459,0.956033,0.272899,0.0
1320,1013760,0.0002696082949308756,510.5,0.24,1.157494,97.04,14492,-0.009427,0.016625,2.661691,0.004828,0.051727,0.740645,0.103296,0.722066,1.456853,1.707035,0.958671,0.949277,0.390916,0.0
1330,1021440,0.0002693778801843318,510.5,0.28,1.216557,100.66,14566,-0.011633,0.014816,2.694254,0.005517,0.065765,0.714016,0.309802,0.616327,1.479402,1.730848,0.922417,0.972337,0.555644,0.0
1340,1029120,0.000269147465437788,510.5,0.38,1.33357,99.76,14643,-0.009402,0.011398,2.75064,0.005214,0.059113,0.832038,0.152111,0.826336,1.604544,1.76199,0.956112,0.99176,0.365787,0.0
1350,1036800,0.0002689170506912442,510.5,0.44,1.389293,95.62,14724,-0.009539,0.014021,2.783696,0.005987,0.073395,0.811995,0.09576,0.82601,1.606697,1.766486,0.96453,1.013841,0.391222,0.0
1360,1044480,0.00026868663594470046,510.5,0.38,1.32052,92.54,14803,-0.012348,0.014974,2.771965,0.007547,0.106323,0.704015,0.326931,0.627362,1.737924,1.747959,1.000963,1.015363,0.465436,0.0
1370,1052160,0.00026845622119815667,510.5,0.37,1.331319,90.25,14892,-0.010275,0.01199,2.688257,0.006311,0.07608,0.742442,0.001898,0.831666,1.591138,1.706075,0.924897,0.981017,0.40797,0.0
1380,1059840,0.0002682258064516129,510.5,0.32,1.25419,98.05,14968,-0.009918,0.015182,2.754882,0.006244,0.076538,0.788654,0.508953,0.571117,1.623089,1.750342,0.920983,0.999497,0.369405,0.0
1390,1067520,0.00026799539170506914,510.5,0.3,1.236025,107.98,15037,-0.009197,0.007165,2.785996,0.005146,0.059265,0.761722,0.087696,0.83889,1.718677,1.780626,0.925357,1.002069,0.272311,0.0
1400,1075200,0.00026776497695852534,510.5,0.39,1.317709,105.57,15111,-0.010546,0.013743,2.767736,0.006807,0.093842,0.694572,0.331241,0.5824,1.610624,1.756391,0.945067,1.008149,0.354643,0.0
1410,1082880,0.00026753456221198155,510.3,0.3,1.225413,92.9,15196,-0.010745,0.009012,2.792171,0.005552,0.07251,0.780752,0.585277,0.474655,1.602193,1.791031,0.92643,1.000063,0.265414,0.0
1420,1090560,0.00026730414746543776,510.3,0.27,1.177853,94.33,15274,-0.010576,0.016484,2.784443,0.005156,0.061584,0.690863,0.14362,0.707839,1.597673,1.775656,0.973633,1.002041,0.299154,0.0
1430,1098240,0.00026707373271889396,510.3,0.28,1.138337,103.19,15346,-0.011041,0.004979,2.751073,0.006272,0.082977,0.893804,0.133964,0.902863,1.584252,1.775184,0.949161,0.972702,0.192086,0.0
1440,1105920,0.0002668433179723502,510.3,0.33,1.241736,111.14,15414,-0.010259,0.019146,2.727799,0.006409,0.08429,0.608366,0.313415,0.50104,1.526837,1.755235,0.921073,0.975737,0.317963,0.0
1450,1113600,0.00026661290322580643,510.3,0.24,1.180699,110.34,15482,-0.009309,0.005934,2.746441,0.00499,0.052582,0.879652,0.297387,0.837817,1.542143,1.771544,0.932225,0.974658,0.180766,0.0
1460,1121280,0.0002663824884792627,510.3,0.28,1.181321,104.01,15561,-0.011067,0.025615,2.716528,0.006098,0.073761,0.464258,0.201333,0.420325,1.574401,1.71924,0.937281,0.99149,0.232725,0.0
1470,1128960,0.0002661520737327189,510.1,0.41,1.392282,97.79,15635,-0.010055,0.017448,2.760631,0.006282,0.081635,0.62196,0.424792,0.439877,1.683477,1.776261,0.984705,0.995398,0.193454,0.0
1480,1136640,0.0002659216589861751,509.5,0.39,1.385377,92.08,15720,-0.00925,0.017162,2.752257,0.005287,0.06131,0.676102,0.590622,0.237754,1.598511,1.760807,0.926682,0.986552,0.092781,0.0
1490,1144320,0.0002656912442396313,509.3,0.39,1.327462,80.34,15817,-0.010083,0.028278,2.750897,0.005466,0.065002,0.56436,0.258046,0.456106,1.643958,1.770923,0.946612,0.979415,0.232748,0.0
1500,1152000,0.0002654608294930875,509.3,0.34,1.269114,92.98,15897,-0.010547,0.014499,2.782647,0.006701,0.093811,0.677819,0.516847,0.333852,1.559441,1.790378,0.913068,0.994736,0.176852,0.0
1510,1159680,0.00026523041474654373,509.2,0.27,1.162489,95.11,15975,-0.009169,0.009555,2.814162,0.005388,0.063171,0.720035,0.601853,0.433853,1.647793,1.813541,0.990799,1.01126,0.174503,0.0
1520,1167360,0.000265,509.2,0.26,1.18947,108.23,16051,-0.010768,0.022198,2.762865,0.005129,0.06311,0.718625,0.618566,0.266774,1.649187,1.774976,0.977842,0.983309,0.172257,0.0
1530,1175040,0.0002647695852534562,509.2,0.24,1.127761,87.81,16134,-0.008509,0.012095,2.704958,0.006143,0.071564,0.8259,0.359678,0.733517,1.529227,1.704895,0.977909,0.992112,0.132587,0.0
1540,1182720,0.0002645391705069124,509.2,0.41,1.370814,97.41,16218,-0.010242,0.02039,2.750425,0.00557,0.067627,0.600977,0.261699,0.522312,1.649493,1.784539,0.977777,0.965929,0.103727,0.0
1550,1190400,0.00026430875576036867,509.1,0.32,1.24811,76.95,16316,-0.010634,0.017658,2.695496,0.005753,0.073608,0.573557,0.426012,0.30419,1.668715,1.760219,0.896428,0.938374,0.212376,0.0
1560,1198080,0.0002640783410138249,509.1,0.31,1.225036,90.32,16395,-0.009419,0.002889,2.713512,0.005346,0.059021,0.939296,0.580926,0.877985,1.583855,1.768073,0.934808,0.948354,0.089244,0.0
1570,1205760,0.0002638479262672811,509.1,0.24,1.182004,74.19,16500,-0.009114,0.009597,2.757831,0.006164,0.078094,0.823092,0.250029,0.799777,1.766279,1.819803,0.932964,0.944604,0.104367,0.0
1580,1213440,0.0002636175115207373,509.1,0.24,1.14726,84.16,16593,-0.009387,0.016284,2.794078,0.004817,0.053467,0.735705,0.289764,0.662236,1.718188,1.83965,0.913234,0.954857,0.127618,0.0
1590,1221120,0.0002633870967741935,509.1,0.3,1.21631,94.0,16674,-0.010582,0.01262,2.793197,0.00582,0.075195,0.602904,0.233087,0.67799,1.681143,1.835923,0.865982,0.958103,0.102369,0.0
1600,1228800,0.00026315668202764976,509.0,0.34,1.282405,85.97,16765,-0.011332,0.017591,2.789211,0.004868,0.055206,0.7144,0.160937,0.699078,1.723473,1.828562,0.914285,0.956637,0.053577,0.0
1610,1236480,0.00026292626728110596,508.9,0.22,1.103458,84.62,16853,-0.010494,0.011713,2.747873,0.005998,0.073792,0.78604,0.311625,0.73777,1.812096,1.823602,0.908002,0.922798,0.06518,0.0
1620,1244160,0.0002626958525345622,508.9,0.26,1.21798,73.95,16959,-0.010847,0.019354,2.730161,0.005854,0.07135,0.678415,0.453667,0.483897,1.723888,1.77295,0.909892,0.939379,0.190905,0.0
1630,1251840,0.00026246543778801843,508.8,0.27,1.225128,73.98,17063,-0.010028,0.019494,2.720589,0.005401,0.062531,0.516817,0.176487,0.633125,1.70699,1.779278,0.869062,0.947753,0.08668,0.0
1640,1259520,0.00026223502304147464,508.8,0.29,1.247453,73.55,17166,-0.010439,0.012105,2.72251,0.005476,0.068115,0.675611,0.187146,0.720477,1.755734,1.782263,0.871349,0.935178,0.101545,0.0
1650,1267200,0.00026200460829493085,508.8,0.39,1.376806,82.48,17259,-0.010427,0.018223,2.779408,0.005101,0.06192,0.656138,0.069857,0.74283,1.741396,1.807316,0.908036,0.97256,0.188884,0.0
1660,1274880,0.00026177419354838705,508.8,0.29,1.233504,86.4,17350,-0.010218,0.011015,2.759886,0.005456,0.063538,0.700894,0.064122,0.756942,1.765704,1.793529,0.950339,0.953274,0.15888,0.0
1670,1282560,0.00026154377880184326,508.8,0.22,1.086638,92.21,17426,-0.011124,0.010342,2.793872,0.005724,0.070282,0.846473,0.487097,0.705882,1.726345,1.824747,0.94208,0.976374,0.227083,0.0
1680,1290240,0.0002613133640552995,508.8,0.32,1.254545,102.05,17504,-0.009464,0.021564,2.754716,0.006374,0.079102,0.759796,0.282385,0.675758,1.650442,1.771869,0.955658,0.990472,0.157247,0.0
1690,1297920,0.00026108294930875573,508.8,0.32,1.248435,73.04,17614,-0.011526,0.01907,2.763116,0.006161,0.081329,0.64891,0.468792,0.481338,1.747043,1.76954,0.997985,0.999737,0.071771,0.0
1700,1305600,0.000260852534562212,508.8,0.37,1.314781,85.83,17697,-0.009683,0.015925,2.770939,0.00493,0.056396,0.737614,0.360917,0.600068,1.673383,1.772952,0.990491,0.997953,0.156901,0.0
1710,1313280,0.0002606221198156682,508.7,0.41,1.353882,94.68,17781,-0.010142,0.023032,2.759009,0.005479,0.07016,0.71219,0.208251,0.644923,1.726784,1.788236,0.931784,0.970673,0.073108,0.0
1720,1320960,0.0002603917050691244,508.7,0.44,1.433459,83.89,17874,-0.010772,0.01992,2.73454,0.005388,0.063782,0.461975,0.242895,0.5366,1.809191,1.769667,0.974861,0.968211,0.144646,0.0
1730,1328640,0.0002601612903225806,508.7,0.57,1.612198,89.94,17955,-0.010898,0.008609,2.723114,0.005169,0.065063,0.729587,0.640209,0.489747,1.749115,1.7864,0.89081,0.943023,0.185679,0.0
1740,1336320,0.0002599308755760368,508.7,0.47,1.449055,87.75,18047,-0.010956,0.02785,2.730181,0.005259,0.064148,0.718667,0.503593,0.434144,1.835425,1.805068,0.931849,0.92633,0.104038,0.0
1750,1344000,0.000259700460829493,508.7,0.4,1.394322,69.84,18156,-0.010585,0.022072,2.767337,0.004823,0.056885,0.524855,0.273699,0.480126,1.812284,1.807096,0.953461,0.957903,0.11915,0.0
1760,1351680,0.0002594700460829493,508.7,0.42,1.411267,70.11,18262,-0.009682,0.012134,2.761767,0.005583,0.07016,0.684861,0.657747,0.45543,1.770796,1.824892,0.906781,0.934168,0.122002,0.0
1770,1359360,0.0002592396313364055,508.7,0.36,1.332312,78.89,18361,-0.011537,0.017463,2.81788,0.005908,0.07312,0.649716,0.311855,0.579176,1.800503,1.857833,0.949113,0.959233,0.171137,0.0
1780,1367040,0.00025900921658986175,508.7,0.39,1.400752,85.7,18444,-0.011429,0.021459,2.85673,0.006454,0.087921,0.554384,0.543386,0.132432,1.834503,1.884115,0.952228,0.97016,0.049351,0.0
1790,1374720,0.00025877880184331796,508.7,0.41,1.408253,82.63,18538,-0.011586,0.01596,2.831614,0.006918,0.088043,0.561859,0.261032,0.531802,1.841244,1.877449,0.931179,0.96023,0.144203,0.0
1800,1382400,0.00025854838709677417,508.7,0.47,1.468401,100.54,18615,-0.011246,0.02844,2.843965,0.005769,0.073059,0.536613,0.340992,0.35768,1.810127,1.871856,0.918857,0.975378,0.058853,0.0
1810,1390080,0.0002583179723502304,508.6,0.37,1.324106,99.49,18688,-0.012017,0.01505,2.840544,0.006389,0.084839,0.671246,0.582306,0.233851,1.796558,1.850994,0.93811,0.987698,0.142485,0.0
1820,1397760,0.0002580875576036866,508.6,0.33,1.245979,104.69,18763,-0.009964,0.015156,2.836746,0.00443,0.044769,0.695998,0.225831,0.681639,1.839903,1.853652,0.916125,0.984979,0.166522,0.0
1830,1405440,0.00025785714285714284,508.6,0.39,1.353742,95.05,18845,-0.011161,0.022241,2.817966,0.005657,0.07074,0.610241,0.34267,0.434271,1.839728,1.821829,0.976153,0.989623,0.294158,0.0
1840,1413120,0.00025762672811059905,508.6,0.43,1.42915,92.5,18930,-0.01137,0.019384,2.811249,0.005431,0.067596,0.728657,0.397136,0.555449,1.73679,1.799172,0.967132,1.006989,0.277051,0.0
1850,1420800,0.00025739631336405526,508.6,0.35,1.299461,103.77,19002,-0.011374,0.011083,2.845715,0.005182,0.061066,0.72756,0.297399,0.726491,1.761889,1.862056,0.964179,0.983396,0.265481,0.0
1860,1428480,0.0002571658986175115,508.7,0.36,1.308571,106.6,19077,-0.011063,0.00728,2.832096,0.005865,0.069672,0.873492,0.291453,0.833837,1.75328,1.852687,0.962159,0.979264,0.124818,0.0
1870,1436160,0.0002569354838709677,508.7,0.34,1.300025,102.69,19155,-0.011287,0.016382,2.822198,0.006065,0.07605,0.719122,0.527966,0.41901,1.771806,1.826522,0.970862,0.991407,0.148369,0.0
1880,1443840,0.00025670506912442393,508.7,0.42,1.378584,108.07,19218,-0.009656,0.017594,2.797881,0.004843,0.053406,0.610557,0.263188,0.553269,1.675904,1.826317,0.915997,0.967469,0.180984,0.0
1890,1451520,0.00025647465437788014,508.7,0.45,1.408717,119.84,19283,-0.011371,0.015592,2.799316,0.005452,0.064117,0.685075,0.433823,0.47933,1.654195,1.835865,0.913397,0.960572,0.136852,0.0
1900,1459200,0.0002562442396313364,508.7,0.53,1.518103,108.52,19357,-0.011376,0.0165,2.774485,0.006248,0.077393,0.449504,0.320845,0.387091,1.659764,1.812304,0.867485,0.963434,0.141787,0.0
1910,1466880,0.0002560138248847926,508.6,0.58,1.557815,94.32,19439,-0.011118,0.025268,2.794729,0.00616,0.081055,0.367237,0.358128,0.254619,1.713082,1.832196,0.898516,0.957468,0.163725,0.0
1920,1474560,0.0002557834101382488,508.7,0.46,1.440844,88.74,19522,-0.00965,0.018893,2.840678,0.005296,0.062958,0.731011,0.642061,0.248805,1.71296,1.855702,0.952247,0.988477,0.072863,0.0
1930,1482240,0.0002555529953917051,508.7,0.53,1.560657,89.51,19612,-0.011714,0.018814,2.808533,0.005598,0.072723,0.794986,0.47057,0.613081,1.712268,1.834209,0.93139,0.977786,0.17988,0.0
1940,1489920,0.0002553225806451613,508.7,0.52,1.513576,87.18,19699,-0.010505,0.013544,2.793487,0.005059,0.060547,0.690089,0.324417,0.650338,1.692582,1.824999,0.918954,0.967876,0.114931,0.0
1950,1497600,0.0002550921658986175,508.8,0.44,1.420187,86.56,19790,-0.009801,0.024191,2.844378,0.004975,0.058502,0.515363,0.407779,0.277194,1.738778,1.873848,0.950228,0.97251,0.1146,0.0
1960,1505280,0.0002548617511520737,508.8,0.54,1.542538,87.56,19872,-0.010276,0.013769,2.837321,0.005174,0.058899,0.52288,0.409438,0.357222,1.768507,1.882377,0.922712,0.953978,0.117864,0.0
1970,1512960,0.00025463133640552996,508.8,0.53,1.497424,88.6,19961,-0.010487,0.016801,2.823822,0.005046,0.055328,-0.114341,0.083477,0.587179,1.738161,1.870533,0.907222,0.959329,0.282162,0.0
1980,1520640,0.0002544009216589861,508.8,0.58,1.566514,85.21,20047,-0.011062,0.021875,2.819495,0.0053,0.062592,0.714484,0.517359,0.415485,1.746139,1.857192,0.88606,0.961357,0.35236,0.0
1990,1528320,0.0002541705069124424,508.8,0.41,1.396464,77.21,20146,-0.011179,0.012396,2.796188,0.00558,0.070648,0.64267,0.270373,0.678632,1.742845,1.822096,0.957435,0.971946,0.244623,0.0
2000,1536000,0.0002539400921658986,508.8,0.53,1.557365,81.27,20242,-0.011524,0.023238,2.793848,0.005875,0.073761,0.462197,0.208226,0.553375,1.832316,1.825052,0.884395,0.962629,0.419485,0.0
2010,1543680,0.00025370967741935484,508.7,0.51,1.489821,76.98,20336,-0.01238,0.017977,2.742839,0.00618,0.078613,0.613683,0.545795,0.188706,1.813596,1.780309,0.935878,0.9555,0.35358,0.0
2020,1551360,0.00025347926267281105,508.7,0.56,1.601961,63.44,20454,-0.011102,0.015347,2.721071,0.005627,0.064758,0.637805,0.356924,0.554861,1.741573,1.762786,0.937524,0.958128,0.391834,0.0
2030,1559040,0.00025324884792626726,508.7,0.5,1.526109,75.93,20555,-0.01171,0.018718,2.776808,0.005588,0.067871,0.626533,0.310604,0.612739,1.809078,1.816678,0.947345,0.964109,0.299158,0.0
2040,1566720,0.0002530184331797235,508.7,0.46,1.455183,85.34,20642,-0.00915,0.027323,2.829481,0.005019,0.058075,0.54231,0.505785,0.139571,1.768353,1.868291,0.878688,0.96205,0.548484,0.0
2050,1574400,0.00025278801843317967,508.8,0.43,1.429472,93.99,20725,-0.010499,0.017271,2.814556,0.005165,0.061798,0.489463,0.306362,0.585052,1.804399,1.838234,0.976555,0.977311,0.386664,0.0
2060,1582080,0.00025255760368663593,508.8,0.57,1.596013,86.81,20814,-0.011717,0.04083,2.81576,0.005329,0.061951,0.276214,0.129118,0.302218,1.772141,1.837618,0.931111,0.971987,0.50874,0.0
2070,1589760,0.00025232718894009214,508.8,0.46,1.391884,86.48,20901,-0.012005,0.018403,2.846258,0.006297,0.081268,0.639388,0.135737,0.641814,1.744113,1.870287,0.962549,0.971839,0.545687,0.0
2080,1597440,0.00025209677419354835,508.8,0.52,1.521836,95.36,20984,-0.01235,0.018241,2.855402,0.006342,0.087128,0.601366,0.260348,0.615016,1.786641,1.879219,0.936621,0.969516,0.479428,0.0
2090,1605120,0.0002518663594470046,508.9,0.53,1.530002,101.29,21057,-0.011763,0.023834,2.846621,0.005714,0.074402,0.581326,0.473568,0.208374,1.743611,1.864996,0.935167,0.973621,0.591089,0.0
2100,1612800,0.0002516359447004608,508.9,0.46,1.444652,97.72,21141,-0.010474,0.014559,2.858726,0.005304,0.062195,0.590444,0.358753,0.494572,1.77903,1.892494,0.923269,0.970658,0.47664,0.0
2110,1620480,0.000251405529953917,508.8,0.48,1.48577,87.12,21230,-0.012324,0.014062,2.862856,0.005927,0.074066,0.774727,0.35083,0.718682,1.720647,1.871747,0.967849,0.984805,0.396198,0.0
2120,1628160,0.00025117511520737323,508.8,0.48,1.508619,81.8,21326,-0.011414,0.022397,2.820597,0.005503,0.068451,0.592272,0.25871,0.551093,1.711979,1.831819,0.971867,0.984983,0.470161,0.0
2130,1635840,0.0002509447004608295,508.9,0.6,1.658866,83.77,21418,-0.012683,0.023052,2.843909,0.005362,0.066498,0.641413,0.32598,0.563418,1.705155,1.844936,0.990542,0.99155,0.439756,0.0
2140,1643520,0.0002507142857142857,508.9,0.54,1.551301,79.95,21510,-0.012242,0.026359,2.890834,0.00644,0.085541,0.485524,0.312451,0.386257,1.775334,1.901514,1.021659,0.986802,0.568718,0.0
2150,1651200,0.0002504838709677419,508.9,0.43,1.44298,99.73,21587,-0.011526,0.01616,2.898029,0.006156,0.079254,0.714014,0.33316,0.634785,1.770538,1.909068,1.002036,0.988967,0.678221,0.0
2160,1658880,0.0002502534562211981,508.9,0.54,1.546144,88.3,21678,-0.013281,0.021758,2.873799,0.005713,0.069733,0.565789,0.248649,0.578507,1.78753,1.882481,1.012007,0.989645,0.38044,0.0
2170,1666560,0.0002500230414746544,508.9,0.46,1.455531,81.58,21770,-0.012535,0.025239,2.84968,0.005941,0.078125,0.573198,0.419382,0.310419,1.726979,1.851423,1.006667,0.992869,0.190341,0.0
2180,1674240,0.0002497926267281106,508.9,0.52,1.519415,87.62,21859,-0.010883,0.020615,2.838659,0.005996,0.076294,0.678065,0.469442,0.436827,1.702367,1.847588,0.98843,0.989843,0.204614,0.0
2190,1681920,0.0002495622119815668,508.9,0.58,1.59136,91.98,21943,-0.010614,0.016104,2.803979,0.005393,0.070709,0.415048,0.382173,0.240829,1.676268,1.804706,1.001718,0.994217,0.130166,0.0
2200,1689600,0.00024933179723502305,508.9,0.46,1.404271,92.16,22027,-0.010542,0.030795,2.774415,0.005459,0.064911,0.472244,0.421407,0.130498,1.708688,1.783708,0.988916,0.991207,0.224655,0.0
2210,1697280,0.00024910138248847926,508.9,0.37,1.279451,97.03,22103,-0.01158,0.021509,2.758738,0.005637,0.069977,0.581675,0.426751,0.351402,1.724243,1.77605,0.95424,0.976893,0.144612,0.0
2220,1704960,0.00024887096774193546,508.9,0.37,1.353118,101.46,22182,-0.011262,0.018966,2.799138,0.005781,0.073883,0.308415,0.288941,0.31856,1.8388,1.830562,0.95606,0.975254,0.08258,0.0
2230,1712640,0.00024864055299539167,508.9,0.48,1.476133,99.31,22259,-0.011644,0.009158,2.814593,0.005283,0.062531,0.630302,0.255977,0.782541,1.850825,1.842305,0.976307,0.970309,0.141933,0.0
2240,1720320,0.0002484101382488479,508.9,0.47,1.453465,110.14,22324,-0.011523,0.016081,2.834288,0.006153,0.080658,0.685703,0.449233,0.514128,1.812311,1.851244,0.977281,0.985758,0.19261,0.0
2250,1728000,0.00024817972350230414,509.0,0.49,1.428824,109.87,22395,-0.011896,0.013476,2.814697,0.005896,0.077667,0.65022,0.330213,0.671526,1.769091,1.837059,0.993317,0.974811,0.325584,0.0
2260,1735680,0.00024794930875576035,509.0,0.34,1.254359,107.08,22468,-0.012383,0.007836,2.860953,0.006153,0.079315,0.911608,0.794177,0.650645,1.87953,1.891109,0.94517,0.968008,0.218188,0.0
2270,1743360,0.0002477188940092166,509.0,0.35,1.288007,114.04,22533,-0.010656,0.025981,2.841565,0.005793,0.073975,0.53452,0.396161,0.453045,1.686179,1.874168,0.974145,0.970303,0.289018,0.0
2280,1751040,0.0002474884792626728,509.0,0.36,1.351063,90.93,22621,-0.010931,0.012952,2.842122,0.00526,0.068695,0.451659,0.400563,0.436406,1.74064,1.873186,0.965082,0.967694,0.317549,0.0
2290,1758720,0.000247258064516129,509.1,0.41,1.394709,84.16,22707,-0.011218,0.008116,2.878643,0.005052,0.063477,0.721732,0.293093,0.732202,1.752286,1.905505,0.986233,0.969456,0.526927,0.0
2300,1766400,0.00024702764976958523,509.1,0.58,1.614668,80.92,22804,-0.011078,0.018311,2.861076,0.00487,0.058472,0.680212,0.362774,0.545476,1.78475,1.885685,0.962296,0.972493,0.448601,0.0
2310,1774080,0.00024679723502304144,509.0,0.52,1.547923,82.03,22899,-0.013658,0.007236,2.856488,0.006006,0.082581,0.715459,0.270912,0.813233,1.834977,1.873457,0.949795,0.980637,0.46152,0.0
2320,1781760,0.00024656682027649764,509.0,0.59,1.652071,91.44,22982,-0.012131,0.010447,2.881422,0.005539,0.072937,0.705474,0.504657,0.590959,1.827476,1.901047,0.996051,0.977422,0.429341,0.0
2330,1789440,0.0002463364055299539,509.1,0.5,1.48503,92.71,23069,-0.012992,0.029762,2.862172,0.005759,0.070862,0.461626,0.524008,-0.092606,1.785112,1.861974,0.968794,0.98516,0.527062,0.0
2340,1797120,0.0002461059907834101,509.1,0.33,1.309567,86.36,23160,-0.012185,0.019872,2.861245,0.005737,0.067719,0.582767,0.370002,0.474442,1.853007,1.880784,0.972558,0.980714,0.484576,0.0
2350,1804800,0.0002458755760368663,509.1,0.33,1.247268,97.28,23235,-0.013822,0.015372,2.862357,0.00617,0.079224,0.713984,0.698103,0.053505,1.853618,1.858012,0.999705,1.004561,0.454923,0.0
2360,1812480,0.0002456451612903226,509.1,0.39,1.368169,96.84,23319,-0.011599,0.021708,2.852691,0.005691,0.070129,0.51141,0.273008,0.526869,1.862293,1.856375,1.000293,0.992827,0.407939,0.0
2370,1820160,0.0002454147465437788,509.2,0.43,1.388175,85.86,23407,-0.011894,0.025655,2.834089,0.005826,0.074036,0.543751,0.351577,0.311157,1.824676,1.843593,1.005723,0.9971,0.374321,0.0
2380,1827840,0.000245184331797235,509.2,0.44,1.42927,92.18,23489,-0.013027,0.017781,2.83995,0.006224,0.076569,0.504275,0.258799,0.437903,1.842043,1.828687,1.017416,1.004545,0.389191,0.0
2390,1835520,0.0002449539170506912,509.2,0.44,1.406452,87.24,23574,-0.01262,0.0171,2.872279,0.005657,0.068634,0.452988,0.059521,0.666885,1.866847,1.856704,1.035626,1.005283,0.363559,0.0
2400,1843200,0.0002447235023041474,509.2,0.51,1.513882,99.65,23648,-0.010459,0.015343,2.902865,0.005595,0.066589,0.692517,0.422354,0.525517,1.857735,1.882797,1.017487,1.014602,0.363942,0.0
2410,1850880,0.00024449308755760367,509.1,0.4,1.359117,111.34,23715,-0.012976,0.025036,2.839039,0.005538,0.069275,0.436385,0.191846,0.482696,1.76436,1.832894,0.957744,0.998302,0.578184,0.0
2420,1858560,0.0002442626728110599,509.1,0.38,1.312773,81.4,23809,-0.013036,0.018092,2.85745,0.005546,0.067352,0.554375,0.125948,0.643728,1.849055,1.866499,0.937493,0.987667,0.540206,0.0
2430,1866240,0.0002440322580645161,509.1,0.54,1.582415,72.15,23915,-0.012497,0.035258,2.812552,0.006737,0.093719,0.385444,0.298568,0.281036,1.773245,1.820451,0.991889,0.980835,0.520224,0.0
2440,1873920,0.00024380184331797234,509.1,0.53,1.533988,76.78,24012,-0.012679,0.027687,2.845219,0.006341,0.083191,0.514583,0.3442,0.400938,1.83043,1.884636,0.866033,0.957863,0.665553,0.0
2450,1881600,0.00024357142857142855,509.1,0.61,1.659623,86.78,24102,-0.012169,0.022474,2.851755,0.006036,0.073547,0.519834,0.281286,0.539834,1.883153,1.891423,0.943583,0.968761,0.345225,0.0
2460,1889280,0.00024334101382488476,509.2,0.53,1.55255,88.24,24189,-0.012148,0.023403,2.828261,0.005423,0.066315,0.528433,0.303801,0.488884,1.868237,1.885976,0.888559,0.934452,0.65017,0.0
2470,1896960,0.000243110599078341,509.2,0.49,1.502745,88.69,24275,-0.01105,0.02152,2.827794,0.005454,0.065857,0.594827,0.37531,0.498151,1.885228,1.885239,0.94529,0.942589,0.518833,0.0
2480,1904640,0.00024288018433179723,509.2,0.54,1.537052,73.13,24384,-0.013256,0.033438,2.879755,0.006054,0.081177,0.433598,0.294293,0.338938,1.877269,1.902473,0.960591,0.969345,0.539539,0.0
2490,1912320,0.0002426497695852534,509.2,0.54,1.535214,86.06,24470,-0.012133,0.019829,2.905272,0.006088,0.080353,0.750993,0.378241,0.604469,1.849102,1.930868,0.938247,0.966063,0.581994,0.0
2500,1920000,0.00024241935483870967,509.2,0.51,1.487394,75.41,24573,-0.012036,0.023828,2.891514,0.006049,0.08136,0.434124,0.336963,0.409479,1.896214,1.928014,0.932483,0.962295,0.516547,0.0
2510,1927680,0.00024218894009216588,509.2,0.54,1.587108,81.78,24667,-0.011764,0.029353,2.865437,0.005513,0.066528,0.664205,0.523833,0.340424,1.868667,1.936484,0.90185,0.926065,0.480689,0.0
2520,1935360,0.0002419585253456221,509.2,0.44,1.416235,82.81,24755,-0.012367,0.014069,2.879555,0.005279,0.060333,0.479907,0.189715,0.565303,1.881752,1.921138,0.957863,0.952942,0.413877,0.0
2530,1943040,0.00024172811059907832,509.2,0.49,1.481718,97.85,24835,-0.011215,0.024532,2.828112,0.005018,0.059998,0.649071,0.268781,0.538966,1.803265,1.883161,0.960574,0.936107,0.365669,0.0
2540,1950720,0.00024149769585253452,509.2,0.44,1.416193,81.55,24931,-0.010956,0.027072,2.813712,0.004634,0.054932,0.23902,0.242116,0.291754,1.816703,1.872069,0.985522,0.93458,0.337394,0.0
2550,1958400,0.00024126728110599076,509.3,0.44,1.40635,81.05,25025,-0.01266,0.025207,2.832136,0.006118,0.082916,0.656662,0.384482,0.533962,1.843165,1.877245,0.908545,0.9466,0.502426,0.0
2560,1966080,0.00024103686635944697,509.3,0.44,1.451435,73.69,25127,-0.013703,0.026351,2.827684,0.005669,0.067749,0.488176,0.257125,0.41747,1.761582,1.882586,0.953067,0.933846,0.39836,0.0
2570,1973760,0.00024080645161290323,509.3,0.52,1.57267,71.93,25231,-0.010347,0.020603,2.824233,0.005334,0.061584,0.566781,0.140165,0.666739,1.711129,1.884499,0.927306,0.943775,0.463001,0.0
2580,1981440,0.00024057603686635943,509.3,0.41,1.370489,83.53,25324,-0.012159,0.024116,2.88915,0.005925,0.073944,0.645611,0.448106,0.427381,1.842897,1.90549,0.952484,0.981692,0.402389,0.0
2590,1989120,0.00024034562211981564,509.3,0.39,1.402379,78.86,25419,-0.01195,0.018318,2.833579,0.00498,0.05835,0.639072,0.403291,0.506896,1.773066,1.877509,0.952749,0.952371,0.413697,0.0
2600,1996800,0.00024011520737327188,509.3,0.45,1.42771,69.0,25527,-0.011854,0.033028,2.839819,0.006038,0.074341,0.509099,0.439871,0.146503,1.731546,1.862118,0.974456,0.972799,0.561771,0.0
2610,2004480,0.00023988479262672808,509.3,0.52,1.533474,71.85,25634,-0.011336,0.021193,2.837733,0.005465,0.062653,0.560759,0.319777,0.539521,1.820105,1.880121,0.953268,0.9525,0.43607,0.0
2620,2012160,0.0002396543778801843,509.2,0.41,1.402583,74.7,25732,-0.013121,0.023534,2.804509,0.006568,0.089142,0.282319,0.264873,0.342008,1.798015,1.859691,0.905803,0.933115,0.414444,0.0
2630,2019840,0.00023942396313364052,509.3,0.4,1.367543,88.87,25818,-0.011593,0.021432,2.821063,0.005448,0.067657,0.430088,0.185793,0.572242,1.78075,1.8616,0.952687,0.960379,0.282385,0.0
2640,2027520,0.00023919354838709676,509.3,0.44,1.431659,83.13,25910,-0.012271,0.014561,2.77652,0.005635,0.070557,0.556402,0.275473,0.723763,1.758451,1.83936,0.950746,0.927433,0.48379,0.0
2650,2035200,0.000238963133640553,509.3,0.5,1.49143,82.53,26000,-0.01261,0.013996,2.78007,0.005152,0.061157,0.756968,0.301369,0.706648,1.740806,1.836247,0.933604,0.938958,0.507479,0.0
2660,2042880,0.0002387327188940092,509.3,0.44,1.409204,82.26,26090,-0.012219,0.014852,2.819135,0.005102,0.059204,0.645173,0.370201,0.527218,1.784854,1.854052,0.954813,0.961956,0.511647,0.0
2670,2050560,0.0002385023041474654,509.3,0.41,1.440797,86.0,26180,-0.011815,0.018157,2.81716,0.004943,0.058167,0.686401,0.521162,0.374641,1.788794,1.857246,0.927159,0.95821,0.417986,0.0
2680,2058240,0.00023827188940092164,509.3,0.43,1.392466,81.72,26270,-0.012428,0.014317,2.795222,0.005489,0.06723,0.46806,0.125882,0.605914,1.799278,1.836715,0.915328,0.948214,0.530961,0.0
2690,2065920,0.00023804147465437785,509.3,0.52,1.53424,83.07,26363,-0.01221,0.028318,2.781036,0.005826,0.076172,0.524271,0.349782,0.345883,1.829909,1.822366,0.946388,0.953155,0.500266,0.0
2700,2073600,0.00023781105990783405,509.3,0.39,1.393492,79.03,26459,-0.011274,0.024636,2.837668,0.005961,0.077759,0.577682,0.280996,0.566269,1.839447,1.885282,0.936468,0.941993,0.426992,0.0
2710,2081280,0.00023758064516129032,509.3,0.41,1.384217,89.96,26547,-0.010273,0.030084,2.806047,0.004568,0.052765,0.307528,0.278211,0.177631,1.775276,1.854813,0.941262,0.950459,0.324186,0.0
2720,2088960,0.00023735023041474652,509.3,0.56,1.575385,82.06,26640,-0.010307,0.018858,2.781821,0.00533,0.064087,0.470446,0.196455,0.569468,1.778812,1.822771,0.919598,0.951728,0.460004,0.0
2730,2096640,0.00023711981566820276,509.3,0.52,1.539828,85.2,26732,-0.012107,0.036206,2.829796,0.006022,0.075317,0.437738,0.304918,0.263597,1.763715,1.862835,0.971063,0.963724,0.378885,0.0
2740,2104320,0.00023688940092165896,509.3,0.44,1.406173,76.72,26826,-0.011662,0.020434,2.858877,0.0054,0.064056,0.55676,0.429371,0.411662,1.936876,1.876833,0.985775,0.969789,0.489445,0.0
2750,2112000,0.00023665898617511517,509.3,0.49,1.504331,82.81,26920,-0.011103,0.008603,2.877315,0.005813,0.072357,0.576602,0.165607,0.764658,1.886624,1.902174,0.941438,0.970005,0.394685,0.0
2760,2119680,0.0002364285714285714,509.3,0.44,1.403697,91.57,27004,-0.012262,0.02279,2.856119,0.00561,0.066711,0.708306,0.368727,0.542706,1.823671,1.88411,0.947029,0.961851,0.495645,0.0
2770,2127360,0.0002361981566820276,509.3,0.59,1.637467,91.98,27092,-0.012204,0.021441,2.843938,0.005901,0.073303,0.676934,0.370087,0.552634,1.861002,1.882023,0.952377,0.956944,0.489612,0.0
2780,2135040,0.00023596774193548387,509.3,0.62,1.64297,82.87,27186,-0.011179,0.038787,2.861716,0.005525,0.067902,0.407198,0.502034,-0.136219,1.875543,1.906106,0.92604,0.953514,0.471286,0.0
2790,2142720,0.00023573732718894008,509.3,0.46,1.445564,79.22,27282,-0.011817,0.020649,2.835414,0.005301,0.063965,0.63051,0.319175,0.57354,1.902112,1.895931,0.95341,0.932348,0.4178,0.0
2800,2150400,0.0002355069124423963,509.3,0.48,1.481035,88.87,27365,-0.011384,0.01848,2.824921,0.005262,0.062836,0.517039,0.234808,0.562671,1.786259,1.86595,0.920107,0.948441,0.408624,0.0
2810,2158080,0.00023527649769585252,509.2,0.47,1.462719,73.96,27466,-0.012313,0.014718,2.844256,0.006008,0.076111,0.625037,0.475829,0.509745,1.876324,1.878646,0.997596,0.963427,0.612201,0.0
2820,2165760,0.00023504608294930873,509.2,0.48,1.473052,95.35,27552,-0.012301,0.031425,2.843583,0.005189,0.063019,0.424069,0.196631,0.388949,1.820502,1.875733,0.963094,0.963772,0.412999,0.0
2830,2173440,0.00023481566820276496,509.2,0.52,1.502749,79.25,27647,-0.01306,0.016795,2.85707,0.006698,0.08902,0.463334,0.393058,0.340612,1.822082,1.88528,0.94716,0.962085,0.374477,0.0
2840,2181120,0.00023458525345622117,509.3,0.54,1.56065,79.38,27745,-0.011121,0.01793,2.859336,0.005254,0.065033,0.569211,0.220998,0.641006,1.779936,1.882093,0.981249,0.975299,0.559573,0.0
2850,2188800,0.0002343548387096774,509.3,0.5,1.507449,71.88,27850,-0.012647,0.022323,2.817106,0.006315,0.084808,0.512567,0.462702,0.415754,1.720582,1.851057,0.991491,0.961532,0.590052,0.0
2860,2196480,0.0002341244239631336,509.3,0.48,1.51723,76.35,27951,-0.012585,0.025436,2.847974,0.004217,0.042633,0.588454,0.297038,0.516575,1.758789,1.863033,1.003217,0.980581,0.479718,0.0
2870,2204160,0.00023389400921658985,509.3,0.53,1.558492,77.96,28050,-0.011159,0.027963,2.841234,0.005498,0.06955,0.417003,0.386159,0.308041,1.735419,1.862182,0.98538,0.987126,0.465748,0.0
2880,2211840,0.00023366359447004605,509.3,0.7,1.78204,76.78,28150,-0.0122,0.015406,2.849567,0.005329,0.0672,0.653497,0.265513,0.611069,1.767665,1.859999,1.02218,0.99168,0.318345,0.0
2890,2219520,0.0002334331797235023,509.3,0.58,1.611869,81.59,28244,-0.012484,0.009999,2.844802,0.004892,0.058655,0.717908,0.402705,0.665868,1.834167,1.872918,0.970479,0.972051,0.319858,0.0
2900,2227200,0.0002332027649769585,509.3,0.68,1.719647,83.38,28330,-0.011638,0.017987,2.834137,0.006101,0.082916,0.788644,0.368313,0.675465,1.76729,1.834266,0.989225,0.996584,0.307994,0.0
2910,2234880,0.00023297235023041473,509.2,0.67,1.727978,74.2,28435,-0.011694,0.044294,2.827881,0.005657,0.069214,0.448556,0.359612,0.180832,1.82044,1.850797,1.001248,0.978285,0.30659,0.0
2920,2242560,0.00023274193548387096,509.3,0.54,1.543757,87.2,28522,-0.012224,0.025965,2.84476,0.005494,0.066986,0.585829,0.369842,0.382344,1.768916,1.865456,0.966037,0.981929,0.42938,0.0
2930,2250240,0.00023251152073732714,509.3,0.5,1.473162,87.12,28610,-0.010709,0.012711,2.853519,0.004725,0.053925,0.765584,0.483878,0.617788,1.753437,1.860454,1.010467,0.993815,0.407816,0.0
2940,2257920,0.0002322811059907834,509.3,0.64,1.680782,85.92,28700,-0.011485,0.01754,2.853953,0.005895,0.075043,0.58838,0.301426,0.581368,1.750955,1.863059,0.975645,0.991043,0.339188,0.0
2950,2265600,0.0002320506912442396,509.3,0.59,1.6199,79.4,28793,-0.012146,0.013375,2.881543,0.005318,0.067047,0.641554,0.38819,0.556255,1.799625,1.886243,1.001196,0.997539,0.347542,0.0
2960,2273280,0.00023182027649769585,509.3,0.54,1.595568,87.46,28881,-0.01163,0.011311,2.86732,0.005728,0.075928,0.613719,0.463485,0.647959,1.70712,1.874641,0.9811,0.989123,0.336337,0.0
2970,2280960,0.00023158986175115205,509.3,0.49,1.491564,88.11,28968,-0.011958,0.041,2.87189,0.005394,0.067566,0.561285,0.362271,0.431697,1.85629,1.904414,0.989199,0.973263,0.433014,0.0
2980,2288640,0.00023135944700460826,509.3,0.56,1.616105,82.76,29060,-0.013277,0.020617,2.884044,0.005916,0.079346,0.489455,0.23314,0.461716,1.753742,1.898252,0.994058,0.984,0.353666,0.0
2990,2296320,0.0002311290322580645,509.3,0.52,1.501689,84.58,29150,-0.013099,0.021438,2.916931,0.00604,0.082153,0.628371,0.38142,0.443144,1.807698,1.928218,0.985869,0.988853,0.378785,0.0
3000,2304000,0.0002308986175115207,509.3,0.39,1.322553,99.06,29230,-0.01194,0.017143,2.917915,0.005741,0.073975,0.517731,0.281216,0.466731,1.870047,1.923516,0.976437,0.989302,0.255476,0.0
3010,2311680,0.00023066820276497696,509.3,0.46,1.43663,95.91,29310,-0.01227,0.010109,2.858986,0.004158,0.045624,0.59241,0.342834,0.724111,1.730783,1.888103,0.940779,0.970466,0.253538,0.0
3020,2319360,0.00023043778801843317,509.3,0.52,1.534023,84.24,29404,-0.012297,0.026733,2.826456,0.004373,0.050415,0.512166,0.342607,0.355972,1.767363,1.876899,0.908431,0.949529,0.33346,0.0
3030,2327040,0.00023020737327188938,509.3,0.48,1.507235,81.96,29494,-0.012827,0.019943,2.779481,0.006301,0.080078,0.527219,0.303984,0.602361,1.624159,1.803237,0.946274,0.977488,0.194914,0.0
3040,2334720,0.0002299769585253456,509.3,0.6,1.625536,86.72,29584,-0.011646,0.036246,2.8252,0.004782,0.057739,0.500364,0.308197,0.312583,1.779688,1.841218,0.951018,0.982123,0.300303,0.0
3050,2342400,0.00022974654377880182,509.4,0.55,1.5726,83.24,29675,-0.012013,0.01864,2.831882,0.005228,0.067627,0.614242,0.544457,0.387957,1.7784,1.862896,0.940697,0.969684,0.243695,0.0
3060,2350080,0.00022951612903225803,509.4,0.45,1.457276,87.07,29761,-0.012115,0.01533,2.849971,0.005281,0.061432,0.660733,0.408101,0.520581,1.844397,1.878555,0.962496,0.972708,0.402289,0.0
3070,2357760,0.00022928571428571426,509.5,0.51,1.516146,88.94,29846,-0.012126,0.012539,2.843269,0.004739,0.056274,0.640794,0.480676,0.425722,1.735558,1.872741,0.96473,0.961822,0.339961,0.0
3080,2365440,0.0002290552995391705,509.5,0.57,1.579427,104.19,29920,-0.010971,0.03063,2.867935,0.004857,0.053253,0.484323,0.464265,0.077481,1.826089,1.893669,0.994305,0.972654,0.381053,0.0
3090,2373120,0.00022882488479262673,509.5,0.48,1.460504,99.42,29997,-0.012292,0.005167,2.822381,0.005694,0.07486,0.740404,0.647602,0.694418,1.740773,1.867169,0.946485,0.947045,0.236013,0.0
3100,2380800,0.00022859447004608294,509.6,0.55,1.580265,104.69,30066,-0.010326,0.012674,2.840785,0.005698,0.070526,0.707164,0.693889,0.118293,1.747495,1.867186,0.991759,0.971009,0.265147,0.0
3110,2388480,0.00022836405529953914,509.6,0.51,1.502274,102.62,30146,-0.010534,0.026648,2.837523,0.004616,0.05603,0.436229,0.378054,0.209479,1.74566,1.883606,0.96428,0.953195,0.19901,0.0
3120,2396160,0.00022813364055299538,509.6,0.43,1.399751,92.38,30229,-0.012137,0.011223,2.83573,0.005605,0.063263,0.66011,0.397338,0.610267,1.761446,1.871974,0.979043,0.962972,0.252118,0.0
3130,2403840,0.00022790322580645158,509.6,0.45,1.410439,97.5,30312,-0.010931,0.01624,2.760717,0.005472,0.071442,0.698609,0.411612,0.59771,1.755288,1.81129,0.947403,0.939225,0.388718,0.0
3140,2411520,0.0002276728110599078,509.7,0.3,1.265856,111.04,30372,-0.01207,0.008831,2.7805,0.005443,0.065674,0.817807,0.659791,0.598432,1.762438,1.838165,0.9885,0.951684,0.319586,0.0
3150,2419200,0.00022744239631336405,509.7,0.38,1.332369,115.15,30442,-0.012499,0.018369,2.866124,0.00475,0.054779,0.639697,0.562617,0.342015,1.840782,1.895149,0.97063,0.967041,0.359169,0.0
3160,2426880,0.00022721198156682026,509.8,0.44,1.377463,101.86,30515,-0.012643,0.019673,2.865039,0.005219,0.062134,0.587937,0.411437,0.480539,1.828838,1.894706,0.976596,0.968076,0.293403,0.0
3170,2434560,0.0002269815668202765,509.8,0.51,1.516968,103.61,30590,-0.010443,0.01521,2.830513,0.005123,0.059204,0.575586,0.387917,0.50378,1.761393,1.859441,0.98187,0.970876,0.393802,0.0
3180,2442240,0.0002267511520737327,509.8,0.46,1.462555,91.15,30674,-0.014359,0.022167,2.878688,0.006901,0.097107,0.534748,0.314334,0.401752,1.774701,1.888181,0.97375,0.99067,0.514436,0.0
3190,2449920,0.0002265207373271889,509.9,0.39,1.36672,85.55,30766,-0.013078,0.024004,2.874245,0.006179,0.085236,0.531897,0.28299,0.372131,1.683712,1.877601,0.962616,0.988483,0.551484,0.0
3200,2457600,0.00022629032258064514,509.9,0.47,1.448543,88.94,30852,-0.013459,0.025732,2.876008,0.006408,0.083618,0.545432,0.155595,0.595114,1.841366,1.909568,0.960251,0.967454,0.559648,0.0
3210,2465280,0.00022605990783410135,509.9,0.45,1.463956,82.43,30944,-0.014353,0.019177,2.847478,0.00575,0.077332,0.625579,0.117367,0.685483,1.815444,1.879411,0.973289,0.963657,0.402321,0.0
3220,2472960,0.0002258294930875576,509.9,0.38,1.372722,77.67,31042,-0.01382,0.018569,2.805437,0.005863,0.076141,0.738801,0.23331,0.740018,1.774389,1.867446,0.909794,0.931374,0.585531,0.0
3230,2480640,0.00022559907834101382,509.9,0.54,1.519442,78.55,31141,-0.012907,0.030643,2.778341,0.005022,0.060059,0.632243,0.306224,0.5368,1.702155,1.854495,0.896431,0.922035,0.605175,0.0
3240,2488320,0.00022536866359447002,510.0,0.53,1.529965,75.0,31241,-0.012381,0.029236,2.769012,0.005333,0.065918,0.443007,0.328372,0.437027,1.77819,1.850168,0.926832,0.913207,0.516268,0.0
3250,2496000,0.00022513824884792626,510.0,0.52,1.521358,74.45,31344,-0.012922,0.033553,2.822937,0.005819,0.072388,0.464668,0.350093,0.301524,1.760795,1.869174,0.989021,0.949262,0.322247,0.0
3260,2503680,0.00022490783410138247,510.0,0.46,1.442847,69.85,31454,-0.012661,0.020839,2.84795,0.005678,0.072083,0.575448,0.179845,0.670052,1.822625,1.902154,0.985619,0.946191,0.366578,0.0
3270,2511360,0.00022467741935483867,510.1,0.5,1.471459,81.49,31548,-0.013204,0.028393,2.828358,0.006013,0.080811,0.499529,0.371579,0.289825,1.867329,1.881612,0.988419,0.94187,0.436758,0.0
3280,2519040,0.0002244470046082949,510.1,0.53,1.546857,85.29,31637,-0.01215,0.026064,2.88151,0.006321,0.084015,0.444914,0.387882,0.290441,1.831963,1.917677,1.000604,0.962208,0.508425,0.0
3290,2526720,0.00022421658986175114,510.1,0.43,1.394692,82.22,31730,-0.012403,0.017756,2.87802,0.004773,0.053894,0.578583,0.319768,0.567307,1.834013,1.901953,0.981373,0.963852,0.604339,0.0
3300,2534400,0.00022398617511520732,510.2,0.43,1.447027,88.16,31823,-0.012755,0.01525,2.859366,0.00447,0.05011,0.692943,0.274255,0.667233,1.822732,1.894143,1.005793,0.957876,0.582569,0.0
3310,2542080,0.00022375576036866358,510.2,0.42,1.383496,72.18,31927,-0.011246,0.02015,2.861596,0.004045,0.039185,0.529153,0.156193,0.59175,1.80351,1.889669,0.983765,0.964323,0.415818,0.0
3320,2549760,0.0002235253456221198,510.2,0.41,1.382058,83.27,32018,-0.012305,0.023958,2.854194,0.004964,0.056274,0.620947,0.40299,0.386023,1.913184,1.901487,0.928485,0.948952,0.393288,0.0
3330,2557440,0.00022329493087557602,510.2,0.46,1.482053,82.38,32109,-0.012198,0.01116,2.84207,0.00538,0.064026,0.69992,0.499142,0.539087,1.850355,1.884024,0.954075,0.951492,0.507067,0.0
3340,2565120,0.00022306451612903223,510.2,0.44,1.437548,74.08,32214,-0.014067,0.024916,2.7977,0.005659,0.073364,0.723306,0.505939,0.446448,1.667289,1.878326,0.933119,0.915077,0.273882,0.0
3350,2572800,0.00022283410138248844,510.3,0.46,1.473177,70.64,32321,-0.012977,0.020339,2.809409,0.005563,0.066254,0.697791,0.596345,0.277386,1.840008,1.855731,0.991228,0.94828,0.449427,0.0
3360,2580480,0.0002226036866359447,510.3,0.56,1.596595,73.51,32424,-0.012739,0.031744,2.814779,0.006468,0.08432,0.567833,0.482287,0.204659,1.741032,1.854099,0.963242,0.955246,0.446513,0.0
3370,2588160,0.00022237327188940088,510.3,0.48,1.466251,72.51,32529,-0.012901,0.014006,2.764818,0.004431,0.050446,0.806136,0.25257,0.79368,1.750483,1.816368,0.96122,0.947664,0.61225,0.0
3380,2595840,0.00022214285714285714,510.4,0.49,1.513845,78.41,32628,-0.012376,0.013469,2.846748,0.005203,0.058533,0.779294,0.261995,0.785572,1.77224,1.868623,0.978816,0.973799,0.330223,0.0
3390,2603520,0.00022191244239631335,510.4,0.45,1.4319,81.2,32722,-0.012813,0.020767,2.777488,0.005068,0.062134,0.592595,0.268732,0.520291,1.772555,1.817649,0.956625,0.944684,0.360746,0.0
3400,2611200,0.00022168202764976956,510.4,0.55,1.543788,73.13,32826,-0.011803,0.021391,2.693913,0.004665,0.052856,0.330245,0.182793,0.467259,1.718205,1.793944,0.962864,0.895953,0.450062,0.0
3410,2618880,0.0002214516129032258,510.4,0.45,1.450777,76.93,32929,-0.013611,0.016529,2.744254,0.00604,0.073181,0.546217,0.174492,0.737134,1.730554,1.80599,0.958311,0.936174,0.480689,0.0
3420,2626560,0.000221221198156682,510.4,0.59,1.619112,85.0,33019,-0.012846,0.016349,2.707251,0.005689,0.074158,0.55174,0.298499,0.595853,1.687051,1.773624,0.979397,0.929498,0.400092,0.0
3430,2634240,0.00022099078341013826,510.4,0.63,1.670079,85.4,33107,-0.013053,0.022936,2.736804,0.005258,0.064026,0.433217,0.271294,0.39735,1.691657,1.783118,0.971829,0.959156,0.388777,0.0
3440,2641920,0.00022076036866359444,510.5,0.57,1.601939,82.16,33200,-0.012079,0.013468,2.725389,0.006392,0.084747,0.688782,0.413622,0.570581,1.700196,1.774537,0.981279,0.953346,0.457505,0.0
3450,2649600,0.00022052995391705067,510.5,0.6,1.676324,77.45,33299,-0.013308,0.02839,2.682738,0.005494,0.068176,0.509583,0.473449,0.161974,1.735794,1.761342,0.967932,0.923548,0.485577,0.0
3460,2657280,0.0002202995391705069,510.5,0.41,1.322155,64.8,33414,-0.011543,0.026485,2.751198,0.005319,0.061737,0.387077,0.269112,0.26703,1.704101,1.780713,0.984272,0.965228,0.491511,0.0
3470,2664960,0.0002200691244239631,510.6,0.46,1.450158,80.56,33508,-0.012372,0.019731,2.794472,0.006376,0.084259,0.563275,0.469065,0.335004,1.71342,1.820054,0.998816,0.977913,0.417446,0.0
3480,2672640,0.00021983870967741932,510.6,0.33,1.305782,98.13,33583,-0.011242,0.016529,2.766831,0.005109,0.060303,0.625648,0.497618,0.418193,1.741612,1.806205,0.98356,0.960476,0.44372,0.0
3490,2680320,0.00021960829493087555,510.6,0.28,1.175081,87.06,33672,-0.012174,0.012368,2.772126,0.004561,0.050995,0.725881,0.376844,0.604154,1.739846,1.819327,0.991252,0.947273,0.727395,0.0
3500,2688000,0.0002193778801843318,510.7,0.26,1.207472,87.65,33762,-0.011272,0.024729,2.735738,0.004875,0.059753,0.547348,0.385613,0.391846,1.709976,1.7912,0.952421,0.941161,0.678709,0.0
3510,2695680,0.000219147465437788,510.6,0.41,1.408211,73.02,33867,-0.013058,0.019564,2.683252,0.005654,0.07132,0.700204,0.5825,0.302461,1.676058,1.772215,0.914057,0.903802,0.657127,0.0
3520,2703360,0.00021891705069124423,510.7,0.43,1.46235,80.33,33960,-0.012069,0.017697,2.734275,0.005151,0.064148,0.474807,0.383575,0.369181,1.75896,1.814936,0.954603,0.907941,0.714358,0.0
3530,2711040,0.0002186866359447004,510.7,0.51,1.515713,71.32,34071,-0.012584,0.019108,2.695584,0.005619,0.071411,0.367953,0.129138,0.6131,1.763958,1.80354,0.908028,0.894656,0.523552,0.0
3540,2718720,0.00021845622119815667,510.8,0.34,1.302435,68.88,34184,-0.012164,0.030364,2.734671,0.005577,0.064209,0.434631,0.35252,0.373251,1.804277,1.839781,0.885612,0.888535,0.371466,0.0
3550,2726400,0.00021822580645161288,510.8,0.36,1.349534,70.26,34293,-0.012031,0.019617,2.763711,0.004473,0.049438,0.708218,0.550593,0.399793,1.79015,1.8612,0.845626,0.90103,0.2843,0.0
3560,2734080,0.0002179953917050691,510.8,0.53,1.580441,84.81,34382,-0.012035,0.021672,2.743054,0.005345,0.064331,0.558284,0.415631,0.489693,1.80624,1.836066,0.969548,0.909379,0.447333,0.0
3570,2741760,0.00021776497695852535,510.8,0.47,1.453662,76.76,34483,-0.012831,0.026258,2.755084,0.005432,0.065277,0.666318,0.57096,0.232949,1.834837,1.833582,0.943515,0.915555,0.468426,0.0
3580,2749440,0.00021753456221198153,510.9,0.43,1.383287,85.94,34569,-0.012867,0.01979,2.806792,0.00565,0.072021,0.740909,0.655195,0.248611,1.821473,1.865806,0.959515,0.940616,0.621529,0.0
3590,2757120,0.0002173041474654378,510.9,0.44,1.417799,80.46,34668,-0.013106,0.024366,2.803124,0.005897,0.074951,0.605203,0.343819,0.478151,1.797929,1.867874,0.990513,0.930826,0.550161,0.0
3600,2764800,0.00021707373271889397,510.9,0.55,1.578724,70.55,34774,-0.01404,0.007462,2.825004,0.005881,0.076843,0.784155,0.398658,0.788964,1.762747,1.868838,0.96566,0.952202,0.433194,0.0
3610,2772480,0.00021684331797235023,510.9,0.56,1.57837,80.82,34868,-0.013101,0.01671,2.779615,0.005636,0.070862,0.62354,0.356448,0.500817,1.751968,1.823126,0.984973,0.950732,0.524669,0.0
3620,2780160,0.00021661290322580644,510.9,0.61,1.625085,82.9,34965,-0.011937,0.040363,2.782254,0.00465,0.05246,0.399487,0.412272,0.009854,1.798582,1.833192,0.97035,0.937495,0.397923,0.0
3630,2787840,0.00021638248847926264,511.0,0.65,1.72884,86.9,35050,-0.012114,0.018282,2.770252,0.00503,0.062439,0.689385,0.665729,0.13416,1.733894,1.827878,0.946527,0.941695,0.483162,0.0
3640,2795520,0.00021615207373271888,511.0,0.64,1.715053,80.86,35147,-0.011675,0.016798,2.794561,0.005442,0.066681,0.5256,0.398612,0.420639,1.767311,1.845776,0.924743,0.940348,0.42966,0.0
3650,2803200,0.00021592165898617508,511.0,0.6,1.622144,72.63,35251,-0.013157,0.025976,2.77045,0.004472,0.049377,0.604458,0.490429,0.244525,1.806133,1.84947,0.944626,0.921988,0.338612,0.0
3660,2810880,0.00021569124423963135,511.0,0.53,1.534367,72.12,35357,-0.013372,0.027068,2.764663,0.005391,0.069183,0.484381,0.448816,0.187797,1.781566,1.825809,0.919641,0.933944,0.495191,0.0
3670,2818560,0.00021546082949308753,511.1,0.52,1.501967,68.87,35468,-0.01176,0.033474,2.776483,0.005055,0.062225,0.574578,0.400987,0.338294,1.744044,1.847942,0.961594,0.925978,0.435928,0.0
3680,2826240,0.00021523041474654376,511.1,0.52,1.552476,77.58,35564,-0.01466,0.024655,2.792679,0.006034,0.077087,0.611782,0.513308,0.295022,1.791986,1.851774,0.97509,0.937888,0.524458,0.0
3690,2833920,0.000215,511.1,0.51,1.53032,76.77,35662,-0.013252,0.023444,2.773504,0.006317,0.083252,0.672435,0.48343,0.380101,1.701168,1.848727,0.95149,0.917553,0.445275,0.0
3700,2841600,0.0002147695852534562,511.2,0.48,1.479302,87.32,35753,-0.011655,0.025404,2.818067,0.004925,0.053711,0.728486,0.457487,0.502279,1.729014,1.861933,0.910064,0.947284,0.502601,0.0
3710,2849280,0.0002145391705069124,511.2,0.49,1.476633,86.06,35840,-0.013109,0.011852,2.774975,0.004811,0.057709,0.776078,0.433407,0.627877,1.721291,1.827683,0.940789,0.944611,0.489719,0.0
3720,2856960,0.00021430875576036864,511.2,0.42,1.419284,95.14,35922,-0.012132,0.02165,2.765075,0.004746,0.055023,0.399685,0.300373,0.432296,1.642448,1.827091,0.950162,0.932828,0.493749,0.0
3730,2864640,0.00021407834101382488,511.2,0.51,1.521051,91.47,36008,-0.01279,0.019769,2.784796,0.004649,0.05426,0.653355,0.318001,0.615383,1.732264,1.841489,0.900648,0.94247,0.415334,0.0
3740,2872320,0.00021384792626728106,511.2,0.52,1.526948,89.39,36091,-0.011947,0.02527,2.777837,0.005289,0.064026,0.501562,0.580786,-0.148861,1.677492,1.85406,0.938267,0.924446,0.459281,0.0
3750,2880000,0.00021361751152073732,511.3,0.41,1.357575,98.52,36169,-0.012138,0.016778,2.764529,0.005403,0.068542,0.703455,0.333249,0.606407,1.71458,1.829772,0.982199,0.933772,0.448269,0.0
3760,2887680,0.00021338709677419353,511.3,0.5,1.516658,87.33,36259,-0.012411,0.023671,2.793182,0.005322,0.064026,0.637291,0.407408,0.468903,1.813027,1.853674,0.939613,0.934403,0.36357,0.0
3770,2895360,0.00021315668202764976,511.3,0.56,1.592386,94.78,36340,-0.012159,0.0218,2.756231,0.005517,0.069611,0.66972,0.288785,0.634026,1.741636,1.828939,0.948377,0.922583,0.418304,0.0
3780,2903040,0.00021292626728110597,511.4,0.54,1.550285,97.02,36417,-0.011011,0.013029,2.726044,0.004641,0.053345,0.763701,0.562924,0.59571,1.676985,1.79888,0.931241,0.922496,0.352607,0.0
3790,2910720,0.00021269585253456217,511.4,0.45,1.468163,107.85,36489,-0.012454,0.019353,2.778646,0.006022,0.078461,0.705805,0.711235,0.039429,1.774761,1.848914,0.917451,0.92657,0.538486,0.0
3800,2918400,0.00021246543778801844,511.4,0.42,1.408862,93.11,36577,-0.011964,0.015897,2.74176,0.004313,0.044128,0.759383,0.381573,0.622474,1.77948,1.805192,0.931237,0.92864,0.427258,0.0
3810,2926080,0.00021223502304147462,511.4,0.45,1.410925,85.87,36666,-0.012868,0.017084,2.749144,0.005877,0.074005,0.552705,0.367082,0.446131,1.712735,1.822348,0.920766,0.933416,0.398027,0.0
3820,2933760,0.00021200460829493088,511.3,0.47,1.434917,86.05,36758,-0.012772,0.018484,2.785354,0.005114,0.058533,0.729642,0.441917,0.580893,1.755322,1.854041,0.952447,0.920753,0.512122,0.0
3830,2941440,0.00021177419354838708,511.3,0.54,1.573616,85.62,36848,-0.011683,0.028216,2.764893,0.004921,0.060547,0.447322,0.480773,0.0576,1.634091,1.829854,0.910319,0.935783,0.346541,0.0
3840,2949120,0.0002115437788018433,511.3,0.53,1.530389,90.44,36932,-0.012005,0.023045,2.736746,0.005131,0.05838,0.59448,0.483816,0.241182,1.61089,1.805591,0.936488,0.931235,0.481858,0.0
3850,2956800,0.00021131336405529953,511.3,0.59,1.640299,92.38,37017,-0.012599,0.027781,2.770602,0.004993,0.062408,0.571766,0.358104,0.395213,1.733586,1.827811,0.965615,0.943067,0.429328,0.0
3860,2964480,0.00021108294930875573,511.3,0.51,1.529548,95.13,37096,-0.011237,0.021506,2.805028,0.005334,0.064362,0.615411,0.291778,0.633276,1.732513,1.844173,0.928778,0.954119,0.575925,0.0
3870,2972160,0.000210852534562212,511.3,0.45,1.383182,87.66,37185,-0.013891,0.011413,2.82162,0.005463,0.067719,0.807723,0.400735,0.704152,1.729547,1.859254,0.939843,0.957017,0.599571,0.0
3880,2979840,0.00021062211981566817,511.4,0.39,1.345181,95.81,37259,-0.012106,0.019994,2.786897,0.004989,0.060028,0.71416,0.502976,0.445762,1.723205,1.829245,0.97375,0.95093,0.465063,0.0
3890,2987520,0.0002103917050691244,511.4,0.46,1.42005,93.58,37341,-0.012486,0.025643,2.763259,0.005168,0.062744,0.339104,0.138895,0.623636,1.709048,1.798777,0.953665,0.959402,0.432978,0.0
3900,2995200,0.00021016129032258064,511.4,0.51,1.537575,95.95,37415,-0.012293,0.012022,2.785254,0.005018,0.061981,0.550446,0.322886,0.759369,1.717783,1.821721,0.966889,0.961569,0.470213,0.0
3910,3002880,0.00020993087557603685,511.3,0.42,1.362074,87.33,37504,-0.012894,0.015221,2.795436,0.005372,0.064178,0.65985,0.367958,0.608203,1.708398,1.842142,0.965814,0.94704,0.350897,0.0
3920,3010560,0.00020970046082949306,511.3,0.42,1.394162,91.02,37588,-0.013381,0.016481,2.805188,0.005483,0.069611,0.621214,0.400687,0.563722,1.766994,1.845729,0.981059,0.961451,0.357696,0.0
3930,3018240,0.0002094700460829493,511.3,0.55,1.584865,83.91,37676,-0.012742,0.024292,2.745766,0.005334,0.063965,0.504763,0.554803,0.003343,1.688909,1.78127,0.966462,0.96666,0.458856,0.0
3940,3025920,0.00020923963133640552,511.3,0.49,1.492019,81.72,37771,-0.011582,0.018067,2.812667,0.004421,0.049103,0.799013,0.606129,0.489806,1.719907,1.843264,0.930816,0.971302,0.520791,0.0
3950,3033600,0.0002090092165898617,511.3,0.44,1.420458,87.33,37858,-0.012162,0.019855,2.80127,0.005402,0.068604,0.563942,0.384406,0.453155,1.761626,1.824618,0.968401,0.974116,0.446122,0.0
3960,3041280,0.00020877880184331797,511.3,0.4,1.38829,85.12,37943,-0.011301,0.009966,2.827814,0.004472,0.053162,0.831028,0.708656,0.426909,1.761324,1.864962,0.92177,0.962654,0.381439,0.0
3970,3048960,0.00020854838709677417,511.3,0.4,1.332744,94.54,38029,-0.013601,0.009378,2.843012,0.005698,0.073303,0.718156,0.374008,0.728964,1.832522,1.864983,0.915634,0.976752,0.27347,0.0
3980,3056640,0.0002083179723502304,511.3,0.42,1.406893,91.6,38110,-0.012281,0.019974,2.785923,0.00442,0.046539,0.657542,0.40926,0.560435,1.796421,1.815265,0.982257,0.970747,0.445137,0.0
3990,3064320,0.00020808755760368661,511.3,0.5,1.511289,97.7,38192,-0.013332,0.018872,2.762638,0.005727,0.072906,0.570512,0.326523,0.486295,1.747792,1.80819,0.930769,0.95719,0.262977,0.0
4000,3072000,0.00020785714285714282,511.3,0.46,1.424927,95.65,38269,-0.013371,0.008967,2.818713,0.004876,0.054596,0.671237,0.436183,0.598583,1.842723,1.852435,0.900016,0.956161,0.456593,0.0
4010,3079680,0.00020762672811059908,511.2,0.47,1.451948,90.1,38360,-0.013951,0.010535,2.82665,0.006001,0.075165,0.501953,0.299614,0.584008,1.755876,1.863498,0.932596,0.961234,0.463082,0.0
4020,3087360,0.00020739631336405526,511.2,0.47,1.446496,89.36,38447,-0.014014,0.02875,2.801122,0.00603,0.078339,0.664188,0.485867,0.394818,1.828834,1.839946,0.91155,0.95938,0.335327,0.0
4030,3095040,0.00020716589861751152,511.2,0.49,1.46758,77.47,38545,-0.012905,0.019084,2.802187,0.00558,0.072113,0.727958,0.523241,0.436948,1.786032,1.835986,0.904455,0.96412,0.419089,0.0
4040,3102720,0.0002069354838709677,511.2,0.58,1.609944,89.44,38633,-0.013072,0.023179,2.782796,0.005809,0.076904,0.553638,0.231951,0.523598,1.720773,1.806986,0.911289,0.972932,0.527519,0.0
4050,3110400,0.00020670506912442394,511.2,0.56,1.573124,79.4,38729,-0.013528,0.022075,2.779893,0.004743,0.057709,0.701475,0.468227,0.446075,1.769065,1.820303,0.868986,0.954407,0.380492,0.0
4060,3118080,0.00020647465437788017,511.2,0.55,1.546933,78.75,38828,-0.012616,0.024332,2.763888,0.005239,0.067291,0.612442,0.203736,0.58003,1.812949,1.80994,0.851277,0.948445,0.402954,0.0
4070,3125760,0.00020624423963133638,511.2,0.61,1.627739,84.77,38915,-0.012464,0.020103,2.810253,0.004541,0.05072,0.556048,0.290754,0.587415,1.81437,1.859293,0.908109,0.947354,0.384875,0.0
4080,3133440,0.00020601382488479264,511.2,0.58,1.621633,88.68,39002,-0.011574,0.032309,2.79111,0.004872,0.056152,0.60809,0.342963,0.41712,1.777935,1.835433,0.934462,0.953902,0.425079,0.0
4090,3141120,0.00020578341013824882,511.2,0.55,1.555656,78.85,39096,-0.013187,0.01949,2.803236,0.006202,0.087555,0.625199,0.491478,0.42475,1.762567,1.862525,0.917821,0.938144,0.395238,0.0
4100,3148800,0.00020555299539170506,511.2,0.65,1.67213,84.19,39187,-0.012588,0.012355,2.83299,0.005558,0.072449,0.68164,0.541326,0.449675,1.756344,1.893673,0.934485,0.937237,0.493206,0.0
4110,3156480,0.00020532258064516126,511.2,0.62,1.667847,89.44,39273,-0.011927,0.022964,2.849797,0.004594,0.053802,0.661334,0.36793,0.489735,1.810512,1.889464,0.94298,0.958086,0.463884,0.0
4120,3164160,0.0002050921658986175,511.2,0.49,1.486384,94.79,39351,-0.010756,0.017048,2.837849,0.004452,0.049438,0.840634,0.727546,0.424715,1.762285,1.891306,0.914225,0.94577,0.529853,0.0
4130,3171840,0.0002048617511520737,511.2,0.51,1.542019,88.32,39443,-0.012673,0.027513,2.855917,0.005151,0.06601,0.471344,0.354582,0.402998,1.764092,1.888991,0.960437,0.964942,0.49945,0.0
4140,3179520,0.00020463133640552994,511.2,0.49,1.483507,83.27,39533,-0.011687,0.016935,2.828203,0.004191,0.04538,0.69167,0.549448,0.455318,1.790458,1.84744,0.994067,0.972095,0.437316,0.0
4150,3187200,0.00020440092165898614,511.2,0.38,1.352534,78.33,39633,-0.012146,0.025162,2.836325,0.004603,0.05011,0.615879,0.45769,0.329331,1.735378,1.871405,0.977916,0.962989,0.48984,0.0
4160,3194880,0.00020417050691244238,511.2,0.52,1.551359,93.28,39717,-0.014206,0.023945,2.835459,0.006253,0.090088,0.416484,0.471864,0.116881,1.807744,1.870803,0.963041,0.960972,0.435694,0.0
4170,3202560,0.0002039400921658986,511.2,0.45,1.435818,80.86,39811,-0.012891,0.021351,2.799418,0.004966,0.056152,0.637927,0.604795,0.274282,1.720589,1.845889,0.909405,0.951856,0.429467,0.0
4180,3210240,0.0002037096774193548,511.2,0.6,1.649197,87.35,39900,-0.014764,0.019026,2.802209,0.005872,0.075684,0.342388,0.143033,0.589703,1.769477,1.851288,0.954076,0.952314,0.382617,0.0
4190,3217920,0.00020347926267281105,511.2,0.47,1.435509,75.83,40001,-0.013927,0.020584,2.811848,0.00627,0.0867,0.59669,0.51897,0.279769,1.71982,1.864164,0.95767,0.950534,0.462469,0.0
4200,3225600,0.00020324884792626726,511.2,0.57,1.615473,84.3,40091,-0.011959,0.014544,2.81288,0.005135,0.062744,0.783188,0.418477,0.645705,1.724071,1.868475,0.961303,0.938292,0.517777,0.0
4210,3233280,0.0002030184331797235,511.2,0.46,1.443091,69.85,40200,-0.011401,0.027013,2.783711,0.004657,0.052124,0.765746,0.614588,0.395426,1.718188,1.833607,0.906135,0.947115,0.442881,0.0
4220,3240960,0.0002027880184331797,511.2,0.52,1.575828,76.44,40300,-0.014492,0.034751,2.798921,0.006175,0.077362,0.463505,0.34015,0.280642,1.714123,1.828774,0.985926,0.96433,0.622175,0.0
4230,3248640,0.0002025576036866359,511.2,0.49,1.514845,81.01,40394,-0.013507,0.017972,2.805506,0.005081,0.061401,0.693742,0.285451,0.630455,1.799045,1.841508,0.956851,0.965288,0.490563,0.0
4240,3256320,0.00020232718894009217,511.2,0.57,1.621141,77.2,40493,-0.012665,0.026836,2.823668,0.005405,0.065735,0.482862,0.453519,0.158368,1.64164,1.853531,0.999222,0.969057,0.455665,0.0
4250,3264000,0.00020209677419354835,511.2,0.62,1.68212,87.1,40581,-0.012727,0.025263,2.838295,0.005799,0.074554,0.709412,0.687069,0.078768,1.758914,1.863386,0.961258,0.97129,0.386957,0.0
4260,3271680,0.0002018663594470046,511.2,0.62,1.692146,83.61,40674,-0.014148,0.016311,2.831865,0.006602,0.089081,0.579607,0.434244,0.415035,1.716149,1.857315,0.976666,0.971824,0.339288,0.0
4270,3279360,0.00020163594470046082,511.2,0.58,1.609995,81.79,40770,-0.012315,0.033645,2.822952,0.005354,0.067047,0.45806,0.458073,0.247649,1.705634,1.876372,0.932943,0.949836,0.33915,0.0
4280,3287040,0.00020140552995391703,511.2,0.58,1.628521,98.05,40847,-0.01141,0.034852,2.851663,0.00542,0.068268,0.570017,0.462475,0.208035,1.861789,1.886912,0.946183,0.966363,0.274722,0.0
4290,3294720,0.00020117511520737326,511.2,0.46,1.414705,96.65,40928,-0.012085,0.011782,2.820674,0.005641,0.073303,0.737935,0.566795,0.584556,1.813599,1.860407,0.906693,0.958755,0.359156,0.0
4300,3302400,0.00020094470046082947,511.2,0.51,1.524115,81.2,41024,-0.013958,0.02055,2.781433,0.005534,0.069946,0.488235,0.38028,0.435012,1.810394,1.85183,0.859769,0.923301,0.345821,0.0
4310,3310080,0.00020071428571428573,511.1,0.46,1.424748,82.27,41120,-0.013505,0.020909,2.722,0.004958,0.058319,0.615467,0.241205,0.631299,1.769561,1.799417,0.798182,0.915554,0.394708,0.0
4320,3317760,0.0002004838709677419,511.1,0.52,1.543262,71.52,41227,-0.011443,0.032892,2.744871,0.004673,0.052582,0.627565,0.40166,0.393662,1.807702,1.815796,0.877187,0.921659,0.382167,0.0
4330,3325440,0.00020025345622119814,511.1,0.48,1.51314,71.89,41336,-0.012143,0.029902,2.765494,0.005337,0.063171,0.451104,0.303672,0.280998,1.742317,1.843057,0.892545,0.923841,0.458924,0.0
4340,3333120,0.00020002304147465438,511.1,0.52,1.549502,70.59,41447,-0.012104,0.0272,2.776305,0.005196,0.060974,0.421342,0.152336,0.51468,1.808565,1.853851,0.923782,0.912824,0.570224,0.0
4350,3340800,0.00019979262672811059,511.1,0.41,1.418665,68.88,41557,-0.012551,0.023599,2.772148,0.004892,0.061768,0.499003,0.386323,0.44962,1.774948,1.837377,0.88315,0.927096,0.491888,0.0
4360,3348480,0.0001995622119815668,511.1,0.67,1.762707,76.67,41658,-0.013873,0.031954,2.759923,0.006402,0.085052,0.453203,0.451559,0.103886,1.784525,1.839336,0.901523,0.925101,0.486113,0.0
4370,3356160,0.00019933179723502303,511.1,0.39,1.360013,70.1,41768,-0.012836,0.023295,2.779579,0.005188,0.063812,0.702969,0.476482,0.483623,1.783075,1.832776,0.957798,0.94622,0.434058,0.0
4380,3363840,0.00019910138248847926,511.1,0.51,1.562146,70.25,41879,-0.012212,0.036129,2.785709,0.004696,0.056213,0.498434,0.230148,0.455937,1.74804,1.823802,0.971881,0.955244,0.524382,0.0
4390,3371520,0.00019887096774193544,511.1,0.44,1.434702,80.73,41974,-0.012601,0.024098,2.834934,0.005204,0.065704,0.559629,0.359285,0.421322,1.744373,1.862739,0.937755,0.96769,0.426401,0.0
4400,3379200,0.0001986405529953917,511.1,0.5,1.453763,74.18,42074,-0.011559,0.03006,2.825436,0.005387,0.068787,0.602274,0.496668,0.218562,1.807927,1.854242,0.939384,0.963087,0.497614,0.0
4410,3386880,0.0001984101382488479,511.0,0.49,1.466576,87.86,42155,-0.01303,0.038059,2.826757,0.005123,0.063873,0.525744,0.607407,-0.164705,1.768776,1.863252,0.966169,0.959779,0.425182,0.0
4420,3394560,0.00019817972350230414,511.1,0.47,1.465451,89.34,42238,-0.012534,0.025353,2.843925,0.005074,0.059204,0.569616,0.380379,0.359614,1.80972,1.893475,0.961256,0.949866,0.453736,0.0
4430,3402240,0.00019794930875576035,511.1,0.4,1.349489,88.03,42323,-0.013304,0.019905,2.833957,0.005187,0.064087,0.577615,0.344708,0.417522,1.7434,1.891275,0.898532,0.938773,0.408091,0.0
4440,3409920,0.00019771889400921656,511.1,0.36,1.315046,84.58,42415,-0.01277,0.011506,2.772665,0.004903,0.060516,0.783984,0.475683,0.628885,1.735571,1.826539,0.897107,0.941226,0.45319,0.0
4450,3417600,0.00019748847926267282,511.1,0.37,1.381827,83.12,42508,-0.013158,0.019629,2.799101,0.00613,0.079468,0.707664,0.576935,0.335498,1.753451,1.857772,0.842818,0.93374,0.618289,0.0
4460,3425280,0.000197258064516129,511.2,0.33,1.266371,83.72,42599,-0.010922,0.012975,2.774076,0.004231,0.047821,0.831201,0.295279,0.780324,1.708056,1.83497,0.884472,0.936975,0.442749,0.0
4470,3432960,0.00019702764976958526,511.2,0.39,1.312304,85.75,42689,-0.012114,0.015459,2.706217,0.004944,0.060944,0.537458,0.209318,0.589461,1.659471,1.76903,0.884894,0.936383,0.364554,0.0
4480,3440640,0.00019679723502304144,511.2,0.52,1.550431,80.52,42785,-0.01277,0.023456,2.718589,0.004642,0.053833,0.554163,0.21715,0.574102,1.693856,1.790136,0.873497,0.925964,0.307669,0.0
4490,3448320,0.00019656682027649767,511.2,0.59,1.677317,84.3,42877,-0.013056,0.030847,2.751577,0.005449,0.06778,0.474819,0.418764,0.353558,1.705274,1.815256,0.854349,0.932374,0.368852,0.0
4500,3456000,0.0001963364055299539,511.3,0.48,1.497814,79.38,42974,-0.011959,0.021577,2.749012,0.004927,0.055573,0.627204,0.347986,0.538506,1.775766,1.801221,0.894679,0.945304,0.351978,0.0
4510,3463680,0.00019610599078341012,511.2,0.53,1.558568,75.76,43075,-0.010795,0.022517,2.751265,0.004746,0.053345,0.544237,0.413034,0.334985,1.715802,1.821529,0.883676,0.934183,0.411744,0.0
4520,3471360,0.00019587557603686638,511.3,0.54,1.557799,73.02,43182,-0.012632,0.044852,2.77424,0.004738,0.054291,0.412556,0.379568,0.103317,1.795957,1.819915,0.939976,0.952553,0.482525,0.0
4530,3479040,0.00019564516129032256,511.3,0.49,1.502052,85.55,43264,-0.011558,0.018299,2.834025,0.004674,0.053589,0.583702,0.443114,0.458349,1.777899,1.868966,0.921656,0.963633,0.431783,0.0
4540,3486720,0.0001954147465437788,511.3,0.42,1.408442,86.79,43353,-0.012323,0.029437,2.826188,0.005015,0.06134,0.550919,0.58763,-0.044138,1.860584,1.86067,0.914546,0.96489,0.41875,0.0
4550,3494400,0.00019518433179723497,511.3,0.47,1.479678,79.93,43446,-0.012334,0.015894,2.852617,0.004365,0.050659,0.56087,0.341259,0.632318,1.791916,1.868833,0.946235,0.975662,0.514467,0.0
4560,3502080,0.00019495391705069123,511.4,0.54,1.554683,83.82,43537,-0.011726,0.025489,2.835504,0.005202,0.067841,0.726236,0.535802,0.415921,1.753309,1.881395,0.864347,0.951623,0.45116,0.0
4570,3509760,0.00019472350230414744,511.4,0.43,1.427415,81.9,43630,-0.011836,0.023182,2.829385,0.004673,0.052277,0.584489,0.395884,0.443631,1.769729,1.861543,0.93027,0.96624,0.457209,0.0
4580,3517440,0.00019449308755760367,511.4,0.53,1.548085,82.53,43725,-0.013182,0.027919,2.813446,0.005041,0.059814,0.741713,0.665771,0.229687,1.831091,1.852656,0.897834,0.955358,0.344461,0.0
4590,3525120,0.00019426267281105988,511.4,0.5,1.503857,74.47,43827,-0.012305,0.020673,2.797523,0.004771,0.05896,0.625316,0.464212,0.416642,1.770742,1.84174,0.896789,0.945651,0.332948,0.0
4600,3532800,0.0001940322580645161,511.4,0.44,1.41063,68.9,43941,-0.01306,0.023598,2.770646,0.005535,0.072205,0.310367,0.229851,0.465983,1.809505,1.829469,0.934303,0.939635,0.398573,0.0
4610,3540480,0.00019380184331797235,511.4,0.46,1.483499,77.76,44041,-0.013659,0.023802,2.775411,0.005384,0.065674,0.57883,0.357998,0.418692,1.755645,1.828174,0.897684,0.944391,0.535253,0.0
4620,3548160,0.00019357142857142853,511.4,0.45,1.464972,81.05,44134,-0.010511,0.017092,2.741577,0.004162,0.042236,0.657678,0.358652,0.579034,1.751647,1.802797,0.895387,0.929678,0.542951,0.0
4630,3555840,0.0001933410138248848,511.4,0.42,1.397694,66.24,44247,-0.012605,0.02574,2.768243,0.005075,0.062225,0.481972,0.250124,0.438095,1.754248,1.825911,0.907051,0.944324,0.434623,0.0
4640,3563520,0.000193110599078341,511.4,0.34,1.282591,85.0,44337,-0.0137,0.02098,2.761852,0.005928,0.077667,0.670541,0.380441,0.495286,1.718158,1.817454,0.921628,0.94535,0.337078,0.0
4650,3571200,0.0001928801843317972,511.5,0.37,1.312229,73.78,44440,-0.013262,0.018491,2.770344,0.004505,0.052551,0.440166,0.256307,0.643124,1.742753,1.818907,0.913905,0.949721,0.418737,0.0
4660,3578880,0.00019264976958525344,511.5,0.42,1.427388,83.53,44535,-0.01279,0.017418,2.719994,0.004849,0.056946,0.709266,0.394438,0.595661,1.691844,1.790398,0.956921,0.929095,0.353871,0.0
4670,3586560,0.00019241935483870965,511.5,0.41,1.383177,78.49,44631,-0.012609,0.027977,2.751571,0.005027,0.058685,0.521836,0.385638,0.36846,1.734914,1.809283,0.92179,0.936846,0.388674,0.0
4680,3594240,0.0001921889400921659,511.5,0.55,1.614448,81.44,44726,-0.012631,0.029145,2.7633,0.005031,0.059906,0.43053,0.34631,0.259566,1.730056,1.807358,0.960047,0.950959,0.3349,0.0
4690,3601920,0.0001919585253456221,511.5,0.55,1.604291,74.23,44830,-0.012021,0.026821,2.742846,0.004738,0.060577,0.509049,0.233012,0.53768,1.765819,1.792842,0.964124,0.95271,0.277511,0.0
4700,3609600,0.00019172811059907832,511.5,0.52,1.540584,75.58,44932,-0.012639,0.0259,2.814515,0.005798,0.077209,0.551087,0.51538,0.16039,1.769763,1.859663,0.981494,0.960055,0.284784,0.0
4710,3617280,0.00019149769585253456,511.5,0.6,1.667471,90.97,45014,-0.012737,0.016114,2.825671,0.005536,0.072205,0.575052,0.211881,0.558048,1.831079,1.855727,0.929357,0.97236,0.260612,0.0
4720,3624960,0.00019126728110599076,511.5,0.45,1.430538,75.21,45118,-0.012503,0.02546,2.828489,0.005455,0.069153,0.62069,0.339466,0.517321,1.776812,1.872269,0.891672,0.955655,0.266844,0.0
4730,3632640,0.00019103686635944697,511.5,0.51,1.491923,73.4,45221,-0.012455,0.032559,2.846912,0.005168,0.061218,0.456961,0.400328,0.130759,1.791981,1.872374,0.951846,0.977914,0.178082,0.0
4740,3640320,0.0001908064516129032,511.6,0.56,1.587175,85.96,45309,-0.010564,0.022126,2.825914,0.004683,0.05542,0.515054,0.474081,0.304426,1.780022,1.866412,0.932965,0.967384,0.210934,0.0
4750,3648000,0.00019057603686635944,511.6,0.49,1.512773,86.35,45398,-0.012069,0.019266,2.815097,0.004844,0.05954,0.618225,0.347116,0.53808,1.870925,1.850923,0.961619,0.966192,0.213172,0.0
4760,3655680,0.00019034562211981565,511.6,0.47,1.453868,91.87,45480,-0.012712,0.014889,2.832862,0.00518,0.068878,0.57308,0.443262,0.495811,1.715331,1.86856,0.946018,0.959034,0.187431,0.0
4770,3663360,0.00019011520737327188,511.6,0.58,1.645833,83.71,45572,-0.011972,0.043721,2.831692,0.004889,0.059723,0.407915,0.276004,0.2857,1.73486,1.874015,0.963706,0.956644,0.273683,0.0
4780,3671040,0.0001898847926267281,511.6,0.58,1.639787,102.77,45642,-0.011873,0.010852,2.798546,0.003906,0.044312,0.698886,0.583129,0.432034,1.698704,1.8485,0.932737,0.948983,0.259796,0.0
4790,3678720,0.00018965437788018432,511.7,0.55,1.606726,96.77,45727,-0.010593,0.016021,2.787805,0.003808,0.042389,0.60575,0.402142,0.509769,1.737752,1.827362,0.942861,0.954461,0.281614,0.0
4800,3686400,0.00018942396313364053,511.7,0.52,1.545871,90.05,45814,-0.012144,0.019403,2.811967,0.004548,0.051422,0.63962,0.36869,0.55926,1.737994,1.84813,0.943859,0.959073,0.268732,0.0
4810,3694080,0.00018919354838709676,511.7,0.48,1.479906,79.01,45912,-0.012941,0.016978,2.822999,0.005721,0.071686,0.753346,0.252225,0.721033,1.822944,1.853914,0.979355,0.967341,0.260728,0.0
4820,3701760,0.000188963133640553,511.7,0.32,1.263055,91.47,45992,-0.012859,0.01057,2.817038,0.005344,0.065613,0.7803,0.715378,0.22934,1.871036,1.878635,0.951842,0.937068,0.345317,0.0
4830,3709440,0.00018873271889400918,511.7,0.23,1.106531,115.11,46061,-0.013046,0.012409,2.757702,0.006098,0.080353,0.813206,0.349901,0.759138,1.768665,1.82386,0.943312,0.93807,0.31776,0.0
4840,3717120,0.00018850230414746544,511.7,0.36,1.291981,102.03,46135,-0.013156,0.006549,2.764594,0.004748,0.05545,0.872911,0.239967,0.853021,1.818002,1.82715,0.909118,0.935027,0.228786,0.0
4850,3724800,0.00018827188940092165,511.8,0.37,1.347567,94.13,46221,-0.01247,0.015169,2.778402,0.00459,0.057159,0.733178,0.232458,0.703871,1.833568,1.833324,0.908434,0.946292,0.203083,0.0
4860,3732480,0.00018804147465437788,511.8,0.41,1.360362,92.68,46303,-0.011177,0.014056,2.777453,0.004322,0.042847,0.745482,0.363587,0.651146,1.834572,1.824487,0.943908,0.953049,0.141701,0.0
4870,3740160,0.00018781105990783409,511.8,0.48,1.449538,76.89,46406,-0.01261,0.026004,2.732656,0.005466,0.070282,0.498392,0.299356,0.414504,1.80881,1.783945,0.922538,0.951745,0.280391,0.0
4880,3747840,0.0001875806451612903,511.8,0.56,1.619252,76.79,46507,-0.012839,0.036526,2.74328,0.004873,0.058502,0.438955,0.234758,0.339725,1.734158,1.7791,0.912107,0.957755,0.358836,0.0
4890,3755520,0.00018735023041474655,511.8,0.44,1.426235,71.8,46614,-0.012881,0.02487,2.768972,0.004823,0.061646,0.620168,0.211017,0.610062,1.783368,1.811369,0.937681,0.949273,0.407285,0.0
4900,3763200,0.00018711981566820273,511.8,0.46,1.464459,83.78,46705,-0.011498,0.024654,2.780019,0.004362,0.048767,0.466074,0.2286,0.448022,1.818027,1.835585,0.899811,0.944614,0.341887,0.0
4910,3770880,0.000186889400921659,511.8,0.51,1.49754,84.19,46792,-0.010755,0.025739,2.794314,0.005559,0.070038,0.460515,0.404563,0.343047,1.805674,1.832469,0.941967,0.958326,0.263834,0.0
4920,3778560,0.00018665898617511518,511.8,0.44,1.452658,80.52,46889,-0.013292,0.015965,2.768416,0.005096,0.062012,0.689015,0.477102,0.519847,1.820935,1.823059,0.942194,0.942815,0.363655,0.0
4930,3786240,0.0001864285714285714,511.9,0.52,1.559993,87.42,46977,-0.01164,0.031268,2.752205,0.005531,0.071106,0.541946,0.374453,0.310318,1.806337,1.791494,0.980377,0.951013,0.476759,0.0
4940,3793920,0.00018619815668202764,511.9,0.5,1.544546,80.08,47070,-0.011404,0.022238,2.727156,0.005215,0.066101,0.608389,0.402515,0.354296,1.820069,1.763532,0.967637,0.954549,0.362113,0.0
4950,3801600,0.00018596774193548385,511.9,0.53,1.542329,74.82,47175,-0.010615,0.018047,2.762617,0.004751,0.053467,0.655242,0.275993,0.644416,1.818887,1.803987,0.965489,0.949696,0.334321,0.0
4960,3809280,0.00018573732718894009,511.9,0.55,1.574621,76.1,47277,-0.013189,0.027336,2.73788,0.005496,0.07193,0.500937,0.289554,0.437656,1.727703,1.772289,0.94847,0.966112,0.374242,0.0
4970,3816960,0.0001855069124423963,511.9,0.54,1.537819,81.22,47369,-0.012436,0.019661,2.717825,0.005602,0.068878,0.723391,0.500447,0.456632,1.807945,1.758657,0.954791,0.957015,0.337211,0.0
4980,3824640,0.00018527649769585253,512.0,0.59,1.613376,84.05,47458,-0.012034,0.012519,2.728321,0.005152,0.061401,0.587529,0.31482,0.622234,1.776585,1.768896,0.93769,0.954732,0.299394,0.0
4990,3832320,0.0001850460829493087,512.0,0.59,1.631,76.23,47561,-0.012589,0.040539,2.686635,0.004514,0.047943,0.451551,0.387096,0.129651,1.72443,1.733212,0.974733,0.95699,0.36277,0.0
5000,3840000,0.00018481566820276497,512.0,0.6,1.614173,75.24,47660,-0.013111,0.015329,2.71351,0.005587,0.074493,0.607723,0.396328,0.505051,1.681829,1.750558,0.938588,0.96268,0.311905,0.0
5010,3847680,0.00018458525345622118,512.0,0.67,1.739446,83.66,47751,-0.013029,0.017162,2.733064,0.005094,0.061798,0.561291,0.455069,0.414607,1.722548,1.784903,0.944472,0.946287,0.317286,0.0
5020,3855360,0.0001843548387096774,512.0,0.58,1.618537,82.87,47843,-0.012847,0.036517,2.732624,0.005215,0.058502,0.619343,0.490699,0.2531,1.735601,1.791026,0.93137,0.945135,0.334058,0.0
5030,3863040,0.00018412442396313364,512.0,0.61,1.672009,92.61,47923,-0.011987,0.019641,2.708044,0.00537,0.070343,0.616179,0.466314,0.381151,1.754619,1.747982,0.953759,0.95204,0.330661,0.0
5040,3870720,0.00018389400921658982,512.0,0.6,1.644062,106.65,47995,-0.011464,0.013662,2.743411,0.004975,0.056702,0.777566,0.484811,0.60155,1.731969,1.811403,0.914957,0.934651,0.238959,0.0
5050,3878400,0.00018366359447004609,512.0,0.67,1.730077,97.12,48079,-0.011895,0.02579,2.768342,0.004791,0.058167,0.674275,0.565205,0.251353,1.718689,1.814748,0.901357,0.954234,0.246788,0.0
5060,3886080,0.00018343317972350227,512.1,0.56,1.602477,84.24,48170,-0.013049,0.025975,2.749756,0.005459,0.068634,0.620865,0.350682,0.45591,1.645381,1.78744,0.930477,0.953904,0.299329,0.0
5070,3893760,0.00018320276497695853,512.1,0.61,1.617834,81.53,48262,-0.010121,0.014812,2.780675,0.004236,0.04895,0.757407,0.493759,0.594006,1.740299,1.815879,0.899079,0.95934,0.25124,0.0
5080,3901440,0.00018297235023041473,512.1,0.52,1.516263,77.65,48359,-0.011797,0.009152,2.77999,0.004447,0.048981,0.710238,0.532137,0.640336,1.657315,1.823421,0.936466,0.957399,0.276204,0.0
5090,3909120,0.00018274193548387094,512.1,0.58,1.609229,86.25,48447,-0.012367,0.017922,2.802445,0.005773,0.075775,0.725954,0.396863,0.585446,1.733869,1.852479,0.919368,0.950986,0.298035,0.0
5100,3916800,0.00018251152073732718,512.1,0.65,1.701756,98.49,48526,-0.011177,0.011662,2.833819,0.004851,0.059204,0.640508,0.506844,0.428161,1.817272,1.864884,0.93863,0.966455,0.238903,0.0
5110,3924480,0.00018228110599078338,512.1,0.66,1.735401,85.33,48619,-0.011553,0.015535,2.841376,0.004777,0.056671,0.695825,0.433096,0.61029,1.773328,1.87013,0.983268,0.974237,0.265221,0.0
5120,3932160,0.00018205069124423964,512.1,0.51,1.485131,85.81,48708,-0.011762,0.026255,2.844895,0.004997,0.054016,0.597706,0.470373,0.289789,1.724387,1.881356,0.95292,0.962817,0.272279,0.0
5130,3939840,0.00018182027649769582,512.1,0.52,1.546327,89.07,48796,-0.013267,0.02898,2.840667,0.005703,0.074615,0.491874,0.29902,0.343059,1.7953,1.870811,0.922861,0.96521,0.23186,0.0
5140,3947520,0.00018158986175115206,512.1,0.54,1.558897,70.77,48904,-0.012098,0.013325,2.817791,0.004623,0.051941,0.720596,0.492483,0.616364,1.785516,1.841806,0.966544,0.967643,0.369695,0.0
5150,3955200,0.0001813594470046083,512.2,0.6,1.60372,72.07,49011,-0.011974,0.028189,2.830545,0.004484,0.048401,0.766386,0.516844,0.523769,1.861814,1.846766,0.968377,0.985486,0.344677,0.0
5160,3962880,0.0001811290322580645,512.2,0.54,1.553612,80.88,49104,-0.012018,0.035699,2.858841,0.004837,0.059906,0.531758,0.480117,0.120112,1.855346,1.878197,1.008742,0.973448,0.242694,0.0
5170,3970560,0.0001808986175115207,512.2,0.53,1.550655,81.74,49196,-0.012641,0.017711,2.810733,0.004199,0.047028,0.623612,0.412572,0.478847,1.842557,1.843927,0.952296,0.963575,0.258671,0.0
5180,3978240,0.00018066820276497694,512.2,0.51,1.532791,82.83,49291,-0.010979,0.017902,2.806936,0.004727,0.056213,0.470872,0.317459,0.410867,1.78552,1.844573,0.928235,0.957127,0.199471,0.0
5190,3985920,0.00018043778801843317,512.2,0.52,1.54837,87.05,49380,-0.010568,0.015642,2.734579,0.004482,0.050873,0.614847,0.25959,0.646901,1.810623,1.795581,0.960662,0.933975,0.27206,0.0
5200,3993600,0.00018020737327188935,512.2,0.64,1.68172,81.2,49474,-0.011449,0.015484,2.743109,0.004478,0.049072,0.545318,0.423435,0.40601,1.707793,1.807599,0.942089,0.9371,0.214207,0.0
5210,4001280,0.00017997695852534562,512.2,0.51,1.537404,75.47,49577,-0.013187,0.028507,2.757624,0.005392,0.066742,0.504145,0.27997,0.411544,1.774905,1.806353,0.947629,0.947556,0.227818,0.0
5220,4008960,0.00017974654377880182,512.2,0.62,1.670162,78.7,49673,-0.012206,0.015046,2.794967,0.006181,0.084778,0.588771,0.481484,0.506261,1.776256,1.834781,0.941982,0.953905,0.318135,0.0
5230,4016640,0.00017951612903225806,512.2,0.5,1.522207,85.61,49765,-0.011537,0.019367,2.804325,0.005282,0.068695,0.53514,0.452144,0.449097,1.680826,1.835796,0.943979,0.970363,0.359007,0.0
5240,4024320,0.00017928571428571426,512.2,0.6,1.670866,93.53,49849,-0.011551,0.019475,2.822471,0.004711,0.055664,0.453354,0.425275,0.417696,1.730764,1.840773,0.979361,0.980151,0.260212,0.0
5250,4032000,0.00017905529953917047,512.3,0.59,1.677474,80.29,49947,-0.012327,0.011998,2.810325,0.00507,0.061096,0.83175,0.395642,0.77229,1.705909,1.835389,1.00161,0.968214,0.383995,0.0
5260,4039680,0.00017882488479262673,512.3,0.55,1.563402,73.71,50051,-0.011764,0.036072,2.798973,0.004446,0.050201,0.516122,0.477755,0.133043,1.702291,1.8334,0.955223,0.960576,0.234014,0.0
5270,4047360,0.0001785944700460829,512.3,0.58,1.623535,76.31,50151,-0.012095,0.023438,2.753461,0.004057,0.044342,0.610212,0.503828,0.266908,1.678537,1.801784,0.970941,0.942488,0.326488,0.0
5280,4055040,0.00017836405529953917,512.3,0.69,1.758869,77.68,50250,-0.011817,0.025552,2.766044,0.005919,0.071533,0.4602,0.390496,0.304243,1.710857,1.825488,0.943654,0.93131,0.346389,0.0
5290,4062720,0.00017813364055299538,512.3,0.51,1.53989,67.44,50366,-0.011227,0.024791,2.786874,0.003881,0.043396,0.568275,0.316497,0.545612,1.699112,1.828213,0.960868,0.960461,0.317704,0.0
5300,4070400,0.0001779032258064516,512.4,0.6,1.617605,65.29,50481,-0.011939,0.019176,2.754015,0.004902,0.055084,0.680196,0.562255,0.341096,1.643247,1.801495,0.970803,0.94935,0.249157,0.0
5310,4078080,0.00017767281105990782,512.3,0.5,1.498031,70.61,50589,-0.013007,0.014216,2.751141,0.00604,0.082214,0.479626,0.271289,0.616863,1.696049,1.795041,0.969617,0.95118,0.341076,0.0
5320,4085760,0.00017744239631336403,512.4,0.55,1.58421,81.57,50684,-0.013271,0.018017,2.759144,0.005867,0.077759,0.572368,0.318239,0.540816,1.743011,1.807841,0.940503,0.945722,0.234878,0.0
5330,4093440,0.0001772119815668203,512.4,0.65,1.70891,85.8,50772,-0.012043,0.027841,2.80865,0.004887,0.063385,0.546635,0.345006,0.399118,1.826128,1.856027,0.965359,0.95474,0.247796,0.0
5340,4101120,0.00017698156682027647,512.4,0.51,1.543219,89.37,50856,-0.011497,0.037302,2.799134,0.004949,0.058075,0.400679,0.483814,-0.029045,1.799423,1.845179,0.971418,0.951319,0.235938,0.0
5350,4108800,0.0001767511520737327,512.4,0.55,1.566455,91.62,50940,-0.012604,0.021549,2.791253,0.005064,0.062317,0.599747,0.362927,0.478876,1.795506,1.85341,0.907205,0.936986,0.231702,0.0
5360,4116480,0.00017652073732718894,512.4,0.5,1.509214,73.57,51045,-0.010556,0.019728,2.804206,0.004627,0.053955,0.453984,0.339332,0.395359,1.730453,1.856131,0.945586,0.944088,0.30887,0.0
5370,4124160,0.00017629032258064515,512.4,0.57,1.57699,74.32,51149,-0.01285,0.030273,2.756139,0.005032,0.061462,0.611415,0.541996,0.164089,1.788931,1.817731,0.926512,0.936824,0.23962,0.0
5380,4131840,0.00017605990783410135,512.5,0.48,1.504455,77.78,51246,-0.010574,0.012498,2.795577,0.00486,0.055115,0.760411,0.455339,0.613257,1.817721,1.865932,0.865659,0.929609,0.303579,0.0
5390,4139520,0.0001758294930875576,512.5,0.54,1.587721,82.35,51343,-0.01162,0.035081,2.725138,0.003894,0.044769,0.510422,0.384518,0.332774,1.839738,1.824506,0.886157,0.900657,0.182959,0.0
5400,4147200,0.00017559907834101382,512.5,0.56,1.596574,72.28,51447,-0.010022,0.016854,2.772971,0.004011,0.041229,0.764416,0.331417,0.676598,1.799584,1.851359,0.934318,0.915322,0.36433,0.0
5410,4154880,0.00017536866359447003,512.5,0.61,1.629382,81.98,51542,-0.011764,0.030542,2.785158,0.00478,0.055054,0.459979,0.526836,-0.021418,1.822317,1.831229,0.942974,0.949274,0.286949,0.0
5420,4162560,0.00017513824884792626,512.5,0.48,1.43024,66.14,51662,-0.010792,0.030144,2.779185,0.005278,0.06427,0.57514,0.43446,0.265925,1.880244,1.82735,0.952104,0.946692,0.244563,0.0
5430,4170240,0.00017490783410138244,512.5,0.55,1.566192,87.89,51751,-0.012032,0.029214,2.753866,0.005307,0.066956,0.562848,0.429669,0.362656,1.793809,1.827677,0.939846,0.914267,0.307753,0.0
5440,4177920,0.0001746774193548387,512.5,0.56,1.580691,80.34,51843,-0.012087,0.019636,2.792023,0.004903,0.05722,0.698099,0.491931,0.428525,1.83831,1.859122,0.979878,0.92369,0.281396,0.0
5450,4185600,0.0001744470046082949,512.5,0.51,1.550334,76.73,51943,-0.010388,0.019401,2.762548,0.00395,0.041138,0.788251,0.578727,0.503847,1.79926,1.838143,0.956622,0.922643,0.307252,0.0
5460,4193280,0.00017421658986175115,512.5,0.54,1.553793,72.23,52052,-0.010456,0.033124,2.781887,0.004121,0.039978,0.598413,0.509157,0.183246,1.753132,1.833318,0.975308,0.935342,0.324189,0.0
5470,4200960,0.00017398617511520738,512.6,0.57,1.594011,74.27,52153,-0.011038,0.027111,2.779212,0.004293,0.044495,0.432247,0.327991,0.310971,1.822475,1.840973,0.939612,0.933711,0.314703,0.0
5480,4208640,0.00017375576036866356,512.6,0.47,1.510088,81.1,52247,-0.010968,0.022777,2.806235,0.00523,0.066681,0.618767,0.338969,0.526827,1.789245,1.849479,0.908423,0.957577,0.222987,0.0
5490,4216320,0.00017352534562211982,512.6,0.54,1.571359,73.3,52352,-0.011106,0.024611,2.794521,0.005246,0.064758,0.647505,0.532772,0.263722,1.80652,1.848943,0.892717,0.948425,0.314114,0.0
5500,4224000,0.000173294930875576,512.6,0.54,1.521832,73.05,52455,-0.010594,0.016401,2.797806,0.004841,0.056396,0.64576,0.265234,0.668367,1.868818,1.848981,0.918678,0.943578,0.205324,0.0
5510,4231680,0.00017306451612903226,512.6,0.47,1.537611,75.34,52559,-0.011527,0.026985,2.78613,0.004673,0.055695,0.59965,0.352933,0.513288,1.863862,1.857834,0.937263,0.923684,0.238482,0.0
5520,4239360,0.00017283410138248847,512.6,0.59,1.604058,73.15,52663,-0.011248,0.016333,2.775457,0.004881,0.056244,0.735998,0.174333,0.757008,1.86222,1.861529,0.869887,0.904272,0.2563,0.0
5530,4247040,0.00017260368663594468,512.6,0.59,1.624019,82.28,52754,-0.009803,0.01625,2.778779,0.004254,0.046082,0.761289,0.386651,0.658169,1.782932,1.861973,0.890336,0.916246,0.147532,0.0
5540,4254720,0.0001723732718894009,512.6,0.51,1.534727,81.46,52850,-0.011532,0.032032,2.771751,0.0043,0.047974,0.620751,0.456987,0.356047,1.822415,1.842037,0.96322,0.929294,0.22449,0.0
5550,4262400,0.00017214285714285712,512.6,0.55,1.611607,80.84,52943,-0.012189,0.020221,2.759638,0.00469,0.055084,0.736679,0.266355,0.671845,1.826604,1.844846,0.907558,0.908105,0.292052,0.0
5560,4270080,0.00017191244239631335,512.7,0.57,1.579063,78.74,53040,-0.011884,0.026483,2.753441,0.005212,0.061066,0.530145,0.345882,0.468253,1.777849,1.816751,0.960989,0.936617,0.253221,0.0
5570,4277760,0.00017168202764976956,512.7,0.53,1.580372,73.37,53146,-0.011421,0.029275,2.787203,0.004939,0.060028,0.444355,0.484931,0.004834,1.78658,1.850842,0.93534,0.930823,0.208963,0.0
5580,4285440,0.0001714516129032258,512.7,0.49,1.48908,84.04,53238,-0.010374,0.019025,2.766343,0.004493,0.053955,0.792707,0.420753,0.642161,1.771505,1.853034,0.952173,0.91556,0.152919,0.0
5590,4293120,0.00017122119815668203,512.7,0.47,1.410856,67.43,53344,-0.011194,0.023236,2.774257,0.0046,0.057678,0.659585,0.37592,0.548952,1.738403,1.858261,0.936859,0.920872,0.198593,0.0
5600,4300800,0.00017099078341013823,512.7,0.5,1.512842,72.71,53455,-0.010859,0.021168,2.77234,0.004614,0.051239,0.636969,0.31469,0.546023,1.737469,1.848459,0.930251,0.922703,0.178134,0.0
5610,4308480,0.00017076036866359444,512.7,0.47,1.553283,69.82,53562,-0.013234,0.016705,2.823027,0.00579,0.076233,0.417701,0.171982,0.628717,1.772236,1.878902,0.928412,0.944396,0.184573,0.0
5620,4316160,0.00017052995391705068,512.7,0.54,1.543165,79.58,53659,-0.010599,0.027451,2.829145,0.004266,0.049042,0.692048,0.488051,0.400302,1.767757,1.865315,0.937287,0.962291,0.240297,0.0
5630,4323840,0.0001702995391705069,512.7,0.48,1.493215,67.94,53772,-0.011394,0.015274,2.84139,0.004319,0.049561,0.437877,0.420424,0.391087,1.76336,1.889424,0.937309,0.954737,0.290025,0.0
5640,4331520,0.0001700691244239631,512.7,0.56,1.591638,79.39,53870,-0.012394,0.020266,2.826498,0.005334,0.06839,0.560157,0.276401,0.576594,1.77381,1.861834,0.937684,0.964704,0.365384,0.0
5650,4339200,0.00016983870967741935,512.7,0.45,1.430669,72.98,53974,-0.012047,0.017904,2.778577,0.004677,0.056244,0.72058,0.361805,0.592814,1.722573,1.825902,0.917079,0.94823,0.424424,0.0
5660,4346880,0.00016960829493087556,512.8,0.42,1.427356,78.64,54072,-0.010844,0.026069,2.799192,0.004256,0.046417,0.674392,0.573085,0.282532,1.756094,1.83292,0.892837,0.968149,0.347206,0.0
5670,4354560,0.0001693778801843318,512.8,0.47,1.48535,79.55,54171,-0.010404,0.036927,2.74721,0.004342,0.047394,0.473951,0.507431,-0.015875,1.706182,1.78303,0.943487,0.958628,0.400711,0.0
5680,4362240,0.000169147465437788,512.8,0.49,1.467988,65.26,54284,-0.010514,0.019612,2.757481,0.004308,0.049133,0.558842,0.298847,0.580143,1.701307,1.798783,0.917474,0.9509,0.344316,0.0
5690,4369920,0.0001689170506912442,512.8,0.47,1.467287,69.7,54396,-0.010217,0.037327,2.744486,0.004335,0.049072,0.405942,0.380743,0.091067,1.758397,1.802478,0.899891,0.942407,0.420311,0.0
5700,4377600,0.00016868663594470047,512.8,0.58,1.603586,68.44,54504,-0.011704,0.024868,2.746565,0.004123,0.048981,0.767254,0.577904,0.448596,1.758469,1.80878,0.856596,0.933468,0.339913,0.0
5710,4385280,0.00016845622119815665,512.8,0.54,1.604212,77.84,54603,-0.00825,0.015951,2.719647,0.003901,0.033691,0.552683,0.33402,0.606515,1.768578,1.770178,0.880857,0.941364,0.313463,0.0
5720,4392960,0.0001682258064516129,512.8,0.62,1.655944,82.34,54694,-0.0093,0.017034,2.680135,0.004098,0.042206,0.638644,0.416007,0.503277,1.753351,1.750955,0.891119,0.932446,0.266744,0.0
5730,4400640,0.00016799539170506912,512.8,0.41,1.426952,84.99,54789,-0.009988,0.028766,2.710538,0.004305,0.045105,0.526302,0.357455,0.355005,1.788472,1.777653,0.839876,0.921072,0.356054,0.0
5740,4408320,0.00016776497695852532,512.8,0.5,1.4761,77.87,54885,-0.011215,0.024658,2.69471,0.005218,0.067444,0.551464,0.382474,0.428378,1.790254,1.765592,0.810663,0.918971,0.356272,0.0
5750,4416000,0.00016753456221198156,512.8,0.49,1.506082,83.53,54977,-0.011123,0.02135,2.732182,0.004435,0.049988,0.632122,0.566839,0.276755,1.744055,1.790932,0.838124,0.932611,0.368649,0.0
5760,4423680,0.00016730414746543777,512.8,0.46,1.437918,71.63,55083,-0.010237,0.023334,2.686336,0.004174,0.046509,0.495881,0.156016,0.628764,1.735815,1.751209,0.903859,0.92616,0.413816,0.0
5770,4431360,0.00016707373271889403,512.9,0.45,1.454357,64.79,55200,-0.010313,0.011977,2.661786,0.004982,0.054016,0.650675,0.55566,0.620832,1.783557,1.750008,0.89005,0.917182,0.266721,0.0
5780,4439040,0.0001668433179723502,512.9,0.39,1.389796,78.41,55299,-0.011152,0.01925,2.733194,0.003671,0.036407,0.676046,0.265616,0.603069,1.776693,1.808296,0.872469,0.926112,0.290081,0.0
5790,4446720,0.00016661290322580644,512.9,0.54,1.536955,75.34,55402,-0.011647,0.024211,2.787869,0.004654,0.051727,0.472345,0.232299,0.547958,1.676219,1.85216,0.876114,0.942317,0.317114,0.0
5800,4454400,0.00016638248847926268,512.9,0.43,1.442703,78.92,55496,-0.01105,0.012023,2.84388,0.004988,0.05896,0.75423,0.547172,0.475781,1.722414,1.88155,0.951634,0.961446,0.25182,0.0
5810,4462080,0.00016615207373271888,512.8,0.45,1.429249,66.38,55609,-0.011609,0.022701,2.843255,0.004722,0.052429,0.661619,0.337128,0.510249,1.744704,1.869116,0.981567,0.968822,0.307258,0.0
5820,4469760,0.0001659216589861751,512.9,0.48,1.46272,70.11,55721,-0.012057,0.020222,2.847908,0.005032,0.060669,0.472659,0.267117,0.415112,1.753247,1.873961,0.960478,0.976779,0.277162,0.0
5830,4477440,0.00016569124423963132,512.9,0.48,1.483225,66.92,55831,-0.01057,0.030546,2.786958,0.005331,0.065063,0.547469,0.41987,0.266436,1.751104,1.834451,0.933313,0.950561,0.330116,0.0
5840,4485120,0.00016546082949308756,512.9,0.5,1.560692,82.05,55926,-0.011357,0.018846,2.799296,0.005402,0.069092,0.636414,0.272038,0.54927,1.637117,1.843408,0.957443,0.956945,0.367289,0.0
5850,4492800,0.00016523041474654374,512.9,0.47,1.48025,72.28,56035,-0.011193,0.035499,2.805273,0.004482,0.049988,0.558606,0.444964,0.23752,1.645383,1.843804,0.919584,0.958395,0.391446,0.0
5860,4500480,0.000165,512.9,0.38,1.390212,71.67,56142,-0.011596,0.03618,2.807161,0.004314,0.050323,0.537009,0.51205,0.095645,1.752159,1.866028,0.956342,0.943069,0.412705,0.0
5870,4508160,0.00016476958525345618,512.9,0.4,1.366279,71.92,56252,-0.012881,0.025373,2.787168,0.00499,0.059845,0.581509,0.277095,0.482599,1.826404,1.859619,0.93883,0.925079,0.33081,0.0
5880,4515840,0.00016453917050691244,512.9,0.46,1.476087,76.28,56350,-0.011115,0.017447,2.807891,0.005047,0.061707,0.608458,0.422896,0.497601,1.788308,1.87494,0.853938,0.930185,0.268635,0.0
5890,4523520,0.00016430875576036865,512.9,0.57,1.601387,77.07,56450,-0.011555,0.023153,2.747101,0.004609,0.051483,0.463736,0.482305,0.095286,1.698547,1.825541,0.912691,0.918069,0.272873,0.0
5900,4531200,0.00016407834101382485,513.0,0.39,1.354793,67.68,56565,-0.010891,0.032345,2.737397,0.004805,0.059357,0.568366,0.569662,0.035802,1.792855,1.819877,0.893447,0.91933,0.40557,0.0
5910,4538880,0.00016384792626728112,512.9,0.47,1.463737,63.05,56685,-0.010268,0.024726,2.729988,0.004426,0.048828,0.685867,0.42958,0.468504,1.779204,1.810373,0.885448,0.911126,0.3552,0.0
5920,4546560,0.0001636175115207373,513.0,0.47,1.488493,77.46,56780,-0.009766,0.031341,2.767221,0.003808,0.038666,0.638468,0.489535,0.339813,1.77121,1.82889,0.860638,0.935572,0.321972,0.0
5930,4554240,0.00016338709677419356,513.0,0.47,1.479123,80.73,56877,-0.010713,0.018948,2.794045,0.004058,0.043121,0.781043,0.457835,0.636026,1.756054,1.840634,0.868482,0.955472,0.237305,0.0
5940,4561920,0.00016315668202764974,513.0,0.59,1.638713,84.0,56967,-0.009504,0.013963,2.795056,0.004462,0.053101,0.63405,0.323713,0.632004,1.824976,1.863177,0.904689,0.933587,0.351931,0.0
5950,4569600,0.00016292626728110597,513.0,0.52,1.567395,82.39,57058,-0.01023,0.032186,2.81493,0.004161,0.044342,0.563712,0.476928,0.184962,1.763164,1.880207,0.851162,0.933794,0.286179,0.0
5960,4577280,0.0001626958525345622,513.0,0.49,1.492649,74.47,57161,-0.010752,0.011692,2.856026,0.004407,0.053833,0.578293,0.459847,0.557002,1.785168,1.904419,0.912969,0.949547,0.319693,0.0
5970,4584960,0.0001624654377880184,513.0,0.52,1.520741,85.22,57247,-0.011628,0.01418,2.855549,0.005366,0.065491,0.708367,0.270007,0.677933,1.790749,1.908713,0.90253,0.953501,0.258869,0.0
5980,4592640,0.00016223502304147462,513.0,0.57,1.602141,91.23,57335,-0.012344,0.028671,2.869526,0.004882,0.057617,0.415462,0.24538,0.453526,1.834746,1.923474,0.948093,0.942226,0.294024,0.0
5990,4600320,0.00016200460829493085,513.0,0.59,1.616864,98.9,57406,-0.010907,0.016515,2.881045,0.004315,0.049805,0.707618,0.473907,0.444332,1.829193,1.927654,0.936244,0.947355,0.312195,0.0
6000,4608000,0.0001617741935483871,513.0,0.53,1.484775,92.96,57495,-0.011922,0.025804,2.869216,0.004631,0.051117,0.452668,0.420011,0.310868,1.81003,1.916886,0.958264,0.955096,0.40812,0.0
6010,4615680,0.0001615437788018433,513.0,0.55,1.57241,86.32,57582,-0.00986,0.01422,2.87399,0.003611,0.03363,0.640165,0.191568,0.713356,1.805366,1.904723,0.935777,0.967203,0.314217,0.0
6020,4623360,0.00016131336405529953,513.1,0.55,1.58442,87.46,57673,-0.011856,0.023224,2.881725,0.004917,0.061523,0.496492,0.310324,0.405092,1.870214,1.918852,0.961726,0.963215,0.311312,0.0
6030,4631040,0.00016108294930875574,513.1,0.51,1.52669,81.62,57766,-0.011444,0.022602,2.882332,0.003892,0.043121,0.635688,0.477394,0.401596,1.82886,1.924693,0.898197,0.953375,0.284205,0.0
6040,4638720,0.00016085253456221197,513.1,0.51,1.512538,83.54,57858,-0.009555,0.026104,2.853723,0.004195,0.047821,0.477737,0.335771,0.29537,1.777128,1.884035,0.889355,0.964307,0.372818,0.0
6050,4646400,0.00016062211981566818,513.1,0.5,1.468901,84.31,57949,-0.010481,0.018099,2.867405,0.004718,0.058319,0.458232,0.275317,0.444262,1.829343,1.917425,0.924031,0.95231,0.20367,0.0
6060,4654080,0.0001603917050691244,513.1,0.49,1.500634,90.83,58036,-0.011192,0.021239,2.861188,0.00497,0.05658,0.628763,0.388419,0.485886,1.834289,1.90166,0.954106,0.955153,0.225546,0.0
6070,4661760,0.00016016129032258065,513.1,0.51,1.541636,95.74,58112,-0.011173,0.00961,2.846562,0.005567,0.068604,0.742556,0.509461,0.622189,1.833734,1.902881,0.953283,0.943504,0.224556,0.0
6080,4669440,0.00015993087557603683,513.1,0.46,1.433879,91.45,58198,-0.011452,0.018639,2.811548,0.004439,0.049347,0.461644,0.354189,0.397324,1.871038,1.887433,0.898889,0.926211,0.286999,0.0
6090,4677120,0.0001597004608294931,513.1,0.52,1.527224,85.55,58286,-0.010258,0.010399,2.816215,0.004704,0.049225,0.727031,0.593339,0.451787,1.809388,1.87931,0.816255,0.939961,0.202594,0.0
6100,4684800,0.0001594700460829493,513.2,0.42,1.402944,69.97,58393,-0.011467,0.016608,2.813424,0.00456,0.052399,0.633413,0.622895,0.179403,1.785693,1.873347,0.898186,0.938129,0.405622,0.0
6110,4692480,0.0001592396313364055,513.1,0.5,1.519335,74.65,58498,-0.009829,0.03421,2.808807,0.004524,0.052032,0.494765,0.28868,0.347405,1.785211,1.857989,0.906254,0.949294,0.227344,0.0
6120,4700160,0.00015900921658986174,513.1,0.42,1.429509,62.7,58619,-0.010734,0.032078,2.801567,0.004326,0.048981,0.682631,0.668932,0.05104,1.753986,1.847904,0.958444,0.949894,0.330501,0.0
6130,4707840,0.00015877880184331794,513.2,0.51,1.515501,83.02,58708,-0.009704,0.020338,2.81002,0.004202,0.047363,0.557299,0.428238,0.3241,1.807684,1.872664,0.910716,0.94153,0.345503,0.0
6140,4715520,0.0001585483870967742,513.2,0.53,1.520509,74.14,58812,-0.011428,0.016342,2.78082,0.004316,0.049988,0.662265,0.335029,0.638119,1.796948,1.833921,0.912905,0.942765,0.293368,0.0
6150,4723200,0.00015831797235023038,513.2,0.49,1.507953,84.46,58903,-0.011323,0.020605,2.76388,0.005115,0.06134,0.664633,0.512578,0.356021,1.702446,1.821666,0.929692,0.942065,0.368275,0.0
6160,4730880,0.00015808755760368662,513.2,0.54,1.566134,73.81,59006,-0.010067,0.018722,2.780085,0.004361,0.049927,0.602014,0.453474,0.299184,1.742216,1.828572,0.94105,0.947984,0.27981,0.0
6170,4738560,0.00015785714285714285,513.2,0.54,1.552493,80.75,59098,-0.011497,0.027474,2.7924,0.004894,0.058685,0.672143,0.543686,0.308719,1.784054,1.851028,0.932631,0.9409,0.333443,0.0
6180,4746240,0.00015762672811059906,513.2,0.54,1.572629,89.77,59182,-0.010176,0.019703,2.804718,0.004415,0.046997,0.768042,0.484835,0.562549,1.778982,1.876054,0.920725,0.923623,0.389687,0.0
6190,4753920,0.0001573963133640553,513.2,0.51,1.506067,85.52,59275,-0.009675,0.027694,2.787308,0.004058,0.044128,0.624454,0.480548,0.291668,1.772581,1.847662,0.905192,0.933787,0.358394,0.0
6200,4761600,0.0001571658986175115,513.3,0.43,1.432458,74.13,59376,-0.010632,0.022211,2.795126,0.003948,0.042755,0.53074,0.403422,0.368731,1.829378,1.850947,0.927367,0.940127,0.244947,0.0
6210,4769280,0.00015693548387096774,513.2,0.37,1.334714,92.69,59457,-0.010456,0.020077,2.804763,0.004175,0.04306,0.62625,0.383364,0.497986,1.820828,1.86183,0.915606,0.938518,0.319624,0.0
6220,4776960,0.00015670506912442394,513.3,0.46,1.426918,90.64,59543,-0.011673,0.022839,2.783409,0.004802,0.059418,0.555192,0.468571,0.168353,1.835668,1.856034,0.923674,0.923797,0.256464,0.0
6230,4784640,0.00015647465437788018,513.3,0.38,1.350216,92.82,59627,-0.011651,0.016038,2.7974,0.00444,0.049225,0.690575,0.413196,0.55173,1.753762,1.862726,0.861945,0.931498,0.244326,0.0
6240,4792320,0.0001562442396313364,513.3,0.35,1.304197,89.66,59710,-0.010284,0.01529,2.817488,0.004937,0.057526,0.691048,0.213194,0.684525,1.803672,1.883104,0.947632,0.928934,0.247983,0.0
6250,4800000,0.00015601382488479262,513.3,0.46,1.457209,79.23,59809,-0.010711,0.032087,2.784998,0.004796,0.056824,0.354138,0.35233,0.231559,1.77263,1.852137,0.912339,0.935042,0.349318,0.0
6260,4807680,0.00015578341013824883,513.3,0.44,1.392335,78.56,59910,-0.009563,0.026357,2.787812,0.004369,0.045776,0.678967,0.367142,0.510715,1.751054,1.879137,0.943763,0.907045,0.3555,0.0
6270,4815360,0.00015555299539170506,513.3,0.44,1.42648,84.18,60000,-0.010516,0.015866,2.81814,0.0046,0.051758,0.75264,0.50701,0.500517,1.775864,1.883188,0.966123,0.927711,0.279333,0.0
6280,4823040,0.0001553225806451613,513.3,0.41,1.383791,94.13,60085,-0.010596,0.016961,2.782653,0.004083,0.040588,0.624271,0.432824,0.416938,1.718729,1.854234,0.950718,0.926209,0.325271,0.0
6290,4830720,0.00015509216589861747,513.3,0.53,1.511474,78.4,60185,-0.012004,0.018235,2.784171,0.005233,0.06897,0.506164,0.346285,0.500431,1.734535,1.859347,0.895147,0.923559,0.337068,0.0
6300,4838400,0.00015486175115207374,513.3,0.48,1.469953,67.69,60297,-0.011358,0.026601,2.752718,0.004492,0.049805,0.508711,0.319563,0.385637,1.763166,1.841161,0.878591,0.910173,0.405743,0.0
6310,4846080,0.00015463133640552994,513.3,0.45,1.461705,80.9,60389,-0.009836,0.018108,2.749203,0.004089,0.042725,0.577954,0.445232,0.443686,1.782272,1.832905,0.843314,0.918691,0.369609,0.0
6320,4853760,0.00015440092165898618,513.3,0.55,1.60351,92.16,60470,-0.008987,0.019041,2.79572,0.004495,0.051788,0.515229,0.401489,0.367929,1.832284,1.870455,0.915452,0.92316,0.193491,0.0
6330,4861440,0.00015417050691244238,513.3,0.53,1.562069,88.42,60559,-0.010693,0.022184,2.774928,0.004862,0.055573,0.681458,0.473579,0.41285,1.795246,1.844625,0.884278,0.93179,0.288573,0.0
6340,4869120,0.0001539400921658986,513.3,0.39,1.375035,87.48,60646,-0.009694,0.023294,2.798987,0.004557,0.054626,0.528852,0.303595,0.408993,1.787118,1.84713,0.878787,0.949533,0.184432,0.0
6350,4876800,0.00015370967741935485,513.3,0.39,1.393601,86.89,60737,-0.010152,0.019178,2.790055,0.004019,0.038727,0.491111,0.279063,0.503309,1.766134,1.839226,0.899899,0.948917,0.184076,0.0
6360,4884480,0.00015347926267281103,513.4,0.37,1.326838,79.0,60832,-0.011196,0.018566,2.775543,0.003812,0.039673,0.673382,0.300257,0.622319,1.754976,1.82763,0.954315,0.937129,0.201353,0.0
6370,4892160,0.0001532488479262673,513.4,0.28,1.223168,88.23,60913,-0.009977,0.011105,2.800458,0.004615,0.056427,0.723111,0.255738,0.722246,1.806914,1.855757,0.946055,0.947018,0.195153,0.0
6380,4899840,0.00015301843317972347,513.4,0.38,1.355137,88.96,61002,-0.010456,0.022054,2.770013,0.003752,0.039551,0.565182,0.312393,0.466783,1.864065,1.840798,0.879345,0.924253,0.398712,0.0
6390,4907520,0.0001527880184331797,513.4,0.53,1.541628,81.89,61093,-0.009457,0.011665,2.767938,0.005109,0.058472,0.697262,0.493858,0.599797,1.840286,1.858791,0.920807,0.911045,0.280467,0.0
6400,4915200,0.00015255760368663594,513.4,0.58,1.603542,86.67,61181,-0.011639,0.033,2.794471,0.004486,0.051788,0.631707,0.539328,0.207059,1.775404,1.872988,0.913699,0.921927,0.343052,0.0
6410,4922880,0.00015232718894009215,513.4,0.48,1.498745,69.95,61289,-0.009022,0.029386,2.779527,0.003411,0.033112,0.555469,0.491951,0.14233,1.823176,1.856879,0.932208,0.922489,0.397795,0.0
6420,4930560,0.0001520967741935484,513.4,0.54,1.60261,73.05,61392,-0.010291,0.023385,2.819851,0.00409,0.041168,0.53924,0.429738,0.20491,1.730407,1.883624,0.929741,0.9298,0.38629,0.0
6430,4938240,0.0001518663594470046,513.4,0.45,1.462837,80.03,61492,-0.010164,0.028061,2.803117,0.004113,0.043121,0.485639,0.458938,0.135432,1.729464,1.858375,0.865561,0.943221,0.305764,0.0
6440,4945920,0.00015163594470046082,513.4,0.6,1.695955,83.77,61582,-0.010649,0.013166,2.746213,0.004189,0.046417,0.799869,0.455362,0.656926,1.713687,1.822585,0.897287,0.921496,0.329799,0.0
6450,4953600,0.000151405529953917,513.3,0.6,1.623653,76.22,61681,-0.0105,0.019636,2.785228,0.005087,0.057526,0.697682,0.625526,0.24106,1.715582,1.858208,0.899312,0.927137,0.361299,0.0
6460,4961280,0.00015117511520737327,513.3,0.64,1.674655,82.68,61776,-0.009269,0.015385,2.828976,0.004215,0.049164,0.505882,0.258999,0.523589,1.774743,1.878496,0.890648,0.950867,0.407517,0.0
6470,4968960,0.00015094470046082947,513.3,0.47,1.434422,85.51,61866,-0.012376,0.026048,2.80504,0.005518,0.068085,0.537119,0.380645,0.379899,1.837778,1.851008,0.914736,0.945485,0.5053,0.0
6480,4976640,0.0001507142857142857,513.3,0.57,1.617472,77.29,61964,-0.009842,0.035983,2.804173,0.004298,0.045685,0.401221,0.397146,0.095952,1.768738,1.853731,0.939105,0.946436,0.342422,0.0
6490,4984320,0.00015048387096774191,513.3,0.44,1.430259,83.39,62054,-0.010471,0.019972,2.789436,0.004049,0.04068,0.4758,0.39303,0.363468,1.725355,1.847944,0.94766,0.937627,0.340206,0.0
6500,4992000,0.00015025345622119812,513.3,0.54,1.525641,69.17,62164,-0.011773,0.021602,2.767454,0.005104,0.065033,0.526972,0.326356,0.355136,1.771205,1.846451,0.89919,0.916867,0.364878,0.0
6510,4999680,0.00015002304147465438,513.3,0.48,1.453794,75.87,62266,-0.01199,0.024448,2.746947,0.004655,0.053925,0.732273,0.340622,0.596445,1.731853,1.80916,0.921537,0.929806,0.34243,0.0
6520,5007360,0.0001497926267281106,513.3,0.4,1.355059,78.47,62360,-0.010022,0.017337,2.748666,0.004387,0.046692,0.56298,0.291503,0.574802,1.794245,1.839829,0.853737,0.915522,0.288589,0.0
6530,5015040,0.00014956221198156682,513.3,0.39,1.348666,82.34,62453,-0.011473,0.022993,2.801371,0.004915,0.062958,0.621948,0.250289,0.584835,1.862381,1.850015,0.89707,0.94638,0.314877,0.0
6540,5022720,0.00014933179723502303,513.3,0.37,1.334752,82.83,62547,-0.008962,0.023774,2.765683,0.00418,0.046722,0.637915,0.235091,0.56353,1.822472,1.836146,0.93418,0.929235,0.424623,0.0
6550,5030400,0.00014910138248847924,513.3,0.39,1.384183,87.78,62635,-0.010591,0.029687,2.759365,0.004166,0.045624,0.626275,0.366218,0.460431,1.753392,1.826067,0.944239,0.934117,0.413471,0.0
6560,5038080,0.00014887096774193547,513.3,0.31,1.256422,78.82,62728,-0.010607,0.010131,2.800604,0.003744,0.035034,0.79284,0.382822,0.702152,1.827281,1.85699,0.979967,0.932379,0.343509,0.0
6570,5045760,0.00014864055299539168,513.3,0.39,1.347678,82.01,62825,-0.01005,0.023117,2.723933,0.003325,0.033295,0.640094,0.514462,0.274305,1.809322,1.81345,0.954475,0.905325,0.357373,0.0
6580,5053440,0.00014841013824884789,513.3,0.33,1.275069,74.64,62926,-0.010151,0.018617,2.726927,0.004476,0.051147,0.713851,0.359976,0.583409,1.72276,1.801823,0.965355,0.924864,0.418245,0.0
6590,5061120,0.00014817972350230415,513.3,0.35,1.334355,68.24,63036,-0.01056,0.022546,2.705901,0.004577,0.050293,0.599065,0.389054,0.374798,1.735134,1.804875,0.897369,0.888931,0.4365,0.0
6600,5068800,0.00014794930875576035,513.3,0.38,1.321539,64.77,63157,-0.00989,0.016512,2.742295,0.004515,0.050079,0.760279,0.373089,0.646335,1.760355,1.841297,0.909153,0.892045,0.309001,0.0
6610,5076480,0.0001477188940092166,513.3,0.4,1.384555,70.62,63264,-0.010555,0.019482,2.69611,0.004833,0.055389,0.674466,0.438187,0.489892,1.716026,1.805598,0.91811,0.884603,0.36847,0.0
6620,5084160,0.0001474884792626728,513.3,0.46,1.45957,72.83,63371,-0.009306,0.021462,2.730282,0.003603,0.037231,0.63749,0.383248,0.453739,1.784883,1.839756,0.951896,0.886824,0.439203,0.0
6630,5091840,0.000147258064516129,513.3,0.41,1.412858,68.27,63483,-0.010387,0.026887,2.695748,0.00382,0.043121,0.578393,0.330164,0.415561,1.827013,1.824739,0.901945,0.866987,0.457374,0.0
6640,5099520,0.00014702764976958524,513.3,0.52,1.538581,77.33,63581,-0.01013,0.016326,2.74049,0.004657,0.051575,0.510816,0.283918,0.485029,1.770237,1.831399,0.902248,0.900014,0.411805,0.0
6650,5107200,0.00014679723502304144,513.3,0.34,1.312949,79.22,63679,-0.009364,0.022531,2.750463,0.003769,0.036163,0.720563,0.572432,0.34771,1.805088,1.855651,0.848018,0.881481,0.477539,0.0
6660,5114880,0.0001465668202764977,513.3,0.58,1.61871,71.81,63788,-0.009743,0.022961,2.723519,0.004576,0.048096,0.719413,0.468492,0.477019,1.696828,1.831768,0.770799,0.891565,0.292659,0.0
6670,5122560,0.0001463364055299539,513.3,0.51,1.530661,69.69,63899,-0.009926,0.018453,2.683997,0.003392,0.034149,0.707806,0.407507,0.656677,1.741256,1.800069,0.853844,0.882116,0.427672,0.0
6680,5130240,0.00014610599078341012,513.4,0.57,1.600516,69.83,64008,-0.009888,0.018997,2.775581,0.003383,0.034851,0.594521,0.508386,0.369686,1.785184,1.831158,0.896214,0.937797,0.446624,0.0
6690,5137920,0.00014587557603686635,513.4,0.48,1.493245,71.59,64118,-0.010382,0.033766,2.767155,0.004214,0.047058,0.551023,0.413237,0.303754,1.781098,1.826384,0.890587,0.93977,0.562592,0.0
6700,5145600,0.00014564516129032256,513.4,0.55,1.619593,68.41,64227,-0.010725,0.023146,2.79009,0.005182,0.060822,0.626151,0.452125,0.367574,1.842912,1.843077,0.944025,0.941697,0.395101,0.0
6710,5153280,0.00014541474654377877,513.4,0.58,1.629773,76.1,64329,-0.010421,0.032141,2.83116,0.004096,0.043335,0.63971,0.448259,0.420628,1.853935,1.865865,0.966928,0.965254,0.432309,0.0
6720,5160960,0.000145184331797235,513.4,0.5,1.52824,68.48,64441,-0.011062,0.023875,2.796076,0.004247,0.041595,0.627658,0.469448,0.35421,1.743616,1.832216,0.959147,0.962407,0.504313,0.0
6730,5168640,0.0001449539170506912,513.4,0.55,1.541212,70.05,64549,-0.010797,0.022352,2.812372,0.004408,0.052429,0.807875,0.677067,0.410727,1.756884,1.86804,0.951944,0.939378,0.413556,0.0
6740,5176320,0.00014472350230414747,513.4,0.54,1.561693,84.36,64643,-0.009565,0.02724,2.829087,0.004229,0.046417,0.498738,0.270244,0.504971,1.736173,1.887921,0.959947,0.944039,0.302884,0.0
6750,5184000,0.00014449308755760368,513.4,0.48,1.431899,75.07,64743,-0.012388,0.034878,2.781032,0.004696,0.05603,0.534875,0.501066,0.099769,1.810766,1.858991,0.941981,0.920381,0.343449,0.0
6760,5191680,0.00014426267281105989,513.4,0.55,1.555952,77.27,64843,-0.010357,0.023177,2.83395,0.004905,0.057526,0.510581,0.398412,0.464682,1.804399,1.87984,0.955256,0.952097,0.350247,0.0
6770,5199360,0.00014403225806451612,513.4,0.51,1.552458,77.18,64943,-0.011548,0.016862,2.852603,0.005045,0.057587,0.785828,0.515133,0.607058,1.777921,1.898423,0.96606,0.949407,0.322983,0.0
6780,5207040,0.00014380184331797233,513.4,0.6,1.6374,80.62,65037,-0.010616,0.027383,2.859988,0.004238,0.049866,0.58006,0.574197,0.106679,1.709614,1.896394,0.97363,0.958802,0.349713,0.0
6790,5214720,0.00014357142857142856,513.4,0.53,1.582329,74.57,65138,-0.008468,0.02059,2.862694,0.003661,0.038544,0.704894,0.583879,0.3554,1.825938,1.905298,0.975013,0.952581,0.387947,0.0
6800,5222400,0.00014334101382488477,513.5,0.5,1.544513,71.84,65246,-0.011747,0.020301,2.837979,0.004718,0.059784,0.640015,0.451585,0.503709,1.813278,1.879779,0.979524,0.953806,0.37666,0.0
6810,5230080,0.000143110599078341,513.4,0.47,1.484033,74.09,65351,-0.009911,0.02846,2.811812,0.004608,0.049408,0.690627,0.37603,0.524747,1.779853,1.883299,0.919942,0.92285,0.446723,0.0
6820,5237760,0.00014288018433179724,513.4,0.49,1.509968,66.82,65467,-0.011172,0.029076,2.8624,0.004871,0.057739,0.563567,0.448083,0.294467,1.864208,1.918586,0.939114,0.940304,0.484848,0.0
6830,5245440,0.00014264976958525344,513.4,0.49,1.47684,74.14,65573,-0.011291,0.028709,2.842234,0.00427,0.044952,0.57404,0.356373,0.396388,1.742381,1.89002,0.950908,0.946047,0.407373,0.0
6840,5253120,0.00014241935483870968,513.4,0.52,1.506183,72.58,65680,-0.009688,0.033157,2.825314,0.00441,0.04834,0.635205,0.436297,0.365294,1.802685,1.866981,0.924723,0.951447,0.441562,0.0
6850,5260800,0.00014218894009216588,513.4,0.55,1.57314,76.85,65778,-0.010152,0.024057,2.826588,0.003691,0.036346,0.61388,0.361372,0.460763,1.760685,1.870085,0.951345,0.953367,0.4854,0.0
6860,5268480,0.0001419585253456221,513.5,0.48,1.485644,88.43,65865,-0.008427,0.019726,2.806569,0.002844,0.024445,0.511252,0.412291,0.425024,1.735802,1.842776,0.984695,0.955426,0.420386,0.0
6870,5276160,0.00014172811059907833,513.5,0.55,1.578642,79.69,65961,-0.01127,0.009949,2.840841,0.003553,0.034454,0.823725,0.559673,0.688317,1.751251,1.8865,0.97954,0.952925,0.454325,0.0
6880,5283840,0.00014149769585253456,513.5,0.58,1.566039,87.28,66049,-0.009845,0.017433,2.814263,0.003516,0.036743,0.699094,0.265152,0.719337,1.761217,1.869389,0.92967,0.941389,0.347133,0.0
6890,5291520,0.0001412672811059908,513.5,0.42,1.42612,84.3,66143,-0.011007,0.022608,2.793002,0.004453,0.048981,0.646507,0.292868,0.565343,1.766136,1.850689,0.967529,0.939254,0.351381,0.0
6900,5299200,0.000141036866359447,513.5,0.36,1.296116,100.14,66211,-0.009726,0.010896,2.832504,0.00424,0.040863,0.764095,0.248449,0.73299,1.611546,1.878712,0.918346,0.951379,0.310357,0.0
6910,5306880,0.0001408064516129032,513.5,0.32,1.268531,87.81,66301,-0.010136,0.017569,2.806113,0.004546,0.05304,0.645163,0.376002,0.461626,1.783469,1.88131,0.900638,0.9214,0.39751,0.0
6920,5314560,0.00014057603686635944,513.5,0.44,1.403537,89.51,66385,-0.010019,0.023824,2.730581,0.003968,0.039978,0.418129,0.523163,-0.042265,1.669859,1.814657,0.910781,0.915398,0.480858,0.0
6930,5322240,0.00014034562211981565,513.5,0.49,1.501742,84.64,66480,-0.009297,0.023646,2.70728,0.003619,0.033905,0.639814,0.455164,0.374788,1.637519,1.787622,0.92168,0.913905,0.427501,0.0
6940,5329920,0.00014011520737327186,513.5,0.45,1.437324,64.09,66599,-0.010787,0.033048,2.758588,0.004729,0.056152,0.603799,0.44792,0.294662,1.748285,1.8388,0.928996,0.916027,0.408236,0.0
6950,5337600,0.00013988479262672812,513.5,0.51,1.5159,64.32,66720,-0.009529,0.02974,2.734367,0.003788,0.034851,0.612095,0.357118,0.4497,1.755096,1.823576,0.916957,0.904337,0.459135,0.0
6960,5345280,0.00013965437788018433,513.5,0.57,1.585301,70.74,66828,-0.010301,0.024453,2.777795,0.00457,0.050018,0.566253,0.391074,0.409194,1.628539,1.849065,0.92136,0.923874,0.318088,0.0
6970,5352960,0.00013942396313364056,513.5,0.63,1.65679,74.7,66932,-0.010211,0.028328,2.759953,0.00463,0.051453,0.310792,0.171526,0.404006,1.659909,1.835903,0.956192,0.924851,0.326323,0.0
6980,5360640,0.00013919354838709677,513.5,0.47,1.477892,76.63,67034,-0.009157,0.025964,2.761238,0.003499,0.036407,0.745355,0.525926,0.473848,1.651468,1.828011,0.940213,0.931821,0.369352,0.0
6990,5368320,0.00013896313364055297,513.5,0.49,1.526243,73.49,67135,-0.010097,0.029139,2.750499,0.004422,0.049927,0.434879,0.273276,0.44331,1.721732,1.814412,0.926543,0.931365,0.389039,0.0
7000,5376000,0.0001387327188940092,513.5,0.51,1.486289,80.7,67229,-0.010383,0.025294,2.764514,0.003874,0.0401,0.456701,0.41157,0.296047,1.564466,1.814024,0.913275,0.951476,0.37298,0.0
7010,5383680,0.00013850230414746542,513.5,0.48,1.476994,62.06,67353,-0.009546,0.04179,2.731313,0.003455,0.031799,0.403211,0.339506,0.18577,1.642636,1.795505,0.903367,0.928015,0.384421,0.0
7020,5391360,0.00013827188940092162,513.5,0.52,1.556632,73.07,67458,-0.010931,0.029287,2.739176,0.004598,0.050293,0.418135,0.285012,0.362542,1.67594,1.796867,0.936631,0.945867,0.346158,0.0
7030,5399040,0.00013804147465437788,513.5,0.46,1.503095,66.59,67576,-0.011077,0.018438,2.759647,0.004329,0.051849,0.599228,0.279296,0.557532,1.697865,1.828581,0.927339,0.932526,0.314323,0.0
7040,5406720,0.0001378110599078341,513.5,0.47,1.47419,73.41,67683,-0.009856,0.015521,2.771545,0.004501,0.052795,0.59053,0.195665,0.687822,1.735731,1.841612,0.918861,0.923523,0.404536,0.0
7050,5414400,0.00013758064516129032,513.5,0.52,1.519066,81.06,67779,-0.01078,0.024619,2.715852,0.004419,0.051147,0.729708,0.443308,0.518298,1.647839,1.799697,0.897263,0.909321,0.373646,0.0
7060,5422080,0.00013735023041474653,513.5,0.55,1.579013,71.06,67884,-0.010953,0.03052,2.722349,0.003839,0.040192,0.413252,0.413953,0.136017,1.717387,1.801696,0.934434,0.924946,0.386118,0.0
7070,5429760,0.00013711981566820274,513.5,0.45,1.464956,60.45,68007,-0.010803,0.034896,2.657229,0.004652,0.055908,0.414713,0.338641,0.379272,1.559796,1.733125,0.898065,0.91761,0.361618,0.0
7080,5437440,0.00013688940092165897,513.5,0.58,1.612548,58.62,68139,-0.010178,0.018398,2.745049,0.004201,0.043365,0.591898,0.498278,0.441452,1.739442,1.814518,0.869752,0.92925,0.343017,0.0
7090,5445120,0.00013665898617511518,513.6,0.51,1.512326,77.46,68240,-0.010982,0.020465,2.728821,0.00486,0.057434,0.628243,0.286645,0.533648,1.703062,1.793178,0.909217,0.935508,0.25778,0.0
7100,5452800,0.00013642857142857144,513.6,0.58,1.648844,61.17,68370,-0.009905,0.021635,2.75361,0.003097,0.029388,0.616134,0.372747,0.566222,1.713515,1.801949,0.954721,0.947763,0.329228,0.0
7110,5460480,0.00013619815668202765,513.5,0.6,1.667678,64.47,68487,-0.009281,0.012616,2.764039,0.003842,0.038147,0.777179,0.513595,0.627524,1.743165,1.834239,0.941542,0.926935,0.312365,0.0
7120,5468160,0.00013596774193548386,513.5,0.58,1.617707,78.01,68587,-0.009492,0.029783,2.784216,0.00442,0.049866,0.631828,0.417694,0.373282,1.736845,1.845402,0.947158,0.935376,0.187574,0.0
7130,5475840,0.0001357373271889401,513.6,0.61,1.656396,79.87,68682,-0.009825,0.010127,2.818699,0.004091,0.047363,0.811786,0.652688,0.584686,1.751578,1.865951,0.931054,0.950326,0.272658,0.0
7140,5483520,0.0001355069124423963,513.6,0.61,1.644958,91.3,68770,-0.008359,0.031399,2.758073,0.003007,0.026337,0.717705,0.555823,0.36865,1.755434,1.830472,0.92364,0.928782,0.229826,0.0
7150,5491200,0.0001352764976958525,513.6,0.45,1.428155,85.13,68863,-0.009604,0.034139,2.723927,0.003594,0.03537,0.451595,0.337129,0.330867,1.757594,1.803055,0.936448,0.915207,0.379586,0.0
7160,5498880,0.00013504608294930874,513.6,0.56,1.585922,69.54,68977,-0.008742,0.011845,2.756533,0.004855,0.05481,0.574885,0.307661,0.664282,1.635858,1.822038,0.89866,0.936501,0.313754,0.0
7170,5506560,0.00013481566820276497,513.6,0.65,1.661663,72.71,69081,-0.009493,0.019931,2.782961,0.005185,0.06424,0.613468,0.612408,0.147984,1.725957,1.870682,0.905819,0.913575,0.33303,0.0
7180,5514240,0.0001345852534562212,513.6,0.57,1.606335,83.55,69176,-0.008873,0.026657,2.812456,0.003834,0.040009,0.639797,0.410066,0.482298,1.797013,1.879954,0.906518,0.929301,0.327756,0.0
7190,5521920,0.00013435483870967741,513.6,0.52,1.518107,73.99,69281,-0.009899,0.01035,2.816859,0.004147,0.045532,0.762548,0.339568,0.723527,1.743082,1.879552,0.942177,0.934843,0.391478,0.0
7200,5529600,0.00013412442396313362,513.6,0.63,1.655111,70.86,69393,-0.010149,0.015455,2.843621,0.004414,0.048096,0.490604,0.377598,0.518625,1.769724,1.896935,0.915369,0.939472,0.396783,0.0
7210,5537280,0.00013389400921658986,513.6,0.53,1.580858,65.95,69508,-0.01088,0.018214,2.799582,0.005692,0.072388,0.68852,0.512872,0.447099,1.797421,1.87044,0.890033,0.922981,0.468383,0.0
7220,5544960,0.00013366359447004606,513.6,0.53,1.507236,60.92,69631,-0.008182,0.036756,2.768771,0.00296,0.02478,0.511668,0.220767,0.472283,1.817907,1.888042,0.876817,0.874443,0.527462,0.0
7230,5552640,0.00013343317972350227,513.6,0.47,1.440751,73.57,69735,-0.010217,0.025352,2.799253,0.004875,0.054413,0.752311,0.545015,0.457713,1.784461,1.89062,0.887455,0.896485,0.497076,0.0
7240,5560320,0.0001332027649769585,513.6,0.53,1.541337,67.37,69844,-0.009967,0.023868,2.729055,0.004272,0.048492,0.54708,0.207891,0.542337,1.732064,1.865489,0.887264,0.850674,0.496391,0.0
7250,5568000,0.00013297235023041474,513.6,0.56,1.620854,73.52,69950,-0.010336,0.025732,2.759574,0.004554,0.052155,0.62792,0.464177,0.400809,1.834054,1.878517,0.890449,0.870202,0.468969,0.0
7260,5575680,0.00013274193548387097,513.6,0.55,1.610549,78.64,70046,-0.010329,0.013224,2.782009,0.004111,0.042908,0.644616,0.496923,0.51253,1.776822,1.884825,0.924815,0.887924,0.50307,0.0
7270,5583360,0.00013251152073732718,513.6,0.52,1.564399,76.15,70150,-0.009876,0.018989,2.78932,0.003883,0.040436,0.611511,0.323697,0.611551,1.846225,1.887824,0.919,0.896304,0.554328,0.0
7280,5591040,0.0001322811059907834,513.6,0.54,1.582509,69.37,70260,-0.008388,0.019786,2.782486,0.00373,0.036316,0.52625,0.375252,0.500474,1.788881,1.848126,0.927255,0.931306,0.557902,0.0
7290,5598720,0.00013205069124423962,513.6,0.53,1.528257,71.64,70367,-0.010616,0.02275,2.80572,0.003738,0.036987,0.444462,0.442277,0.334222,1.813198,1.888736,0.950245,0.915484,0.533399,0.0
7300,5606400,0.00013182027649769583,513.6,0.5,1.516593,73.03,70471,-0.010822,0.020182,2.800209,0.004283,0.049469,0.678871,0.600534,0.391258,1.846045,1.882592,0.937309,0.910244,0.417005,0.0
7310,5614080,0.00013158986175115203,513.6,0.48,1.477498,71.45,70578,-0.008541,0.02052,2.815085,0.003409,0.028412,0.587336,0.41166,0.536678,1.838845,1.878008,0.960623,0.930381,0.320376,0.0
7320,5621760,0.0001313594470046083,513.6,0.5,1.497577,69.18,70687,-0.009835,0.019017,2.777972,0.003206,0.027374,0.656986,0.336002,0.596898,1.737448,1.850439,0.859965,0.916723,0.422742,0.0
7330,5629440,0.0001311290322580645,513.6,0.58,1.610114,71.03,70793,-0.010152,0.020357,2.757278,0.003922,0.040222,0.557707,0.399641,0.452668,1.731934,1.848838,0.94088,0.912232,0.405449,0.0
7340,5637120,0.00013089861751152074,513.7,0.52,1.535772,74.16,70900,-0.009525,0.040785,2.785159,0.003565,0.032379,0.486605,0.471391,0.044403,1.706594,1.87334,0.830446,0.905332,0.413678,0.0
7350,5644800,0.00013066820276497694,513.7,0.54,1.568676,75.29,71001,-0.010428,0.027232,2.770103,0.004456,0.05069,0.677534,0.512606,0.346547,1.7694,1.84394,0.923632,0.915613,0.409066,0.0
7360,5652480,0.00013043778801843315,513.7,0.57,1.610276,70.32,71109,-0.0099,0.017585,2.776779,0.003113,0.02829,0.726278,0.246586,0.70867,1.717787,1.839503,0.9168,0.934509,0.450396,0.0
7370,5660160,0.00013020737327188939,513.7,0.51,1.514923,67.78,71225,-0.010507,0.032003,2.736062,0.004088,0.046448,0.554376,0.44295,0.272343,1.709324,1.824545,0.913117,0.905045,0.533838,0.0
7380,5667840,0.0001299769585253456,513.7,0.6,1.62055,68.03,71339,-0.009903,0.014907,2.792851,0.004758,0.055725,0.666535,0.514839,0.452014,1.755112,1.871977,0.872379,0.921448,0.462635,0.0
7390,5675520,0.00012974654377880185,513.7,0.41,1.404886,70.14,71448,-0.009903,0.026659,2.744003,0.004276,0.047302,0.722218,0.572521,0.350283,1.751181,1.853122,0.922294,0.892481,0.420062,0.0
7400,5683200,0.00012951612903225806,513.7,0.55,1.588069,74.89,71547,-0.008637,0.017011,2.781225,0.003479,0.031036,0.700631,0.595794,0.317756,1.772569,1.876698,0.928036,0.899398,0.390697,0.0
7410,5690880,0.00012928571428571427,513.7,0.52,1.526685,72.67,71650,-0.00874,0.022289,2.732883,0.00312,0.029388,0.597369,0.470953,0.340533,1.820301,1.839441,0.899249,0.890518,0.355652,0.0
7420,5698560,0.0001290552995391705,513.7,0.52,1.525792,77.38,71750,-0.009698,0.021574,2.785587,0.004334,0.044647,0.511228,0.343913,0.446172,1.880103,1.851836,0.940015,0.934845,0.311672,0.0
7430,5706240,0.0001288248847926267,513.7,0.52,1.510739,68.52,71866,-0.009628,0.029373,2.737593,0.003582,0.035065,0.639313,0.360566,0.480302,1.751724,1.817835,0.933906,0.915649,0.346469,0.0
7440,5713920,0.00012859447004608294,513.6,0.55,1.597465,70.7,71976,-0.010765,0.042256,2.745739,0.004582,0.053833,0.503331,0.510791,0.082761,1.716223,1.825434,0.930594,0.919271,0.351922,0.0
7450,5721600,0.00012836405529953915,513.6,0.65,1.73112,83.52,72063,-0.009321,0.012912,2.739899,0.004115,0.044037,0.770772,0.564122,0.544096,1.762194,1.807078,0.936971,0.92529,0.347647,0.0
7460,5729280,0.00012813364055299536,513.5,0.6,1.651697,71.71,72169,-0.009735,0.03269,2.737237,0.004603,0.055573,0.578828,0.524106,0.115234,1.727684,1.799475,0.972893,0.939583,0.368999,0.0
7470,5736960,0.00012790322580645162,513.5,0.58,1.622336,77.5,72271,-0.009634,0.040335,2.713061,0.004009,0.043976,0.542076,0.434868,0.23114,1.72828,1.775653,0.959846,0.933416,0.278965,0.0
7480,5744640,0.00012767281105990783,513.5,0.6,1.623451,75.84,72370,-0.008877,0.010656,2.758436,0.004058,0.042908,0.682873,0.47531,0.669113,1.68921,1.807738,0.984785,0.945388,0.26504,0.0
7490,5752320,0.00012744239631336406,513.5,0.56,1.602541,75.09,72471,-0.01049,0.02908,2.757947,0.003789,0.038666,0.56358,0.384758,0.334457,1.749718,1.796213,0.943077,0.952748,0.300461,0.0
7500,5760000,0.00012721198156682027,513.5,0.57,1.580501,72.31,72581,-0.010038,0.030668,2.749499,0.004342,0.052826,0.650995,0.534968,0.257773,1.68143,1.802066,0.91502,0.945413,0.25029,0.0
7510,5767680,0.00012698156682027648,513.5,0.58,1.627112,76.5,72681,-0.010337,0.024239,2.783454,0.005029,0.061737,0.668216,0.439198,0.437201,1.718503,1.83419,0.927475,0.953352,0.294721,0.0
7520,5775360,0.0001267511520737327,513.5,0.45,1.440283,66.41,72790,-0.009032,0.026466,2.811753,0.003962,0.044403,0.617212,0.31777,0.484299,1.795705,1.873649,0.917418,0.937977,0.310957,0.0
7530,5783040,0.00012652073732718892,513.5,0.48,1.487254,79.54,72886,-0.010295,0.028505,2.837764,0.004022,0.044952,0.604887,0.344554,0.453565,1.811451,1.896453,0.927279,0.942673,0.233203,0.0
7540,5790720,0.00012629032258064518,513.5,0.42,1.4466,80.81,72979,-0.009148,0.025656,2.794234,0.002845,0.027374,0.597938,0.483654,0.317995,1.719853,1.875609,0.920506,0.920794,0.320691,0.0
7550,5798400,0.00012605990783410138,513.5,0.37,1.334386,71.85,73086,-0.00973,0.028463,2.801138,0.00339,0.031647,0.47744,0.213814,0.54543,1.735891,1.841359,0.900733,0.957271,0.310623,0.0
7560,5806080,0.0001258294930875576,513.6,0.45,1.439496,77.45,73187,-0.008703,0.0305,2.774543,0.004287,0.046265,0.523036,0.382318,0.286362,1.710652,1.819412,0.908058,0.954575,0.288368,0.0
7570,5813760,0.00012559907834101383,513.6,0.42,1.432809,71.08,73295,-0.00996,0.019285,2.77989,0.00486,0.057037,0.721546,0.306292,0.644039,1.765548,1.831016,0.969045,0.955188,0.211308,0.0
7580,5821440,0.00012536866359447003,513.6,0.46,1.450622,72.97,73397,-0.009526,0.026702,2.806128,0.003865,0.035095,0.627947,0.490381,0.305134,1.762132,1.860534,0.907058,0.943807,0.259117,0.0
7590,5829120,0.00012513824884792624,513.6,0.61,1.655208,70.38,73507,-0.011163,0.011129,2.78715,0.004188,0.049133,0.736226,0.387838,0.670781,1.734214,1.854712,0.936785,0.932568,0.32598,0.0
7600,5836800,0.00012490783410138247,513.6,0.53,1.552199,73.07,73614,-0.010807,0.022203,2.774322,0.004011,0.045227,0.679854,0.384356,0.529866,1.773624,1.860627,0.890498,0.911563,0.353812,0.0
7610,5844480,0.0001246774193548387,513.6,0.42,1.40518,70.76,73723,-0.00931,0.027735,2.77573,0.004157,0.044159,0.452602,0.388743,0.239639,1.734653,1.847821,0.897202,0.929182,0.313912,0.0
7620,5852160,0.00012444700460829494,513.6,0.53,1.569925,72.94,73829,-0.011072,0.029173,2.788359,0.004775,0.057281,0.563337,0.507241,0.178942,1.740274,1.866972,0.92298,0.921161,0.356882,0.0
7630,5859840,0.00012421658986175115,513.6,0.56,1.598658,75.22,73930,-0.011668,0.01072,2.792816,0.004994,0.060425,0.713874,0.487088,0.513986,1.787044,1.855247,0.928019,0.930658,0.330002,0.0
7640,5867520,0.00012398617511520736,513.6,0.64,1.672473,88.15,74016,-0.01023,0.015939,2.788643,0.003978,0.044159,0.749105,0.586817,0.436301,1.841767,1.867049,0.959488,0.918792,0.33779,0.0
7650,5875200,0.0001237557603686636,513.6,0.61,1.639152,89.01,74103,-0.008233,0.025331,2.764007,0.003105,0.027527,0.638681,0.361923,0.442164,1.750921,1.857442,0.936052,0.903997,0.377777,0.0
7660,5882880,0.0001235253456221198,513.6,0.59,1.627736,86.42,74194,-0.010228,0.025659,2.727081,0.004024,0.046936,0.497799,0.215531,0.560965,1.733958,1.802399,0.933803,0.915985,0.358496,0.0
7670,5890560,0.000123294930875576,513.6,0.6,1.617918,87.15,74279,-0.009026,0.024829,2.706066,0.002787,0.027527,0.491092,0.395809,0.267318,1.674987,1.809746,0.932541,0.897298,0.279412,0.0
7680,5898240,0.00012306451612903224,513.6,0.52,1.570465,78.1,74380,-0.009966,0.030645,2.805009,0.003991,0.042084,0.586811,0.460281,0.348548,1.778827,1.884299,0.913655,0.921185,0.315399,0.0
7690,5905920,0.00012283410138248847,513.6,0.55,1.562284,74.0,74482,-0.009105,0.025139,2.733007,0.003367,0.032288,0.556372,0.333398,0.415786,1.661289,1.820025,0.915612,0.914682,0.380762,0.0
7700,5913600,0.0001226036866359447,513.7,0.69,1.733501,78.58,74579,-0.010199,0.014053,2.725177,0.004669,0.052216,0.725405,0.492094,0.601836,1.721011,1.833615,0.907831,0.888004,0.334825,0.0
7710,5921280,0.00012237327188940092,513.6,0.49,1.467414,67.4,74691,-0.009573,0.020679,2.746301,0.004322,0.048981,0.548869,0.279517,0.478664,1.751577,1.831552,0.934395,0.908572,0.255987,0.0
7720,5928960,0.00012214285714285712,513.6,0.54,1.56866,77.02,74789,-0.011975,0.025271,2.724081,0.004694,0.052795,0.699503,0.37468,0.549489,1.717802,1.810084,0.927734,0.910237,0.307775,0.0
7730,5936640,0.00012191244239631334,513.7,0.63,1.677856,80.51,74879,-0.009942,0.0214,2.713624,0.004744,0.059692,0.53278,0.403629,0.456141,1.75684,1.815907,0.898612,0.899919,0.452675,0.0
7740,5944320,0.00012168202764976956,513.7,0.57,1.594743,90.03,74965,-0.009349,0.014581,2.744084,0.004195,0.047058,0.581049,0.265805,0.603489,1.794757,1.831506,0.908961,0.906686,0.373191,0.0
7750,5952000,0.00012145161290322578,513.7,0.57,1.575582,76.08,75062,-0.008265,0.01409,2.764647,0.002901,0.023285,0.730589,0.40447,0.650969,1.742139,1.83119,0.95774,0.932781,0.252343,0.0
7760,5959680,0.00012122119815668203,513.7,0.54,1.596943,79.84,75162,-0.008394,0.025235,2.755616,0.003574,0.037842,0.597238,0.506567,0.281858,1.742684,1.831667,0.904385,0.926144,0.301105,0.0
7770,5967360,0.00012099078341013825,513.7,0.45,1.441334,79.2,75258,-0.008418,0.023671,2.762334,0.003458,0.032837,0.561819,0.400713,0.290817,1.785372,1.842974,0.930677,0.91826,0.243433,0.0
7780,5975040,0.00012076036866359446,513.7,0.56,1.56455,81.18,75353,-0.008551,0.021014,2.784451,0.003147,0.028381,0.439514,0.197892,0.574355,1.781226,1.861017,0.913492,0.924316,0.394418,0.0
7790,5982720,0.00012052995391705068,513.7,0.57,1.592213,77.25,75450,-0.009847,0.007985,2.812759,0.003909,0.045502,0.807089,0.778355,0.530208,1.863297,1.889731,0.945038,0.920358,0.355912,0.0
7800,5990400,0.0001202995391705069,513.7,0.46,1.467975,75.39,75552,-0.010058,0.025786,2.781793,0.003807,0.039185,0.621511,0.483996,0.317828,1.799705,1.854814,0.913047,0.92191,0.345032,0.0
7810,5998080,0.00012006912442396311,513.7,0.55,1.564271,84.13,75638,-0.009143,0.012626,2.757568,0.003952,0.043335,0.593689,0.380888,0.587168,1.872727,1.833219,0.952795,0.925182,0.364957,0.0
7820,6005760,0.00011983870967741933,513.7,0.48,1.505051,58.01,75760,-0.009357,0.027553,2.734357,0.00364,0.036346,0.590311,0.439988,0.347533,1.809271,1.837691,0.916773,0.897103,0.458641,0.0
7830,6013440,0.00011960829493087558,513.7,0.52,1.536529,56.5,75888,-0.009286,0.024977,2.734939,0.003846,0.042419,0.353492,0.281964,0.358601,1.825935,1.820143,0.935669,0.914995,0.401669,0.0
7840,6021120,0.0001193778801843318,513.7,0.6,1.639703,77.12,75988,-0.01009,0.019276,2.764502,0.004365,0.052094,0.716306,0.417784,0.555804,1.778339,1.83345,0.93149,0.935004,0.455098,0.0
7850,6028800,0.00011914746543778802,513.8,0.52,1.527638,77.66,76088,-0.008583,0.026348,2.760339,0.003078,0.026886,0.496223,0.344955,0.431368,1.837471,1.831527,0.926226,0.924817,0.485191,0.0
7860,6036480,0.00011891705069124423,513.8,0.61,1.646132,82.27,76178,-0.009748,0.027483,2.818861,0.004235,0.044128,0.549483,0.429045,0.360081,1.78732,1.869339,0.963788,0.946914,0.321417,0.0
7870,6044160,0.00011868663594470045,513.8,0.5,1.495413,74.92,76281,-0.010027,0.01848,2.819747,0.004515,0.053131,0.657434,0.597237,0.380739,1.793511,1.865474,0.939614,0.953452,0.449603,0.0
7880,6051840,0.00011845622119815667,513.8,0.51,1.512972,74.74,76384,-0.008495,0.019158,2.81842,0.003909,0.043976,0.532239,0.222266,0.568663,1.727472,1.87638,0.918259,0.950582,0.429715,0.0
7890,6059520,0.00011822580645161289,513.8,0.6,1.644891,81.29,76480,-0.008988,0.011026,2.845416,0.003332,0.03299,0.6147,0.365451,0.608154,1.805879,1.88625,0.893938,0.953954,0.259672,0.0
7900,6067200,0.0001179953917050691,513.8,0.48,1.497237,71.42,76588,-0.009598,0.027037,2.85281,0.004455,0.04718,0.598053,0.436056,0.384222,1.808498,1.88499,0.968218,0.964946,0.424174,0.0
7910,6074880,0.00011776497695852534,513.8,0.45,1.451569,65.43,76700,-0.007919,0.022414,2.842407,0.003216,0.027985,0.578701,0.250575,0.593108,1.747937,1.884769,0.932731,0.95498,0.381001,0.0
7920,6082560,0.00011753456221198156,513.8,0.51,1.515137,73.25,76804,-0.008508,0.016934,2.84815,0.003154,0.02655,0.57825,0.434057,0.551302,1.76477,1.89738,0.914936,0.947766,0.46916,0.0
7930,6090240,0.00011730414746543778,513.8,0.56,1.600262,85.73,76896,-0.008479,0.029987,2.842206,0.002894,0.027252,0.618439,0.386556,0.451391,1.844973,1.90296,0.843304,0.935029,0.383874,0.0
7940,6097920,0.000117073732718894,513.8,0.51,1.516174,76.0,76991,-0.01059,0.009732,2.82542,0.005218,0.06192,0.716149,0.180005,0.799706,1.766968,1.87683,0.929849,0.938172,0.420726,0.0
7950,6105600,0.00011684331797235021,513.8,0.63,1.675741,83.04,77086,-0.0084,0.03034,2.802469,0.003513,0.034698,0.709233,0.527523,0.39624,1.786031,1.856822,0.940679,0.935604,0.384934,0.0
7960,6113280,0.00011661290322580643,513.8,0.53,1.596427,77.96,77184,-0.008581,0.038136,2.801994,0.003919,0.039856,0.341072,0.215187,0.363635,1.836403,1.857876,0.913482,0.941305,0.293182,0.0
7970,6120960,0.00011638248847926265,513.9,0.54,1.5828,80.2,77278,-0.009274,0.023061,2.796809,0.003484,0.03006,0.518329,0.359296,0.399776,1.788803,1.859645,0.906355,0.940114,0.428133,0.0
7980,6128640,0.0001161520737327189,513.9,0.38,1.392101,93.89,77355,-0.009017,0.012808,2.818486,0.003702,0.034271,0.692432,0.537515,0.410268,1.803572,1.862366,0.93566,0.951425,0.301712,0.0
7990,6136320,0.00011592165898617512,513.9,0.47,1.432538,93.92,77436,-0.010284,0.025273,2.831114,0.003911,0.042084,0.42811,0.314093,0.364123,1.774234,1.876142,0.899434,0.949249,0.358289,0.0
8000,6144000,0.00011569124423963133,513.9,0.56,1.536095,78.96,77535,-0.009391,0.017954,2.792542,0.003921,0.03833,0.589706,0.187367,0.648181,1.802934,1.846622,0.92185,0.94605,0.396618,0.0
8010,6151680,0.00011546082949308755,513.9,0.58,1.541329,80.22,77628,-0.007851,0.023775,2.814714,0.003064,0.025757,0.479656,0.357518,0.376796,1.741189,1.84929,0.940427,0.960552,0.362934,0.0
8020,6159360,0.00011523041474654377,513.9,0.62,1.635156,80.8,77724,-0.010322,0.023544,2.79685,0.004331,0.048248,0.665693,0.464914,0.500774,1.837319,1.860687,0.945743,0.929485,0.387113,0.0
8030,6167040,0.00011499999999999998,513.9,0.55,1.590491,66.63,77839,-0.009628,0.029042,2.826424,0.003131,0.029236,0.512233,0.305635,0.46765,1.777996,1.884398,0.926251,0.933621,0.416572,0.0
8040,6174720,0.0001147695852534562,513.9,0.48,1.453327,64.93,77954,-0.007625,0.01526,2.838416,0.00324,0.032349,0.715834,0.469388,0.596479,1.791733,1.895048,0.952713,0.944678,0.328366,0.0
8050,6182400,0.00011453917050691244,513.9,0.51,1.505282,76.65,78055,-0.009307,0.010596,2.817038,0.004656,0.056641,0.752986,0.52045,0.527285,1.73298,1.874587,0.974136,0.937722,0.437381,0.0
8060,6190080,0.00011430875576036867,513.9,0.58,1.637584,77.62,78155,-0.009333,0.022626,2.807602,0.004367,0.048981,0.596429,0.279743,0.528127,1.688941,1.864628,0.964087,0.939759,0.371325,0.0
8070,6197760,0.00011407834101382489,513.9,0.5,1.523776,64.99,78271,-0.010755,0.018496,2.777867,0.003418,0.036835,0.711685,0.537916,0.411648,1.736391,1.853909,0.923043,0.92166,0.376843,0.0
8080,6205440,0.00011384792626728109,513.9,0.58,1.617454,68.84,78386,-0.00952,0.037947,2.766334,0.004115,0.044525,0.551343,0.380972,0.329296,1.688352,1.830179,0.901914,0.928183,0.397792,0.0
8090,6213120,0.00011361751152073731,513.9,0.53,1.544998,70.59,78497,-0.009562,0.023979,2.817198,0.004116,0.04422,0.651439,0.65057,0.056698,1.852754,1.875719,0.918847,0.932135,0.441671,0.0
8100,6220800,0.00011338709677419353,513.9,0.56,1.553813,66.72,78612,-0.007619,0.016553,2.756433,0.003451,0.037354,0.605078,0.600913,0.334708,1.775028,1.835761,0.903069,0.914398,0.270113,0.0
8110,6228480,0.00011315668202764974,513.9,0.54,1.603703,72.37,78721,-0.008604,0.037444,2.801925,0.002539,0.020508,0.506427,0.330149,0.32488,1.824407,1.864266,0.925982,0.925951,0.417,0.0
8120,6236160,0.00011292626728110596,513.9,0.47,1.424436,72.11,78828,-0.008268,0.021776,2.797639,0.003587,0.029968,0.448682,0.321566,0.516763,1.781075,1.837906,0.985902,0.952287,0.383845,0.0
8130,6243840,0.00011269585253456221,514.0,0.55,1.588009,79.65,78925,-0.009452,0.030756,2.794952,0.003725,0.038025,0.539666,0.406174,0.393176,1.747363,1.836765,0.939904,0.952671,0.471858,0.0
8140,6251520,0.00011246543778801843,514.0,0.63,1.668658,72.78,79031,-0.008036,0.029741,2.725716,0.003522,0.035339,0.500244,0.306585,0.423118,1.7709,1.805386,0.921239,0.920442,0.381172,0.0
8150,6259200,0.00011223502304147465,514.0,0.59,1.652886,77.7,79128,-0.008006,0.015601,2.824446,0.003711,0.037811,0.724396,0.679752,0.419938,1.833925,1.870829,0.930379,0.953404,0.441066,0.0
8160,6266880,0.00011200460829493086,514.0,0.62,1.687312,75.2,79227,-0.009749,0.015509,2.795286,0.004273,0.048492,0.649969,0.413374,0.497217,1.751789,1.845285,0.828252,0.942131,0.452089,0.0
8170,6274560,0.00011177419354838708,514.0,0.58,1.633574,80.45,79327,-0.010224,0.016834,2.7967,0.004639,0.058502,0.623816,0.259929,0.696088,1.800855,1.863601,0.924849,0.928951,0.294071,0.0
8180,6282240,0.0001115437788018433,514.0,0.61,1.66346,71.92,79428,-0.009375,0.011365,2.782047,0.004171,0.046753,0.632318,0.038947,0.742462,1.772116,1.86085,0.94753,0.920567,0.239078,0.0
8190,6289920,0.00011131336405529952,514.0,0.55,1.552131,76.08,79531,-0.009109,0.019589,2.818171,0.003481,0.032654,0.626452,0.235353,0.583949,1.788091,1.871066,0.915549,0.947513,0.42715,0.0
8200,6297600,0.00011108294930875577,514.0,0.51,1.511613,68.22,79646,-0.008432,0.023992,2.76437,0.003119,0.02594,0.663874,0.313507,0.570318,1.713977,1.825325,0.848407,0.934085,0.47327,0.0
8210,6305280,0.00011085253456221198,514.0,0.52,1.542379,66.05,79758,-0.008563,0.045025,2.760933,0.003161,0.029694,0.492413,0.464571,0.054869,1.733903,1.791525,0.909538,0.962437,0.44743,0.0
8220,6312960,0.0001106221198156682,514.0,0.6,1.613532,73.45,79861,-0.007582,0.024646,2.791562,0.003493,0.031647,0.443643,0.226098,0.458264,1.698598,1.834847,0.908285,0.95701,0.480321,0.0
8230,6320640,0.00011039170506912442,514.0,0.61,1.668685,83.51,79951,-0.008767,0.007169,2.835644,0.003999,0.037231,0.762774,0.623739,0.632419,1.720706,1.859472,0.903507,0.974536,0.516165,0.0
8240,6328320,0.00011016129032258064,514.0,0.57,1.615914,84.75,80044,-0.008538,0.024785,2.835806,0.004285,0.044861,0.539044,0.475355,0.299066,1.804096,1.868417,0.940733,0.968503,0.507897,0.0
8250,6336000,0.00010993087557603684,514.1,0.64,1.715856,76.28,80146,-0.008241,0.014982,2.798437,0.003615,0.037415,0.68993,0.610924,0.24757,1.866107,1.839134,0.911984,0.957784,0.462831,0.0
8260,6343680,0.00010970046082949307,514.1,0.64,1.660615,76.55,80246,-0.008165,0.032029,2.810561,0.002983,0.026703,0.772784,0.716238,0.266798,1.717549,1.838075,0.974323,0.965935,0.546505,0.0
8270,6351360,0.00010947004608294931,514.1,0.58,1.615067,83.76,80339,-0.008866,0.014831,2.824693,0.004142,0.048767,0.723274,0.459877,0.565019,1.742737,1.856133,0.96858,0.963424,0.598882,0.0
8280,6359040,0.00010923963133640553,514.1,0.61,1.704901,72.76,80442,-0.009832,0.01566,2.837749,0.00308,0.029816,0.681112,0.528505,0.353909,1.799332,1.885148,0.913609,0.947044,0.489214,0.0
8290,6366720,0.00010900921658986175,514.1,0.61,1.645317,76.61,80544,-0.010146,0.023345,2.818759,0.003658,0.040161,0.546922,0.332515,0.451949,1.822893,1.861231,0.899402,0.944223,0.502305,0.0
8300,6374400,0.00010877880184331796,514.1,0.54,1.596372,83.35,80634,-0.008096,0.016119,2.78752,0.003242,0.024963,0.662327,0.210705,0.739047,1.766511,1.840029,0.888752,0.931368,0.601171,0.0
8310,6382080,0.00010854838709677418,514.1,0.54,1.53491,69.28,80746,-0.008292,0.024446,2.78684,0.003303,0.026978,0.553792,0.359422,0.392257,1.799848,1.833813,0.959258,0.942018,0.761482,0.0
8320,6389760,0.0001083179723502304,514.1,0.61,1.664111,78.48,80844,-0.007451,0.015107,2.813968,0.003049,0.023926,0.69692,0.540218,0.388455,1.774635,1.866637,0.931927,0.948083,0.57467,0.0
8330,6397440,0.00010808755760368661,514.1,0.56,1.641199,82.82,80938,-0.009068,0.0236,2.813561,0.004005,0.044037,0.611275,0.403145,0.453239,1.752405,1.858889,0.942413,0.955978,0.572025,0.0
8340,6405120,0.00010785714285714287,514.1,0.59,1.64578,83.05,81028,-0.008378,0.022597,2.859769,0.003297,0.033325,0.603004,0.361015,0.453113,1.792378,1.882354,0.975929,0.971459,0.585914,0.0
8350,6412800,0.00010762672811059908,514.1,0.64,1.724288,87.96,81115,-0.008227,0.018012,2.843962,0.004099,0.043793,0.585556,0.55811,0.218651,1.762446,1.870097,0.942507,0.969009,0.391159,0.0
8360,6420480,0.0001073963133640553,514.1,0.49,1.466281,68.61,81224,-0.00792,0.029139,2.809668,0.003312,0.031769,0.603047,0.570589,0.120288,1.762182,1.855788,0.909477,0.946123,0.359954,0.0
8370,6428160,0.00010716589861751152,514.2,0.6,1.656655,77.34,81325,-0.006842,0.012167,2.819523,0.002556,0.017822,0.68144,0.592272,0.408801,1.736804,1.846308,0.930192,0.96907,0.413518,0.0
8380,6435840,0.00010693548387096773,514.2,0.6,1.651824,84.0,81414,-0.007751,0.014563,2.856947,0.004603,0.048096,0.365735,0.358258,0.5935,1.790979,1.870565,0.981238,0.988396,0.328726,0.0
8390,6443520,0.00010670506912442395,514.2,0.57,1.5506,91.02,81497,-0.008432,0.019831,2.841498,0.003334,0.025879,0.604463,0.193164,0.612454,1.821991,1.894242,0.95679,0.949394,0.419333,0.0
8400,6451200,0.00010647465437788017,514.2,0.53,1.529563,90.43,81581,-0.009651,0.030085,2.8229,0.004484,0.049225,0.518548,0.392918,0.273241,1.790353,1.875667,0.929019,0.941814,0.522945,0.0
8410,6458880,0.00010624423963133637,514.2,0.49,1.496173,87.94,81670,-0.008778,0.026103,2.858752,0.003889,0.039062,0.566992,0.427192,0.358647,1.853773,1.902003,0.961142,0.956419,0.45656,0.0
8420,6466560,0.00010601382488479264,514.2,0.55,1.585477,79.17,81766,-0.007462,0.021042,2.843798,0.002978,0.021881,0.443437,0.266683,0.510872,1.819933,1.907006,0.954514,0.935129,0.403184,0.0
8430,6474240,0.00010578341013824884,514.2,0.56,1.599641,79.01,81863,-0.008529,0.025993,2.852036,0.003473,0.03299,0.619283,0.179121,0.606735,1.833528,1.893553,0.929926,0.952901,0.521132,0.0
8440,6481920,0.00010555299539170506,514.2,0.54,1.556353,79.88,81955,-0.008656,0.02292,2.842936,0.003365,0.026306,0.699751,0.55736,0.386416,1.807088,1.912979,0.889141,0.926439,0.593791,0.0
8450,6489600,0.00010532258064516128,514.2,0.54,1.583069,76.55,82057,-0.007704,0.02568,2.831781,0.003098,0.027557,0.501713,0.352014,0.301658,1.884826,1.907466,0.885768,0.925843,0.405098,0.0
8460,6497280,0.00010509216589861749,514.2,0.48,1.487985,73.39,82163,-0.008503,0.02932,2.830264,0.002549,0.020416,0.43289,0.363069,0.263228,1.834546,1.905339,0.924894,0.921067,0.366279,0.0
8470,6504960,0.00010486175115207371,514.2,0.52,1.491274,72.49,82270,-0.008422,0.032328,2.844583,0.003511,0.037994,0.356695,0.265454,0.277789,1.789834,1.89823,0.929389,0.939281,0.520109,0.0
8480,6512640,0.00010463133640552993,514.2,0.42,1.397708,66.3,82385,-0.006906,0.026879,2.874616,0.002745,0.018097,0.677029,0.36974,0.526186,1.805767,1.924551,0.937995,0.948499,0.3944,0.0
8490,6520320,0.00010440092165898618,514.2,0.43,1.453409,68.44,82499,-0.008033,0.026125,2.857793,0.003257,0.0289,0.575917,0.436682,0.324972,1.748643,1.907783,0.928728,0.943831,0.468764,0.0
8500,6528000,0.0001041705069124424,514.2,0.47,1.502645,68.47,82608,-0.007427,0.032239,2.883306,0.003616,0.029999,0.553484,0.358523,0.415038,1.711456,1.918975,0.890081,0.964209,0.42578,0.0
8510,6535680,0.00010394009216589861,514.2,0.47,1.436481,71.0,82715,-0.00834,0.033637,2.862008,0.003043,0.026642,0.437229,0.320557,0.336048,1.78953,1.890856,0.962262,0.967279,0.468988,0.0
8520,6543360,0.00010370967741935483,514.2,0.5,1.510675,80.97,82805,-0.008423,0.01685,2.848856,0.00347,0.033813,0.461314,0.390642,0.328337,1.753213,1.89076,0.928891,0.953957,0.329132,0.0
8530,6551040,0.00010347926267281105,514.2,0.37,1.322287,77.99,82904,-0.008327,0.023862,2.842535,0.003837,0.039825,0.383885,0.237735,0.365576,1.718225,1.875458,0.930488,0.960871,0.349254,0.0
8540,6558720,0.00010324884792626727,514.2,0.5,1.496396,70.11,83014,-0.006227,0.03079,2.815809,0.002547,0.020996,0.439865,0.367222,0.262743,1.723438,1.855904,0.933339,0.952271,0.362457,0.0
8550,6566400,0.00010301843317972348,514.2,0.51,1.487158,76.27,83113,-0.007597,0.024781,2.843285,0.003386,0.028534,0.723217,0.552861,0.383378,1.686175,1.892234,0.913643,0.949938,0.370142,0.0
8560,6574080,0.00010278801843317973,514.2,0.59,1.649796,66.62,83227,-0.007304,0.0301,2.826704,0.003293,0.029968,0.363195,0.17396,0.455482,1.779335,1.871168,0.948129,0.948782,0.439137,0.0
8570,6581760,0.00010255760368663595,514.2,0.47,1.481903,76.63,83328,-0.008011,0.022056,2.837103,0.003767,0.037109,0.549486,0.540324,0.222407,1.702424,1.879293,0.918864,0.952933,0.49911,0.0
8580,6589440,0.00010232718894009217,514.2,0.52,1.536752,72.43,83436,-0.007675,0.023437,2.813316,0.002917,0.026184,0.524757,0.371123,0.333855,1.643085,1.878542,0.848064,0.934915,0.424672,0.0
8590,6597120,0.00010209677419354839,514.2,0.59,1.619789,68.99,83544,-0.008942,0.01515,2.839635,0.004789,0.054016,0.704705,0.656515,0.236537,1.706311,1.896341,0.875849,0.939936,0.590218,0.0
8600,6604800,0.0001018663594470046,514.3,0.59,1.608045,89.62,83628,-0.006699,0.02467,2.859879,0.002617,0.020111,0.475121,0.398683,0.243157,1.748137,1.88793,0.943437,0.966137,0.507442,0.0
8610,6612480,0.00010163594470046082,514.2,0.47,1.457819,84.02,83721,-0.007742,0.024231,2.857032,0.002923,0.021423,0.424205,0.247333,0.421649,1.798427,1.90359,0.913896,0.950209,0.449399,0.0
8620,6620160,0.00010140552995391704,514.2,0.59,1.581669,78.9,83819,-0.007949,0.021714,2.823093,0.004302,0.039612,0.486233,0.195132,0.539217,1.848598,1.888352,0.913063,0.935955,0.467252,0.0
8630,6627840,0.00010117511520737324,514.2,0.52,1.533027,83.04,83908,-0.007722,0.009749,2.839635,0.003179,0.027863,0.616691,0.557405,0.614386,1.806777,1.891211,0.924443,0.942181,0.562627,0.0
8640,6635520,0.00010094470046082949,514.3,0.59,1.617917,81.66,84004,-0.007553,0.026567,2.811182,0.004103,0.043793,0.497948,0.258352,0.425942,1.80943,1.886654,0.909549,0.922248,0.573828,0.0
8650,6643200,0.00010071428571428571,514.3,0.48,1.494633,64.87,84118,-0.007574,0.015957,2.81113,0.00298,0.026306,0.556346,0.341722,0.553676,1.899562,1.894008,0.889244,0.910219,0.489151,0.0
8660,6650880,0.00010048387096774193,514.3,0.53,1.552715,71.06,84225,-0.007235,0.021455,2.80327,0.004142,0.048492,0.520409,0.358526,0.425146,1.820755,1.890892,0.893281,0.908788,0.571382,0.0
8670,6658560,0.00010025345622119815,514.3,0.52,1.526323,79.87,84318,-0.007618,0.016423,2.824068,0.004202,0.043304,0.765257,0.412303,0.606085,1.773438,1.887686,0.933646,0.944831,0.574663,0.0
8680,6666240,0.00010002304147465436,514.3,0.56,1.624228,85.68,84408,-0.009155,0.014788,2.847032,0.003696,0.03894,0.871347,0.740571,0.520129,1.780797,1.91991,0.887262,0.925862,0.635687,0.0
8690,6673920,9.979262672811058e-05,514.3,0.44,1.421451,89.35,84495,-0.009524,0.020731,2.848527,0.003842,0.045166,0.701468,0.374971,0.540962,1.868619,1.904832,0.930136,0.938616,0.621457,0.0
8700,6681600,9.95622119815668e-05,514.3,0.52,1.505531,92.71,84579,-0.007052,0.026803,2.850081,0.002687,0.022186,0.619597,0.402668,0.398549,1.802762,1.897164,0.953189,0.94835,0.588183,0.0
8710,6689280,9.933179723502305e-05,514.3,0.54,1.552744,87.18,84665,-0.007561,0.019985,2.856723,0.002773,0.022491,0.701621,0.518444,0.434009,1.775821,1.910709,0.911126,0.941005,0.670737,0.0
8720,6696960,9.910138248847927e-05,514.3,0.64,1.677891,84.55,84758,-0.008551,0.026686,2.862948,0.004244,0.046539,0.512361,0.371514,0.409055,1.764284,1.901546,0.923311,0.959204,0.590038,0.0
8730,6704640,9.887096774193548e-05,514.3,0.66,1.728613,82.0,84849,-0.007393,0.004718,2.819282,0.002832,0.022705,0.841884,0.711835,0.755433,1.785651,1.872525,0.927812,0.93733,0.645631,0.0
8740,6712320,9.86405529953917e-05,514.3,0.5,1.50414,88.65,84939,-0.00793,0.030292,2.848989,0.003668,0.034851,0.646455,0.566044,0.217066,1.807683,1.892082,0.911227,0.937562,0.626843,0.0
8750,6720000,9.841013824884792e-05,514.3,0.5,1.525579,68.06,85054,-0.007447,0.026361,2.823304,0.003214,0.025177,0.606213,0.413211,0.417889,1.819067,1.887839,0.905616,0.921919,0.72886,0.0
8760,6727680,9.817972350230412e-05,514.3,0.61,1.644793,73.02,85161,-0.006891,0.047798,2.838769,0.002394,0.01593,0.713976,0.52666,0.399741,1.803441,1.890439,0.948101,0.941012,0.657366,0.0
8770,6735360,9.794930875576035e-05,514.3,0.51,1.526001,65.08,85278,-0.007137,0.024711,2.809697,0.002523,0.019135,0.759347,0.467346,0.554779,1.790717,1.886832,0.863298,0.918042,0.558264,0.0
8780,6743040,9.77188940092166e-05,514.3,0.44,1.477161,65.63,85397,-0.007553,0.035322,2.774342,0.002431,0.01532,0.464971,0.385416,0.182348,1.844445,1.863835,0.899117,0.900102,0.692802,0.0
8790,6750720,9.748847926267281e-05,514.3,0.42,1.371041,72.7,85503,-0.006277,0.040382,2.784687,0.003182,0.026886,0.468427,0.364692,0.219854,1.80803,1.863468,0.870465,0.914648,0.598893,0.0
8800,6758400,9.725806451612903e-05,514.3,0.55,1.578941,66.85,85621,-0.008125,0.02234,2.784035,0.003207,0.031555,0.721035,0.609824,0.285041,1.863275,1.863379,0.838095,0.916583,0.71269,0.0
8810,6766080,9.702764976958524e-05,514.3,0.49,1.481928,67.06,85737,-0.009131,0.03369,2.809361,0.003224,0.029083,0.567122,0.466923,0.223395,1.816912,1.885239,0.859727,0.918027,0.70458,0.0
8820,6773760,9.679723502304146e-05,514.3,0.68,1.74473,65.85,85852,-0.008293,0.004034,2.835705,0.002852,0.02359,0.828071,0.839627,0.697209,1.892199,1.894376,0.949932,0.929793,0.90663,0.0
8830,6781440,9.656682027649768e-05,514.3,0.58,1.616741,71.47,85956,-0.008941,0.024322,2.826694,0.004025,0.043549,0.630517,0.517699,0.404277,1.788924,1.892833,0.852905,0.933703,0.662726,0.0
8840,6789120,9.63364055299539e-05,514.3,0.55,1.536598,60.73,86079,-0.008417,0.019408,2.807277,0.003729,0.042114,0.621711,0.388696,0.576917,1.769123,1.890772,0.864615,0.917309,0.520463,0.0
8850,6796800,9.610599078341011e-05,514.3,0.51,1.482613,66.74,86194,-0.008233,0.021931,2.838971,0.003681,0.039429,0.567966,0.386803,0.468449,1.883644,1.908538,0.899829,0.927391,0.646335,0.0
8860,6804480,9.587557603686636e-05,514.3,0.57,1.609639,78.46,86291,-0.007599,0.021949,2.851615,0.002912,0.023407,0.638883,0.505411,0.386734,1.801917,1.912941,0.897058,0.929306,0.763601,0.0
8870,6812160,9.564516129032258e-05,514.3,0.67,1.723787,74.94,86392,-0.007115,0.009127,2.819966,0.002907,0.017883,0.817542,0.555873,0.6278,1.831085,1.896137,0.916843,0.914088,0.570051,0.0
8880,6819840,9.54147465437788e-05,514.3,0.6,1.624618,70.91,86499,-0.007613,0.024827,2.82753,0.003257,0.029755,0.437368,0.380196,0.376954,1.904368,1.889384,0.953948,0.930374,0.555759,0.0
8890,6827520,9.518433179723502e-05,514.3,0.45,1.461056,73.64,86605,-0.008178,0.047741,2.819337,0.003554,0.036285,0.453389,0.41143,0.094522,1.81851,1.898059,0.884114,0.918561,0.47302,0.0
8900,6835200,9.495391705069123e-05,514.3,0.49,1.507588,76.72,86703,-0.006916,0.025763,2.763731,0.002545,0.019257,0.620534,0.353964,0.46584,1.854917,1.860108,0.932743,0.897227,0.599743,0.0
8910,6842880,9.472350230414745e-05,514.3,0.52,1.510875,82.5,86792,-0.008419,0.009002,2.814356,0.003706,0.035187,0.722376,0.409319,0.721889,1.815214,1.90507,0.91121,0.906183,0.498192,0.0
8920,6850560,9.449308755760367e-05,514.3,0.58,1.648225,77.61,86893,-0.006316,0.034171,2.801922,0.002476,0.020355,0.518061,0.390335,0.252421,1.820922,1.878093,0.887965,0.915206,0.455933,0.0
8930,6858240,9.426267281105992e-05,514.3,0.5,1.489674,75.25,86993,-0.00835,0.025689,2.80873,0.003537,0.034576,0.662696,0.620466,0.146077,1.759569,1.886988,0.857083,0.920852,0.497716,0.0
8940,6865920,9.403225806451612e-05,514.3,0.53,1.535362,78.63,87093,-0.008018,0.016362,2.795535,0.002943,0.026611,0.701567,0.382821,0.593199,1.838354,1.870483,0.836213,0.916288,0.463162,0.0
8950,6873600,9.380184331797234e-05,514.4,0.55,1.613097,75.44,87195,-0.006769,0.019111,2.840908,0.002877,0.023041,0.682536,0.573493,0.319743,1.822131,1.915579,0.907514,0.918379,0.552544,0.0
8960,6881280,9.357142857142857e-05,514.4,0.53,1.516539,70.26,87307,-0.007192,0.026683,2.84507,0.002733,0.023163,0.663524,0.532858,0.30931,1.885731,1.933376,0.845038,0.906354,0.483527,0.0
8970,6888960,9.334101382488479e-05,514.4,0.63,1.682332,74.8,87408,-0.009091,0.013972,2.856402,0.003984,0.046143,0.616712,0.517604,0.332994,1.840108,1.922292,0.879249,0.924429,0.515334,0.0
8980,6896640,9.311059907834099e-05,514.4,0.48,1.45111,75.56,87511,-0.00713,0.032634,2.844602,0.002075,0.015686,0.65689,0.589809,0.206274,1.886786,1.904548,0.923436,0.936589,0.48373,0.0
8990,6904320,9.288018433179721e-05,514.4,0.57,1.590874,83.08,87604,-0.00789,0.014306,2.839085,0.003955,0.043427,0.660568,0.499216,0.440391,1.822376,1.882597,0.909697,0.949692,0.588533,0.0
9000,6912000,9.264976958525346e-05,514.4,0.57,1.578423,73.38,87708,-0.007186,0.019894,2.859319,0.002296,0.017151,0.549784,0.476265,0.364167,1.795237,1.913885,0.886979,0.940235,0.564235,0.0
9010,6919680,9.241935483870968e-05,514.4,0.47,1.460253,79.05,87804,-0.007502,0.022258,2.86678,0.002802,0.023682,0.492168,0.305837,0.462193,1.882222,1.926488,0.913863,0.937337,0.387805,0.0
9020,6927360,9.21889400921659e-05,514.4,0.51,1.54953,74.84,87907,-0.006527,0.023873,2.872637,0.002231,0.018555,0.588645,0.355624,0.448044,1.916801,1.921246,0.923437,0.942577,0.469002,0.0
9030,6935040,9.195852534562211e-05,514.4,0.52,1.54248,71.17,88014,-0.008169,0.010462,2.851286,0.003161,0.027405,0.769152,0.372384,0.72558,1.832998,1.90722,0.856539,0.937434,0.439874,0.0
9040,6942720,9.172811059907833e-05,514.4,0.51,1.53147,83.65,88107,-0.008285,0.02236,2.807453,0.004069,0.0466,0.683681,0.396097,0.513899,1.853835,1.88353,0.868519,0.923162,0.417617,0.0
9050,6950400,9.149769585253455e-05,514.4,0.56,1.633288,72.07,88211,-0.007154,0.024959,2.785398,0.002825,0.024536,0.627736,0.442566,0.350182,1.935168,1.875106,0.870313,0.901905,0.623791,0.0
9060,6958080,9.126728110599076e-05,514.4,0.54,1.53818,83.28,88301,-0.007776,0.013984,2.810502,0.003707,0.037384,0.560362,0.540168,0.390719,1.71822,1.899519,0.830929,0.913148,0.553436,0.0
9070,6965760,9.103686635944698e-05,514.4,0.57,1.60693,80.1,88397,-0.006641,0.033009,2.857492,0.00252,0.020782,0.606062,0.407702,0.363789,1.857786,1.91241,0.913211,0.936741,0.481259,0.0
9080,6973440,9.080645161290323e-05,514.4,0.7,1.758166,77.77,88492,-0.00791,0.010659,2.884402,0.003074,0.027344,0.773582,0.725797,0.220255,1.871582,1.929074,0.945192,0.954384,0.576952,0.0
9090,6981120,9.057603686635945e-05,514.4,0.63,1.626892,83.32,88584,-0.008664,0.026279,2.82928,0.004404,0.04657,0.491236,0.500634,0.008885,1.792765,1.879168,0.921451,0.95117,0.488612,0.0
9100,6988800,9.034562211981567e-05,514.4,0.53,1.554596,72.3,88687,-0.006047,0.019488,2.798239,0.002617,0.02066,0.692583,0.596409,0.358861,1.824194,1.86768,0.805311,0.914793,0.412065,0.0
9110,6996480,9.011520737327188e-05,514.4,0.66,1.735402,76.68,88789,-0.007819,0.021942,2.845537,0.003054,0.028625,0.487146,0.367224,0.43376,1.835698,1.904601,0.853001,0.930328,0.469993,0.0
9120,7004160,8.98847926267281e-05,514.4,0.58,1.58374,72.84,88892,-0.007957,0.019518,2.826573,0.003033,0.026642,0.735058,0.610364,0.323597,1.85438,1.89664,0.871838,0.931032,0.432853,0.0
9130,7011840,8.965437788018432e-05,514.4,0.56,1.596637,65.25,89014,-0.007294,0.028086,2.789764,0.002478,0.019287,0.638014,0.37658,0.468699,1.840094,1.851301,0.902792,0.931336,0.444963,0.0
9140,7019520,8.942396313364054e-05,514.4,0.59,1.621369,69.05,89125,-0.007159,0.027248,2.777531,0.003008,0.023834,0.655675,0.561289,0.30079,1.83763,1.850252,0.883845,0.920204,0.645389,0.0
9150,7027200,8.919354838709678e-05,514.4,0.63,1.689993,69.11,89235,-0.006425,0.029309,2.762165,0.002677,0.019073,0.754334,0.515192,0.493813,1.79366,1.82575,0.87547,0.931288,0.498798,0.0
9160,7034880,8.896313364055299e-05,514.4,0.57,1.559079,64.24,89353,-0.00761,0.017846,2.783884,0.003274,0.03421,0.634989,0.538133,0.367247,1.715796,1.835939,0.905437,0.94628,0.484098,0.0
9170,7042560,8.873271889400921e-05,514.4,0.6,1.659276,67.22,89469,-0.008307,0.01888,2.806743,0.003178,0.033478,0.54606,0.448696,0.484081,1.79623,1.863979,0.915051,0.934898,0.444254,0.0
9180,7050240,8.850230414746543e-05,514.4,0.56,1.579695,68.79,89582,-0.008014,0.037787,2.795647,0.003171,0.029816,0.575918,0.425932,0.312292,1.791432,1.859238,0.923513,0.935524,0.47888,0.0
9190,7057920,8.827188940092165e-05,514.4,0.59,1.575167,67.26,89694,-0.006975,0.026117,2.826168,0.003251,0.032684,0.547647,0.39347,0.330648,1.870481,1.896527,0.844247,0.922788,0.370823,0.0
9200,7065600,8.804147465437786e-05,514.4,0.53,1.568297,80.9,89790,-0.007166,0.02722,2.802255,0.002871,0.018188,0.607597,0.430444,0.352376,1.827004,1.854794,0.941575,0.930622,0.505859,0.0
9210,7073280,8.781105990783408e-05,514.4,0.45,1.451887,79.19,89885,-0.006308,0.027372,2.790755,0.0033,0.034027,0.66292,0.60982,0.271453,1.754002,1.877801,0.838294,0.91564,0.55429,0.0
9220,7080960,8.758064516129033e-05,514.4,0.53,1.543549,57.81,90011,-0.007544,0.024168,2.786929,0.002958,0.027679,0.693073,0.381142,0.52503,1.825109,1.886651,0.82207,0.898098,0.494318,0.0
9230,7088640,8.735023041474655e-05,514.4,0.58,1.60653,65.73,90127,-0.006111,0.019112,2.778743,0.002166,0.013428,0.691706,0.528369,0.427501,1.779961,1.874453,0.85342,0.900838,0.543441,0.0
9240,7096320,8.711981566820276e-05,514.4,0.72,1.727157,73.02,90231,-0.006745,0.024767,2.776997,0.002353,0.016815,0.549174,0.44309,0.25144,1.76986,1.874149,0.837618,0.892708,0.508433,0.0
9250,7104000,8.688940092165898e-05,514.4,0.57,1.597468,77.01,90332,-0.006814,0.021049,2.807567,0.003132,0.029724,0.654541,0.411411,0.464887,1.806346,1.895982,0.836564,0.90857,0.365947,0.0
9260,7111680,8.66589861751152e-05,514.4,0.53,1.528518,69.05,90443,-0.00704,0.02735,2.77739,0.002668,0.021057,0.697369,0.238481,0.642046,1.823891,1.876077,0.798902,0.896976,0.41876,0.0
9270,7119360,8.642857142857142e-05,514.5,0.44,1.442547,63.7,90562,-0.006795,0.019345,2.782014,0.003154,0.026825,0.395897,0.274613,0.46082,1.792615,1.852401,0.909522,0.929701,0.42214,0.0
9280,7127040,8.619815668202763e-05,514.5,0.6,1.671782,69.46,90672,-0.008236,0.029732,2.819758,0.002592,0.019287,0.545356,0.329289,0.466331,1.926004,1.864507,0.953658,0.949171,0.482401,0.0
9290,7134720,8.596774193548385e-05,514.5,0.53,1.573155,86.18,90758,-0.00695,0.023628,2.776186,0.003265,0.031433,0.453908,0.429796,0.224043,1.798548,1.825752,0.903503,0.942224,0.503426,0.0
9300,7142400,8.57373271889401e-05,514.5,0.63,1.69766,71.38,90861,-0.008111,0.021207,2.723803,0.003308,0.033508,0.708796,0.640535,0.202766,1.80657,1.805514,0.86908,0.91136,0.41413,0.0
9310,7150080,8.550691244239632e-05,514.4,0.57,1.645067,73.42,90966,-0.006839,0.017543,2.742744,0.002727,0.022308,0.697985,0.600982,0.313043,1.807877,1.808957,0.901832,0.927646,0.565401,0.0
9320,7157760,8.527649769585254e-05,514.5,0.54,1.533141,65.01,91078,-0.00742,0.016157,2.749072,0.002622,0.025574,0.86364,0.765344,0.466583,1.850295,1.799845,0.89721,0.939311,0.486386,0.0
9330,7165440,8.504608294930874e-05,514.5,0.66,1.722278,64.82,91195,-0.006612,0.019212,2.731047,0.003361,0.028503,0.492762,0.349529,0.407962,1.803803,1.791827,0.95483,0.936629,0.586584,0.0
9340,7173120,8.481566820276496e-05,514.5,0.59,1.663083,70.67,91305,-0.007189,0.028258,2.714382,0.003362,0.029846,0.524777,0.321538,0.458039,1.772533,1.771389,0.959176,0.941476,0.516725,0.0
9350,7180800,8.458525345622118e-05,514.5,0.6,1.668411,65.4,91426,-0.007245,0.015698,2.704985,0.002378,0.017273,0.591121,0.363144,0.519108,1.761809,1.758967,0.938603,0.943406,0.508321,0.0
9360,7188480,8.435483870967739e-05,514.5,0.68,1.738175,66.7,91544,-0.007447,0.030283,2.719284,0.002977,0.025818,0.742189,0.666276,0.230414,1.778544,1.776662,0.961598,0.928126,0.539,0.0
9370,7196160,8.412442396313365e-05,514.5,0.68,1.747845,61.31,91669,-0.006926,0.028982,2.734871,0.002465,0.017548,0.575718,0.295957,0.484785,1.730561,1.78163,0.962458,0.951463,0.5562,0.0
9380,7203840,8.389400921658986e-05,514.5,0.61,1.664068,62.56,91790,-0.006628,0.031402,2.745867,0.002857,0.021484,0.434056,0.388243,0.274586,1.763484,1.77365,0.967885,0.958367,0.548701,0.0
9390,7211520,8.366359447004608e-05,514.5,0.6,1.643047,62.29,91916,-0.006433,0.021976,2.761553,0.002429,0.018311,0.824033,0.576513,0.599332,1.733156,1.788699,0.928163,0.962636,0.599781,0.0
9400,7219200,8.34331797235023e-05,514.5,0.6,1.631436,54.5,92055,-0.006738,0.024248,2.800688,0.002758,0.020782,0.578195,0.347766,0.474943,1.741604,1.832477,0.95289,0.963026,0.488644,0.0
9410,7226880,8.320276497695851e-05,514.5,0.67,1.715048,66.79,92174,-0.007302,0.037533,2.803607,0.003417,0.036377,0.403008,0.259966,0.326408,1.79657,1.830957,0.963105,0.973658,0.501937,0.0
9420,7234560,8.297235023041473e-05,514.5,0.73,1.776774,70.11,92285,-0.008382,0.029513,2.783055,0.004106,0.046722,0.490901,0.395599,0.298044,1.844765,1.815413,0.970321,0.963005,0.427377,0.0
9430,7242240,8.274193548387095e-05,514.5,0.55,1.602716,70.22,92393,-0.007772,0.034548,2.802118,0.003363,0.033691,0.511024,0.546678,0.097057,1.798934,1.847699,0.927918,0.952194,0.556934,0.0
9440,7249920,8.25115207373272e-05,514.5,0.61,1.645149,61.3,92522,-0.006659,0.04485,2.78122,0.002236,0.018036,0.465464,0.438072,0.084888,1.760227,1.831559,0.936266,0.949278,0.587292,0.0
9450,7257600,8.228110599078342e-05,514.5,0.66,1.699103,74.0,92628,-0.006237,0.024916,2.858161,0.002249,0.014496,0.686246,0.635069,0.14033,1.812374,1.879999,0.94847,0.970073,0.688762,0.0
9460,7265280,8.205069124423963e-05,514.5,0.6,1.640383,77.23,92729,-0.00679,0.032712,2.86031,0.002757,0.0224,0.513179,0.357936,0.369876,1.772385,1.873621,0.979768,0.982348,0.557539,0.0
9470,7272960,8.182027649769585e-05,514.5,0.56,1.566227,73.45,92836,-0.007501,0.021861,2.845015,0.003199,0.02887,0.548953,0.350758,0.45234,1.821395,1.866314,0.986381,0.975128,0.537587,0.0
9480,7280640,8.158986175115207e-05,514.5,0.67,1.728386,69.94,92944,-0.006896,0.041808,2.8161,0.002766,0.024231,0.418588,0.47153,-0.008221,1.812199,1.846195,0.958696,0.96302,0.641797,0.0
9490,7288320,8.135944700460827e-05,514.5,0.64,1.664025,78.24,93043,-0.007379,0.01949,2.77963,0.003199,0.030182,0.722273,0.485193,0.498286,1.751102,1.850688,0.842475,0.925152,0.581397,0.0
9500,7296000,8.11290322580645e-05,514.5,0.63,1.670139,80.67,93136,-0.006179,0.027039,2.783171,0.001998,0.011169,0.362579,0.320466,0.284427,1.765388,1.85776,0.914465,0.923987,0.364534,0.0
9510,7303680,8.089861751152074e-05,514.5,0.62,1.654179,76.03,93239,-0.007952,0.023175,2.754866,0.003903,0.043823,0.610903,0.542737,0.269315,1.722852,1.813055,0.901562,0.938962,0.412488,0.0
9520,7311360,8.066820276497696e-05,514.5,0.64,1.679577,74.63,93341,-0.007158,0.014201,2.808581,0.002996,0.027496,0.693372,0.466266,0.518181,1.765096,1.835635,0.916122,0.973015,0.333599,0.0
9530,7319040,8.043778801843318e-05,514.5,0.59,1.63072,72.3,93445,-0.006778,0.021255,2.770628,0.00217,0.014923,0.472463,0.328288,0.376793,1.703745,1.81023,0.937677,0.952565,0.405476,0.0
9540,7326720,8.020737327188939e-05,514.5,0.66,1.71455,84.49,93531,-0.005662,0.013949,2.857363,0.003679,0.030579,0.704474,0.742709,-0.033553,1.844435,1.87851,0.947902,0.970023,0.342197,0.0
9550,7334400,7.997695852534561e-05,514.5,0.6,1.63795,74.16,93636,-0.007807,0.032653,2.855452,0.003923,0.038971,0.562375,0.538383,0.135268,1.822745,1.887854,0.927926,0.963652,0.466723,0.0
9560,7342080,7.974654377880183e-05,514.5,0.66,1.759646,76.32,93735,-0.00765,0.031315,2.836111,0.003262,0.033295,0.553231,0.501332,0.16497,1.83894,1.876218,0.883258,0.954693,0.389297,0.0
9570,7349760,7.951612903225805e-05,514.5,0.61,1.648407,81.04,93831,-0.006972,0.026297,2.873278,0.00363,0.032379,0.631683,0.353605,0.467293,1.89979,1.901518,0.913917,0.96658,0.505521,0.0
9580,7357440,7.928571428571426e-05,514.5,0.7,1.76485,76.82,93932,-0.005938,0.010359,2.877351,0.002314,0.016235,0.774347,0.79113,0.072277,1.834303,1.901076,0.935946,0.976849,0.375251,0.0
9590,7365120,7.905529953917051e-05,514.5,0.62,1.666796,71.72,94040,-0.007026,0.012834,2.904172,0.004883,0.056427,0.657466,0.6468,0.330609,1.813213,1.917772,0.946034,0.97977,0.484047,0.0
9600,7372800,7.882488479262673e-05,514.5,0.65,1.715639,65.83,94156,-0.007776,0.016698,2.863814,0.003332,0.032257,0.585624,0.5119,0.305635,1.804137,1.881465,0.921335,0.97218,0.546106,0.0
9610,7380480,7.859447004608295e-05,514.5,0.59,1.637064,71.42,94263,-0.006024,0.044692,2.885904,0.002194,0.014801,0.46657,0.375605,0.183167,1.780301,1.91077,0.891161,0.979605,0.497015,0.0
9620,7388160,7.836405529953917e-05,514.5,0.55,1.577272,80.77,94360,-0.007694,0.0235,2.853467,0.004402,0.044312,0.665382,0.417371,0.486292,1.781669,1.863217,0.93381,0.985584,0.578387,0.0
9630,7395840,7.813364055299538e-05,514.5,0.65,1.715035,72.75,94461,-0.007566,0.025445,2.899009,0.002386,0.018463,0.744217,0.672396,0.23329,1.833832,1.895058,0.960469,0.993555,0.422368,0.0
9640,7403520,7.79032258064516e-05,514.5,0.62,1.629502,79.87,94560,-0.006477,0.026007,2.868013,0.002719,0.022247,0.626956,0.451729,0.387777,1.784099,1.888676,0.961033,0.980443,0.493287,0.0
9650,7411200,7.767281105990782e-05,514.5,0.59,1.66037,78.55,94658,-0.005841,0.007081,2.889042,0.001373,0.005127,0.816259,0.266696,0.820294,1.801943,1.917699,0.965136,0.966141,0.517124,0.0
9660,7418880,7.744239631336407e-05,514.5,0.64,1.662807,66.81,94773,-0.006771,0.039837,2.848077,0.003501,0.035156,0.41552,0.314193,0.273618,1.869584,1.884604,0.916977,0.968517,0.413512,0.0
9670,7426560,7.721198156682029e-05,514.5,0.59,1.595819,76.5,94876,-0.006168,0.025204,2.855828,0.002318,0.0159,0.487251,0.404193,0.446108,1.836189,1.901861,0.921814,0.944765,0.445556,0.0
9680,7434240,7.698156682027649e-05,514.5,0.6,1.650652,74.02,94977,-0.007593,0.020554,2.864521,0.003817,0.041565,0.615686,0.448999,0.383349,1.89323,1.900377,0.944097,0.957953,0.590943,0.0
9690,7441920,7.675115207373271e-05,514.5,0.57,1.599337,82.08,95069,-0.006745,0.025066,2.869089,0.002726,0.018799,0.606266,0.536079,0.152392,1.87946,1.92274,0.925743,0.939519,0.53935,0.0
9700,7449600,7.652073732718893e-05,514.5,0.45,1.43089,82.57,95163,-0.006439,0.025868,2.903504,0.00265,0.018219,0.463184,0.289647,0.438492,1.892847,1.914836,0.935854,0.980538,0.598922,0.0
9710,7457280,7.629032258064514e-05,514.5,0.52,1.532984,91.53,95247,-0.006849,0.00873,2.902247,0.002988,0.022949,0.722578,0.561515,0.6291,1.793313,1.906558,0.923906,0.986607,0.475216,0.0
9720,7464960,7.605990783410136e-05,514.5,0.51,1.530507,75.24,95346,-0.006573,0.017422,2.873371,0.002158,0.017761,0.670718,0.320869,0.548841,1.85883,1.906443,0.967646,0.963456,0.56193,0.0
9730,7472640,7.582949308755761e-05,514.5,0.68,1.748456,79.18,95447,-0.006982,0.016531,2.877279,0.002553,0.018433,0.649758,0.246962,0.677908,1.87339,1.902336,0.988545,0.96999,0.507973,0.0
9740,7480320,7.559907834101383e-05,514.5,0.62,1.612641,64.67,95562,-0.007736,0.012623,2.896643,0.002894,0.022919,0.716373,0.426329,0.607634,1.742733,1.925201,0.919283,0.968847,0.438608,0.0
9750,7488000,7.536866359447005e-05,514.6,0.62,1.716158,82.6,95657,-0.006555,0.016451,2.89452,0.002952,0.023804,0.717525,0.357252,0.639133,1.838042,1.909667,0.960511,0.98172,0.577315,0.0
9760,7495680,7.513824884792626e-05,514.6,0.67,1.725438,75.25,95759,-0.007001,0.006172,2.875212,0.003601,0.035004,0.801512,0.642394,0.680919,1.825295,1.901946,0.958355,0.977732,0.483562,0.0
9770,7503360,7.490783410138248e-05,514.6,0.58,1.617898,70.07,95872,-0.006587,0.018622,2.88744,0.003021,0.028961,0.68153,0.593637,0.416844,1.840582,1.903892,0.935389,0.985003,0.461733,0.0
9780,7511040,7.46774193548387e-05,514.6,0.64,1.674096,72.48,95979,-0.00608,0.030775,2.89051,0.002803,0.02359,0.590897,0.465234,0.281289,1.874187,1.901097,0.953334,0.983749,0.49046,0.0
9790,7518720,7.44470046082949e-05,514.6,0.67,1.735347,79.44,96072,-0.005547,0.010523,2.866892,0.002732,0.020081,0.73679,0.643824,0.484363,1.812339,1.898918,0.960399,0.95721,0.559203,0.0
9800,7526400,7.421658986175113e-05,514.6,0.74,1.815833,84.76,96165,-0.007253,0.021699,2.799612,0.002547,0.020294,0.662643,0.558106,0.321592,1.800618,1.851193,0.954306,0.943963,0.563359,0.0
9810,7534080,7.398617511520738e-05,514.6,0.63,1.639274,78.69,96258,-0.007341,0.013677,2.815508,0.003053,0.034088,0.743248,0.704278,0.330827,1.760552,1.873505,0.948336,0.929169,0.707181,0.0
9820,7541760,7.37557603686636e-05,514.6,0.57,1.593343,84.82,96349,-0.006409,0.030008,2.838279,0.002491,0.019165,0.569536,0.612745,0.021272,1.800762,1.888035,0.974121,0.943535,0.593416,0.0
9830,7549440,7.352534562211982e-05,514.6,0.56,1.578474,79.54,96444,-0.006321,0.015548,2.869335,0.003377,0.031281,0.630882,0.499689,0.49241,1.850824,1.919921,0.953831,0.948554,0.585307,0.0
9840,7557120,7.329493087557602e-05,514.6,0.56,1.614737,82.53,96539,-0.005851,0.014068,2.884862,0.003057,0.028503,0.573885,0.524937,0.51058,1.869495,1.926343,0.942658,0.952752,0.719622,0.0
9850,7564800,7.306451612903224e-05,514.6,0.64,1.68784,88.81,96623,-0.006391,0.018034,2.894584,0.004186,0.047821,0.645798,0.577453,0.23088,1.894289,1.937137,0.92985,0.947157,0.699993,0.0
9860,7572480,7.283410138248846e-05,514.6,0.39,1.350806,74.68,96723,-0.0064,0.021164,2.849981,0.002336,0.018311,0.478642,0.417897,0.247439,1.876491,1.900158,0.922553,0.948719,0.619524,0.0
9870,7580160,7.260368663594469e-05,514.6,0.6,1.652178,84.15,96811,-0.005217,0.021402,2.836562,0.002026,0.008545,0.705881,0.670788,0.150853,1.836382,1.864302,0.889091,0.954844,0.496635,0.0
9880,7587840,7.237327188940093e-05,514.6,0.47,1.450273,87.37,96902,-0.006959,0.018335,2.8651,0.003018,0.029449,0.719366,0.69336,0.137629,1.861199,1.867957,0.964578,0.986118,0.612682,0.0
9890,7595520,7.214285714285714e-05,514.7,0.5,1.507139,95.15,96980,-0.006294,0.020858,2.854728,0.003304,0.036591,0.666899,0.647638,0.113819,1.837696,1.861228,0.930765,0.985587,0.563158,0.0
9900,7603200,7.191244239631336e-05,514.7,0.63,1.702247,87.42,97068,-0.006236,0.030007,2.89373,0.00272,0.022186,0.570357,0.55677,0.065262,1.861651,1.897026,0.957827,0.98683,0.476136,0.0
9910,7610880,7.168202764976958e-05,514.7,0.53,1.538396,79.66,97166,-0.006688,0.01918,2.837368,0.002732,0.020721,0.479573,0.231108,0.487822,1.805242,1.853818,0.938763,0.974471,0.6151,0.0
9920,7618560,7.14516129032258e-05,514.7,0.62,1.669044,78.77,97265,-0.005555,0.025869,2.870216,0.002399,0.013977,0.658102,0.673416,7.7e-05,1.94379,1.906121,0.930845,0.949079,0.598009,0.0
9930,7626240,7.122119815668201e-05,514.7,0.56,1.645836,83.75,97357,-0.005901,0.031814,2.861698,0.002626,0.01889,0.515881,0.419005,0.283383,1.876394,1.908447,0.924538,0.946389,0.64763,0.0
9940,7633920,7.099078341013823e-05,514.7,0.56,1.579669,77.26,97457,-0.006418,0.015963,2.867546,0.001835,0.009247,0.69769,0.516079,0.536054,1.954982,1.877616,0.976793,0.97531,0.777567,0.0
9950,7641600,7.076036866359448e-05,514.7,0.66,1.728284,74.56,97561,-0.006005,0.011494,2.849411,0.001819,0.012726,0.79113,0.62474,0.502753,1.826157,1.896653,0.863009,0.947195,0.550319,0.0
9960,7649280,7.05299539170507e-05,514.7,0.67,1.694766,64.88,97676,-0.005917,0.029151,2.869903,0.002491,0.02063,0.386461,0.308663,0.29209,1.86458,1.889878,0.940543,0.973585,0.662494,0.0
9970,7656960,7.029953917050692e-05,514.7,0.73,1.814476,65.93,97794,-0.006044,0.021384,2.859996,0.002591,0.017944,0.649732,0.6024,0.270061,1.7932,1.876575,0.909846,0.973007,0.586671,0.0
9980,7664640,7.006912442396313e-05,514.7,0.75,1.803725,69.12,97905,-0.005473,0.035478,2.901301,0.001573,0.007477,0.613062,0.541005,0.188818,1.929191,1.909628,0.965608,0.981546,0.664447,0.0
9990,7672320,6.983870967741935e-05,514.7,0.58,1.636244,70.49,98012,-0.006164,0.018116,2.872518,0.003412,0.032776,0.739709,0.531301,0.508392,1.907065,1.87204,0.894126,0.990661,0.503491,0.0
10000,7680000,6.960829493087557e-05,514.7,0.58,1.596294,77.47,98113,-0.005294,0.033556,2.887601,0.001419,0.003754,0.439078,0.351371,0.281984,1.821045,1.897319,0.971333,0.979244,0.668677,0.0
10010,7687680,6.937788018433177e-05,514.7,0.62,1.699827,83.85,98198,-0.006814,0.025315,2.854649,0.0017,0.011536,0.573801,0.520171,0.237115,1.796831,1.876313,0.952238,0.975594,0.570662,0.0
10020,7695360,6.9147465437788e-05,514.7,0.59,1.626856,80.22,98296,-0.005695,0.018084,2.8333,0.001439,0.005188,0.591249,0.563843,0.395808,1.745296,1.857892,0.938596,0.970872,0.637807,0.0
10030,7703040,6.891705069124424e-05,514.7,0.66,1.685769,71.15,98408,-0.006491,0.026584,2.839263,0.002078,0.011322,0.581098,0.534756,0.192402,1.809016,1.84787,0.983487,0.984769,0.627396,0.0
10040,7710720,6.868663594470046e-05,514.7,0.63,1.688662,73.77,98511,-0.005747,0.018171,2.843558,0.002125,0.010681,0.562616,0.530972,0.316327,1.764334,1.853836,0.944765,0.981654,0.528397,0.0
10050,7718400,6.845622119815668e-05,514.7,0.56,1.567668,81.55,98608,-0.006071,0.035426,2.784662,0.002352,0.019623,0.559362,0.45965,0.197784,1.83389,1.797942,0.924698,0.984029,0.579669,0.0
10060,7726080,6.822580645161289e-05,514.7,0.65,1.697108,72.49,98713,-0.005533,0.023619,2.766446,0.001485,0.006714,0.622175,0.445315,0.423696,1.83786,1.81169,0.923852,0.946299,0.563038,0.0
10070,7733760,6.799539170506911e-05,514.7,0.62,1.682774,84.4,98800,-0.006151,0.010716,2.851334,0.002222,0.015106,0.681745,0.430603,0.637428,1.856498,1.877063,0.982477,0.971301,0.618467,0.0
10080,7741440,6.776497695852533e-05,514.7,0.59,1.646712,79.67,98898,-0.005292,0.028394,2.785564,0.001808,0.01239,0.683019,0.550011,0.299598,1.845287,1.804929,0.962687,0.975132,0.632062,0.0
10090,7749120,6.753456221198154e-05,514.7,0.62,1.67673,78.72,98996,-0.004607,0.041119,2.795387,0.001262,0.003876,0.497483,0.422861,0.249827,1.809072,1.819795,0.948708,0.963208,0.578048,0.0
10100,7756800,6.73041474654378e-05,514.7,0.71,1.764571,68.63,99112,-0.006503,0.011657,2.843396,0.003217,0.030426,0.670237,0.504532,0.519903,1.869346,1.857339,0.946134,0.978322,0.572105,0.0
10110,7764480,6.707373271889401e-05,514.7,0.71,1.794718,69.36,99223,-0.005377,0.021315,2.845472,0.00265,0.02182,0.584695,0.594123,0.048925,1.74808,1.877201,0.947939,0.970603,0.510145,0.0
10120,7772160,6.684331797235023e-05,514.7,0.62,1.637808,73.59,99328,-0.006628,0.005773,2.877872,0.002919,0.029602,0.673053,0.412943,0.770887,1.861009,1.900824,0.881672,0.969603,0.612509,0.0
10130,7779840,6.661290322580645e-05,514.7,0.59,1.610411,85.6,99419,-0.006007,0.023452,2.857888,0.002392,0.013519,0.668913,0.495296,0.465403,1.860624,1.867882,0.864665,0.977795,0.664191,0.0
10140,7787520,6.638248847926266e-05,514.7,0.56,1.56015,88.23,99507,-0.0055,0.01332,2.838167,0.001981,0.011841,0.62353,0.430301,0.566148,1.868551,1.851912,0.962203,0.981604,0.650584,0.0
10150,7795200,6.615207373271888e-05,514.8,0.55,1.581169,78.21,99605,-0.005701,0.019159,2.84438,0.002179,0.01416,0.534954,0.403719,0.446011,1.864383,1.869662,0.872,0.967195,0.576504,0.0
10160,7802880,6.59216589861751e-05,514.8,0.61,1.667196,84.4,99694,-0.006292,0.022891,2.864271,0.00221,0.014526,0.673082,0.557961,0.305979,1.880555,1.882617,0.921103,0.97102,0.501948,0.0
10170,7810560,6.569124423963135e-05,514.8,0.61,1.67189,71.05,99804,-0.005895,0.023404,2.883328,0.002818,0.026398,0.610979,0.532806,0.237859,1.899009,1.911305,0.916077,0.95861,0.543988,0.0
10180,7818240,6.546082949308757e-05,514.8,0.6,1.679037,67.1,99920,-0.006235,0.026437,2.870561,0.002307,0.017151,0.51183,0.370295,0.40672,1.908221,1.899756,0.922601,0.973766,0.579345,0.0
10190,7825920,6.523041474654377e-05,514.8,0.68,1.741199,73.85,100022,-0.006251,0.004279,2.876596,0.002894,0.025879,0.925168,0.801083,0.710652,1.830253,1.87288,0.903372,0.994502,0.572531,0.0
10200,7833600,6.5e-05,514.8,0.66,1.74602,83.16,100115,-0.005184,0.01715,2.856602,0.001784,0.009247,0.641555,0.542561,0.340262,1.821362,1.878079,0.936072,0.973327,0.582462,0.0
10210,7841280,6.476958525345621e-05,514.8,0.7,1.759693,79.25,100215,-0.005092,0.026249,2.808023,0.00194,0.014618,0.625139,0.387307,0.418386,1.857424,1.853697,0.943883,0.943574,0.682063,0.0
10220,7848960,6.453917050691244e-05,514.8,0.63,1.653672,85.46,100305,-0.005633,0.019989,2.837899,0.003144,0.029724,0.537366,0.56278,0.178124,1.818512,1.878404,0.870314,0.942468,0.563225,0.0
10230,7856640,6.430875576036864e-05,514.8,0.61,1.641406,83.49,100397,-0.005237,0.022726,2.833854,0.001671,0.014008,0.710824,0.593095,0.40962,1.82076,1.884732,0.917653,0.944187,0.618735,0.0
10240,7864320,6.407834101382486e-05,514.8,0.68,1.72702,93.03,100480,-0.005443,0.023674,2.856563,0.002705,0.023743,0.500169,0.547306,-0.042722,1.820811,1.879826,0.945044,0.975619,0.544321,0.0
10250,7872000,6.384792626728111e-05,514.8,0.57,1.584713,81.35,100576,-0.005961,0.048335,2.84142,0.002388,0.018433,0.41336,0.419873,0.016023,1.842576,1.870032,0.929826,0.961562,0.646663,0.0
10260,7879680,6.361751152073733e-05,514.8,0.65,1.707661,73.52,100681,-0.004964,0.010979,2.822717,0.001522,0.008881,0.821615,0.70715,0.579455,1.851295,1.880622,0.921977,0.940199,0.511516,0.0
10270,7887360,6.338709677419355e-05,514.8,0.7,1.745909,82.4,100775,-0.004456,0.01995,2.839594,0.001893,0.008728,0.803468,0.750461,0.212777,1.867142,1.89332,0.889042,0.939752,0.492684,0.0
10280,7895040,6.315668202764976e-05,514.8,0.62,1.628902,84.01,100868,-0.005459,0.022491,2.838697,0.001989,0.011475,0.564062,0.446848,0.279513,1.853751,1.886528,0.910658,0.943031,0.543513,0.0
10290,7902720,6.292626728110598e-05,514.8,0.67,1.704806,77.4,100966,-0.005712,0.015472,2.882802,0.003235,0.028992,0.610979,0.534761,0.419578,1.839677,1.91472,0.934638,0.969673,0.53202,0.0
10300,7910400,6.26958525345622e-05,514.8,0.73,1.77404,77.72,101065,-0.005451,0.010975,2.897357,0.001917,0.011963,0.6572,0.597946,0.475785,1.847302,1.904067,0.982878,0.984111,0.434224,0.0
10310,7918080,6.246543778801841e-05,514.8,0.65,1.685478,81.63,101159,-0.005268,0.025427,2.863909,0.001931,0.013672,0.528403,0.478546,0.209285,1.797342,1.883498,0.981906,0.96948,0.555252,0.0
10320,7925760,6.223502304147467e-05,514.8,0.59,1.633392,86.05,101246,-0.004495,0.030826,2.858298,0.001367,0.006653,0.457237,0.480195,0.05231,1.854434,1.873726,0.974423,0.97665,0.461974,0.0
10330,7933440,6.200460829493088e-05,514.8,0.62,1.641434,88.7,101329,-0.005278,0.016661,2.87185,0.002294,0.014679,0.742317,0.442785,0.582381,1.903148,1.888114,0.979952,0.970002,0.657194,0.0
10340,7941120,6.17741935483871e-05,514.8,0.65,1.729765,89.13,101415,-0.005796,0.012354,2.875622,0.001684,0.008942,0.743247,0.712442,0.398456,1.828395,1.888101,0.935021,0.972689,0.40025,0.0
10350,7948800,6.154377880184332e-05,514.8,0.64,1.702016,74.28,101517,-0.006507,0.009115,2.849859,0.002975,0.023621,0.827183,0.667246,0.647547,1.838246,1.881991,0.896152,0.958431,0.528745,0.0
10360,7956480,6.131336405529952e-05,514.9,0.67,1.745324,70.88,101623,-0.004618,0.016641,2.874484,0.001873,0.008453,0.660939,0.535724,0.33841,1.883178,1.903357,0.915822,0.965788,0.549075,0.0
10370,7964160,6.108294930875575e-05,514.9,0.75,1.823947,77.12,101724,-0.003988,0.014858,2.848294,0.001662,0.00647,0.791859,0.830483,-0.164098,1.83336,1.861774,0.955291,0.97594,0.499736,0.0
10380,7971840,6.0852534562211966e-05,514.9,0.65,1.70991,69.5,101833,-0.005099,0.032244,2.805659,0.001033,0.002106,0.630782,0.610852,0.090776,1.804659,1.832788,0.962001,0.965589,0.526936,0.0
10390,7979520,6.0622119815668214e-05,514.9,0.63,1.699821,80.45,101926,-0.005653,0.020144,2.864124,0.001405,0.006775,0.687178,0.553026,0.37842,1.79322,1.858347,0.977323,0.997182,0.563315,0.0
10400,7987200,6.039170506912443e-05,514.9,0.59,1.61764,80.04,102023,-0.004999,0.023004,2.905181,0.00209,0.010742,0.771374,0.591546,0.440796,1.836569,1.891104,0.993568,1.006693,0.5395,0.0
10410,7994880,6.016129032258065e-05,514.9,0.61,1.680174,71.53,102131,-0.005256,0.029047,2.886183,0.002308,0.016144,0.611577,0.502097,0.26377,1.803046,1.884148,0.99304,1.000727,0.611608,0.0
10420,8002560,5.993087557603686e-05,514.9,0.67,1.755337,77.57,102229,-0.004864,0.019083,2.889507,0.00191,0.013336,0.598794,0.421786,0.501084,1.887848,1.904943,0.977339,0.982391,0.646138,0.0
10430,8010240,5.970046082949308e-05,514.9,0.65,1.709477,84.46,102319,-0.004514,0.020462,2.839315,0.001225,0.004059,0.627196,0.521683,0.271638,1.797002,1.887571,0.967056,0.940598,0.512288,0.0
10440,8017920,5.94700460829493e-05,514.9,0.61,1.644716,80.36,102416,-0.006259,0.029205,2.860234,0.001779,0.010162,0.477353,0.438699,0.323704,1.84128,1.882026,0.990972,0.969215,0.562052,0.0
10450,8025600,5.923963133640551e-05,514.9,0.68,1.790366,80.52,102509,-0.005188,0.023983,2.862559,0.001796,0.008514,0.663161,0.614983,0.202669,1.906933,1.892157,0.945817,0.961212,0.518506,0.0
10460,8033280,5.900921658986173e-05,514.9,0.72,1.788502,82.72,102601,-0.005588,0.013893,2.800826,0.001893,0.014252,0.724961,0.698582,0.166648,1.824842,1.867029,0.961189,0.921896,0.430491,0.0
10470,8040960,5.877880184331798e-05,514.9,0.69,1.743184,95.38,102683,-0.005217,0.008899,2.846599,0.001942,0.011017,0.756633,0.666617,0.44784,1.874156,1.876349,0.9504,0.95149,0.63319,0.0
10480,8048640,5.854838709677419e-05,514.9,0.66,1.698633,82.64,102778,-0.005391,0.020996,2.852166,0.002035,0.012726,0.848998,0.707324,0.506253,1.767522,1.883501,0.973783,0.968226,0.541922,0.0
10490,8056320,5.8317972350230414e-05,514.9,0.61,1.657136,84.57,102870,-0.005699,0.014064,2.766676,0.001831,0.014496,0.885129,0.633392,0.710301,1.797432,1.830808,0.941895,0.929672,0.569986,0.0
10500,8064000,5.808755760368663e-05,514.9,0.63,1.635951,78.81,102970,-0.00477,0.018161,2.78108,0.002322,0.017853,0.733346,0.628471,0.303332,1.80871,1.842352,0.942735,0.949891,0.484212,0.0
10510,8071680,5.785714285714285e-05,514.9,0.67,1.727466,89.37,103054,-0.00544,0.022151,2.865631,0.002345,0.018555,0.677307,0.550708,0.356829,1.862084,1.869725,0.963149,0.987606,0.528691,0.0
10520,8079360,5.762672811059906e-05,514.9,0.7,1.818207,86.35,103141,-0.004826,0.014327,2.86038,0.001653,0.008789,0.813391,0.7825,0.142736,1.828343,1.888425,0.965705,0.965642,0.609098,0.0
10530,8087040,5.739631336405528e-05,514.9,0.65,1.735281,81.73,103234,-0.005731,0.008931,2.873387,0.003355,0.028076,0.827936,0.756011,0.472347,1.78298,1.905438,0.951964,0.965684,0.585389,0.0
10540,8094720,5.716589861751153e-05,514.9,0.64,1.690164,80.4,103331,-0.004065,0.023271,2.898273,0.001256,0.004822,0.670188,0.60595,0.31184,1.803268,1.900837,0.953003,0.990871,0.546048,0.0
10550,8102400,5.6935483870967744e-05,514.9,0.61,1.652652,81.88,103424,-0.004867,0.017202,2.86237,0.001746,0.00705,0.820777,0.589649,0.567175,1.780989,1.888628,0.912794,0.970086,0.525729,0.0
10560,8110080,5.6705069124423965e-05,515.0,0.72,1.831575,81.33,103519,-0.004785,0.043492,2.872388,0.001863,0.009613,0.668772,0.662145,0.109887,1.887107,1.917294,0.922397,0.95341,0.523963,0.0
10570,8117760,5.647465437788018e-05,515.0,0.73,1.8002,86.35,103608,-0.006166,0.026015,2.87119,0.002873,0.028015,0.660052,0.533085,0.277197,1.895301,1.894186,0.971366,0.978641,0.600212,0.0
10580,8125440,5.62442396313364e-05,515.0,0.66,1.763648,81.46,103701,-0.006085,0.010711,2.888791,0.001951,0.010925,0.764294,0.648956,0.369216,1.873519,1.909508,0.959173,0.967599,0.587847,0.0
10590,8133120,5.6013824884792613e-05,515.0,0.76,1.81977,85.55,103793,-0.003894,0.011428,2.913332,0.001492,0.005035,0.804629,0.784825,0.269974,1.946068,1.9287,0.958762,0.988133,0.5721,0.0
10600,8140800,5.578341013824883e-05,515.0,0.71,1.793671,96.31,103871,-0.00585,0.015748,2.878739,0.001769,0.00592,0.831396,0.59174,0.594234,1.91091,1.907195,0.984768,0.973324,0.651461,0.0
10610,8148480,5.555299539170508e-05,515.0,0.66,1.673151,84.79,103961,-0.005188,0.018862,2.910998,0.001985,0.016113,0.656609,0.522121,0.337412,1.923012,1.928684,0.975856,0.980739,0.583201,0.0
10620,8156160,5.5322580645161296e-05,515.0,0.63,1.689521,91.82,104045,-0.005698,0.030133,2.903481,0.002168,0.014465,0.520938,0.566956,0.002269,1.872313,1.942388,0.956557,0.952957,0.590016,0.0
10630,8163840,5.509216589861751e-05,515.0,0.53,1.549171,86.08,104135,-0.004801,0.032889,2.852062,0.001744,0.008728,0.712433,0.655543,0.18874,1.807162,1.885982,0.976311,0.944484,0.640439,0.0
10640,8171520,5.486175115207373e-05,515.0,0.53,1.54361,77.22,104235,-0.004377,0.02923,2.893796,0.001205,0.004333,0.661441,0.440945,0.400651,1.86702,1.909141,0.973128,0.982284,0.610343,0.0
10650,8179200,5.4631336405529944e-05,515.0,0.72,1.770441,76.48,104335,-0.005138,0.028008,2.888223,0.001546,0.006226,0.747437,0.757621,0.034574,1.914074,1.938625,0.920631,0.937717,0.623173,0.0
10660,8186880,5.4400921658986165e-05,515.0,0.55,1.533192,71.75,104440,-0.004724,0.021637,2.849865,0.00111,0.001251,0.870556,0.731187,0.526584,1.895801,1.917009,0.906872,0.922256,0.628784,0.0
10670,8194560,5.417050691244238e-05,515.0,0.69,1.77905,66.52,104558,-0.005324,0.016453,2.858506,0.00273,0.017487,0.754892,0.757233,0.135797,1.850148,1.900625,0.962759,0.9528,0.674593,0.0
10680,8202240,5.39400921658986e-05,515.0,0.67,1.688837,73.43,104662,-0.00548,0.01984,2.909007,0.003136,0.023926,0.764727,0.565993,0.463214,1.928898,1.933796,0.977655,0.966632,0.704699,0.0
10690,8209920,5.370967741935485e-05,515.0,0.64,1.714238,84.13,104755,-0.004759,0.013951,2.923349,0.001521,0.005585,0.796669,0.671538,0.459142,1.962094,1.940653,0.982727,0.971586,0.632437,0.0
10700,8217600,5.347926267281106e-05,515.0,0.69,1.754528,80.14,104852,-0.005105,0.009035,2.904674,0.001829,0.011017,0.736517,0.796583,0.37679,1.869126,1.959891,0.966084,0.934995,0.612891,0.0
10710,8225280,5.324884792626728e-05,515.0,0.57,1.581603,75.51,104955,-0.004675,0.020642,2.901405,0.001398,0.006744,0.648194,0.652931,0.290072,1.926342,1.945056,0.964164,0.95081,0.669236,0.0
10720,8232960,5.3018433179723496e-05,515.0,0.69,1.757996,78.1,105051,-0.004488,0.018072,2.931491,0.001164,0.004364,0.69928,0.67662,0.193164,1.910114,1.945089,0.993217,0.976946,0.595963,0.0
10730,8240640,5.2788018433179716e-05,515.0,0.6,1.615589,76.03,105151,-0.003977,0.026103,2.854013,0.000696,0.000946,0.654621,0.53263,0.307603,1.943885,1.908395,0.9403,0.94297,0.641061,0.0
10740,8248320,5.255760368663593e-05,515.0,0.64,1.669688,72.02,105259,-0.005496,0.042984,2.888756,0.002008,0.014954,0.628258,0.548317,0.185314,1.897616,1.907931,0.979569,0.97322,0.656036,0.0
10750,8256000,5.2327188940092144e-05,515.0,0.73,1.819256,82.78,105349,-0.00392,0.029836,2.89134,0.00105,0.004608,0.572168,0.605825,-0.014593,1.900403,1.908936,0.962487,0.970268,0.587243,0.0
10760,8263680,5.20967741935484e-05,515.0,0.66,1.702914,99.64,105423,-0.004238,0.014603,2.915392,0.00182,0.008911,0.844728,0.666315,0.537467,1.854478,1.905043,0.956019,0.994442,0.589546,0.0
10770,8271360,5.186635944700461e-05,515.1,0.55,1.582275,97.55,105508,-0.006175,0.018231,2.908828,0.002219,0.018494,0.59468,0.586816,0.301345,1.888554,1.909087,0.990907,0.998666,0.614046,0.0
10780,8279040,5.1635944700460826e-05,515.1,0.59,1.633889,75.15,105607,-0.005033,0.017947,2.891225,0.00215,0.015747,0.631936,0.491413,0.528139,1.845044,1.912832,0.961616,0.972731,0.56012,0.0
10790,8286720,5.140552995391705e-05,515.1,0.69,1.782807,83.06,105699,-0.004946,0.003742,2.898366,0.001783,0.007141,0.889045,0.809507,0.60648,1.891225,1.932586,0.95447,0.964645,0.530076,0.0
10800,8294400,5.117511520737326e-05,515.1,0.71,1.799252,88.71,105784,-0.004451,0.012872,2.910611,0.001013,0.001587,0.815813,0.66809,0.474183,1.892295,1.93638,0.971035,0.968106,0.547418,0.0
10810,8302080,5.094470046082948e-05,515.1,0.68,1.751869,86.73,105876,-0.00557,0.016888,2.858627,0.001333,0.006256,0.787071,0.667845,0.389451,1.89042,1.886381,0.963638,0.966995,0.550328,0.0
10820,8309760,5.0714285714285695e-05,515.1,0.66,1.728191,82.13,105966,-0.00447,0.009338,2.905087,0.001989,0.007935,0.837012,0.775011,0.460613,1.918696,1.910477,0.978331,0.982471,0.665172,0.0
10830,8317440,5.048387096774194e-05,515.1,0.64,1.688871,84.43,106058,-0.005328,0.021391,2.864487,0.00227,0.014221,0.644628,0.547688,0.352557,1.770311,1.892626,0.955274,0.969417,0.605984,0.0
10840,8325120,5.0253456221198164e-05,515.1,0.61,1.64086,84.57,106151,-0.004612,0.023345,2.824463,0.001048,0.002289,0.483123,0.371631,0.422101,1.859377,1.876333,0.956754,0.939665,0.633469,0.0
10850,8332800,5.002304147465438e-05,515.1,0.67,1.740676,77.08,106248,-0.004324,0.03559,2.839778,0.000772,0.000641,0.60494,0.444704,0.33064,1.795471,1.866034,0.966411,0.967929,0.53592,0.0
10860,8340480,4.97926267281106e-05,515.1,0.68,1.743748,79.46,106344,-0.00514,0.032077,2.816629,0.001811,0.007111,0.494002,0.421843,0.220243,1.914766,1.899271,0.947415,0.902717,0.622588,0.0
10870,8348160,4.956221198156681e-05,515.1,0.68,1.739751,77.18,106444,-0.004341,0.017536,2.796121,0.001201,0.002167,0.696041,0.527002,0.42041,1.928429,1.88099,0.925509,0.912837,0.497242,0.0
10880,8355840,4.933179723502303e-05,515.1,0.69,1.731124,86.85,106528,-0.004161,0.014317,2.830593,0.001607,0.006409,0.782449,0.599878,0.512915,1.829522,1.876967,0.973199,0.953699,0.647768,0.0
10890,8363520,4.910138248847925e-05,515.1,0.64,1.695128,80.42,106626,-0.003633,0.037228,2.818368,0.000771,0.000671,0.654183,0.656042,-0.001113,1.844838,1.869633,0.925684,0.945472,0.585547,0.0
10900,8371200,4.8870967741935494e-05,515.1,0.65,1.743504,76.63,106724,-0.005105,0.024753,2.900802,0.00215,0.014282,0.597128,0.450658,0.38294,1.853812,1.927244,0.950062,0.96962,0.531801,0.0
10910,8378880,4.8640552995391715e-05,515.1,0.62,1.635595,79.42,106820,-0.003617,0.0209,2.872001,0.000986,0.001221,0.620632,0.498879,0.368089,1.889737,1.903669,0.932802,0.961262,0.727625,0.0
10920,8386560,4.841013824884793e-05,515.1,0.68,1.739949,79.05,106920,-0.005013,0.029815,2.869865,0.001412,0.004883,0.712657,0.654638,0.185598,1.879907,1.903526,0.923051,0.957175,0.612415,0.0
10930,8394240,4.817972350230414e-05,515.1,0.57,1.592342,76.04,107018,-0.004552,0.014426,2.878031,0.001493,0.009583,0.787195,0.556779,0.553594,1.838119,1.888429,0.958837,0.982248,0.541864,0.0
10940,8401920,4.7949308755760364e-05,515.1,0.63,1.697465,76.72,107119,-0.005098,0.017337,2.88778,0.001694,0.008972,0.756832,0.636581,0.376811,1.915839,1.917799,0.937884,0.965311,0.667218,0.0
10950,8409600,4.771889400921658e-05,515.2,0.52,1.543864,74.78,107221,-0.004676,0.024214,2.860784,0.001286,0.003357,0.685827,0.554407,0.301345,1.87573,1.894919,0.888043,0.953969,0.561182,0.0
10960,8417280,4.74884792626728e-05,515.2,0.67,1.739086,85.9,107309,-0.004129,0.019126,2.841551,0.00145,0.008545,0.788605,0.70694,0.289033,1.868263,1.899031,0.926304,0.944529,0.639288,0.0
10970,8424960,4.725806451612901e-05,515.2,0.62,1.718834,86.32,107399,-0.005301,0.01335,2.791778,0.002556,0.018494,0.80835,0.644141,0.579286,1.851019,1.849706,0.975229,0.954115,0.709142,0.0
10980,8432640,4.702764976958526e-05,515.2,0.65,1.671997,84.23,107495,-0.004855,0.021432,2.842968,0.001879,0.012054,0.696137,0.468411,0.471213,1.932017,1.889823,0.958018,0.949038,0.7156,0.0
10990,8440320,4.679723502304148e-05,515.2,0.54,1.551926,73.92,107598,-0.003884,0.022829,2.841164,0.000843,0.001495,0.603439,0.380869,0.453921,1.843075,1.891165,0.909611,0.950424,0.623683,0.0
11000,8448000,4.6566820276497694e-05,515.2,0.65,1.673392,68.05,107708,-0.003973,0.012056,2.865875,0.000919,0.001434,0.733269,0.443113,0.675946,1.861066,1.911809,0.928871,0.955475,0.613199,0.0
11010,8455680,4.6336405529953915e-05,515.2,0.61,1.617333,66.17,107823,-0.004945,0.028142,2.840141,0.001538,0.005829,0.647316,0.574988,0.243544,1.90387,1.897768,0.931896,0.928404,0.632255,0.0
11020,8463360,4.610599078341013e-05,515.2,0.65,1.70263,67.48,107937,-0.004454,0.025526,2.861584,0.00164,0.005737,0.58667,0.439679,0.381898,1.837556,1.910601,0.936505,0.949278,0.618882,0.0
11030,8471040,4.587557603686635e-05,515.2,0.66,1.703179,74.13,108040,-0.004447,0.031753,2.873847,0.000979,0.001801,0.656351,0.604179,0.143143,1.892224,1.919639,0.906293,0.944871,0.588826,0.0
11040,8478720,4.564516129032256e-05,515.2,0.58,1.606019,76.7,108140,-0.004603,0.018314,2.887913,0.001289,0.004395,0.819213,0.615154,0.531146,1.895996,1.917039,0.935229,0.961431,0.563789,0.0
11050,8486400,4.541474654377881e-05,515.2,0.59,1.637404,73.63,108243,-0.00371,0.01729,2.822466,0.001133,0.004089,0.793823,0.537576,0.579805,1.790213,1.871162,0.941296,0.948601,0.572176,0.0
11060,8494080,4.518433179723503e-05,515.2,0.62,1.642375,72.09,108351,-0.005423,0.029477,2.834135,0.001248,0.002075,0.626978,0.508713,0.266504,1.894212,1.85578,0.986765,0.964371,0.730874,0.0
11070,8501760,4.4953917050691246e-05,515.2,0.63,1.666098,76.64,108450,-0.003775,0.016295,2.827068,0.000771,0.000641,0.689603,0.641418,0.293521,1.849405,1.858676,0.958816,0.963041,0.523177,0.0
11080,8509440,4.472350230414746e-05,515.2,0.68,1.741046,84.57,108538,-0.003545,0.029669,2.904584,0.00097,0.00119,0.605602,0.590998,0.076593,1.832674,1.923335,0.949086,0.985015,0.495135,0.0
11090,8517120,4.449308755760368e-05,515.2,0.65,1.710644,79.03,108637,-0.004132,0.016647,2.924635,0.00089,0.000793,0.677238,0.416611,0.537343,1.943625,1.919913,0.975991,0.99244,0.553244,0.0
11100,8524800,4.4262672811059894e-05,515.2,0.65,1.668709,76.75,108738,-0.003939,0.024149,2.911256,0.001236,0.00293,0.671016,0.570896,0.298465,1.865192,1.926209,0.950574,0.971206,0.522378,0.0
11110,8532480,4.4032258064516115e-05,515.2,0.68,1.760151,76.02,108838,-0.003935,0.02326,2.915965,0.00144,0.004456,0.609679,0.618537,0.167399,1.900374,1.922365,0.973377,0.989426,0.574459,0.0
11120,8540160,4.380184331797236e-05,515.2,0.67,1.740628,77.28,108938,-0.004903,0.020002,2.922256,0.001817,0.011108,0.677356,0.683628,0.168499,1.886335,1.936866,0.958846,0.977624,0.429875,0.0
11130,8547840,4.3571428571428576e-05,515.2,0.65,1.731064,78.27,109035,-0.003611,0.019402,2.905265,0.000629,9.2e-05,0.702161,0.583871,0.361288,1.898856,1.921756,0.937366,0.977122,0.560633,0.0
11140,8555520,4.33410138248848e-05,515.2,0.67,1.721213,84.88,109125,-0.004298,0.020607,2.943025,0.001208,0.002197,0.794024,0.755368,0.303041,1.921879,1.943664,0.986705,0.989044,0.474839,0.0
11150,8563200,4.311059907834101e-05,515.3,0.66,1.712362,87.92,109213,-0.003579,0.010813,2.91823,0.001428,0.005737,0.682673,0.492606,0.584859,1.874617,1.926269,0.972463,0.988603,0.534236,0.0
11160,8570880,4.288018433179723e-05,515.3,0.61,1.681388,89.39,109296,-0.004206,0.025935,2.889379,0.001555,0.006195,0.393189,0.363001,0.295377,1.94858,1.926524,0.894941,0.949376,0.631793,0.0
11170,8578560,4.2649769585253445e-05,515.3,0.73,1.77427,80.98,109394,-0.003979,0.012007,2.843268,0.001371,0.004883,0.795835,0.649404,0.518366,1.920984,1.929593,0.911202,0.912396,0.625706,0.0
11180,8586240,4.2419354838709666e-05,515.3,0.72,1.816537,85.78,109482,-0.00347,0.010883,2.914317,0.000488,0.000275,0.66605,0.632835,0.369913,1.893809,1.944322,0.948686,0.968983,0.544684,0.0
11190,8593920,4.218894009216588e-05,515.3,0.66,1.737574,76.94,109583,-0.004142,0.028351,2.910855,0.000873,0.000946,0.611341,0.596331,0.056666,1.89675,1.940751,0.954769,0.969313,0.531271,0.0
11200,8601600,4.195852534562213e-05,515.3,0.72,1.790482,72.56,109687,-0.00412,0.004774,2.904607,0.001017,0.001526,0.851314,0.633877,0.686386,1.878876,1.947499,0.943328,0.956786,0.511714,0.0
11210,8609280,4.172811059907835e-05,515.3,0.7,1.673004,77.27,109786,-0.003726,0.014364,2.92398,0.000702,0.000153,0.743507,0.500243,0.56753,1.8762,1.939249,0.942454,0.98496,0.496964,0.0
11220,8616960,4.149769585253456e-05,515.3,0.56,1.586344,81.17,109877,-0.00438,0.02208,2.935206,0.001861,0.008301,0.546228,0.312967,0.487613,1.910045,1.947928,0.977132,0.986632,0.476412,0.0
11230,8624640,4.1267281105990776e-05,515.3,0.52,1.517775,86.01,109965,-0.003315,0.012386,2.931796,0.001313,0.003998,0.824778,0.518908,0.662548,1.948851,1.950124,0.971989,0.973318,0.464942,0.0
11240,8632320,4.1036866359447e-05,515.3,0.64,1.660929,90.81,110050,-0.003544,0.02521,2.922439,0.000823,0.000946,0.718703,0.630941,0.240205,1.863521,1.937155,0.978684,0.982823,0.543182,0.0
11250,8640000,4.080645161290321e-05,515.3,0.69,1.756329,84.86,110144,-0.003166,0.031655,2.936956,0.000922,0.000671,0.59374,0.483849,0.441458,1.944599,1.953628,0.958269,0.981761,0.533587,0.0
11260,8647680,4.057603686635943e-05,515.3,0.64,1.632731,83.95,110234,-0.003431,0.037706,2.898128,0.000763,0.000183,0.592389,0.398496,0.343234,1.925807,1.925773,0.964506,0.973261,0.675307,0.0
11270,8655360,4.034562211981568e-05,515.3,0.57,1.595535,78.41,110329,-0.004037,0.026458,2.924041,0.001187,0.002136,0.434869,0.47518,0.103963,1.831544,1.948128,0.988135,0.975628,0.470901,0.0
11280,8663040,4.011520737327189e-05,515.3,0.64,1.67112,70.29,110440,-0.003338,0.023764,2.900187,0.000904,0.00058,0.556607,0.34878,0.455314,1.918099,1.920851,0.980495,0.970178,0.626161,0.0
11290,8670720,3.9884792626728114e-05,515.3,0.69,1.804297,74.38,110543,-0.003716,0.034065,2.873859,0.001266,0.004028,0.562531,0.471325,0.251342,1.8005,1.909991,0.959453,0.964818,0.522559,0.0
11300,8678400,3.965437788018433e-05,515.3,0.65,1.728562,71.91,110652,-0.003752,0.036326,2.83329,0.001207,0.004761,0.432881,0.381246,0.207519,1.768653,1.842496,0.971391,0.980217,0.536089,0.0
11310,8686080,3.942396313364055e-05,515.3,0.67,1.709548,71.88,110761,-0.004356,0.029291,2.869909,0.001925,0.005646,0.612464,0.521178,0.272202,1.811022,1.879394,0.954057,0.992051,0.577068,0.0
11320,8693760,3.919354838709676e-05,515.3,0.71,1.794879,80.41,110854,-0.002891,0.040842,2.896798,0.000441,0.0,0.429396,0.359134,0.210975,1.905393,1.911004,0.976275,0.983585,0.705802,0.0
11330,8701440,3.8963133640552976e-05,515.3,0.54,1.578218,80.2,110946,-0.00407,0.019234,2.882349,0.001077,0.004272,0.819832,0.594505,0.6147,1.884244,1.919164,0.95532,0.95845,0.669054,0.0
11340,8709120,3.873271889400923e-05,515.3,0.55,1.591409,80.51,111042,-0.002945,0.024925,2.897645,0.000455,6.1e-05,0.485434,0.387224,0.375025,1.827771,1.911289,0.984279,0.977345,0.612494,0.0
11350,8716800,3.8502304147465444e-05,515.3,0.59,1.667323,77.57,111140,-0.003328,0.024402,2.92006,0.000646,6.1e-05,0.628694,0.450585,0.359592,1.77636,1.925367,0.948839,0.989354,0.490142,0.0
11360,8724480,3.8271889400921665e-05,515.4,0.61,1.643401,81.61,111235,-0.003504,0.015005,2.923579,0.001241,0.003418,0.703574,0.690627,0.464576,1.829419,1.930215,0.975994,0.988699,0.629119,0.0
11370,8732160,3.804147465437788e-05,515.4,0.69,1.769163,87.59,111324,-0.003694,0.024278,2.915647,0.001353,0.003571,0.66266,0.569967,0.270578,1.875662,1.932347,0.984721,0.971192,0.626936,0.0
11380,8739840,3.781105990783409e-05,515.4,0.66,1.688766,82.71,111416,-0.003622,0.019439,2.915551,0.001237,0.002045,0.559675,0.405178,0.437632,1.891087,1.941098,0.965466,0.970949,0.575832,0.0
11390,8747520,3.758064516129031e-05,515.4,0.65,1.705796,89.47,111504,-0.003462,0.017173,2.916641,0.000736,0.000397,0.65334,0.316123,0.648095,1.905413,1.923096,0.980083,0.983578,0.632844,0.0
11400,8755200,3.735023041474653e-05,515.4,0.55,1.594951,83.74,111597,-0.00317,0.020674,2.881276,0.000862,0.000153,0.647883,0.422585,0.519597,1.827929,1.88462,0.951875,0.989055,0.609263,0.0
11410,8762880,3.711981566820275e-05,515.4,0.65,1.729857,78.32,111694,-0.003698,0.020511,2.884468,0.000762,0.000641,0.670283,0.601476,0.436028,1.812608,1.915256,0.933695,0.967238,0.549723,0.0
11420,8770560,3.6889400921658996e-05,515.4,0.65,1.75723,92.67,111781,-0.003442,0.015941,2.905761,0.000943,0.001648,0.625749,0.501617,0.363196,1.830508,1.905535,0.98192,1.001265,0.559454,0.0
11430,8778240,3.665898617511521e-05,515.4,0.53,1.528035,77.16,111878,-0.003418,0.023496,2.843488,0.001254,0.000763,0.697336,0.561106,0.319781,1.828719,1.857222,0.931453,0.97243,0.597876,0.0
11440,8785920,3.642857142857143e-05,515.4,0.6,1.639458,85.42,111966,-0.003405,0.015397,2.895143,0.000748,0.000366,0.739437,0.649861,0.478152,1.889905,1.91922,0.893795,0.967893,0.532757,0.0
11450,8793600,3.6198156682027644e-05,515.4,0.57,1.596748,92.43,112048,-0.003489,0.039107,2.902838,0.001248,0.002747,0.42132,0.415249,0.053039,1.860663,1.924832,0.915058,0.981719,0.48603,0.0
11460,8801280,3.5967741935483865e-05,515.4,0.53,1.556885,85.78,112135,-0.002464,0.02109,2.918659,0.000397,9.2e-05,0.574126,0.384468,0.448806,1.818297,1.933459,0.946921,0.987137,0.434152,0.0
11470,8808960,3.573732718894008e-05,515.4,0.54,1.568717,91.05,112217,-0.003138,0.026807,2.908798,0.000583,0.000427,0.686938,0.572553,0.299732,1.831201,1.929916,0.94851,0.971645,0.687103,0.0
11480,8816640,3.550691244239629e-05,515.4,0.55,1.567846,85.47,112309,-0.002581,0.025092,2.885175,0.000443,0.000183,0.485552,0.398924,0.290721,1.870651,1.928141,0.928213,0.947684,0.709073,0.0
11490,8824320,3.527649769585255e-05,515.4,0.64,1.665268,84.51,112397,-0.003707,0.031624,2.856532,0.00121,0.003571,0.483964,0.665816,-0.408583,1.856437,1.901464,0.944071,0.954831,0.700907,0.0
11500,8832000,3.504608294930876e-05,515.4,0.62,1.641041,86.2,112485,-0.003054,0.010694,2.923223,0.000901,0.002747,0.778936,0.67404,0.563942,1.884915,1.933621,0.957416,0.989419,0.603079,0.0
11510,8839680,3.481566820276498e-05,515.4,0.57,1.61791,84.48,112575,-0.0041,0.013791,2.919669,0.001262,0.002258,0.66618,0.478329,0.545166,1.817031,1.929216,0.967129,0.987629,0.500464,0.0
11520,8847360,3.4585253456221195e-05,515.4,0.67,1.75371,85.29,112670,-0.004582,0.029676,2.891156,0.000879,0.003418,0.489859,0.481398,0.143942,1.883373,1.925346,0.984276,0.957657,0.655274,0.0
11530,8855040,3.435483870967741e-05,515.4,0.59,1.607926,81.19,112764,-0.00326,0.025677,2.91287,0.000682,3.1e-05,0.67414,0.492546,0.375805,1.913796,1.924561,0.969046,0.979162,0.591221,0.0
11540,8862720,3.412442396313363e-05,515.4,0.66,1.711595,84.21,112853,-0.003433,0.02163,2.890411,0.000769,0.001129,0.763091,0.597314,0.443666,1.865226,1.919054,0.980819,0.968073,0.516087,0.0
11550,8870400,3.3894009216589844e-05,515.4,0.58,1.617946,75.5,112954,-0.004055,0.015834,2.917771,0.001008,0.002747,0.741007,0.654224,0.473517,1.841496,1.921679,0.978262,0.991777,0.620395,0.0
11560,8878080,3.36635944700461e-05,515.5,0.59,1.61424,78.13,113050,-0.002465,0.028417,2.929697,0.00047,0.0,0.480131,0.355277,0.298163,1.855407,1.923395,0.992934,0.999033,0.581479,0.0
11570,8885760,3.343317972350231e-05,515.5,0.61,1.623543,81.67,113143,-0.002979,0.010623,2.901976,0.000748,9.2e-05,0.745466,0.643769,0.55798,1.756379,1.893111,0.981495,0.998691,0.577443,0.0
11580,8893440,3.3202764976958526e-05,515.5,0.6,1.639723,77.39,113243,-0.003027,0.038399,2.908494,0.000624,0.000244,0.613953,0.488605,0.310066,1.868944,1.91444,0.980511,0.985957,0.674684,0.0
11590,8901120,3.297235023041475e-05,515.5,0.71,1.817167,78.65,113341,-0.003061,0.015584,2.911818,0.000674,0.000366,0.740549,0.743215,0.219318,1.716865,1.909123,0.963163,0.994031,0.530648,0.0
11600,8908800,3.274193548387096e-05,515.5,0.64,1.677223,81.86,113436,-0.003737,0.023523,2.91408,0.000918,0.000671,0.626594,0.498673,0.37506,1.832275,1.925937,0.963985,0.980036,0.517694,0.0
11610,8916480,3.251152073732718e-05,515.5,0.66,1.71664,81.96,113525,-0.002992,0.005661,2.946446,0.000638,6.1e-05,0.879357,0.787735,0.60177,1.914666,1.95345,0.98252,0.982448,0.667334,0.0
11620,8924160,3.2281105990783395e-05,515.5,0.7,1.740825,86.81,113614,-0.002862,0.011764,2.913434,0.000733,0.000275,0.733107,0.672397,0.321885,1.899728,1.94408,0.995815,0.966421,0.487085,0.0
11630,8931840,3.205069124423961e-05,515.5,0.74,1.83282,85.93,113706,-0.00326,0.008691,2.923624,0.00079,0.000244,0.853113,0.678638,0.553683,1.862362,1.936413,0.949111,0.985423,0.516264,0.0
11640,8939520,3.1820276497695864e-05,515.5,0.72,1.786354,85.98,113798,-0.002845,0.030763,2.896446,0.000859,0.001221,0.513029,0.419893,0.261569,1.800506,1.911764,0.985175,0.981914,0.493113,0.0
11650,8947200,3.158986175115208e-05,515.5,0.63,1.625558,71.55,113905,-0.002883,0.02715,2.916923,0.000521,9.2e-05,0.615909,0.340456,0.505373,1.892188,1.921355,0.93865,0.991721,0.473725,0.0
11660,8954880,3.13594470046083e-05,515.5,0.65,1.738897,76.46,114003,-0.002631,0.003449,2.952988,0.00073,0.000275,0.923567,0.786133,0.823033,1.806764,1.940714,0.944562,1.006019,0.508606,0.0
11670,8962560,3.112903225806451e-05,515.5,0.61,1.679794,72.61,114107,-0.002443,0.006196,2.959707,0.000438,0.0,0.858059,0.831631,0.696079,1.866306,1.963712,0.976894,0.995682,0.435877,0.0
11680,8970240,3.0898617511520726e-05,515.5,0.67,1.732055,81.57,114204,-0.002674,0.025672,2.962145,0.000524,9.2e-05,0.502984,0.399494,0.263418,1.872114,1.955079,0.973413,1.00288,0.569645,0.0
11690,8977920,3.066820276497695e-05,515.5,0.69,1.733483,80.45,114298,-0.003038,0.00743,2.97446,0.000738,3.1e-05,0.783714,0.635617,0.685285,1.915729,1.965883,0.972881,1.002414,0.664386,0.0
11700,8985600,3.0437788018433164e-05,515.5,0.65,1.672613,75.63,114398,-0.002631,0.022984,2.96833,0.000708,0.000336,0.572024,0.47248,0.331046,1.903168,1.976442,0.972391,0.986034,0.560505,0.0
11710,8993280,3.020737327188941e-05,515.5,0.71,1.82048,88.39,114487,-0.003029,0.020197,2.966397,0.000685,0.000549,0.785165,0.673377,0.34402,1.872718,1.983821,0.990744,0.976115,0.586566,0.0
11720,9000960,2.997695852534563e-05,515.5,0.59,1.656486,75.27,114587,-0.003006,0.018532,2.961596,0.000505,9.2e-05,0.681396,0.385895,0.539428,1.89801,1.955294,0.967739,0.999005,0.550836,0.0
11730,9008640,2.9746543778801846e-05,515.5,0.61,1.674818,80.93,114682,-0.00311,0.007488,2.941103,0.000531,6.1e-05,0.914919,0.607329,0.786778,1.87637,1.938449,0.990316,0.994919,0.557702,0.0
11740,9016320,2.9516129032258063e-05,515.5,0.62,1.678599,80.15,114778,-0.001905,0.038363,2.944471,0.000348,0.0,0.708617,0.513535,0.40205,1.841904,1.953366,0.959098,0.982334,0.56722,0.0
11750,9024000,2.9285714285714277e-05,515.5,0.67,1.742296,85.29,114868,-0.003369,0.021978,2.941372,0.000487,0.000214,0.583672,0.459185,0.31367,1.932851,1.952393,0.977401,0.977713,0.626243,0.0
11760,9031680,2.9055299539170495e-05,515.5,0.53,1.537738,76.05,114968,-0.00353,0.020776,2.918508,0.000805,0.001099,0.56568,0.35192,0.565125,1.930582,1.955527,0.957465,0.966282,0.652763,0.0
11770,9039360,2.8824884792626712e-05,515.6,0.61,1.644482,72.17,115071,-0.003128,0.031832,2.93285,0.000619,0.000183,0.591599,0.370889,0.36873,1.970508,1.93338,0.992262,0.996176,0.569146,0.0
11780,9047040,2.8594470046082963e-05,515.6,0.66,1.714827,77.3,115171,-0.001921,0.015852,2.906949,0.000312,0.0,0.583378,0.468107,0.360781,1.93202,1.922325,0.957246,0.97783,0.654222,0.0
11790,9054720,2.836405529953918e-05,515.6,0.73,1.812785,79.82,115266,-0.003132,0.021643,2.937389,0.000455,0.000244,0.675732,0.589483,0.289656,1.930241,1.94775,0.972836,0.980221,0.596633,0.0
11800,9062400,2.8133640552995394e-05,515.6,0.73,1.807585,81.9,115360,-0.002701,0.020548,2.927553,0.00052,0.0,0.626659,0.497231,0.395605,1.901115,1.953146,0.925217,0.970278,0.64072,0.0
11810,9070080,2.790322580645161e-05,515.6,0.66,1.720571,77.22,115459,-0.003521,0.02034,2.908832,0.000864,0.000214,0.717481,0.566209,0.374516,1.956679,1.945397,0.968412,0.95529,0.694997,0.0
11820,9077760,2.767281105990783e-05,515.6,0.61,1.616674,68.51,115569,-0.002812,0.021433,2.89061,0.000584,0.000702,0.653435,0.328747,0.627534,1.89263,1.942454,0.925418,0.949554,0.574768,0.0
11830,9085440,2.7442396313364046e-05,515.6,0.53,1.584581,79.67,115665,-0.002265,0.017531,2.922992,0.00054,0.0,0.585147,0.489254,0.374035,1.850012,1.955503,0.972691,0.965359,0.497916,0.0
11840,9093120,2.7211981566820263e-05,515.6,0.56,1.588439,78.52,115764,-0.002389,0.023577,2.9427,0.000448,0.0,0.635238,0.456789,0.433167,1.837709,1.940048,0.979348,0.995892,0.569002,0.0
11850,9100800,2.698156682027648e-05,515.6,0.63,1.697735,76.54,115864,-0.002355,0.019781,2.971458,0.000406,6.1e-05,0.676065,0.533988,0.380985,1.918414,1.972917,1.010834,0.992902,0.619039,0.0
11860,9108480,2.6751152073732728e-05,515.6,0.69,1.78808,80.63,115959,-0.00218,0.020429,2.957992,0.000406,3.1e-05,0.703568,0.731947,0.063838,1.810215,1.971197,0.95819,0.983836,0.545669,0.0
11870,9116160,2.6520737327188946e-05,515.6,0.66,1.693092,69.41,116068,-0.002503,0.017934,2.936434,0.000389,0.0,0.647307,0.583028,0.22978,1.8361,1.957441,0.970707,0.9762,0.562756,0.0
11880,9123840,2.6290322580645163e-05,515.6,0.61,1.640832,68.41,116179,-0.00253,0.02501,2.877762,0.000439,0.0,0.684746,0.458744,0.453206,1.870105,1.918952,0.971048,0.950744,0.579099,0.0
11890,9131520,2.605990783410138e-05,515.6,0.71,1.726217,66.88,116290,-0.001989,0.022915,2.893124,0.000278,0.0,0.640984,0.680345,0.037689,1.810143,1.929747,0.952177,0.959199,0.635001,0.0
11900,9139200,2.5829493087557594e-05,515.6,0.58,1.598163,63.3,116411,-0.002308,0.036559,2.880144,0.000404,0.0,0.721101,0.636873,0.238178,1.89633,1.934341,0.960822,0.942192,0.603043,0.0
11910,9146880,2.559907834101381e-05,515.6,0.61,1.666554,64.22,116526,-0.002636,0.022643,2.881994,0.000344,0.0,0.65237,0.536579,0.382505,1.808103,1.902385,0.976912,0.974266,0.631592,0.0
11920,9154560,2.536866359447003e-05,515.6,0.72,1.77068,70.4,116635,-0.002536,0.028612,2.89844,0.000693,0.000183,0.663953,0.582032,0.253587,1.857243,1.909086,0.976153,0.983157,0.661407,0.0
11930,9162240,2.513824884792628e-05,515.6,0.68,1.752555,69.58,116744,-0.002069,0.03174,2.925606,0.000404,3.1e-05,0.603,0.655884,-0.126428,1.827755,1.938576,1.008172,0.98081,0.543745,0.0
11940,9169920,2.4907834101382497e-05,515.6,0.75,1.845989,72.07,116851,-0.001908,0.01596,2.936203,0.000384,3.1e-05,0.762242,0.583327,0.503307,1.873287,1.946254,1.005762,0.985073,0.666368,0.0
11950,9177600,2.467741935483871e-05,515.6,0.77,1.887335,72.01,116960,-0.002642,0.016863,2.938956,0.00043,6.1e-05,0.627836,0.528269,0.369298,1.840923,1.951803,1.003991,0.978538,0.640834,0.0
11960,9185280,2.4447004608294928e-05,515.7,0.74,1.813375,72.24,117065,-0.002448,0.025066,2.905781,0.000753,0.000244,0.511301,0.347177,0.375546,1.827284,1.917943,0.996443,0.98269,0.574464,0.0
11970,9192960,2.4216589861751145e-05,515.7,0.7,1.733187,75.12,117167,-0.00226,0.010362,2.930031,0.000403,9.2e-05,0.744269,0.685318,0.427971,1.876904,1.938582,0.993734,0.986498,0.543346,0.0
11980,9200640,2.3986175115207363e-05,515.7,0.62,1.639172,74.93,117268,-0.001965,0.013529,2.941896,0.000238,0.0,0.582231,0.581824,0.395441,1.901845,1.951222,0.99589,0.984876,0.649693,0.0
11990,9208320,2.375576036866358e-05,515.7,0.62,1.631849,79.79,117364,-0.002828,0.029855,2.943133,0.000621,6.1e-05,0.64829,0.565224,0.260128,1.885512,1.941972,0.988186,0.988541,0.566655,0.0
12000,9216000,2.3525345622119828e-05,515.7,0.73,1.815081,73.08,117465,-0.001726,0.023479,2.924857,0.000244,3.1e-05,0.7874,0.709125,0.269753,1.868995,1.952623,0.974701,0.970195,0.466454,0.0
12010,9223680,2.3294930875576045e-05,515.7,0.7,1.782713,82.54,117559,-0.002256,0.011031,2.939351,0.000446,3.1e-05,0.57189,0.587812,0.32574,1.84539,1.949137,0.998971,0.986508,0.506901,0.0
12020,9231360,2.3064516129032262e-05,515.7,0.66,1.743178,81.33,117654,-0.002973,0.021677,2.914574,0.000646,0.000336,0.524231,0.327655,0.497183,1.825681,1.942273,0.977742,0.973235,0.431364,0.0
12030,9239040,2.283410138248848e-05,515.7,0.76,1.826546,85.57,117741,-0.002291,0.008996,2.988171,0.000568,0.00058,0.861669,0.694692,0.648571,1.844083,1.985945,0.990077,1.002628,0.531097,0.0
12040,9246720,2.2603686635944697e-05,515.7,0.6,1.631811,76.67,117841,-0.00173,0.009735,2.965721,0.000198,6.1e-05,0.756755,0.457494,0.719785,1.897665,1.959526,0.996926,1.00017,0.511808,0.0
12050,9254400,2.237327188940091e-05,515.7,0.69,1.765448,72.2,117949,-0.00334,0.025357,2.937123,0.000844,0.000519,0.579015,0.464626,0.344756,1.961026,1.95864,0.995503,0.973007,0.559401,0.0
12060,9262080,2.2142857142857128e-05,515.7,0.65,1.720432,69.98,118060,-0.002058,0.037242,2.922168,0.000292,0.0,0.522271,0.408857,0.332022,1.831917,1.940218,0.977607,0.978598,0.476846,0.0
12070,9269760,2.1912442396313345e-05,515.7,0.72,1.815908,72.8,118164,-0.00257,0.023849,2.918665,0.000532,0.0,0.51573,0.515631,0.165455,1.853055,1.941918,0.986134,0.972124,0.605851,0.0
12080,9277440,2.1682027649769596e-05,515.7,0.6,1.69239,79.04,118260,-0.001935,0.014942,2.94267,0.000473,3.1e-05,0.676922,0.413152,0.531431,1.832976,1.959493,0.985645,0.984873,0.409553,0.0
12090,9285120,2.1451612903225814e-05,515.8,0.69,1.778452,81.72,118352,-0.001799,0.003592,2.953283,0.000172,0.0,0.92264,0.821538,0.689936,1.864926,1.977144,0.958169,0.972406,0.487936,0.0
12100,9292800,2.1221198156682027e-05,515.8,0.7,1.762292,88.1,118443,-0.001685,0.015762,2.933232,0.000244,0.0,0.77794,0.587039,0.501148,1.93119,1.952797,0.970254,0.971312,0.573347,0.0
12110,9300480,2.0990783410138245e-05,515.8,0.63,1.672992,87.33,118530,-0.00173,0.03547,2.956026,0.000301,0.0,0.564161,0.495759,0.190323,1.909681,1.957693,0.98627,0.994377,0.482597,0.0
12120,9308160,2.0760368663594462e-05,515.8,0.56,1.572933,80.83,118624,-0.002444,0.027844,2.976866,0.00031,0.0,0.452924,0.279476,0.426012,1.890496,1.969753,0.996361,1.002857,0.540003,0.0
12130,9315840,2.052995391705068e-05,515.8,0.55,1.551137,73.53,118728,-0.001962,0.025106,2.956017,0.000264,0.0,0.575387,0.426667,0.345437,1.875403,1.948453,0.983506,1.001366,0.530074,0.0
12140,9323520,2.0299539170506896e-05,515.8,0.59,1.637919,78.62,118824,-0.001702,0.016868,2.944503,0.000178,0.0,0.657506,0.417418,0.512411,1.935081,1.941697,0.991817,0.993664,0.550031,0.0
12150,9331200,2.0069124423963144e-05,515.8,0.7,1.718907,81.23,118920,-0.001898,0.013986,2.950997,0.000228,0.0,0.737546,0.599404,0.500228,1.895115,1.93957,0.990887,1.006643,0.599705,0.0
12160,9338880,1.983870967741936e-05,515.8,0.58,1.599886,81.55,119013,-0.001805,0.016812,2.959275,0.00039,0.0,0.671241,0.36908,0.645323,1.934053,1.956998,0.991095,0.995918,0.668092,0.0
12170,9346560,1.960829493087558e-05,515.8,0.55,1.607106,73.73,119115,-0.001481,0.025836,2.925315,0.000163,0.0,0.626254,0.521004,0.335001,1.831947,1.934566,0.994916,0.9866,0.456079,0.0
12180,9354240,1.9377880184331796e-05,515.8,0.6,1.642933,73.49,119218,-0.001851,0.009688,2.944264,0.000255,0.0,0.705511,0.225758,0.798308,1.888035,1.950244,0.984266,0.992746,0.537888,0.0
12190,9361920,1.9147465437788013e-05,515.8,0.54,1.578866,82.47,119309,-0.001507,0.022155,2.975858,9.6e-05,0.0,0.698298,0.528974,0.421225,1.924841,1.975707,0.970333,0.994719,0.661541,0.0
12200,9369600,1.8917050691244227e-05,515.8,0.69,1.770894,73.42,119412,-0.001728,0.012687,2.960701,0.000206,6.1e-05,0.804692,0.585298,0.576247,1.87526,1.953102,0.98885,1.003253,0.595924,0.0
12210,9377280,1.8686635944700444e-05,515.8,0.7,1.75464,76.26,119514,-0.00152,0.02306,2.953786,0.00018,0.0,0.443983,0.273376,0.457992,1.929298,1.92863,0.993278,1.018808,0.633432,0.0
12220,9384960,1.8456221198156696e-05,515.8,0.59,1.641296,81.98,119604,-0.00158,0.008853,2.980122,0.00022,0.0,0.716731,0.530898,0.718578,1.917548,1.960966,1.015069,1.013615,0.589854,0.0
12230,9392640,1.8225806451612913e-05,515.8,0.64,1.678362,84.57,119693,-0.00186,0.01215,2.977141,0.000291,0.0,0.814092,0.816415,0.124742,1.856336,1.964172,0.981387,1.006403,0.599791,0.0
12240,9400320,1.799539170506913e-05,515.8,0.62,1.690794,86.15,119786,-0.001526,0.003041,2.964266,0.000125,0.0,0.922789,0.831642,0.807848,1.835792,1.9549,0.992167,1.002699,0.549858,0.0
12250,9408000,1.7764976958525344e-05,515.9,0.67,1.715854,89.19,119875,-0.002131,0.008572,2.958624,0.000278,3.1e-05,0.800553,0.605968,0.653141,1.929179,1.951877,1.005632,1.004999,0.51592,0.0
12260,9415680,1.753456221198156e-05,515.9,0.6,1.624054,89.03,119956,-0.001623,0.009193,2.972145,0.000232,0.0,0.851222,0.614142,0.725012,1.958042,1.955088,1.002956,1.013678,0.560315,0.0
12270,9423360,1.730414746543778e-05,515.9,0.63,1.676079,80.84,120053,-0.001685,0.015465,2.950928,0.000173,0.0,0.771463,0.370105,0.68872,1.920105,1.951923,0.979451,0.994263,0.648832,0.0
12280,9431040,1.7073732718893996e-05,515.9,0.69,1.782674,84.58,120143,-0.001635,0.024295,2.998309,0.000109,0.0,0.630045,0.497687,0.400943,1.858429,1.971799,1.00797,1.021262,0.515722,0.0
12290,9438720,1.6843317972350247e-05,515.9,0.68,1.741176,85.94,120229,-0.001226,0.040966,2.978101,0.000175,0.0,0.586708,0.436518,0.315381,1.87728,1.958776,0.98894,1.015753,0.485993,0.0
12300,9446400,1.661290322580646e-05,515.9,0.65,1.745936,86.26,120316,-0.001637,0.004732,2.984502,0.000177,0.0,0.904687,0.723152,0.782621,1.917093,1.971584,1.004461,1.008424,0.500032,0.0
12310,9454080,1.6382488479262678e-05,515.9,0.63,1.719178,76.74,120418,-0.001551,0.031964,2.99109,0.000253,0.0,0.595913,0.671488,-0.189346,1.877636,1.961825,1.024861,1.018954,0.603249,0.0
12320,9461760,1.6152073732718895e-05,515.9,0.72,1.812145,76.57,120519,-0.001655,0.027681,2.941541,0.000216,0.0,0.660311,0.505321,0.383144,1.896715,1.938251,0.986583,1.00178,0.610836,0.0
12330,9469440,1.5921658986175113e-05,515.9,0.68,1.74844,79.95,120614,-0.001437,0.018311,2.969592,0.000232,0.0,0.82196,0.631151,0.517543,1.862831,1.951187,1.005712,1.01208,0.506304,0.0
12340,9477120,1.569124423963133e-05,515.9,0.73,1.796292,79.24,120711,-0.002001,0.01413,2.948082,0.000255,0.0,0.875423,0.552403,0.722916,1.840908,1.936859,1.012444,1.001221,0.607611,0.0
12350,9484800,1.5460829493087544e-05,515.9,0.68,1.745362,77.07,120812,-0.001365,0.011374,2.932337,0.000103,0.0,0.82946,0.728706,0.522975,1.880091,1.948804,0.983833,0.979898,0.531461,0.0
12360,9492480,1.5230414746543763e-05,515.9,0.79,1.888631,79.9,120905,-0.001307,0.005934,2.927627,0.0001,0.0,0.909809,0.78924,0.622329,1.894739,1.944326,0.97534,0.977205,0.501992,0.0
12370,9500160,1.5000000000000012e-05,515.9,0.74,1.812259,86.59,120996,-0.001848,0.014293,2.911465,0.000396,0.0,0.727203,0.610419,0.444142,1.847132,1.921662,0.990264,0.98704,0.570011,0.0
12380,9507840,1.476958525345623e-05,515.9,0.69,1.736142,75.03,121099,-0.001839,0.021335,2.936133,0.00016,0.0,0.800514,0.651261,0.430442,1.797941,1.952183,0.973781,0.977125,0.630022,0.0
12390,9515520,1.4539170506912445e-05,515.9,0.69,1.754381,79.16,121194,-0.001641,0.014347,2.965008,0.000123,0.0,0.802534,0.744928,0.298576,1.87008,1.964795,0.985794,0.994514,0.53681,0.0
12400,9523200,1.4308755760368662e-05,515.9,0.67,1.726486,78.78,121292,-0.001287,0.005646,2.96797,9.7e-05,0.0,0.891371,0.83766,0.560154,1.899215,1.965856,1.003566,0.996601,0.559742,0.0
12410,9530880,1.4078341013824878e-05,515.9,0.62,1.645666,74.52,121395,-0.001939,0.017326,2.973815,0.000297,0.0,0.668191,0.626467,0.163211,1.938809,1.966621,1.014078,0.999395,0.533551,0.0
12420,9538560,1.3847926267281095e-05,515.9,0.68,1.705224,77.13,121495,-0.001339,0.03275,2.972072,0.000128,0.0,0.557507,0.495515,0.214948,1.923508,1.97021,1.024143,0.994293,0.658005,0.0
12430,9546240,1.3617511520737312e-05,515.9,0.78,1.87679,81.06,121589,-0.001187,0.030593,2.965912,9.5e-05,0.0,0.584894,0.59298,-0.010397,1.904564,1.968575,1.009656,0.991405,0.537088,0.0
12440,9553920,1.3387096774193562e-05,515.9,0.7,1.786169,83.75,121680,-0.000952,0.049135,2.953629,0.000119,0.0,0.568538,0.490611,0.154409,1.863885,1.957873,0.998906,0.988181,0.56284,0.0
12450,9561600,1.315668202764978e-05,515.9,0.7,1.754491,78.97,121778,-0.001731,0.025084,2.954864,0.000219,0.0,0.643902,0.609301,0.130744,1.90059,1.961422,0.959724,0.991606,0.581921,0.0
12460,9569280,1.2926267281105995e-05,515.9,0.6,1.629252,73.22,121882,-0.001469,0.027131,2.933375,0.000156,0.0,0.448839,0.380815,0.374583,1.903519,1.946545,0.9951,0.981124,0.587317,0.0
12470,9576960,1.2695852534562212e-05,515.9,0.68,1.708075,78.38,121975,-0.001042,0.010709,2.931408,7.7e-05,0.0,0.720519,0.760215,0.408278,1.940031,1.939853,0.999136,0.986695,0.588392,0.0
12480,9584640,1.246543778801843e-05,515.9,0.7,1.77228,86.63,122065,-0.001299,0.015382,2.960151,0.000121,0.0,0.640292,0.400742,0.517506,1.955281,1.950297,1.01233,1.003322,0.591068,0.0
12490,9592320,1.2235023041474645e-05,515.9,0.62,1.67238,77.55,122165,-0.001024,0.026114,2.942962,9e-05,0.0,0.50275,0.369208,0.343726,1.88351,1.944375,1.015893,0.996515,0.439666,0.0
12500,9600000,1.2004608294930862e-05,515.9,0.73,1.799491,75.96,122266,-0.000725,0.050216,2.965065,6.4e-05,0.0,0.458487,0.5289,-0.144137,1.952877,1.963039,0.995331,0.998848,0.521034,0.0
12510,9607680,1.1774193548387112e-05,515.9,0.68,1.700277,82.61,122355,-0.000994,0.009724,2.963561,7.3e-05,0.0,0.759259,0.627194,0.584602,1.917071,1.966435,0.970308,0.990156,0.495728,0.0
12520,9615360,1.1543778801843329e-05,515.9,0.72,1.793372,82.43,122450,-0.001004,0.021076,2.958435,4e-05,0.0,0.579436,0.441406,0.35469,1.958198,1.954744,1.009611,0.997737,0.533811,0.0
12530,9623040,1.1313364055299544e-05,515.9,0.74,1.769075,77.82,122548,-0.000952,0.010371,2.978193,5.7e-05,0.0,0.758946,0.698969,0.423005,1.951201,1.971125,0.994718,1.002728,0.544411,0.0
12540,9630720,1.1082949308755762e-05,515.9,0.74,1.823099,82.12,122639,-0.001008,0.040459,2.947279,8.2e-05,0.0,0.545389,0.588522,-0.09544,1.942578,1.952295,0.990133,0.989696,0.502912,0.0
12550,9638400,1.0852534562211979e-05,515.9,0.67,1.717506,74.43,122745,-0.000779,0.012556,2.993729,6.8e-05,0.0,0.760111,0.76382,0.099261,1.941832,1.977314,1.027452,1.010675,0.521672,0.0
12560,9646080,1.0622119815668195e-05,515.9,0.63,1.700608,80.59,122840,-0.000985,0.021192,2.972541,7.5e-05,0.0,0.627494,0.391622,0.506315,1.918386,1.967074,0.989007,0.999544,0.512645,0.0
12570,9653760,1.0391705069124412e-05,515.9,0.7,1.78473,76.78,122938,-0.00089,0.023351,2.981456,8.4e-05,0.0,0.510003,0.482774,0.233484,1.942039,1.979207,0.998764,0.996973,0.490545,0.0
12580,9661440,1.0161290322580629e-05,515.9,0.63,1.712605,84.45,123030,-0.001132,0.022315,2.987081,7.3e-05,0.0,0.606262,0.558579,0.266685,1.961955,1.974627,0.995892,1.006559,0.578818,0.0
12590,9669120,9.930875576036879e-06,515.9,0.69,1.77208,77.02,123130,-0.000735,0.034054,2.978283,5.7e-05,0.0,0.573254,0.557669,0.077653,1.908615,1.978834,0.957726,0.996453,0.483593,0.0
12600,9676800,9.700460829493096e-06,515.9,0.74,1.807075,80.34,123224,-0.000878,0.010708,2.97976,4.9e-05,0.0,0.822012,0.759604,0.377395,1.969521,1.975606,1.000605,0.998442,0.499153,0.0
12610,9684480,9.470046082949311e-06,515.9,0.76,1.802192,76.93,123325,-0.000676,0.011307,2.994023,4.6e-05,0.0,0.752453,0.764639,0.211753,1.851895,1.978663,1.005528,1.012193,0.412273,0.0
12620,9692160,9.239631336405529e-06,516.0,0.69,1.73801,80.08,123421,-0.000843,0.01857,2.980708,5.6e-05,0.0,0.677004,0.67593,0.128435,1.921477,1.966716,0.97167,1.008803,0.587084,0.0
12630,9699840,9.009216589861746e-06,516.0,0.76,1.87732,83.11,123512,-0.000824,0.01561,3.007429,6.8e-05,0.0,0.779591,0.68029,0.429825,1.971754,1.981331,1.013853,1.021187,0.580419,0.0
12640,9707520,8.778801843317961e-06,516.0,0.7,1.7822,80.35,123608,-0.001194,0.032813,3.007172,0.000114,0.0,0.685444,0.674983,0.039331,1.895435,1.979733,1.022109,1.021324,0.61826,0.0
12650,9715200,8.548387096774179e-06,516.0,0.66,1.74413,81.63,123701,-0.000856,0.026517,2.982113,4.3e-05,0.0,0.49374,0.539316,0.054108,1.953959,1.970716,1.001282,1.008058,0.499018,0.0
12660,9722880,8.317972350230428e-06,516.0,0.63,1.663451,81.69,123793,-0.00087,0.027732,2.95712,5.2e-05,0.0,0.625375,0.565585,0.18939,1.912117,1.943874,1.005636,1.009591,0.478197,0.0
12670,9730560,8.087557603686645e-06,516.0,0.6,1.653666,82.53,123887,-0.001141,0.019609,3.017707,0.000105,0.0,0.435498,0.53111,0.319615,1.888211,1.98879,1.010263,1.024554,0.467257,0.0
12680,9738240,7.857142857142861e-06,516.0,0.65,1.708115,85.03,123975,-0.000763,0.033799,2.99368,5.1e-05,0.0,0.600279,0.631126,-0.042753,1.96257,1.968019,1.026237,1.019471,0.480581,0.0
12690,9745920,7.626728110599078e-06,516.0,0.69,1.734656,78.77,124071,-0.000566,0.008695,3.002619,2e-05,0.0,0.807488,0.774774,0.393466,1.917926,1.975046,1.01448,1.024143,0.455275,0.0
12700,9753600,7.396313364055296e-06,516.0,0.72,1.750383,78.58,124171,-0.000849,0.012041,3.002522,4.9e-05,0.0,0.792033,0.750814,0.317778,1.948609,1.974437,1.021092,1.023385,0.561966,0.0
12710,9761280,7.165898617511512e-06,516.0,0.74,1.800011,86.89,124256,-0.00076,0.007521,3.028368,4.7e-05,0.0,0.850433,0.812578,0.373751,1.960054,1.995927,1.029529,1.027746,0.505323,0.0
12720,9768960,6.9354838709677284e-06,516.0,0.73,1.822338,89.97,124345,-0.000621,0.014076,3.025552,2.6e-05,0.0,0.739413,0.597866,0.476904,1.859905,1.993191,1.026778,1.026813,0.542676,0.0
12730,9776640,6.705069124423979e-06,516.0,0.66,1.701676,81.92,124440,-0.000795,0.034785,3.003819,3.2e-05,0.0,0.530502,0.389653,0.28613,1.890192,1.973747,1.015074,1.025464,0.511517,0.0
12740,9784320,6.474654377880195e-06,516.0,0.63,1.645789,78.21,124534,-0.000587,0.004417,3.016135,2e-05,0.0,0.918148,0.909259,0.610432,1.914456,1.985721,1.007044,1.026615,0.450059,0.0
12750,9792000,6.2442396313364116e-06,516.0,0.72,1.81884,78.19,124634,-0.000558,0.025924,3.011546,3.5e-05,0.0,0.688648,0.492513,0.437783,1.862834,1.983646,1.010346,1.023138,0.560501,0.0
12760,9799680,6.013824884792629e-06,516.1,0.73,1.807453,78.0,124732,-0.000676,0.017211,3.025821,2.7e-05,0.0,0.743619,0.644334,0.287178,1.904238,2.000668,0.994158,1.021265,0.518141,0.0
12770,9807360,5.783410138248845e-06,516.1,0.68,1.775346,82.07,124827,-0.000464,0.014126,2.993756,1.8e-05,0.0,0.728868,0.553422,0.490525,1.904124,1.969146,1.005429,1.020064,0.493812,0.0
12780,9815040,5.552995391705062e-06,516.1,0.67,1.726655,81.18,124922,-0.000603,0.019926,3.019402,3.2e-05,0.0,0.683283,0.59044,0.361782,1.856123,1.994013,0.999049,1.021955,0.517412,0.0
12790,9822720,5.322580645161278e-06,516.1,0.69,1.774528,81.28,125017,-0.000422,0.011974,3.008307,1e-05,0.0,0.764708,0.713321,0.30308,1.88528,1.978965,1.01204,1.024751,0.534296,0.0
12800,9830400,5.092165898617495e-06,516.1,0.67,1.733368,74.72,125118,-0.000582,0.007689,3.004653,2.7e-05,0.0,0.81709,0.707799,0.597795,1.875534,1.977726,1.008058,1.021275,0.558822,0.0
12810,9838080,4.861751152073745e-06,516.1,0.69,1.790935,78.9,125215,-0.000544,0.010758,2.992459,2e-05,0.0,0.67158,0.62431,0.340297,1.909196,1.969996,0.987287,1.017571,0.473076,0.0
12820,9845760,4.631336405529962e-06,516.1,0.76,1.859094,86.33,125305,-0.000403,0.021582,2.999765,1.2e-05,0.0,0.697605,0.547781,0.447786,1.93674,1.976224,1.009403,1.020958,0.510009,0.0
12830,9853440,4.4009216589861785e-06,516.1,0.67,1.702116,75.39,125406,-0.000341,0.019559,3.025266,1.1e-05,0.0,0.585838,0.621717,0.041463,1.946888,1.996034,1.020179,1.023978,0.58992,0.0
12840,9861120,4.170506912442395e-06,516.1,0.64,1.701482,85.85,125494,-0.000348,0.021611,2.998193,9e-06,0.0,0.685252,0.47953,0.448752,1.952931,1.976034,1.012419,1.016769,0.566746,0.0
12850,9868800,3.940092165898611e-06,516.1,0.8,1.885908,78.73,125593,-0.000402,0.011861,3.014854,8e-06,0.0,0.766294,0.812932,0.19615,1.918709,1.992532,1.01442,1.019057,0.487298,0.0
12860,9876480,3.7096774193548286e-06,516.1,0.76,1.893183,76.07,125696,-0.000273,0.002911,3.034097,8e-06,0.0,0.932458,0.880615,0.696087,1.946,2.000673,1.013344,1.026368,0.628905,0.0
12870,9884160,3.479262672811045e-06,516.1,0.72,1.803373,81.88,125790,-0.000221,0.016712,3.018808,8e-06,0.0,0.708267,0.616835,0.30473,1.866707,1.986411,1.015474,1.028553,0.485251,0.0
12880,9891840,3.248847926267295e-06,516.1,0.78,1.818548,81.29,125884,-0.000376,0.012953,3.016848,1e-05,0.0,0.802751,0.815374,0.146042,1.955091,1.989063,1.005405,1.022607,0.492513,0.0
12890,9899520,3.0184331797235118e-06,516.1,0.66,1.706953,82.76,125977,-0.000296,0.035502,3.002318,7e-06,0.0,0.593078,0.548963,0.110237,1.894486,1.970571,1.007671,1.028233,0.430112,0.0
12900,9907200,2.788018433179728e-06,516.1,0.7,1.769252,79.43,126074,-0.000312,0.024936,3.01585,8e-06,0.0,0.656008,0.504281,0.363566,1.971653,1.986505,1.027945,1.024187,0.566315,0.0
12910,9914880,2.557603686635945e-06,516.1,0.65,1.717354,82.57,126165,-0.000233,0.023077,3.001814,5e-06,0.0,0.671084,0.631667,0.197949,1.9795,1.980028,1.029832,1.017347,0.536922,0.0
12920,9922560,2.327188940092162e-06,516.1,0.66,1.722818,84.58,126255,-0.000221,0.027816,3.02228,3e-06,0.0,0.60422,0.577217,0.302426,1.89563,1.992385,1.025459,1.026874,0.509739,0.0
12930,9930240,2.0967741935483783e-06,516.1,0.7,1.733046,82.34,126349,-0.000251,0.019117,3.005405,6e-06,0.0,0.724621,0.492945,0.469439,1.929132,1.975968,0.997454,1.024375,0.560524,0.0
12940,9937920,1.8663594470045952e-06,516.1,0.71,1.760579,81.14,126445,-0.000242,0.01511,3.014339,4e-06,0.0,0.698768,0.596468,0.465287,1.910542,1.982395,0.99645,1.02607,0.55725,0.0
12950,9945600,1.635944700460845e-06,516.1,0.7,1.775398,84.02,126537,-0.000146,0.005418,3.004206,1e-06,0.0,0.933322,0.931905,0.592569,1.956448,1.979727,0.990462,1.02022,0.544486,0.0
12960,9953280,1.4055299539170617e-06,516.1,0.71,1.785279,79.11,126635,-0.000121,0.036923,2.995863,1e-06,0.0,0.621902,0.539397,0.194009,1.951727,1.974859,1.007693,1.017361,0.465834,0.0
12970,9960960,1.1751152073732783e-06,516.1,0.66,1.703687,83.71,126725,-0.000115,0.023369,3.001522,1e-06,0.0,0.629999,0.591513,0.239189,1.95089,1.972367,1.014214,1.024347,0.511305,0.0
12980,9968640,9.44700460829495e-07,516.1,0.73,1.791976,75.67,126826,-0.000104,0.015072,3.017366,1e-06,0.0,0.706726,0.610579,0.416543,1.921381,1.994061,1.006172,1.01866,0.546754,0.0
12990,9976320,7.142857142857117e-07,516.1,0.72,1.784382,81.86,126921,-3.9e-05,0.051462,3.013163,0.0,0.0,0.537091,0.466285,0.145211,1.907445,1.981856,1.008358,1.02708,0.545971,0.0
13000,9984000,4.838709677419283e-07,516.1,0.7,1.753641,80.42,127015,-4.3e-05,0.034754,3.016359,0.0,0.0,0.500595,0.425916,0.236247,1.92908,1.988989,1.028879,1.023092,0.535329,0.0
13010,9991680,2.5345622119814504e-07,516.1,0.7,1.7723,80.64,127107,-2.9e-05,0.013615,3.024335,0.0,0.0,0.813276,0.756378,0.275903,1.92845,1.991241,1.028608,1.026971,0.572513,0.0
13020,9999360,2.304147465436168e-08,516.1,0.66,1.729185,85.93,127193,-2e-06,0.008119,3.004909,0.0,0.0,0.840465,0.553866,0.700233,1.911484,1.978429,1.007658,1.022088,0.543793,0.0
