policy,x,y,radius,episode,arrived,max_control
random,82.0,34.0,6.0,0,0,
random,82.0,34.0,8.0,0,0,
random,82.0,34.0,10.0,0,0,
random,82.0,34.0,12.0,0,0,
random,84.0,34.0,6.0,0,0,
random,84.0,34.0,8.0,0,0,
random,84.0,34.0,10.0,0,0,
random,84.0,34.0,12.0,0,0,
random,86.0,34.0,6.0,0,0,
random,86.0,34.0,8.0,0,0,
random,86.0,34.0,10.0,0,0,
random,86.0,34.0,12.0,0,0,
random,88.0,34.0,6.0,0,0,
random,88.0,34.0,8.0,0,0,
random,88.0,34.0,10.0,0,0,
random,88.0,34.0,12.0,0,0,
random,82.0,34.0,6.0,1,0,
random,82.0,34.0,8.0,1,0,
random,82.0,34.0,10.0,1,0,
random,82.0,34.0,12.0,1,0,
random,84.0,34.0,6.0,1,0,
random,84.0,34.0,8.0,1,0,
random,84.0,34.0,10.0,1,0,
random,84.0,34.0,12.0,1,0,
random,86.0,34.0,6.0,1,0,
random,86.0,34.0,8.0,1,0,
random,86.0,34.0,10.0,1,0,
random,86.0,34.0,12.0,1,0,
random,88.0,34.0,6.0,1,0,
random,88.0,34.0,8.0,1,0,
random,88.0,34.0,10.0,1,0,
random,88.0,34.0,12.0,1,0,
random,82.0,34.0,6.0,2,0,
random,82.0,34.0,8.0,2,0,
random,82.0,34.0,10.0,2,0,
random,82.0,34.0,12.0,2,0,
random,84.0,34.0,6.0,2,0,
random,84.0,34.0,8.0,2,0,
random,84.0,34.0,10.0,2,0,
random,84.0,34.0,12.0,2,0,
random,86.0,34.0,6.0,2,0,
random,86.0,34.0,8.0,2,0,
random,86.0,34.0,10.0,2,0,
random,86.0,34.0,12.0,2,0,
random,88.0,34.0,6.0,2,0,
random,88.0,34.0,8.0,2,0,
random,88.0,34.0,10.0,2,0,
random,88.0,34.0,12.0,2,0,
random,82.0,34.0,6.0,3,0,
random,82.0,34.0,8.0,3,1,0.05551
random,82.0,34.0,10.0,3,1,0.073899
random,82.0,34.0,12.0,3,1,0.093634
random,84.0,34.0,6.0,3,0,
random,84.0,34.0,8.0,3,1,0.040149
random,84.0,34.0,10.0,3,1,0.050441
random,84.0,34.0,12.0,3,1,0.065118
random,86.0,34.0,6.0,3,0,
random,86.0,34.0,8.0,3,0,
random,86.0,34.0,10.0,3,1,0.034723
random,86.0,34.0,12.0,3,1,0.043715
random,88.0,34.0,6.0,3,0,
random,88.0,34.0,8.0,3,0,
random,88.0,34.0,10.0,3,0,
random,88.0,34.0,12.0,3,1,0.030705
random,82.0,34.0,6.0,4,0,
random,82.0,34.0,8.0,4,0,
random,82.0,34.0,10.0,4,0,
random,82.0,34.0,12.0,4,0,
random,84.0,34.0,6.0,4,0,
random,84.0,34.0,8.0,4,0,
random,84.0,34.0,10.0,4,0,
random,84.0,34.0,12.0,4,0,
random,86.0,34.0,6.0,4,0,
random,86.0,34.0,8.0,4,0,
random,86.0,34.0,10.0,4,0,
random,86.0,34.0,12.0,4,0,
random,88.0,34.0,6.0,4,0,
random,88.0,34.0,8.0,4,0,
random,88.0,34.0,10.0,4,0,
random,88.0,34.0,12.0,4,0,
random,82.0,34.0,6.0,5,0,
random,82.0,34.0,8.0,5,0,
random,82.0,34.0,10.0,5,0,
random,82.0,34.0,12.0,5,0,
random,84.0,34.0,6.0,5,0,
random,84.0,34.0,8.0,5,0,
random,84.0,34.0,10.0,5,0,
random,84.0,34.0,12.0,5,0,
random,86.0,34.0,6.0,5,0,
random,86.0,34.0,8.0,5,0,
random,86.0,34.0,10.0,5,0,
random,86.0,34.0,12.0,5,0,
random,88.0,34.0,6.0,5,0,
random,88.0,34.0,8.0,5,0,
random,88.0,34.0,10.0,5,0,
random,88.0,34.0,12.0,5,0,
random,82.0,34.0,6.0,6,0,
random,82.0,34.0,8.0,6,0,
random,82.0,34.0,10.0,6,1,0.164759
random,82.0,34.0,12.0,6,1,0.149242
random,84.0,34.0,6.0,6,0,
random,84.0,34.0,8.0,6,0,
random,84.0,34.0,10.0,6,1,0.157328
random,84.0,34.0,12.0,6,1,0.149305
random,86.0,34.0,6.0,6,0,
random,86.0,34.0,8.0,6,0,
random,86.0,34.0,10.0,6,0,
random,86.0,34.0,12.0,6,1,0.147132
random,88.0,34.0,6.0,6,0,
random,88.0,34.0,8.0,6,0,
random,88.0,34.0,10.0,6,0,
random,88.0,34.0,12.0,6,0,
random,82.0,34.0,6.0,7,0,
random,82.0,34.0,8.0,7,0,
random,82.0,34.0,10.0,7,0,
random,82.0,34.0,12.0,7,0,
random,84.0,34.0,6.0,7,0,
random,84.0,34.0,8.0,7,0,
random,84.0,34.0,10.0,7,0,
random,84.0,34.0,12.0,7,0,
random,86.0,34.0,6.0,7,0,
random,86.0,34.0,8.0,7,0,
random,86.0,34.0,10.0,7,0,
random,86.0,34.0,12.0,7,0,
random,88.0,34.0,6.0,7,0,
random,88.0,34.0,8.0,7,0,
random,88.0,34.0,10.0,7,0,
random,88.0,34.0,12.0,7,0,
random,82.0,34.0,6.0,8,0,
random,82.0,34.0,8.0,8,0,
random,82.0,34.0,10.0,8,0,
random,82.0,34.0,12.0,8,0,
random,84.0,34.0,6.0,8,0,
random,84.0,34.0,8.0,8,0,
random,84.0,34.0,10.0,8,0,
random,84.0,34.0,12.0,8,0,
random,86.0,34.0,6.0,8,0,
random,86.0,34.0,8.0,8,0,
random,86.0,34.0,10.0,8,0,
random,86.0,34.0,12.0,8,0,
random,88.0,34.0,6.0,8,0,
random,88.0,34.0,8.0,8,0,
random,88.0,34.0,10.0,8,0,
random,88.0,34.0,12.0,8,0,
random,82.0,34.0,6.0,9,0,
random,82.0,34.0,8.0,9,0,
random,82.0,34.0,10.0,9,0,
random,82.0,34.0,12.0,9,1,0.3289
random,84.0,34.0,6.0,9,0,
random,84.0,34.0,8.0,9,0,
random,84.0,34.0,10.0,9,1,0.173596
random,84.0,34.0,12.0,9,1,0.239295
random,86.0,34.0,6.0,9,0,
random,86.0,34.0,8.0,9,1,0.160352
random,86.0,34.0,10.0,9,1,0.186221
random,86.0,34.0,12.0,9,1,0.202818
random,88.0,34.0,6.0,9,1,0.233993
random,88.0,34.0,8.0,9,1,0.190881
random,88.0,34.0,10.0,9,1,0.210425
random,88.0,34.0,12.0,9,1,0.196803
random,82.0,34.0,6.0,10,0,
random,82.0,34.0,8.0,10,0,
random,82.0,34.0,10.0,10,0,
random,82.0,34.0,12.0,10,0,
random,84.0,34.0,6.0,10,0,
random,84.0,34.0,8.0,10,0,
random,84.0,34.0,10.0,10,0,
random,84.0,34.0,12.0,10,0,
random,86.0,34.0,6.0,10,0,
random,86.0,34.0,8.0,10,0,
random,86.0,34.0,10.0,10,0,
random,86.0,34.0,12.0,10,0,
random,88.0,34.0,6.0,10,0,
random,88.0,34.0,8.0,10,0,
random,88.0,34.0,10.0,10,0,
random,88.0,34.0,12.0,10,0,
random,82.0,34.0,6.0,11,0,
random,82.0,34.0,8.0,11,1,0.446098
random,82.0,34.0,10.0,11,1,0.430702
random,82.0,34.0,12.0,11,1,0.40967
random,84.0,34.0,6.0,11,0,
random,84.0,34.0,8.0,11,0,
random,84.0,34.0,10.0,11,1,0.341918
random,84.0,34.0,12.0,11,1,0.350114
random,86.0,34.0,6.0,11,0,
random,86.0,34.0,8.0,11,0,
random,86.0,34.0,10.0,11,1,0.217131
random,86.0,34.0,12.0,11,1,0.27705
random,88.0,34.0,6.0,11,0,
random,88.0,34.0,8.0,11,0,
random,88.0,34.0,10.0,11,0,
random,88.0,34.0,12.0,11,1,0.164553
random,82.0,34.0,6.0,12,1,0.760226
random,82.0,34.0,8.0,12,1,0.650595
random,82.0,34.0,10.0,12,1,0.508224
random,82.0,34.0,12.0,12,1,0.412198
random,84.0,34.0,6.0,12,1,0.611205
random,84.0,34.0,8.0,12,1,0.581884
random,84.0,34.0,10.0,12,1,0.500596
random,84.0,34.0,12.0,12,1,0.420447
random,86.0,34.0,6.0,12,0,
random,86.0,34.0,8.0,12,1,0.481542
random,86.0,34.0,10.0,12,1,0.451888
random,86.0,34.0,12.0,12,1,0.409881
random,88.0,34.0,6.0,12,0,
random,88.0,34.0,8.0,12,0,
random,88.0,34.0,10.0,12,1,0.376824
random,88.0,34.0,12.0,12,1,0.359728
random,82.0,34.0,6.0,13,0,
random,82.0,34.0,8.0,13,0,
random,82.0,34.0,10.0,13,0,
random,82.0,34.0,12.0,13,0,
random,84.0,34.0,6.0,13,0,
random,84.0,34.0,8.0,13,0,
random,84.0,34.0,10.0,13,0,
random,84.0,34.0,12.0,13,0,
random,86.0,34.0,6.0,13,0,
random,86.0,34.0,8.0,13,0,
random,86.0,34.0,10.0,13,0,
random,86.0,34.0,12.0,13,0,
random,88.0,34.0,6.0,13,0,
random,88.0,34.0,8.0,13,0,
random,88.0,34.0,10.0,13,0,
random,88.0,34.0,12.0,13,0,
random,82.0,34.0,6.0,14,0,
random,82.0,34.0,8.0,14,0,
random,82.0,34.0,10.0,14,0,
random,82.0,34.0,12.0,14,1,0.176724
random,84.0,34.0,6.0,14,0,
random,84.0,34.0,8.0,14,0,
random,84.0,34.0,10.0,14,0,
random,84.0,34.0,12.0,14,0,
random,86.0,34.0,6.0,14,0,
random,86.0,34.0,8.0,14,0,
random,86.0,34.0,10.0,14,0,
random,86.0,34.0,12.0,14,0,
random,88.0,34.0,6.0,14,0,
random,88.0,34.0,8.0,14,0,
random,88.0,34.0,10.0,14,0,
random,88.0,34.0,12.0,14,0,
random,82.0,34.0,6.0,15,0,
random,82.0,34.0,8.0,15,0,
random,82.0,34.0,10.0,15,0,
random,82.0,34.0,12.0,15,0,
random,84.0,34.0,6.0,15,0,
random,84.0,34.0,8.0,15,0,
random,84.0,34.0,10.0,15,0,
random,84.0,34.0,12.0,15,0,
random,86.0,34.0,6.0,15,0,
random,86.0,34.0,8.0,15,0,
random,86.0,34.0,10.0,15,0,
random,86.0,34.0,12.0,15,0,
random,88.0,34.0,6.0,15,0,
random,88.0,34.0,8.0,15,0,
random,88.0,34.0,10.0,15,0,
random,88.0,34.0,12.0,15,0,
random,82.0,34.0,6.0,16,0,
random,82.0,34.0,8.0,16,0,
random,82.0,34.0,10.0,16,0,
random,82.0,34.0,12.0,16,0,
random,84.0,34.0,6.0,16,0,
random,84.0,34.0,8.0,16,0,
random,84.0,34.0,10.0,16,0,
random,84.0,34.0,12.0,16,0,
random,86.0,34.0,6.0,16,0,
random,86.0,34.0,8.0,16,0,
random,86.0,34.0,10.0,16,0,
random,86.0,34.0,12.0,16,0,
random,88.0,34.0,6.0,16,0,
random,88.0,34.0,8.0,16,0,
random,88.0,34.0,10.0,16,0,
random,88.0,34.0,12.0,16,0,
random,82.0,34.0,6.0,17,0,
random,82.0,34.0,8.0,17,0,
random,82.0,34.0,10.0,17,0,
random,82.0,34.0,12.0,17,0,
random,84.0,34.0,6.0,17,0,
random,84.0,34.0,8.0,17,0,
random,84.0,34.0,10.0,17,0,
random,84.0,34.0,12.0,17,0,
random,86.0,34.0,6.0,17,0,
random,86.0,34.0,8.0,17,0,
random,86.0,34.0,10.0,17,0,
random,86.0,34.0,12.0,17,0,
random,88.0,34.0,6.0,17,0,
random,88.0,34.0,8.0,17,0,
random,88.0,34.0,10.0,17,0,
random,88.0,34.0,12.0,17,0,
random,82.0,34.0,6.0,18,0,
random,82.0,34.0,8.0,18,0,
random,82.0,34.0,10.0,18,0,
random,82.0,34.0,12.0,18,0,
random,84.0,34.0,6.0,18,0,
random,84.0,34.0,8.0,18,0,
random,84.0,34.0,10.0,18,0,
random,84.0,34.0,12.0,18,0,
random,86.0,34.0,6.0,18,0,
random,86.0,34.0,8.0,18,0,
random,86.0,34.0,10.0,18,0,
random,86.0,34.0,12.0,18,0,
random,88.0,34.0,6.0,18,0,
random,88.0,34.0,8.0,18,0,
random,88.0,34.0,10.0,18,0,
random,88.0,34.0,12.0,18,0,
random,82.0,34.0,6.0,19,0,
random,82.0,34.0,8.0,19,1,0.336804
random,82.0,34.0,10.0,19,1,0.35426
random,82.0,34.0,12.0,19,1,0.359414
random,84.0,34.0,6.0,19,0,
random,84.0,34.0,8.0,19,1,0.236639
random,84.0,34.0,10.0,19,1,0.272841
random,84.0,34.0,12.0,19,1,0.290809
random,86.0,34.0,6.0,19,0,
random,86.0,34.0,8.0,19,0,
random,86.0,34.0,10.0,19,1,0.196548
random,86.0,34.0,12.0,19,1,0.223427
random,88.0,34.0,6.0,19,0,
random,88.0,34.0,8.0,19,0,
random,88.0,34.0,10.0,19,1,0.126168
random,88.0,34.0,12.0,19,1,0.160557
random,82.0,34.0,6.0,20,0,
random,82.0,34.0,8.0,20,0,
random,82.0,34.0,10.0,20,0,
random,82.0,34.0,12.0,20,0,
random,84.0,34.0,6.0,20,0,
random,84.0,34.0,8.0,20,0,
random,84.0,34.0,10.0,20,0,
random,84.0,34.0,12.0,20,0,
random,86.0,34.0,6.0,20,0,
random,86.0,34.0,8.0,20,0,
random,86.0,34.0,10.0,20,0,
random,86.0,34.0,12.0,20,0,
random,88.0,34.0,6.0,20,0,
random,88.0,34.0,8.0,20,0,
random,88.0,34.0,10.0,20,0,
random,88.0,34.0,12.0,20,0,
random,82.0,34.0,6.0,21,0,
random,82.0,34.0,8.0,21,0,
random,82.0,34.0,10.0,21,1,0.319524
random,82.0,34.0,12.0,21,1,0.323938
random,84.0,34.0,6.0,21,0,
random,84.0,34.0,8.0,21,0,
random,84.0,34.0,10.0,21,0,
random,84.0,34.0,12.0,21,1,0.271411
random,86.0,34.0,6.0,21,0,
random,86.0,34.0,8.0,21,0,
random,86.0,34.0,10.0,21,0,
random,86.0,34.0,12.0,21,1,0.162248
random,88.0,34.0,6.0,21,0,
random,88.0,34.0,8.0,21,0,
random,88.0,34.0,10.0,21,0,
random,88.0,34.0,12.0,21,1,0.159595
random,82.0,34.0,6.0,22,0,
random,82.0,34.0,8.0,22,0,
random,82.0,34.0,10.0,22,0,
random,82.0,34.0,12.0,22,0,
random,84.0,34.0,6.0,22,0,
random,84.0,34.0,8.0,22,0,
random,84.0,34.0,10.0,22,0,
random,84.0,34.0,12.0,22,0,
random,86.0,34.0,6.0,22,0,
random,86.0,34.0,8.0,22,0,
random,86.0,34.0,10.0,22,0,
random,86.0,34.0,12.0,22,0,
random,88.0,34.0,6.0,22,0,
random,88.0,34.0,8.0,22,0,
random,88.0,34.0,10.0,22,0,
random,88.0,34.0,12.0,22,0,
random,82.0,34.0,6.0,23,0,
random,82.0,34.0,8.0,23,0,
random,82.0,34.0,10.0,23,1,0.143451
random,82.0,34.0,12.0,23,1,0.135068
random,84.0,34.0,6.0,23,0,
random,84.0,34.0,8.0,23,0,
random,84.0,34.0,10.0,23,1,0.147894
random,84.0,34.0,12.0,23,1,0.137027
random,86.0,34.0,6.0,23,0,
random,86.0,34.0,8.0,23,0,
random,86.0,34.0,10.0,23,1,0.142859
random,86.0,34.0,12.0,23,1,0.134244
random,88.0,34.0,6.0,23,0,
random,88.0,34.0,8.0,23,0,
random,88.0,34.0,10.0,23,1,0.125254
random,88.0,34.0,12.0,23,1,0.1236
random,82.0,34.0,6.0,24,0,
random,82.0,34.0,8.0,24,0,
random,82.0,34.0,10.0,24,0,
random,82.0,34.0,12.0,24,0,
random,84.0,34.0,6.0,24,0,
random,84.0,34.0,8.0,24,0,
random,84.0,34.0,10.0,24,0,
random,84.0,34.0,12.0,24,0,
random,86.0,34.0,6.0,24,0,
random,86.0,34.0,8.0,24,0,
random,86.0,34.0,10.0,24,0,
random,86.0,34.0,12.0,24,0,
random,88.0,34.0,6.0,24,0,
random,88.0,34.0,8.0,24,0,
random,88.0,34.0,10.0,24,0,
random,88.0,34.0,12.0,24,0,
random,82.0,34.0,6.0,25,0,
random,82.0,34.0,8.0,25,0,
random,82.0,34.0,10.0,25,0,
random,82.0,34.0,12.0,25,0,
random,84.0,34.0,6.0,25,0,
random,84.0,34.0,8.0,25,0,
random,84.0,34.0,10.0,25,0,
random,84.0,34.0,12.0,25,0,
random,86.0,34.0,6.0,25,0,
random,86.0,34.0,8.0,25,0,
random,86.0,34.0,10.0,25,0,
random,86.0,34.0,12.0,25,0,
random,88.0,34.0,6.0,25,0,
random,88.0,34.0,8.0,25,0,
random,88.0,34.0,10.0,25,0,
random,88.0,34.0,12.0,25,0,
random,82.0,34.0,6.0,26,0,
random,82.0,34.0,8.0,26,0,
random,82.0,34.0,10.0,26,0,
random,82.0,34.0,12.0,26,0,
random,84.0,34.0,6.0,26,0,
random,84.0,34.0,8.0,26,0,
random,84.0,34.0,10.0,26,0,
random,84.0,34.0,12.0,26,0,
random,86.0,34.0,6.0,26,0,
random,86.0,34.0,8.0,26,0,
random,86.0,34.0,10.0,26,0,
random,86.0,34.0,12.0,26,0,
random,88.0,34.0,6.0,26,0,
random,88.0,34.0,8.0,26,0,
random,88.0,34.0,10.0,26,0,
random,88.0,34.0,12.0,26,0,
random,82.0,34.0,6.0,27,0,
random,82.0,34.0,8.0,27,0,
random,82.0,34.0,10.0,27,0,
random,82.0,34.0,12.0,27,1,0.174421
random,84.0,34.0,6.0,27,0,
random,84.0,34.0,8.0,27,0,
random,84.0,34.0,10.0,27,0,
random,84.0,34.0,12.0,27,0,
random,86.0,34.0,6.0,27,0,
random,86.0,34.0,8.0,27,0,
random,86.0,34.0,10.0,27,0,
random,86.0,34.0,12.0,27,0,
random,88.0,34.0,6.0,27,0,
random,88.0,34.0,8.0,27,0,
random,88.0,34.0,10.0,27,0,
random,88.0,34.0,12.0,27,0,
random,82.0,34.0,6.0,28,0,
random,82.0,34.0,8.0,28,0,
random,82.0,34.0,10.0,28,0,
random,82.0,34.0,12.0,28,0,
random,84.0,34.0,6.0,28,0,
random,84.0,34.0,8.0,28,0,
random,84.0,34.0,10.0,28,0,
random,84.0,34.0,12.0,28,0,
random,86.0,34.0,6.0,28,0,
random,86.0,34.0,8.0,28,0,
random,86.0,34.0,10.0,28,0,
random,86.0,34.0,12.0,28,0,
random,88.0,34.0,6.0,28,0,
random,88.0,34.0,8.0,28,0,
random,88.0,34.0,10.0,28,0,
random,88.0,34.0,12.0,28,0,
random,82.0,34.0,6.0,29,0,
random,82.0,34.0,8.0,29,0,
random,82.0,34.0,10.0,29,0,
random,82.0,34.0,12.0,29,0,
random,84.0,34.0,6.0,29,0,
random,84.0,34.0,8.0,29,0,
random,84.0,34.0,10.0,29,0,
random,84.0,34.0,12.0,29,0,
random,86.0,34.0,6.0,29,0,
random,86.0,34.0,8.0,29,0,
random,86.0,34.0,10.0,29,0,
random,86.0,34.0,12.0,29,0,
random,88.0,34.0,6.0,29,0,
random,88.0,34.0,8.0,29,0,
random,88.0,34.0,10.0,29,0,
random,88.0,34.0,12.0,29,0,
random,82.0,34.0,6.0,30,0,
random,82.0,34.0,8.0,30,0,
random,82.0,34.0,10.0,30,0,
random,82.0,34.0,12.0,30,0,
random,84.0,34.0,6.0,30,0,
random,84.0,34.0,8.0,30,0,
random,84.0,34.0,10.0,30,0,
random,84.0,34.0,12.0,30,1,0.111981
random,86.0,34.0,6.0,30,0,
random,86.0,34.0,8.0,30,0,
random,86.0,34.0,10.0,30,0,
random,86.0,34.0,12.0,30,1,0.094083
random,88.0,34.0,6.0,30,0,
random,88.0,34.0,8.0,30,0,
random,88.0,34.0,10.0,30,0,
random,88.0,34.0,12.0,30,1,0.08325
random,82.0,34.0,6.0,31,0,
random,82.0,34.0,8.0,31,0,
random,82.0,34.0,10.0,31,0,
random,82.0,34.0,12.0,31,0,
random,84.0,34.0,6.0,31,0,
random,84.0,34.0,8.0,31,0,
random,84.0,34.0,10.0,31,0,
random,84.0,34.0,12.0,31,0,
random,86.0,34.0,6.0,31,0,
random,86.0,34.0,8.0,31,0,
random,86.0,34.0,10.0,31,0,
random,86.0,34.0,12.0,31,0,
random,88.0,34.0,6.0,31,0,
random,88.0,34.0,8.0,31,0,
random,88.0,34.0,10.0,31,0,
random,88.0,34.0,12.0,31,0,
random,82.0,34.0,6.0,32,0,
random,82.0,34.0,8.0,32,0,
random,82.0,34.0,10.0,32,0,
random,82.0,34.0,12.0,32,0,
random,84.0,34.0,6.0,32,0,
random,84.0,34.0,8.0,32,0,
random,84.0,34.0,10.0,32,0,
random,84.0,34.0,12.0,32,0,
random,86.0,34.0,6.0,32,0,
random,86.0,34.0,8.0,32,0,
random,86.0,34.0,10.0,32,0,
random,86.0,34.0,12.0,32,0,
random,88.0,34.0,6.0,32,0,
random,88.0,34.0,8.0,32,0,
random,88.0,34.0,10.0,32,0,
random,88.0,34.0,12.0,32,0,
random,82.0,34.0,6.0,33,1,0.07044
random,82.0,34.0,8.0,33,1,0.1159
random,82.0,34.0,10.0,33,1,0.170209
random,82.0,34.0,12.0,33,1,0.146855
random,84.0,34.0,6.0,33,0,
random,84.0,34.0,8.0,33,1,0.071314
random,84.0,34.0,10.0,33,1,0.092094
random,84.0,34.0,12.0,33,1,0.124957
random,86.0,34.0,6.0,33,0,
random,86.0,34.0,8.0,33,0,
random,86.0,34.0,10.0,33,1,0.05378
random,86.0,34.0,12.0,33,1,0.067656
random,88.0,34.0,6.0,33,0,
random,88.0,34.0,8.0,33,0,
random,88.0,34.0,10.0,33,0,
random,88.0,34.0,12.0,33,1,0.039637
random,82.0,34.0,6.0,34,0,
random,82.0,34.0,8.0,34,0,
random,82.0,34.0,10.0,34,0,
random,82.0,34.0,12.0,34,1,0.114998
random,84.0,34.0,6.0,34,0,
random,84.0,34.0,8.0,34,0,
random,84.0,34.0,10.0,34,0,
random,84.0,34.0,12.0,34,1,0.113241
random,86.0,34.0,6.0,34,0,
random,86.0,34.0,8.0,34,0,
random,86.0,34.0,10.0,34,1,0.085564
random,86.0,34.0,12.0,34,1,0.111704
random,88.0,34.0,6.0,34,0,
random,88.0,34.0,8.0,34,0,
random,88.0,34.0,10.0,34,1,0.12318
random,88.0,34.0,12.0,34,1,0.123788
random,82.0,34.0,6.0,35,0,
random,82.0,34.0,8.0,35,1,0.123339
random,82.0,34.0,10.0,35,1,0.138255
random,82.0,34.0,12.0,35,1,0.188991
random,84.0,34.0,6.0,35,0,
random,84.0,34.0,8.0,35,0,
random,84.0,34.0,10.0,35,1,0.118227
random,84.0,34.0,12.0,35,1,0.114192
random,86.0,34.0,6.0,35,0,
random,86.0,34.0,8.0,35,0,
random,86.0,34.0,10.0,35,0,
random,86.0,34.0,12.0,35,1,0.093435
random,88.0,34.0,6.0,35,0,
random,88.0,34.0,8.0,35,0,
random,88.0,34.0,10.0,35,0,
random,88.0,34.0,12.0,35,0,
random,82.0,34.0,6.0,36,0,
random,82.0,34.0,8.0,36,1,0.301012
random,82.0,34.0,10.0,36,1,0.299094
random,82.0,34.0,12.0,36,1,0.293018
random,84.0,34.0,6.0,36,0,
random,84.0,34.0,8.0,36,1,0.33151
random,84.0,34.0,10.0,36,1,0.30514
random,84.0,34.0,12.0,36,1,0.285111
random,86.0,34.0,6.0,36,0,
random,86.0,34.0,8.0,36,0,
random,86.0,34.0,10.0,36,1,0.320204
random,86.0,34.0,12.0,36,1,0.283398
random,88.0,34.0,6.0,36,0,
random,88.0,34.0,8.0,36,0,
random,88.0,34.0,10.0,36,1,0.316271
random,88.0,34.0,12.0,36,1,0.279001
random,82.0,34.0,6.0,37,0,
random,82.0,34.0,8.0,37,0,
random,82.0,34.0,10.0,37,0,
random,82.0,34.0,12.0,37,0,
random,84.0,34.0,6.0,37,0,
random,84.0,34.0,8.0,37,0,
random,84.0,34.0,10.0,37,0,
random,84.0,34.0,12.0,37,0,
random,86.0,34.0,6.0,37,0,
random,86.0,34.0,8.0,37,0,
random,86.0,34.0,10.0,37,0,
random,86.0,34.0,12.0,37,0,
random,88.0,34.0,6.0,37,0,
random,88.0,34.0,8.0,37,0,
random,88.0,34.0,10.0,37,0,
random,88.0,34.0,12.0,37,0,
random,82.0,34.0,6.0,38,0,
random,82.0,34.0,8.0,38,0,
random,82.0,34.0,10.0,38,0,
random,82.0,34.0,12.0,38,0,
random,84.0,34.0,6.0,38,0,
random,84.0,34.0,8.0,38,0,
random,84.0,34.0,10.0,38,0,
random,84.0,34.0,12.0,38,0,
random,86.0,34.0,6.0,38,0,
random,86.0,34.0,8.0,38,0,
random,86.0,34.0,10.0,38,0,
random,86.0,34.0,12.0,38,0,
random,88.0,34.0,6.0,38,0,
random,88.0,34.0,8.0,38,0,
random,88.0,34.0,10.0,38,0,
random,88.0,34.0,12.0,38,0,
random,82.0,34.0,6.0,39,0,
random,82.0,34.0,8.0,39,0,
random,82.0,34.0,10.0,39,0,
random,82.0,34.0,12.0,39,1,0.10077
random,84.0,34.0,6.0,39,0,
random,84.0,34.0,8.0,39,0,
random,84.0,34.0,10.0,39,0,
random,84.0,34.0,12.0,39,0,
random,86.0,34.0,6.0,39,0,
random,86.0,34.0,8.0,39,0,
random,86.0,34.0,10.0,39,0,
random,86.0,34.0,12.0,39,0,
random,88.0,34.0,6.0,39,0,
random,88.0,34.0,8.0,39,0,
random,88.0,34.0,10.0,39,0,
random,88.0,34.0,12.0,39,0,
random,82.0,34.0,6.0,40,0,
random,82.0,34.0,8.0,40,0,
random,82.0,34.0,10.0,40,0,
random,82.0,34.0,12.0,40,0,
random,84.0,34.0,6.0,40,0,
random,84.0,34.0,8.0,40,0,
random,84.0,34.0,10.0,40,0,
random,84.0,34.0,12.0,40,0,
random,86.0,34.0,6.0,40,0,
random,86.0,34.0,8.0,40,0,
random,86.0,34.0,10.0,40,0,
random,86.0,34.0,12.0,40,0,
random,88.0,34.0,6.0,40,0,
random,88.0,34.0,8.0,40,0,
random,88.0,34.0,10.0,40,0,
random,88.0,34.0,12.0,40,0,
random,82.0,34.0,6.0,41,0,
random,82.0,34.0,8.0,41,0,
random,82.0,34.0,10.0,41,0,
random,82.0,34.0,12.0,41,0,
random,84.0,34.0,6.0,41,0,
random,84.0,34.0,8.0,41,0,
random,84.0,34.0,10.0,41,0,
random,84.0,34.0,12.0,41,0,
random,86.0,34.0,6.0,41,0,
random,86.0,34.0,8.0,41,0,
random,86.0,34.0,10.0,41,0,
random,86.0,34.0,12.0,41,0,
random,88.0,34.0,6.0,41,0,
random,88.0,34.0,8.0,41,0,
random,88.0,34.0,10.0,41,0,
random,88.0,34.0,12.0,41,0,
random,82.0,34.0,6.0,42,0,
random,82.0,34.0,8.0,42,0,
random,82.0,34.0,10.0,42,0,
random,82.0,34.0,12.0,42,0,
random,84.0,34.0,6.0,42,0,
random,84.0,34.0,8.0,42,0,
random,84.0,34.0,10.0,42,0,
random,84.0,34.0,12.0,42,0,
random,86.0,34.0,6.0,42,0,
random,86.0,34.0,8.0,42,0,
random,86.0,34.0,10.0,42,0,
random,86.0,34.0,12.0,42,0,
random,88.0,34.0,6.0,42,0,
random,88.0,34.0,8.0,42,0,
random,88.0,34.0,10.0,42,0,
random,88.0,34.0,12.0,42,0,
random,82.0,34.0,6.0,43,1,0.179349
random,82.0,34.0,8.0,43,1,0.188261
random,82.0,34.0,10.0,43,1,0.432562
random,82.0,34.0,12.0,43,1,0.475111
random,84.0,34.0,6.0,43,1,0.233888
random,84.0,34.0,8.0,43,1,0.218475
random,84.0,34.0,10.0,43,1,0.387645
random,84.0,34.0,12.0,43,1,0.421303
random,86.0,34.0,6.0,43,1,0.27995
random,86.0,34.0,8.0,43,1,0.25142
random,86.0,34.0,10.0,43,1,0.219921
random,86.0,34.0,12.0,43,1,0.369645
random,88.0,34.0,6.0,43,1,0.313283
random,88.0,34.0,8.0,43,1,0.28141
random,88.0,34.0,10.0,43,1,0.222631
random,88.0,34.0,12.0,43,1,0.337665
random,82.0,34.0,6.0,44,0,
random,82.0,34.0,8.0,44,1,0.076131
random,82.0,34.0,10.0,44,1,0.086313
random,82.0,34.0,12.0,44,1,0.09602
random,84.0,34.0,6.0,44,0,
random,84.0,34.0,8.0,44,0,
random,84.0,34.0,10.0,44,1,0.054988
random,84.0,34.0,12.0,44,1,0.064448
random,86.0,34.0,6.0,44,0,
random,86.0,34.0,8.0,44,0,
random,86.0,34.0,10.0,44,0,
random,86.0,34.0,12.0,44,1,0.040983
random,88.0,34.0,6.0,44,0,
random,88.0,34.0,8.0,44,0,
random,88.0,34.0,10.0,44,0,
random,88.0,34.0,12.0,44,0,
random,82.0,34.0,6.0,45,0,
random,82.0,34.0,8.0,45,0,
random,82.0,34.0,10.0,45,1,0.181933
random,82.0,34.0,12.0,45,1,0.150324
random,84.0,34.0,6.0,45,0,
random,84.0,34.0,8.0,45,0,
random,84.0,34.0,10.0,45,0,
random,84.0,34.0,12.0,45,1,0.133068
random,86.0,34.0,6.0,45,0,
random,86.0,34.0,8.0,45,0,
random,86.0,34.0,10.0,45,0,
random,86.0,34.0,12.0,45,1,0.103566
random,88.0,34.0,6.0,45,0,
random,88.0,34.0,8.0,45,0,
random,88.0,34.0,10.0,45,0,
random,88.0,34.0,12.0,45,0,
random,82.0,34.0,6.0,46,0,
random,82.0,34.0,8.0,46,1,0.319056
random,82.0,34.0,10.0,46,1,0.304588
random,82.0,34.0,12.0,46,1,0.291257
random,84.0,34.0,6.0,46,1,0.317042
random,84.0,34.0,8.0,46,1,0.307277
random,84.0,34.0,10.0,46,1,0.285537
random,84.0,34.0,12.0,46,1,0.272454
random,86.0,34.0,6.0,46,1,0.304728
random,86.0,34.0,8.0,46,1,0.304565
random,86.0,34.0,10.0,46,1,0.284037
random,86.0,34.0,12.0,46,1,0.254778
random,88.0,34.0,6.0,46,1,0.276949
random,88.0,34.0,8.0,46,1,0.294976
random,88.0,34.0,10.0,46,1,0.278346
random,88.0,34.0,12.0,46,1,0.240045
random,82.0,34.0,6.0,47,0,
random,82.0,34.0,8.0,47,0,
random,82.0,34.0,10.0,47,1,0.282107
random,82.0,34.0,12.0,47,1,0.313438
random,84.0,34.0,6.0,47,0,
random,84.0,34.0,8.0,47,0,
random,84.0,34.0,10.0,47,1,0.25875
random,84.0,34.0,12.0,47,1,0.282364
random,86.0,34.0,6.0,47,0,
random,86.0,34.0,8.0,47,0,
random,86.0,34.0,10.0,47,1,0.247169
random,86.0,34.0,12.0,47,1,0.255695
random,88.0,34.0,6.0,47,0,
random,88.0,34.0,8.0,47,0,
random,88.0,34.0,10.0,47,1,0.242622
random,88.0,34.0,12.0,47,1,0.230302
random,82.0,34.0,6.0,48,1,0.215923
random,82.0,34.0,8.0,48,1,0.190639
random,82.0,34.0,10.0,48,1,0.150361
random,82.0,34.0,12.0,48,1,0.127608
random,84.0,34.0,6.0,48,0,
random,84.0,34.0,8.0,48,1,0.16556
random,84.0,34.0,10.0,48,1,0.138334
random,84.0,34.0,12.0,48,1,0.118859
random,86.0,34.0,6.0,48,0,
random,86.0,34.0,8.0,48,1,0.075248
random,86.0,34.0,10.0,48,1,0.113121
random,86.0,34.0,12.0,48,1,0.105429
random,88.0,34.0,6.0,48,0,
random,88.0,34.0,8.0,48,0,
random,88.0,34.0,10.0,48,1,0.059694
random,88.0,34.0,12.0,48,1,0.085907
random,82.0,34.0,6.0,49,0,
random,82.0,34.0,8.0,49,0,
random,82.0,34.0,10.0,49,0,
random,82.0,34.0,12.0,49,1,0.100642
random,84.0,34.0,6.0,49,0,
random,84.0,34.0,8.0,49,0,
random,84.0,34.0,10.0,49,0,
random,84.0,34.0,12.0,49,0,
random,86.0,34.0,6.0,49,0,
random,86.0,34.0,8.0,49,0,
random,86.0,34.0,10.0,49,0,
random,86.0,34.0,12.0,49,0,
random,88.0,34.0,6.0,49,0,
random,88.0,34.0,8.0,49,0,
random,88.0,34.0,10.0,49,0,
random,88.0,34.0,12.0,49,0,
random,82.0,34.0,6.0,50,1,0.196547
random,82.0,34.0,8.0,50,1,0.154882
random,82.0,34.0,10.0,50,1,0.125073
random,82.0,34.0,12.0,50,1,0.111686
random,84.0,34.0,6.0,50,1,0.243182
random,84.0,34.0,8.0,50,1,0.185389
random,84.0,34.0,10.0,50,1,0.142348
random,84.0,34.0,12.0,50,1,0.119327
random,86.0,34.0,6.0,50,1,0.264439
random,86.0,34.0,8.0,50,1,0.210227
random,86.0,34.0,10.0,50,1,0.158107
random,86.0,34.0,12.0,50,1,0.124594
random,88.0,34.0,6.0,50,1,0.248
random,88.0,34.0,8.0,50,1,0.222319
random,88.0,34.0,10.0,50,1,0.166036
random,88.0,34.0,12.0,50,1,0.125844
random,82.0,34.0,6.0,51,0,
random,82.0,34.0,8.0,51,0,
random,82.0,34.0,10.0,51,0,
random,82.0,34.0,12.0,51,0,
random,84.0,34.0,6.0,51,0,
random,84.0,34.0,8.0,51,0,
random,84.0,34.0,10.0,51,0,
random,84.0,34.0,12.0,51,0,
random,86.0,34.0,6.0,51,0,
random,86.0,34.0,8.0,51,0,
random,86.0,34.0,10.0,51,0,
random,86.0,34.0,12.0,51,0,
random,88.0,34.0,6.0,51,0,
random,88.0,34.0,8.0,51,0,
random,88.0,34.0,10.0,51,0,
random,88.0,34.0,12.0,51,0,
random,82.0,34.0,6.0,52,0,
random,82.0,34.0,8.0,52,0,
random,82.0,34.0,10.0,52,0,
random,82.0,34.0,12.0,52,0,
random,84.0,34.0,6.0,52,0,
random,84.0,34.0,8.0,52,0,
random,84.0,34.0,10.0,52,0,
random,84.0,34.0,12.0,52,0,
random,86.0,34.0,6.0,52,0,
random,86.0,34.0,8.0,52,0,
random,86.0,34.0,10.0,52,0,
random,86.0,34.0,12.0,52,0,
random,88.0,34.0,6.0,52,0,
random,88.0,34.0,8.0,52,0,
random,88.0,34.0,10.0,52,0,
random,88.0,34.0,12.0,52,0,
random,82.0,34.0,6.0,53,1,0.240874
random,82.0,34.0,8.0,53,1,0.296233
random,82.0,34.0,10.0,53,1,0.345403
random,82.0,34.0,12.0,53,1,0.367031
random,84.0,34.0,6.0,53,0,
random,84.0,34.0,8.0,53,1,0.24886
random,84.0,34.0,10.0,53,1,0.277857
random,84.0,34.0,12.0,53,1,0.300014
random,86.0,34.0,6.0,53,0,
random,86.0,34.0,8.0,53,1,0.219285
random,86.0,34.0,10.0,53,1,0.23444
random,86.0,34.0,12.0,53,1,0.242824
random,88.0,34.0,6.0,53,0,
random,88.0,34.0,8.0,53,1,0.162314
random,88.0,34.0,10.0,53,1,0.200278
random,88.0,34.0,12.0,53,1,0.207358
random,82.0,34.0,6.0,54,0,
random,82.0,34.0,8.0,54,0,
random,82.0,34.0,10.0,54,1,0.128212
random,82.0,34.0,12.0,54,1,0.119726
random,84.0,34.0,6.0,54,0,
random,84.0,34.0,8.0,54,0,
random,84.0,34.0,10.0,54,0,
random,84.0,34.0,12.0,54,1,0.098149
random,86.0,34.0,6.0,54,0,
random,86.0,34.0,8.0,54,0,
random,86.0,34.0,10.0,54,0,
random,86.0,34.0,12.0,54,0,
random,88.0,34.0,6.0,54,0,
random,88.0,34.0,8.0,54,0,
random,88.0,34.0,10.0,54,0,
random,88.0,34.0,12.0,54,0,
random,82.0,34.0,6.0,55,0,
random,82.0,34.0,8.0,55,0,
random,82.0,34.0,10.0,55,0,
random,82.0,34.0,12.0,55,0,
random,84.0,34.0,6.0,55,0,
random,84.0,34.0,8.0,55,0,
random,84.0,34.0,10.0,55,0,
random,84.0,34.0,12.0,55,0,
random,86.0,34.0,6.0,55,0,
random,86.0,34.0,8.0,55,0,
random,86.0,34.0,10.0,55,0,
random,86.0,34.0,12.0,55,0,
random,88.0,34.0,6.0,55,0,
random,88.0,34.0,8.0,55,0,
random,88.0,34.0,10.0,55,0,
random,88.0,34.0,12.0,55,0,
random,82.0,34.0,6.0,56,0,
random,82.0,34.0,8.0,56,0,
random,82.0,34.0,10.0,56,0,
random,82.0,34.0,12.0,56,0,
random,84.0,34.0,6.0,56,0,
random,84.0,34.0,8.0,56,0,
random,84.0,34.0,10.0,56,0,
random,84.0,34.0,12.0,56,0,
random,86.0,34.0,6.0,56,0,
random,86.0,34.0,8.0,56,0,
random,86.0,34.0,10.0,56,0,
random,86.0,34.0,12.0,56,0,
random,88.0,34.0,6.0,56,0,
random,88.0,34.0,8.0,56,0,
random,88.0,34.0,10.0,56,0,
random,88.0,34.0,12.0,56,0,
random,82.0,34.0,6.0,57,0,
random,82.0,34.0,8.0,57,0,
random,82.0,34.0,10.0,57,0,
random,82.0,34.0,12.0,57,0,
random,84.0,34.0,6.0,57,0,
random,84.0,34.0,8.0,57,0,
random,84.0,34.0,10.0,57,0,
random,84.0,34.0,12.0,57,0,
random,86.0,34.0,6.0,57,0,
random,86.0,34.0,8.0,57,0,
random,86.0,34.0,10.0,57,0,
random,86.0,34.0,12.0,57,0,
random,88.0,34.0,6.0,57,0,
random,88.0,34.0,8.0,57,0,
random,88.0,34.0,10.0,57,0,
random,88.0,34.0,12.0,57,0,
random,82.0,34.0,6.0,58,0,
random,82.0,34.0,8.0,58,1,0.114749
random,82.0,34.0,10.0,58,1,0.147459
random,82.0,34.0,12.0,58,1,0.230239
random,84.0,34.0,6.0,58,1,0.167253
random,84.0,34.0,8.0,58,1,0.161016
random,84.0,34.0,10.0,58,1,0.160487
random,84.0,34.0,12.0,58,1,0.193464
random,86.0,34.0,6.0,58,1,0.252571
random,86.0,34.0,8.0,58,1,0.204263
random,86.0,34.0,10.0,58,1,0.190542
random,86.0,34.0,12.0,58,1,0.194681
random,88.0,34.0,6.0,58,1,0.315652
random,88.0,34.0,8.0,58,1,0.251761
random,88.0,34.0,10.0,58,1,0.227808
random,88.0,34.0,12.0,58,1,0.21533
random,82.0,34.0,6.0,59,0,
random,82.0,34.0,8.0,59,0,
random,82.0,34.0,10.0,59,0,
random,82.0,34.0,12.0,59,1,0.355003
random,84.0,34.0,6.0,59,0,
random,84.0,34.0,8.0,59,0,
random,84.0,34.0,10.0,59,0,
random,84.0,34.0,12.0,59,1,0.30364
random,86.0,34.0,6.0,59,0,
random,86.0,34.0,8.0,59,0,
random,86.0,34.0,10.0,59,0,
random,86.0,34.0,12.0,59,1,0.254295
random,88.0,34.0,6.0,59,0,
random,88.0,34.0,8.0,59,0,
random,88.0,34.0,10.0,59,0,
random,88.0,34.0,12.0,59,0,
random,82.0,34.0,6.0,60,1,0.219487
random,82.0,34.0,8.0,60,1,0.168032
random,82.0,34.0,10.0,60,1,0.141152
random,82.0,34.0,12.0,60,1,0.114853
random,84.0,34.0,6.0,60,0,
random,84.0,34.0,8.0,60,1,0.139877
random,84.0,34.0,10.0,60,1,0.112293
random,84.0,34.0,12.0,60,1,0.108407
random,86.0,34.0,6.0,60,0,
random,86.0,34.0,8.0,60,0,
random,86.0,34.0,10.0,60,1,0.092481
random,86.0,34.0,12.0,60,1,0.087578
random,88.0,34.0,6.0,60,0,
random,88.0,34.0,8.0,60,0,
random,88.0,34.0,10.0,60,0,
random,88.0,34.0,12.0,60,1,0.069304
random,82.0,34.0,6.0,61,0,
random,82.0,34.0,8.0,61,0,
random,82.0,34.0,10.0,61,0,
random,82.0,34.0,12.0,61,0,
random,84.0,34.0,6.0,61,0,
random,84.0,34.0,8.0,61,0,
random,84.0,34.0,10.0,61,0,
random,84.0,34.0,12.0,61,0,
random,86.0,34.0,6.0,61,0,
random,86.0,34.0,8.0,61,0,
random,86.0,34.0,10.0,61,0,
random,86.0,34.0,12.0,61,0,
random,88.0,34.0,6.0,61,0,
random,88.0,34.0,8.0,61,0,
random,88.0,34.0,10.0,61,0,
random,88.0,34.0,12.0,61,0,
random,82.0,34.0,6.0,62,0,
random,82.0,34.0,8.0,62,1,0.17923
random,82.0,34.0,10.0,62,1,0.238451
random,82.0,34.0,12.0,62,1,0.501333
random,84.0,34.0,6.0,62,0,
random,84.0,34.0,8.0,62,1,0.178993
random,84.0,34.0,10.0,62,1,0.339704
random,84.0,34.0,12.0,62,1,0.462247
random,86.0,34.0,6.0,62,1,0.153088
random,86.0,34.0,8.0,62,1,0.188958
random,86.0,34.0,10.0,62,1,0.343824
random,86.0,34.0,12.0,62,1,0.309227
random,88.0,34.0,6.0,62,1,0.164528
random,88.0,34.0,8.0,62,1,0.221033
random,88.0,34.0,10.0,62,1,0.256722
random,88.0,34.0,12.0,62,1,0.303675
random,82.0,34.0,6.0,63,0,
random,82.0,34.0,8.0,63,0,
random,82.0,34.0,10.0,63,0,
random,82.0,34.0,12.0,63,1,0.033564
random,84.0,34.0,6.0,63,0,
random,84.0,34.0,8.0,63,0,
random,84.0,34.0,10.0,63,0,
random,84.0,34.0,12.0,63,0,
random,86.0,34.0,6.0,63,0,
random,86.0,34.0,8.0,63,0,
random,86.0,34.0,10.0,63,0,
random,86.0,34.0,12.0,63,0,
random,88.0,34.0,6.0,63,0,
random,88.0,34.0,8.0,63,0,
random,88.0,34.0,10.0,63,0,
random,88.0,34.0,12.0,63,0,
random,82.0,34.0,6.0,64,0,
random,82.0,34.0,8.0,64,0,
random,82.0,34.0,10.0,64,0,
random,82.0,34.0,12.0,64,1,0.2037
random,84.0,34.0,6.0,64,0,
random,84.0,34.0,8.0,64,0,
random,84.0,34.0,10.0,64,0,
random,84.0,34.0,12.0,64,0,
random,86.0,34.0,6.0,64,0,
random,86.0,34.0,8.0,64,0,
random,86.0,34.0,10.0,64,0,
random,86.0,34.0,12.0,64,0,
random,88.0,34.0,6.0,64,0,
random,88.0,34.0,8.0,64,0,
random,88.0,34.0,10.0,64,0,
random,88.0,34.0,12.0,64,0,
random,82.0,34.0,6.0,65,0,
random,82.0,34.0,8.0,65,1,0.114723
random,82.0,34.0,10.0,65,1,0.121487
random,82.0,34.0,12.0,65,1,0.130205
random,84.0,34.0,6.0,65,0,
random,84.0,34.0,8.0,65,1,0.12007
random,84.0,34.0,10.0,65,1,0.120697
random,84.0,34.0,12.0,65,1,0.121798
random,86.0,34.0,6.0,65,0,
random,86.0,34.0,8.0,65,0,
random,86.0,34.0,10.0,65,1,0.114806
random,86.0,34.0,12.0,65,1,0.113019
random,88.0,34.0,6.0,65,0,
random,88.0,34.0,8.0,65,0,
random,88.0,34.0,10.0,65,1,0.103411
random,88.0,34.0,12.0,65,1,0.102601
random,82.0,34.0,6.0,66,0,
random,82.0,34.0,8.0,66,0,
random,82.0,34.0,10.0,66,1,0.21467
random,82.0,34.0,12.0,66,1,0.22234
random,84.0,34.0,6.0,66,0,
random,84.0,34.0,8.0,66,0,
random,84.0,34.0,10.0,66,0,
random,84.0,34.0,12.0,66,1,0.189819
random,86.0,34.0,6.0,66,0,
random,86.0,34.0,8.0,66,0,
random,86.0,34.0,10.0,66,0,
random,86.0,34.0,12.0,66,1,0.16675
random,88.0,34.0,6.0,66,0,
random,88.0,34.0,8.0,66,0,
random,88.0,34.0,10.0,66,0,
random,88.0,34.0,12.0,66,0,
random,82.0,34.0,6.0,67,0,
random,82.0,34.0,8.0,67,0,
random,82.0,34.0,10.0,67,0,
random,82.0,34.0,12.0,67,0,
random,84.0,34.0,6.0,67,0,
random,84.0,34.0,8.0,67,0,
random,84.0,34.0,10.0,67,0,
random,84.0,34.0,12.0,67,0,
random,86.0,34.0,6.0,67,0,
random,86.0,34.0,8.0,67,0,
random,86.0,34.0,10.0,67,0,
random,86.0,34.0,12.0,67,0,
random,88.0,34.0,6.0,67,0,
random,88.0,34.0,8.0,67,0,
random,88.0,34.0,10.0,67,0,
random,88.0,34.0,12.0,67,0,
random,82.0,34.0,6.0,68,0,
random,82.0,34.0,8.0,68,1,0.1341
random,82.0,34.0,10.0,68,1,0.13175
random,82.0,34.0,12.0,68,1,0.113275
random,84.0,34.0,6.0,68,0,
random,84.0,34.0,8.0,68,0,
random,84.0,34.0,10.0,68,1,0.099099
random,84.0,34.0,12.0,68,1,0.096859
random,86.0,34.0,6.0,68,0,
random,86.0,34.0,8.0,68,0,
random,86.0,34.0,10.0,68,0,
random,86.0,34.0,12.0,68,1,0.072085
random,88.0,34.0,6.0,68,0,
random,88.0,34.0,8.0,68,0,
random,88.0,34.0,10.0,68,0,
random,88.0,34.0,12.0,68,0,
random,82.0,34.0,6.0,69,1,0.256121
random,82.0,34.0,8.0,69,1,0.202827
random,82.0,34.0,10.0,69,1,0.292482
random,82.0,34.0,12.0,69,1,0.270763
random,84.0,34.0,6.0,69,1,0.214753
random,84.0,34.0,8.0,69,1,0.161989
random,84.0,34.0,10.0,69,1,0.143018
random,84.0,34.0,12.0,69,1,0.227493
random,86.0,34.0,6.0,69,1,0.133781
random,86.0,34.0,8.0,69,1,0.133618
random,86.0,34.0,10.0,69,1,0.111687
random,86.0,34.0,12.0,69,1,0.110293
random,88.0,34.0,6.0,69,0,
random,88.0,34.0,8.0,69,1,0.087635
random,88.0,34.0,10.0,69,1,0.088371
random,88.0,34.0,12.0,69,1,0.082614
random,82.0,34.0,6.0,70,0,
random,82.0,34.0,8.0,70,0,
random,82.0,34.0,10.0,70,0,
random,82.0,34.0,12.0,70,0,
random,84.0,34.0,6.0,70,0,
random,84.0,34.0,8.0,70,0,
random,84.0,34.0,10.0,70,0,
random,84.0,34.0,12.0,70,0,
random,86.0,34.0,6.0,70,0,
random,86.0,34.0,8.0,70,0,
random,86.0,34.0,10.0,70,0,
random,86.0,34.0,12.0,70,0,
random,88.0,34.0,6.0,70,0,
random,88.0,34.0,8.0,70,0,
random,88.0,34.0,10.0,70,0,
random,88.0,34.0,12.0,70,0,
random,82.0,34.0,6.0,71,0,
random,82.0,34.0,8.0,71,0,
random,82.0,34.0,10.0,71,0,
random,82.0,34.0,12.0,71,1,0.215362
random,84.0,34.0,6.0,71,0,
random,84.0,34.0,8.0,71,0,
random,84.0,34.0,10.0,71,0,
random,84.0,34.0,12.0,71,0,
random,86.0,34.0,6.0,71,0,
random,86.0,34.0,8.0,71,0,
random,86.0,34.0,10.0,71,0,
random,86.0,34.0,12.0,71,0,
random,88.0,34.0,6.0,71,0,
random,88.0,34.0,8.0,71,0,
random,88.0,34.0,10.0,71,0,
random,88.0,34.0,12.0,71,0,
random,82.0,34.0,6.0,72,1,0.359837
random,82.0,34.0,8.0,72,1,0.344603
random,82.0,34.0,10.0,72,1,0.359264
random,82.0,34.0,12.0,72,1,0.37306
random,84.0,34.0,6.0,72,1,0.358942
random,84.0,34.0,8.0,72,1,0.307724
random,84.0,34.0,10.0,72,1,0.310998
random,84.0,34.0,12.0,72,1,0.321955
random,86.0,34.0,6.0,72,1,0.399037
random,86.0,34.0,8.0,72,1,0.299115
random,86.0,34.0,10.0,72,1,0.267091
random,86.0,34.0,12.0,72,1,0.269516
random,88.0,34.0,6.0,72,1,0.269258
random,88.0,34.0,8.0,72,1,0.315362
random,88.0,34.0,10.0,72,1,0.236171
random,88.0,34.0,12.0,72,1,0.216809
random,82.0,34.0,6.0,73,0,
random,82.0,34.0,8.0,73,0,
random,82.0,34.0,10.0,73,0,
random,82.0,34.0,12.0,73,0,
random,84.0,34.0,6.0,73,0,
random,84.0,34.0,8.0,73,0,
random,84.0,34.0,10.0,73,0,
random,84.0,34.0,12.0,73,0,
random,86.0,34.0,6.0,73,0,
random,86.0,34.0,8.0,73,0,
random,86.0,34.0,10.0,73,0,
random,86.0,34.0,12.0,73,0,
random,88.0,34.0,6.0,73,0,
random,88.0,34.0,8.0,73,0,
random,88.0,34.0,10.0,73,0,
random,88.0,34.0,12.0,73,0,
random,82.0,34.0,6.0,74,0,
random,82.0,34.0,8.0,74,1,0.164784
random,82.0,34.0,10.0,74,1,0.151128
random,82.0,34.0,12.0,74,1,0.183593
random,84.0,34.0,6.0,74,0,
random,84.0,34.0,8.0,74,0,
random,84.0,34.0,10.0,74,1,0.112835
random,84.0,34.0,12.0,74,1,0.110473
random,86.0,34.0,6.0,74,0,
random,86.0,34.0,8.0,74,0,
random,86.0,34.0,10.0,74,0,
random,86.0,34.0,12.0,74,1,0.082138
random,88.0,34.0,6.0,74,0,
random,88.0,34.0,8.0,74,0,
random,88.0,34.0,10.0,74,0,
random,88.0,34.0,12.0,74,1,0.051781
random,82.0,34.0,6.0,75,1,0.107684
random,82.0,34.0,8.0,75,1,0.14574
random,82.0,34.0,10.0,75,1,0.172038
random,82.0,34.0,12.0,75,1,0.182815
random,84.0,34.0,6.0,75,1,0.076266
random,84.0,34.0,8.0,75,1,0.119444
random,84.0,34.0,10.0,75,1,0.149923
random,84.0,34.0,12.0,75,1,0.159724
random,86.0,34.0,6.0,75,0,
random,86.0,34.0,8.0,75,1,0.093131
random,86.0,34.0,10.0,75,1,0.119643
random,86.0,34.0,12.0,75,1,0.134929
random,88.0,34.0,6.0,75,0,
random,88.0,34.0,8.0,75,0,
random,88.0,34.0,10.0,75,1,0.091407
random,88.0,34.0,12.0,75,1,0.106273
random,82.0,34.0,6.0,76,0,
random,82.0,34.0,8.0,76,0,
random,82.0,34.0,10.0,76,0,
random,82.0,34.0,12.0,76,0,
random,84.0,34.0,6.0,76,0,
random,84.0,34.0,8.0,76,0,
random,84.0,34.0,10.0,76,0,
random,84.0,34.0,12.0,76,0,
random,86.0,34.0,6.0,76,0,
random,86.0,34.0,8.0,76,0,
random,86.0,34.0,10.0,76,0,
random,86.0,34.0,12.0,76,0,
random,88.0,34.0,6.0,76,0,
random,88.0,34.0,8.0,76,0,
random,88.0,34.0,10.0,76,0,
random,88.0,34.0,12.0,76,0,
random,82.0,34.0,6.0,77,0,
random,82.0,34.0,8.0,77,0,
random,82.0,34.0,10.0,77,0,
random,82.0,34.0,12.0,77,0,
random,84.0,34.0,6.0,77,0,
random,84.0,34.0,8.0,77,0,
random,84.0,34.0,10.0,77,0,
random,84.0,34.0,12.0,77,0,
random,86.0,34.0,6.0,77,0,
random,86.0,34.0,8.0,77,0,
random,86.0,34.0,10.0,77,0,
random,86.0,34.0,12.0,77,0,
random,88.0,34.0,6.0,77,0,
random,88.0,34.0,8.0,77,0,
random,88.0,34.0,10.0,77,0,
random,88.0,34.0,12.0,77,0,
random,82.0,34.0,6.0,78,0,
random,82.0,34.0,8.0,78,0,
random,82.0,34.0,10.0,78,1,0.05995
random,82.0,34.0,12.0,78,1,0.080235
random,84.0,34.0,6.0,78,0,
random,84.0,34.0,8.0,78,0,
random,84.0,34.0,10.0,78,1,0.067888
random,84.0,34.0,12.0,78,1,0.070873
random,86.0,34.0,6.0,78,0,
random,86.0,34.0,8.0,78,0,
random,86.0,34.0,10.0,78,1,0.077702
random,86.0,34.0,12.0,78,1,0.076194
random,88.0,34.0,6.0,78,0,
random,88.0,34.0,8.0,78,0,
random,88.0,34.0,10.0,78,1,0.085781
random,88.0,34.0,12.0,78,1,0.083063
random,82.0,34.0,6.0,79,0,
random,82.0,34.0,8.0,79,0,
random,82.0,34.0,10.0,79,0,
random,82.0,34.0,12.0,79,0,
random,84.0,34.0,6.0,79,0,
random,84.0,34.0,8.0,79,0,
random,84.0,34.0,10.0,79,0,
random,84.0,34.0,12.0,79,0,
random,86.0,34.0,6.0,79,0,
random,86.0,34.0,8.0,79,0,
random,86.0,34.0,10.0,79,0,
random,86.0,34.0,12.0,79,0,
random,88.0,34.0,6.0,79,0,
random,88.0,34.0,8.0,79,0,
random,88.0,34.0,10.0,79,0,
random,88.0,34.0,12.0,79,0,
random,82.0,34.0,6.0,80,0,
random,82.0,34.0,8.0,80,0,
random,82.0,34.0,10.0,80,0,
random,82.0,34.0,12.0,80,0,
random,84.0,34.0,6.0,80,0,
random,84.0,34.0,8.0,80,0,
random,84.0,34.0,10.0,80,0,
random,84.0,34.0,12.0,80,0,
random,86.0,34.0,6.0,80,0,
random,86.0,34.0,8.0,80,0,
random,86.0,34.0,10.0,80,0,
random,86.0,34.0,12.0,80,0,
random,88.0,34.0,6.0,80,0,
random,88.0,34.0,8.0,80,0,
random,88.0,34.0,10.0,80,0,
random,88.0,34.0,12.0,80,0,
random,82.0,34.0,6.0,81,0,
random,82.0,34.0,8.0,81,0,
random,82.0,34.0,10.0,81,0,
random,82.0,34.0,12.0,81,1,0.116748
random,84.0,34.0,6.0,81,0,
random,84.0,34.0,8.0,81,0,
random,84.0,34.0,10.0,81,0,
random,84.0,34.0,12.0,81,1,0.120502
random,86.0,34.0,6.0,81,0,
random,86.0,34.0,8.0,81,0,
random,86.0,34.0,10.0,81,0,
random,86.0,34.0,12.0,81,0,
random,88.0,34.0,6.0,81,0,
random,88.0,34.0,8.0,81,0,
random,88.0,34.0,10.0,81,0,
random,88.0,34.0,12.0,81,0,
random,82.0,34.0,6.0,82,0,
random,82.0,34.0,8.0,82,0,
random,82.0,34.0,10.0,82,0,
random,82.0,34.0,12.0,82,0,
random,84.0,34.0,6.0,82,0,
random,84.0,34.0,8.0,82,0,
random,84.0,34.0,10.0,82,0,
random,84.0,34.0,12.0,82,0,
random,86.0,34.0,6.0,82,0,
random,86.0,34.0,8.0,82,0,
random,86.0,34.0,10.0,82,0,
random,86.0,34.0,12.0,82,0,
random,88.0,34.0,6.0,82,0,
random,88.0,34.0,8.0,82,0,
random,88.0,34.0,10.0,82,0,
random,88.0,34.0,12.0,82,0,
random,82.0,34.0,6.0,83,0,
random,82.0,34.0,8.0,83,0,
random,82.0,34.0,10.0,83,0,
random,82.0,34.0,12.0,83,0,
random,84.0,34.0,6.0,83,0,
random,84.0,34.0,8.0,83,0,
random,84.0,34.0,10.0,83,0,
random,84.0,34.0,12.0,83,0,
random,86.0,34.0,6.0,83,0,
random,86.0,34.0,8.0,83,0,
random,86.0,34.0,10.0,83,0,
random,86.0,34.0,12.0,83,0,
random,88.0,34.0,6.0,83,0,
random,88.0,34.0,8.0,83,0,
random,88.0,34.0,10.0,83,0,
random,88.0,34.0,12.0,83,0,
random,82.0,34.0,6.0,84,0,
random,82.0,34.0,8.0,84,0,
random,82.0,34.0,10.0,84,0,
random,82.0,34.0,12.0,84,0,
random,84.0,34.0,6.0,84,0,
random,84.0,34.0,8.0,84,0,
random,84.0,34.0,10.0,84,0,
random,84.0,34.0,12.0,84,0,
random,86.0,34.0,6.0,84,0,
random,86.0,34.0,8.0,84,0,
random,86.0,34.0,10.0,84,0,
random,86.0,34.0,12.0,84,0,
random,88.0,34.0,6.0,84,0,
random,88.0,34.0,8.0,84,0,
random,88.0,34.0,10.0,84,0,
random,88.0,34.0,12.0,84,0,
random,82.0,34.0,6.0,85,1,0.137279
random,82.0,34.0,8.0,85,1,0.165926
random,82.0,34.0,10.0,85,1,0.182008
random,82.0,34.0,12.0,85,1,0.184437
random,84.0,34.0,6.0,85,0,
random,84.0,34.0,8.0,85,1,0.170057
random,84.0,34.0,10.0,85,1,0.165426
random,84.0,34.0,12.0,85,1,0.159928
random,86.0,34.0,6.0,85,0,
random,86.0,34.0,8.0,85,0,
random,86.0,34.0,10.0,85,1,0.151896
random,86.0,34.0,12.0,85,1,0.137618
random,88.0,34.0,6.0,85,0,
random,88.0,34.0,8.0,85,0,
random,88.0,34.0,10.0,85,0,
random,88.0,34.0,12.0,85,1,0.122653
random,82.0,34.0,6.0,86,0,
random,82.0,34.0,8.0,86,1,0.269976
random,82.0,34.0,10.0,86,1,0.301291
random,82.0,34.0,12.0,86,1,0.297409
random,84.0,34.0,6.0,86,0,
random,84.0,34.0,8.0,86,1,0.214818
random,84.0,34.0,10.0,86,1,0.250054
random,84.0,34.0,12.0,86,1,0.248098
random,86.0,34.0,6.0,86,0,
random,86.0,34.0,8.0,86,0,
random,86.0,34.0,10.0,86,1,0.194923
random,86.0,34.0,12.0,86,1,0.200633
random,88.0,34.0,6.0,86,0,
random,88.0,34.0,8.0,86,0,
random,88.0,34.0,10.0,86,0,
random,88.0,34.0,12.0,86,1,0.15372
random,82.0,34.0,6.0,87,1,0.41481
random,82.0,34.0,8.0,87,1,0.357417
random,82.0,34.0,10.0,87,1,0.324536
random,82.0,34.0,12.0,87,1,0.317293
random,84.0,34.0,6.0,87,1,0.344168
random,84.0,34.0,8.0,87,1,0.310863
random,84.0,34.0,10.0,87,1,0.278691
random,84.0,34.0,12.0,87,1,0.277951
random,86.0,34.0,6.0,87,1,0.448001
random,86.0,34.0,8.0,87,1,0.335165
random,86.0,34.0,10.0,87,1,0.255204
random,86.0,34.0,12.0,87,1,0.253544
random,88.0,34.0,6.0,87,1,0.435846
random,88.0,34.0,8.0,87,1,0.362523
random,88.0,34.0,10.0,87,1,0.277008
random,88.0,34.0,12.0,87,1,0.231587
random,82.0,34.0,6.0,88,0,
random,82.0,34.0,8.0,88,0,
random,82.0,34.0,10.0,88,0,
random,82.0,34.0,12.0,88,0,
random,84.0,34.0,6.0,88,0,
random,84.0,34.0,8.0,88,0,
random,84.0,34.0,10.0,88,0,
random,84.0,34.0,12.0,88,0,
random,86.0,34.0,6.0,88,0,
random,86.0,34.0,8.0,88,0,
random,86.0,34.0,10.0,88,0,
random,86.0,34.0,12.0,88,0,
random,88.0,34.0,6.0,88,0,
random,88.0,34.0,8.0,88,0,
random,88.0,34.0,10.0,88,0,
random,88.0,34.0,12.0,88,0,
random,82.0,34.0,6.0,89,0,
random,82.0,34.0,8.0,89,0,
random,82.0,34.0,10.0,89,0,
random,82.0,34.0,12.0,89,0,
random,84.0,34.0,6.0,89,0,
random,84.0,34.0,8.0,89,0,
random,84.0,34.0,10.0,89,0,
random,84.0,34.0,12.0,89,0,
random,86.0,34.0,6.0,89,0,
random,86.0,34.0,8.0,89,0,
random,86.0,34.0,10.0,89,0,
random,86.0,34.0,12.0,89,0,
random,88.0,34.0,6.0,89,0,
random,88.0,34.0,8.0,89,0,
random,88.0,34.0,10.0,89,0,
random,88.0,34.0,12.0,89,0,
random,82.0,34.0,6.0,90,0,
random,82.0,34.0,8.0,90,0,
random,82.0,34.0,10.0,90,0,
random,82.0,34.0,12.0,90,1,0.13984
random,84.0,34.0,6.0,90,0,
random,84.0,34.0,8.0,90,0,
random,84.0,34.0,10.0,90,0,
random,84.0,34.0,12.0,90,0,
random,86.0,34.0,6.0,90,0,
random,86.0,34.0,8.0,90,0,
random,86.0,34.0,10.0,90,0,
random,86.0,34.0,12.0,90,0,
random,88.0,34.0,6.0,90,0,
random,88.0,34.0,8.0,90,0,
random,88.0,34.0,10.0,90,0,
random,88.0,34.0,12.0,90,0,
random,82.0,34.0,6.0,91,0,
random,82.0,34.0,8.0,91,0,
random,82.0,34.0,10.0,91,0,
random,82.0,34.0,12.0,91,0,
random,84.0,34.0,6.0,91,0,
random,84.0,34.0,8.0,91,0,
random,84.0,34.0,10.0,91,0,
random,84.0,34.0,12.0,91,0,
random,86.0,34.0,6.0,91,0,
random,86.0,34.0,8.0,91,0,
random,86.0,34.0,10.0,91,0,
random,86.0,34.0,12.0,91,0,
random,88.0,34.0,6.0,91,0,
random,88.0,34.0,8.0,91,0,
random,88.0,34.0,10.0,91,0,
random,88.0,34.0,12.0,91,0,
random,82.0,34.0,6.0,92,1,0.59817
random,82.0,34.0,8.0,92,1,0.510773
random,82.0,34.0,10.0,92,1,0.414161
random,82.0,34.0,12.0,92,1,0.357248
random,84.0,34.0,6.0,92,1,0.476876
random,84.0,34.0,8.0,92,1,0.444117
random,84.0,34.0,10.0,92,1,0.37896
random,84.0,34.0,12.0,92,1,0.329026
random,86.0,34.0,6.0,92,1,0.319915
random,86.0,34.0,8.0,92,1,0.340667
random,86.0,34.0,10.0,92,1,0.320869
random,86.0,34.0,12.0,92,1,0.291954
random,88.0,34.0,6.0,92,1,0.279582
random,88.0,34.0,8.0,92,1,0.25351
random,88.0,34.0,10.0,92,1,0.240096
random,88.0,34.0,12.0,92,1,0.240184
random,82.0,34.0,6.0,93,0,
random,82.0,34.0,8.0,93,0,
random,82.0,34.0,10.0,93,0,
random,82.0,34.0,12.0,93,0,
random,84.0,34.0,6.0,93,0,
random,84.0,34.0,8.0,93,0,
random,84.0,34.0,10.0,93,0,
random,84.0,34.0,12.0,93,0,
random,86.0,34.0,6.0,93,0,
random,86.0,34.0,8.0,93,0,
random,86.0,34.0,10.0,93,0,
random,86.0,34.0,12.0,93,0,
random,88.0,34.0,6.0,93,0,
random,88.0,34.0,8.0,93,0,
random,88.0,34.0,10.0,93,0,
random,88.0,34.0,12.0,93,0,
random,82.0,34.0,6.0,94,0,
random,82.0,34.0,8.0,94,0,
random,82.0,34.0,10.0,94,0,
random,82.0,34.0,12.0,94,0,
random,84.0,34.0,6.0,94,0,
random,84.0,34.0,8.0,94,0,
random,84.0,34.0,10.0,94,0,
random,84.0,34.0,12.0,94,0,
random,86.0,34.0,6.0,94,0,
random,86.0,34.0,8.0,94,0,
random,86.0,34.0,10.0,94,0,
random,86.0,34.0,12.0,94,0,
random,88.0,34.0,6.0,94,0,
random,88.0,34.0,8.0,94,0,
random,88.0,34.0,10.0,94,0,
random,88.0,34.0,12.0,94,0,
random,82.0,34.0,6.0,95,0,
random,82.0,34.0,8.0,95,0,
random,82.0,34.0,10.0,95,0,
random,82.0,34.0,12.0,95,0,
random,84.0,34.0,6.0,95,0,
random,84.0,34.0,8.0,95,0,
random,84.0,34.0,10.0,95,0,
random,84.0,34.0,12.0,95,0,
random,86.0,34.0,6.0,95,0,
random,86.0,34.0,8.0,95,0,
random,86.0,34.0,10.0,95,0,
random,86.0,34.0,12.0,95,0,
random,88.0,34.0,6.0,95,0,
random,88.0,34.0,8.0,95,0,
random,88.0,34.0,10.0,95,0,
random,88.0,34.0,12.0,95,0,
random,82.0,34.0,6.0,96,0,
random,82.0,34.0,8.0,96,0,
random,82.0,34.0,10.0,96,0,
random,82.0,34.0,12.0,96,0,
random,84.0,34.0,6.0,96,0,
random,84.0,34.0,8.0,96,0,
random,84.0,34.0,10.0,96,0,
random,84.0,34.0,12.0,96,0,
random,86.0,34.0,6.0,96,0,
random,86.0,34.0,8.0,96,0,
random,86.0,34.0,10.0,96,0,
random,86.0,34.0,12.0,96,0,
random,88.0,34.0,6.0,96,0,
random,88.0,34.0,8.0,96,0,
random,88.0,34.0,10.0,96,0,
random,88.0,34.0,12.0,96,0,
random,82.0,34.0,6.0,97,1,0.305662
random,82.0,34.0,8.0,97,1,0.211345
random,82.0,34.0,10.0,97,1,0.149852
random,82.0,34.0,12.0,97,1,0.122212
random,84.0,34.0,6.0,97,1,0.220888
random,84.0,34.0,8.0,97,1,0.183856
random,84.0,34.0,10.0,97,1,0.142998
random,84.0,34.0,12.0,97,1,0.128449
random,86.0,34.0,6.0,97,1,0.121608
random,86.0,34.0,8.0,97,1,0.143409
random,86.0,34.0,10.0,97,1,0.144537
random,86.0,34.0,12.0,97,1,0.145468
random,88.0,34.0,6.0,97,0,
random,88.0,34.0,8.0,97,1,0.109416
random,88.0,34.0,10.0,97,1,0.150362
random,88.0,34.0,12.0,97,1,0.163842
random,82.0,34.0,6.0,98,0,
random,82.0,34.0,8.0,98,0,
random,82.0,34.0,10.0,98,0,
random,82.0,34.0,12.0,98,0,
random,84.0,34.0,6.0,98,0,
random,84.0,34.0,8.0,98,0,
random,84.0,34.0,10.0,98,0,
random,84.0,34.0,12.0,98,0,
random,86.0,34.0,6.0,98,0,
random,86.0,34.0,8.0,98,0,
random,86.0,34.0,10.0,98,0,
random,86.0,34.0,12.0,98,0,
random,88.0,34.0,6.0,98,0,
random,88.0,34.0,8.0,98,0,
random,88.0,34.0,10.0,98,0,
random,88.0,34.0,12.0,98,0,
random,82.0,34.0,6.0,99,0,
random,82.0,34.0,8.0,99,0,
random,82.0,34.0,10.0,99,0,
random,82.0,34.0,12.0,99,0,
random,84.0,34.0,6.0,99,0,
random,84.0,34.0,8.0,99,0,
random,84.0,34.0,10.0,99,0,
random,84.0,34.0,12.0,99,0,
random,86.0,34.0,6.0,99,0,
random,86.0,34.0,8.0,99,0,
random,86.0,34.0,10.0,99,0,
random,86.0,34.0,12.0,99,0,
random,88.0,34.0,6.0,99,0,
random,88.0,34.0,8.0,99,0,
random,88.0,34.0,10.0,99,0,
random,88.0,34.0,12.0,99,0,
random,82.0,34.0,6.0,100,0,
random,82.0,34.0,8.0,100,0,
random,82.0,34.0,10.0,100,0,
random,82.0,34.0,12.0,100,0,
random,84.0,34.0,6.0,100,0,
random,84.0,34.0,8.0,100,0,
random,84.0,34.0,10.0,100,0,
random,84.0,34.0,12.0,100,0,
random,86.0,34.0,6.0,100,0,
random,86.0,34.0,8.0,100,0,
random,86.0,34.0,10.0,100,0,
random,86.0,34.0,12.0,100,0,
random,88.0,34.0,6.0,100,0,
random,88.0,34.0,8.0,100,0,
random,88.0,34.0,10.0,100,0,
random,88.0,34.0,12.0,100,0,
random,82.0,34.0,6.0,101,0,
random,82.0,34.0,8.0,101,0,
random,82.0,34.0,10.0,101,0,
random,82.0,34.0,12.0,101,0,
random,84.0,34.0,6.0,101,0,
random,84.0,34.0,8.0,101,0,
random,84.0,34.0,10.0,101,0,
random,84.0,34.0,12.0,101,0,
random,86.0,34.0,6.0,101,0,
random,86.0,34.0,8.0,101,0,
random,86.0,34.0,10.0,101,0,
random,86.0,34.0,12.0,101,0,
random,88.0,34.0,6.0,101,0,
random,88.0,34.0,8.0,101,0,
random,88.0,34.0,10.0,101,0,
random,88.0,34.0,12.0,101,0,
random,82.0,34.0,6.0,102,1,0.862347
random,82.0,34.0,8.0,102,1,0.751749
random,82.0,34.0,10.0,102,1,0.617259
random,82.0,34.0,12.0,102,1,0.513125
random,84.0,34.0,6.0,102,0,
random,84.0,34.0,8.0,102,1,0.653255
random,84.0,34.0,10.0,102,1,0.581814
random,84.0,34.0,12.0,102,1,0.497561
random,86.0,34.0,6.0,102,0,
random,86.0,34.0,8.0,102,0,
random,86.0,34.0,10.0,102,1,0.507438
random,86.0,34.0,12.0,102,1,0.462431
random,88.0,34.0,6.0,102,0,
random,88.0,34.0,8.0,102,0,
random,88.0,34.0,10.0,102,0,
random,88.0,34.0,12.0,102,1,0.39958
random,82.0,34.0,6.0,103,0,
random,82.0,34.0,8.0,103,0,
random,82.0,34.0,10.0,103,0,
random,82.0,34.0,12.0,103,0,
random,84.0,34.0,6.0,103,0,
random,84.0,34.0,8.0,103,0,
random,84.0,34.0,10.0,103,0,
random,84.0,34.0,12.0,103,0,
random,86.0,34.0,6.0,103,0,
random,86.0,34.0,8.0,103,0,
random,86.0,34.0,10.0,103,0,
random,86.0,34.0,12.0,103,0,
random,88.0,34.0,6.0,103,0,
random,88.0,34.0,8.0,103,0,
random,88.0,34.0,10.0,103,0,
random,88.0,34.0,12.0,103,0,
random,82.0,34.0,6.0,104,0,
random,82.0,34.0,8.0,104,1,0.221297
random,82.0,34.0,10.0,104,1,0.248336
random,82.0,34.0,12.0,104,1,0.271362
random,84.0,34.0,6.0,104,0,
random,84.0,34.0,8.0,104,1,0.177431
random,84.0,34.0,10.0,104,1,0.205687
random,84.0,34.0,12.0,104,1,0.223114
random,86.0,34.0,6.0,104,1,0.165775
random,86.0,34.0,8.0,104,1,0.174713
random,86.0,34.0,10.0,104,1,0.178419
random,86.0,34.0,12.0,104,1,0.192337
random,88.0,34.0,6.0,104,1,0.224295
random,88.0,34.0,8.0,104,1,0.199185
random,88.0,34.0,10.0,104,1,0.183148
random,88.0,34.0,12.0,104,1,0.187472
random,82.0,34.0,6.0,105,0,
random,82.0,34.0,8.0,105,0,
random,82.0,34.0,10.0,105,0,
random,82.0,34.0,12.0,105,0,
random,84.0,34.0,6.0,105,0,
random,84.0,34.0,8.0,105,0,
random,84.0,34.0,10.0,105,0,
random,84.0,34.0,12.0,105,0,
random,86.0,34.0,6.0,105,0,
random,86.0,34.0,8.0,105,0,
random,86.0,34.0,10.0,105,0,
random,86.0,34.0,12.0,105,0,
random,88.0,34.0,6.0,105,0,
random,88.0,34.0,8.0,105,0,
random,88.0,34.0,10.0,105,0,
random,88.0,34.0,12.0,105,0,
random,82.0,34.0,6.0,106,1,0.410664
random,82.0,34.0,8.0,106,1,0.378632
random,82.0,34.0,10.0,106,1,0.333725
random,82.0,34.0,12.0,106,1,0.298308
random,84.0,34.0,6.0,106,1,0.298644
random,84.0,34.0,8.0,106,1,0.295166
random,84.0,34.0,10.0,106,1,0.272189
random,84.0,34.0,12.0,106,1,0.249885
random,86.0,34.0,6.0,106,1,0.184298
random,86.0,34.0,8.0,106,1,0.210325
random,86.0,34.0,10.0,106,1,0.210869
random,86.0,34.0,12.0,106,1,0.203404
random,88.0,34.0,6.0,106,1,0.111254
random,88.0,34.0,8.0,106,1,0.132467
random,88.0,34.0,10.0,106,1,0.149737
random,88.0,34.0,12.0,106,1,0.157555
random,82.0,34.0,6.0,107,0,
random,82.0,34.0,8.0,107,0,
random,82.0,34.0,10.0,107,0,
random,82.0,34.0,12.0,107,0,
random,84.0,34.0,6.0,107,0,
random,84.0,34.0,8.0,107,0,
random,84.0,34.0,10.0,107,0,
random,84.0,34.0,12.0,107,0,
random,86.0,34.0,6.0,107,0,
random,86.0,34.0,8.0,107,0,
random,86.0,34.0,10.0,107,0,
random,86.0,34.0,12.0,107,0,
random,88.0,34.0,6.0,107,0,
random,88.0,34.0,8.0,107,0,
random,88.0,34.0,10.0,107,0,
random,88.0,34.0,12.0,107,0,
random,82.0,34.0,6.0,108,0,
random,82.0,34.0,8.0,108,0,
random,82.0,34.0,10.0,108,0,
random,82.0,34.0,12.0,108,1,0.098619
random,84.0,34.0,6.0,108,0,
random,84.0,34.0,8.0,108,0,
random,84.0,34.0,10.0,108,0,
random,84.0,34.0,12.0,108,0,
random,86.0,34.0,6.0,108,0,
random,86.0,34.0,8.0,108,0,
random,86.0,34.0,10.0,108,0,
random,86.0,34.0,12.0,108,0,
random,88.0,34.0,6.0,108,0,
random,88.0,34.0,8.0,108,0,
random,88.0,34.0,10.0,108,0,
random,88.0,34.0,12.0,108,0,
random,82.0,34.0,6.0,109,0,
random,82.0,34.0,8.0,109,0,
random,82.0,34.0,10.0,109,0,
random,82.0,34.0,12.0,109,0,
random,84.0,34.0,6.0,109,0,
random,84.0,34.0,8.0,109,0,
random,84.0,34.0,10.0,109,0,
random,84.0,34.0,12.0,109,0,
random,86.0,34.0,6.0,109,0,
random,86.0,34.0,8.0,109,0,
random,86.0,34.0,10.0,109,0,
random,86.0,34.0,12.0,109,0,
random,88.0,34.0,6.0,109,0,
random,88.0,34.0,8.0,109,0,
random,88.0,34.0,10.0,109,0,
random,88.0,34.0,12.0,109,0,
random,82.0,34.0,6.0,110,0,
random,82.0,34.0,8.0,110,0,
random,82.0,34.0,10.0,110,0,
random,82.0,34.0,12.0,110,0,
random,84.0,34.0,6.0,110,0,
random,84.0,34.0,8.0,110,0,
random,84.0,34.0,10.0,110,0,
random,84.0,34.0,12.0,110,0,
random,86.0,34.0,6.0,110,0,
random,86.0,34.0,8.0,110,0,
random,86.0,34.0,10.0,110,0,
random,86.0,34.0,12.0,110,0,
random,88.0,34.0,6.0,110,0,
random,88.0,34.0,8.0,110,0,
random,88.0,34.0,10.0,110,0,
random,88.0,34.0,12.0,110,0,
random,82.0,34.0,6.0,111,0,
random,82.0,34.0,8.0,111,0,
random,82.0,34.0,10.0,111,0,
random,82.0,34.0,12.0,111,0,
random,84.0,34.0,6.0,111,0,
random,84.0,34.0,8.0,111,0,
random,84.0,34.0,10.0,111,0,
random,84.0,34.0,12.0,111,0,
random,86.0,34.0,6.0,111,0,
random,86.0,34.0,8.0,111,0,
random,86.0,34.0,10.0,111,0,
random,86.0,34.0,12.0,111,0,
random,88.0,34.0,6.0,111,0,
random,88.0,34.0,8.0,111,0,
random,88.0,34.0,10.0,111,0,
random,88.0,34.0,12.0,111,0,
random,82.0,34.0,6.0,112,0,
random,82.0,34.0,8.0,112,0,
random,82.0,34.0,10.0,112,0,
random,82.0,34.0,12.0,112,0,
random,84.0,34.0,6.0,112,0,
random,84.0,34.0,8.0,112,0,
random,84.0,34.0,10.0,112,0,
random,84.0,34.0,12.0,112,0,
random,86.0,34.0,6.0,112,0,
random,86.0,34.0,8.0,112,0,
random,86.0,34.0,10.0,112,0,
random,86.0,34.0,12.0,112,0,
random,88.0,34.0,6.0,112,0,
random,88.0,34.0,8.0,112,0,
random,88.0,34.0,10.0,112,0,
random,88.0,34.0,12.0,112,0,
random,82.0,34.0,6.0,113,0,
random,82.0,34.0,8.0,113,1,0.31415
random,82.0,34.0,10.0,113,1,0.262409
random,82.0,34.0,12.0,113,1,0.228331
random,84.0,34.0,6.0,113,0,
random,84.0,34.0,8.0,113,1,0.294561
random,84.0,34.0,10.0,113,1,0.252212
random,84.0,34.0,12.0,113,1,0.223234
random,86.0,34.0,6.0,113,0,
random,86.0,34.0,8.0,113,0,
random,86.0,34.0,10.0,113,1,0.228818
random,86.0,34.0,12.0,113,1,0.206671
random,88.0,34.0,6.0,113,0,
random,88.0,34.0,8.0,113,0,
random,88.0,34.0,10.0,113,0,
random,88.0,34.0,12.0,113,1,0.179296
random,82.0,34.0,6.0,114,0,
random,82.0,34.0,8.0,114,0,
random,82.0,34.0,10.0,114,0,
random,82.0,34.0,12.0,114,0,
random,84.0,34.0,6.0,114,0,
random,84.0,34.0,8.0,114,0,
random,84.0,34.0,10.0,114,0,
random,84.0,34.0,12.0,114,0,
random,86.0,34.0,6.0,114,0,
random,86.0,34.0,8.0,114,0,
random,86.0,34.0,10.0,114,0,
random,86.0,34.0,12.0,114,0,
random,88.0,34.0,6.0,114,0,
random,88.0,34.0,8.0,114,0,
random,88.0,34.0,10.0,114,0,
random,88.0,34.0,12.0,114,0,
random,82.0,34.0,6.0,115,0,
random,82.0,34.0,8.0,115,0,
random,82.0,34.0,10.0,115,0,
random,82.0,34.0,12.0,115,0,
random,84.0,34.0,6.0,115,0,
random,84.0,34.0,8.0,115,0,
random,84.0,34.0,10.0,115,0,
random,84.0,34.0,12.0,115,0,
random,86.0,34.0,6.0,115,0,
random,86.0,34.0,8.0,115,0,
random,86.0,34.0,10.0,115,0,
random,86.0,34.0,12.0,115,0,
random,88.0,34.0,6.0,115,0,
random,88.0,34.0,8.0,115,0,
random,88.0,34.0,10.0,115,0,
random,88.0,34.0,12.0,115,0,
random,82.0,34.0,6.0,116,0,
random,82.0,34.0,8.0,116,1,0.078795
random,82.0,34.0,10.0,116,1,0.112551
random,82.0,34.0,12.0,116,1,0.143091
random,84.0,34.0,6.0,116,0,
random,84.0,34.0,8.0,116,0,
random,84.0,34.0,10.0,116,1,0.055499
random,84.0,34.0,12.0,116,1,0.081917
random,86.0,34.0,6.0,116,0,
random,86.0,34.0,8.0,116,0,
random,86.0,34.0,10.0,116,0,
random,86.0,34.0,12.0,116,1,0.040272
random,88.0,34.0,6.0,116,0,
random,88.0,34.0,8.0,116,0,
random,88.0,34.0,10.0,116,0,
random,88.0,34.0,12.0,116,0,
random,82.0,34.0,6.0,117,0,
random,82.0,34.0,8.0,117,0,
random,82.0,34.0,10.0,117,0,
random,82.0,34.0,12.0,117,0,
random,84.0,34.0,6.0,117,0,
random,84.0,34.0,8.0,117,0,
random,84.0,34.0,10.0,117,0,
random,84.0,34.0,12.0,117,0,
random,86.0,34.0,6.0,117,0,
random,86.0,34.0,8.0,117,0,
random,86.0,34.0,10.0,117,0,
random,86.0,34.0,12.0,117,0,
random,88.0,34.0,6.0,117,0,
random,88.0,34.0,8.0,117,0,
random,88.0,34.0,10.0,117,0,
random,88.0,34.0,12.0,117,0,
random,82.0,34.0,6.0,118,0,
random,82.0,34.0,8.0,118,0,
random,82.0,34.0,10.0,118,0,
random,82.0,34.0,12.0,118,1,0.48169
random,84.0,34.0,6.0,118,0,
random,84.0,34.0,8.0,118,0,
random,84.0,34.0,10.0,118,0,
random,84.0,34.0,12.0,118,1,0.220584
random,86.0,34.0,6.0,118,0,
random,86.0,34.0,8.0,118,0,
random,86.0,34.0,10.0,118,0,
random,86.0,34.0,12.0,118,0,
random,88.0,34.0,6.0,118,0,
random,88.0,34.0,8.0,118,0,
random,88.0,34.0,10.0,118,0,
random,88.0,34.0,12.0,118,0,
random,82.0,34.0,6.0,119,0,
random,82.0,34.0,8.0,119,0,
random,82.0,34.0,10.0,119,0,
random,82.0,34.0,12.0,119,0,
random,84.0,34.0,6.0,119,0,
random,84.0,34.0,8.0,119,0,
random,84.0,34.0,10.0,119,0,
random,84.0,34.0,12.0,119,0,
random,86.0,34.0,6.0,119,0,
random,86.0,34.0,8.0,119,0,
random,86.0,34.0,10.0,119,0,
random,86.0,34.0,12.0,119,0,
random,88.0,34.0,6.0,119,0,
random,88.0,34.0,8.0,119,0,
random,88.0,34.0,10.0,119,0,
random,88.0,34.0,12.0,119,0,
random,82.0,34.0,6.0,120,0,
random,82.0,34.0,8.0,120,0,
random,82.0,34.0,10.0,120,0,
random,82.0,34.0,12.0,120,1,0.15146
random,84.0,34.0,6.0,120,0,
random,84.0,34.0,8.0,120,0,
random,84.0,34.0,10.0,120,0,
random,84.0,34.0,12.0,120,0,
random,86.0,34.0,6.0,120,0,
random,86.0,34.0,8.0,120,0,
random,86.0,34.0,10.0,120,0,
random,86.0,34.0,12.0,120,0,
random,88.0,34.0,6.0,120,0,
random,88.0,34.0,8.0,120,0,
random,88.0,34.0,10.0,120,0,
random,88.0,34.0,12.0,120,0,
random,82.0,34.0,6.0,121,1,0.425937
random,82.0,34.0,8.0,121,1,0.402839
random,82.0,34.0,10.0,121,1,0.390038
random,82.0,34.0,12.0,121,1,0.372803
random,84.0,34.0,6.0,121,1,0.295823
random,84.0,34.0,8.0,121,1,0.316016
random,84.0,34.0,10.0,121,1,0.322482
random,84.0,34.0,12.0,121,1,0.317161
random,86.0,34.0,6.0,121,1,0.175772
random,86.0,34.0,8.0,121,1,0.225715
random,86.0,34.0,10.0,121,1,0.251148
random,86.0,34.0,12.0,121,1,0.260673
random,88.0,34.0,6.0,121,1,0.094004
random,88.0,34.0,8.0,121,1,0.137214
random,88.0,34.0,10.0,121,1,0.178137
random,88.0,34.0,12.0,121,1,0.200348
random,82.0,34.0,6.0,122,0,
random,82.0,34.0,8.0,122,0,
random,82.0,34.0,10.0,122,0,
random,82.0,34.0,12.0,122,0,
random,84.0,34.0,6.0,122,0,
random,84.0,34.0,8.0,122,0,
random,84.0,34.0,10.0,122,0,
random,84.0,34.0,12.0,122,0,
random,86.0,34.0,6.0,122,0,
random,86.0,34.0,8.0,122,0,
random,86.0,34.0,10.0,122,0,
random,86.0,34.0,12.0,122,0,
random,88.0,34.0,6.0,122,0,
random,88.0,34.0,8.0,122,0,
random,88.0,34.0,10.0,122,0,
random,88.0,34.0,12.0,122,0,
random,82.0,34.0,6.0,123,1,0.341747
random,82.0,34.0,8.0,123,1,0.339817
random,82.0,34.0,10.0,123,1,0.311368
random,82.0,34.0,12.0,123,1,0.290857
random,84.0,34.0,6.0,123,0,
random,84.0,34.0,8.0,123,1,0.260409
random,84.0,34.0,10.0,123,1,0.259161
random,84.0,34.0,12.0,123,1,0.250389
random,86.0,34.0,6.0,123,0,
random,86.0,34.0,8.0,123,0,
random,86.0,34.0,10.0,123,1,0.202592
random,86.0,34.0,12.0,123,1,0.21058
random,88.0,34.0,6.0,123,0,
random,88.0,34.0,8.0,123,0,
random,88.0,34.0,10.0,123,0,
random,88.0,34.0,12.0,123,1,0.165094
random,82.0,34.0,6.0,124,0,
random,82.0,34.0,8.0,124,0,
random,82.0,34.0,10.0,124,0,
random,82.0,34.0,12.0,124,0,
random,84.0,34.0,6.0,124,0,
random,84.0,34.0,8.0,124,0,
random,84.0,34.0,10.0,124,0,
random,84.0,34.0,12.0,124,0,
random,86.0,34.0,6.0,124,0,
random,86.0,34.0,8.0,124,0,
random,86.0,34.0,10.0,124,0,
random,86.0,34.0,12.0,124,0,
random,88.0,34.0,6.0,124,0,
random,88.0,34.0,8.0,124,0,
random,88.0,34.0,10.0,124,0,
random,88.0,34.0,12.0,124,0,
random,82.0,34.0,6.0,125,0,
random,82.0,34.0,8.0,125,1,0.186334
random,82.0,34.0,10.0,125,1,0.18
random,82.0,34.0,12.0,125,1,0.154569
random,84.0,34.0,6.0,125,0,
random,84.0,34.0,8.0,125,1,0.154184
random,84.0,34.0,10.0,125,1,0.161323
random,84.0,34.0,12.0,125,1,0.146448
random,86.0,34.0,6.0,125,0,
random,86.0,34.0,8.0,125,0,
random,86.0,34.0,10.0,125,1,0.133536
random,86.0,34.0,12.0,125,1,0.128555
random,88.0,34.0,6.0,125,0,
random,88.0,34.0,8.0,125,0,
random,88.0,34.0,10.0,125,0,
random,88.0,34.0,12.0,125,1,0.105745
random,82.0,34.0,6.0,126,0,
random,82.0,34.0,8.0,126,0,
random,82.0,34.0,10.0,126,0,
random,82.0,34.0,12.0,126,0,
random,84.0,34.0,6.0,126,0,
random,84.0,34.0,8.0,126,0,
random,84.0,34.0,10.0,126,0,
random,84.0,34.0,12.0,126,0,
random,86.0,34.0,6.0,126,0,
random,86.0,34.0,8.0,126,0,
random,86.0,34.0,10.0,126,0,
random,86.0,34.0,12.0,126,0,
random,88.0,34.0,6.0,126,0,
random,88.0,34.0,8.0,126,0,
random,88.0,34.0,10.0,126,0,
random,88.0,34.0,12.0,126,0,
random,82.0,34.0,6.0,127,0,
random,82.0,34.0,8.0,127,0,
random,82.0,34.0,10.0,127,0,
random,82.0,34.0,12.0,127,0,
random,84.0,34.0,6.0,127,0,
random,84.0,34.0,8.0,127,0,
random,84.0,34.0,10.0,127,0,
random,84.0,34.0,12.0,127,0,
random,86.0,34.0,6.0,127,0,
random,86.0,34.0,8.0,127,0,
random,86.0,34.0,10.0,127,0,
random,86.0,34.0,12.0,127,0,
random,88.0,34.0,6.0,127,0,
random,88.0,34.0,8.0,127,0,
random,88.0,34.0,10.0,127,0,
random,88.0,34.0,12.0,127,0,
random,82.0,34.0,6.0,128,1,0.504721
random,82.0,34.0,8.0,128,1,0.493551
random,82.0,34.0,10.0,128,1,0.437524
random,82.0,34.0,12.0,128,1,0.412289
random,84.0,34.0,6.0,128,1,0.363582
random,84.0,34.0,8.0,128,1,0.403857
random,84.0,34.0,10.0,128,1,0.350311
random,84.0,34.0,12.0,128,1,0.331633
random,86.0,34.0,6.0,128,1,0.223411
random,86.0,34.0,8.0,128,1,0.252702
random,86.0,34.0,10.0,128,1,0.270552
random,86.0,34.0,12.0,128,1,0.255981
random,88.0,34.0,6.0,128,1,0.083221
random,88.0,34.0,8.0,128,1,0.166479
random,88.0,34.0,10.0,128,1,0.177958
random,88.0,34.0,12.0,128,1,0.208219
random,82.0,34.0,6.0,129,0,
random,82.0,34.0,8.0,129,0,
random,82.0,34.0,10.0,129,0,
random,82.0,34.0,12.0,129,0,
random,84.0,34.0,6.0,129,0,
random,84.0,34.0,8.0,129,0,
random,84.0,34.0,10.0,129,0,
random,84.0,34.0,12.0,129,0,
random,86.0,34.0,6.0,129,0,
random,86.0,34.0,8.0,129,0,
random,86.0,34.0,10.0,129,0,
random,86.0,34.0,12.0,129,0,
random,88.0,34.0,6.0,129,0,
random,88.0,34.0,8.0,129,0,
random,88.0,34.0,10.0,129,0,
random,88.0,34.0,12.0,129,0,
random,82.0,34.0,6.0,130,0,
random,82.0,34.0,8.0,130,1,0.177476
random,82.0,34.0,10.0,130,1,0.162403
random,82.0,34.0,12.0,130,1,0.149136
random,84.0,34.0,6.0,130,0,
random,84.0,34.0,8.0,130,1,0.156477
random,84.0,34.0,10.0,130,1,0.159097
random,84.0,34.0,12.0,130,1,0.146591
random,86.0,34.0,6.0,130,1,0.103155
random,86.0,34.0,8.0,130,1,0.12416
random,86.0,34.0,10.0,130,1,0.138091
random,86.0,34.0,12.0,130,1,0.137778
random,88.0,34.0,6.0,130,0,
random,88.0,34.0,8.0,130,1,0.086269
random,88.0,34.0,10.0,130,1,0.106118
random,88.0,34.0,12.0,130,1,0.115619
random,82.0,34.0,6.0,131,0,
random,82.0,34.0,8.0,131,0,
random,82.0,34.0,10.0,131,0,
random,82.0,34.0,12.0,131,0,
random,84.0,34.0,6.0,131,0,
random,84.0,34.0,8.0,131,0,
random,84.0,34.0,10.0,131,0,
random,84.0,34.0,12.0,131,0,
random,86.0,34.0,6.0,131,0,
random,86.0,34.0,8.0,131,0,
random,86.0,34.0,10.0,131,0,
random,86.0,34.0,12.0,131,0,
random,88.0,34.0,6.0,131,0,
random,88.0,34.0,8.0,131,0,
random,88.0,34.0,10.0,131,0,
random,88.0,34.0,12.0,131,0,
random,82.0,34.0,6.0,132,1,0.271019
random,82.0,34.0,8.0,132,1,0.298842
random,82.0,34.0,10.0,132,1,0.467135
random,82.0,34.0,12.0,132,1,0.451518
random,84.0,34.0,6.0,132,1,0.31391
random,84.0,34.0,8.0,132,1,0.324515
random,84.0,34.0,10.0,132,1,0.315717
random,84.0,34.0,12.0,132,1,0.435169
random,86.0,34.0,6.0,132,1,0.362649
random,86.0,34.0,8.0,132,1,0.348535
random,86.0,34.0,10.0,132,1,0.3286
random,86.0,34.0,12.0,132,1,0.301427
random,88.0,34.0,6.0,132,1,0.425863
random,88.0,34.0,8.0,132,1,0.368751
random,88.0,34.0,10.0,132,1,0.323992
random,88.0,34.0,12.0,132,1,0.286555
random,82.0,34.0,6.0,133,0,
random,82.0,34.0,8.0,133,0,
random,82.0,34.0,10.0,133,0,
random,82.0,34.0,12.0,133,0,
random,84.0,34.0,6.0,133,0,
random,84.0,34.0,8.0,133,0,
random,84.0,34.0,10.0,133,0,
random,84.0,34.0,12.0,133,0,
random,86.0,34.0,6.0,133,0,
random,86.0,34.0,8.0,133,0,
random,86.0,34.0,10.0,133,0,
random,86.0,34.0,12.0,133,0,
random,88.0,34.0,6.0,133,0,
random,88.0,34.0,8.0,133,0,
random,88.0,34.0,10.0,133,0,
random,88.0,34.0,12.0,133,0,
random,82.0,34.0,6.0,134,1,0.438804
random,82.0,34.0,8.0,134,1,0.377868
random,82.0,34.0,10.0,134,1,0.329811
random,82.0,34.0,12.0,134,1,0.301783
random,84.0,34.0,6.0,134,0,
random,84.0,34.0,8.0,134,1,0.327545
random,84.0,34.0,10.0,134,1,0.299216
random,84.0,34.0,12.0,134,1,0.28697
random,86.0,34.0,6.0,134,0,
random,86.0,34.0,8.0,134,0,
random,86.0,34.0,10.0,134,1,0.282648
random,86.0,34.0,12.0,134,1,0.289385
random,88.0,34.0,6.0,134,0,
random,88.0,34.0,8.0,134,0,
random,88.0,34.0,10.0,134,0,
random,88.0,34.0,12.0,134,1,0.295863
random,82.0,34.0,6.0,135,0,
random,82.0,34.0,8.0,135,0,
random,82.0,34.0,10.0,135,0,
random,82.0,34.0,12.0,135,0,
random,84.0,34.0,6.0,135,0,
random,84.0,34.0,8.0,135,0,
random,84.0,34.0,10.0,135,0,
random,84.0,34.0,12.0,135,0,
random,86.0,34.0,6.0,135,0,
random,86.0,34.0,8.0,135,0,
random,86.0,34.0,10.0,135,0,
random,86.0,34.0,12.0,135,0,
random,88.0,34.0,6.0,135,0,
random,88.0,34.0,8.0,135,0,
random,88.0,34.0,10.0,135,0,
random,88.0,34.0,12.0,135,0,
random,82.0,34.0,6.0,136,1,0.289091
random,82.0,34.0,8.0,136,1,0.248507
random,82.0,34.0,10.0,136,1,0.240579
random,82.0,34.0,12.0,136,1,0.241565
random,84.0,34.0,6.0,136,1,0.231178
random,84.0,34.0,8.0,136,1,0.223093
random,84.0,34.0,10.0,136,1,0.215494
random,84.0,34.0,12.0,136,1,0.20437
random,86.0,34.0,6.0,136,1,0.140023
random,86.0,34.0,8.0,136,1,0.17689
random,86.0,34.0,10.0,136,1,0.186844
random,86.0,34.0,12.0,136,1,0.173935
random,88.0,34.0,6.0,136,0,
random,88.0,34.0,8.0,136,1,0.117022
random,88.0,34.0,10.0,136,1,0.143764
random,88.0,34.0,12.0,136,1,0.144077
random,82.0,34.0,6.0,137,1,0.28153
random,82.0,34.0,8.0,137,1,0.313946
random,82.0,34.0,10.0,137,1,0.267554
random,82.0,34.0,12.0,137,1,0.263429
random,84.0,34.0,6.0,137,0,
random,84.0,34.0,8.0,137,1,0.227823
random,84.0,34.0,10.0,137,1,0.23248
random,84.0,34.0,12.0,137,1,0.210699
random,86.0,34.0,6.0,137,0,
random,86.0,34.0,8.0,137,0,
random,86.0,34.0,10.0,137,1,0.171648
random,86.0,34.0,12.0,137,1,0.180353
random,88.0,34.0,6.0,137,0,
random,88.0,34.0,8.0,137,0,
random,88.0,34.0,10.0,137,0,
random,88.0,34.0,12.0,137,1,0.128206
random,82.0,34.0,6.0,138,0,
random,82.0,34.0,8.0,138,0,
random,82.0,34.0,10.0,138,0,
random,82.0,34.0,12.0,138,0,
random,84.0,34.0,6.0,138,0,
random,84.0,34.0,8.0,138,0,
random,84.0,34.0,10.0,138,0,
random,84.0,34.0,12.0,138,0,
random,86.0,34.0,6.0,138,0,
random,86.0,34.0,8.0,138,0,
random,86.0,34.0,10.0,138,0,
random,86.0,34.0,12.0,138,0,
random,88.0,34.0,6.0,138,0,
random,88.0,34.0,8.0,138,0,
random,88.0,34.0,10.0,138,0,
random,88.0,34.0,12.0,138,0,
random,82.0,34.0,6.0,139,1,0.205216
random,82.0,34.0,8.0,139,1,0.20029
random,82.0,34.0,10.0,139,1,0.185313
random,82.0,34.0,12.0,139,1,0.170791
random,84.0,34.0,6.0,139,1,0.171666
random,84.0,34.0,8.0,139,1,0.186096
random,84.0,34.0,10.0,139,1,0.161305
random,84.0,34.0,12.0,139,1,0.148095
random,86.0,34.0,6.0,139,0,
random,86.0,34.0,8.0,139,1,0.155481
random,86.0,34.0,10.0,139,1,0.140705
random,86.0,34.0,12.0,139,1,0.124922
random,88.0,34.0,6.0,139,0,
random,88.0,34.0,8.0,139,0,
random,88.0,34.0,10.0,139,1,0.113741
random,88.0,34.0,12.0,139,1,0.107459
random,82.0,34.0,6.0,140,0,
random,82.0,34.0,8.0,140,1,0.091596
random,82.0,34.0,10.0,140,1,0.129923
random,82.0,34.0,12.0,140,1,0.182591
random,84.0,34.0,6.0,140,0,
random,84.0,34.0,8.0,140,1,0.084335
random,84.0,34.0,10.0,140,1,0.13134
random,84.0,34.0,12.0,140,1,0.173733
random,86.0,34.0,6.0,140,0,
random,86.0,34.0,8.0,140,0,
random,86.0,34.0,10.0,140,1,0.159734
random,86.0,34.0,12.0,140,1,0.18554
random,88.0,34.0,6.0,140,0,
random,88.0,34.0,8.0,140,0,
random,88.0,34.0,10.0,140,0,
random,88.0,34.0,12.0,140,1,0.193198
random,82.0,34.0,6.0,141,0,
random,82.0,34.0,8.0,141,0,
random,82.0,34.0,10.0,141,0,
random,82.0,34.0,12.0,141,0,
random,84.0,34.0,6.0,141,0,
random,84.0,34.0,8.0,141,0,
random,84.0,34.0,10.0,141,0,
random,84.0,34.0,12.0,141,0,
random,86.0,34.0,6.0,141,0,
random,86.0,34.0,8.0,141,0,
random,86.0,34.0,10.0,141,0,
random,86.0,34.0,12.0,141,0,
random,88.0,34.0,6.0,141,0,
random,88.0,34.0,8.0,141,0,
random,88.0,34.0,10.0,141,0,
random,88.0,34.0,12.0,141,0,
random,82.0,34.0,6.0,142,0,
random,82.0,34.0,8.0,142,0,
random,82.0,34.0,10.0,142,1,0.145461
random,82.0,34.0,12.0,142,1,0.144629
random,84.0,34.0,6.0,142,0,
random,84.0,34.0,8.0,142,0,
random,84.0,34.0,10.0,142,0,
random,84.0,34.0,12.0,142,1,0.129216
random,86.0,34.0,6.0,142,0,
random,86.0,34.0,8.0,142,0,
random,86.0,34.0,10.0,142,0,
random,86.0,34.0,12.0,142,0,
random,88.0,34.0,6.0,142,0,
random,88.0,34.0,8.0,142,0,
random,88.0,34.0,10.0,142,0,
random,88.0,34.0,12.0,142,0,
random,82.0,34.0,6.0,143,0,
random,82.0,34.0,8.0,143,0,
random,82.0,34.0,10.0,143,0,
random,82.0,34.0,12.0,143,0,
random,84.0,34.0,6.0,143,0,
random,84.0,34.0,8.0,143,0,
random,84.0,34.0,10.0,143,0,
random,84.0,34.0,12.0,143,0,
random,86.0,34.0,6.0,143,0,
random,86.0,34.0,8.0,143,0,
random,86.0,34.0,10.0,143,0,
random,86.0,34.0,12.0,143,0,
random,88.0,34.0,6.0,143,0,
random,88.0,34.0,8.0,143,0,
random,88.0,34.0,10.0,143,0,
random,88.0,34.0,12.0,143,0,
random,82.0,34.0,6.0,144,0,
random,82.0,34.0,8.0,144,0,
random,82.0,34.0,10.0,144,1,0.021213
random,82.0,34.0,12.0,144,1,0.037201
random,84.0,34.0,6.0,144,0,
random,84.0,34.0,8.0,144,0,
random,84.0,34.0,10.0,144,0,
random,84.0,34.0,12.0,144,1,0.015352
random,86.0,34.0,6.0,144,0,
random,86.0,34.0,8.0,144,0,
random,86.0,34.0,10.0,144,0,
random,86.0,34.0,12.0,144,0,
random,88.0,34.0,6.0,144,0,
random,88.0,34.0,8.0,144,0,
random,88.0,34.0,10.0,144,0,
random,88.0,34.0,12.0,144,0,
random,82.0,34.0,6.0,145,0,
random,82.0,34.0,8.0,145,0,
random,82.0,34.0,10.0,145,0,
random,82.0,34.0,12.0,145,0,
random,84.0,34.0,6.0,145,0,
random,84.0,34.0,8.0,145,0,
random,84.0,34.0,10.0,145,0,
random,84.0,34.0,12.0,145,0,
random,86.0,34.0,6.0,145,0,
random,86.0,34.0,8.0,145,0,
random,86.0,34.0,10.0,145,0,
random,86.0,34.0,12.0,145,0,
random,88.0,34.0,6.0,145,0,
random,88.0,34.0,8.0,145,0,
random,88.0,34.0,10.0,145,0,
random,88.0,34.0,12.0,145,0,
random,82.0,34.0,6.0,146,0,
random,82.0,34.0,8.0,146,0,
random,82.0,34.0,10.0,146,0,
random,82.0,34.0,12.0,146,1,0.243657
random,84.0,34.0,6.0,146,0,
random,84.0,34.0,8.0,146,0,
random,84.0,34.0,10.0,146,0,
random,84.0,34.0,12.0,146,1,0.196425
random,86.0,34.0,6.0,146,0,
random,86.0,34.0,8.0,146,0,
random,86.0,34.0,10.0,146,1,0.134417
random,86.0,34.0,12.0,146,1,0.167013
random,88.0,34.0,6.0,146,0,
random,88.0,34.0,8.0,146,0,
random,88.0,34.0,10.0,146,1,0.133921
random,88.0,34.0,12.0,146,1,0.148979
random,82.0,34.0,6.0,147,0,
random,82.0,34.0,8.0,147,0,
random,82.0,34.0,10.0,147,0,
random,82.0,34.0,12.0,147,0,
random,84.0,34.0,6.0,147,0,
random,84.0,34.0,8.0,147,0,
random,84.0,34.0,10.0,147,0,
random,84.0,34.0,12.0,147,0,
random,86.0,34.0,6.0,147,0,
random,86.0,34.0,8.0,147,0,
random,86.0,34.0,10.0,147,0,
random,86.0,34.0,12.0,147,0,
random,88.0,34.0,6.0,147,0,
random,88.0,34.0,8.0,147,0,
random,88.0,34.0,10.0,147,0,
random,88.0,34.0,12.0,147,0,
random,82.0,34.0,6.0,148,0,
random,82.0,34.0,8.0,148,1,0.267734
random,82.0,34.0,10.0,148,1,0.224655
random,82.0,34.0,12.0,148,1,0.198569
random,84.0,34.0,6.0,148,0,
random,84.0,34.0,8.0,148,0,
random,84.0,34.0,10.0,148,1,0.236446
random,84.0,34.0,12.0,148,1,0.208541
random,86.0,34.0,6.0,148,0,
random,86.0,34.0,8.0,148,0,
random,86.0,34.0,10.0,148,0,
random,86.0,34.0,12.0,148,1,0.213079
random,88.0,34.0,6.0,148,0,
random,88.0,34.0,8.0,148,0,
random,88.0,34.0,10.0,148,0,
random,88.0,34.0,12.0,148,0,
random,82.0,34.0,6.0,149,0,
random,82.0,34.0,8.0,149,1,0.05999
random,82.0,34.0,10.0,149,1,0.11817
random,82.0,34.0,12.0,149,1,0.156845
random,84.0,34.0,6.0,149,0,
random,84.0,34.0,8.0,149,0,
random,84.0,34.0,10.0,149,1,0.040842
random,84.0,34.0,12.0,149,1,0.086047
random,86.0,34.0,6.0,149,0,
random,86.0,34.0,8.0,149,0,
random,86.0,34.0,10.0,149,0,
random,86.0,34.0,12.0,149,1,0.030144
random,88.0,34.0,6.0,149,0,
random,88.0,34.0,8.0,149,0,
random,88.0,34.0,10.0,149,0,
random,88.0,34.0,12.0,149,0,
random,82.0,34.0,6.0,150,0,
random,82.0,34.0,8.0,150,0,
random,82.0,34.0,10.0,150,0,
random,82.0,34.0,12.0,150,1,0.169541
random,84.0,34.0,6.0,150,0,
random,84.0,34.0,8.0,150,0,
random,84.0,34.0,10.0,150,0,
random,84.0,34.0,12.0,150,1,0.127233
random,86.0,34.0,6.0,150,0,
random,86.0,34.0,8.0,150,0,
random,86.0,34.0,10.0,150,1,0.069486
random,86.0,34.0,12.0,150,1,0.111026
random,88.0,34.0,6.0,150,0,
random,88.0,34.0,8.0,150,0,
random,88.0,34.0,10.0,150,1,0.094554
random,88.0,34.0,12.0,150,1,0.12522
random,82.0,34.0,6.0,151,0,
random,82.0,34.0,8.0,151,0,
random,82.0,34.0,10.0,151,0,
random,82.0,34.0,12.0,151,0,
random,84.0,34.0,6.0,151,0,
random,84.0,34.0,8.0,151,0,
random,84.0,34.0,10.0,151,0,
random,84.0,34.0,12.0,151,0,
random,86.0,34.0,6.0,151,0,
random,86.0,34.0,8.0,151,0,
random,86.0,34.0,10.0,151,0,
random,86.0,34.0,12.0,151,0,
random,88.0,34.0,6.0,151,0,
random,88.0,34.0,8.0,151,0,
random,88.0,34.0,10.0,151,0,
random,88.0,34.0,12.0,151,0,
random,82.0,34.0,6.0,152,0,
random,82.0,34.0,8.0,152,0,
random,82.0,34.0,10.0,152,0,
random,82.0,34.0,12.0,152,0,
random,84.0,34.0,6.0,152,0,
random,84.0,34.0,8.0,152,0,
random,84.0,34.0,10.0,152,0,
random,84.0,34.0,12.0,152,0,
random,86.0,34.0,6.0,152,0,
random,86.0,34.0,8.0,152,0,
random,86.0,34.0,10.0,152,0,
random,86.0,34.0,12.0,152,0,
random,88.0,34.0,6.0,152,0,
random,88.0,34.0,8.0,152,0,
random,88.0,34.0,10.0,152,0,
random,88.0,34.0,12.0,152,0,
random,82.0,34.0,6.0,153,0,
random,82.0,34.0,8.0,153,0,
random,82.0,34.0,10.0,153,1,0.136238
random,82.0,34.0,12.0,153,1,0.122799
random,84.0,34.0,6.0,153,0,
random,84.0,34.0,8.0,153,0,
random,84.0,34.0,10.0,153,0,
random,84.0,34.0,12.0,153,1,0.102833
random,86.0,34.0,6.0,153,0,
random,86.0,34.0,8.0,153,0,
random,86.0,34.0,10.0,153,0,
random,86.0,34.0,12.0,153,0,
random,88.0,34.0,6.0,153,0,
random,88.0,34.0,8.0,153,0,
random,88.0,34.0,10.0,153,0,
random,88.0,34.0,12.0,153,0,
random,82.0,34.0,6.0,154,0,
random,82.0,34.0,8.0,154,0,
random,82.0,34.0,10.0,154,0,
random,82.0,34.0,12.0,154,0,
random,84.0,34.0,6.0,154,0,
random,84.0,34.0,8.0,154,0,
random,84.0,34.0,10.0,154,0,
random,84.0,34.0,12.0,154,0,
random,86.0,34.0,6.0,154,0,
random,86.0,34.0,8.0,154,0,
random,86.0,34.0,10.0,154,0,
random,86.0,34.0,12.0,154,0,
random,88.0,34.0,6.0,154,0,
random,88.0,34.0,8.0,154,0,
random,88.0,34.0,10.0,154,0,
random,88.0,34.0,12.0,154,0,
random,82.0,34.0,6.0,155,0,
random,82.0,34.0,8.0,155,0,
random,82.0,34.0,10.0,155,0,
random,82.0,34.0,12.0,155,0,
random,84.0,34.0,6.0,155,0,
random,84.0,34.0,8.0,155,0,
random,84.0,34.0,10.0,155,0,
random,84.0,34.0,12.0,155,0,
random,86.0,34.0,6.0,155,0,
random,86.0,34.0,8.0,155,0,
random,86.0,34.0,10.0,155,0,
random,86.0,34.0,12.0,155,0,
random,88.0,34.0,6.0,155,0,
random,88.0,34.0,8.0,155,0,
random,88.0,34.0,10.0,155,0,
random,88.0,34.0,12.0,155,0,
random,82.0,34.0,6.0,156,1,0.147673
random,82.0,34.0,8.0,156,1,0.150184
random,82.0,34.0,10.0,156,1,0.183756
random,82.0,34.0,12.0,156,1,0.205627
random,84.0,34.0,6.0,156,1,0.13945
random,84.0,34.0,8.0,156,1,0.156582
random,84.0,34.0,10.0,156,1,0.181311
random,84.0,34.0,12.0,156,1,0.192208
random,86.0,34.0,6.0,156,1,0.14789
random,86.0,34.0,8.0,156,1,0.174086
random,86.0,34.0,10.0,156,1,0.182056
random,86.0,34.0,12.0,156,1,0.183604
random,88.0,34.0,6.0,156,0,
random,88.0,34.0,8.0,156,1,0.191692
random,88.0,34.0,10.0,156,1,0.183883
random,88.0,34.0,12.0,156,1,0.171599
random,82.0,34.0,6.0,157,0,
random,82.0,34.0,8.0,157,0,
random,82.0,34.0,10.0,157,1,0.096881
random,82.0,34.0,12.0,157,1,0.13224
random,84.0,34.0,6.0,157,0,
random,84.0,34.0,8.0,157,1,0.125761
random,84.0,34.0,10.0,157,1,0.143699
random,84.0,34.0,12.0,157,1,0.156735
random,86.0,34.0,6.0,157,0,
random,86.0,34.0,8.0,157,1,0.219817
random,86.0,34.0,10.0,157,1,0.200208
random,86.0,34.0,12.0,157,1,0.197591
random,88.0,34.0,6.0,157,1,0.363389
random,88.0,34.0,8.0,157,1,0.309037
random,88.0,34.0,10.0,157,1,0.263301
random,88.0,34.0,12.0,157,1,0.240285
random,82.0,34.0,6.0,158,0,
random,82.0,34.0,8.0,158,1,0.487519
random,82.0,34.0,10.0,158,1,0.4437
random,82.0,34.0,12.0,158,1,0.391337
random,84.0,34.0,6.0,158,0,
random,84.0,34.0,8.0,158,0,
random,84.0,34.0,10.0,158,1,0.378753
random,84.0,34.0,12.0,158,1,0.350632
random,86.0,34.0,6.0,158,0,
random,86.0,34.0,8.0,158,0,
random,86.0,34.0,10.0,158,0,
random,86.0,34.0,12.0,158,1,0.296829
random,88.0,34.0,6.0,158,0,
random,88.0,34.0,8.0,158,0,
random,88.0,34.0,10.0,158,0,
random,88.0,34.0,12.0,158,0,
random,82.0,34.0,6.0,159,0,
random,82.0,34.0,8.0,159,0,
random,82.0,34.0,10.0,159,0,
random,82.0,34.0,12.0,159,1,0.208967
random,84.0,34.0,6.0,159,0,
random,84.0,34.0,8.0,159,0,
random,84.0,34.0,10.0,159,0,
random,84.0,34.0,12.0,159,0,
random,86.0,34.0,6.0,159,0,
random,86.0,34.0,8.0,159,0,
random,86.0,34.0,10.0,159,0,
random,86.0,34.0,12.0,159,0,
random,88.0,34.0,6.0,159,0,
random,88.0,34.0,8.0,159,0,
random,88.0,34.0,10.0,159,0,
random,88.0,34.0,12.0,159,0,
random,82.0,34.0,6.0,160,0,
random,82.0,34.0,8.0,160,0,
random,82.0,34.0,10.0,160,0,
random,82.0,34.0,12.0,160,0,
random,84.0,34.0,6.0,160,0,
random,84.0,34.0,8.0,160,0,
random,84.0,34.0,10.0,160,0,
random,84.0,34.0,12.0,160,0,
random,86.0,34.0,6.0,160,0,
random,86.0,34.0,8.0,160,0,
random,86.0,34.0,10.0,160,0,
random,86.0,34.0,12.0,160,0,
random,88.0,34.0,6.0,160,0,
random,88.0,34.0,8.0,160,0,
random,88.0,34.0,10.0,160,0,
random,88.0,34.0,12.0,160,0,
random,82.0,34.0,6.0,161,0,
random,82.0,34.0,8.0,161,0,
random,82.0,34.0,10.0,161,1,0.25471
random,82.0,34.0,12.0,161,1,0.218256
random,84.0,34.0,6.0,161,0,
random,84.0,34.0,8.0,161,1,0.328726
random,84.0,34.0,10.0,161,1,0.241483
random,84.0,34.0,12.0,161,1,0.203271
random,86.0,34.0,6.0,161,1,0.25231
random,86.0,34.0,8.0,161,1,0.291199
random,86.0,34.0,10.0,161,1,0.223919
random,86.0,34.0,12.0,161,1,0.188385
random,88.0,34.0,6.0,161,1,0.153863
random,88.0,34.0,8.0,161,1,0.235783
random,88.0,34.0,10.0,161,1,0.198113
random,88.0,34.0,12.0,161,1,0.172149
random,82.0,34.0,6.0,162,0,
random,82.0,34.0,8.0,162,0,
random,82.0,34.0,10.0,162,0,
random,82.0,34.0,12.0,162,0,
random,84.0,34.0,6.0,162,0,
random,84.0,34.0,8.0,162,0,
random,84.0,34.0,10.0,162,0,
random,84.0,34.0,12.0,162,0,
random,86.0,34.0,6.0,162,0,
random,86.0,34.0,8.0,162,0,
random,86.0,34.0,10.0,162,0,
random,86.0,34.0,12.0,162,0,
random,88.0,34.0,6.0,162,0,
random,88.0,34.0,8.0,162,0,
random,88.0,34.0,10.0,162,0,
random,88.0,34.0,12.0,162,0,
random,82.0,34.0,6.0,163,1,0.181435
random,82.0,34.0,8.0,163,1,0.185904
random,82.0,34.0,10.0,163,1,0.197536
random,82.0,34.0,12.0,163,1,0.199886
random,84.0,34.0,6.0,163,1,0.149676
random,84.0,34.0,8.0,163,1,0.166108
random,84.0,34.0,10.0,163,1,0.177051
random,84.0,34.0,12.0,163,1,0.178125
random,86.0,34.0,6.0,163,0,
random,86.0,34.0,8.0,163,1,0.13351
random,86.0,34.0,10.0,163,1,0.151999
random,86.0,34.0,12.0,163,1,0.156653
random,88.0,34.0,6.0,163,0,
random,88.0,34.0,8.0,163,0,
random,88.0,34.0,10.0,163,1,0.12217
random,88.0,34.0,12.0,163,1,0.131738
random,82.0,34.0,6.0,164,0,
random,82.0,34.0,8.0,164,0,
random,82.0,34.0,10.0,164,0,
random,82.0,34.0,12.0,164,0,
random,84.0,34.0,6.0,164,0,
random,84.0,34.0,8.0,164,0,
random,84.0,34.0,10.0,164,0,
random,84.0,34.0,12.0,164,0,
random,86.0,34.0,6.0,164,0,
random,86.0,34.0,8.0,164,0,
random,86.0,34.0,10.0,164,0,
random,86.0,34.0,12.0,164,0,
random,88.0,34.0,6.0,164,0,
random,88.0,34.0,8.0,164,0,
random,88.0,34.0,10.0,164,0,
random,88.0,34.0,12.0,164,0,
random,82.0,34.0,6.0,165,0,
random,82.0,34.0,8.0,165,0,
random,82.0,34.0,10.0,165,1,0.248915
random,82.0,34.0,12.0,165,1,0.218618
random,84.0,34.0,6.0,165,0,
random,84.0,34.0,8.0,165,1,0.281954
random,84.0,34.0,10.0,165,1,0.235901
random,84.0,34.0,12.0,165,1,0.205686
random,86.0,34.0,6.0,165,0,
random,86.0,34.0,8.0,165,1,0.267149
random,86.0,34.0,10.0,165,1,0.217421
random,86.0,34.0,12.0,165,1,0.186302
random,88.0,34.0,6.0,165,0,
random,88.0,34.0,8.0,165,1,0.241972
random,88.0,34.0,10.0,165,1,0.194012
random,88.0,34.0,12.0,165,1,0.165325
random,82.0,34.0,6.0,166,1,0.255665
random,82.0,34.0,8.0,166,1,0.193889
random,82.0,34.0,10.0,166,1,0.206697
random,82.0,34.0,12.0,166,1,0.236785
random,84.0,34.0,6.0,166,0,
random,84.0,34.0,8.0,166,1,0.190847
random,84.0,34.0,10.0,166,1,0.142156
random,84.0,34.0,12.0,166,1,0.170058
random,86.0,34.0,6.0,166,0,
random,86.0,34.0,8.0,166,0,
random,86.0,34.0,10.0,166,1,0.130903
random,86.0,34.0,12.0,166,1,0.109933
random,88.0,34.0,6.0,166,0,
random,88.0,34.0,8.0,166,0,
random,88.0,34.0,10.0,166,0,
random,88.0,34.0,12.0,166,1,0.09994
random,82.0,34.0,6.0,167,0,
random,82.0,34.0,8.0,167,0,
random,82.0,34.0,10.0,167,0,
random,82.0,34.0,12.0,167,0,
random,84.0,34.0,6.0,167,0,
random,84.0,34.0,8.0,167,0,
random,84.0,34.0,10.0,167,0,
random,84.0,34.0,12.0,167,0,
random,86.0,34.0,6.0,167,0,
random,86.0,34.0,8.0,167,0,
random,86.0,34.0,10.0,167,0,
random,86.0,34.0,12.0,167,0,
random,88.0,34.0,6.0,167,0,
random,88.0,34.0,8.0,167,0,
random,88.0,34.0,10.0,167,0,
random,88.0,34.0,12.0,167,0,
random,82.0,34.0,6.0,168,0,
random,82.0,34.0,8.0,168,0,
random,82.0,34.0,10.0,168,0,
random,82.0,34.0,12.0,168,1,0.132491
random,84.0,34.0,6.0,168,0,
random,84.0,34.0,8.0,168,0,
random,84.0,34.0,10.0,168,0,
random,84.0,34.0,12.0,168,0,
random,86.0,34.0,6.0,168,0,
random,86.0,34.0,8.0,168,0,
random,86.0,34.0,10.0,168,0,
random,86.0,34.0,12.0,168,0,
random,88.0,34.0,6.0,168,0,
random,88.0,34.0,8.0,168,0,
random,88.0,34.0,10.0,168,0,
random,88.0,34.0,12.0,168,0,
random,82.0,34.0,6.0,169,0,
random,82.0,34.0,8.0,169,1,0.368088
random,82.0,34.0,10.0,169,1,0.380482
random,82.0,34.0,12.0,169,1,0.507731
random,84.0,34.0,6.0,169,0,
random,84.0,34.0,8.0,169,0,
random,84.0,34.0,10.0,169,1,0.319164
random,84.0,34.0,12.0,169,1,0.339266
random,86.0,34.0,6.0,169,0,
random,86.0,34.0,8.0,169,0,
random,86.0,34.0,10.0,169,0,
random,86.0,34.0,12.0,169,1,0.280434
random,88.0,34.0,6.0,169,0,
random,88.0,34.0,8.0,169,0,
random,88.0,34.0,10.0,169,0,
random,88.0,34.0,12.0,169,0,
random,82.0,34.0,6.0,170,0,
random,82.0,34.0,8.0,170,0,
random,82.0,34.0,10.0,170,0,
random,82.0,34.0,12.0,170,0,
random,84.0,34.0,6.0,170,0,
random,84.0,34.0,8.0,170,0,
random,84.0,34.0,10.0,170,0,
random,84.0,34.0,12.0,170,0,
random,86.0,34.0,6.0,170,0,
random,86.0,34.0,8.0,170,0,
random,86.0,34.0,10.0,170,0,
random,86.0,34.0,12.0,170,0,
random,88.0,34.0,6.0,170,0,
random,88.0,34.0,8.0,170,0,
random,88.0,34.0,10.0,170,0,
random,88.0,34.0,12.0,170,0,
random,82.0,34.0,6.0,171,0,
random,82.0,34.0,8.0,171,0,
random,82.0,34.0,10.0,171,0,
random,82.0,34.0,12.0,171,1,0.03745
random,84.0,34.0,6.0,171,0,
random,84.0,34.0,8.0,171,0,
random,84.0,34.0,10.0,171,0,
random,84.0,34.0,12.0,171,0,
random,86.0,34.0,6.0,171,0,
random,86.0,34.0,8.0,171,0,
random,86.0,34.0,10.0,171,0,
random,86.0,34.0,12.0,171,0,
random,88.0,34.0,6.0,171,0,
random,88.0,34.0,8.0,171,0,
random,88.0,34.0,10.0,171,0,
random,88.0,34.0,12.0,171,0,
random,82.0,34.0,6.0,172,0,
random,82.0,34.0,8.0,172,0,
random,82.0,34.0,10.0,172,1,0.050521
random,82.0,34.0,12.0,172,1,0.080524
random,84.0,34.0,6.0,172,0,
random,84.0,34.0,8.0,172,0,
random,84.0,34.0,10.0,172,1,0.034649
random,84.0,34.0,12.0,172,1,0.05753
random,86.0,34.0,6.0,172,0,
random,86.0,34.0,8.0,172,0,
random,86.0,34.0,10.0,172,0,
random,86.0,34.0,12.0,172,1,0.051527
random,88.0,34.0,6.0,172,0,
random,88.0,34.0,8.0,172,0,
random,88.0,34.0,10.0,172,0,
random,88.0,34.0,12.0,172,0,
random,82.0,34.0,6.0,173,0,
random,82.0,34.0,8.0,173,0,
random,82.0,34.0,10.0,173,1,0.121161
random,82.0,34.0,12.0,173,1,0.120594
random,84.0,34.0,6.0,173,0,
random,84.0,34.0,8.0,173,0,
random,84.0,34.0,10.0,173,0,
random,84.0,34.0,12.0,173,1,0.089622
random,86.0,34.0,6.0,173,0,
random,86.0,34.0,8.0,173,0,
random,86.0,34.0,10.0,173,0,
random,86.0,34.0,12.0,173,0,
random,88.0,34.0,6.0,173,0,
random,88.0,34.0,8.0,173,0,
random,88.0,34.0,10.0,173,0,
random,88.0,34.0,12.0,173,0,
random,82.0,34.0,6.0,174,0,
random,82.0,34.0,8.0,174,0,
random,82.0,34.0,10.0,174,1,0.077387
random,82.0,34.0,12.0,174,1,0.110431
random,84.0,34.0,6.0,174,0,
random,84.0,34.0,8.0,174,0,
random,84.0,34.0,10.0,174,0,
random,84.0,34.0,12.0,174,1,0.056292
random,86.0,34.0,6.0,174,0,
random,86.0,34.0,8.0,174,0,
random,86.0,34.0,10.0,174,0,
random,86.0,34.0,12.0,174,0,
random,88.0,34.0,6.0,174,0,
random,88.0,34.0,8.0,174,0,
random,88.0,34.0,10.0,174,0,
random,88.0,34.0,12.0,174,0,
random,82.0,34.0,6.0,175,0,
random,82.0,34.0,8.0,175,0,
random,82.0,34.0,10.0,175,0,
random,82.0,34.0,12.0,175,0,
random,84.0,34.0,6.0,175,0,
random,84.0,34.0,8.0,175,0,
random,84.0,34.0,10.0,175,0,
random,84.0,34.0,12.0,175,0,
random,86.0,34.0,6.0,175,0,
random,86.0,34.0,8.0,175,0,
random,86.0,34.0,10.0,175,0,
random,86.0,34.0,12.0,175,0,
random,88.0,34.0,6.0,175,0,
random,88.0,34.0,8.0,175,0,
random,88.0,34.0,10.0,175,0,
random,88.0,34.0,12.0,175,0,
random,82.0,34.0,6.0,176,0,
random,82.0,34.0,8.0,176,0,
random,82.0,34.0,10.0,176,0,
random,82.0,34.0,12.0,176,0,
random,84.0,34.0,6.0,176,0,
random,84.0,34.0,8.0,176,0,
random,84.0,34.0,10.0,176,0,
random,84.0,34.0,12.0,176,0,
random,86.0,34.0,6.0,176,0,
random,86.0,34.0,8.0,176,0,
random,86.0,34.0,10.0,176,0,
random,86.0,34.0,12.0,176,0,
random,88.0,34.0,6.0,176,0,
random,88.0,34.0,8.0,176,0,
random,88.0,34.0,10.0,176,0,
random,88.0,34.0,12.0,176,0,
random,82.0,34.0,6.0,177,0,
random,82.0,34.0,8.0,177,0,
random,82.0,34.0,10.0,177,0,
random,82.0,34.0,12.0,177,0,
random,84.0,34.0,6.0,177,0,
random,84.0,34.0,8.0,177,0,
random,84.0,34.0,10.0,177,0,
random,84.0,34.0,12.0,177,0,
random,86.0,34.0,6.0,177,0,
random,86.0,34.0,8.0,177,0,
random,86.0,34.0,10.0,177,0,
random,86.0,34.0,12.0,177,0,
random,88.0,34.0,6.0,177,0,
random,88.0,34.0,8.0,177,0,
random,88.0,34.0,10.0,177,0,
random,88.0,34.0,12.0,177,0,
random,82.0,34.0,6.0,178,0,
random,82.0,34.0,8.0,178,0,
random,82.0,34.0,10.0,178,0,
random,82.0,34.0,12.0,178,0,
random,84.0,34.0,6.0,178,0,
random,84.0,34.0,8.0,178,0,
random,84.0,34.0,10.0,178,0,
random,84.0,34.0,12.0,178,0,
random,86.0,34.0,6.0,178,0,
random,86.0,34.0,8.0,178,0,
random,86.0,34.0,10.0,178,0,
random,86.0,34.0,12.0,178,0,
random,88.0,34.0,6.0,178,0,
random,88.0,34.0,8.0,178,0,
random,88.0,34.0,10.0,178,0,
random,88.0,34.0,12.0,178,0,
random,82.0,34.0,6.0,179,0,
random,82.0,34.0,8.0,179,1,0.216004
random,82.0,34.0,10.0,179,1,0.195346
random,82.0,34.0,12.0,179,1,0.185183
random,84.0,34.0,6.0,179,0,
random,84.0,34.0,8.0,179,0,
random,84.0,34.0,10.0,179,1,0.154478
random,84.0,34.0,12.0,179,1,0.146808
random,86.0,34.0,6.0,179,0,
random,86.0,34.0,8.0,179,0,
random,86.0,34.0,10.0,179,0,
random,86.0,34.0,12.0,179,1,0.11481
random,88.0,34.0,6.0,179,0,
random,88.0,34.0,8.0,179,0,
random,88.0,34.0,10.0,179,0,
random,88.0,34.0,12.0,179,0,
random,82.0,34.0,6.0,180,0,
random,82.0,34.0,8.0,180,0,
random,82.0,34.0,10.0,180,0,
random,82.0,34.0,12.0,180,0,
random,84.0,34.0,6.0,180,0,
random,84.0,34.0,8.0,180,0,
random,84.0,34.0,10.0,180,0,
random,84.0,34.0,12.0,180,0,
random,86.0,34.0,6.0,180,0,
random,86.0,34.0,8.0,180,0,
random,86.0,34.0,10.0,180,0,
random,86.0,34.0,12.0,180,0,
random,88.0,34.0,6.0,180,0,
random,88.0,34.0,8.0,180,0,
random,88.0,34.0,10.0,180,0,
random,88.0,34.0,12.0,180,0,
random,82.0,34.0,6.0,181,1,0.106909
random,82.0,34.0,8.0,181,1,0.104142
random,82.0,34.0,10.0,181,1,0.103286
random,82.0,34.0,12.0,181,1,0.12412
random,84.0,34.0,6.0,181,0,
random,84.0,34.0,8.0,181,1,0.069666
random,84.0,34.0,10.0,181,1,0.069444
random,84.0,34.0,12.0,181,1,0.075576
random,86.0,34.0,6.0,181,0,
random,86.0,34.0,8.0,181,0,
random,86.0,34.0,10.0,181,1,0.045669
random,86.0,34.0,12.0,181,1,0.050639
random,88.0,34.0,6.0,181,0,
random,88.0,34.0,8.0,181,0,
random,88.0,34.0,10.0,181,0,
random,88.0,34.0,12.0,181,1,0.033244
random,82.0,34.0,6.0,182,0,
random,82.0,34.0,8.0,182,0,
random,82.0,34.0,10.0,182,1,0.193401
random,82.0,34.0,12.0,182,1,0.197164
random,84.0,34.0,6.0,182,0,
random,84.0,34.0,8.0,182,0,
random,84.0,34.0,10.0,182,0,
random,84.0,34.0,12.0,182,1,0.146783
random,86.0,34.0,6.0,182,0,
random,86.0,34.0,8.0,182,0,
random,86.0,34.0,10.0,182,0,
random,86.0,34.0,12.0,182,0,
random,88.0,34.0,6.0,182,0,
random,88.0,34.0,8.0,182,0,
random,88.0,34.0,10.0,182,0,
random,88.0,34.0,12.0,182,0,
random,82.0,34.0,6.0,183,0,
random,82.0,34.0,8.0,183,0,
random,82.0,34.0,10.0,183,0,
random,82.0,34.0,12.0,183,0,
random,84.0,34.0,6.0,183,0,
random,84.0,34.0,8.0,183,0,
random,84.0,34.0,10.0,183,0,
random,84.0,34.0,12.0,183,0,
random,86.0,34.0,6.0,183,0,
random,86.0,34.0,8.0,183,0,
random,86.0,34.0,10.0,183,0,
random,86.0,34.0,12.0,183,0,
random,88.0,34.0,6.0,183,0,
random,88.0,34.0,8.0,183,0,
random,88.0,34.0,10.0,183,0,
random,88.0,34.0,12.0,183,0,
random,82.0,34.0,6.0,184,1,0.379307
random,82.0,34.0,8.0,184,1,0.345165
random,82.0,34.0,10.0,184,1,0.575753
random,82.0,34.0,12.0,184,1,0.580664
random,84.0,34.0,6.0,184,1,0.413633
random,84.0,34.0,8.0,184,1,0.329436
random,84.0,34.0,10.0,184,1,0.558157
random,84.0,34.0,12.0,184,1,0.551144
random,86.0,34.0,6.0,184,0,
random,86.0,34.0,8.0,184,1,0.313676
random,86.0,34.0,10.0,184,1,0.537937
random,86.0,34.0,12.0,184,1,0.500615
random,88.0,34.0,6.0,184,0,
random,88.0,34.0,8.0,184,1,0.26418
random,88.0,34.0,10.0,184,1,0.232022
random,88.0,34.0,12.0,184,1,0.447177
random,82.0,34.0,6.0,185,0,
random,82.0,34.0,8.0,185,0,
random,82.0,34.0,10.0,185,0,
random,82.0,34.0,12.0,185,0,
random,84.0,34.0,6.0,185,0,
random,84.0,34.0,8.0,185,0,
random,84.0,34.0,10.0,185,0,
random,84.0,34.0,12.0,185,0,
random,86.0,34.0,6.0,185,0,
random,86.0,34.0,8.0,185,0,
random,86.0,34.0,10.0,185,0,
random,86.0,34.0,12.0,185,0,
random,88.0,34.0,6.0,185,0,
random,88.0,34.0,8.0,185,0,
random,88.0,34.0,10.0,185,0,
random,88.0,34.0,12.0,185,0,
random,82.0,34.0,6.0,186,1,0.189907
random,82.0,34.0,8.0,186,1,0.197872
random,82.0,34.0,10.0,186,1,0.166224
random,82.0,34.0,12.0,186,1,0.133105
random,84.0,34.0,6.0,186,0,
random,84.0,34.0,8.0,186,1,0.137304
random,84.0,34.0,10.0,186,1,0.138972
random,84.0,34.0,12.0,186,1,0.121463
random,86.0,34.0,6.0,186,0,
random,86.0,34.0,8.0,186,0,
random,86.0,34.0,10.0,186,1,0.098265
random,86.0,34.0,12.0,186,1,0.100954
random,88.0,34.0,6.0,186,0,
random,88.0,34.0,8.0,186,0,
random,88.0,34.0,10.0,186,0,
random,88.0,34.0,12.0,186,1,0.071212
random,82.0,34.0,6.0,187,0,
random,82.0,34.0,8.0,187,0,
random,82.0,34.0,10.0,187,1,0.184266
random,82.0,34.0,12.0,187,1,0.180047
random,84.0,34.0,6.0,187,0,
random,84.0,34.0,8.0,187,0,
random,84.0,34.0,10.0,187,0,
random,84.0,34.0,12.0,187,1,0.208835
random,86.0,34.0,6.0,187,0,
random,86.0,34.0,8.0,187,0,
random,86.0,34.0,10.0,187,0,
random,86.0,34.0,12.0,187,1,0.231342
random,88.0,34.0,6.0,187,0,
random,88.0,34.0,8.0,187,0,
random,88.0,34.0,10.0,187,0,
random,88.0,34.0,12.0,187,0,
random,82.0,34.0,6.0,188,0,
random,82.0,34.0,8.0,188,0,
random,82.0,34.0,10.0,188,0,
random,82.0,34.0,12.0,188,0,
random,84.0,34.0,6.0,188,0,
random,84.0,34.0,8.0,188,0,
random,84.0,34.0,10.0,188,0,
random,84.0,34.0,12.0,188,0,
random,86.0,34.0,6.0,188,0,
random,86.0,34.0,8.0,188,0,
random,86.0,34.0,10.0,188,0,
random,86.0,34.0,12.0,188,0,
random,88.0,34.0,6.0,188,0,
random,88.0,34.0,8.0,188,0,
random,88.0,34.0,10.0,188,0,
random,88.0,34.0,12.0,188,0,
random,82.0,34.0,6.0,189,0,
random,82.0,34.0,8.0,189,1,0.176049
random,82.0,34.0,10.0,189,1,0.161269
random,82.0,34.0,12.0,189,1,0.152812
random,84.0,34.0,6.0,189,0,
random,84.0,34.0,8.0,189,1,0.125408
random,84.0,34.0,10.0,189,1,0.140509
random,84.0,34.0,12.0,189,1,0.145662
random,86.0,34.0,6.0,189,0,
random,86.0,34.0,8.0,189,0,
random,86.0,34.0,10.0,189,1,0.102364
random,86.0,34.0,12.0,189,1,0.126852
random,88.0,34.0,6.0,189,0,
random,88.0,34.0,8.0,189,0,
random,88.0,34.0,10.0,189,0,
random,88.0,34.0,12.0,189,1,0.094686
random,82.0,34.0,6.0,190,0,
random,82.0,34.0,8.0,190,0,
random,82.0,34.0,10.0,190,1,0.338473
random,82.0,34.0,12.0,190,1,0.301718
random,84.0,34.0,6.0,190,0,
random,84.0,34.0,8.0,190,0,
random,84.0,34.0,10.0,190,0,
random,84.0,34.0,12.0,190,1,0.273322
random,86.0,34.0,6.0,190,0,
random,86.0,34.0,8.0,190,0,
random,86.0,34.0,10.0,190,0,
random,86.0,34.0,12.0,190,0,
random,88.0,34.0,6.0,190,0,
random,88.0,34.0,8.0,190,0,
random,88.0,34.0,10.0,190,0,
random,88.0,34.0,12.0,190,0,
random,82.0,34.0,6.0,191,0,
random,82.0,34.0,8.0,191,0,
random,82.0,34.0,10.0,191,0,
random,82.0,34.0,12.0,191,0,
random,84.0,34.0,6.0,191,0,
random,84.0,34.0,8.0,191,0,
random,84.0,34.0,10.0,191,0,
random,84.0,34.0,12.0,191,0,
random,86.0,34.0,6.0,191,0,
random,86.0,34.0,8.0,191,0,
random,86.0,34.0,10.0,191,0,
random,86.0,34.0,12.0,191,0,
random,88.0,34.0,6.0,191,0,
random,88.0,34.0,8.0,191,0,
random,88.0,34.0,10.0,191,0,
random,88.0,34.0,12.0,191,0,
random,82.0,34.0,6.0,192,1,0.311157
random,82.0,34.0,8.0,192,1,0.254054
random,82.0,34.0,10.0,192,1,0.217626
random,82.0,34.0,12.0,192,1,0.215511
random,84.0,34.0,6.0,192,1,0.347926
random,84.0,34.0,8.0,192,1,0.265218
random,84.0,34.0,10.0,192,1,0.201016
random,84.0,34.0,12.0,192,1,0.173081
random,86.0,34.0,6.0,192,1,0.321942
random,86.0,34.0,8.0,192,1,0.262135
random,86.0,34.0,10.0,192,1,0.194885
random,86.0,34.0,12.0,192,1,0.155002
random,88.0,34.0,6.0,192,1,0.269665
random,88.0,34.0,8.0,192,1,0.232845
random,88.0,34.0,10.0,192,1,0.184466
random,88.0,34.0,12.0,192,1,0.146577
random,82.0,34.0,6.0,193,1,0.552706
random,82.0,34.0,8.0,193,1,0.39591
random,82.0,34.0,10.0,193,1,0.304893
random,82.0,34.0,12.0,193,1,0.273462
random,84.0,34.0,6.0,193,1,0.635044
random,84.0,34.0,8.0,193,1,0.447787
random,84.0,34.0,10.0,193,1,0.324469
random,84.0,34.0,12.0,193,1,0.260078
random,86.0,34.0,6.0,193,1,0.659048
random,86.0,34.0,8.0,193,1,0.482611
random,86.0,34.0,10.0,193,1,0.34314
random,86.0,34.0,12.0,193,1,0.262516
random,88.0,34.0,6.0,193,0,
random,88.0,34.0,8.0,193,1,0.480691
random,88.0,34.0,10.0,193,1,0.341367
random,88.0,34.0,12.0,193,1,0.262363
random,82.0,34.0,6.0,194,0,
random,82.0,34.0,8.0,194,1,0.522788
random,82.0,34.0,10.0,194,1,0.446355
random,82.0,34.0,12.0,194,1,0.500542
random,84.0,34.0,6.0,194,0,
random,84.0,34.0,8.0,194,0,
random,84.0,34.0,10.0,194,1,0.424711
random,84.0,34.0,12.0,194,1,0.38512
random,86.0,34.0,6.0,194,0,
random,86.0,34.0,8.0,194,0,
random,86.0,34.0,10.0,194,1,0.365308
random,86.0,34.0,12.0,194,1,0.353346
random,88.0,34.0,6.0,194,0,
random,88.0,34.0,8.0,194,0,
random,88.0,34.0,10.0,194,0,
random,88.0,34.0,12.0,194,1,0.295675
random,82.0,34.0,6.0,195,0,
random,82.0,34.0,8.0,195,0,
random,82.0,34.0,10.0,195,0,
random,82.0,34.0,12.0,195,0,
random,84.0,34.0,6.0,195,0,
random,84.0,34.0,8.0,195,0,
random,84.0,34.0,10.0,195,0,
random,84.0,34.0,12.0,195,0,
random,86.0,34.0,6.0,195,0,
random,86.0,34.0,8.0,195,0,
random,86.0,34.0,10.0,195,0,
random,86.0,34.0,12.0,195,0,
random,88.0,34.0,6.0,195,0,
random,88.0,34.0,8.0,195,0,
random,88.0,34.0,10.0,195,0,
random,88.0,34.0,12.0,195,0,
random,82.0,34.0,6.0,196,0,
random,82.0,34.0,8.0,196,1,0.149478
random,82.0,34.0,10.0,196,1,0.137802
random,82.0,34.0,12.0,196,1,0.154761
random,84.0,34.0,6.0,196,0,
random,84.0,34.0,8.0,196,0,
random,84.0,34.0,10.0,196,1,0.099046
random,84.0,34.0,12.0,196,1,0.100313
random,86.0,34.0,6.0,196,0,
random,86.0,34.0,8.0,196,0,
random,86.0,34.0,10.0,196,0,
random,86.0,34.0,12.0,196,1,0.071832
random,88.0,34.0,6.0,196,0,
random,88.0,34.0,8.0,196,0,
random,88.0,34.0,10.0,196,0,
random,88.0,34.0,12.0,196,0,
random,82.0,34.0,6.0,197,0,
random,82.0,34.0,8.0,197,1,0.109704
random,82.0,34.0,10.0,197,1,0.143611
random,82.0,34.0,12.0,197,1,0.166137
random,84.0,34.0,6.0,197,0,
random,84.0,34.0,8.0,197,0,
random,84.0,34.0,10.0,197,1,0.103265
random,84.0,34.0,12.0,197,1,0.12106
random,86.0,34.0,6.0,197,0,
random,86.0,34.0,8.0,197,0,
random,86.0,34.0,10.0,197,0,
random,86.0,34.0,12.0,197,1,0.083016
random,88.0,34.0,6.0,197,0,
random,88.0,34.0,8.0,197,0,
random,88.0,34.0,10.0,197,0,
random,88.0,34.0,12.0,197,0,
random,82.0,34.0,6.0,198,0,
random,82.0,34.0,8.0,198,0,
random,82.0,34.0,10.0,198,1,0.189123
random,82.0,34.0,12.0,198,1,0.17662
random,84.0,34.0,6.0,198,0,
random,84.0,34.0,8.0,198,0,
random,84.0,34.0,10.0,198,1,0.187172
random,84.0,34.0,12.0,198,1,0.168186
random,86.0,34.0,6.0,198,0,
random,86.0,34.0,8.0,198,0,
random,86.0,34.0,10.0,198,0,
random,86.0,34.0,12.0,198,1,0.162058
random,88.0,34.0,6.0,198,0,
random,88.0,34.0,8.0,198,0,
random,88.0,34.0,10.0,198,0,
random,88.0,34.0,12.0,198,0,
random,82.0,34.0,6.0,199,0,
random,82.0,34.0,8.0,199,0,
random,82.0,34.0,10.0,199,1,0.244789
random,82.0,34.0,12.0,199,1,0.21864
random,84.0,34.0,6.0,199,0,
random,84.0,34.0,8.0,199,0,
random,84.0,34.0,10.0,199,1,0.193872
random,84.0,34.0,12.0,199,1,0.183813
random,86.0,34.0,6.0,199,0,
random,86.0,34.0,8.0,199,0,
random,86.0,34.0,10.0,199,0,
random,86.0,34.0,12.0,199,1,0.14434
random,88.0,34.0,6.0,199,0,
random,88.0,34.0,8.0,199,0,
random,88.0,34.0,10.0,199,0,
random,88.0,34.0,12.0,199,0,
scripted,82.0,34.0,6.0,0,1,0.433556
scripted,82.0,34.0,8.0,0,1,0.474902
scripted,82.0,34.0,10.0,0,1,0.506806
scripted,82.0,34.0,12.0,0,1,0.497498
scripted,82.0,34.0,6.0,1,1,0.499169
scripted,82.0,34.0,8.0,1,1,0.521088
scripted,82.0,34.0,10.0,1,1,0.510596
scripted,82.0,34.0,12.0,1,1,0.517529
scripted,82.0,34.0,6.0,2,1,0.300598
scripted,82.0,34.0,8.0,2,1,0.295021
scripted,82.0,34.0,10.0,2,1,0.325255
scripted,82.0,34.0,12.0,2,1,0.354956
scripted,82.0,34.0,6.0,3,1,0.947988
scripted,82.0,34.0,8.0,3,1,0.839922
scripted,82.0,34.0,10.0,3,1,0.710277
scripted,82.0,34.0,12.0,3,1,0.663662
scripted,82.0,34.0,6.0,4,1,0.479011
scripted,82.0,34.0,8.0,4,1,0.510279
scripted,82.0,34.0,10.0,4,1,0.484655
scripted,82.0,34.0,12.0,4,1,0.460184
scripted,82.0,34.0,6.0,5,1,0.512825
scripted,82.0,34.0,8.0,5,1,0.507142
scripted,82.0,34.0,10.0,5,1,0.505954
scripted,82.0,34.0,12.0,5,1,0.499705
scripted,82.0,34.0,6.0,6,1,0.332657
scripted,82.0,34.0,8.0,6,1,0.331082
scripted,82.0,34.0,10.0,6,1,0.385985
scripted,82.0,34.0,12.0,6,1,0.410076
scripted,82.0,34.0,6.0,7,1,0.327148
scripted,82.0,34.0,8.0,7,1,0.243877
scripted,82.0,34.0,10.0,7,1,0.364738
scripted,82.0,34.0,12.0,7,1,0.353837
scripted,82.0,34.0,6.0,8,1,0.481821
scripted,82.0,34.0,8.0,8,1,0.523332
scripted,82.0,34.0,10.0,8,1,0.501633
scripted,82.0,34.0,12.0,8,1,0.486785
scripted,82.0,34.0,6.0,9,1,0.348033
scripted,82.0,34.0,8.0,9,1,0.390936
scripted,82.0,34.0,10.0,9,1,0.393409
scripted,82.0,34.0,12.0,9,1,0.406866
scripted,82.0,34.0,6.0,10,1,0.467588
scripted,82.0,34.0,8.0,10,1,0.577439
scripted,82.0,34.0,10.0,10,1,0.608897
scripted,82.0,34.0,12.0,10,1,0.613351
scripted,82.0,34.0,6.0,11,1,0.486527
scripted,82.0,34.0,8.0,11,1,0.511982
scripted,82.0,34.0,10.0,11,1,0.518349
scripted,82.0,34.0,12.0,11,1,0.523979
scripted,82.0,34.0,6.0,12,1,0.264466
scripted,82.0,34.0,8.0,12,1,0.292216
scripted,82.0,34.0,10.0,12,1,0.326293
scripted,82.0,34.0,12.0,12,1,0.362082
scripted,82.0,34.0,6.0,13,1,0.291891
scripted,82.0,34.0,8.0,13,1,0.381205
scripted,82.0,34.0,10.0,13,1,0.449176
scripted,82.0,34.0,12.0,13,1,0.47512
scripted,82.0,34.0,6.0,14,0,
scripted,82.0,34.0,8.0,14,0,
scripted,82.0,34.0,10.0,14,0,
scripted,82.0,34.0,12.0,14,0,
scripted,82.0,34.0,6.0,15,0,
scripted,82.0,34.0,8.0,15,0,
scripted,82.0,34.0,10.0,15,0,
scripted,82.0,34.0,12.0,15,0,
scripted,82.0,34.0,6.0,16,1,0.360988
scripted,82.0,34.0,8.0,16,1,0.369083
scripted,82.0,34.0,10.0,16,1,0.376122
scripted,82.0,34.0,12.0,16,1,0.407049
scripted,82.0,34.0,6.0,17,1,0.488241
scripted,82.0,34.0,8.0,17,1,0.52646
scripted,82.0,34.0,10.0,17,1,0.519583
scripted,82.0,34.0,12.0,17,1,0.502768
scripted,82.0,34.0,6.0,18,1,0.458412
scripted,82.0,34.0,8.0,18,1,0.362097
scripted,82.0,34.0,10.0,18,1,0.296767
scripted,82.0,34.0,12.0,18,1,0.278821
scripted,82.0,34.0,6.0,19,1,0.461808
scripted,82.0,34.0,8.0,19,1,0.544236
scripted,82.0,34.0,10.0,19,1,0.55737
scripted,82.0,34.0,12.0,19,1,0.569621
scripted,82.0,34.0,6.0,20,1,0.419425
scripted,82.0,34.0,8.0,20,1,0.521582
scripted,82.0,34.0,10.0,20,1,0.59864
scripted,82.0,34.0,12.0,20,1,0.602285
scripted,82.0,34.0,6.0,21,1,0.661591
scripted,82.0,34.0,8.0,21,1,0.612765
scripted,82.0,34.0,10.0,21,1,0.548602
scripted,82.0,34.0,12.0,21,1,0.513349
scripted,82.0,34.0,6.0,22,1,0.369611
scripted,82.0,34.0,8.0,22,1,0.396248
scripted,82.0,34.0,10.0,22,1,0.406441
scripted,82.0,34.0,12.0,22,1,0.427613
scripted,82.0,34.0,6.0,23,1,0.404465
scripted,82.0,34.0,8.0,23,1,0.468847
scripted,82.0,34.0,10.0,23,1,0.510137
scripted,82.0,34.0,12.0,23,1,0.511736
scripted,82.0,34.0,6.0,24,1,0.460995
scripted,82.0,34.0,8.0,24,1,0.475372
scripted,82.0,34.0,10.0,24,1,0.475914
scripted,82.0,34.0,12.0,24,1,0.451329
scripted,82.0,34.0,6.0,25,1,0.340738
scripted,82.0,34.0,8.0,25,1,0.468689
scripted,82.0,34.0,10.0,25,1,0.523676
scripted,82.0,34.0,12.0,25,1,0.543217
scripted,82.0,34.0,6.0,26,1,0.513681
scripted,82.0,34.0,8.0,26,1,0.492708
scripted,82.0,34.0,10.0,26,1,0.469389
scripted,82.0,34.0,12.0,26,1,0.457492
scripted,82.0,34.0,6.0,27,1,0.396791
scripted,82.0,34.0,8.0,27,1,0.413463
scripted,82.0,34.0,10.0,27,1,0.491295
scripted,82.0,34.0,12.0,27,1,0.526504
scripted,82.0,34.0,6.0,28,1,0.513099
scripted,82.0,34.0,8.0,28,1,0.621522
scripted,82.0,34.0,10.0,28,1,0.605439
scripted,82.0,34.0,12.0,28,1,0.572873
scripted,82.0,34.0,6.0,29,1,0.419455
scripted,82.0,34.0,8.0,29,1,0.446236
scripted,82.0,34.0,10.0,29,1,0.466897
scripted,82.0,34.0,12.0,29,1,0.457153
scripted,82.0,34.0,6.0,30,0,
scripted,82.0,34.0,8.0,30,0,
scripted,82.0,34.0,10.0,30,0,
scripted,82.0,34.0,12.0,30,1,0.338233
scripted,82.0,34.0,6.0,31,1,0.316502
scripted,82.0,34.0,8.0,31,1,0.352829
scripted,82.0,34.0,10.0,31,1,0.400137
scripted,82.0,34.0,12.0,31,1,0.428533
scripted,82.0,34.0,6.0,32,1,0.423416
scripted,82.0,34.0,8.0,32,1,0.487028
scripted,82.0,34.0,10.0,32,1,0.54443
scripted,82.0,34.0,12.0,32,1,0.543189
scripted,82.0,34.0,6.0,33,1,0.429902
scripted,82.0,34.0,8.0,33,1,0.431681
scripted,82.0,34.0,10.0,33,1,0.402153
scripted,82.0,34.0,12.0,33,1,0.400685
scripted,82.0,34.0,6.0,34,1,0.492828
scripted,82.0,34.0,8.0,34,1,0.530265
scripted,82.0,34.0,10.0,34,1,0.500261
scripted,82.0,34.0,12.0,34,1,0.470173
scripted,82.0,34.0,6.0,35,1,0.345774
scripted,82.0,34.0,8.0,35,1,0.371256
scripted,82.0,34.0,10.0,35,1,0.37553
scripted,82.0,34.0,12.0,35,1,0.370754
scripted,82.0,34.0,6.0,36,1,0.425614
scripted,82.0,34.0,8.0,36,1,0.481087
scripted,82.0,34.0,10.0,36,1,0.523297
scripted,82.0,34.0,12.0,36,1,0.533525
scripted,82.0,34.0,6.0,37,1,0.356238
scripted,82.0,34.0,8.0,37,1,0.461427
scripted,82.0,34.0,10.0,37,1,0.505387
scripted,82.0,34.0,12.0,37,1,0.533863
scripted,82.0,34.0,6.0,38,1,0.438216
scripted,82.0,34.0,8.0,38,1,0.493018
scripted,82.0,34.0,10.0,38,1,0.517592
scripted,82.0,34.0,12.0,38,1,0.533881
scripted,82.0,34.0,6.0,39,1,0.490404
scripted,82.0,34.0,8.0,39,1,0.515488
scripted,82.0,34.0,10.0,39,1,0.490383
scripted,82.0,34.0,12.0,39,1,0.459363
scripted,82.0,34.0,6.0,40,1,0.281213
scripted,82.0,34.0,8.0,40,1,0.335229
scripted,82.0,34.0,10.0,40,1,0.372448
scripted,82.0,34.0,12.0,40,1,0.385271
scripted,82.0,34.0,6.0,41,1,0.516803
scripted,82.0,34.0,8.0,41,1,0.60208
scripted,82.0,34.0,10.0,41,1,0.642464
scripted,82.0,34.0,12.0,41,1,0.616
scripted,82.0,34.0,6.0,42,0,
scripted,82.0,34.0,8.0,42,0,
scripted,82.0,34.0,10.0,42,0,
scripted,82.0,34.0,12.0,42,0,
scripted,82.0,34.0,6.0,43,1,0.609985
scripted,82.0,34.0,8.0,43,1,0.549083
scripted,82.0,34.0,10.0,43,1,0.526751
scripted,82.0,34.0,12.0,43,1,0.497152
scripted,82.0,34.0,6.0,44,1,0.47797
scripted,82.0,34.0,8.0,44,1,0.529407
scripted,82.0,34.0,10.0,44,1,0.566081
scripted,82.0,34.0,12.0,44,1,0.569563
scripted,82.0,34.0,6.0,45,1,0.438979
scripted,82.0,34.0,8.0,45,1,0.467845
scripted,82.0,34.0,10.0,45,1,0.475439
scripted,82.0,34.0,12.0,45,1,0.455819
scripted,82.0,34.0,6.0,46,1,0.464663
scripted,82.0,34.0,8.0,46,1,0.542474
scripted,82.0,34.0,10.0,46,1,0.558973
scripted,82.0,34.0,12.0,46,1,0.565103
scripted,82.0,34.0,6.0,47,1,0.533427
scripted,82.0,34.0,8.0,47,1,0.542672
scripted,82.0,34.0,10.0,47,1,0.537893
scripted,82.0,34.0,12.0,47,1,0.514423
scripted,82.0,34.0,6.0,48,1,0.418335
scripted,82.0,34.0,8.0,48,1,0.457535
scripted,82.0,34.0,10.0,48,1,0.473135
scripted,82.0,34.0,12.0,48,1,0.474276
scripted,82.0,34.0,6.0,49,1,0.953702
scripted,82.0,34.0,8.0,49,1,0.853583
scripted,82.0,34.0,10.0,49,1,0.733683
scripted,82.0,34.0,12.0,49,1,0.643524
scripted,82.0,34.0,6.0,50,1,0.506197
scripted,82.0,34.0,8.0,50,1,0.528442
scripted,82.0,34.0,10.0,50,1,0.55483
scripted,82.0,34.0,12.0,50,1,0.557112
scripted,82.0,34.0,6.0,51,1,0.315484
scripted,82.0,34.0,8.0,51,1,0.327133
scripted,82.0,34.0,10.0,51,1,0.365643
scripted,82.0,34.0,12.0,51,1,0.399173
scripted,82.0,34.0,6.0,52,1,0.456929
scripted,82.0,34.0,8.0,52,1,0.48601
scripted,82.0,34.0,10.0,52,1,0.505674
scripted,82.0,34.0,12.0,52,1,0.490365
scripted,82.0,34.0,6.0,53,1,0.469293
scripted,82.0,34.0,8.0,53,1,0.498916
scripted,82.0,34.0,10.0,53,1,0.542077
scripted,82.0,34.0,12.0,53,1,0.573144
scripted,82.0,34.0,6.0,54,1,0.335088
scripted,82.0,34.0,8.0,54,1,0.362258
scripted,82.0,34.0,10.0,54,1,0.404492
scripted,82.0,34.0,12.0,54,1,0.436436
scripted,82.0,34.0,6.0,55,1,0.457918
scripted,82.0,34.0,8.0,55,1,0.551849
scripted,82.0,34.0,10.0,55,1,0.604723
scripted,82.0,34.0,12.0,55,1,0.598986
scripted,82.0,34.0,6.0,56,1,0.574261
scripted,82.0,34.0,8.0,56,1,0.646028
scripted,82.0,34.0,10.0,56,1,0.706825
scripted,82.0,34.0,12.0,56,1,0.709039
scripted,82.0,34.0,6.0,57,1,0.511616
scripted,82.0,34.0,8.0,57,1,0.609956
scripted,82.0,34.0,10.0,57,1,0.6852
scripted,82.0,34.0,12.0,57,1,0.697857
scripted,82.0,34.0,6.0,58,1,0.425403
scripted,82.0,34.0,8.0,58,1,0.487122
scripted,82.0,34.0,10.0,58,1,0.513025
scripted,82.0,34.0,12.0,58,1,0.51723
scripted,82.0,34.0,6.0,59,1,0.696001
scripted,82.0,34.0,8.0,59,1,0.701009
scripted,82.0,34.0,10.0,59,1,0.677428
scripted,82.0,34.0,12.0,59,1,0.672839
scripted,82.0,34.0,6.0,60,1,0.423705
scripted,82.0,34.0,8.0,60,1,0.444192
scripted,82.0,34.0,10.0,60,1,0.411562
scripted,82.0,34.0,12.0,60,1,0.399557
scripted,82.0,34.0,6.0,61,1,0.382472
scripted,82.0,34.0,8.0,61,1,0.391309
scripted,82.0,34.0,10.0,61,1,0.362997
scripted,82.0,34.0,12.0,61,1,0.355526
scripted,82.0,34.0,6.0,62,1,0.762816
scripted,82.0,34.0,8.0,62,1,0.731503
scripted,82.0,34.0,10.0,62,1,0.704389
scripted,82.0,34.0,12.0,62,1,0.694633
scripted,82.0,34.0,6.0,63,0,
scripted,82.0,34.0,8.0,63,0,
scripted,82.0,34.0,10.0,63,0,
scripted,82.0,34.0,12.0,63,0,
scripted,82.0,34.0,6.0,64,1,0.479711
scripted,82.0,34.0,8.0,64,1,0.491014
scripted,82.0,34.0,10.0,64,1,0.520772
scripted,82.0,34.0,12.0,64,1,0.543023
scripted,82.0,34.0,6.0,65,1,0.437679
scripted,82.0,34.0,8.0,65,1,0.501029
scripted,82.0,34.0,10.0,65,1,0.505806
scripted,82.0,34.0,12.0,65,1,0.490568
scripted,82.0,34.0,6.0,66,0,
scripted,82.0,34.0,8.0,66,1,0.441107
scripted,82.0,34.0,10.0,66,1,0.419442
scripted,82.0,34.0,12.0,66,1,0.444662
scripted,82.0,34.0,6.0,67,1,0.415469
scripted,82.0,34.0,8.0,67,1,0.508093
scripted,82.0,34.0,10.0,67,1,0.556703
scripted,82.0,34.0,12.0,67,1,0.57075
scripted,82.0,34.0,6.0,68,1,0.42832
scripted,82.0,34.0,8.0,68,1,0.534194
scripted,82.0,34.0,10.0,68,1,0.56177
scripted,82.0,34.0,12.0,68,1,0.598619
scripted,82.0,34.0,6.0,69,1,0.422334
scripted,82.0,34.0,8.0,69,1,0.441749
scripted,82.0,34.0,10.0,69,1,0.441186
scripted,82.0,34.0,12.0,69,1,0.459608
scripted,82.0,34.0,6.0,70,1,0.350944
scripted,82.0,34.0,8.0,70,1,0.358673
scripted,82.0,34.0,10.0,70,1,0.386903
scripted,82.0,34.0,12.0,70,1,0.44851
scripted,82.0,34.0,6.0,71,1,0.300405
scripted,82.0,34.0,8.0,71,1,0.330963
scripted,82.0,34.0,10.0,71,1,0.339675
scripted,82.0,34.0,12.0,71,1,0.337137
scripted,82.0,34.0,6.0,72,1,0.383169
scripted,82.0,34.0,8.0,72,1,0.427042
scripted,82.0,34.0,10.0,72,1,0.487353
scripted,82.0,34.0,12.0,72,1,0.511016
scripted,82.0,34.0,6.0,73,1,0.585384
scripted,82.0,34.0,8.0,73,1,0.522466
scripted,82.0,34.0,10.0,73,1,0.459384
scripted,82.0,34.0,12.0,73,1,0.441059
scripted,82.0,34.0,6.0,74,1,0.485458
scripted,82.0,34.0,8.0,74,1,0.499935
scripted,82.0,34.0,10.0,74,1,0.506594
scripted,82.0,34.0,12.0,74,1,0.49388
scripted,82.0,34.0,6.0,75,1,0.448553
scripted,82.0,34.0,8.0,75,1,0.471057
scripted,82.0,34.0,10.0,75,1,0.489995
scripted,82.0,34.0,12.0,75,1,0.486448
scripted,82.0,34.0,6.0,76,1,0.610044
scripted,82.0,34.0,8.0,76,1,0.690358
scripted,82.0,34.0,10.0,76,1,0.666636
scripted,82.0,34.0,12.0,76,1,0.642523
scripted,82.0,34.0,6.0,77,1,0.362805
scripted,82.0,34.0,8.0,77,1,0.427612
scripted,82.0,34.0,10.0,77,1,0.478623
scripted,82.0,34.0,12.0,77,1,0.49707
scripted,82.0,34.0,6.0,78,1,0.40587
scripted,82.0,34.0,8.0,78,1,0.429369
scripted,82.0,34.0,10.0,78,1,0.422154
scripted,82.0,34.0,12.0,78,1,0.408423
scripted,82.0,34.0,6.0,79,1,0.433523
scripted,82.0,34.0,8.0,79,1,0.501113
scripted,82.0,34.0,10.0,79,1,0.594539
scripted,82.0,34.0,12.0,79,1,0.672285
scripted,82.0,34.0,6.0,80,1,0.425065
scripted,82.0,34.0,8.0,80,1,0.44942
scripted,82.0,34.0,10.0,80,1,0.4719
scripted,82.0,34.0,12.0,80,1,0.474105
scripted,82.0,34.0,6.0,81,1,0.362801
scripted,82.0,34.0,8.0,81,1,0.455937
scripted,82.0,34.0,10.0,81,1,0.488623
scripted,82.0,34.0,12.0,81,1,0.533226
scripted,82.0,34.0,6.0,82,0,
scripted,82.0,34.0,8.0,82,0,
scripted,82.0,34.0,10.0,82,0,
scripted,82.0,34.0,12.0,82,1,0.435872
scripted,82.0,34.0,6.0,83,1,0.568547
scripted,82.0,34.0,8.0,83,1,0.505945
scripted,82.0,34.0,10.0,83,1,0.524706
scripted,82.0,34.0,12.0,83,1,0.508258
scripted,82.0,34.0,6.0,84,1,0.539545
scripted,82.0,34.0,8.0,84,1,0.46445
scripted,82.0,34.0,10.0,84,1,0.519859
scripted,82.0,34.0,12.0,84,1,0.538067
scripted,82.0,34.0,6.0,85,1,0.510636
scripted,82.0,34.0,8.0,85,1,0.552149
scripted,82.0,34.0,10.0,85,1,0.556554
scripted,82.0,34.0,12.0,85,1,0.563393
scripted,82.0,34.0,6.0,86,1,0.362997
scripted,82.0,34.0,8.0,86,1,0.407236
scripted,82.0,34.0,10.0,86,1,0.473872
scripted,82.0,34.0,12.0,86,1,0.485962
scripted,82.0,34.0,6.0,87,1,0.330691
scripted,82.0,34.0,8.0,87,1,0.354053
scripted,82.0,34.0,10.0,87,1,0.369962
scripted,82.0,34.0,12.0,87,1,0.38589
scripted,82.0,34.0,6.0,88,1,0.477352
scripted,82.0,34.0,8.0,88,1,0.544986
scripted,82.0,34.0,10.0,88,1,0.576374
scripted,82.0,34.0,12.0,88,1,0.590565
scripted,82.0,34.0,6.0,89,1,0.395178
scripted,82.0,34.0,8.0,89,1,0.471575
scripted,82.0,34.0,10.0,89,1,0.456533
scripted,82.0,34.0,12.0,89,1,0.447516
scripted,82.0,34.0,6.0,90,1,0.454395
scripted,82.0,34.0,8.0,90,1,0.494478
scripted,82.0,34.0,10.0,90,1,0.506556
scripted,82.0,34.0,12.0,90,1,0.505378
scripted,82.0,34.0,6.0,91,1,0.31217
scripted,82.0,34.0,8.0,91,1,0.322568
scripted,82.0,34.0,10.0,91,1,0.388456
scripted,82.0,34.0,12.0,91,1,0.414833
scripted,82.0,34.0,6.0,92,1,0.486497
scripted,82.0,34.0,8.0,92,1,0.514721
scripted,82.0,34.0,10.0,92,1,0.495125
scripted,82.0,34.0,12.0,92,1,0.484382
scripted,82.0,34.0,6.0,93,1,0.450005
scripted,82.0,34.0,8.0,93,1,0.486643
scripted,82.0,34.0,10.0,93,1,0.518067
scripted,82.0,34.0,12.0,93,1,0.534956
scripted,82.0,34.0,6.0,94,1,0.339984
scripted,82.0,34.0,8.0,94,1,0.41762
scripted,82.0,34.0,10.0,94,1,0.477882
scripted,82.0,34.0,12.0,94,1,0.49926
scripted,82.0,34.0,6.0,95,1,0.474735
scripted,82.0,34.0,8.0,95,1,0.534513
scripted,82.0,34.0,10.0,95,1,0.565485
scripted,82.0,34.0,12.0,95,1,0.595052
scripted,82.0,34.0,6.0,96,1,0.524647
scripted,82.0,34.0,8.0,96,1,0.411954
scripted,82.0,34.0,10.0,96,1,0.326676
scripted,82.0,34.0,12.0,96,1,0.28348
scripted,82.0,34.0,6.0,97,1,0.467709
scripted,82.0,34.0,8.0,97,1,0.421427
scripted,82.0,34.0,10.0,97,1,0.35907
scripted,82.0,34.0,12.0,97,1,0.366012
scripted,82.0,34.0,6.0,98,1,0.350989
scripted,82.0,34.0,8.0,98,1,0.407298
scripted,82.0,34.0,10.0,98,1,0.45841
scripted,82.0,34.0,12.0,98,1,0.476335
scripted,82.0,34.0,6.0,99,1,0.540683
scripted,82.0,34.0,8.0,99,1,0.5287
scripted,82.0,34.0,10.0,99,1,0.528393
scripted,82.0,34.0,12.0,99,1,0.52329
scripted,82.0,34.0,6.0,100,1,0.387495
scripted,82.0,34.0,8.0,100,1,0.410352
scripted,82.0,34.0,10.0,100,1,0.387635
scripted,82.0,34.0,12.0,100,1,0.386378
scripted,82.0,34.0,6.0,101,1,0.422744
scripted,82.0,34.0,8.0,101,1,0.498675
scripted,82.0,34.0,10.0,101,1,0.563885
scripted,82.0,34.0,12.0,101,1,0.578499
scripted,82.0,34.0,6.0,102,1,0.527434
scripted,82.0,34.0,8.0,102,1,0.589705
scripted,82.0,34.0,10.0,102,1,0.638003
scripted,82.0,34.0,12.0,102,1,0.66751
scripted,82.0,34.0,6.0,103,1,0.523973
scripted,82.0,34.0,8.0,103,1,0.552563
scripted,82.0,34.0,10.0,103,1,0.570286
scripted,82.0,34.0,12.0,103,1,0.590845
scripted,82.0,34.0,6.0,104,0,
scripted,82.0,34.0,8.0,104,0,
scripted,82.0,34.0,10.0,104,0,
scripted,82.0,34.0,12.0,104,0,
scripted,82.0,34.0,6.0,105,1,0.515923
scripted,82.0,34.0,8.0,105,1,0.612491
scripted,82.0,34.0,10.0,105,1,0.635613
scripted,82.0,34.0,12.0,105,1,0.626486
scripted,82.0,34.0,6.0,106,1,0.389209
scripted,82.0,34.0,8.0,106,1,0.429258
scripted,82.0,34.0,10.0,106,1,0.440138
scripted,82.0,34.0,12.0,106,1,0.444148
scripted,82.0,34.0,6.0,107,1,0.457567
scripted,82.0,34.0,8.0,107,1,0.550875
scripted,82.0,34.0,10.0,107,1,0.595953
scripted,82.0,34.0,12.0,107,1,0.594774
scripted,82.0,34.0,6.0,108,1,0.344378
scripted,82.0,34.0,8.0,108,1,0.358008
scripted,82.0,34.0,10.0,108,1,0.375651
scripted,82.0,34.0,12.0,108,1,0.403727
scripted,82.0,34.0,6.0,109,1,0.411982
scripted,82.0,34.0,8.0,109,1,0.440663
scripted,82.0,34.0,10.0,109,1,0.437277
scripted,82.0,34.0,12.0,109,1,0.438995
scripted,82.0,34.0,6.0,110,1,0.464993
scripted,82.0,34.0,8.0,110,1,0.56088
scripted,82.0,34.0,10.0,110,1,0.619606
scripted,82.0,34.0,12.0,110,1,0.622405
scripted,82.0,34.0,6.0,111,1,0.524558
scripted,82.0,34.0,8.0,111,1,0.591563
scripted,82.0,34.0,10.0,111,1,0.634528
scripted,82.0,34.0,12.0,111,1,0.643021
scripted,82.0,34.0,6.0,112,1,0.405887
scripted,82.0,34.0,8.0,112,1,0.460331
scripted,82.0,34.0,10.0,112,1,0.464679
scripted,82.0,34.0,12.0,112,1,0.441969
scripted,82.0,34.0,6.0,113,1,0.398807
scripted,82.0,34.0,8.0,113,1,0.454268
scripted,82.0,34.0,10.0,113,1,0.450074
scripted,82.0,34.0,12.0,113,1,0.446829
scripted,82.0,34.0,6.0,114,1,0.46931
scripted,82.0,34.0,8.0,114,1,0.521156
scripted,82.0,34.0,10.0,114,1,0.527632
scripted,82.0,34.0,12.0,114,1,0.540951
scripted,82.0,34.0,6.0,115,1,0.252566
scripted,82.0,34.0,8.0,115,1,0.27695
scripted,82.0,34.0,10.0,115,1,0.297809
scripted,82.0,34.0,12.0,115,1,0.318977
scripted,82.0,34.0,6.0,116,1,0.371046
scripted,82.0,34.0,8.0,116,1,0.413361
scripted,82.0,34.0,10.0,116,1,0.428362
scripted,82.0,34.0,12.0,116,1,0.448319
scripted,82.0,34.0,6.0,117,0,
scripted,82.0,34.0,8.0,117,0,
scripted,82.0,34.0,10.0,117,0,
scripted,82.0,34.0,12.0,117,0,
scripted,82.0,34.0,6.0,118,1,0.350216
scripted,82.0,34.0,8.0,118,1,0.359236
scripted,82.0,34.0,10.0,118,1,0.39447
scripted,82.0,34.0,12.0,118,1,0.412497
scripted,82.0,34.0,6.0,119,1,0.578214
scripted,82.0,34.0,8.0,119,1,0.490608
scripted,82.0,34.0,10.0,119,1,0.460822
scripted,82.0,34.0,12.0,119,1,0.480734
scripted,82.0,34.0,6.0,120,1,0.351457
scripted,82.0,34.0,8.0,120,1,0.372951
scripted,82.0,34.0,10.0,120,1,0.427815
scripted,82.0,34.0,12.0,120,1,0.434123
scripted,82.0,34.0,6.0,121,1,0.265478
scripted,82.0,34.0,8.0,121,1,0.364043
scripted,82.0,34.0,10.0,121,1,0.414321
scripted,82.0,34.0,12.0,121,1,0.468171
scripted,82.0,34.0,6.0,122,0,
scripted,82.0,34.0,8.0,122,0,
scripted,82.0,34.0,10.0,122,0,
scripted,82.0,34.0,12.0,122,0,
scripted,82.0,34.0,6.0,123,1,0.449928
scripted,82.0,34.0,8.0,123,1,0.4474
scripted,82.0,34.0,10.0,123,1,0.423026
scripted,82.0,34.0,12.0,123,1,0.41845
scripted,82.0,34.0,6.0,124,1,0.286196
scripted,82.0,34.0,8.0,124,1,0.285823
scripted,82.0,34.0,10.0,124,1,0.30269
scripted,82.0,34.0,12.0,124,1,0.3222
scripted,82.0,34.0,6.0,125,1,0.324753
scripted,82.0,34.0,8.0,125,1,0.391546
scripted,82.0,34.0,10.0,125,1,0.460387
scripted,82.0,34.0,12.0,125,1,0.492861
scripted,82.0,34.0,6.0,126,1,0.274317
scripted,82.0,34.0,8.0,126,1,0.34154
scripted,82.0,34.0,10.0,126,1,0.374954
scripted,82.0,34.0,12.0,126,1,0.390958
scripted,82.0,34.0,6.0,127,1,0.342118
scripted,82.0,34.0,8.0,127,1,0.443369
scripted,82.0,34.0,10.0,127,1,0.519542
scripted,82.0,34.0,12.0,127,1,0.540051
scripted,82.0,34.0,6.0,128,1,0.456118
scripted,82.0,34.0,8.0,128,1,0.452291
scripted,82.0,34.0,10.0,128,1,0.467127
scripted,82.0,34.0,12.0,128,1,0.473139
scripted,82.0,34.0,6.0,129,1,0.447718
scripted,82.0,34.0,8.0,129,1,0.501526
scripted,82.0,34.0,10.0,129,1,0.555128
scripted,82.0,34.0,12.0,129,1,0.559695
scripted,82.0,34.0,6.0,130,1,0.46296
scripted,82.0,34.0,8.0,130,1,0.509504
scripted,82.0,34.0,10.0,130,1,0.484865
scripted,82.0,34.0,12.0,130,1,0.469802
scripted,82.0,34.0,6.0,131,1,0.272024
scripted,82.0,34.0,8.0,131,1,0.320987
scripted,82.0,34.0,10.0,131,1,0.369204
scripted,82.0,34.0,12.0,131,1,0.406687
scripted,82.0,34.0,6.0,132,1,0.528904
scripted,82.0,34.0,8.0,132,1,0.546637
scripted,82.0,34.0,10.0,132,1,0.592173
scripted,82.0,34.0,12.0,132,1,0.604877
scripted,82.0,34.0,6.0,133,1,0.424465
scripted,82.0,34.0,8.0,133,1,0.400096
scripted,82.0,34.0,10.0,133,1,0.379715
scripted,82.0,34.0,12.0,133,1,0.401977
scripted,82.0,34.0,6.0,134,1,0.351783
scripted,82.0,34.0,8.0,134,1,0.475468
scripted,82.0,34.0,10.0,134,1,0.490437
scripted,82.0,34.0,12.0,134,1,0.485259
scripted,82.0,34.0,6.0,135,1,0.622164
scripted,82.0,34.0,8.0,135,1,0.521176
scripted,82.0,34.0,10.0,135,1,0.455063
scripted,82.0,34.0,12.0,135,1,0.444034
scripted,82.0,34.0,6.0,136,1,0.34611
scripted,82.0,34.0,8.0,136,1,0.381003
scripted,82.0,34.0,10.0,136,1,0.420234
scripted,82.0,34.0,12.0,136,1,0.452741
scripted,82.0,34.0,6.0,137,1,0.408215
scripted,82.0,34.0,8.0,137,1,0.422264
scripted,82.0,34.0,10.0,137,1,0.456673
scripted,82.0,34.0,12.0,137,1,0.497634
scripted,82.0,34.0,6.0,138,1,0.288498
scripted,82.0,34.0,8.0,138,1,0.277502
scripted,82.0,34.0,10.0,138,1,0.280535
scripted,82.0,34.0,12.0,138,1,0.295605
scripted,82.0,34.0,6.0,139,1,0.266933
scripted,82.0,34.0,8.0,139,1,0.311857
scripted,82.0,34.0,10.0,139,1,0.36569
scripted,82.0,34.0,12.0,139,1,0.400351
scripted,82.0,34.0,6.0,140,1,0.312357
scripted,82.0,34.0,8.0,140,1,0.35137
scripted,82.0,34.0,10.0,140,1,0.425325
scripted,82.0,34.0,12.0,140,1,0.48031
scripted,82.0,34.0,6.0,141,1,0.578929
scripted,82.0,34.0,8.0,141,1,0.654997
scripted,82.0,34.0,10.0,141,1,0.703226
scripted,82.0,34.0,12.0,141,1,0.69981
scripted,82.0,34.0,6.0,142,1,0.346442
scripted,82.0,34.0,8.0,142,1,0.424096
scripted,82.0,34.0,10.0,142,1,0.478796
scripted,82.0,34.0,12.0,142,1,0.477811
scripted,82.0,34.0,6.0,143,1,0.463892
scripted,82.0,34.0,8.0,143,1,0.531479
scripted,82.0,34.0,10.0,143,1,0.547103
scripted,82.0,34.0,12.0,143,1,0.529841
scripted,82.0,34.0,6.0,144,1,0.442081
scripted,82.0,34.0,8.0,144,1,0.425406
scripted,82.0,34.0,10.0,144,1,0.423473
scripted,82.0,34.0,12.0,144,1,0.426691
scripted,82.0,34.0,6.0,145,1,0.431075
scripted,82.0,34.0,8.0,145,1,0.527646
scripted,82.0,34.0,10.0,145,1,0.549308
scripted,82.0,34.0,12.0,145,1,0.518717
scripted,82.0,34.0,6.0,146,1,0.579102
scripted,82.0,34.0,8.0,146,1,0.579977
scripted,82.0,34.0,10.0,146,1,0.547629
scripted,82.0,34.0,12.0,146,1,0.534041
scripted,82.0,34.0,6.0,147,1,0.469019
scripted,82.0,34.0,8.0,147,1,0.499189
scripted,82.0,34.0,10.0,147,1,0.465636
scripted,82.0,34.0,12.0,147,1,0.454469
scripted,82.0,34.0,6.0,148,1,0.486213
scripted,82.0,34.0,8.0,148,1,0.491264
scripted,82.0,34.0,10.0,148,1,0.515176
scripted,82.0,34.0,12.0,148,1,0.513625
scripted,82.0,34.0,6.0,149,1,0.615597
scripted,82.0,34.0,8.0,149,1,0.625253
scripted,82.0,34.0,10.0,149,1,0.615404
scripted,82.0,34.0,12.0,149,1,0.596634
scripted,82.0,34.0,6.0,150,1,0.421265
scripted,82.0,34.0,8.0,150,1,0.440871
scripted,82.0,34.0,10.0,150,1,0.454425
scripted,82.0,34.0,12.0,150,1,0.446954
scripted,82.0,34.0,6.0,151,1,0.502088
scripted,82.0,34.0,8.0,151,1,0.532813
scripted,82.0,34.0,10.0,151,1,0.555492
scripted,82.0,34.0,12.0,151,1,0.587884
scripted,82.0,34.0,6.0,152,1,0.435965
scripted,82.0,34.0,8.0,152,1,0.487158
scripted,82.0,34.0,10.0,152,1,0.536939
scripted,82.0,34.0,12.0,152,1,0.551233
scripted,82.0,34.0,6.0,153,1,0.457936
scripted,82.0,34.0,8.0,153,1,0.462603
scripted,82.0,34.0,10.0,153,1,0.507372
scripted,82.0,34.0,12.0,153,1,0.546032
scripted,82.0,34.0,6.0,154,1,0.372726
scripted,82.0,34.0,8.0,154,1,0.469795
scripted,82.0,34.0,10.0,154,1,0.475356
scripted,82.0,34.0,12.0,154,1,0.463877
scripted,82.0,34.0,6.0,155,1,0.528283
scripted,82.0,34.0,8.0,155,1,0.573201
scripted,82.0,34.0,10.0,155,1,0.587952
scripted,82.0,34.0,12.0,155,1,0.595585
scripted,82.0,34.0,6.0,156,1,0.304447
scripted,82.0,34.0,8.0,156,1,0.355541
scripted,82.0,34.0,10.0,156,1,0.38671
scripted,82.0,34.0,12.0,156,1,0.393725
scripted,82.0,34.0,6.0,157,1,0.350051
scripted,82.0,34.0,8.0,157,1,0.405075
scripted,82.0,34.0,10.0,157,1,0.423256
scripted,82.0,34.0,12.0,157,1,0.432406
scripted,82.0,34.0,6.0,158,1,0.950691
scripted,82.0,34.0,8.0,158,1,0.915835
scripted,82.0,34.0,10.0,158,1,0.876781
scripted,82.0,34.0,12.0,158,1,0.826131
scripted,82.0,34.0,6.0,159,1,0.484019
scripted,82.0,34.0,8.0,159,1,0.535178
scripted,82.0,34.0,10.0,159,1,0.564836
scripted,82.0,34.0,12.0,159,1,0.572557
scripted,82.0,34.0,6.0,160,1,0.553299
scripted,82.0,34.0,8.0,160,1,0.513036
scripted,82.0,34.0,10.0,160,1,0.451802
scripted,82.0,34.0,12.0,160,1,0.411489
scripted,82.0,34.0,6.0,161,1,0.434495
scripted,82.0,34.0,8.0,161,1,0.413178
scripted,82.0,34.0,10.0,161,1,0.369904
scripted,82.0,34.0,12.0,161,1,0.364694
scripted,82.0,34.0,6.0,162,1,0.402898
scripted,82.0,34.0,8.0,162,1,0.463204
scripted,82.0,34.0,10.0,162,1,0.518609
scripted,82.0,34.0,12.0,162,1,0.539698
scripted,82.0,34.0,6.0,163,1,0.436292
scripted,82.0,34.0,8.0,163,1,0.499665
scripted,82.0,34.0,10.0,163,1,0.485707
scripted,82.0,34.0,12.0,163,1,0.44355
scripted,82.0,34.0,6.0,164,0,
scripted,82.0,34.0,8.0,164,0,
scripted,82.0,34.0,10.0,164,0,
scripted,82.0,34.0,12.0,164,0,
scripted,82.0,34.0,6.0,165,1,0.288176
scripted,82.0,34.0,8.0,165,1,0.293794
scripted,82.0,34.0,10.0,165,1,0.335147
scripted,82.0,34.0,12.0,165,1,0.38371
scripted,82.0,34.0,6.0,166,1,0.498741
scripted,82.0,34.0,8.0,166,1,0.643099
scripted,82.0,34.0,10.0,166,1,0.674997
scripted,82.0,34.0,12.0,166,1,0.681048
scripted,82.0,34.0,6.0,167,1,0.290796
scripted,82.0,34.0,8.0,167,1,0.322715
scripted,82.0,34.0,10.0,167,1,0.379952
scripted,82.0,34.0,12.0,167,1,0.391312
scripted,82.0,34.0,6.0,168,1,0.541762
scripted,82.0,34.0,8.0,168,1,0.61097
scripted,82.0,34.0,10.0,168,1,0.626401
scripted,82.0,34.0,12.0,168,1,0.601433
scripted,82.0,34.0,6.0,169,1,0.634238
scripted,82.0,34.0,8.0,169,1,0.637794
scripted,82.0,34.0,10.0,169,1,0.632906
scripted,82.0,34.0,12.0,169,1,0.628778
scripted,82.0,34.0,6.0,170,1,0.534686
scripted,82.0,34.0,8.0,170,1,0.599701
scripted,82.0,34.0,10.0,170,1,0.60632
scripted,82.0,34.0,12.0,170,1,0.588193
scripted,82.0,34.0,6.0,171,1,0.476853
scripted,82.0,34.0,8.0,171,1,0.536989
scripted,82.0,34.0,10.0,171,1,0.553233
scripted,82.0,34.0,12.0,171,1,0.533531
scripted,82.0,34.0,6.0,172,1,0.335504
scripted,82.0,34.0,8.0,172,1,0.379549
scripted,82.0,34.0,10.0,172,1,0.395029
scripted,82.0,34.0,12.0,172,1,0.395028
scripted,82.0,34.0,6.0,173,1,0.454164
scripted,82.0,34.0,8.0,173,1,0.442736
scripted,82.0,34.0,10.0,173,1,0.45713
scripted,82.0,34.0,12.0,173,1,0.473921
scripted,82.0,34.0,6.0,174,0,
scripted,82.0,34.0,8.0,174,0,
scripted,82.0,34.0,10.0,174,1,0.348674
scripted,82.0,34.0,12.0,174,1,0.396732
scripted,82.0,34.0,6.0,175,1,0.493108
scripted,82.0,34.0,8.0,175,1,0.589073
scripted,82.0,34.0,10.0,175,1,0.644944
scripted,82.0,34.0,12.0,175,1,0.629038
scripted,82.0,34.0,6.0,176,1,0.443216
scripted,82.0,34.0,8.0,176,1,0.456526
scripted,82.0,34.0,10.0,176,1,0.501005
scripted,82.0,34.0,12.0,176,1,0.486466
scripted,82.0,34.0,6.0,177,1,0.410549
scripted,82.0,34.0,8.0,177,1,0.503259
scripted,82.0,34.0,10.0,177,1,0.571963
scripted,82.0,34.0,12.0,177,1,0.638822
scripted,82.0,34.0,6.0,178,1,0.452516
scripted,82.0,34.0,8.0,178,1,0.458716
scripted,82.0,34.0,10.0,178,1,0.433732
scripted,82.0,34.0,12.0,178,1,0.433321
scripted,82.0,34.0,6.0,179,1,0.374901
scripted,82.0,34.0,8.0,179,1,0.446352
scripted,82.0,34.0,10.0,179,1,0.48272
scripted,82.0,34.0,12.0,179,1,0.500017
scripted,82.0,34.0,6.0,180,0,
scripted,82.0,34.0,8.0,180,0,
scripted,82.0,34.0,10.0,180,0,
scripted,82.0,34.0,12.0,180,1,0.584097
scripted,82.0,34.0,6.0,181,1,0.554007
scripted,82.0,34.0,8.0,181,1,0.646217
scripted,82.0,34.0,10.0,181,1,0.651234
scripted,82.0,34.0,12.0,181,1,0.597951
scripted,82.0,34.0,6.0,182,1,0.476599
scripted,82.0,34.0,8.0,182,1,0.475478
scripted,82.0,34.0,10.0,182,1,0.464344
scripted,82.0,34.0,12.0,182,1,0.457435
scripted,82.0,34.0,6.0,183,1,0.521667
scripted,82.0,34.0,8.0,183,1,0.568969
scripted,82.0,34.0,10.0,183,1,0.555565
scripted,82.0,34.0,12.0,183,1,0.517895
scripted,82.0,34.0,6.0,184,1,0.398264
scripted,82.0,34.0,8.0,184,1,0.431682
scripted,82.0,34.0,10.0,184,1,0.427908
scripted,82.0,34.0,12.0,184,1,0.443393
scripted,82.0,34.0,6.0,185,1,0.42484
scripted,82.0,34.0,8.0,185,1,0.472245
scripted,82.0,34.0,10.0,185,1,0.485418
scripted,82.0,34.0,12.0,185,1,0.468318
scripted,82.0,34.0,6.0,186,1,0.312467
scripted,82.0,34.0,8.0,186,1,0.317255
scripted,82.0,34.0,10.0,186,1,0.345899
scripted,82.0,34.0,12.0,186,1,0.385974
scripted,82.0,34.0,6.0,187,1,0.328824
scripted,82.0,34.0,8.0,187,1,0.415399
scripted,82.0,34.0,10.0,187,1,0.469019
scripted,82.0,34.0,12.0,187,1,0.472209
scripted,82.0,34.0,6.0,188,1,0.316168
scripted,82.0,34.0,8.0,188,1,0.364431
scripted,82.0,34.0,10.0,188,1,0.386904
scripted,82.0,34.0,12.0,188,1,0.394793
scripted,82.0,34.0,6.0,189,1,0.651254
scripted,82.0,34.0,8.0,189,1,0.641142
scripted,82.0,34.0,10.0,189,1,0.621192
scripted,82.0,34.0,12.0,189,1,0.596872
scripted,82.0,34.0,6.0,190,1,0.319071
scripted,82.0,34.0,8.0,190,1,0.378556
scripted,82.0,34.0,10.0,190,1,0.429162
scripted,82.0,34.0,12.0,190,1,0.475364
scripted,82.0,34.0,6.0,191,1,0.428161
scripted,82.0,34.0,8.0,191,1,0.459655
scripted,82.0,34.0,10.0,191,1,0.466993
scripted,82.0,34.0,12.0,191,1,0.457546
scripted,82.0,34.0,6.0,192,1,0.367513
scripted,82.0,34.0,8.0,192,1,0.440268
scripted,82.0,34.0,10.0,192,1,0.488257
scripted,82.0,34.0,12.0,192,1,0.515712
scripted,82.0,34.0,6.0,193,1,0.452336
scripted,82.0,34.0,8.0,193,1,0.493847
scripted,82.0,34.0,10.0,193,1,0.495274
scripted,82.0,34.0,12.0,193,1,0.471273
scripted,82.0,34.0,6.0,194,1,0.713544
scripted,82.0,34.0,8.0,194,1,0.698377
scripted,82.0,34.0,10.0,194,1,0.686828
scripted,82.0,34.0,12.0,194,1,0.65315
scripted,82.0,34.0,6.0,195,1,0.415082
scripted,82.0,34.0,8.0,195,1,0.334543
scripted,82.0,34.0,10.0,195,1,0.314378
scripted,82.0,34.0,12.0,195,1,0.328324
scripted,82.0,34.0,6.0,196,1,0.521694
scripted,82.0,34.0,8.0,196,1,0.501884
scripted,82.0,34.0,10.0,196,1,0.518252
scripted,82.0,34.0,12.0,196,1,0.528632
scripted,82.0,34.0,6.0,197,1,0.39095
scripted,82.0,34.0,8.0,197,1,0.478226
scripted,82.0,34.0,10.0,197,1,0.499584
scripted,82.0,34.0,12.0,197,1,0.51079
scripted,82.0,34.0,6.0,198,0,
scripted,82.0,34.0,8.0,198,0,
scripted,82.0,34.0,10.0,198,0,
scripted,82.0,34.0,12.0,198,0,
scripted,82.0,34.0,6.0,199,1,0.483932
scripted,82.0,34.0,8.0,199,1,0.529463
scripted,82.0,34.0,10.0,199,1,0.552337
scripted,82.0,34.0,12.0,199,1,0.549444
scripted,84.0,34.0,6.0,0,1,0.463754
scripted,84.0,34.0,8.0,0,1,0.44025
scripted,84.0,34.0,10.0,0,1,0.437809
scripted,84.0,34.0,12.0,0,1,0.43206
scripted,84.0,34.0,6.0,1,1,0.630696
scripted,84.0,34.0,8.0,1,1,0.527791
scripted,84.0,34.0,10.0,1,1,0.454188
scripted,84.0,34.0,12.0,1,1,0.431999
scripted,84.0,34.0,6.0,2,1,0.429242
scripted,84.0,34.0,8.0,2,1,0.341048
scripted,84.0,34.0,10.0,2,1,0.270663
scripted,84.0,34.0,12.0,2,1,0.274249
scripted,84.0,34.0,6.0,3,1,0.95554
scripted,84.0,34.0,8.0,3,1,0.851527
scripted,84.0,34.0,10.0,3,1,0.722677
scripted,84.0,34.0,12.0,3,1,0.657798
scripted,84.0,34.0,6.0,4,1,0.596961
scripted,84.0,34.0,8.0,4,1,0.53206
scripted,84.0,34.0,10.0,4,1,0.470398
scripted,84.0,34.0,12.0,4,1,0.415269
scripted,84.0,34.0,6.0,5,1,0.408009
scripted,84.0,34.0,8.0,5,1,0.462026
scripted,84.0,34.0,10.0,5,1,0.477397
scripted,84.0,34.0,12.0,5,1,0.458779
scripted,84.0,34.0,6.0,6,1,0.424257
scripted,84.0,34.0,8.0,6,1,0.363863
scripted,84.0,34.0,10.0,6,1,0.348075
scripted,84.0,34.0,12.0,6,1,0.364397
scripted,84.0,34.0,6.0,7,1,0.429454
scripted,84.0,34.0,8.0,7,1,0.369533
scripted,84.0,34.0,10.0,7,1,0.308963
scripted,84.0,34.0,12.0,7,1,0.287916
scripted,84.0,34.0,6.0,8,0,
scripted,84.0,34.0,8.0,8,0,
scripted,84.0,34.0,10.0,8,1,0.436314
scripted,84.0,34.0,12.0,8,1,0.411662
scripted,84.0,34.0,6.0,9,1,0.439067
scripted,84.0,34.0,8.0,9,1,0.381891
scripted,84.0,34.0,10.0,9,1,0.381335
scripted,84.0,34.0,12.0,9,1,0.370871
scripted,84.0,34.0,6.0,10,1,0.649816
scripted,84.0,34.0,8.0,10,1,0.631937
scripted,84.0,34.0,10.0,10,1,0.591979
scripted,84.0,34.0,12.0,10,1,0.549292
scripted,84.0,34.0,6.0,11,0,
scripted,84.0,34.0,8.0,11,0,
scripted,84.0,34.0,10.0,11,0,
scripted,84.0,34.0,12.0,11,0,
scripted,84.0,34.0,6.0,12,1,0.280329
scripted,84.0,34.0,8.0,12,1,0.250674
scripted,84.0,34.0,10.0,12,1,0.252424
scripted,84.0,34.0,12.0,12,1,0.27676
scripted,84.0,34.0,6.0,13,1,0.347032
scripted,84.0,34.0,8.0,13,1,0.372269
scripted,84.0,34.0,10.0,13,1,0.398134
scripted,84.0,34.0,12.0,13,1,0.411331
scripted,84.0,34.0,6.0,14,0,
scripted,84.0,34.0,8.0,14,0,
scripted,84.0,34.0,10.0,14,0,
scripted,84.0,34.0,12.0,14,0,
scripted,84.0,34.0,6.0,15,0,
scripted,84.0,34.0,8.0,15,0,
scripted,84.0,34.0,10.0,15,0,
scripted,84.0,34.0,12.0,15,0,
scripted,84.0,34.0,6.0,16,1,0.436216
scripted,84.0,34.0,8.0,16,1,0.382049
scripted,84.0,34.0,10.0,16,1,0.36866
scripted,84.0,34.0,12.0,16,1,0.359704
scripted,84.0,34.0,6.0,17,1,0.640381
scripted,84.0,34.0,8.0,17,1,0.5562
scripted,84.0,34.0,10.0,17,1,0.477297
scripted,84.0,34.0,12.0,17,1,0.456237
scripted,84.0,34.0,6.0,18,1,0.425273
scripted,84.0,34.0,8.0,18,1,0.305466
scripted,84.0,34.0,10.0,18,1,0.217301
scripted,84.0,34.0,12.0,18,1,0.19109
scripted,84.0,34.0,6.0,19,1,0.599792
scripted,84.0,34.0,8.0,19,1,0.556522
scripted,84.0,34.0,10.0,19,1,0.523225
scripted,84.0,34.0,12.0,19,1,0.503642
scripted,84.0,34.0,6.0,20,1,0.578937
scripted,84.0,34.0,8.0,20,1,0.570557
scripted,84.0,34.0,10.0,20,1,0.569721
scripted,84.0,34.0,12.0,20,1,0.5348
scripted,84.0,34.0,6.0,21,1,0.706298
scripted,84.0,34.0,8.0,21,1,0.657221
scripted,84.0,34.0,10.0,21,1,0.563206
scripted,84.0,34.0,12.0,21,1,0.500159
scripted,84.0,34.0,6.0,22,1,0.477709
scripted,84.0,34.0,8.0,22,1,0.402353
scripted,84.0,34.0,10.0,22,1,0.391484
scripted,84.0,34.0,12.0,22,1,0.391774
scripted,84.0,34.0,6.0,23,1,0.569202
scripted,84.0,34.0,8.0,23,1,0.518209
scripted,84.0,34.0,10.0,23,1,0.534106
scripted,84.0,34.0,12.0,23,1,0.523649
scripted,84.0,34.0,6.0,24,1,0.588467
scripted,84.0,34.0,8.0,24,1,0.51961
scripted,84.0,34.0,10.0,24,1,0.449947
scripted,84.0,34.0,12.0,24,1,0.4054
scripted,84.0,34.0,6.0,25,1,0.516792
scripted,84.0,34.0,8.0,25,1,0.498474
scripted,84.0,34.0,10.0,25,1,0.484478
scripted,84.0,34.0,12.0,25,1,0.471014
scripted,84.0,34.0,6.0,26,1,0.421693
scripted,84.0,34.0,8.0,26,1,0.497199
scripted,84.0,34.0,10.0,26,1,0.430546
scripted,84.0,34.0,12.0,26,1,0.389449
scripted,84.0,34.0,6.0,27,1,0.550503
scripted,84.0,34.0,8.0,27,1,0.456717
scripted,84.0,34.0,10.0,27,1,0.453642
scripted,84.0,34.0,12.0,27,1,0.464906
scripted,84.0,34.0,6.0,28,1,0.560749
scripted,84.0,34.0,8.0,28,1,0.598902
scripted,84.0,34.0,10.0,28,1,0.564018
scripted,84.0,34.0,12.0,28,1,0.517372
scripted,84.0,34.0,6.0,29,1,0.324717
scripted,84.0,34.0,8.0,29,1,0.364065
scripted,84.0,34.0,10.0,29,1,0.385381
scripted,84.0,34.0,12.0,29,1,0.374634
scripted,84.0,34.0,6.0,30,0,
scripted,84.0,34.0,8.0,30,1,0.1915
scripted,84.0,34.0,10.0,30,1,0.201612
scripted,84.0,34.0,12.0,30,1,0.236982
scripted,84.0,34.0,6.0,31,1,0.476455
scripted,84.0,34.0,8.0,31,1,0.37597
scripted,84.0,34.0,10.0,31,1,0.326595
scripted,84.0,34.0,12.0,31,1,0.330453
scripted,84.0,34.0,6.0,32,0,
scripted,84.0,34.0,8.0,32,0,
scripted,84.0,34.0,10.0,32,0,
scripted,84.0,34.0,12.0,32,1,0.390526
scripted,84.0,34.0,6.0,33,1,0.616015
scripted,84.0,34.0,8.0,33,1,0.476107
scripted,84.0,34.0,10.0,33,1,0.371801
scripted,84.0,34.0,12.0,33,1,0.350439
scripted,84.0,34.0,6.0,34,1,0.584557
scripted,84.0,34.0,8.0,34,1,0.531524
scripted,84.0,34.0,10.0,34,1,0.46235
scripted,84.0,34.0,12.0,34,1,0.39487
scripted,84.0,34.0,6.0,35,1,0.479588
scripted,84.0,34.0,8.0,35,1,0.390144
scripted,84.0,34.0,10.0,35,1,0.346224
scripted,84.0,34.0,12.0,35,1,0.342856
scripted,84.0,34.0,6.0,36,1,0.574088
scripted,84.0,34.0,8.0,36,1,0.502824
scripted,84.0,34.0,10.0,36,1,0.487073
scripted,84.0,34.0,12.0,36,1,0.485472
scripted,84.0,34.0,6.0,37,1,0.529175
scripted,84.0,34.0,8.0,37,1,0.549107
scripted,84.0,34.0,10.0,37,1,0.557226
scripted,84.0,34.0,12.0,37,1,0.522529
scripted,84.0,34.0,6.0,38,1,0.504342
scripted,84.0,34.0,8.0,38,1,0.498018
scripted,84.0,34.0,10.0,38,1,0.491536
scripted,84.0,34.0,12.0,38,1,0.461228
scripted,84.0,34.0,6.0,39,1,0.56947
scripted,84.0,34.0,8.0,39,1,0.52364
scripted,84.0,34.0,10.0,39,1,0.452621
scripted,84.0,34.0,12.0,39,1,0.387395
scripted,84.0,34.0,6.0,40,1,0.300889
scripted,84.0,34.0,8.0,40,1,0.287673
scripted,84.0,34.0,10.0,40,1,0.293267
scripted,84.0,34.0,12.0,40,1,0.308719
scripted,84.0,34.0,6.0,41,1,0.564728
scripted,84.0,34.0,8.0,41,1,0.6053
scripted,84.0,34.0,10.0,41,1,0.604327
scripted,84.0,34.0,12.0,41,1,0.559088
scripted,84.0,34.0,6.0,42,0,
scripted,84.0,34.0,8.0,42,0,
scripted,84.0,34.0,10.0,42,0,
scripted,84.0,34.0,12.0,42,0,
scripted,84.0,34.0,6.0,43,0,
scripted,84.0,34.0,8.0,43,0,
scripted,84.0,34.0,10.0,43,0,
scripted,84.0,34.0,12.0,43,0,
scripted,84.0,34.0,6.0,44,1,0.603982
scripted,84.0,34.0,8.0,44,1,0.537102
scripted,84.0,34.0,10.0,44,1,0.520464
scripted,84.0,34.0,12.0,44,1,0.520286
scripted,84.0,34.0,6.0,45,1,0.55362
scripted,84.0,34.0,8.0,45,1,0.542717
scripted,84.0,34.0,10.0,45,1,0.505831
scripted,84.0,34.0,12.0,45,1,0.462952
scripted,84.0,34.0,6.0,46,1,0.587891
scripted,84.0,34.0,8.0,46,1,0.53525
scripted,84.0,34.0,10.0,46,1,0.544666
scripted,84.0,34.0,12.0,46,1,0.519943
scripted,84.0,34.0,6.0,47,1,0.644979
scripted,84.0,34.0,8.0,47,1,0.546775
scripted,84.0,34.0,10.0,47,1,0.524846
scripted,84.0,34.0,12.0,47,1,0.502583
scripted,84.0,34.0,6.0,48,1,0.553497
scripted,84.0,34.0,8.0,48,1,0.493378
scripted,84.0,34.0,10.0,48,1,0.45601
scripted,84.0,34.0,12.0,48,1,0.435461
scripted,84.0,34.0,6.0,49,1,0.949464
scripted,84.0,34.0,8.0,49,1,0.852766
scripted,84.0,34.0,10.0,49,1,0.73705
scripted,84.0,34.0,12.0,49,1,0.639718
scripted,84.0,34.0,6.0,50,1,0.663048
scripted,84.0,34.0,8.0,50,1,0.563826
scripted,84.0,34.0,10.0,50,1,0.51686
scripted,84.0,34.0,12.0,50,1,0.515001
scripted,84.0,34.0,6.0,51,1,0.457666
scripted,84.0,34.0,8.0,51,1,0.380558
scripted,84.0,34.0,10.0,51,1,0.373353
scripted,84.0,34.0,12.0,51,1,0.392665
scripted,84.0,34.0,6.0,52,1,0.609995
scripted,84.0,34.0,8.0,52,1,0.527409
scripted,84.0,34.0,10.0,52,1,0.511271
scripted,84.0,34.0,12.0,52,1,0.481081
scripted,84.0,34.0,6.0,53,1,0.52932
scripted,84.0,34.0,8.0,53,1,0.51447
scripted,84.0,34.0,10.0,53,1,0.511048
scripted,84.0,34.0,12.0,53,1,0.508821
scripted,84.0,34.0,6.0,54,1,0.479631
scripted,84.0,34.0,8.0,54,1,0.430694
scripted,84.0,34.0,10.0,54,1,0.389869
scripted,84.0,34.0,12.0,54,1,0.375364
scripted,84.0,34.0,6.0,55,1,0.558181
scripted,84.0,34.0,8.0,55,1,0.569278
scripted,84.0,34.0,10.0,55,1,0.570909
scripted,84.0,34.0,12.0,55,1,0.559025
scripted,84.0,34.0,6.0,56,1,0.571505
scripted,84.0,34.0,8.0,56,1,0.659136
scripted,84.0,34.0,10.0,56,1,0.69485
scripted,84.0,34.0,12.0,56,1,0.673391
scripted,84.0,34.0,6.0,57,1,0.670767
scripted,84.0,34.0,8.0,57,1,0.62557
scripted,84.0,34.0,10.0,57,1,0.651298
scripted,84.0,34.0,12.0,57,1,0.656964
scripted,84.0,34.0,6.0,58,1,0.562165
scripted,84.0,34.0,8.0,58,1,0.515133
scripted,84.0,34.0,10.0,58,1,0.484371
scripted,84.0,34.0,12.0,58,1,0.463326
scripted,84.0,34.0,6.0,59,1,0.693719
scripted,84.0,34.0,8.0,59,1,0.648809
scripted,84.0,34.0,10.0,59,1,0.601165
scripted,84.0,34.0,12.0,59,1,0.607451
scripted,84.0,34.0,6.0,60,1,0.527635
scripted,84.0,34.0,8.0,60,1,0.446017
scripted,84.0,34.0,10.0,60,1,0.354853
scripted,84.0,34.0,12.0,60,1,0.321547
scripted,84.0,34.0,6.0,61,1,0.484166
scripted,84.0,34.0,8.0,61,1,0.387558
scripted,84.0,34.0,10.0,61,1,0.365341
scripted,84.0,34.0,12.0,61,1,0.356002
scripted,84.0,34.0,6.0,62,1,0.891653
scripted,84.0,34.0,8.0,62,1,0.844908
scripted,84.0,34.0,10.0,62,1,0.731605
scripted,84.0,34.0,12.0,62,1,0.645202
scripted,84.0,34.0,6.0,63,0,
scripted,84.0,34.0,8.0,63,0,
scripted,84.0,34.0,10.0,63,0,
scripted,84.0,34.0,12.0,63,0,
scripted,84.0,34.0,6.0,64,1,0.542663
scripted,84.0,34.0,8.0,64,1,0.508056
scripted,84.0,34.0,10.0,64,1,0.480438
scripted,84.0,34.0,12.0,64,1,0.490141
scripted,84.0,34.0,6.0,65,1,0.480213
scripted,84.0,34.0,8.0,65,1,0.481672
scripted,84.0,34.0,10.0,65,1,0.467305
scripted,84.0,34.0,12.0,65,1,0.45963
scripted,84.0,34.0,6.0,66,0,
scripted,84.0,34.0,8.0,66,0,
scripted,84.0,34.0,10.0,66,1,0.419925
scripted,84.0,34.0,12.0,66,1,0.406769
scripted,84.0,34.0,6.0,67,1,0.568523
scripted,84.0,34.0,8.0,67,1,0.541243
scripted,84.0,34.0,10.0,67,1,0.525148
scripted,84.0,34.0,12.0,67,1,0.509881
scripted,84.0,34.0,6.0,68,1,0.495046
scripted,84.0,34.0,8.0,68,1,0.517513
scripted,84.0,34.0,10.0,68,1,0.513722
scripted,84.0,34.0,12.0,68,1,0.468249
scripted,84.0,34.0,6.0,69,1,0.492442
scripted,84.0,34.0,8.0,69,1,0.439039
scripted,84.0,34.0,10.0,69,1,0.403915
scripted,84.0,34.0,12.0,69,1,0.394839
scripted,84.0,34.0,6.0,70,1,0.433161
scripted,84.0,34.0,8.0,70,1,0.387508
scripted,84.0,34.0,10.0,70,1,0.372818
scripted,84.0,34.0,12.0,70,1,0.375083
scripted,84.0,34.0,6.0,71,1,0.416236
scripted,84.0,34.0,8.0,71,1,0.357162
scripted,84.0,34.0,10.0,71,1,0.304832
scripted,84.0,34.0,12.0,71,1,0.290388
scripted,84.0,34.0,6.0,72,1,0.495063
scripted,84.0,34.0,8.0,72,1,0.459015
scripted,84.0,34.0,10.0,72,1,0.457587
scripted,84.0,34.0,12.0,72,1,0.449576
scripted,84.0,34.0,6.0,73,1,0.564528
scripted,84.0,34.0,8.0,73,1,0.444363
scripted,84.0,34.0,10.0,73,1,0.406422
scripted,84.0,34.0,12.0,73,1,0.400259
scripted,84.0,34.0,6.0,74,1,0.571902
scripted,84.0,34.0,8.0,74,1,0.511969
scripted,84.0,34.0,10.0,74,1,0.455802
scripted,84.0,34.0,12.0,74,1,0.433154
scripted,84.0,34.0,6.0,75,1,0.460809
scripted,84.0,34.0,8.0,75,1,0.448851
scripted,84.0,34.0,10.0,75,1,0.432673
scripted,84.0,34.0,12.0,75,1,0.427576
scripted,84.0,34.0,6.0,76,1,0.687474
scripted,84.0,34.0,8.0,76,1,0.664143
scripted,84.0,34.0,10.0,76,1,0.642141
scripted,84.0,34.0,12.0,76,1,0.599617
scripted,84.0,34.0,6.0,77,1,0.399787
scripted,84.0,34.0,8.0,77,1,0.425828
scripted,84.0,34.0,10.0,77,1,0.417593
scripted,84.0,34.0,12.0,77,1,0.429635
scripted,84.0,34.0,6.0,78,1,0.552709
scripted,84.0,34.0,8.0,78,1,0.47698
scripted,84.0,34.0,10.0,78,1,0.402747
scripted,84.0,34.0,12.0,78,1,0.350246
scripted,84.0,34.0,6.0,79,1,0.553332
scripted,84.0,34.0,8.0,79,1,0.540104
scripted,84.0,34.0,10.0,79,1,0.582816
scripted,84.0,34.0,12.0,79,1,0.603845
scripted,84.0,34.0,6.0,80,1,0.59877
scripted,84.0,34.0,8.0,80,1,0.487616
scripted,84.0,34.0,10.0,80,1,0.454271
scripted,84.0,34.0,12.0,80,1,0.444592
scripted,84.0,34.0,6.0,81,1,0.400239
scripted,84.0,34.0,8.0,81,1,0.384233
scripted,84.0,34.0,10.0,81,1,0.418507
scripted,84.0,34.0,12.0,81,1,0.49912
scripted,84.0,34.0,6.0,82,0,
scripted,84.0,34.0,8.0,82,0,
scripted,84.0,34.0,10.0,82,0,
scripted,84.0,34.0,12.0,82,1,0.377879
scripted,84.0,34.0,6.0,83,1,0.516674
scripted,84.0,34.0,8.0,83,1,0.457143
scripted,84.0,34.0,10.0,83,1,0.44353
scripted,84.0,34.0,12.0,83,1,0.432017
scripted,84.0,34.0,6.0,84,1,0.576368
scripted,84.0,34.0,8.0,84,1,0.485641
scripted,84.0,34.0,10.0,84,1,0.514699
scripted,84.0,34.0,12.0,84,1,0.502744
scripted,84.0,34.0,6.0,85,1,0.533844
scripted,84.0,34.0,8.0,85,1,0.493122
scripted,84.0,34.0,10.0,85,1,0.489681
scripted,84.0,34.0,12.0,85,1,0.489084
scripted,84.0,34.0,6.0,86,1,0.451726
scripted,84.0,34.0,8.0,86,1,0.444575
scripted,84.0,34.0,10.0,86,1,0.446069
scripted,84.0,34.0,12.0,86,1,0.424946
scripted,84.0,34.0,6.0,87,1,0.449773
scripted,84.0,34.0,8.0,87,1,0.383073
scripted,84.0,34.0,10.0,87,1,0.333693
scripted,84.0,34.0,12.0,87,1,0.315573
scripted,84.0,34.0,6.0,88,1,0.552633
scripted,84.0,34.0,8.0,88,1,0.529402
scripted,84.0,34.0,10.0,88,1,0.534974
scripted,84.0,34.0,12.0,88,1,0.534624
scripted,84.0,34.0,6.0,89,1,0.566529
scripted,84.0,34.0,8.0,89,1,0.485507
scripted,84.0,34.0,10.0,89,1,0.455496
scripted,84.0,34.0,12.0,89,1,0.425377
scripted,84.0,34.0,6.0,90,1,0.55267
scripted,84.0,34.0,8.0,90,1,0.499867
scripted,84.0,34.0,10.0,90,1,0.471535
scripted,84.0,34.0,12.0,90,1,0.464722
scripted,84.0,34.0,6.0,91,1,0.259729
scripted,84.0,34.0,8.0,91,1,0.266428
scripted,84.0,34.0,10.0,91,1,0.31638
scripted,84.0,34.0,12.0,91,1,0.364017
scripted,84.0,34.0,6.0,92,1,0.551023
scripted,84.0,34.0,8.0,92,1,0.474593
scripted,84.0,34.0,10.0,92,1,0.439182
scripted,84.0,34.0,12.0,92,1,0.428364
scripted,84.0,34.0,6.0,93,1,0.568341
scripted,84.0,34.0,8.0,93,1,0.511571
scripted,84.0,34.0,10.0,93,1,0.541576
scripted,84.0,34.0,12.0,93,1,0.54128
scripted,84.0,34.0,6.0,94,1,0.464263
scripted,84.0,34.0,8.0,94,1,0.443046
scripted,84.0,34.0,10.0,94,1,0.458455
scripted,84.0,34.0,12.0,94,1,0.471496
scripted,84.0,34.0,6.0,95,1,0.592186
scripted,84.0,34.0,8.0,95,1,0.542416
scripted,84.0,34.0,10.0,95,1,0.526466
scripted,84.0,34.0,12.0,95,1,0.521101
scripted,84.0,34.0,6.0,96,1,0.390734
scripted,84.0,34.0,8.0,96,1,0.362746
scripted,84.0,34.0,10.0,96,1,0.341201
scripted,84.0,34.0,12.0,96,1,0.324766
scripted,84.0,34.0,6.0,97,1,0.529921
scripted,84.0,34.0,8.0,97,1,0.420178
scripted,84.0,34.0,10.0,97,1,0.356614
scripted,84.0,34.0,12.0,97,1,0.342925
scripted,84.0,34.0,6.0,98,1,0.433091
scripted,84.0,34.0,8.0,98,1,0.42674
scripted,84.0,34.0,10.0,98,1,0.430128
scripted,84.0,34.0,12.0,98,1,0.430231
scripted,84.0,34.0,6.0,99,1,0.688831
scripted,84.0,34.0,8.0,99,1,0.649242
scripted,84.0,34.0,10.0,99,1,0.607987
scripted,84.0,34.0,12.0,99,1,0.558801
scripted,84.0,34.0,6.0,100,1,0.488345
scripted,84.0,34.0,8.0,100,1,0.389178
scripted,84.0,34.0,10.0,100,1,0.322061
scripted,84.0,34.0,12.0,100,1,0.320644
scripted,84.0,34.0,6.0,101,1,0.513784
scripted,84.0,34.0,8.0,101,1,0.515863
scripted,84.0,34.0,10.0,101,1,0.527619
scripted,84.0,34.0,12.0,101,1,0.522427
scripted,84.0,34.0,6.0,102,1,0.552839
scripted,84.0,34.0,8.0,102,1,0.590898
scripted,84.0,34.0,10.0,102,1,0.628518
scripted,84.0,34.0,12.0,102,1,0.629496
scripted,84.0,34.0,6.0,103,1,0.4034
scripted,84.0,34.0,8.0,103,1,0.5849
scripted,84.0,34.0,10.0,103,1,0.531823
scripted,84.0,34.0,12.0,103,1,0.502802
scripted,84.0,34.0,6.0,104,0,
scripted,84.0,34.0,8.0,104,0,
scripted,84.0,34.0,10.0,104,0,
scripted,84.0,34.0,12.0,104,0,
scripted,84.0,34.0,6.0,105,1,0.560954
scripted,84.0,34.0,8.0,105,1,0.606148
scripted,84.0,34.0,10.0,105,1,0.58062
scripted,84.0,34.0,12.0,105,1,0.556671
scripted,84.0,34.0,6.0,106,1,0.411157
scripted,84.0,34.0,8.0,106,1,0.367659
scripted,84.0,34.0,10.0,106,1,0.354158
scripted,84.0,34.0,12.0,106,1,0.364358
scripted,84.0,34.0,6.0,107,1,0.520337
scripted,84.0,34.0,8.0,107,1,0.546329
scripted,84.0,34.0,10.0,107,1,0.547091
scripted,84.0,34.0,12.0,107,1,0.572575
scripted,84.0,34.0,6.0,108,1,0.443826
scripted,84.0,34.0,8.0,108,1,0.35775
scripted,84.0,34.0,10.0,108,1,0.353946
scripted,84.0,34.0,12.0,108,1,0.370158
scripted,84.0,34.0,6.0,109,1,0.447085
scripted,84.0,34.0,8.0,109,1,0.424162
scripted,84.0,34.0,10.0,109,1,0.398457
scripted,84.0,34.0,12.0,109,1,0.367512
scripted,84.0,34.0,6.0,110,1,0.571736
scripted,84.0,34.0,8.0,110,1,0.572257
scripted,84.0,34.0,10.0,110,1,0.582948
scripted,84.0,34.0,12.0,110,1,0.566907
scripted,84.0,34.0,6.0,111,1,0.573057
scripted,84.0,34.0,8.0,111,1,0.588677
scripted,84.0,34.0,10.0,111,1,0.620654
scripted,84.0,34.0,12.0,111,1,0.611446
scripted,84.0,34.0,6.0,112,1,0.56201
scripted,84.0,34.0,8.0,112,1,0.494217
scripted,84.0,34.0,10.0,112,1,0.442107
scripted,84.0,34.0,12.0,112,1,0.42568
scripted,84.0,34.0,6.0,113,1,0.49598
scripted,84.0,34.0,8.0,113,1,0.416747
scripted,84.0,34.0,10.0,113,1,0.354991
scripted,84.0,34.0,12.0,113,1,0.372016
scripted,84.0,34.0,6.0,114,1,0.620872
scripted,84.0,34.0,8.0,114,1,0.553675
scripted,84.0,34.0,10.0,114,1,0.513046
scripted,84.0,34.0,12.0,114,1,0.485933
scripted,84.0,34.0,6.0,115,1,0.242362
scripted,84.0,34.0,8.0,115,1,0.224665
scripted,84.0,34.0,10.0,115,1,0.219385
scripted,84.0,34.0,12.0,115,1,0.218967
scripted,84.0,34.0,6.0,116,1,0.548355
scripted,84.0,34.0,8.0,116,1,0.479533
scripted,84.0,34.0,10.0,116,1,0.416675
scripted,84.0,34.0,12.0,116,1,0.397386
scripted,84.0,34.0,6.0,117,0,
scripted,84.0,34.0,8.0,117,0,
scripted,84.0,34.0,10.0,117,0,
scripted,84.0,34.0,12.0,117,0,
scripted,84.0,34.0,6.0,118,0,
scripted,84.0,34.0,8.0,118,0,
scripted,84.0,34.0,10.0,118,1,0.266005
scripted,84.0,34.0,12.0,118,1,0.238385
scripted,84.0,34.0,6.0,119,1,0.535586
scripted,84.0,34.0,8.0,119,1,0.519585
scripted,84.0,34.0,10.0,119,1,0.437753
scripted,84.0,34.0,12.0,119,1,0.420085
scripted,84.0,34.0,6.0,120,1,0.374193
scripted,84.0,34.0,8.0,120,1,0.396124
scripted,84.0,34.0,10.0,120,1,0.370055
scripted,84.0,34.0,12.0,120,1,0.34686
scripted,84.0,34.0,6.0,121,1,0.340013
scripted,84.0,34.0,8.0,121,1,0.327045
scripted,84.0,34.0,10.0,121,1,0.349092
scripted,84.0,34.0,12.0,121,1,0.372942
scripted,84.0,34.0,6.0,122,0,
scripted,84.0,34.0,8.0,122,0,
scripted,84.0,34.0,10.0,122,0,
scripted,84.0,34.0,12.0,122,0,
scripted,84.0,34.0,6.0,123,1,0.369714
scripted,84.0,34.0,8.0,123,1,0.331903
scripted,84.0,34.0,10.0,123,1,0.342759
scripted,84.0,34.0,12.0,123,1,0.330748
scripted,84.0,34.0,6.0,124,1,0.396988
scripted,84.0,34.0,8.0,124,1,0.300253
scripted,84.0,34.0,10.0,124,1,0.246857
scripted,84.0,34.0,12.0,124,1,0.258076
scripted,84.0,34.0,6.0,125,1,0.365215
scripted,84.0,34.0,8.0,125,1,0.37746
scripted,84.0,34.0,10.0,125,1,0.446951
scripted,84.0,34.0,12.0,125,1,0.469972
scripted,84.0,34.0,6.0,126,1,0.300379
scripted,84.0,34.0,8.0,126,1,0.32217
scripted,84.0,34.0,10.0,126,1,0.308845
scripted,84.0,34.0,12.0,126,1,0.312454
scripted,84.0,34.0,6.0,127,1,0.467475
scripted,84.0,34.0,8.0,127,1,0.465873
scripted,84.0,34.0,10.0,127,1,0.481384
scripted,84.0,34.0,12.0,127,1,0.506566
scripted,84.0,34.0,6.0,128,0,
scripted,84.0,34.0,8.0,128,0,
scripted,84.0,34.0,10.0,128,0,
scripted,84.0,34.0,12.0,128,1,0.339242
scripted,84.0,34.0,6.0,129,1,0.612808
scripted,84.0,34.0,8.0,129,1,0.556904
scripted,84.0,34.0,10.0,129,1,0.536338
scripted,84.0,34.0,12.0,129,1,0.535014
scripted,84.0,34.0,6.0,130,1,0.574245
scripted,84.0,34.0,8.0,130,1,0.533328
scripted,84.0,34.0,10.0,130,1,0.47789
scripted,84.0,34.0,12.0,130,1,0.416953
scripted,84.0,34.0,6.0,131,1,0.283751
scripted,84.0,34.0,8.0,131,1,0.273485
scripted,84.0,34.0,10.0,131,1,0.293212
scripted,84.0,34.0,12.0,131,1,0.326438
scripted,84.0,34.0,6.0,132,1,0.482805
scripted,84.0,34.0,8.0,132,1,0.511588
scripted,84.0,34.0,10.0,132,1,0.552012
scripted,84.0,34.0,12.0,132,1,0.553519
scripted,84.0,34.0,6.0,133,1,0.546677
scripted,84.0,34.0,8.0,133,1,0.420632
scripted,84.0,34.0,10.0,133,1,0.361602
scripted,84.0,34.0,12.0,133,1,0.352128
scripted,84.0,34.0,6.0,134,1,0.439796
scripted,84.0,34.0,8.0,134,1,0.442634
scripted,84.0,34.0,10.0,134,1,0.415708
scripted,84.0,34.0,12.0,134,1,0.418937
scripted,84.0,34.0,6.0,135,1,0.675561
scripted,84.0,34.0,8.0,135,1,0.544466
scripted,84.0,34.0,10.0,135,1,0.455941
scripted,84.0,34.0,12.0,135,1,0.42227
scripted,84.0,34.0,6.0,136,1,0.345495
scripted,84.0,34.0,8.0,136,1,0.35967
scripted,84.0,34.0,10.0,136,1,0.359935
scripted,84.0,34.0,12.0,136,1,0.37906
scripted,84.0,34.0,6.0,137,1,0.568084
scripted,84.0,34.0,8.0,137,1,0.464436
scripted,84.0,34.0,10.0,137,1,0.393809
scripted,84.0,34.0,12.0,137,1,0.395558
scripted,84.0,34.0,6.0,138,1,0.463852
scripted,84.0,34.0,8.0,138,1,0.336603
scripted,84.0,34.0,10.0,138,1,0.252857
scripted,84.0,34.0,12.0,138,1,0.227181
scripted,84.0,34.0,6.0,139,1,0.304336
scripted,84.0,34.0,8.0,139,1,0.277538
scripted,84.0,34.0,10.0,139,1,0.295837
scripted,84.0,34.0,12.0,139,1,0.322064
scripted,84.0,34.0,6.0,140,1,0.472285
scripted,84.0,34.0,8.0,140,1,0.413941
scripted,84.0,34.0,10.0,140,1,0.433334
scripted,84.0,34.0,12.0,140,1,0.457967
scripted,84.0,34.0,6.0,141,1,0.670185
scripted,84.0,34.0,8.0,141,1,0.65481
scripted,84.0,34.0,10.0,141,1,0.682004
scripted,84.0,34.0,12.0,141,1,0.666073
scripted,84.0,34.0,6.0,142,1,0.409181
scripted,84.0,34.0,8.0,142,1,0.437781
scripted,84.0,34.0,10.0,142,1,0.458304
scripted,84.0,34.0,12.0,142,1,0.442452
scripted,84.0,34.0,6.0,143,1,0.561841
scripted,84.0,34.0,8.0,143,1,0.531624
scripted,84.0,34.0,10.0,143,1,0.526407
scripted,84.0,34.0,12.0,143,1,0.508929
scripted,84.0,34.0,6.0,144,1,0.53317
scripted,84.0,34.0,8.0,144,1,0.471938
scripted,84.0,34.0,10.0,144,1,0.388074
scripted,84.0,34.0,12.0,144,1,0.353767
scripted,84.0,34.0,6.0,145,1,0.541044
scripted,84.0,34.0,8.0,145,1,0.546913
scripted,84.0,34.0,10.0,145,1,0.521162
scripted,84.0,34.0,12.0,145,1,0.490985
scripted,84.0,34.0,6.0,146,1,0.681011
scripted,84.0,34.0,8.0,146,1,0.602378
scripted,84.0,34.0,10.0,146,1,0.547753
scripted,84.0,34.0,12.0,146,1,0.503837
scripted,84.0,34.0,6.0,147,1,0.558751
scripted,84.0,34.0,8.0,147,1,0.476642
scripted,84.0,34.0,10.0,147,1,0.418805
scripted,84.0,34.0,12.0,147,1,0.387871
scripted,84.0,34.0,6.0,148,1,0.403793
scripted,84.0,34.0,8.0,148,1,0.45113
scripted,84.0,34.0,10.0,148,1,0.465051
scripted,84.0,34.0,12.0,148,1,0.447985
scripted,84.0,34.0,6.0,149,1,0.589758
scripted,84.0,34.0,8.0,149,1,0.597358
scripted,84.0,34.0,10.0,149,1,0.557091
scripted,84.0,34.0,12.0,149,1,0.541858
scripted,84.0,34.0,6.0,150,1,0.495724
scripted,84.0,34.0,8.0,150,1,0.421306
scripted,84.0,34.0,10.0,150,1,0.421536
scripted,84.0,34.0,12.0,150,1,0.421309
scripted,84.0,34.0,6.0,151,1,0.606147
scripted,84.0,34.0,8.0,151,1,0.551587
scripted,84.0,34.0,10.0,151,1,0.502872
scripted,84.0,34.0,12.0,151,1,0.468478
scripted,84.0,34.0,6.0,152,1,0.562519
scripted,84.0,34.0,8.0,152,1,0.499816
scripted,84.0,34.0,10.0,152,1,0.475075
scripted,84.0,34.0,12.0,152,1,0.477624
scripted,84.0,34.0,6.0,153,1,0.588369
scripted,84.0,34.0,8.0,153,1,0.521141
scripted,84.0,34.0,10.0,153,1,0.473556
scripted,84.0,34.0,12.0,153,1,0.449249
scripted,84.0,34.0,6.0,154,1,0.438956
scripted,84.0,34.0,8.0,154,1,0.466653
scripted,84.0,34.0,10.0,154,1,0.414365
scripted,84.0,34.0,12.0,154,1,0.389905
scripted,84.0,34.0,6.0,155,1,0.620715
scripted,84.0,34.0,8.0,155,1,0.581858
scripted,84.0,34.0,10.0,155,1,0.555806
scripted,84.0,34.0,12.0,155,1,0.553402
scripted,84.0,34.0,6.0,156,1,0.368225
scripted,84.0,34.0,8.0,156,1,0.344753
scripted,84.0,34.0,10.0,156,1,0.314524
scripted,84.0,34.0,12.0,156,1,0.315832
scripted,84.0,34.0,6.0,157,1,0.324664
scripted,84.0,34.0,8.0,157,1,0.349415
scripted,84.0,34.0,10.0,157,1,0.378168
scripted,84.0,34.0,12.0,157,1,0.38022
scripted,84.0,34.0,6.0,158,1,0.955348
scripted,84.0,34.0,8.0,158,1,0.94694
scripted,84.0,34.0,10.0,158,1,0.912051
scripted,84.0,34.0,12.0,158,1,0.8377
scripted,84.0,34.0,6.0,159,1,0.545326
scripted,84.0,34.0,8.0,159,1,0.518455
scripted,84.0,34.0,10.0,159,1,0.491956
scripted,84.0,34.0,12.0,159,1,0.496313
scripted,84.0,34.0,6.0,160,1,0.440593
scripted,84.0,34.0,8.0,160,1,0.39385
scripted,84.0,34.0,10.0,160,1,0.364988
scripted,84.0,34.0,12.0,160,1,0.342442
scripted,84.0,34.0,6.0,161,1,0.575317
scripted,84.0,34.0,8.0,161,1,0.448311
scripted,84.0,34.0,10.0,161,1,0.357133
scripted,84.0,34.0,12.0,161,1,0.33045
scripted,84.0,34.0,6.0,162,1,0.514966
scripted,84.0,34.0,8.0,162,1,0.484607
scripted,84.0,34.0,10.0,162,1,0.48438
scripted,84.0,34.0,12.0,162,1,0.458302
scripted,84.0,34.0,6.0,163,1,0.647058
scripted,84.0,34.0,8.0,163,1,0.570559
scripted,84.0,34.0,10.0,163,1,0.490516
scripted,84.0,34.0,12.0,163,1,0.436118
scripted,84.0,34.0,6.0,164,0,
scripted,84.0,34.0,8.0,164,0,
scripted,84.0,34.0,10.0,164,0,
scripted,84.0,34.0,12.0,164,0,
scripted,84.0,34.0,6.0,165,1,0.409892
scripted,84.0,34.0,8.0,165,1,0.335156
scripted,84.0,34.0,10.0,165,1,0.315934
scripted,84.0,34.0,12.0,165,1,0.337802
scripted,84.0,34.0,6.0,166,1,0.550739
scripted,84.0,34.0,8.0,166,1,0.600521
scripted,84.0,34.0,10.0,166,1,0.622487
scripted,84.0,34.0,12.0,166,1,0.62584
scripted,84.0,34.0,6.0,167,1,0.297146
scripted,84.0,34.0,8.0,167,1,0.328622
scripted,84.0,34.0,10.0,167,1,0.352708
scripted,84.0,34.0,12.0,167,1,0.344887
scripted,84.0,34.0,6.0,168,1,0.687921
scripted,84.0,34.0,8.0,168,1,0.647724
scripted,84.0,34.0,10.0,168,1,0.594769
scripted,84.0,34.0,12.0,168,1,0.545383
scripted,84.0,34.0,6.0,169,1,0.570462
scripted,84.0,34.0,8.0,169,1,0.578395
scripted,84.0,34.0,10.0,169,1,0.583615
scripted,84.0,34.0,12.0,169,1,0.572279
scripted,84.0,34.0,6.0,170,1,0.627418
scripted,84.0,34.0,8.0,170,1,0.616087
scripted,84.0,34.0,10.0,170,1,0.577885
scripted,84.0,34.0,12.0,170,1,0.534509
scripted,84.0,34.0,6.0,171,1,0.528825
scripted,84.0,34.0,8.0,171,1,0.549013
scripted,84.0,34.0,10.0,171,1,0.535154
scripted,84.0,34.0,12.0,171,1,0.505677
scripted,84.0,34.0,6.0,172,1,0.443881
scripted,84.0,34.0,8.0,172,1,0.374225
scripted,84.0,34.0,10.0,172,1,0.365652
scripted,84.0,34.0,12.0,172,1,0.36813
scripted,84.0,34.0,6.0,173,1,0.524334
scripted,84.0,34.0,8.0,173,1,0.429805
scripted,84.0,34.0,10.0,173,1,0.40307
scripted,84.0,34.0,12.0,173,1,0.412519
scripted,84.0,34.0,6.0,174,0,
scripted,84.0,34.0,8.0,174,0,
scripted,84.0,34.0,10.0,174,1,0.286256
scripted,84.0,34.0,12.0,174,1,0.317367
scripted,84.0,34.0,6.0,175,1,0.539887
scripted,84.0,34.0,8.0,175,1,0.576042
scripted,84.0,34.0,10.0,175,1,0.61229
scripted,84.0,34.0,12.0,175,1,0.601557
scripted,84.0,34.0,6.0,176,1,0.524375
scripted,84.0,34.0,8.0,176,1,0.551673
scripted,84.0,34.0,10.0,176,1,0.54338
scripted,84.0,34.0,12.0,176,1,0.500024
scripted,84.0,34.0,6.0,177,1,0.570227
scripted,84.0,34.0,8.0,177,1,0.542377
scripted,84.0,34.0,10.0,177,1,0.567698
scripted,84.0,34.0,12.0,177,1,0.582269
scripted,84.0,34.0,6.0,178,1,0.598334
scripted,84.0,34.0,8.0,178,1,0.484018
scripted,84.0,34.0,10.0,178,1,0.4087
scripted,84.0,34.0,12.0,178,1,0.379973
scripted,84.0,34.0,6.0,179,1,0.468692
scripted,84.0,34.0,8.0,179,1,0.459159
scripted,84.0,34.0,10.0,179,1,0.421396
scripted,84.0,34.0,12.0,179,1,0.42346
scripted,84.0,34.0,6.0,180,1,0.354833
scripted,84.0,34.0,8.0,180,1,0.424416
scripted,84.0,34.0,10.0,180,1,0.610678
scripted,84.0,34.0,12.0,180,1,0.655414
scripted,84.0,34.0,6.0,181,1,0.591993
scripted,84.0,34.0,8.0,181,1,0.633799
scripted,84.0,34.0,10.0,181,1,0.595933
scripted,84.0,34.0,12.0,181,1,0.530163
scripted,84.0,34.0,6.0,182,1,0.650416
scripted,84.0,34.0,8.0,182,1,0.473186
scripted,84.0,34.0,10.0,182,1,0.404813
scripted,84.0,34.0,12.0,182,1,0.388719
scripted,84.0,34.0,6.0,183,1,0.598377
scripted,84.0,34.0,8.0,183,1,0.568791
scripted,84.0,34.0,10.0,183,1,0.501685
scripted,84.0,34.0,12.0,183,1,0.447627
scripted,84.0,34.0,6.0,184,1,0.322139
scripted,84.0,34.0,8.0,184,1,0.343341
scripted,84.0,34.0,10.0,184,1,0.38554
scripted,84.0,34.0,12.0,184,1,0.415204
scripted,84.0,34.0,6.0,185,1,0.492437
scripted,84.0,34.0,8.0,185,1,0.450642
scripted,84.0,34.0,10.0,185,1,0.448731
scripted,84.0,34.0,12.0,185,1,0.430906
scripted,84.0,34.0,6.0,186,1,0.382246
scripted,84.0,34.0,8.0,186,1,0.359826
scripted,84.0,34.0,10.0,186,1,0.386837
scripted,84.0,34.0,12.0,186,1,0.39472
scripted,84.0,34.0,6.0,187,1,0.494375
scripted,84.0,34.0,8.0,187,1,0.449511
scripted,84.0,34.0,10.0,187,1,0.433414
scripted,84.0,34.0,12.0,187,1,0.41003
scripted,84.0,34.0,6.0,188,1,0.399358
scripted,84.0,34.0,8.0,188,1,0.3687
scripted,84.0,34.0,10.0,188,1,0.336922
scripted,84.0,34.0,12.0,188,1,0.310267
scripted,84.0,34.0,6.0,189,1,0.333821
scripted,84.0,34.0,8.0,189,1,0.427837
scripted,84.0,34.0,10.0,189,1,0.487972
scripted,84.0,34.0,12.0,189,1,0.500932
scripted,84.0,34.0,6.0,190,1,0.363671
scripted,84.0,34.0,8.0,190,1,0.404822
scripted,84.0,34.0,10.0,190,1,0.416712
scripted,84.0,34.0,12.0,190,1,0.406008
scripted,84.0,34.0,6.0,191,1,0.496447
scripted,84.0,34.0,8.0,191,1,0.451875
scripted,84.0,34.0,10.0,191,1,0.422272
scripted,84.0,34.0,12.0,191,1,0.41652
scripted,84.0,34.0,6.0,192,1,0.487082
scripted,84.0,34.0,8.0,192,1,0.455568
scripted,84.0,34.0,10.0,192,1,0.450116
scripted,84.0,34.0,12.0,192,1,0.443161
scripted,84.0,34.0,6.0,193,1,0.514816
scripted,84.0,34.0,8.0,193,1,0.470971
scripted,84.0,34.0,10.0,193,1,0.428023
scripted,84.0,34.0,12.0,193,1,0.392498
scripted,84.0,34.0,6.0,194,1,0.528512
scripted,84.0,34.0,8.0,194,1,0.570114
scripted,84.0,34.0,10.0,194,1,0.578713
scripted,84.0,34.0,12.0,194,1,0.562162
scripted,84.0,34.0,6.0,195,1,0.365407
scripted,84.0,34.0,8.0,195,1,0.269044
scripted,84.0,34.0,10.0,195,1,0.239214
scripted,84.0,34.0,12.0,195,1,0.248378
scripted,84.0,34.0,6.0,196,1,0.657412
scripted,84.0,34.0,8.0,196,1,0.534183
scripted,84.0,34.0,10.0,196,1,0.494566
scripted,84.0,34.0,12.0,196,1,0.480446
scripted,84.0,34.0,6.0,197,1,0.456
scripted,84.0,34.0,8.0,197,1,0.450286
scripted,84.0,34.0,10.0,197,1,0.436086
scripted,84.0,34.0,12.0,197,1,0.427144
scripted,84.0,34.0,6.0,198,0,
scripted,84.0,34.0,8.0,198,0,
scripted,84.0,34.0,10.0,198,0,
scripted,84.0,34.0,12.0,198,0,
scripted,84.0,34.0,6.0,199,1,0.566741
scripted,84.0,34.0,8.0,199,1,0.517788
scripted,84.0,34.0,10.0,199,1,0.496197
scripted,84.0,34.0,12.0,199,1,0.498714
scripted,86.0,34.0,6.0,0,1,0.511046
scripted,86.0,34.0,8.0,0,1,0.443011
scripted,86.0,34.0,10.0,0,1,0.448275
scripted,86.0,34.0,12.0,0,1,0.434071
scripted,86.0,34.0,6.0,1,1,0.513251
scripted,86.0,34.0,8.0,1,1,0.53024
scripted,86.0,34.0,10.0,1,1,0.448316
scripted,86.0,34.0,12.0,1,1,0.43726
scripted,86.0,34.0,6.0,2,1,0.444572
scripted,86.0,34.0,8.0,2,1,0.326812
scripted,86.0,34.0,10.0,2,1,0.248552
scripted,86.0,34.0,12.0,2,1,0.219506
scripted,86.0,34.0,6.0,3,1,0.951397
scripted,86.0,34.0,8.0,3,1,0.821886
scripted,86.0,34.0,10.0,3,1,0.704846
scripted,86.0,34.0,12.0,3,1,0.650038
scripted,86.0,34.0,6.0,4,1,0.461572
scripted,86.0,34.0,8.0,4,1,0.445967
scripted,86.0,34.0,10.0,4,1,0.424447
scripted,86.0,34.0,12.0,4,1,0.383508
scripted,86.0,34.0,6.0,5,1,0.302741
scripted,86.0,34.0,8.0,5,1,0.326937
scripted,86.0,34.0,10.0,5,1,0.461764
scripted,86.0,34.0,12.0,5,1,0.427487
scripted,86.0,34.0,6.0,6,1,0.499989
scripted,86.0,34.0,8.0,6,1,0.400105
scripted,86.0,34.0,10.0,6,1,0.365366
scripted,86.0,34.0,12.0,6,1,0.371062
scripted,86.0,34.0,6.0,7,1,0.337337
scripted,86.0,34.0,8.0,7,1,0.334946
scripted,86.0,34.0,10.0,7,1,0.308529
scripted,86.0,34.0,12.0,7,1,0.295689
scripted,86.0,34.0,6.0,8,1,0.540271
scripted,86.0,34.0,8.0,8,1,0.427457
scripted,86.0,34.0,10.0,8,1,0.470173
scripted,86.0,34.0,12.0,8,1,0.393749
scripted,86.0,34.0,6.0,9,1,0.517072
scripted,86.0,34.0,8.0,9,1,0.434424
scripted,86.0,34.0,10.0,9,1,0.377277
scripted,86.0,34.0,12.0,9,1,0.361425
scripted,86.0,34.0,6.0,10,1,0.708146
scripted,86.0,34.0,8.0,10,1,0.648631
scripted,86.0,34.0,10.0,10,1,0.590814
scripted,86.0,34.0,12.0,10,1,0.525042
scripted,86.0,34.0,6.0,11,0,
scripted,86.0,34.0,8.0,11,0,
scripted,86.0,34.0,10.0,11,0,
scripted,86.0,34.0,12.0,11,0,
scripted,86.0,34.0,6.0,12,0,
scripted,86.0,34.0,8.0,12,1,0.200631
scripted,86.0,34.0,10.0,12,1,0.216692
scripted,86.0,34.0,12.0,12,1,0.235041
scripted,86.0,34.0,6.0,13,0,
scripted,86.0,34.0,8.0,13,1,0.362208
scripted,86.0,34.0,10.0,13,1,0.367582
scripted,86.0,34.0,12.0,13,1,0.362545
scripted,86.0,34.0,6.0,14,0,
scripted,86.0,34.0,8.0,14,0,
scripted,86.0,34.0,10.0,14,0,
scripted,86.0,34.0,12.0,14,0,
scripted,86.0,34.0,6.0,15,0,
scripted,86.0,34.0,8.0,15,0,
scripted,86.0,34.0,10.0,15,0,
scripted,86.0,34.0,12.0,15,0,
scripted,86.0,34.0,6.0,16,1,0.463089
scripted,86.0,34.0,8.0,16,1,0.372671
scripted,86.0,34.0,10.0,16,1,0.345971
scripted,86.0,34.0,12.0,16,1,0.334741
scripted,86.0,34.0,6.0,17,1,0.714797
scripted,86.0,34.0,8.0,17,1,0.570062
scripted,86.0,34.0,10.0,17,1,0.466123
scripted,86.0,34.0,12.0,17,1,0.451657
scripted,86.0,34.0,6.0,18,1,0.40964
scripted,86.0,34.0,8.0,18,1,0.285526
scripted,86.0,34.0,10.0,18,1,0.20473
scripted,86.0,34.0,12.0,18,1,0.163507
scripted,86.0,34.0,6.0,19,1,0.562036
scripted,86.0,34.0,8.0,19,1,0.403044
scripted,86.0,34.0,10.0,19,1,0.502057
scripted,86.0,34.0,12.0,19,1,0.451624
scripted,86.0,34.0,6.0,20,1,0.42149
scripted,86.0,34.0,8.0,20,1,0.481403
scripted,86.0,34.0,10.0,20,1,0.507807
scripted,86.0,34.0,12.0,20,1,0.505333
scripted,86.0,34.0,6.0,21,1,0.762112
scripted,86.0,34.0,8.0,21,1,0.625734
scripted,86.0,34.0,10.0,21,1,0.538606
scripted,86.0,34.0,12.0,21,1,0.501244
scripted,86.0,34.0,6.0,22,1,0.348079
scripted,86.0,34.0,8.0,22,1,0.323998
scripted,86.0,34.0,10.0,22,1,0.312926
scripted,86.0,34.0,12.0,22,1,0.313741
scripted,86.0,34.0,6.0,23,1,0.358305
scripted,86.0,34.0,8.0,23,1,0.382173
scripted,86.0,34.0,10.0,23,1,0.41737
scripted,86.0,34.0,12.0,23,1,0.407287
scripted,86.0,34.0,6.0,24,1,0.338499
scripted,86.0,34.0,8.0,24,1,0.500108
scripted,86.0,34.0,10.0,24,1,0.425781
scripted,86.0,34.0,12.0,24,1,0.361291
scripted,86.0,34.0,6.0,25,0,
scripted,86.0,34.0,8.0,25,1,0.498404
scripted,86.0,34.0,10.0,25,1,0.470759
scripted,86.0,34.0,12.0,25,1,0.454985
scripted,86.0,34.0,6.0,26,1,0.404724
scripted,86.0,34.0,8.0,26,1,0.316194
scripted,86.0,34.0,10.0,26,1,0.308181
scripted,86.0,34.0,12.0,26,1,0.311726
scripted,86.0,34.0,6.0,27,1,0.648796
scripted,86.0,34.0,8.0,27,1,0.567239
scripted,86.0,34.0,10.0,27,1,0.489482
scripted,86.0,34.0,12.0,27,1,0.443123
scripted,86.0,34.0,6.0,28,1,0.588234
scripted,86.0,34.0,8.0,28,1,0.514446
scripted,86.0,34.0,10.0,28,1,0.54975
scripted,86.0,34.0,12.0,28,1,0.484639
scripted,86.0,34.0,6.0,29,1,0.341009
scripted,86.0,34.0,8.0,29,1,0.251059
scripted,86.0,34.0,10.0,29,1,0.259346
scripted,86.0,34.0,12.0,29,1,0.24072
scripted,86.0,34.0,6.0,30,0,
scripted,86.0,34.0,8.0,30,0,
scripted,86.0,34.0,10.0,30,1,0.168527
scripted,86.0,34.0,12.0,30,1,0.193492
scripted,86.0,34.0,6.0,31,0,
scripted,86.0,34.0,8.0,31,0,
scripted,86.0,34.0,10.0,31,1,0.191749
scripted,86.0,34.0,12.0,31,1,0.27444
scripted,86.0,34.0,6.0,32,1,0.37549
scripted,86.0,34.0,8.0,32,1,0.378357
scripted,86.0,34.0,10.0,32,1,0.39135
scripted,86.0,34.0,12.0,32,1,0.389386
scripted,86.0,34.0,6.0,33,1,0.38732
scripted,86.0,34.0,8.0,33,1,0.345433
scripted,86.0,34.0,10.0,33,1,0.328313
scripted,86.0,34.0,12.0,33,1,0.31079
scripted,86.0,34.0,6.0,34,1,0.471883
scripted,86.0,34.0,8.0,34,1,0.529489
scripted,86.0,34.0,10.0,34,1,0.454479
scripted,86.0,34.0,12.0,34,1,0.376029
scripted,86.0,34.0,6.0,35,1,0.431412
scripted,86.0,34.0,8.0,35,1,0.367556
scripted,86.0,34.0,10.0,35,1,0.351088
scripted,86.0,34.0,12.0,35,1,0.338468
scripted,86.0,34.0,6.0,36,1,0.40773
scripted,86.0,34.0,8.0,36,1,0.442659
scripted,86.0,34.0,10.0,36,1,0.459402
scripted,86.0,34.0,12.0,36,1,0.466097
scripted,86.0,34.0,6.0,37,1,0.630249
scripted,86.0,34.0,8.0,37,1,0.576129
scripted,86.0,34.0,10.0,37,1,0.528891
scripted,86.0,34.0,12.0,37,1,0.505625
scripted,86.0,34.0,6.0,38,1,0.349095
scripted,86.0,34.0,8.0,38,1,0.312064
scripted,86.0,34.0,10.0,38,1,0.413306
scripted,86.0,34.0,12.0,38,1,0.401119
scripted,86.0,34.0,6.0,39,1,0.385875
scripted,86.0,34.0,8.0,39,1,0.323798
scripted,86.0,34.0,10.0,39,1,0.425972
scripted,86.0,34.0,12.0,39,1,0.357462
scripted,86.0,34.0,6.0,40,1,0.32427
scripted,86.0,34.0,8.0,40,1,0.33236
scripted,86.0,34.0,10.0,40,1,0.327261
scripted,86.0,34.0,12.0,40,1,0.309503
scripted,86.0,34.0,6.0,41,1,0.632784
scripted,86.0,34.0,8.0,41,1,0.513262
scripted,86.0,34.0,10.0,41,1,0.578371
scripted,86.0,34.0,12.0,41,1,0.511213
scripted,86.0,34.0,6.0,42,0,
scripted,86.0,34.0,8.0,42,0,
scripted,86.0,34.0,10.0,42,0,
scripted,86.0,34.0,12.0,42,0,
scripted,86.0,34.0,6.0,43,1,0.38839
scripted,86.0,34.0,8.0,43,1,0.398934
scripted,86.0,34.0,10.0,43,1,0.396973
scripted,86.0,34.0,12.0,43,1,0.390214
scripted,86.0,34.0,6.0,44,1,0.677831
scripted,86.0,34.0,8.0,44,1,0.559077
scripted,86.0,34.0,10.0,44,1,0.50911
scripted,86.0,34.0,12.0,44,1,0.502645
scripted,86.0,34.0,6.0,45,1,0.69437
scripted,86.0,34.0,8.0,45,1,0.582598
scripted,86.0,34.0,10.0,45,1,0.459528
scripted,86.0,34.0,12.0,45,1,0.378958
scripted,86.0,34.0,6.0,46,1,0.442548
scripted,86.0,34.0,8.0,46,1,0.350633
scripted,86.0,34.0,10.0,46,1,0.457706
scripted,86.0,34.0,12.0,46,1,0.421738
scripted,86.0,34.0,6.0,47,1,0.694709
scripted,86.0,34.0,8.0,47,1,0.564598
scripted,86.0,34.0,10.0,47,1,0.496148
scripted,86.0,34.0,12.0,47,1,0.475006
scripted,86.0,34.0,6.0,48,1,0.3361
scripted,86.0,34.0,8.0,48,1,0.459807
scripted,86.0,34.0,10.0,48,1,0.439958
scripted,86.0,34.0,12.0,48,1,0.385736
scripted,86.0,34.0,6.0,49,1,0.922698
scripted,86.0,34.0,8.0,49,1,0.809719
scripted,86.0,34.0,10.0,49,1,0.680905
scripted,86.0,34.0,12.0,49,1,0.592098
scripted,86.0,34.0,6.0,50,1,0.740209
scripted,86.0,34.0,8.0,50,1,0.580921
scripted,86.0,34.0,10.0,50,1,0.49355
scripted,86.0,34.0,12.0,50,1,0.474506
scripted,86.0,34.0,6.0,51,1,0.500756
scripted,86.0,34.0,8.0,51,1,0.396362
scripted,86.0,34.0,10.0,51,1,0.420499
scripted,86.0,34.0,12.0,51,1,0.42779
scripted,86.0,34.0,6.0,52,1,0.47077
scripted,86.0,34.0,8.0,52,1,0.471814
scripted,86.0,34.0,10.0,52,1,0.435881
scripted,86.0,34.0,12.0,52,1,0.408022
scripted,86.0,34.0,6.0,53,1,0.278919
scripted,86.0,34.0,8.0,53,1,0.35465
scripted,86.0,34.0,10.0,53,1,0.45814
scripted,86.0,34.0,12.0,53,1,0.451304
scripted,86.0,34.0,6.0,54,1,0.545423
scripted,86.0,34.0,8.0,54,1,0.447706
scripted,86.0,34.0,10.0,54,1,0.379889
scripted,86.0,34.0,12.0,54,1,0.330904
scripted,86.0,34.0,6.0,55,1,0.356983
scripted,86.0,34.0,8.0,55,1,0.38978
scripted,86.0,34.0,10.0,55,1,0.45326
scripted,86.0,34.0,12.0,55,1,0.43852
scripted,86.0,34.0,6.0,56,1,0.612872
scripted,86.0,34.0,8.0,56,1,0.641161
scripted,86.0,34.0,10.0,56,1,0.638226
scripted,86.0,34.0,12.0,56,1,0.60323
scripted,86.0,34.0,6.0,57,1,0.545434
scripted,86.0,34.0,8.0,57,1,0.481313
scripted,86.0,34.0,10.0,57,1,0.5799
scripted,86.0,34.0,12.0,57,1,0.570159
scripted,86.0,34.0,6.0,58,1,0.486989
scripted,86.0,34.0,8.0,58,1,0.361462
scripted,86.0,34.0,10.0,58,1,0.428889
scripted,86.0,34.0,12.0,58,1,0.399929
scripted,86.0,34.0,6.0,59,1,0.816235
scripted,86.0,34.0,8.0,59,1,0.671819
scripted,86.0,34.0,10.0,59,1,0.554165
scripted,86.0,34.0,12.0,59,1,0.533106
scripted,86.0,34.0,6.0,60,1,0.229364
scripted,86.0,34.0,8.0,60,1,0.406399
scripted,86.0,34.0,10.0,60,1,0.32529
scripted,86.0,34.0,12.0,60,1,0.283917
scripted,86.0,34.0,6.0,61,1,0.523583
scripted,86.0,34.0,8.0,61,1,0.38956
scripted,86.0,34.0,10.0,61,1,0.371431
scripted,86.0,34.0,12.0,61,1,0.355043
scripted,86.0,34.0,6.0,62,1,0.893996
scripted,86.0,34.0,8.0,62,1,0.823855
scripted,86.0,34.0,10.0,62,1,0.702811
scripted,86.0,34.0,12.0,62,1,0.628259
scripted,86.0,34.0,6.0,63,0,
scripted,86.0,34.0,8.0,63,0,
scripted,86.0,34.0,10.0,63,0,
scripted,86.0,34.0,12.0,63,0,
scripted,86.0,34.0,6.0,64,1,0.251871
scripted,86.0,34.0,8.0,64,1,0.439136
scripted,86.0,34.0,10.0,64,1,0.419828
scripted,86.0,34.0,12.0,64,1,0.412226
scripted,86.0,34.0,6.0,65,1,0.247281
scripted,86.0,34.0,8.0,65,1,0.454107
scripted,86.0,34.0,10.0,65,1,0.404492
scripted,86.0,34.0,12.0,65,1,0.36966
scripted,86.0,34.0,6.0,66,0,
scripted,86.0,34.0,8.0,66,0,
scripted,86.0,34.0,10.0,66,1,0.238923
scripted,86.0,34.0,12.0,66,1,0.351111
scripted,86.0,34.0,6.0,67,1,0.41578
scripted,86.0,34.0,8.0,67,1,0.445512
scripted,86.0,34.0,10.0,67,1,0.4652
scripted,86.0,34.0,12.0,67,1,0.4423
scripted,86.0,34.0,6.0,68,1,0.468366
scripted,86.0,34.0,8.0,68,1,0.365127
scripted,86.0,34.0,10.0,68,1,0.480864
scripted,86.0,34.0,12.0,68,1,0.434139
scripted,86.0,34.0,6.0,69,1,0.450633
scripted,86.0,34.0,8.0,69,1,0.419215
scripted,86.0,34.0,10.0,69,1,0.398525
scripted,86.0,34.0,12.0,69,1,0.391647
scripted,86.0,34.0,6.0,70,1,0.500698
scripted,86.0,34.0,8.0,70,1,0.402027
scripted,86.0,34.0,10.0,70,1,0.363476
scripted,86.0,34.0,12.0,70,1,0.395261
scripted,86.0,34.0,6.0,71,1,0.468773
scripted,86.0,34.0,8.0,71,1,0.358007
scripted,86.0,34.0,10.0,71,1,0.308073
scripted,86.0,34.0,12.0,71,1,0.294761
scripted,86.0,34.0,6.0,72,1,0.541797
scripted,86.0,34.0,8.0,72,1,0.457809
scripted,86.0,34.0,10.0,72,1,0.435929
scripted,86.0,34.0,12.0,72,1,0.425841
scripted,86.0,34.0,6.0,73,1,0.520361
scripted,86.0,34.0,8.0,73,1,0.463051
scripted,86.0,34.0,10.0,73,1,0.38873
scripted,86.0,34.0,12.0,73,1,0.390367
scripted,86.0,34.0,6.0,74,1,0.684495
scripted,86.0,34.0,8.0,74,1,0.566161
scripted,86.0,34.0,10.0,74,1,0.46427
scripted,86.0,34.0,12.0,74,1,0.440021
scripted,86.0,34.0,6.0,75,1,0.562157
scripted,86.0,34.0,8.0,75,1,0.468346
scripted,86.0,34.0,10.0,75,1,0.432738
scripted,86.0,34.0,12.0,75,1,0.420516
scripted,86.0,34.0,6.0,76,1,0.635245
scripted,86.0,34.0,8.0,76,1,0.669388
scripted,86.0,34.0,10.0,76,1,0.616102
scripted,86.0,34.0,12.0,76,1,0.571844
scripted,86.0,34.0,6.0,77,1,0.360222
scripted,86.0,34.0,8.0,77,1,0.376186
scripted,86.0,34.0,10.0,77,1,0.366045
scripted,86.0,34.0,12.0,77,1,0.35375
scripted,86.0,34.0,6.0,78,1,0.603196
scripted,86.0,34.0,8.0,78,1,0.499369
scripted,86.0,34.0,10.0,78,1,0.404507
scripted,86.0,34.0,12.0,78,1,0.327014
scripted,86.0,34.0,6.0,79,1,0.44267
scripted,86.0,34.0,8.0,79,1,0.397174
scripted,86.0,34.0,10.0,79,1,0.521605
scripted,86.0,34.0,12.0,79,1,0.519087
scripted,86.0,34.0,6.0,80,1,0.629552
scripted,86.0,34.0,8.0,80,1,0.503879
scripted,86.0,34.0,10.0,80,1,0.454003
scripted,86.0,34.0,12.0,80,1,0.43564
scripted,86.0,34.0,6.0,81,1,0.379323
scripted,86.0,34.0,8.0,81,1,0.375404
scripted,86.0,34.0,10.0,81,1,0.393525
scripted,86.0,34.0,12.0,81,1,0.411165
scripted,86.0,34.0,6.0,82,0,
scripted,86.0,34.0,8.0,82,0,
scripted,86.0,34.0,10.0,82,0,
scripted,86.0,34.0,12.0,82,0,
scripted,86.0,34.0,6.0,83,1,0.490561
scripted,86.0,34.0,8.0,83,1,0.454428
scripted,86.0,34.0,10.0,83,1,0.457007
scripted,86.0,34.0,12.0,83,1,0.433531
scripted,86.0,34.0,6.0,84,1,0.619683
scripted,86.0,34.0,8.0,84,1,0.560784
scripted,86.0,34.0,10.0,84,1,0.501199
scripted,86.0,34.0,12.0,84,1,0.465645
scripted,86.0,34.0,6.0,85,1,0.623003
scripted,86.0,34.0,8.0,85,1,0.502973
scripted,86.0,34.0,10.0,85,1,0.485311
scripted,86.0,34.0,12.0,85,1,0.482361
scripted,86.0,34.0,6.0,86,1,0.515123
scripted,86.0,34.0,8.0,86,1,0.453451
scripted,86.0,34.0,10.0,86,1,0.429108
scripted,86.0,34.0,12.0,86,1,0.436986
scripted,86.0,34.0,6.0,87,1,0.515154
scripted,86.0,34.0,8.0,87,1,0.406283
scripted,86.0,34.0,10.0,87,1,0.326627
scripted,86.0,34.0,12.0,87,1,0.280502
scripted,86.0,34.0,6.0,88,1,0.64808
scripted,86.0,34.0,8.0,88,1,0.55696
scripted,86.0,34.0,10.0,88,1,0.548699
scripted,86.0,34.0,12.0,88,1,0.545585
scripted,86.0,34.0,6.0,89,1,0.421178
scripted,86.0,34.0,8.0,89,1,0.405495
scripted,86.0,34.0,10.0,89,1,0.391903
scripted,86.0,34.0,12.0,89,1,0.390748
scripted,86.0,34.0,6.0,90,1,0.604597
scripted,86.0,34.0,8.0,90,1,0.508898
scripted,86.0,34.0,10.0,90,1,0.459448
scripted,86.0,34.0,12.0,90,1,0.454244
scripted,86.0,34.0,6.0,91,1,0.331127
scripted,86.0,34.0,8.0,91,1,0.272115
scripted,86.0,34.0,10.0,91,1,0.589265
scripted,86.0,34.0,12.0,91,1,0.506674
scripted,86.0,34.0,6.0,92,1,0.639588
scripted,86.0,34.0,8.0,92,1,0.499038
scripted,86.0,34.0,10.0,92,1,0.431628
scripted,86.0,34.0,12.0,92,1,0.418981
scripted,86.0,34.0,6.0,93,1,0.415853
scripted,86.0,34.0,8.0,93,1,0.498887
scripted,86.0,34.0,10.0,93,1,0.458478
scripted,86.0,34.0,12.0,93,1,0.415941
scripted,86.0,34.0,6.0,94,1,0.541241
scripted,86.0,34.0,8.0,94,1,0.483315
scripted,86.0,34.0,10.0,94,1,0.469622
scripted,86.0,34.0,12.0,94,1,0.473455
scripted,86.0,34.0,6.0,95,1,0.661693
scripted,86.0,34.0,8.0,95,1,0.548224
scripted,86.0,34.0,10.0,95,1,0.4687
scripted,86.0,34.0,12.0,95,1,0.48741
scripted,86.0,34.0,6.0,96,1,0.271895
scripted,86.0,34.0,8.0,96,1,0.251346
scripted,86.0,34.0,10.0,96,1,0.246155
scripted,86.0,34.0,12.0,96,1,0.236401
scripted,86.0,34.0,6.0,97,1,0.531923
scripted,86.0,34.0,8.0,97,1,0.408984
scripted,86.0,34.0,10.0,97,1,0.319304
scripted,86.0,34.0,12.0,97,1,0.311797
scripted,86.0,34.0,6.0,98,1,0.493444
scripted,86.0,34.0,8.0,98,1,0.451716
scripted,86.0,34.0,10.0,98,1,0.41856
scripted,86.0,34.0,12.0,98,1,0.389822
scripted,86.0,34.0,6.0,99,1,0.433141
scripted,86.0,34.0,8.0,99,1,0.403534
scripted,86.0,34.0,10.0,99,1,0.499254
scripted,86.0,34.0,12.0,99,1,0.4215
scripted,86.0,34.0,6.0,100,0,
scripted,86.0,34.0,8.0,100,1,0.421491
scripted,86.0,34.0,10.0,100,1,0.33761
scripted,86.0,34.0,12.0,100,1,0.2884
scripted,86.0,34.0,6.0,101,1,0.451556
scripted,86.0,34.0,8.0,101,1,0.470275
scripted,86.0,34.0,10.0,101,1,0.471609
scripted,86.0,34.0,12.0,101,1,0.475627
scripted,86.0,34.0,6.0,102,1,0.450416
scripted,86.0,34.0,8.0,102,1,0.501194
scripted,86.0,34.0,10.0,102,1,0.550746
scripted,86.0,34.0,12.0,102,1,0.558007
scripted,86.0,34.0,6.0,103,1,0.594527
scripted,86.0,34.0,8.0,103,1,0.496242
scripted,86.0,34.0,10.0,103,1,0.490534
scripted,86.0,34.0,12.0,103,1,0.550772
scripted,86.0,34.0,6.0,104,0,
scripted,86.0,34.0,8.0,104,0,
scripted,86.0,34.0,10.0,104,0,
scripted,86.0,34.0,12.0,104,0,
scripted,86.0,34.0,6.0,105,1,0.499225
scripted,86.0,34.0,8.0,105,1,0.525174
scripted,86.0,34.0,10.0,105,1,0.523571
scripted,86.0,34.0,12.0,105,1,0.528337
scripted,86.0,34.0,6.0,106,1,0.489281
scripted,86.0,34.0,8.0,106,1,0.397129
scripted,86.0,34.0,10.0,106,1,0.393303
scripted,86.0,34.0,12.0,106,1,0.391807
scripted,86.0,34.0,6.0,107,1,0.681435
scripted,86.0,34.0,8.0,107,1,0.592689
scripted,86.0,34.0,10.0,107,1,0.53232
scripted,86.0,34.0,12.0,107,1,0.482997
scripted,86.0,34.0,6.0,108,1,0.44571
scripted,86.0,34.0,8.0,108,1,0.349318
scripted,86.0,34.0,10.0,108,1,0.358468
scripted,86.0,34.0,12.0,108,1,0.368573
scripted,86.0,34.0,6.0,109,0,
scripted,86.0,34.0,8.0,109,0,
scripted,86.0,34.0,10.0,109,1,0.375335
scripted,86.0,34.0,12.0,109,1,0.335389
scripted,86.0,34.0,6.0,110,1,0.437448
scripted,86.0,34.0,8.0,110,1,0.525264
scripted,86.0,34.0,10.0,110,1,0.526878
scripted,86.0,34.0,12.0,110,1,0.494269
scripted,86.0,34.0,6.0,111,1,0.521079
scripted,86.0,34.0,8.0,111,1,0.541469
scripted,86.0,34.0,10.0,111,1,0.55692
scripted,86.0,34.0,12.0,111,1,0.544966
scripted,86.0,34.0,6.0,112,1,0.346458
scripted,86.0,34.0,8.0,112,1,0.461844
scripted,86.0,34.0,10.0,112,1,0.396079
scripted,86.0,34.0,12.0,112,1,0.341379
scripted,86.0,34.0,6.0,113,0,
scripted,86.0,34.0,8.0,113,1,0.41299
scripted,86.0,34.0,10.0,113,1,0.33503
scripted,86.0,34.0,12.0,113,1,0.298854
scripted,86.0,34.0,6.0,114,1,0.533749
scripted,86.0,34.0,8.0,114,1,0.39287
scripted,86.0,34.0,10.0,114,1,0.468497
scripted,86.0,34.0,12.0,114,1,0.428167
scripted,86.0,34.0,6.0,115,0,
scripted,86.0,34.0,8.0,115,1,0.171966
scripted,86.0,34.0,10.0,115,1,0.176064
scripted,86.0,34.0,12.0,115,1,0.172327
scripted,86.0,34.0,6.0,116,1,0.416524
scripted,86.0,34.0,8.0,116,1,0.380836
scripted,86.0,34.0,10.0,116,1,0.339742
scripted,86.0,34.0,12.0,116,1,0.336784
scripted,86.0,34.0,6.0,117,0,
scripted,86.0,34.0,8.0,117,0,
scripted,86.0,34.0,10.0,117,0,
scripted,86.0,34.0,12.0,117,0,
scripted,86.0,34.0,6.0,118,0,
scripted,86.0,34.0,8.0,118,0,
scripted,86.0,34.0,10.0,118,0,
scripted,86.0,34.0,12.0,118,0,
scripted,86.0,34.0,6.0,119,1,0.58777
scripted,86.0,34.0,8.0,119,1,0.487598
scripted,86.0,34.0,10.0,119,1,0.413603
scripted,86.0,34.0,12.0,119,1,0.399893
scripted,86.0,34.0,6.0,120,0,
scripted,86.0,34.0,8.0,120,0,
scripted,86.0,34.0,10.0,120,0,
scripted,86.0,34.0,12.0,120,0,
scripted,86.0,34.0,6.0,121,1,0.385435
scripted,86.0,34.0,8.0,121,1,0.323154
scripted,86.0,34.0,10.0,121,1,0.364546
scripted,86.0,34.0,12.0,121,1,0.393356
scripted,86.0,34.0,6.0,122,0,
scripted,86.0,34.0,8.0,122,0,
scripted,86.0,34.0,10.0,122,0,
scripted,86.0,34.0,12.0,122,0,
scripted,86.0,34.0,6.0,123,0,
scripted,86.0,34.0,8.0,123,0,
scripted,86.0,34.0,10.0,123,0,
scripted,86.0,34.0,12.0,123,1,0.280539
scripted,86.0,34.0,6.0,124,1,0.426581
scripted,86.0,34.0,8.0,124,1,0.302352
scripted,86.0,34.0,10.0,124,1,0.232213
scripted,86.0,34.0,12.0,124,1,0.214641
scripted,86.0,34.0,6.0,125,1,0.476445
scripted,86.0,34.0,8.0,125,1,0.418509
scripted,86.0,34.0,10.0,125,1,0.415587
scripted,86.0,34.0,12.0,125,1,0.445518
scripted,86.0,34.0,6.0,126,1,0.29014
scripted,86.0,34.0,8.0,126,1,0.275065
scripted,86.0,34.0,10.0,126,1,0.255249
scripted,86.0,34.0,12.0,126,1,0.250703
scripted,86.0,34.0,6.0,127,1,0.569801
scripted,86.0,34.0,8.0,127,1,0.504627
scripted,86.0,34.0,10.0,127,1,0.484074
scripted,86.0,34.0,12.0,127,1,0.497486
scripted,86.0,34.0,6.0,128,0,
scripted,86.0,34.0,8.0,128,0,
scripted,86.0,34.0,10.0,128,0,
scripted,86.0,34.0,12.0,128,0,
scripted,86.0,34.0,6.0,129,1,0.67168
scripted,86.0,34.0,8.0,129,1,0.563068
scripted,86.0,34.0,10.0,129,1,0.511936
scripted,86.0,34.0,12.0,129,1,0.484409
scripted,86.0,34.0,6.0,130,1,0.39749
scripted,86.0,34.0,8.0,130,1,0.329431
scripted,86.0,34.0,10.0,130,1,0.445841
scripted,86.0,34.0,12.0,130,1,0.38518
scripted,86.0,34.0,6.0,131,0,
scripted,86.0,34.0,8.0,131,1,0.268425
scripted,86.0,34.0,10.0,131,1,0.282253
scripted,86.0,34.0,12.0,131,1,0.280097
scripted,86.0,34.0,6.0,132,1,0.454051
scripted,86.0,34.0,8.0,132,1,0.388969
scripted,86.0,34.0,10.0,132,1,0.492964
scripted,86.0,34.0,12.0,132,1,0.527585
scripted,86.0,34.0,6.0,133,1,0.64039
scripted,86.0,34.0,8.0,133,1,0.45996
scripted,86.0,34.0,10.0,133,1,0.35078
scripted,86.0,34.0,12.0,133,1,0.304727
scripted,86.0,34.0,6.0,134,1,0.596647
scripted,86.0,34.0,8.0,134,1,0.496356
scripted,86.0,34.0,10.0,134,1,0.41497
scripted,86.0,34.0,12.0,134,1,0.395709
scripted,86.0,34.0,6.0,135,1,0.634162
scripted,86.0,34.0,8.0,135,1,0.481756
scripted,86.0,34.0,10.0,135,1,0.394461
scripted,86.0,34.0,12.0,135,1,0.376249
scripted,86.0,34.0,6.0,136,0,
scripted,86.0,34.0,8.0,136,1,0.326531
scripted,86.0,34.0,10.0,136,1,0.315546
scripted,86.0,34.0,12.0,136,1,0.319615
scripted,86.0,34.0,6.0,137,1,0.615022
scripted,86.0,34.0,8.0,137,1,0.478035
scripted,86.0,34.0,10.0,137,1,0.395308
scripted,86.0,34.0,12.0,137,1,0.343001
scripted,86.0,34.0,6.0,138,0,
scripted,86.0,34.0,8.0,138,1,0.198881
scripted,86.0,34.0,10.0,138,1,0.157119
scripted,86.0,34.0,12.0,138,1,0.136759
scripted,86.0,34.0,6.0,139,0,
scripted,86.0,34.0,8.0,139,1,0.255662
scripted,86.0,34.0,10.0,139,1,0.260942
scripted,86.0,34.0,12.0,139,1,0.281509
scripted,86.0,34.0,6.0,140,1,0.493018
scripted,86.0,34.0,8.0,140,1,0.403698
scripted,86.0,34.0,10.0,140,1,0.415706
scripted,86.0,34.0,12.0,140,1,0.438073
scripted,86.0,34.0,6.0,141,1,0.442326
scripted,86.0,34.0,8.0,141,1,0.519817
scripted,86.0,34.0,10.0,141,1,0.64627
scripted,86.0,34.0,12.0,141,1,0.604174
scripted,86.0,34.0,6.0,142,1,0.436721
scripted,86.0,34.0,8.0,142,1,0.440105
scripted,86.0,34.0,10.0,142,1,0.428398
scripted,86.0,34.0,12.0,142,1,0.415481
scripted,86.0,34.0,6.0,143,1,0.61897
scripted,86.0,34.0,8.0,143,1,0.532815
scripted,86.0,34.0,10.0,143,1,0.509486
scripted,86.0,34.0,12.0,143,1,0.491212
scripted,86.0,34.0,6.0,144,1,0.501854
scripted,86.0,34.0,8.0,144,1,0.343324
scripted,86.0,34.0,10.0,144,1,0.345496
scripted,86.0,34.0,12.0,144,1,0.33757
scripted,86.0,34.0,6.0,145,1,0.646904
scripted,86.0,34.0,8.0,145,1,0.584813
scripted,86.0,34.0,10.0,145,1,0.506218
scripted,86.0,34.0,12.0,145,1,0.45589
scripted,86.0,34.0,6.0,146,1,0.532848
scripted,86.0,34.0,8.0,146,1,0.54241
scripted,86.0,34.0,10.0,146,1,0.517291
scripted,86.0,34.0,12.0,146,1,0.474787
scripted,86.0,34.0,6.0,147,1,0.425367
scripted,86.0,34.0,8.0,147,1,0.40761
scripted,86.0,34.0,10.0,147,1,0.406796
scripted,86.0,34.0,12.0,147,1,0.369231
scripted,86.0,34.0,6.0,148,0,
scripted,86.0,34.0,8.0,148,0,
scripted,86.0,34.0,10.0,148,1,0.341514
scripted,86.0,34.0,12.0,148,1,0.347002
scripted,86.0,34.0,6.0,149,1,0.554972
scripted,86.0,34.0,8.0,149,1,0.551805
scripted,86.0,34.0,10.0,149,1,0.494747
scripted,86.0,34.0,12.0,149,1,0.500586
scripted,86.0,34.0,6.0,150,1,0.505256
scripted,86.0,34.0,8.0,150,1,0.431343
scripted,86.0,34.0,10.0,150,1,0.444728
scripted,86.0,34.0,12.0,150,1,0.433238
scripted,86.0,34.0,6.0,151,1,0.48346
scripted,86.0,34.0,8.0,151,1,0.365739
scripted,86.0,34.0,10.0,151,1,0.482243
scripted,86.0,34.0,12.0,151,1,0.433586
scripted,86.0,34.0,6.0,152,1,0.649721
scripted,86.0,34.0,8.0,152,1,0.52488
scripted,86.0,34.0,10.0,152,1,0.483458
scripted,86.0,34.0,12.0,152,1,0.481097
scripted,86.0,34.0,6.0,153,1,0.353108
scripted,86.0,34.0,8.0,153,1,0.359632
scripted,86.0,34.0,10.0,153,1,0.416803
scripted,86.0,34.0,12.0,153,1,0.416775
scripted,86.0,34.0,6.0,154,0,
scripted,86.0,34.0,8.0,154,1,0.509852
scripted,86.0,34.0,10.0,154,1,0.426031
scripted,86.0,34.0,12.0,154,1,0.358194
scripted,86.0,34.0,6.0,155,1,0.577798
scripted,86.0,34.0,8.0,155,1,0.51254
scripted,86.0,34.0,10.0,155,1,0.532588
scripted,86.0,34.0,12.0,155,1,0.53616
scripted,86.0,34.0,6.0,156,0,
scripted,86.0,34.0,8.0,156,1,0.137129
scripted,86.0,34.0,10.0,156,1,0.290564
scripted,86.0,34.0,12.0,156,1,0.260974
scripted,86.0,34.0,6.0,157,1,0.317475
scripted,86.0,34.0,8.0,157,1,0.316139
scripted,86.0,34.0,10.0,157,1,0.329142
scripted,86.0,34.0,12.0,157,1,0.326674
scripted,86.0,34.0,6.0,158,1,0.856395
scripted,86.0,34.0,8.0,158,1,0.915681
scripted,86.0,34.0,10.0,158,1,0.905831
scripted,86.0,34.0,12.0,158,1,0.827811
scripted,86.0,34.0,6.0,159,0,
scripted,86.0,34.0,8.0,159,1,0.499775
scripted,86.0,34.0,10.0,159,1,0.449954
scripted,86.0,34.0,12.0,159,1,0.414901
scripted,86.0,34.0,6.0,160,0,
scripted,86.0,34.0,8.0,160,0,
scripted,86.0,34.0,10.0,160,0,
scripted,86.0,34.0,12.0,160,0,
scripted,86.0,34.0,6.0,161,1,0.598476
scripted,86.0,34.0,8.0,161,1,0.424727
scripted,86.0,34.0,10.0,161,1,0.370317
scripted,86.0,34.0,12.0,161,1,0.337437
scripted,86.0,34.0,6.0,162,1,0.560647
scripted,86.0,34.0,8.0,162,1,0.500749
scripted,86.0,34.0,10.0,162,1,0.471841
scripted,86.0,34.0,12.0,162,1,0.431565
scripted,86.0,34.0,6.0,163,1,0.371302
scripted,86.0,34.0,8.0,163,1,0.30734
scripted,86.0,34.0,10.0,163,1,0.390199
scripted,86.0,34.0,12.0,163,1,0.339871
scripted,86.0,34.0,6.0,164,0,
scripted,86.0,34.0,8.0,164,0,
scripted,86.0,34.0,10.0,164,0,
scripted,86.0,34.0,12.0,164,0,
scripted,86.0,34.0,6.0,165,1,0.472818
scripted,86.0,34.0,8.0,165,1,0.351667
scripted,86.0,34.0,10.0,165,1,0.303224
scripted,86.0,34.0,12.0,165,1,0.288441
scripted,86.0,34.0,6.0,166,1,0.619381
scripted,86.0,34.0,8.0,166,1,0.584536
scripted,86.0,34.0,10.0,166,1,0.601065
scripted,86.0,34.0,12.0,166,1,0.60219
scripted,86.0,34.0,6.0,167,1,0.323487
scripted,86.0,34.0,8.0,167,1,0.341569
scripted,86.0,34.0,10.0,167,1,0.355619
scripted,86.0,34.0,12.0,167,1,0.343869
scripted,86.0,34.0,6.0,168,1,0.512237
scripted,86.0,34.0,8.0,168,1,0.537978
scripted,86.0,34.0,10.0,168,1,0.519187
scripted,86.0,34.0,12.0,168,1,0.491212
scripted,86.0,34.0,6.0,169,1,0.634019
scripted,86.0,34.0,8.0,169,1,0.57828
scripted,86.0,34.0,10.0,169,1,0.576936
scripted,86.0,34.0,12.0,169,1,0.564245
scripted,86.0,34.0,6.0,170,1,0.52404
scripted,86.0,34.0,8.0,170,1,0.621829
scripted,86.0,34.0,10.0,170,1,0.543522
scripted,86.0,34.0,12.0,170,1,0.496852
scripted,86.0,34.0,6.0,171,1,0.383639
scripted,86.0,34.0,8.0,171,1,0.41928
scripted,86.0,34.0,10.0,171,1,0.458487
scripted,86.0,34.0,12.0,171,1,0.420266
scripted,86.0,34.0,6.0,172,1,0.490041
scripted,86.0,34.0,8.0,172,1,0.378235
scripted,86.0,34.0,10.0,172,1,0.31859
scripted,86.0,34.0,12.0,172,1,0.316839
scripted,86.0,34.0,6.0,173,1,0.57374
scripted,86.0,34.0,8.0,173,1,0.434582
scripted,86.0,34.0,10.0,173,1,0.406721
scripted,86.0,34.0,12.0,173,1,0.405753
scripted,86.0,34.0,6.0,174,0,
scripted,86.0,34.0,8.0,174,0,
scripted,86.0,34.0,10.0,174,0,
scripted,86.0,34.0,12.0,174,1,0.261582
scripted,86.0,34.0,6.0,175,1,0.334677
scripted,86.0,34.0,8.0,175,1,0.545614
scripted,86.0,34.0,10.0,175,1,0.534499
scripted,86.0,34.0,12.0,175,1,0.511119
scripted,86.0,34.0,6.0,176,1,0.613155
scripted,86.0,34.0,8.0,176,1,0.541326
scripted,86.0,34.0,10.0,176,1,0.479835
scripted,86.0,34.0,12.0,176,1,0.428321
scripted,86.0,34.0,6.0,177,1,0.480786
scripted,86.0,34.0,8.0,177,1,0.451967
scripted,86.0,34.0,10.0,177,1,0.500979
scripted,86.0,34.0,12.0,177,1,0.526695
scripted,86.0,34.0,6.0,178,1,0.366167
scripted,86.0,34.0,8.0,178,1,0.37509
scripted,86.0,34.0,10.0,178,1,0.370973
scripted,86.0,34.0,12.0,178,1,0.367904
scripted,86.0,34.0,6.0,179,1,0.438748
scripted,86.0,34.0,8.0,179,1,0.410968
scripted,86.0,34.0,10.0,179,1,0.366008
scripted,86.0,34.0,12.0,179,1,0.353819
scripted,86.0,34.0,6.0,180,1,0.411056
scripted,86.0,34.0,8.0,180,1,0.325669
scripted,86.0,34.0,10.0,180,1,0.297016
scripted,86.0,34.0,12.0,180,1,0.301757
scripted,86.0,34.0,6.0,181,1,0.667715
scripted,86.0,34.0,8.0,181,1,0.629902
scripted,86.0,34.0,10.0,181,1,0.554072
scripted,86.0,34.0,12.0,181,1,0.497187
scripted,86.0,34.0,6.0,182,1,0.610809
scripted,86.0,34.0,8.0,182,1,0.493687
scripted,86.0,34.0,10.0,182,1,0.380161
scripted,86.0,34.0,12.0,182,1,0.358454
scripted,86.0,34.0,6.0,183,1,0.58428
scripted,86.0,34.0,8.0,183,1,0.470717
scripted,86.0,34.0,10.0,183,1,0.47396
scripted,86.0,34.0,12.0,183,1,0.425543
scripted,86.0,34.0,6.0,184,0,
scripted,86.0,34.0,8.0,184,0,
scripted,86.0,34.0,10.0,184,0,
scripted,86.0,34.0,12.0,184,0,
scripted,86.0,34.0,6.0,185,1,0.506382
scripted,86.0,34.0,8.0,185,1,0.457324
scripted,86.0,34.0,10.0,185,1,0.45774
scripted,86.0,34.0,12.0,185,1,0.439397
scripted,86.0,34.0,6.0,186,1,0.413043
scripted,86.0,34.0,8.0,186,1,0.32354
scripted,86.0,34.0,10.0,186,1,0.290335
scripted,86.0,34.0,12.0,186,1,0.295893
scripted,86.0,34.0,6.0,187,1,0.57223
scripted,86.0,34.0,8.0,187,1,0.482499
scripted,86.0,34.0,10.0,187,1,0.418928
scripted,86.0,34.0,12.0,187,1,0.387859
scripted,86.0,34.0,6.0,188,0,
scripted,86.0,34.0,8.0,188,1,0.347599
scripted,86.0,34.0,10.0,188,1,0.307187
scripted,86.0,34.0,12.0,188,1,0.271917
scripted,86.0,34.0,6.0,189,1,0.572107
scripted,86.0,34.0,8.0,189,1,0.479332
scripted,86.0,34.0,10.0,189,1,0.429414
scripted,86.0,34.0,12.0,189,1,0.428493
scripted,86.0,34.0,6.0,190,0,
scripted,86.0,34.0,8.0,190,1,0.403278
scripted,86.0,34.0,10.0,190,1,0.393142
scripted,86.0,34.0,12.0,190,1,0.369468
scripted,86.0,34.0,6.0,191,1,0.545447
scripted,86.0,34.0,8.0,191,1,0.444311
scripted,86.0,34.0,10.0,191,1,0.426789
scripted,86.0,34.0,12.0,191,1,0.41462
scripted,86.0,34.0,6.0,192,1,0.49517
scripted,86.0,34.0,8.0,192,1,0.425939
scripted,86.0,34.0,10.0,192,1,0.412284
scripted,86.0,34.0,12.0,192,1,0.413436
scripted,86.0,34.0,6.0,193,0,
scripted,86.0,34.0,8.0,193,1,0.508843
scripted,86.0,34.0,10.0,193,1,0.423661
scripted,86.0,34.0,12.0,193,1,0.364849
scripted,86.0,34.0,6.0,194,1,0.483662
scripted,86.0,34.0,8.0,194,1,0.536454
scripted,86.0,34.0,10.0,194,1,0.538184
scripted,86.0,34.0,12.0,194,1,0.521912
scripted,86.0,34.0,6.0,195,1,0.398446
scripted,86.0,34.0,8.0,195,1,0.255159
scripted,86.0,34.0,10.0,195,1,0.177071
scripted,86.0,34.0,12.0,195,1,0.177452
scripted,86.0,34.0,6.0,196,1,0.454924
scripted,86.0,34.0,8.0,196,1,0.450346
scripted,86.0,34.0,10.0,196,1,0.438609
scripted,86.0,34.0,12.0,196,1,0.428206
scripted,86.0,34.0,6.0,197,0,
scripted,86.0,34.0,8.0,197,1,0.262818
scripted,86.0,34.0,10.0,197,1,0.404378
scripted,86.0,34.0,12.0,197,1,0.378328
scripted,86.0,34.0,6.0,198,0,
scripted,86.0,34.0,8.0,198,0,
scripted,86.0,34.0,10.0,198,0,
scripted,86.0,34.0,12.0,198,0,
scripted,86.0,34.0,6.0,199,1,0.337961
scripted,86.0,34.0,8.0,199,1,0.459103
scripted,86.0,34.0,10.0,199,1,0.462821
scripted,86.0,34.0,12.0,199,1,0.446006
scripted,88.0,34.0,6.0,0,1,0.324688
scripted,88.0,34.0,8.0,0,1,0.266115
scripted,88.0,34.0,10.0,0,1,0.346936
scripted,88.0,34.0,12.0,0,1,0.322456
scripted,88.0,34.0,6.0,1,1,0.425105
scripted,88.0,34.0,8.0,1,1,0.391174
scripted,88.0,34.0,10.0,1,1,0.391842
scripted,88.0,34.0,12.0,1,1,0.362566
scripted,88.0,34.0,6.0,2,1,0.360588
scripted,88.0,34.0,8.0,2,1,0.304515
scripted,88.0,34.0,10.0,2,1,0.245178
scripted,88.0,34.0,12.0,2,1,0.220301
scripted,88.0,34.0,6.0,3,1,0.918432
scripted,88.0,34.0,8.0,3,1,0.79677
scripted,88.0,34.0,10.0,3,1,0.682567
scripted,88.0,34.0,12.0,3,1,0.621059
scripted,88.0,34.0,6.0,4,1,0.391749
scripted,88.0,34.0,8.0,4,1,0.299485
scripted,88.0,34.0,10.0,4,1,0.239916
scripted,88.0,34.0,12.0,4,1,0.335341
scripted,88.0,34.0,6.0,5,1,0.304441
scripted,88.0,34.0,8.0,5,1,0.295897
scripted,88.0,34.0,10.0,5,1,0.297226
scripted,88.0,34.0,12.0,5,1,0.3929
scripted,88.0,34.0,6.0,6,1,0.41231
scripted,88.0,34.0,8.0,6,1,0.34771
scripted,88.0,34.0,10.0,6,1,0.327099
scripted,88.0,34.0,12.0,6,1,0.336358
scripted,88.0,34.0,6.0,7,0,
scripted,88.0,34.0,8.0,7,0,
scripted,88.0,34.0,10.0,7,0,
scripted,88.0,34.0,12.0,7,0,
scripted,88.0,34.0,6.0,8,1,0.413692
scripted,88.0,34.0,8.0,8,1,0.319954
scripted,88.0,34.0,10.0,8,1,0.398273
scripted,88.0,34.0,12.0,8,1,0.3328
scripted,88.0,34.0,6.0,9,1,0.431944
scripted,88.0,34.0,8.0,9,1,0.362267
scripted,88.0,34.0,10.0,9,1,0.318462
scripted,88.0,34.0,12.0,9,1,0.302475
scripted,88.0,34.0,6.0,10,1,0.365362
scripted,88.0,34.0,8.0,10,1,0.416812
scripted,88.0,34.0,10.0,10,1,0.447623
scripted,88.0,34.0,12.0,10,1,0.470139
scripted,88.0,34.0,6.0,11,0,
scripted,88.0,34.0,8.0,11,0,
scripted,88.0,34.0,10.0,11,0,
scripted,88.0,34.0,12.0,11,0,
scripted,88.0,34.0,6.0,12,0,
scripted,88.0,34.0,8.0,12,0,
scripted,88.0,34.0,10.0,12,1,0.188801
scripted,88.0,34.0,12.0,12,1,0.210288
scripted,88.0,34.0,6.0,13,0,
scripted,88.0,34.0,8.0,13,0,
scripted,88.0,34.0,10.0,13,1,0.323049
scripted,88.0,34.0,12.0,13,1,0.329184
scripted,88.0,34.0,6.0,14,0,
scripted,88.0,34.0,8.0,14,0,
scripted,88.0,34.0,10.0,14,0,
scripted,88.0,34.0,12.0,14,0,
scripted,88.0,34.0,6.0,15,0,
scripted,88.0,34.0,8.0,15,0,
scripted,88.0,34.0,10.0,15,0,
scripted,88.0,34.0,12.0,15,0,
scripted,88.0,34.0,6.0,16,1,0.343506
scripted,88.0,34.0,8.0,16,1,0.328169
scripted,88.0,34.0,10.0,16,1,0.321395
scripted,88.0,34.0,12.0,16,1,0.312821
scripted,88.0,34.0,6.0,17,1,0.453828
scripted,88.0,34.0,8.0,17,1,0.39203
scripted,88.0,34.0,10.0,17,1,0.439855
scripted,88.0,34.0,12.0,17,1,0.404948
scripted,88.0,34.0,6.0,18,1,0.411902
scripted,88.0,34.0,8.0,18,1,0.25121
scripted,88.0,34.0,10.0,18,1,0.191342
scripted,88.0,34.0,12.0,18,1,0.162948
scripted,88.0,34.0,6.0,19,1,0.298161
scripted,88.0,34.0,8.0,19,1,0.327542
scripted,88.0,34.0,10.0,19,1,0.359321
scripted,88.0,34.0,12.0,19,1,0.422017
scripted,88.0,34.0,6.0,20,1,0.377214
scripted,88.0,34.0,8.0,20,1,0.353673
scripted,88.0,34.0,10.0,20,1,0.37196
scripted,88.0,34.0,12.0,20,1,0.42639
scripted,88.0,34.0,6.0,21,1,0.698185
scripted,88.0,34.0,8.0,21,1,0.607881
scripted,88.0,34.0,10.0,21,1,0.544514
scripted,88.0,34.0,12.0,21,1,0.509278
scripted,88.0,34.0,6.0,22,1,0.390413
scripted,88.0,34.0,8.0,22,1,0.29592
scripted,88.0,34.0,10.0,22,1,0.274627
scripted,88.0,34.0,12.0,22,1,0.277396
scripted,88.0,34.0,6.0,23,1,0.324636
scripted,88.0,34.0,8.0,23,1,0.266875
scripted,88.0,34.0,10.0,23,1,0.252294
scripted,88.0,34.0,12.0,23,1,0.379107
scripted,88.0,34.0,6.0,24,1,0.382662
scripted,88.0,34.0,8.0,24,1,0.296207
scripted,88.0,34.0,10.0,24,1,0.243587
scripted,88.0,34.0,12.0,24,1,0.319718
scripted,88.0,34.0,6.0,25,0,
scripted,88.0,34.0,8.0,25,0,
scripted,88.0,34.0,10.0,25,1,0.236344
scripted,88.0,34.0,12.0,25,1,0.390075
scripted,88.0,34.0,6.0,26,1,0.354862
scripted,88.0,34.0,8.0,26,1,0.30103
scripted,88.0,34.0,10.0,26,1,0.252033
scripted,88.0,34.0,12.0,26,1,0.232499
scripted,88.0,34.0,6.0,27,1,0.402728
scripted,88.0,34.0,8.0,27,1,0.328229
scripted,88.0,34.0,10.0,27,1,0.421645
scripted,88.0,34.0,12.0,27,1,0.388912
scripted,88.0,34.0,6.0,28,1,0.355024
scripted,88.0,34.0,8.0,28,1,0.341032
scripted,88.0,34.0,10.0,28,1,0.334841
scripted,88.0,34.0,12.0,28,1,0.45027
scripted,88.0,34.0,6.0,29,1,0.37367
scripted,88.0,34.0,8.0,29,1,0.26529
scripted,88.0,34.0,10.0,29,1,0.230452
scripted,88.0,34.0,12.0,29,1,0.234971
scripted,88.0,34.0,6.0,30,1,0.18532
scripted,88.0,34.0,8.0,30,1,0.160307
scripted,88.0,34.0,10.0,30,1,0.1646
scripted,88.0,34.0,12.0,30,1,0.177649
scripted,88.0,34.0,6.0,31,0,
scripted,88.0,34.0,8.0,31,0,
scripted,88.0,34.0,10.0,31,1,0.171321
scripted,88.0,34.0,12.0,31,1,0.193087
scripted,88.0,34.0,6.0,32,1,0.373652
scripted,88.0,34.0,8.0,32,1,0.388046
scripted,88.0,34.0,10.0,32,1,0.417957
scripted,88.0,34.0,12.0,32,1,0.434952
scripted,88.0,34.0,6.0,33,1,0.294165
scripted,88.0,34.0,8.0,33,1,0.197143
scripted,88.0,34.0,10.0,33,1,0.157818
scripted,88.0,34.0,12.0,33,1,0.256863
scripted,88.0,34.0,6.0,34,1,0.408818
scripted,88.0,34.0,8.0,34,1,0.341606
scripted,88.0,34.0,10.0,34,1,0.292085
scripted,88.0,34.0,12.0,34,1,0.340624
scripted,88.0,34.0,6.0,35,1,0.381219
scripted,88.0,34.0,8.0,35,1,0.356952
scripted,88.0,34.0,10.0,35,1,0.344289
scripted,88.0,34.0,12.0,35,1,0.334939
scripted,88.0,34.0,6.0,36,1,0.440979
scripted,88.0,34.0,8.0,36,1,0.327244
scripted,88.0,34.0,10.0,36,1,0.328567
scripted,88.0,34.0,12.0,36,1,0.37453
scripted,88.0,34.0,6.0,37,1,0.359958
scripted,88.0,34.0,8.0,37,1,0.291622
scripted,88.0,34.0,10.0,37,1,0.279595
scripted,88.0,34.0,12.0,37,1,0.379981
scripted,88.0,34.0,6.0,38,1,0.350112
scripted,88.0,34.0,8.0,38,1,0.31124
scripted,88.0,34.0,10.0,38,1,0.424633
scripted,88.0,34.0,12.0,38,1,0.40575
scripted,88.0,34.0,6.0,39,0,
scripted,88.0,34.0,8.0,39,0,
scripted,88.0,34.0,10.0,39,0,
scripted,88.0,34.0,12.0,39,1,0.331375
scripted,88.0,34.0,6.0,40,1,0.316377
scripted,88.0,34.0,8.0,40,1,0.297569
scripted,88.0,34.0,10.0,40,1,0.293017
scripted,88.0,34.0,12.0,40,1,0.276488
scripted,88.0,34.0,6.0,41,1,0.416967
scripted,88.0,34.0,8.0,41,1,0.458485
scripted,88.0,34.0,10.0,41,1,0.388673
scripted,88.0,34.0,12.0,41,1,0.467341
scripted,88.0,34.0,6.0,42,0,
scripted,88.0,34.0,8.0,42,0,
scripted,88.0,34.0,10.0,42,0,
scripted,88.0,34.0,12.0,42,0,
scripted,88.0,34.0,6.0,43,1,0.323958
scripted,88.0,34.0,8.0,43,1,0.340844
scripted,88.0,34.0,10.0,43,1,0.405395
scripted,88.0,34.0,12.0,43,1,0.418072
scripted,88.0,34.0,6.0,44,1,0.372284
scripted,88.0,34.0,8.0,44,1,0.341414
scripted,88.0,34.0,10.0,44,1,0.479847
scripted,88.0,34.0,12.0,44,1,0.432016
scripted,88.0,34.0,6.0,45,1,0.617086
scripted,88.0,34.0,8.0,45,1,0.555575
scripted,88.0,34.0,10.0,45,1,0.433849
scripted,88.0,34.0,12.0,45,1,0.346204
scripted,88.0,34.0,6.0,46,1,0.373956
scripted,88.0,34.0,8.0,46,1,0.312782
scripted,88.0,34.0,10.0,46,1,0.336304
scripted,88.0,34.0,12.0,46,1,0.39121
scripted,88.0,34.0,6.0,47,1,0.392328
scripted,88.0,34.0,8.0,47,1,0.586842
scripted,88.0,34.0,10.0,47,1,0.504254
scripted,88.0,34.0,12.0,47,1,0.433414
scripted,88.0,34.0,6.0,48,1,0.392015
scripted,88.0,34.0,8.0,48,1,0.296999
scripted,88.0,34.0,10.0,48,1,0.241873
scripted,88.0,34.0,12.0,48,1,0.351034
scripted,88.0,34.0,6.0,49,1,0.906911
scripted,88.0,34.0,8.0,49,1,0.782513
scripted,88.0,34.0,10.0,49,1,0.652477
scripted,88.0,34.0,12.0,49,1,0.571697
scripted,88.0,34.0,6.0,50,1,0.397021
scripted,88.0,34.0,8.0,50,1,0.414744
scripted,88.0,34.0,10.0,50,1,0.431633
scripted,88.0,34.0,12.0,50,1,0.440801
scripted,88.0,34.0,6.0,51,1,0.398899
scripted,88.0,34.0,8.0,51,1,0.259319
scripted,88.0,34.0,10.0,51,1,0.199968
scripted,88.0,34.0,12.0,51,1,0.265255
scripted,88.0,34.0,6.0,52,1,0.3573
scripted,88.0,34.0,8.0,52,1,0.396376
scripted,88.0,34.0,10.0,52,1,0.399227
scripted,88.0,34.0,12.0,52,1,0.391631
scripted,88.0,34.0,6.0,53,1,0.205847
scripted,88.0,34.0,8.0,53,1,0.223796
scripted,88.0,34.0,10.0,53,1,0.266683
scripted,88.0,34.0,12.0,53,1,0.414765
scripted,88.0,34.0,6.0,54,1,0.272653
scripted,88.0,34.0,8.0,54,1,0.255581
scripted,88.0,34.0,10.0,54,1,0.244154
scripted,88.0,34.0,12.0,54,1,0.248806
scripted,88.0,34.0,6.0,55,1,0.346846
scripted,88.0,34.0,8.0,55,1,0.367968
scripted,88.0,34.0,10.0,55,1,0.438137
scripted,88.0,34.0,12.0,55,1,0.411035
scripted,88.0,34.0,6.0,56,1,0.661838
scripted,88.0,34.0,8.0,56,1,0.634777
scripted,88.0,34.0,10.0,56,1,0.583701
scripted,88.0,34.0,12.0,56,1,0.541078
scripted,88.0,34.0,6.0,57,1,0.486305
scripted,88.0,34.0,8.0,57,1,0.4374
scripted,88.0,34.0,10.0,57,1,0.456606
scripted,88.0,34.0,12.0,57,1,0.542314
scripted,88.0,34.0,6.0,58,1,0.471054
scripted,88.0,34.0,8.0,58,1,0.337733
scripted,88.0,34.0,10.0,58,1,0.288573
scripted,88.0,34.0,12.0,58,1,0.38247
scripted,88.0,34.0,6.0,59,1,0.405676
scripted,88.0,34.0,8.0,59,1,0.40598
scripted,88.0,34.0,10.0,59,1,0.479869
scripted,88.0,34.0,12.0,59,1,0.476662
scripted,88.0,34.0,6.0,60,1,0.213545
scripted,88.0,34.0,8.0,60,1,0.172375
scripted,88.0,34.0,10.0,60,1,0.287104
scripted,88.0,34.0,12.0,60,1,0.253011
scripted,88.0,34.0,6.0,61,1,0.505157
scripted,88.0,34.0,8.0,61,1,0.314982
scripted,88.0,34.0,10.0,61,1,0.251823
scripted,88.0,34.0,12.0,61,1,0.234175
scripted,88.0,34.0,6.0,62,1,0.835491
scripted,88.0,34.0,8.0,62,1,0.759387
scripted,88.0,34.0,10.0,62,1,0.657795
scripted,88.0,34.0,12.0,62,1,0.60283
scripted,88.0,34.0,6.0,63,0,
scripted,88.0,34.0,8.0,63,0,
scripted,88.0,34.0,10.0,63,0,
scripted,88.0,34.0,12.0,63,0,
scripted,88.0,34.0,6.0,64,1,0.262444
scripted,88.0,34.0,8.0,64,1,0.19524
scripted,88.0,34.0,10.0,64,1,0.2159
scripted,88.0,34.0,12.0,64,1,0.376848
scripted,88.0,34.0,6.0,65,0,
scripted,88.0,34.0,8.0,65,0,
scripted,88.0,34.0,10.0,65,1,0.429881
scripted,88.0,34.0,12.0,65,1,0.378798
scripted,88.0,34.0,6.0,66,1,0.373971
scripted,88.0,34.0,8.0,66,1,0.311285
scripted,88.0,34.0,10.0,66,1,0.294275
scripted,88.0,34.0,12.0,66,1,0.324867
scripted,88.0,34.0,6.0,67,1,0.47186
scripted,88.0,34.0,8.0,67,1,0.37675
scripted,88.0,34.0,10.0,67,1,0.313991
scripted,88.0,34.0,12.0,67,1,0.417803
scripted,88.0,34.0,6.0,68,1,0.314742
scripted,88.0,34.0,8.0,68,1,0.282968
scripted,88.0,34.0,10.0,68,1,0.328493
scripted,88.0,34.0,12.0,68,1,0.390302
scripted,88.0,34.0,6.0,69,0,
scripted,88.0,34.0,8.0,69,1,0.142125
scripted,88.0,34.0,10.0,69,1,0.171957
scripted,88.0,34.0,12.0,69,1,0.30435
scripted,88.0,34.0,6.0,70,1,0.360243
scripted,88.0,34.0,8.0,70,1,0.344698
scripted,88.0,34.0,10.0,70,1,0.32338
scripted,88.0,34.0,12.0,70,1,0.363023
scripted,88.0,34.0,6.0,71,1,0.260312
scripted,88.0,34.0,8.0,71,1,0.344705
scripted,88.0,34.0,10.0,71,1,0.299447
scripted,88.0,34.0,12.0,71,1,0.252451
scripted,88.0,34.0,6.0,72,1,0.324913
scripted,88.0,34.0,8.0,72,1,0.274002
scripted,88.0,34.0,10.0,72,1,0.292395
scripted,88.0,34.0,12.0,72,1,0.346453
scripted,88.0,34.0,6.0,73,1,0.535633
scripted,88.0,34.0,8.0,73,1,0.433804
scripted,88.0,34.0,10.0,73,1,0.366593
scripted,88.0,34.0,12.0,73,1,0.358018
scripted,88.0,34.0,6.0,74,1,0.655736
scripted,88.0,34.0,8.0,74,1,0.56273
scripted,88.0,34.0,10.0,74,1,0.453577
scripted,88.0,34.0,12.0,74,1,0.419567
scripted,88.0,34.0,6.0,75,1,0.385251
scripted,88.0,34.0,8.0,75,1,0.295045
scripted,88.0,34.0,10.0,75,1,0.322083
scripted,88.0,34.0,12.0,75,1,0.303883
scripted,88.0,34.0,6.0,76,1,0.526137
scripted,88.0,34.0,8.0,76,1,0.481725
scripted,88.0,34.0,10.0,76,1,0.558294
scripted,88.0,34.0,12.0,76,1,0.477494
scripted,88.0,34.0,6.0,77,1,0.318946
scripted,88.0,34.0,8.0,77,1,0.337791
scripted,88.0,34.0,10.0,77,1,0.334533
scripted,88.0,34.0,12.0,77,1,0.315309
scripted,88.0,34.0,6.0,78,1,0.322979
scripted,88.0,34.0,8.0,78,1,0.298687
scripted,88.0,34.0,10.0,78,1,0.284274
scripted,88.0,34.0,12.0,78,1,0.278352
scripted,88.0,34.0,6.0,79,1,0.428712
scripted,88.0,34.0,8.0,79,1,0.351689
scripted,88.0,34.0,10.0,79,1,0.415725
scripted,88.0,34.0,12.0,79,1,0.481329
scripted,88.0,34.0,6.0,80,1,0.367034
scripted,88.0,34.0,8.0,80,1,0.513902
scripted,88.0,34.0,10.0,80,1,0.426162
scripted,88.0,34.0,12.0,80,1,0.368482
scripted,88.0,34.0,6.0,81,1,0.340123
scripted,88.0,34.0,8.0,81,1,0.292832
scripted,88.0,34.0,10.0,81,1,0.277892
scripted,88.0,34.0,12.0,81,1,0.292457
scripted,88.0,34.0,6.0,82,0,
scripted,88.0,34.0,8.0,82,1,0.399417
scripted,88.0,34.0,10.0,82,1,0.458559
scripted,88.0,34.0,12.0,82,1,0.472448
scripted,88.0,34.0,6.0,83,1,0.389811
scripted,88.0,34.0,8.0,83,1,0.353018
scripted,88.0,34.0,10.0,83,1,0.335334
scripted,88.0,34.0,12.0,83,1,0.324906
scripted,88.0,34.0,6.0,84,0,
scripted,88.0,34.0,8.0,84,0,
scripted,88.0,34.0,10.0,84,0,
scripted,88.0,34.0,12.0,84,1,0.366774
scripted,88.0,34.0,6.0,85,1,0.407306
scripted,88.0,34.0,8.0,85,1,0.498129
scripted,88.0,34.0,10.0,85,1,0.445553
scripted,88.0,34.0,12.0,85,1,0.460165
scripted,88.0,34.0,6.0,86,1,0.418603
scripted,88.0,34.0,8.0,86,1,0.389905
scripted,88.0,34.0,10.0,86,1,0.360631
scripted,88.0,34.0,12.0,86,1,0.357215
scripted,88.0,34.0,6.0,87,0,
scripted,88.0,34.0,8.0,87,1,0.351823
scripted,88.0,34.0,10.0,87,1,0.292374
scripted,88.0,34.0,12.0,87,1,0.263783
scripted,88.0,34.0,6.0,88,1,0.381179
scripted,88.0,34.0,8.0,88,1,0.408356
scripted,88.0,34.0,10.0,88,1,0.485191
scripted,88.0,34.0,12.0,88,1,0.479767
scripted,88.0,34.0,6.0,89,1,0.288712
scripted,88.0,34.0,8.0,89,1,0.207717
scripted,88.0,34.0,10.0,89,1,0.175587
scripted,88.0,34.0,12.0,89,1,0.322729
scripted,88.0,34.0,6.0,90,1,0.38412
scripted,88.0,34.0,8.0,90,1,0.313257
scripted,88.0,34.0,10.0,90,1,0.27283
scripted,88.0,34.0,12.0,90,1,0.377258
scripted,88.0,34.0,6.0,91,1,0.69479
scripted,88.0,34.0,8.0,91,1,0.616443
scripted,88.0,34.0,10.0,91,1,0.532408
scripted,88.0,34.0,12.0,91,1,0.46258
scripted,88.0,34.0,6.0,92,1,0.309863
scripted,88.0,34.0,8.0,92,1,0.340952
scripted,88.0,34.0,10.0,92,1,0.360189
scripted,88.0,34.0,12.0,92,1,0.374003
scripted,88.0,34.0,6.0,93,1,0.452695
scripted,88.0,34.0,8.0,93,1,0.359947
scripted,88.0,34.0,10.0,93,1,0.354751
scripted,88.0,34.0,12.0,93,1,0.406514
scripted,88.0,34.0,6.0,94,1,0.251803
scripted,88.0,34.0,8.0,94,1,0.243765
scripted,88.0,34.0,10.0,94,1,0.244045
scripted,88.0,34.0,12.0,94,1,0.362046
scripted,88.0,34.0,6.0,95,1,0.361591
scripted,88.0,34.0,8.0,95,1,0.378369
scripted,88.0,34.0,10.0,95,1,0.427424
scripted,88.0,34.0,12.0,95,1,0.452655
scripted,88.0,34.0,6.0,96,1,0.279431
scripted,88.0,34.0,8.0,96,1,0.227634
scripted,88.0,34.0,10.0,96,1,0.218557
scripted,88.0,34.0,12.0,96,1,0.214918
scripted,88.0,34.0,6.0,97,1,0.465524
scripted,88.0,34.0,8.0,97,1,0.422102
scripted,88.0,34.0,10.0,97,1,0.332908
scripted,88.0,34.0,12.0,97,1,0.29562
scripted,88.0,34.0,6.0,98,0,
scripted,88.0,34.0,8.0,98,0,
scripted,88.0,34.0,10.0,98,1,0.396159
scripted,88.0,34.0,12.0,98,1,0.376475
scripted,88.0,34.0,6.0,99,1,0.388112
scripted,88.0,34.0,8.0,99,1,0.383268
scripted,88.0,34.0,10.0,99,1,0.436356
scripted,88.0,34.0,12.0,99,1,0.375263
scripted,88.0,34.0,6.0,100,0,
scripted,88.0,34.0,8.0,100,0,
scripted,88.0,34.0,10.0,100,1,0.324573
scripted,88.0,34.0,12.0,100,1,0.286733
scripted,88.0,34.0,6.0,101,1,0.339271
scripted,88.0,34.0,8.0,101,1,0.38903
scripted,88.0,34.0,10.0,101,1,0.424234
scripted,88.0,34.0,12.0,101,1,0.454381
scripted,88.0,34.0,6.0,102,1,0.426995
scripted,88.0,34.0,8.0,102,1,0.42346
scripted,88.0,34.0,10.0,102,1,0.425804
scripted,88.0,34.0,12.0,102,1,0.484998
scripted,88.0,34.0,6.0,103,0,
scripted,88.0,34.0,8.0,103,0,
scripted,88.0,34.0,10.0,103,0,
scripted,88.0,34.0,12.0,103,0,
scripted,88.0,34.0,6.0,104,0,
scripted,88.0,34.0,8.0,104,0,
scripted,88.0,34.0,10.0,104,0,
scripted,88.0,34.0,12.0,104,0,
scripted,88.0,34.0,6.0,105,1,0.417296
scripted,88.0,34.0,8.0,105,1,0.385353
scripted,88.0,34.0,10.0,105,1,0.371669
scripted,88.0,34.0,12.0,105,1,0.434586
scripted,88.0,34.0,6.0,106,1,0.426264
scripted,88.0,34.0,8.0,106,1,0.379042
scripted,88.0,34.0,10.0,106,1,0.37161
scripted,88.0,34.0,12.0,106,1,0.373877
scripted,88.0,34.0,6.0,107,0,
scripted,88.0,34.0,8.0,107,1,0.586242
scripted,88.0,34.0,10.0,107,1,0.515567
scripted,88.0,34.0,12.0,107,1,0.472554
scripted,88.0,34.0,6.0,108,1,0.400077
scripted,88.0,34.0,8.0,108,1,0.327715
scripted,88.0,34.0,10.0,108,1,0.340424
scripted,88.0,34.0,12.0,108,1,0.361383
scripted,88.0,34.0,6.0,109,0,
scripted,88.0,34.0,8.0,109,0,
scripted,88.0,34.0,10.0,109,1,0.375476
scripted,88.0,34.0,12.0,109,1,0.326117
scripted,88.0,34.0,6.0,110,1,0.416536
scripted,88.0,34.0,8.0,110,1,0.349971
scripted,88.0,34.0,10.0,110,1,0.508398
scripted,88.0,34.0,12.0,110,1,0.470456
scripted,88.0,34.0,6.0,111,1,0.405828
scripted,88.0,34.0,8.0,111,1,0.52682
scripted,88.0,34.0,10.0,111,1,0.536243
scripted,88.0,34.0,12.0,111,1,0.516842
scripted,88.0,34.0,6.0,112,1,0.314701
scripted,88.0,34.0,8.0,112,1,0.298644
scripted,88.0,34.0,10.0,112,1,0.288735
scripted,88.0,34.0,12.0,112,1,0.329435
scripted,88.0,34.0,6.0,113,0,
scripted,88.0,34.0,8.0,113,0,
scripted,88.0,34.0,10.0,113,1,0.348967
scripted,88.0,34.0,12.0,113,1,0.303458
scripted,88.0,34.0,6.0,114,1,0.410904
scripted,88.0,34.0,8.0,114,1,0.335436
scripted,88.0,34.0,10.0,114,1,0.294932
scripted,88.0,34.0,12.0,114,1,0.385362
scripted,88.0,34.0,6.0,115,0,
scripted,88.0,34.0,8.0,115,0,
scripted,88.0,34.0,10.0,115,0,
scripted,88.0,34.0,12.0,115,1,0.13704
scripted,88.0,34.0,6.0,116,1,0.316627
scripted,88.0,34.0,8.0,116,1,0.299508
scripted,88.0,34.0,10.0,116,1,0.278731
scripted,88.0,34.0,12.0,116,1,0.284936
scripted,88.0,34.0,6.0,117,0,
scripted,88.0,34.0,8.0,117,0,
scripted,88.0,34.0,10.0,117,0,
scripted,88.0,34.0,12.0,117,0,
scripted,88.0,34.0,6.0,118,1,0.337985
scripted,88.0,34.0,8.0,118,1,0.26789
scripted,88.0,34.0,10.0,118,1,0.244371
scripted,88.0,34.0,12.0,118,1,0.255506
scripted,88.0,34.0,6.0,119,1,0.56664
scripted,88.0,34.0,8.0,119,1,0.433011
scripted,88.0,34.0,10.0,119,1,0.378719
scripted,88.0,34.0,12.0,119,1,0.388499
scripted,88.0,34.0,6.0,120,0,
scripted,88.0,34.0,8.0,120,0,
scripted,88.0,34.0,10.0,120,0,
scripted,88.0,34.0,12.0,120,0,
scripted,88.0,34.0,6.0,121,0,
scripted,88.0,34.0,8.0,121,1,0.306726
scripted,88.0,34.0,10.0,121,1,0.291064
scripted,88.0,34.0,12.0,121,1,0.298925
scripted,88.0,34.0,6.0,122,0,
scripted,88.0,34.0,8.0,122,0,
scripted,88.0,34.0,10.0,122,0,
scripted,88.0,34.0,12.0,122,0,
scripted,88.0,34.0,6.0,123,1,0.464385
scripted,88.0,34.0,8.0,123,1,0.39355
scripted,88.0,34.0,10.0,123,1,0.365553
scripted,88.0,34.0,12.0,123,1,0.361459
scripted,88.0,34.0,6.0,124,1,0.369874
scripted,88.0,34.0,8.0,124,1,0.274998
scripted,88.0,34.0,10.0,124,1,0.209515
scripted,88.0,34.0,12.0,124,1,0.194933
scripted,88.0,34.0,6.0,125,1,0.43913
scripted,88.0,34.0,8.0,125,1,0.390204
scripted,88.0,34.0,10.0,125,1,0.434489
scripted,88.0,34.0,12.0,125,1,0.462808
scripted,88.0,34.0,6.0,126,1,0.310188
scripted,88.0,34.0,8.0,126,1,0.246969
scripted,88.0,34.0,10.0,126,1,0.20639
scripted,88.0,34.0,12.0,126,1,0.195547
scripted,88.0,34.0,6.0,127,1,0.491991
scripted,88.0,34.0,8.0,127,1,0.493328
scripted,88.0,34.0,10.0,127,1,0.469187
scripted,88.0,34.0,12.0,127,1,0.475925
scripted,88.0,34.0,6.0,128,1,0.415939
scripted,88.0,34.0,8.0,128,1,0.36866
scripted,88.0,34.0,10.0,128,1,0.408317
scripted,88.0,34.0,12.0,128,1,0.425417
scripted,88.0,34.0,6.0,129,1,0.641405
scripted,88.0,34.0,8.0,129,1,0.572232
scripted,88.0,34.0,10.0,129,1,0.513451
scripted,88.0,34.0,12.0,129,1,0.469807
scripted,88.0,34.0,6.0,130,0,
scripted,88.0,34.0,8.0,130,1,0.561431
scripted,88.0,34.0,10.0,130,1,0.439061
scripted,88.0,34.0,12.0,130,1,0.355798
scripted,88.0,34.0,6.0,131,0,
scripted,88.0,34.0,8.0,131,0,
scripted,88.0,34.0,10.0,131,1,0.266315
scripted,88.0,34.0,12.0,131,1,0.265601
scripted,88.0,34.0,6.0,132,1,0.437202
scripted,88.0,34.0,8.0,132,1,0.503224
scripted,88.0,34.0,10.0,132,1,0.477135
scripted,88.0,34.0,12.0,132,1,0.535854
scripted,88.0,34.0,6.0,133,1,0.306835
scripted,88.0,34.0,8.0,133,1,0.288757
scripted,88.0,34.0,10.0,133,1,0.277686
scripted,88.0,34.0,12.0,133,1,0.28303
scripted,88.0,34.0,6.0,134,1,0.549936
scripted,88.0,34.0,8.0,134,1,0.470829
scripted,88.0,34.0,10.0,134,1,0.394039
scripted,88.0,34.0,12.0,134,1,0.372958
scripted,88.0,34.0,6.0,135,0,
scripted,88.0,34.0,8.0,135,0,
scripted,88.0,34.0,10.0,135,0,
scripted,88.0,34.0,12.0,135,1,0.353365
scripted,88.0,34.0,6.0,136,0,
scripted,88.0,34.0,8.0,136,0,
scripted,88.0,34.0,10.0,136,1,0.288943
scripted,88.0,34.0,12.0,136,1,0.289973
scripted,88.0,34.0,6.0,137,1,0.295936
scripted,88.0,34.0,8.0,137,1,0.324742
scripted,88.0,34.0,10.0,137,1,0.336869
scripted,88.0,34.0,12.0,137,1,0.368699
scripted,88.0,34.0,6.0,138,1,0.527721
scripted,88.0,34.0,8.0,138,1,0.316942
scripted,88.0,34.0,10.0,138,1,0.233536
scripted,88.0,34.0,12.0,138,1,0.225887
scripted,88.0,34.0,6.0,139,1,0.36055
scripted,88.0,34.0,8.0,139,1,0.305652
scripted,88.0,34.0,10.0,139,1,0.268798
scripted,88.0,34.0,12.0,139,1,0.300324
scripted,88.0,34.0,6.0,140,1,0.397619
scripted,88.0,34.0,8.0,140,1,0.362205
scripted,88.0,34.0,10.0,140,1,0.344673
scripted,88.0,34.0,12.0,140,1,0.359067
scripted,88.0,34.0,6.0,141,1,0.486353
scripted,88.0,34.0,8.0,141,1,0.500285
scripted,88.0,34.0,10.0,141,1,0.548711
scripted,88.0,34.0,12.0,141,1,0.582249
scripted,88.0,34.0,6.0,142,1,0.252034
scripted,88.0,34.0,8.0,142,1,0.242414
scripted,88.0,34.0,10.0,142,1,0.24937
scripted,88.0,34.0,12.0,142,1,0.324092
scripted,88.0,34.0,6.0,143,1,0.404915
scripted,88.0,34.0,8.0,143,1,0.383117
scripted,88.0,34.0,10.0,143,1,0.459152
scripted,88.0,34.0,12.0,143,1,0.400266
scripted,88.0,34.0,6.0,144,1,0.467552
scripted,88.0,34.0,8.0,144,1,0.279309
scripted,88.0,34.0,10.0,144,1,0.186045
scripted,88.0,34.0,12.0,144,1,0.273314
scripted,88.0,34.0,6.0,145,1,0.403888
scripted,88.0,34.0,8.0,145,1,0.542008
scripted,88.0,34.0,10.0,145,1,0.479608
scripted,88.0,34.0,12.0,145,1,0.404084
scripted,88.0,34.0,6.0,146,1,0.470076
scripted,88.0,34.0,8.0,146,1,0.403104
scripted,88.0,34.0,10.0,146,1,0.369082
scripted,88.0,34.0,12.0,146,1,0.409539
scripted,88.0,34.0,6.0,147,1,0.361476
scripted,88.0,34.0,8.0,147,1,0.332381
scripted,88.0,34.0,10.0,147,1,0.322738
scripted,88.0,34.0,12.0,147,1,0.328497
scripted,88.0,34.0,6.0,148,0,
scripted,88.0,34.0,8.0,148,0,
scripted,88.0,34.0,10.0,148,0,
scripted,88.0,34.0,12.0,148,1,0.307299
scripted,88.0,34.0,6.0,149,1,0.431396
scripted,88.0,34.0,8.0,149,1,0.542794
scripted,88.0,34.0,10.0,149,1,0.469999
scripted,88.0,34.0,12.0,149,1,0.475105
scripted,88.0,34.0,6.0,150,1,0.290262
scripted,88.0,34.0,8.0,150,1,0.231103
scripted,88.0,34.0,10.0,150,1,0.317255
scripted,88.0,34.0,12.0,150,1,0.29606
scripted,88.0,34.0,6.0,151,1,0.369851
scripted,88.0,34.0,8.0,151,1,0.34352
scripted,88.0,34.0,10.0,151,1,0.341822
scripted,88.0,34.0,12.0,151,1,0.402279
scripted,88.0,34.0,6.0,152,1,0.392027
scripted,88.0,34.0,8.0,152,1,0.395837
scripted,88.0,34.0,10.0,152,1,0.416628
scripted,88.0,34.0,12.0,152,1,0.443315
scripted,88.0,34.0,6.0,153,1,0.315641
scripted,88.0,34.0,8.0,153,1,0.231844
scripted,88.0,34.0,10.0,153,1,0.349221
scripted,88.0,34.0,12.0,153,1,0.349631
scripted,88.0,34.0,6.0,154,0,
scripted,88.0,34.0,8.0,154,0,
scripted,88.0,34.0,10.0,154,1,0.386169
scripted,88.0,34.0,12.0,154,1,0.334244
scripted,88.0,34.0,6.0,155,1,0.463332
scripted,88.0,34.0,8.0,155,1,0.423158
scripted,88.0,34.0,10.0,155,1,0.425463
scripted,88.0,34.0,12.0,155,1,0.415176
scripted,88.0,34.0,6.0,156,0,
scripted,88.0,34.0,8.0,156,1,0.11099
scripted,88.0,34.0,10.0,156,1,0.09575
scripted,88.0,34.0,12.0,156,1,0.22575
scripted,88.0,34.0,6.0,157,0,
scripted,88.0,34.0,8.0,157,1,0.294274
scripted,88.0,34.0,10.0,157,1,0.306071
scripted,88.0,34.0,12.0,157,1,0.300827
scripted,88.0,34.0,6.0,158,0,
scripted,88.0,34.0,8.0,158,0,
scripted,88.0,34.0,10.0,158,0,
scripted,88.0,34.0,12.0,158,0,
scripted,88.0,34.0,6.0,159,1,0.250532
scripted,88.0,34.0,8.0,159,1,0.247042
scripted,88.0,34.0,10.0,159,1,0.422708
scripted,88.0,34.0,12.0,159,1,0.395829
scripted,88.0,34.0,6.0,160,0,
scripted,88.0,34.0,8.0,160,0,
scripted,88.0,34.0,10.0,160,0,
scripted,88.0,34.0,12.0,160,0,
scripted,88.0,34.0,6.0,161,1,0.466517
scripted,88.0,34.0,8.0,161,1,0.282287
scripted,88.0,34.0,10.0,161,1,0.199841
scripted,88.0,34.0,12.0,161,1,0.227748
scripted,88.0,34.0,6.0,162,1,0.259303
scripted,88.0,34.0,8.0,162,1,0.234796
scripted,88.0,34.0,10.0,162,1,0.387691
scripted,88.0,34.0,12.0,162,1,0.381761
scripted,88.0,34.0,6.0,163,1,0.582762
scripted,88.0,34.0,8.0,163,1,0.510999
scripted,88.0,34.0,10.0,163,1,0.416687
scripted,88.0,34.0,12.0,163,1,0.389654
scripted,88.0,34.0,6.0,164,1,0.654261
scripted,88.0,34.0,8.0,164,1,0.598591
scripted,88.0,34.0,10.0,164,1,0.557355
scripted,88.0,34.0,12.0,164,1,0.541465
scripted,88.0,34.0,6.0,165,1,0.356736
scripted,88.0,34.0,8.0,165,1,0.298793
scripted,88.0,34.0,10.0,165,1,0.309118
scripted,88.0,34.0,12.0,165,1,0.325806
scripted,88.0,34.0,6.0,166,1,0.55243
scripted,88.0,34.0,8.0,166,1,0.447537
scripted,88.0,34.0,10.0,166,1,0.543699
scripted,88.0,34.0,12.0,166,1,0.523127
scripted,88.0,34.0,6.0,167,0,
scripted,88.0,34.0,8.0,167,0,
scripted,88.0,34.0,10.0,167,1,0.19866
scripted,88.0,34.0,12.0,167,1,0.188339
scripted,88.0,34.0,6.0,168,1,0.439023
scripted,88.0,34.0,8.0,168,1,0.466615
scripted,88.0,34.0,10.0,168,1,0.452466
scripted,88.0,34.0,12.0,168,1,0.443516
scripted,88.0,34.0,6.0,169,1,0.507986
scripted,88.0,34.0,8.0,169,1,0.53272
scripted,88.0,34.0,10.0,169,1,0.538375
scripted,88.0,34.0,12.0,169,1,0.530544
scripted,88.0,34.0,6.0,170,1,0.452185
scripted,88.0,34.0,8.0,170,1,0.492894
scripted,88.0,34.0,10.0,170,1,0.48916
scripted,88.0,34.0,12.0,170,1,0.475165
scripted,88.0,34.0,6.0,171,1,0.626272
scripted,88.0,34.0,8.0,171,1,0.602954
scripted,88.0,34.0,10.0,171,1,0.47875
scripted,88.0,34.0,12.0,171,1,0.407425
scripted,88.0,34.0,6.0,172,1,0.358516
scripted,88.0,34.0,8.0,172,1,0.337043
scripted,88.0,34.0,10.0,172,1,0.30409
scripted,88.0,34.0,12.0,172,1,0.317457
scripted,88.0,34.0,6.0,173,1,0.308352
scripted,88.0,34.0,8.0,173,1,0.300749
scripted,88.0,34.0,10.0,173,1,0.300706
scripted,88.0,34.0,12.0,173,1,0.32566
scripted,88.0,34.0,6.0,174,0,
scripted,88.0,34.0,8.0,174,0,
scripted,88.0,34.0,10.0,174,0,
scripted,88.0,34.0,12.0,174,0,
scripted,88.0,34.0,6.0,175,1,0.48711
scripted,88.0,34.0,8.0,175,1,0.432919
scripted,88.0,34.0,10.0,175,1,0.395918
scripted,88.0,34.0,12.0,175,1,0.454862
scripted,88.0,34.0,6.0,176,0,
scripted,88.0,34.0,8.0,176,0,
scripted,88.0,34.0,10.0,176,0,
scripted,88.0,34.0,12.0,176,0,
scripted,88.0,34.0,6.0,177,1,0.441971
scripted,88.0,34.0,8.0,177,1,0.367665
scripted,88.0,34.0,10.0,177,1,0.366211
scripted,88.0,34.0,12.0,177,1,0.434518
scripted,88.0,34.0,6.0,178,1,0.269191
scripted,88.0,34.0,8.0,178,1,0.207365
scripted,88.0,34.0,10.0,178,1,0.190847
scripted,88.0,34.0,12.0,178,1,0.291281
scripted,88.0,34.0,6.0,179,1,0.370113
scripted,88.0,34.0,8.0,179,1,0.355964
scripted,88.0,34.0,10.0,179,1,0.364192
scripted,88.0,34.0,12.0,179,1,0.37786
scripted,88.0,34.0,6.0,180,1,0.331618
scripted,88.0,34.0,8.0,180,1,0.306824
scripted,88.0,34.0,10.0,180,1,0.298569
scripted,88.0,34.0,12.0,180,1,0.309989
scripted,88.0,34.0,6.0,181,1,0.531747
scripted,88.0,34.0,8.0,181,1,0.560507
scripted,88.0,34.0,10.0,181,1,0.516994
scripted,88.0,34.0,12.0,181,1,0.472411
scripted,88.0,34.0,6.0,182,0,
scripted,88.0,34.0,8.0,182,0,
scripted,88.0,34.0,10.0,182,0,
scripted,88.0,34.0,12.0,182,1,0.288767
scripted,88.0,34.0,6.0,183,0,
scripted,88.0,34.0,8.0,183,0,
scripted,88.0,34.0,10.0,183,1,0.476334
scripted,88.0,34.0,12.0,183,1,0.403275
scripted,88.0,34.0,6.0,184,1,0.437063
scripted,88.0,34.0,8.0,184,1,0.332916
scripted,88.0,34.0,10.0,184,1,0.287432
scripted,88.0,34.0,12.0,184,1,0.307476
scripted,88.0,34.0,6.0,185,1,0.313905
scripted,88.0,34.0,8.0,185,1,0.428041
scripted,88.0,34.0,10.0,185,1,0.373279
scripted,88.0,34.0,12.0,185,1,0.341276
scripted,88.0,34.0,6.0,186,1,0.359246
scripted,88.0,34.0,8.0,186,1,0.296294
scripted,88.0,34.0,10.0,186,1,0.269188
scripted,88.0,34.0,12.0,186,1,0.274628
scripted,88.0,34.0,6.0,187,0,
scripted,88.0,34.0,8.0,187,1,0.452831
scripted,88.0,34.0,10.0,187,1,0.414486
scripted,88.0,34.0,12.0,187,1,0.372685
scripted,88.0,34.0,6.0,188,0,
scripted,88.0,34.0,8.0,188,0,
scripted,88.0,34.0,10.0,188,1,0.284569
scripted,88.0,34.0,12.0,188,1,0.251119
scripted,88.0,34.0,6.0,189,1,0.292508
scripted,88.0,34.0,8.0,189,1,0.321409
scripted,88.0,34.0,10.0,189,1,0.354067
scripted,88.0,34.0,12.0,189,1,0.39023
scripted,88.0,34.0,6.0,190,0,
scripted,88.0,34.0,8.0,190,1,0.248543
scripted,88.0,34.0,10.0,190,1,0.288161
scripted,88.0,34.0,12.0,190,1,0.310494
scripted,88.0,34.0,6.0,191,1,0.558484
scripted,88.0,34.0,8.0,191,1,0.443559
scripted,88.0,34.0,10.0,191,1,0.415562
scripted,88.0,34.0,12.0,191,1,0.406042
scripted,88.0,34.0,6.0,192,1,0.319153
scripted,88.0,34.0,8.0,192,1,0.244183
scripted,88.0,34.0,10.0,192,1,0.376093
scripted,88.0,34.0,12.0,192,1,0.376436
scripted,88.0,34.0,6.0,193,0,
scripted,88.0,34.0,8.0,193,0,
scripted,88.0,34.0,10.0,193,0,
scripted,88.0,34.0,12.0,193,1,0.352112
scripted,88.0,34.0,6.0,194,1,0.46298
scripted,88.0,34.0,8.0,194,1,0.507886
scripted,88.0,34.0,10.0,194,1,0.505376
scripted,88.0,34.0,12.0,194,1,0.502299
scripted,88.0,34.0,6.0,195,1,0.413834
scripted,88.0,34.0,8.0,195,1,0.251839
scripted,88.0,34.0,10.0,195,1,0.168852
scripted,88.0,34.0,12.0,195,1,0.148416
scripted,88.0,34.0,6.0,196,1,0.389251
scripted,88.0,34.0,8.0,196,1,0.383484
scripted,88.0,34.0,10.0,196,1,0.393927
scripted,88.0,34.0,12.0,196,1,0.399481
scripted,88.0,34.0,6.0,197,1,0.305582
scripted,88.0,34.0,8.0,197,1,0.257014
scripted,88.0,34.0,10.0,197,1,0.320513
scripted,88.0,34.0,12.0,197,1,0.308918
scripted,88.0,34.0,6.0,198,0,
scripted,88.0,34.0,8.0,198,0,
scripted,88.0,34.0,10.0,198,0,
scripted,88.0,34.0,12.0,198,0,
scripted,88.0,34.0,6.0,199,1,0.330019
scripted,88.0,34.0,8.0,199,1,0.324626
scripted,88.0,34.0,10.0,199,1,0.413204
scripted,88.0,34.0,12.0,199,1,0.406613
