update,step,lr,sps,success,ret,len,n_eps,pg_loss,v_loss,entropy,approx_kl,clipfrac,ev,phi_r2,ev_resid,h_dir_car,h_dir_off,h_spd_car,h_spd_off,h_ball_car,h_ball_off
1,768,0.0003,113.6,0.428571,1.099017,33.857143,7,-0.006324,0.029983,3.306607,0.004688,0.046112,0.17458,0.013573,0.503858,2.190737,2.189607,1.097945,1.097653,2.291987,0.0
10,7680,0.0002997926267281106,132.9,0.226804,0.979773,75.701031,97,-0.004461,0.017118,3.25726,0.003334,0.034912,0.738739,0.01321,0.796461,2.163081,2.155246,1.083104,1.08205,2.194485,0.0
20,15360,0.0002995622119815668,135.2,0.21,1.034086,82.33,185,-0.006364,0.014562,3.186653,0.005325,0.061798,0.605648,0.20051,0.560248,2.108485,2.113555,1.062078,1.068273,2.104437,0.0
30,23040,0.000299331797235023,135.5,0.24,1.03878,70.74,292,-0.005477,0.015219,3.184441,0.004243,0.046509,0.620864,0.344975,0.488844,2.10611,2.104896,1.069112,1.069501,1.99105,0.0
40,30720,0.0002991013824884792,136.1,0.17,0.943786,77.1,394,-0.007404,0.008229,3.16233,0.004834,0.057953,0.817895,0.379972,0.711406,2.093716,2.096469,1.043199,1.047011,1.721572,0.0
50,38400,0.00029887096774193543,133.9,0.25,1.032759,85.98,477,-0.005019,0.009275,3.136806,0.004147,0.038696,0.442517,0.490402,0.11135,2.069376,2.059428,1.059812,1.067663,1.382829,0.0
60,46080,0.0002986405529953917,133.7,0.27,1.063241,71.86,587,-0.006404,0.018809,3.110241,0.005371,0.062866,0.505216,0.287414,0.344476,2.088685,2.044449,1.058061,1.050831,1.335099,0.0
70,53760,0.0002984101382488479,134.2,0.27,1.029938,64.31,701,-0.008331,0.011187,3.098877,0.005713,0.067535,0.742545,0.050181,0.796519,2.079223,2.036958,1.035185,1.044802,1.143334,0.0
80,61440,0.00029817972350230416,134.6,0.29,1.114208,82.15,795,-0.006103,0.014014,3.050664,0.005039,0.056183,0.678169,0.345657,0.53797,2.01687,1.995751,1.0179,1.048954,0.757166,0.0
90,69120,0.00029794930875576037,134.5,0.44,1.352011,80.37,888,-0.007353,0.022587,2.963365,0.006027,0.076019,0.550198,0.032872,0.651007,1.915723,1.925071,0.962482,1.033631,0.700718,0.0
100,76800,0.0002977188940092166,134.5,0.43,1.334661,81.43,984,-0.00754,0.016859,2.978743,0.006748,0.089752,0.424996,0.106408,0.448912,1.937236,1.946508,1.030503,1.041936,0.383067,0.0
110,84480,0.0002974884792626728,134.4,0.5,1.414212,79.31,1081,-0.007792,0.01278,2.989725,0.005788,0.071838,0.356279,0.022641,0.622018,1.937179,1.922225,1.070531,1.062926,0.289259,0.0
120,92160,0.000297258064516129,134.4,0.64,1.593133,67.29,1195,-0.005911,0.025773,2.964949,0.005665,0.066681,0.581908,0.088102,0.584639,1.922815,1.933508,1.057964,1.041756,0.243251,0.0
130,99840,0.0002970276497695852,134.4,0.52,1.451091,66.68,1312,-0.00639,0.023824,2.990692,0.005603,0.068695,0.494751,0.15351,0.481349,1.923787,1.937394,1.071306,1.045578,0.144506,0.0
140,107520,0.00029679723502304146,134.5,0.62,1.548104,72.47,1416,-0.006167,0.017652,2.991877,0.005196,0.05542,0.366607,0.060538,0.508073,1.953574,1.948764,1.053926,1.035866,0.097166,0.0
150,115200,0.00029656682027649767,134.6,0.54,1.418267,78.32,1512,-0.00584,0.008839,2.970933,0.004737,0.053314,0.49241,0.077965,0.627475,1.897613,1.930189,1.061588,1.034705,0.151924,0.0
160,122880,0.0002963364055299539,134.4,0.53,1.463591,70.67,1623,-0.006643,0.010709,2.927998,0.005838,0.06723,0.744708,0.244474,0.703865,1.882924,1.912753,1.058873,1.021991,0.102144,0.0
170,130560,0.00029610599078341013,135.1,0.65,1.589197,73.36,1728,-0.007598,0.008454,2.953194,0.005512,0.064301,0.492755,0.0265,0.666569,1.882116,1.904701,1.073982,1.03578,0.060153,0.0
180,138240,0.00029587557603686634,135.5,0.65,1.624743,76.14,1826,-0.007619,0.013941,2.891933,0.00665,0.088226,0.484876,0.191113,0.499714,1.827193,1.874361,1.049543,1.020312,0.078146,0.0
190,145920,0.00029564516129032255,135.7,0.74,1.747192,71.95,1933,-0.006488,0.011015,2.848344,0.006005,0.074982,0.75391,0.061735,0.776537,1.69822,1.824045,1.062891,1.028708,0.045145,0.0
200,153600,0.00029541474654377876,136.1,0.74,1.697476,73.37,2037,-0.005765,0.011814,2.925266,0.005304,0.062561,0.49381,0.537815,0.007173,1.810172,1.903698,1.041334,1.003858,0.04083,0.0
210,161280,0.00029518433179723496,135.9,0.77,1.757568,82.68,2130,-0.008042,0.020434,2.912367,0.006446,0.08374,0.534235,0.288158,0.404255,1.894411,1.932566,1.000899,0.989956,0.101735,0.0
220,168960,0.0002949539170506912,136.4,0.75,1.71001,78.62,2224,-0.006577,0.005052,2.87327,0.006128,0.074707,0.714377,0.606319,0.375993,1.859262,1.88182,0.995055,0.971125,0.331224,0.0
230,176640,0.00029472350230414743,136.6,0.78,1.751613,78.29,2321,-0.007511,0.011128,2.878617,0.00649,0.084076,0.319683,0.327939,0.078239,1.867166,1.878993,1.013112,0.984978,0.341975,0.0
240,184320,0.0002944930875576037,137.2,0.67,1.627047,93.65,2400,-0.008404,0.018276,2.899003,0.006107,0.08139,0.658276,0.284507,0.529564,1.898078,1.882203,1.052727,1.015338,0.523773,0.0
250,192000,0.0002942626728110599,137.6,0.56,1.45305,81.3,2496,-0.007782,0.011985,2.983734,0.00579,0.076569,0.840683,0.11352,0.824159,1.967193,1.946351,1.039849,1.026086,0.451952,0.0
260,199680,0.0002940322580645161,138.0,0.56,1.493879,92.65,2581,-0.007698,0.02402,2.912162,0.006407,0.086182,0.683218,0.040876,0.695124,1.90635,1.897282,1.018373,1.009965,0.545003,0.0
270,207360,0.0002938018433179723,138.1,0.72,1.686918,74.38,2678,-0.007693,0.009979,2.904312,0.005642,0.065338,0.814589,0.357779,0.712741,1.851624,1.888816,1.004267,1.006486,0.41025,0.0
280,215040,0.0002935714285714285,138.3,0.7,1.640546,78.8,2778,-0.007023,0.011113,2.936507,0.00478,0.050476,0.672464,0.108883,0.671192,1.831527,1.900592,1.036691,1.026654,0.585372,0.0
290,222720,0.00029334101382488473,138.6,0.67,1.564038,79.71,2876,-0.008568,0.009187,2.921062,0.005806,0.072754,0.755265,0.212616,0.709326,1.841791,1.880731,1.034681,1.030361,0.650581,0.0
300,230400,0.000293110599078341,138.9,0.61,1.558641,86.5,2966,-0.007874,0.012887,2.949082,0.006433,0.087982,0.720068,0.082181,0.728862,1.936033,1.921232,1.022893,1.033086,0.778263,0.0
310,238080,0.0002928801843317972,139.1,0.73,1.698572,80.68,3058,-0.006691,0.011842,2.909593,0.005093,0.064667,0.503252,0.42745,0.210987,1.861783,1.875466,1.004728,1.012878,0.725797,0.0
320,245760,0.00029264976958525346,139.3,0.75,1.701527,73.54,3163,-0.007296,0.005986,2.964822,0.005548,0.067444,0.666491,0.072408,0.767463,1.940222,1.931405,0.987499,1.016537,0.862078,0.0
330,253440,0.00029241935483870966,139.5,0.74,1.706195,78.69,3255,-0.00772,0.008885,2.938735,0.005798,0.072937,0.76533,0.368185,0.635895,1.875656,1.92354,1.016927,1.013654,0.611262,0.0
340,261120,0.00029218894009216587,139.7,0.74,1.721388,71.05,3363,-0.008116,0.034663,2.906783,0.005987,0.076477,0.56189,0.33765,0.344756,1.898005,1.898522,1.006037,0.988993,0.697109,0.0
350,268800,0.0002919585253456221,139.9,0.73,1.702768,78.86,3461,-0.007219,0.029007,2.852355,0.005206,0.057556,0.486895,0.230949,0.341287,1.853878,1.8527,1.005894,1.000036,0.785447,0.0
360,276480,0.0002917281105990783,140.1,0.81,1.812411,74.21,3563,-0.00755,0.003792,2.9076,0.005742,0.066406,0.801376,0.523952,0.651694,1.839327,1.86623,1.027119,1.026552,0.792952,0.0
370,284160,0.00029149769585253455,140.3,0.72,1.695729,77.99,3661,-0.009133,0.010067,2.893101,0.007435,0.103058,0.612865,0.488027,0.336978,1.894556,1.866633,1.056525,1.025342,0.760907,0.0
380,291840,0.00029126728110599075,140.2,0.8,1.779053,86.65,3748,-0.007592,0.01139,2.903698,0.005648,0.064758,0.41821,0.38127,0.210105,1.810508,1.851183,1.066765,1.049268,0.802266,0.0
390,299520,0.00029103686635944696,140.2,0.69,1.671773,81.85,3842,-0.007236,0.018055,2.914131,0.005332,0.068115,0.51519,0.278792,0.393104,1.822043,1.873107,1.05753,1.036775,0.872578,0.0
400,307200,0.0002908064516129032,140.4,0.67,1.640805,79.58,3938,-0.007931,0.03726,2.865257,0.006565,0.090271,0.38633,0.393114,-0.006273,1.794873,1.841156,1.040155,1.023151,0.93182,0.0
410,314880,0.00029057603686635943,140.5,0.72,1.716366,77.34,4038,-0.006518,0.031712,2.735793,0.005814,0.074829,0.460953,0.312474,0.23792,1.689093,1.764725,0.968525,0.976172,0.85404,0.0
420,322560,0.00029034562211981564,140.5,0.72,1.707095,76.25,4138,-0.008143,0.012732,2.753978,0.005787,0.069611,0.318879,0.101783,0.469516,1.792884,1.798631,0.983935,0.949079,0.853048,0.0
430,330240,0.00029011520737327184,140.6,0.61,1.555507,64.53,4255,-0.006768,0.018524,2.767422,0.006038,0.078552,0.332001,0.100246,0.344526,1.788042,1.782779,0.97305,0.965375,0.868414,0.0
440,337920,0.0002898847926267281,140.6,0.79,1.806893,83.26,4347,-0.007212,0.004802,2.806373,0.005748,0.066162,0.627144,0.515156,0.475196,1.777649,1.816591,0.980047,0.970527,0.821369,0.0
450,345600,0.0002896543778801843,140.7,0.75,1.741419,73.05,4453,-0.008894,0.024382,2.859106,0.006469,0.088715,0.377328,0.277643,0.198155,1.941233,1.876934,1.009148,0.958585,0.774164,0.0
460,353280,0.0002894239631336405,140.9,0.77,1.743616,70.91,4560,-0.006897,0.018207,2.86713,0.005657,0.072021,0.348221,0.281337,0.14158,1.936583,1.889987,1.013811,0.963466,0.756084,0.0
470,360960,0.0002891935483870967,141.0,0.73,1.670544,79.02,4657,-0.009059,0.013008,2.872412,0.006989,0.095123,0.571388,0.108091,0.643286,1.880519,1.897849,0.987512,0.96453,0.743225,0.0
480,368640,0.000288963133640553,141.1,0.75,1.749236,69.89,4763,-0.007374,0.003771,2.811936,0.005922,0.072693,0.781244,0.678039,0.446695,1.829172,1.844862,0.997113,0.949659,0.746638,0.0
490,376320,0.0002887327188940092,141.2,0.71,1.669297,67.5,4879,-0.007791,0.029191,2.789183,0.005974,0.072174,0.072266,0.043444,0.30663,1.802973,1.805595,0.97436,0.975259,0.538256,0.0
500,384000,0.0002885023041474654,141.2,0.67,1.611821,70.04,4990,-0.007216,0.019922,2.775282,0.005514,0.070374,0.379261,0.157521,0.370888,1.776312,1.80123,0.976767,0.973845,0.669677,0.0
510,391680,0.0002882718894009216,141.3,0.71,1.651388,81.51,5083,-0.007009,0.019082,2.877941,0.005692,0.07254,0.650458,0.179654,0.618838,1.89178,1.870277,1.021883,1.006153,0.71876,0.0
520,399360,0.00028804147465437787,141.5,0.64,1.574667,90.46,5165,-0.007154,0.014954,2.920131,0.006123,0.075104,0.696743,0.291759,0.57831,1.946887,1.896533,1.026478,1.019456,0.742992,0.0
530,407040,0.0002878110599078341,141.5,0.6,1.533186,88.69,5253,-0.007296,0.026622,2.94088,0.005596,0.063354,0.597103,0.311438,0.415428,1.97324,1.913219,1.021188,1.021652,0.728532,0.0
540,414720,0.0002875806451612903,141.6,0.64,1.565153,89.79,5336,-0.007372,0.011514,2.931402,0.005876,0.070282,0.825707,0.090746,0.824546,1.944727,1.912258,1.019266,1.007503,0.759524,0.0
550,422400,0.0002873502304147465,141.4,0.71,1.671358,76.49,5435,-0.007019,0.012586,2.864044,0.005876,0.072571,0.665772,0.02266,0.755595,1.924531,1.883622,0.97367,0.973231,0.738417,0.0
560,430080,0.00028711981566820275,141.2,0.71,1.665822,67.52,5550,-0.009417,0.01028,2.871429,0.006384,0.080872,0.413267,0.026684,0.673587,1.915909,1.883658,0.984634,0.972663,0.668762,0.0
570,437760,0.00028688940092165896,141.0,0.77,1.764388,55.33,5683,-0.009156,0.007121,2.911743,0.006907,0.093811,0.633819,0.38619,0.597734,1.912854,1.915274,1.008506,0.986668,0.548508,0.0
580,445440,0.00028665898617511517,140.9,0.79,1.776384,71.76,5791,-0.009468,0.009745,2.88521,0.006821,0.093353,0.615019,0.44626,0.412156,1.912802,1.910843,0.980838,0.966951,0.600941,0.0
590,453120,0.00028642857142857143,140.8,0.66,1.596061,63.39,5907,-0.008913,0.016967,2.886844,0.006683,0.091125,0.488264,0.355583,0.226517,1.863644,1.88042,1.018008,0.99683,0.612065,0.0
600,460800,0.00028619815668202764,140.6,0.69,1.614738,70.24,6014,-0.008163,0.016996,2.915353,0.006405,0.085022,0.36327,0.158221,0.403685,1.958325,1.913017,1.020493,0.992194,0.829332,0.0
610,468480,0.00028596774193548384,140.4,0.69,1.649256,64.75,6129,-0.007877,0.025509,2.870175,0.006888,0.093994,0.341704,0.244464,0.202522,1.844459,1.873663,0.987702,0.985272,0.819462,0.0
620,476160,0.00028573732718894005,140.3,0.68,1.607962,71.05,6236,-0.008485,0.013386,2.917219,0.007129,0.099548,0.594436,0.098924,0.615431,1.974326,1.926306,1.025159,0.975655,0.796196,0.0
630,483840,0.0002855069124423963,140.2,0.68,1.643195,70.35,6344,-0.008318,0.024085,2.926654,0.005585,0.069855,0.297233,0.154804,0.274999,1.951919,1.933596,1.025875,0.986437,0.741245,0.0
640,491520,0.0002852764976958525,140.1,0.76,1.727761,74.22,6450,-0.008762,0.011733,2.911071,0.005612,0.072235,0.490755,0.358842,0.346346,1.98432,1.930794,1.007623,0.970424,0.677805,0.0
650,499200,0.0002850460829493087,140.0,0.7,1.638606,72.71,6559,-0.008558,0.009615,2.899849,0.006033,0.076843,0.484986,0.452288,0.374692,1.99264,1.933941,1.001383,0.96741,0.746014,0.0
660,506880,0.00028481566820276493,139.9,0.63,1.536764,83.74,6650,-0.007881,0.017914,2.870821,0.005774,0.075958,0.63774,0.173184,0.568913,1.97187,1.905126,0.921004,0.95486,0.805829,0.0
670,514560,0.0002845852534562212,139.9,0.7,1.616389,84.69,6740,-0.008676,0.012776,2.871428,0.006754,0.090454,0.554841,0.064358,0.613697,1.986397,1.921911,0.898813,0.940026,0.810857,0.0
680,522240,0.0002843548387096774,139.8,0.76,1.724626,85.88,6831,-0.007079,0.017589,2.881653,0.00528,0.060394,0.585521,0.35993,0.356821,1.964433,1.899749,0.96294,0.959345,0.856431,0.0
690,529920,0.0002841244239631336,139.7,0.67,1.584812,73.44,6935,-0.007951,0.018444,2.875778,0.00626,0.082336,0.586075,0.296412,0.435306,1.971486,1.878057,1.015207,0.992075,0.918032,0.0
700,537600,0.0002838940092165898,139.7,0.66,1.660464,88.85,7022,-0.009502,0.028542,2.858554,0.006232,0.080505,0.473924,0.334925,0.21255,1.954107,1.848439,1.019714,0.996602,0.833476,0.0
710,545280,0.0002836635944700461,139.6,0.59,1.501221,78.16,7121,-0.007675,0.020288,2.881278,0.00629,0.074341,0.491161,0.070133,0.544335,1.957319,1.856897,1.03894,1.013386,0.840219,0.0
720,552960,0.0002834331797235023,139.6,0.56,1.485196,74.92,7222,-0.008526,0.013178,2.838504,0.005948,0.074432,0.777519,0.139403,0.76229,1.867445,1.804746,1.038242,1.019556,0.98327,0.0
730,560640,0.0002832027649769585,139.7,0.74,1.736174,81.32,7320,-0.007722,0.017964,2.810972,0.005353,0.064301,0.682701,0.250533,0.593542,1.943265,1.843127,0.994159,0.967812,0.809282,0.0
740,568320,0.00028297235023041475,139.8,0.8,1.803089,67.52,7438,-0.007515,0.013305,2.854021,0.005301,0.059143,0.637033,0.343303,0.464353,1.856544,1.819669,1.040885,1.0181,0.773859,0.0
750,576000,0.00028274193548387096,139.9,0.78,1.735665,71.4,7550,-0.007628,0.011509,2.888103,0.005516,0.067535,0.621239,0.127453,0.628645,1.977247,1.887836,0.997457,0.991708,0.806131,0.0
760,583680,0.00028251152073732717,139.9,0.69,1.654783,75.61,7649,-0.008102,0.026096,2.935421,0.005647,0.068695,0.056594,0.243365,-0.116244,2.014132,1.946781,1.027431,0.986293,0.816913,0.0
770,591360,0.0002822811059907834,140.0,0.74,1.747162,78.01,7748,-0.009305,0.028784,2.907276,0.00676,0.093048,0.060974,0.27096,-0.183543,2.023343,1.954057,0.97691,0.952153,0.831734,0.0
780,599040,0.0002820506912442396,140.1,0.75,1.698904,71.97,7859,-0.006454,0.023508,2.846214,0.00515,0.05603,0.370411,0.241744,0.236267,1.982915,1.915504,0.942102,0.927664,0.847467,0.0
790,606720,0.00028182027649769584,140.2,0.71,1.638853,74.43,7960,-0.008522,0.015265,2.928055,0.006901,0.089874,0.483229,0.18685,0.496373,1.981975,1.929476,1.012603,0.998896,0.633392,0.0
800,614400,0.00028158986175115205,140.2,0.8,1.7444,86.31,8043,-0.006688,0.010391,2.952892,0.005919,0.073853,0.53881,0.410345,0.232297,1.985715,1.963722,0.989358,0.984901,0.567351,0.0
810,622080,0.0002813594470046083,140.4,0.66,1.583989,95.64,8126,-0.007392,0.014886,2.979667,0.006129,0.075287,0.700136,0.251303,0.59969,2.004506,1.978505,1.014478,0.987978,0.388237,0.0
820,629760,0.0002811290322580645,140.4,0.55,1.412398,100.07,8207,-0.008638,0.011368,2.884978,0.00565,0.072205,0.789039,0.045962,0.819898,1.920294,1.90329,0.951318,0.967275,0.555161,0.0
830,637440,0.0002808986175115207,140.4,0.66,1.591336,84.26,8295,-0.008482,0.00958,2.915457,0.006028,0.07959,0.747047,0.040139,0.802337,1.946373,1.901456,1.050427,1.012697,0.450044,0.0
840,645120,0.00028066820276497693,140.5,0.72,1.652135,76.81,8399,-0.009765,0.01116,2.917609,0.007482,0.10556,0.624748,0.170642,0.646613,1.999368,1.910419,0.998988,0.998046,0.66509,0.0
850,652800,0.00028043778801843314,140.6,0.67,1.656097,87.74,8487,-0.009123,0.021192,2.950355,0.006514,0.081665,0.692724,0.092759,0.671787,2.004112,1.91781,1.028061,1.020272,0.736169,0.0
860,660480,0.00028020737327188935,140.6,0.75,1.758733,78.13,8587,-0.009127,0.024358,2.864955,0.005832,0.071381,0.304495,0.090073,0.368669,1.961231,1.853848,0.969415,0.990978,0.576583,0.0
870,668160,0.0002799769585253456,140.7,0.76,1.716551,71.98,8693,-0.008255,0.029411,2.844302,0.005192,0.051636,0.507729,0.357869,0.24004,1.95537,1.860058,0.966667,0.974105,0.708283,0.0
880,675840,0.0002797465437788018,140.7,0.74,1.73228,78.76,8791,-0.0072,0.016749,2.897369,0.005256,0.055084,0.240912,0.24353,0.148923,2.00849,1.915416,0.913753,0.982174,0.631276,0.0
890,683520,0.0002795161290322581,140.8,0.68,1.599088,87.97,8875,-0.010036,0.01669,2.923549,0.006951,0.096283,0.565075,0.265672,0.49446,2.009833,1.915394,0.962199,0.995548,0.607552,0.0
900,691200,0.0002792857142857143,140.9,0.62,1.532068,85.56,8965,-0.007177,0.021026,2.925571,0.005864,0.071564,0.571939,0.117387,0.593271,2.020454,1.905674,0.980542,1.015888,0.606467,0.0
910,698880,0.0002790552995391705,141.0,0.54,1.44724,89.34,9046,-0.007939,0.00894,2.920884,0.005028,0.05722,0.888725,0.163935,0.868665,1.984681,1.909973,1.007475,1.010368,0.49791,0.0
920,706560,0.0002788248847926267,141.0,0.58,1.485093,90.64,9135,-0.008686,0.008808,2.88737,0.005794,0.071411,0.826352,0.000374,0.874795,1.943969,1.870311,1.005271,1.005112,0.311791,0.0
930,714240,0.0002785944700460829,141.1,0.62,1.5698,75.14,9242,-0.008908,0.03135,2.900835,0.006136,0.079803,0.495026,0.23375,0.348166,1.972739,1.902749,0.994212,1.003885,0.226913,0.0
940,721920,0.0002783640552995391,141.1,0.65,1.617154,86.79,9331,-0.00826,0.018756,2.872902,0.006401,0.085358,0.611387,0.30749,0.450284,1.919823,1.832075,1.023341,1.025724,0.620751,0.0
950,729600,0.00027813364055299537,141.1,0.73,1.702333,75.57,9433,-0.007718,0.013544,2.865134,0.005636,0.071564,0.438367,0.378407,0.248839,1.911576,1.846551,0.987085,1.015344,0.619434,0.0
960,737280,0.0002779032258064516,141.2,0.61,1.581598,74.22,9536,-0.009967,0.022007,2.896786,0.007542,0.107727,0.353467,0.191706,0.288157,1.934179,1.884953,0.999277,1.006654,0.716504,0.0
970,744960,0.00027767281105990784,141.3,0.62,1.530907,68.0,9646,-0.008224,0.015229,2.857126,0.005873,0.069153,0.872459,0.008455,0.889048,1.955874,1.858277,1.002631,0.98501,0.902431,0.0
980,752640,0.00027744239631336405,141.3,0.63,1.570783,84.24,9734,-0.008828,0.015892,2.892095,0.005569,0.071625,0.592717,0.179495,0.640653,1.910669,1.863851,1.025958,1.016226,0.713369,0.0
990,760320,0.00027721198156682025,141.4,0.68,1.622953,74.51,9835,-0.008786,0.020597,2.905207,0.006084,0.081787,0.34811,0.165336,0.28843,1.895601,1.870334,1.033312,1.035807,0.625436,0.0
1000,768000,0.00027698156682027646,141.5,0.72,1.696884,72.0,9944,-0.009685,0.015915,2.944965,0.006577,0.084534,0.624632,0.069854,0.677913,1.903741,1.898424,1.039169,1.038122,0.649563,0.0
1010,775680,0.00027675115207373267,141.5,0.72,1.689808,77.09,10041,-0.010131,0.002228,2.97969,0.006572,0.07959,0.891819,0.709779,0.680914,2.014643,1.938856,1.017475,1.026019,0.718055,0.0
1020,783360,0.0002765207373271889,141.6,0.76,1.70355,79.05,10141,-0.008522,0.010291,2.954241,0.0056,0.068268,0.428766,0.361227,0.197582,1.961468,1.926543,1.026748,1.023761,0.699997,0.0
1030,791040,0.00027629032258064514,141.6,0.73,1.684823,89.61,10226,-0.008938,0.008037,2.950774,0.006889,0.086517,0.697286,0.40871,0.560391,1.949144,1.917591,1.017155,1.01465,0.97061,0.0
1040,798720,0.00027605990783410134,141.7,0.71,1.682141,78.51,10326,-0.009348,0.024553,2.982483,0.005383,0.066193,0.488109,0.14363,0.474856,1.950306,1.945555,1.018094,1.023546,0.816953,0.0
1050,806400,0.0002758294930875576,141.7,0.73,1.684052,78.93,10421,-0.009562,0.013097,2.947311,0.006007,0.073303,0.702874,0.458873,0.458454,1.973191,1.921043,1.010497,1.017592,0.796816,0.0
1060,814080,0.0002755990783410138,141.6,0.67,1.604412,86.21,10504,-0.009268,0.014974,2.92625,0.006148,0.078522,0.688467,0.114839,0.687696,1.953407,1.916237,0.978297,0.99678,0.636896,0.0
1070,821760,0.00027536866359447,141.7,0.62,1.516724,101.86,10579,-0.009462,0.012611,2.909633,0.005853,0.07428,0.664261,0.169645,0.606752,1.931485,1.900645,0.976929,0.995428,0.700038,0.0
1080,829440,0.00027513824884792623,141.7,0.8,1.776311,90.54,10665,-0.008327,0.011471,2.832829,0.005792,0.074127,0.374267,0.22479,0.324861,1.880558,1.856877,0.945002,0.958043,0.833588,0.0
1090,837120,0.00027490783410138243,141.7,0.71,1.665141,85.8,10757,-0.009187,0.008726,2.90433,0.005914,0.074463,0.651508,0.296846,0.59885,1.855927,1.901386,0.983129,0.994817,0.901967,0.0
1100,844800,0.00027467741935483864,141.7,0.71,1.65013,77.07,10854,-0.007639,0.006368,2.87147,0.004916,0.060486,0.502303,0.236215,0.621072,1.833259,1.873973,1.020846,0.994201,0.656431,0.0
1110,852480,0.0002744470046082949,141.8,0.79,1.776083,76.25,10956,-0.007803,0.02936,2.873285,0.005423,0.068359,0.340232,0.399672,-0.095369,1.860654,1.887617,0.982518,0.975467,0.672696,0.0
1120,860160,0.0002742165898617511,141.8,0.8,1.770003,72.36,11054,-0.009706,0.002439,2.87615,0.006134,0.075256,0.829029,0.496188,0.757609,1.893085,1.871652,0.980572,0.990482,0.560134,0.0
1130,867840,0.00027398617511520737,141.8,0.71,1.67832,85.14,11144,-0.009739,0.008642,2.915276,0.007049,0.09436,0.682841,0.136159,0.675066,1.907271,1.907699,0.966662,0.997376,0.660612,0.0
1140,875520,0.0002737557603686636,141.9,0.7,1.667719,91.42,11229,-0.009319,0.008505,2.882285,0.005638,0.064667,0.814333,0.29467,0.747803,1.871164,1.886961,0.981204,0.989524,0.757115,0.0
1150,883200,0.0002735253456221198,141.9,0.7,1.697512,86.45,11316,-0.011356,0.014828,2.893779,0.006968,0.094818,0.728565,0.214538,0.668706,1.815743,1.900923,0.952559,0.994687,0.328237,0.0
1160,890880,0.000273294930875576,141.9,0.65,1.613843,89.36,11403,-0.009608,0.017153,2.884859,0.005095,0.05722,0.799376,0.098432,0.782035,1.821323,1.894814,0.975469,0.987006,0.614374,0.0
1170,898560,0.0002730645161290322,142.0,0.8,1.798402,71.49,11508,-0.009341,0.013672,2.853544,0.005723,0.070221,0.568946,0.219746,0.502387,1.765288,1.868248,0.972419,0.977036,0.733768,0.0
1180,906240,0.00027283410138248846,142.0,0.68,1.633616,71.37,11615,-0.008074,0.011265,2.897482,0.005655,0.07431,0.592738,0.080086,0.729369,1.825554,1.901216,0.974899,0.982967,0.745247,0.0
1190,913920,0.00027260368663594467,142.0,0.78,1.801214,90.75,11696,-0.007545,0.004757,2.897619,0.006318,0.077087,0.744902,0.263942,0.690872,1.857047,1.92446,0.99759,0.965396,0.356428,0.0
1200,921600,0.0002723732718894009,142.1,0.58,1.484898,92.84,11778,-0.009965,0.01219,2.87163,0.006104,0.077484,0.800742,0.227009,0.743037,1.883527,1.874949,1.015268,0.98755,0.836026,0.0
1210,929280,0.00027214285714285714,142.1,0.63,1.58589,68.65,11887,-0.008354,0.022794,2.899998,0.005363,0.062195,0.593493,0.127518,0.599366,1.959221,1.895304,1.011915,0.997541,0.712632,0.0
1220,936960,0.00027191244239631334,142.1,0.62,1.578095,82.1,11973,-0.00943,0.011979,2.907845,0.006436,0.084991,0.815239,0.03352,0.826595,1.844844,1.877966,1.015009,1.020244,0.687759,0.0
1230,944640,0.00027168202764976955,142.2,0.73,1.6749,85.98,12062,-0.007849,0.010175,2.8889,0.005529,0.064209,0.635595,0.066611,0.694698,1.833223,1.835993,1.042457,1.0359,0.806068,0.0
1240,952320,0.00027145161290322576,142.2,0.61,1.548257,92.34,12150,-0.007954,0.025615,2.838845,0.005593,0.066772,0.512062,0.153951,0.480052,1.729761,1.812711,1.011351,1.016357,0.72578,0.0
1250,960000,0.000271221198156682,142.2,0.75,1.730931,71.5,12256,-0.008008,0.009131,2.922534,0.005862,0.075226,0.722747,0.334744,0.633866,1.797936,1.893196,1.025207,1.021865,0.776315,0.0
1260,967680,0.0002709907834101382,142.2,0.79,1.797657,87.85,12343,-0.009916,0.010775,2.885567,0.007008,0.096344,0.555251,0.252766,0.532556,1.777119,1.866081,1.016651,1.02279,0.414661,0.0
1270,975360,0.00027076036866359443,142.3,0.71,1.6611,87.3,12431,-0.009596,0.01314,2.892707,0.006491,0.086578,0.721771,0.140626,0.693093,1.879466,1.888672,0.990966,0.994821,0.291935,0.0
1280,983040,0.0002705299539170507,142.2,0.77,1.709467,82.94,12526,-0.009862,0.012584,2.848048,0.00621,0.082947,0.498829,0.136359,0.551204,1.802577,1.866957,0.974342,0.979622,0.538709,0.0
1290,990720,0.0002702995391705069,142.3,0.78,1.762447,78.8,12624,-0.008997,0.009034,2.88526,0.005774,0.069366,0.480253,0.355201,0.395522,1.888752,1.919944,0.990113,0.961491,0.441868,0.0
1300,998400,0.0002700691244239631,142.3,0.74,1.749082,73.26,12727,-0.009313,0.010456,2.856267,0.006355,0.082306,0.766509,0.156848,0.760312,1.880254,1.910533,0.957135,0.937323,0.44365,0.0
1310,1006080,0.0002698387096774193,142.3,0.75,1.721821,71.45,12831,-0.009653,0.015204,2.864924,0.005787,0.074219,0.356538,0.184705,0.435106,1.930889,1.917401,0.981318,0.95356,0.323076,0.0
1320,1013760,0.0002696082949308756,142.3,0.71,1.6848,69.53,12940,-0.009083,0.018411,2.85726,0.00539,0.062103,0.501114,0.364703,0.240349,1.89827,1.897416,0.943346,0.958282,0.321493,0.0
1330,1021440,0.0002693778801843318,142.3,0.78,1.735699,65.16,13060,-0.007944,0.0119,2.863994,0.005142,0.054169,0.580132,0.28643,0.513023,1.864866,1.894079,0.95998,0.963361,0.248636,0.0
1340,1029120,0.000269147465437788,142.4,0.74,1.706844,69.99,13172,-0.00841,0.018475,2.847676,0.006045,0.077118,0.30405,0.290822,0.11925,1.863945,1.889059,0.919386,0.959477,0.348664,0.0
1350,1036800,0.0002689170506912442,142.4,0.72,1.663258,71.42,13281,-0.008183,0.017881,2.935703,0.006453,0.084381,0.443803,0.378808,0.280908,1.923101,1.925138,0.982675,1.001506,0.422452,0.0
1360,1044480,0.00026868663594470046,142.4,0.7,1.665273,79.72,13377,-0.009501,0.013151,2.935733,0.005917,0.075317,0.629735,0.218095,0.544879,1.947454,1.934274,1.005716,0.991905,0.731343,0.0
1370,1052160,0.00026845622119815667,142.5,0.71,1.648599,79.25,13474,-0.008284,0.018922,2.965241,0.00538,0.062134,0.572838,0.325247,0.36694,1.942944,1.941243,1.031947,1.012648,0.65372,0.0
1380,1059840,0.0002682258064516129,142.5,0.71,1.670164,85.74,13559,-0.008386,0.016104,2.913914,0.005664,0.071228,0.657707,0.366659,0.468623,1.877403,1.890381,1.014964,1.005804,0.823352,0.0
1390,1067520,0.00026799539170506914,142.5,0.72,1.673659,75.69,13663,-0.008989,0.02456,2.913853,0.005282,0.054932,0.553529,0.310197,0.361619,1.872018,1.901758,0.980951,0.999873,0.993808,0.0
1400,1075200,0.00026776497695852534,142.5,0.67,1.639485,84.9,13749,-0.00921,0.018908,2.849935,0.005603,0.072052,0.753407,0.269517,0.665909,1.829228,1.846698,0.980412,0.987577,0.923755,0.0
1410,1082880,0.00026753456221198155,142.5,0.64,1.54507,80.5,13844,-0.010342,0.015987,2.935609,0.005552,0.067108,0.66205,0.255961,0.564993,1.883718,1.90358,1.026053,1.025131,0.737825,0.0
1420,1090560,0.00026730414746543776,142.6,0.6,1.513811,84.49,13936,-0.009546,0.013147,2.916479,0.005297,0.060059,0.782251,0.180258,0.736081,1.858971,1.875533,1.025584,1.032693,0.728233,0.0
1430,1098240,0.00026707373271889396,142.6,0.69,1.651899,77.62,14036,-0.01002,0.013374,2.860635,0.005556,0.06601,0.711218,0.272997,0.654709,1.884594,1.816563,0.983314,1.023973,0.785607,0.0
1440,1105920,0.0002668433179723502,142.6,0.73,1.725623,84.81,14125,-0.00867,0.012162,2.848991,0.005609,0.070038,0.718117,0.438335,0.531418,1.801728,1.80168,1.022982,1.030632,1.021387,0.0
1450,1113600,0.00026661290322580643,142.6,0.71,1.646632,61.24,14246,-0.007977,0.003827,2.883246,0.005663,0.061005,0.768638,0.537916,0.702917,1.780865,1.825059,1.03705,1.047109,0.937987,0.0
1460,1121280,0.0002663824884792627,142.6,0.69,1.689724,72.14,14353,-0.00939,0.012057,2.906118,0.00542,0.062836,0.587536,0.273311,0.591639,1.864997,1.878686,1.009406,1.025925,1.048,0.0
1470,1128960,0.0002661520737327189,142.7,0.79,1.761734,78.52,14451,-0.008952,0.026119,2.945845,0.006235,0.071869,0.545022,0.502357,0.090715,1.868471,1.902635,1.0284,1.030925,0.910125,0.0
1480,1136640,0.0002659216589861751,142.7,0.73,1.664807,63.85,14575,-0.008574,0.0167,2.926856,0.005365,0.061218,0.673865,0.390131,0.504489,1.882519,1.898552,0.986618,1.019279,0.929667,0.0
1490,1144320,0.0002656912442396313,142.7,0.71,1.649357,63.65,14693,-0.010065,0.021363,2.919298,0.005766,0.069855,0.531536,0.267361,0.385241,1.84516,1.874416,1.02465,1.033877,0.72922,0.0
1500,1152000,0.0002654608294930875,142.7,0.66,1.609335,63.79,14811,-0.009611,0.019491,2.951712,0.005582,0.064758,0.59011,0.346134,0.431338,1.896535,1.922884,0.986919,1.021909,0.475665,0.0
1510,1159680,0.00026523041474654373,142.8,0.65,1.597501,73.45,14914,-0.01124,0.014464,2.940318,0.006992,0.097046,0.311994,0.145771,0.348036,1.913645,1.912911,1.00595,1.028062,0.427751,0.0
1520,1167360,0.000265,142.8,0.77,1.754877,80.79,15012,-0.010896,0.012795,2.884137,0.006824,0.094788,0.482064,0.464944,0.210718,1.852307,1.864988,0.97504,1.008304,0.446513,0.0
1530,1175040,0.0002647695852534562,142.8,0.72,1.687645,71.5,15120,-0.009958,0.018759,2.892423,0.007124,0.095856,0.484627,0.134874,0.500997,1.93117,1.887985,1.024779,1.001042,0.665186,0.0
1540,1182720,0.0002645391705069124,142.8,0.66,1.618626,81.64,15214,-0.009574,0.014753,2.859199,0.005768,0.075226,0.55574,0.382835,0.337452,1.843428,1.877496,0.986135,0.979593,0.487872,0.0
1550,1190400,0.00026430875576036867,142.9,0.64,1.60184,76.95,15314,-0.00971,0.009219,2.838172,0.005063,0.057953,0.753573,0.519509,0.501153,1.814851,1.867393,0.933331,0.971905,0.512487,0.0
1560,1198080,0.0002640783410138249,142.9,0.68,1.613073,66.88,15426,-0.009622,0.010273,2.865236,0.005908,0.074249,0.569659,0.410641,0.395136,1.849781,1.889105,0.913518,0.975307,0.451288,0.0
1570,1205760,0.0002638479262672811,142.9,0.66,1.628722,69.26,15538,-0.010911,0.029585,2.837646,0.006647,0.093414,0.281361,0.141888,0.261529,1.880292,1.860808,0.917638,0.977492,0.385069,0.0
1580,1213440,0.0002636175115207373,142.9,0.71,1.661926,77.82,15637,-0.009803,0.013072,2.857997,0.005514,0.063019,0.645742,0.090107,0.700622,1.851866,1.881914,0.958105,0.975715,0.464546,0.0
1590,1221120,0.0002633870967741935,143.0,0.67,1.599558,82.22,15731,-0.009116,0.010424,2.825876,0.005784,0.071655,0.149502,0.232061,0.15604,1.847145,1.859237,0.918965,0.955534,0.321676,0.0
1600,1228800,0.00026315668202764976,143.0,0.76,1.760623,83.11,15825,-0.010599,0.007884,2.855634,0.005988,0.077789,0.814406,0.159918,0.801486,1.854365,1.859844,0.992079,0.987781,0.494014,0.0
1610,1236480,0.00026292626728110596,143.0,0.73,1.692191,77.88,15924,-0.008892,0.023378,2.865554,0.005739,0.073792,0.527986,0.35959,0.283634,1.864494,1.855672,1.028151,1.015086,0.482954,0.0
1620,1244160,0.0002626958525345622,143.0,0.75,1.678052,71.7,16027,-0.009691,0.00574,2.91881,0.005575,0.066437,0.718792,0.230756,0.725869,1.853505,1.903129,1.054924,1.021327,0.290664,0.0
1630,1251840,0.00026246543778801843,143.0,0.69,1.646172,89.25,16118,-0.007602,0.01674,2.932118,0.004917,0.054443,0.386574,0.269318,0.32054,1.915661,1.927428,1.020503,1.010118,0.389852,0.0
1640,1259520,0.00026223502304147464,143.0,0.71,1.645215,95.57,16196,-0.009254,0.009041,2.912532,0.006276,0.08017,0.769135,0.274879,0.698041,1.91454,1.910991,1.029389,1.003261,0.350721,0.0
1650,1267200,0.00026200460829493085,143.0,0.69,1.667459,70.97,16302,-0.010929,0.020678,2.818666,0.005805,0.068146,0.361071,0.212307,0.360872,1.842901,1.828428,0.989699,0.977108,0.388514,0.0
1660,1274880,0.00026177419354838705,143.0,0.76,1.739621,69.95,16412,-0.008937,0.025343,2.859434,0.006169,0.077728,0.346124,0.143036,0.332656,1.875778,1.866233,1.003852,1.00169,0.513453,0.0
1670,1282560,0.00026154377880184326,143.0,0.77,1.743766,69.01,16523,-0.008798,0.013481,2.877427,0.00529,0.062469,0.387292,0.205261,0.406836,1.90023,1.873894,1.009162,0.998287,0.350536,0.0
1680,1290240,0.0002613133640552995,143.1,0.76,1.781772,80.23,16619,-0.009412,0.023722,2.87675,0.005975,0.074066,0.465654,0.122268,0.436296,1.934806,1.896474,1.010656,1.000672,0.583478,0.0
1690,1297920,0.00026108294930875573,143.1,0.79,1.780142,78.32,16718,-0.009957,0.019826,2.886157,0.006308,0.079163,0.450765,0.251273,0.295238,1.94805,1.892016,0.907197,0.985467,0.56753,0.0
1700,1305600,0.000260852534562212,143.1,0.7,1.698664,98.1,16791,-0.007591,0.009222,2.910515,0.004968,0.051849,0.677562,0.137221,0.661708,1.963418,1.928716,0.951858,0.983896,0.213777,0.0
1710,1313280,0.0002606221198156682,143.1,0.71,1.693998,89.19,16883,-0.009497,0.021327,2.88538,0.006316,0.080475,0.466506,0.242152,0.341362,1.921479,1.88917,0.948185,0.992982,0.235108,0.0
1720,1320960,0.0002603917050691244,143.0,0.79,1.780901,73.96,16985,-0.010865,0.025188,2.900163,0.006404,0.089783,0.416519,0.293445,0.197959,1.933429,1.904678,0.96398,0.994486,0.400843,0.0
1730,1328640,0.0002601612903225806,142.9,0.81,1.789146,88.88,17070,-0.008093,0.01706,2.922756,0.005143,0.060333,0.496765,0.28015,0.353717,1.943661,1.926497,0.966452,0.99409,0.377295,0.0
1740,1336320,0.0002599308755760368,142.8,0.76,1.754115,85.79,17160,-0.009701,0.013741,2.923785,0.005579,0.067291,0.678655,0.316241,0.587995,1.898481,1.926416,0.992909,1.002554,0.511491,0.0
1750,1344000,0.000259700460829493,142.8,0.59,1.476391,80.97,17253,-0.011112,0.01112,2.946941,0.006731,0.090576,0.688877,0.247243,0.595831,1.902611,1.920849,1.009659,1.015548,0.527948,0.0
1760,1351680,0.0002594700460829493,142.8,0.61,1.530766,87.55,17344,-0.010069,0.016948,2.824302,0.00537,0.063782,0.625791,0.079131,0.643605,1.797627,1.844117,0.955242,0.966473,0.388377,0.0
1770,1359360,0.0002592396313364055,142.8,0.76,1.728853,81.53,17437,-0.010548,0.004491,2.822892,0.005731,0.066406,0.715963,0.315553,0.746396,1.86406,1.83919,0.970659,0.976865,0.509988,0.0
1780,1367040,0.00025900921658986175,142.8,0.73,1.704439,93.69,17517,-0.008423,0.007517,2.916992,0.005803,0.072632,0.827111,0.230306,0.805255,1.834551,1.892138,1.034441,1.021905,0.726004,0.0
1790,1374720,0.00025877880184331796,142.8,0.73,1.7376,104.73,17591,-0.009603,0.008213,2.820106,0.005597,0.060608,0.8413,0.121758,0.824994,1.861887,1.871283,0.954275,0.949729,0.360167,0.0
1800,1382400,0.00025854838709677417,142.8,0.78,1.738041,68.03,17701,-0.009464,0.016366,2.815017,0.005921,0.074585,0.503092,0.289068,0.349285,1.808176,1.83721,0.987859,0.979085,0.535924,0.0
1810,1390080,0.0002583179723502304,142.8,0.78,1.761535,79.65,17797,-0.009874,0.003807,2.827623,0.00479,0.054382,0.840523,0.813556,0.28531,1.864394,1.863134,0.961702,0.963343,0.455248,0.0
1820,1397760,0.0002580875576036866,142.8,0.71,1.641459,69.74,17903,-0.010297,0.005052,2.895325,0.006037,0.077179,0.782405,0.354427,0.699356,1.903756,1.888667,1.02521,1.001552,0.359818,0.0
1830,1405440,0.00025785714285714284,142.8,0.82,1.838261,85.58,17996,-0.008912,0.020402,2.919204,0.005358,0.06369,0.448615,0.592929,-0.347675,1.900814,1.918365,1.00925,1.010091,0.362897,0.0
1840,1413120,0.00025762672811059905,142.8,0.72,1.673616,83.29,18087,-0.010049,0.029329,2.878638,0.006115,0.075256,0.467009,0.471006,-0.004569,1.840331,1.854116,1.041596,1.021676,0.589512,0.0
1850,1420800,0.00025739631336405526,142.8,0.81,1.846082,81.49,18178,-0.010495,0.008581,2.907412,0.005364,0.06488,0.627523,0.434996,0.475689,1.842619,1.890774,1.030279,1.024759,0.5053,0.0
1860,1428480,0.0002571658986175115,142.9,0.74,1.745713,95.68,18258,-0.010103,0.019278,2.925822,0.00558,0.0625,0.564327,0.394831,0.350854,1.858084,1.882485,1.030767,1.029168,0.461874,0.0
1870,1436160,0.0002569354838709677,142.9,0.73,1.708249,85.66,18347,-0.009665,0.00694,2.917854,0.0058,0.066559,0.661534,0.325518,0.600478,1.888534,1.901433,1.02729,1.009878,0.482091,0.0
1880,1443840,0.00025670506912442393,142.9,0.72,1.700759,76.63,18449,-0.009762,0.017722,2.871144,0.006037,0.077332,0.511482,0.321149,0.332006,1.822824,1.870265,1.028387,1.003449,0.256829,0.0
1890,1451520,0.00025647465437788014,142.9,0.83,1.835511,77.64,18544,-0.009488,0.013553,2.848195,0.005735,0.074646,0.426786,0.467544,0.044228,1.785895,1.831149,1.027406,1.015728,0.270275,0.0
1900,1459200,0.0002562442396313364,142.9,0.74,1.725162,87.09,18633,-0.010675,0.0292,2.860627,0.006248,0.082001,0.421371,0.28253,0.215314,1.815811,1.873804,0.978677,0.984374,0.443849,0.0
1910,1466880,0.0002560138248847926,142.9,0.77,1.800482,88.58,18722,-0.009126,0.015257,2.88029,0.004815,0.056335,0.598398,0.446432,0.30073,1.840179,1.869967,1.005287,1.004984,0.7339,0.0
1920,1474560,0.0002557834101382488,142.9,0.82,1.816334,95.64,18793,-0.00895,0.014356,2.927679,0.006495,0.085663,0.473212,0.339037,0.257026,1.912488,1.929586,0.971134,0.99676,0.465395,0.0
1930,1482240,0.0002555529953917051,142.9,0.77,1.761772,83.2,18888,-0.010917,0.024294,2.866926,0.006342,0.086884,0.419688,0.240284,0.320894,1.866009,1.882281,0.980266,0.986764,0.430014,0.0
1940,1489920,0.0002553225806451613,142.9,0.73,1.712287,81.96,18981,-0.011907,0.007637,2.884141,0.006524,0.093567,0.582656,0.2334,0.602812,1.916572,1.898081,0.963577,0.978094,0.188738,0.0
1950,1497600,0.0002550921658986175,143.0,0.71,1.673071,94.33,19059,-0.009099,0.011125,2.921178,0.006533,0.087524,0.659917,0.282166,0.526253,1.934439,1.930156,0.993087,0.982763,0.256793,0.0
1960,1505280,0.0002548617511520737,142.9,0.78,1.731603,103.17,19136,-0.01188,0.007773,2.907279,0.006564,0.081665,0.437587,0.322822,0.335393,1.883829,1.89847,1.000813,0.997124,0.50226,0.0
1970,1512960,0.00025463133640552996,143.0,0.74,1.66767,101.21,19214,-0.008812,0.014977,2.911379,0.005139,0.055634,0.555198,0.280539,0.434047,1.881066,1.889706,1.031731,1.023413,0.426335,0.0
1980,1520640,0.0002544009216589861,143.0,0.71,1.657635,85.55,19308,-0.009879,0.014397,2.968106,0.005478,0.066803,0.703957,0.228788,0.62722,1.873149,1.937633,1.057431,1.031295,0.437934,0.0
1990,1528320,0.0002541705069124424,143.0,0.71,1.668722,82.19,19399,-0.007814,0.008565,2.934692,0.005453,0.059845,0.704545,0.503463,0.559229,1.839872,1.899929,1.024349,1.035283,0.260202,0.0
2000,1536000,0.0002539400921658986,143.0,0.73,1.735137,84.81,19489,-0.011283,0.007839,2.940673,0.00771,0.116669,0.576628,0.370274,0.469247,1.877754,1.908103,1.021255,1.034931,0.228113,0.0
2010,1543680,0.00025370967741935484,143.0,0.74,1.716641,98.25,19563,-0.008771,0.003747,2.911929,0.006812,0.09494,0.718938,0.602936,0.329982,1.809886,1.906895,1.00983,1.006438,0.385159,0.0
2020,1551360,0.00025347926267281105,143.0,0.75,1.73771,98.25,19647,-0.009968,0.022287,2.935669,0.005655,0.075806,0.71958,0.302482,0.600348,1.838504,1.930828,0.997812,1.002626,0.401948,0.0
2030,1559040,0.00025324884792626726,143.0,0.76,1.721085,85.39,19733,-0.010851,0.004024,2.884265,0.006627,0.08609,0.648575,0.436199,0.47576,1.785934,1.860359,1.024146,1.010629,0.321705,0.0
2040,1566720,0.0002530184331797235,143.1,0.77,1.690874,86.52,19822,-0.010946,0.010282,2.862281,0.006063,0.076874,0.756696,0.366667,0.622314,1.804771,1.858733,1.002359,0.988993,0.215408,0.0
2050,1574400,0.00025278801843317967,143.1,0.74,1.68672,78.57,19916,-0.010003,0.022401,2.831115,0.005884,0.070801,0.42868,0.112684,0.467495,1.840917,1.860748,1.010832,0.969827,0.248938,0.0
2060,1582080,0.00025255760368663593,143.1,0.65,1.609837,77.13,20014,-0.010627,0.020477,2.888629,0.005907,0.074951,0.370298,0.273427,0.179369,1.887374,1.912161,1.03965,0.980807,0.229446,0.0
2070,1589760,0.00025232718894009214,143.1,0.65,1.597807,87.96,20101,-0.009195,0.023346,2.906514,0.005469,0.059662,0.722921,0.460645,0.513919,1.908088,1.897828,1.0347,1.000417,0.397954,0.0
2080,1597440,0.00025209677419354835,143.1,0.57,1.4389,102.14,20174,-0.008852,0.01367,2.945963,0.005261,0.056915,0.806892,0.330231,0.714726,1.925276,1.934829,1.053317,1.002794,0.425352,0.0
2090,1605120,0.0002518663594470046,143.1,0.65,1.565807,100.29,20249,-0.009518,0.010549,2.922691,0.005438,0.064972,0.748142,0.093622,0.773578,1.914798,1.933655,1.031374,0.991135,0.453258,0.0
2100,1612800,0.0002516359447004608,143.1,0.7,1.618218,79.5,20346,-0.010488,0.017566,2.895216,0.006943,0.093231,0.49023,0.176788,0.40578,1.93301,1.911151,1.010947,0.980782,0.376965,0.0
2110,1620480,0.000251405529953917,143.1,0.79,1.797535,89.23,20433,-0.011553,0.0097,2.917299,0.00554,0.064117,0.528378,0.169209,0.627964,1.887718,1.913864,1.026594,0.995542,0.390038,0.0
2120,1628160,0.00025117511520737323,143.2,0.73,1.706357,78.41,20533,-0.010303,0.004236,2.985496,0.005066,0.054443,0.663849,0.453287,0.648769,1.940275,1.965488,1.035682,1.012954,0.446961,0.0
2130,1635840,0.0002509447004608295,143.2,0.76,1.759493,90.98,20613,-0.009853,0.011777,2.983394,0.005836,0.075989,0.5692,0.340867,0.385284,1.939571,1.963614,1.019238,1.012443,0.348132,0.0
2140,1643520,0.0002507142857142857,143.2,0.67,1.612101,82.8,20710,-0.011526,0.024039,2.909362,0.006562,0.091095,0.49689,0.113696,0.519433,1.906688,1.898427,1.026497,1.005845,0.442368,0.0
2150,1651200,0.0002504838709677419,143.2,0.73,1.713765,80.1,20798,-0.01088,0.016022,2.927252,0.006318,0.082458,0.630591,0.198243,0.554587,1.936558,1.904434,1.033238,1.015765,0.41854,0.0
2160,1658880,0.0002502534562211981,143.2,0.67,1.596259,85.48,20890,-0.011872,0.011406,2.876122,0.005831,0.072601,0.736298,0.026909,0.767926,1.895497,1.883106,1.019128,0.993476,0.411712,0.0
2170,1666560,0.0002500230414746544,143.2,0.55,1.420536,97.75,20972,-0.010229,0.009718,2.886433,0.00562,0.066589,0.856503,0.027273,0.869671,1.873221,1.890875,1.033752,0.993273,0.399027,0.0
2180,1674240,0.0002497926267281106,143.2,0.53,1.435011,93.44,21055,-0.009516,0.033171,2.864053,0.005468,0.063446,0.485283,0.316827,0.246749,1.930665,1.893214,0.995827,0.967217,0.302849,0.0
2190,1681920,0.0002495622119815668,143.2,0.54,1.427357,85.55,21144,-0.008555,0.011421,2.843362,0.005282,0.05777,0.754224,0.000232,0.84355,1.897935,1.872507,0.967308,0.962147,0.378571,0.0
2200,1689600,0.00024933179723502305,143.2,0.69,1.633484,83.55,21235,-0.010587,0.007505,2.892891,0.005669,0.067474,0.889979,0.08055,0.882087,1.909876,1.906542,0.993618,0.988691,0.33367,0.0
2210,1697280,0.00024910138248847926,143.3,0.64,1.569379,83.27,21327,-0.011219,0.01988,2.837464,0.005918,0.075684,0.613873,0.221321,0.539393,1.806643,1.826102,1.021668,1.002823,0.32975,0.0
2220,1704960,0.00024887096774193546,143.3,0.75,1.739415,92.66,21410,-0.011886,0.002834,2.771495,0.007158,0.097717,0.725027,0.29061,0.816997,1.770272,1.75219,1.022263,1.00321,0.281872,0.0
2230,1712640,0.00024864055299539167,143.3,0.73,1.687374,81.57,21503,-0.00909,0.010439,2.818032,0.005684,0.069733,0.730808,0.091899,0.762937,1.804241,1.806888,1.021185,1.002553,0.458676,0.0
2240,1720320,0.0002484101382488479,143.3,0.71,1.658347,85.67,21588,-0.009509,0.009599,2.839513,0.00578,0.068573,0.798382,0.173253,0.775677,1.826735,1.823464,0.995678,1.005382,0.522772,0.0
2250,1728000,0.00024817972350230414,143.3,0.73,1.73623,83.55,21683,-0.011532,0.012346,2.836183,0.006306,0.08075,0.502637,0.264617,0.510847,1.816442,1.82823,0.962749,1.002306,0.323903,0.0
2260,1735680,0.00024794930875576035,143.3,0.7,1.627805,77.96,21781,-0.010595,0.011972,2.854373,0.005204,0.062347,0.787344,0.206996,0.748887,1.855151,1.850434,0.963665,1.0025,0.410653,0.0
2270,1743360,0.0002477188940092166,143.3,0.73,1.678063,80.4,21880,-0.011463,0.017639,2.865506,0.006272,0.079102,0.524272,0.148357,0.541796,1.886285,1.87791,0.938395,0.985091,0.538238,0.0
2280,1751040,0.0002474884792626728,143.3,0.79,1.750183,77.29,21975,-0.010311,0.0037,2.824502,0.005385,0.059784,0.819629,0.372449,0.81512,1.763954,1.850266,0.905254,0.979088,0.485522,0.0
2290,1758720,0.000247258064516129,143.3,0.7,1.702775,79.04,22075,-0.009785,0.012927,2.849282,0.005124,0.05954,0.446648,0.389546,0.268269,1.856842,1.847512,0.950392,0.992542,0.57021,0.0
2300,1766400,0.00024702764976958523,143.3,0.75,1.738058,76.48,22175,-0.011289,0.003052,2.881254,0.005861,0.072571,0.791079,0.607098,0.68201,1.873732,1.90509,0.905959,0.976597,0.458772,0.0
2310,1774080,0.00024679723502304144,143.3,0.73,1.7192,64.78,22293,-0.010398,0.011851,2.878379,0.006353,0.087952,0.515268,0.307122,0.537959,1.853554,1.907063,0.950384,0.973349,0.444564,0.0
2320,1781760,0.00024656682027649764,143.3,0.83,1.77935,70.25,22403,-0.010749,0.010952,2.864028,0.005053,0.060791,0.510758,0.388934,0.289215,1.862788,1.8981,0.945935,0.970014,0.425377,0.0
2330,1789440,0.0002463364055299539,143.3,0.79,1.753434,75.01,22502,-0.011524,0.022943,2.862156,0.00587,0.077087,0.496813,0.346401,0.242612,1.883026,1.899819,0.882013,0.958104,0.418238,0.0
2340,1797120,0.0002461059907834101,143.3,0.77,1.729259,80.51,22602,-0.011541,0.002355,2.889122,0.005726,0.067566,0.855584,0.655028,0.735905,1.887895,1.93251,0.928463,0.951313,0.360669,0.0
2350,1804800,0.0002458755760368663,143.4,0.78,1.787505,89.38,22682,-0.010727,0.012575,2.912335,0.006053,0.084015,0.271664,0.032757,0.526489,1.873756,1.936405,0.992086,0.981343,0.341966,0.0
2360,1812480,0.0002456451612903226,143.4,0.71,1.687659,98.12,22762,-0.010124,0.005666,2.891304,0.005116,0.061005,0.671935,0.412125,0.6174,1.853234,1.908733,0.984152,0.975126,0.288199,0.0
2370,1820160,0.0002454147465437788,143.4,0.78,1.731638,107.97,22828,-0.009868,0.010293,2.894548,0.005967,0.073395,0.763789,0.303574,0.665407,1.866115,1.907588,0.996563,0.980828,0.204153,0.0
2380,1827840,0.000245184331797235,143.3,0.68,1.636961,107.72,22906,-0.01178,0.013993,2.915667,0.006437,0.086578,0.545882,0.278275,0.421953,1.956468,1.93456,0.99705,0.976964,0.423071,0.0
2390,1835520,0.0002449539170506912,143.3,0.78,1.766336,86.7,22993,-0.011355,0.025556,2.887901,0.005752,0.069031,0.44141,0.424434,0.070994,1.854082,1.896534,1.013282,0.989904,0.355676,0.0
2400,1843200,0.0002447235023041474,143.3,0.76,1.789181,80.83,23084,-0.010024,0.009867,2.913965,0.006119,0.076782,0.483667,0.232574,0.464274,1.87886,1.90821,1.011991,1.007407,0.409762,0.0
2410,1850880,0.00024449308755760367,143.2,0.75,1.712629,72.01,23186,-0.010868,0.008897,2.884835,0.00575,0.072968,0.568187,0.240585,0.590125,1.865237,1.876544,1.025811,1.005642,0.396025,0.0
2420,1858560,0.0002442626728110599,143.2,0.71,1.69687,86.55,23277,-0.013024,0.018904,2.888856,0.005648,0.070709,0.416424,0.23593,0.332787,1.885987,1.895697,1.007269,0.992102,0.304874,0.0
2430,1866240,0.0002440322580645161,143.1,0.76,1.767473,87.24,23366,-0.009162,0.010052,2.959719,0.004621,0.054657,0.551189,0.505889,0.19531,1.967288,1.952025,1.007436,1.001006,0.460502,0.0
2440,1873920,0.00024380184331797234,143.1,0.74,1.724612,80.26,23462,-0.011031,0.01774,2.957131,0.006181,0.081573,0.263306,0.23286,0.211005,1.967454,1.96097,1.004372,0.985782,0.47994,0.0
2450,1881600,0.00024357142857142855,143.1,0.75,1.732224,78.17,23560,-0.010345,0.03025,2.893929,0.005262,0.061768,0.520947,0.30569,0.315639,1.95466,1.882337,0.999789,1.003829,0.380318,0.0
2460,1889280,0.00024334101382488476,143.1,0.78,1.768889,81.02,23653,-0.011762,0.021618,2.835941,0.005792,0.068756,0.54836,0.158423,0.485561,1.826218,1.868663,0.983936,0.970557,0.337311,0.0
2470,1896960,0.000243110599078341,143.0,0.78,1.744932,81.73,23745,-0.010671,0.026517,2.837196,0.004898,0.058014,0.356392,0.34983,0.025383,1.874658,1.856399,1.018611,0.977924,0.397111,0.0
2480,1904640,0.00024288018433179723,143.0,0.78,1.756516,82.45,23841,-0.010476,0.013366,2.853367,0.005737,0.072754,0.569252,0.641789,-0.188863,1.85582,1.886714,1.013076,0.967786,0.339142,0.0
2490,1912320,0.0002426497695852534,143.0,0.76,1.756029,98.06,23917,-0.011374,0.02198,2.89489,0.006146,0.077667,0.363,0.128436,0.400582,1.873502,1.892965,1.026176,0.997901,0.285028,0.0
2500,1920000,0.00024241935483870967,142.9,0.78,1.752014,93.39,23995,-0.011556,0.008568,2.908161,0.006326,0.08139,0.646832,0.580511,0.32836,1.909849,1.889498,1.03097,1.016518,0.230725,0.0
2510,1927680,0.00024218894009216588,142.9,0.71,1.678221,111.99,24064,-0.011893,0.00694,2.916854,0.006817,0.093597,0.809551,0.381654,0.700884,1.922551,1.901143,1.023649,1.012682,0.09282,0.0
2520,1935360,0.0002419585253456221,142.8,0.71,1.656529,104.14,24142,-0.010525,0.008209,2.889792,0.005888,0.072784,0.664117,0.345905,0.558248,1.860421,1.864035,1.038759,1.0276,0.156598,0.0
2530,1943040,0.00024172811059907832,142.8,0.73,1.668297,102.89,24215,-0.009455,0.007373,2.866656,0.005921,0.076538,0.176346,0.29862,0.429767,1.832675,1.859648,1.047292,1.013821,0.141693,0.0
2540,1950720,0.00024149769585253452,142.8,0.89,1.918802,94.54,24298,-0.012424,0.009999,2.868685,0.005725,0.072418,0.62282,0.388911,0.419854,1.86892,1.863969,1.032946,1.008146,0.198972,0.0
2550,1958400,0.00024126728110599076,142.8,0.77,1.762991,89.26,24386,-0.011051,0.002896,2.828133,0.005246,0.063751,0.802605,0.860289,0.273313,1.93189,1.831635,1.026029,0.995803,0.153664,0.0
2560,1966080,0.00024103686635944697,142.8,0.73,1.686378,89.24,24473,-0.010268,0.011331,2.80283,0.005767,0.069031,0.378406,0.184347,0.442282,1.869973,1.808544,1.026753,1.001178,0.180766,0.0
2570,1973760,0.00024080645161290323,142.8,0.73,1.688234,94.24,24552,-0.011281,0.022148,2.872675,0.005579,0.07489,0.323901,0.344187,0.080285,1.914726,1.857247,1.051207,1.021194,0.126006,0.0
2580,1981440,0.00024057603686635943,142.8,0.78,1.771146,96.18,24633,-0.010708,0.01148,2.830505,0.005792,0.070648,0.602947,0.318253,0.494448,1.887959,1.819355,1.051949,1.005725,0.095251,0.0
2590,1989120,0.00024034562211981564,142.8,0.77,1.730719,87.37,24722,-0.01163,0.00758,2.809618,0.005847,0.072601,0.648459,0.192157,0.637285,1.855995,1.815638,1.021667,0.996105,0.198325,0.0
2600,1996800,0.00024011520737327188,142.8,0.85,1.798564,75.32,24825,-0.0121,0.002779,2.835092,0.006896,0.093018,0.831051,0.815962,0.463664,1.861123,1.842164,1.031311,0.990606,0.22679,0.0
2610,2004480,0.00023988479262672808,142.8,0.85,1.854827,87.73,24905,-0.009636,0.003956,2.790679,0.004829,0.054291,0.860927,0.851224,0.154202,1.809047,1.813107,1.002322,0.972167,0.176859,0.0
2620,2012160,0.0002396543778801843,142.8,0.8,1.792285,93.98,24990,-0.011555,0.031458,2.821724,0.005864,0.077759,0.535931,0.410749,0.215124,1.790305,1.842605,1.01035,0.970753,0.297541,0.0
2630,2019840,0.00023942396313364052,142.8,0.73,1.730819,105.1,25055,-0.010981,0.023613,2.891474,0.005412,0.061798,0.633324,0.178451,0.578466,1.873302,1.898438,1.053345,0.992244,0.389453,0.0
2640,2027520,0.00023919354838709676,142.8,0.61,1.519372,102.67,25131,-0.01293,0.005291,2.872415,0.005628,0.066498,0.759556,0.321248,0.734033,1.881572,1.885736,1.023278,0.978834,0.316021,0.0
2650,2035200,0.000238963133640553,142.8,0.74,1.711649,103.69,25208,-0.010417,0.016598,2.885235,0.00586,0.067871,0.710519,0.460465,0.46692,1.885236,1.869353,1.05175,0.998674,0.421008,0.0
2660,2042880,0.0002387327188940092,142.9,0.76,1.737316,88.08,25295,-0.009718,0.006421,2.824478,0.004889,0.053101,0.673525,0.442284,0.594445,1.843934,1.824432,1.035215,0.992427,0.329532,0.0
2670,2050560,0.0002385023041474654,142.9,0.83,1.853947,89.08,25381,-0.012183,0.016176,2.804491,0.006666,0.094788,0.715519,0.652353,0.239812,1.752489,1.797724,1.0265,0.993284,0.21172,0.0
2680,2058240,0.00023827188940092164,142.9,0.81,1.787041,98.26,25452,-0.011694,0.008475,2.805325,0.005392,0.065063,0.782405,0.67989,0.344192,1.724425,1.799558,1.043621,0.997614,0.192209,0.0
2690,2065920,0.00023804147465437785,142.9,0.76,1.716452,105.6,25521,-0.010926,0.003726,2.841709,0.005563,0.071381,0.950295,0.704646,0.862656,1.877602,1.821537,1.050467,0.995817,0.191365,0.0
2700,2073600,0.00023781105990783405,142.9,0.71,1.641168,118.66,25585,-0.010228,0.013774,2.81494,0.005782,0.076263,0.862415,0.415741,0.765903,1.843251,1.796601,1.014167,1.004764,0.157275,0.0
2710,2081280,0.00023758064516129032,142.9,0.74,1.677318,116.05,25652,-0.011057,0.014875,2.834316,0.00536,0.060699,0.875805,0.596452,0.710054,1.896484,1.805666,1.015947,1.011592,0.140403,0.0
2720,2088960,0.00023735023041474652,142.9,0.82,1.783069,117.67,25715,-0.009121,0.009062,2.802508,0.006053,0.077667,0.654171,0.531855,0.268457,1.953257,1.811348,0.99895,0.988763,0.224448,0.0
2730,2096640,0.00023711981566820276,142.9,0.8,1.771206,127.87,25777,-0.007655,0.012816,2.853708,0.005388,0.067627,0.749008,0.126145,0.724847,1.931928,1.848262,1.007645,0.991959,0.427732,0.0
2740,2104320,0.00023688940092165896,142.9,0.83,1.834002,108.33,25851,-0.00943,0.010549,2.832438,0.00502,0.059143,0.751353,0.65666,0.277189,1.917164,1.823868,1.007777,0.998627,0.26907,0.0
2750,2112000,0.00023665898617511517,142.9,0.81,1.84837,113.75,25916,-0.008783,0.032023,2.839044,0.005672,0.071625,0.647673,0.611713,0.098752,1.828948,1.84642,0.960844,0.995628,0.119292,0.0
2760,2119680,0.0002364285714285714,142.9,0.79,1.806499,119.17,25983,-0.009658,0.011607,2.825741,0.006532,0.086761,0.85638,0.510763,0.717137,1.818154,1.82648,0.995996,0.991815,0.125302,0.0
2770,2127360,0.0002361981566820276,142.9,0.84,1.812216,98.91,26065,-0.010675,0.012372,2.807765,0.005679,0.068787,0.687282,0.641905,0.23684,1.80733,1.808942,0.987996,0.98473,0.280302,0.0
2780,2135040,0.00023596774193548387,142.9,0.86,1.859684,98.98,26135,-0.01081,0.001671,2.883423,0.005729,0.070496,0.934063,0.83427,0.672334,1.855899,1.89584,0.95131,0.985749,0.144979,0.0
2790,2142720,0.00023573732718894008,142.9,0.79,1.763571,108.24,26209,-0.009394,0.01245,2.837549,0.0055,0.064514,0.65624,0.455064,0.462043,1.866015,1.872398,0.913508,0.975796,0.076,0.0
2800,2150400,0.0002355069124423963,142.9,0.76,1.734049,114.72,26278,-0.011191,0.030653,2.831261,0.005265,0.062439,0.468356,0.406056,0.121283,1.746453,1.849829,0.988376,0.975324,0.343193,0.0
2810,2158080,0.00023527649769585252,142.9,0.72,1.673881,100.47,26352,-0.011102,0.017292,2.867909,0.005569,0.069336,0.465073,0.319405,0.378632,1.810648,1.874027,0.976428,0.996322,0.277149,0.0
2820,2165760,0.00023504608294930873,142.9,0.71,1.653773,98.01,26432,-0.011919,0.01479,2.901676,0.005457,0.066681,0.732236,0.59236,0.404702,1.942651,1.910105,0.852417,0.988684,0.309071,0.0
2830,2173440,0.00023481566820276496,142.9,0.66,1.617026,108.64,26503,-0.010737,0.005626,2.923841,0.005067,0.058136,0.80458,0.521676,0.704599,1.915666,1.947609,0.884818,0.973221,0.465718,0.0
2840,2181120,0.00023458525345622117,143.0,0.62,1.557051,106.63,26577,-0.012419,0.032744,2.921105,0.005501,0.065979,0.48624,0.496194,-0.01785,1.923493,1.92664,0.96339,0.989316,0.385266,0.0
2850,2188800,0.0002343548387096774,143.0,0.57,1.478197,97.99,26654,-0.011745,0.010226,2.948745,0.006135,0.078339,0.678195,0.339899,0.559858,1.912131,1.948842,0.962865,0.994991,0.489938,0.0
2860,2196480,0.0002341244239631336,143.0,0.61,1.568243,100.85,26732,-0.011493,0.009179,2.933537,0.005684,0.067657,0.847824,0.127192,0.833864,1.928749,1.925075,0.981761,1.000006,0.490233,0.0
2870,2204160,0.00023389400921658985,142.9,0.52,1.416015,95.87,26819,-0.011078,0.014192,2.899299,0.005405,0.067078,0.690793,0.328057,0.669064,1.870012,1.911503,0.994116,0.972805,0.458816,0.0
2880,2211840,0.00023366359447004605,142.9,0.62,1.534449,94.58,26893,-0.01195,0.016807,2.909975,0.005556,0.072815,0.630824,0.240424,0.536932,1.928062,1.924037,0.984071,0.983919,0.645514,0.0
2890,2219520,0.0002334331797235023,142.8,0.61,1.543743,82.28,26991,-0.011068,0.029313,2.898055,0.006172,0.075989,0.615671,0.311181,0.442453,1.848643,1.899706,1.01715,0.993984,0.535919,0.0
2900,2227200,0.0002332027649769585,142.8,0.71,1.669433,85.1,27077,-0.011179,0.019889,2.881958,0.006183,0.082397,0.55769,0.372061,0.337589,1.847286,1.881426,1.019082,1.00724,0.578553,0.0
2910,2234880,0.00023297235023041473,142.8,0.76,1.730072,78.56,27174,-0.010523,0.01182,2.873673,0.00579,0.075592,0.668305,0.60198,0.407258,1.851406,1.871378,1.010857,0.992329,0.367333,0.0
2920,2242560,0.00023274193548387096,142.7,0.77,1.775973,77.67,27274,-0.011041,0.017944,2.8933,0.005195,0.061615,0.597272,0.521584,0.213626,1.790981,1.867221,0.997606,1.008811,0.387564,0.0
2930,2250240,0.00023251152073732714,142.7,0.81,1.807479,81.45,27368,-0.009402,0.008129,2.909996,0.004817,0.051636,0.764371,0.593582,0.427631,1.793414,1.898627,1.017394,1.002741,0.349797,0.0
2940,2257920,0.0002322811059907834,142.7,0.81,1.83379,88.29,27456,-0.010464,0.014269,2.892689,0.005011,0.065338,0.711701,0.561984,0.344798,1.792762,1.892128,1.029287,1.008533,0.318337,0.0
2950,2265600,0.0002320506912442396,142.7,0.79,1.757997,89.7,27540,-0.011349,0.002021,2.913072,0.005482,0.05957,0.90239,0.81576,0.740122,1.853231,1.87294,1.056278,1.023871,0.379967,0.0
2960,2273280,0.00023182027649769585,142.6,0.83,1.860459,86.1,27632,-0.011903,0.016398,2.886517,0.006022,0.075592,0.634154,0.431937,0.377114,1.919895,1.876387,1.060872,1.00747,0.466678,0.0
2970,2280960,0.00023158986175115205,142.6,0.81,1.798486,88.83,27717,-0.010944,0.017552,2.930347,0.005356,0.062561,0.753864,0.509578,0.506128,1.948442,1.913445,1.005426,1.006249,0.45363,0.0
2980,2288640,0.00023135944700460826,142.6,0.69,1.620602,100.28,27792,-0.011458,0.024704,2.907725,0.005933,0.076324,0.663414,0.33781,0.492328,1.878276,1.905141,1.036838,0.993987,0.476312,0.0
2990,2296320,0.0002311290322580645,142.6,0.74,1.716066,93.97,27876,-0.012025,0.024918,2.880943,0.00547,0.065125,0.521102,0.206633,0.459808,1.820355,1.868896,1.037569,1.001428,0.527393,0.0
3000,2304000,0.0002308986175115207,142.6,0.71,1.638418,88.34,27959,-0.012733,0.017318,2.876538,0.005872,0.075531,0.650482,0.505786,0.293929,1.775544,1.853077,1.04637,1.013115,0.674128,0.0
3010,2311680,0.00023066820276497696,142.5,0.78,1.778962,77.17,28058,-0.00976,0.015883,2.930577,0.005645,0.068512,0.568947,0.47804,0.214076,1.883306,1.909771,1.026532,1.017682,0.64089,0.0
3020,2319360,0.00023043778801843317,142.5,0.8,1.762265,78.08,28156,-0.009777,0.038487,2.903001,0.004573,0.052917,0.387664,0.300315,0.127093,1.827932,1.877132,1.03819,1.017278,0.607675,0.0
3030,2327040,0.00023020737327188938,142.5,0.7,1.653948,73.13,28261,-0.011553,0.025718,2.924004,0.005891,0.077118,0.433906,0.34524,0.18562,1.894007,1.918419,1.02737,0.993943,0.577514,0.0
3040,2334720,0.0002299769585253456,142.5,0.68,1.664197,82.59,28352,-0.012179,0.019009,2.895842,0.005603,0.069031,0.601349,0.360125,0.431513,1.829499,1.910406,0.974691,0.982293,0.519841,0.0
3050,2342400,0.00022974654377880182,142.5,0.72,1.673436,82.14,28444,-0.012052,0.018413,2.95348,0.006017,0.073975,0.286986,0.177688,0.342217,1.933192,1.942484,1.018183,0.99671,0.371112,0.0
3060,2350080,0.00022951612903225803,142.5,0.58,1.457055,95.28,28518,-0.011964,0.015914,2.893654,0.00549,0.07254,0.607225,0.540318,0.30806,1.855738,1.888763,1.01294,0.99311,0.09789,0.0
3070,2357760,0.00022928571428571426,142.5,0.68,1.64822,115.38,28583,-0.012319,0.006765,2.86481,0.006518,0.08609,0.833611,0.319199,0.778098,1.786464,1.893431,0.904,0.967363,0.228148,0.0
3080,2365440,0.0002290552995391705,142.5,0.71,1.673763,102.94,28660,-0.010132,0.013985,2.907472,0.004969,0.055817,0.742334,0.367683,0.593762,1.872501,1.911497,1.003669,0.983206,0.436291,0.0
3090,2373120,0.00022882488479262673,142.5,0.64,1.588542,95.06,28743,-0.011479,0.015588,2.922978,0.006364,0.083771,0.780397,0.443798,0.62391,1.772589,1.924113,1.00516,0.990576,0.382267,0.0
3100,2380800,0.00022859447004608294,142.5,0.82,1.822852,99.16,28821,-0.010157,0.018846,2.906775,0.005678,0.073975,0.525338,0.589776,-0.127347,1.848825,1.900457,1.004582,0.9977,0.515648,0.0
3110,2388480,0.00022836405529953914,142.5,0.81,1.815559,76.75,28922,-0.011742,0.009711,2.882375,0.006066,0.083038,0.714729,0.596094,0.381254,1.647235,1.871855,1.035627,0.996027,0.425502,0.0
3120,2396160,0.00022813364055299538,142.5,0.78,1.760501,84.78,29014,-0.011273,0.021947,2.93188,0.00541,0.068268,0.602395,0.479588,0.291771,1.872528,1.922908,0.998391,0.999984,0.366875,0.0
3130,2403840,0.00022790322580645158,142.6,0.67,1.612893,84.35,29101,-0.012272,0.021425,2.880754,0.005574,0.070526,0.478561,0.309102,0.329898,1.78825,1.869475,1.011238,1.008069,0.328893,0.0
3140,2411520,0.0002276728110599078,142.6,0.73,1.699328,90.35,29190,-0.011786,0.021359,2.88839,0.00594,0.078156,0.593381,0.44267,0.288896,1.766506,1.882014,1.039526,1.010853,0.312856,0.0
3150,2419200,0.00022744239631336405,142.6,0.76,1.742245,82.39,29281,-0.010967,0.014908,2.903809,0.00534,0.066681,0.602815,0.548069,0.273658,1.782062,1.894566,1.050418,1.001185,0.357345,0.0
3160,2426880,0.00022721198156682026,142.6,0.82,1.826211,83.41,29371,-0.01039,0.016069,2.930555,0.00591,0.075653,0.68106,0.570716,0.258841,1.877754,1.915766,1.003547,1.00488,0.450727,0.0
3170,2434560,0.0002269815668202765,142.6,0.81,1.851407,99.06,29444,-0.010198,0.011576,2.923252,0.005491,0.067841,0.758684,0.756712,0.11819,1.919931,1.932034,0.993971,0.981199,0.352343,0.0
3180,2442240,0.0002267511520737327,142.6,0.77,1.737296,103.0,29520,-0.010787,0.008005,2.904741,0.005512,0.07016,0.682187,0.660394,0.184847,1.864549,1.916443,1.029673,0.973807,0.257745,0.0
3190,2449920,0.0002265207373271889,142.6,0.78,1.702676,94.42,29602,-0.009779,0.009841,2.911555,0.005243,0.063507,0.755574,0.653278,0.333224,1.942056,1.909457,1.030824,0.982472,0.352484,0.0
3200,2457600,0.00022629032258064514,142.7,0.73,1.668051,97.59,29679,-0.011528,0.006098,2.923712,0.004986,0.058044,0.780804,0.628089,0.489303,1.972764,1.936516,1.042701,0.971867,0.411556,0.0
3210,2465280,0.00022605990783410135,142.7,0.72,1.6881,99.49,29756,-0.010854,0.004124,2.854255,0.003943,0.03891,0.756419,0.497818,0.653876,1.892675,1.880544,1.026054,0.957951,0.590713,0.0
3220,2472960,0.0002258294930875576,142.7,0.82,1.793539,87.72,29842,-0.012,0.008283,2.819115,0.006648,0.089996,0.752112,0.568195,0.494497,1.889241,1.849434,1.007442,0.957282,0.548505,0.0
3230,2480640,0.00022559907834101382,142.7,0.77,1.723812,80.79,29939,-0.013259,0.01152,2.833655,0.007113,0.102417,0.800953,0.450177,0.650812,1.84284,1.882806,1.004807,0.93442,0.312978,0.0
3240,2488320,0.00022536866359447002,142.7,0.76,1.715221,88.18,30026,-0.011448,0.008672,2.82208,0.005289,0.063324,0.80194,0.662388,0.59092,1.866643,1.88671,1.001973,0.931267,0.362493,0.0
3250,2496000,0.00022513824884792626,142.8,0.76,1.771629,82.97,30120,-0.010954,0.014111,2.895484,0.005033,0.05957,0.553528,0.350072,0.508518,1.845874,1.914806,1.023763,0.971958,0.339965,0.0
3260,2503680,0.00022490783410138247,142.8,0.69,1.662917,77.06,30220,-0.012656,0.020097,2.895992,0.005088,0.060699,0.620145,0.3653,0.545616,1.840216,1.894603,1.061207,0.990617,0.245682,0.0
3270,2511360,0.00022467741935483867,142.8,0.74,1.701132,82.46,30313,-0.010885,0.02417,2.894257,0.004655,0.056488,0.567379,0.539097,0.093265,1.881344,1.889567,1.056104,0.995384,0.160744,0.0
3280,2519040,0.0002244470046082949,142.8,0.81,1.782912,97.27,30390,-0.012289,0.025055,2.851921,0.005989,0.080688,0.448752,0.301042,0.318105,1.788081,1.863722,1.001021,0.983651,0.159764,0.0
3290,2526720,0.00022421658986175114,142.8,0.76,1.735189,83.8,30481,-0.009921,0.007213,2.88682,0.005837,0.074127,0.682304,0.686446,0.297284,1.802987,1.901223,1.019539,0.978039,0.262341,0.0
3300,2534400,0.00022398617511520732,142.8,0.78,1.773359,89.63,30562,-0.010932,0.01209,2.857879,0.005683,0.075317,0.706643,0.636743,0.260581,1.838866,1.89357,0.982099,0.95896,0.345786,0.0
3310,2542080,0.00022375576036866358,142.8,0.74,1.729469,84.23,30657,-0.011265,0.030997,2.896821,0.005124,0.062469,0.530658,0.496938,0.099817,1.954476,1.919452,0.944722,0.967622,0.437659,0.0
3320,2549760,0.0002235253456221198,142.8,0.72,1.665833,96.12,30734,-0.010931,0.009047,2.878204,0.005403,0.065979,0.647143,0.59239,0.21528,1.92329,1.905244,0.985689,0.953689,0.442807,0.0
3330,2557440,0.00022329493087557602,142.9,0.74,1.706726,92.21,30815,-0.009348,0.013582,2.866185,0.004546,0.049927,0.752603,0.416988,0.578929,1.880213,1.889207,0.952461,0.966267,0.472109,0.0
3340,2565120,0.00022306451612903223,142.9,0.74,1.662234,84.78,30912,-0.011183,0.021679,2.818827,0.005104,0.063416,0.405856,0.29661,0.248475,1.887483,1.832112,0.980951,0.980771,0.554319,0.0
3350,2572800,0.00022283410138248844,142.9,0.74,1.725545,75.04,31012,-0.01065,0.004324,2.871738,0.004874,0.058105,0.770477,0.555335,0.723605,1.878671,1.864857,0.98691,0.994468,0.589651,0.0
3360,2580480,0.0002226036866359447,142.9,0.81,1.81294,73.57,31114,-0.010203,0.011066,2.970515,0.005836,0.075043,0.691348,0.317605,0.630294,2.009367,1.954545,1.002519,1.003462,0.381758,0.0
3370,2588160,0.00022237327188940088,142.9,0.76,1.74119,80.29,31213,-0.011572,0.020873,2.91706,0.004899,0.055542,0.550603,0.183072,0.488737,1.930709,1.910842,1.009837,0.989143,0.502067,0.0
3380,2595840,0.00022214285714285714,142.9,0.75,1.738007,78.64,31306,-0.012426,0.01599,2.92117,0.005763,0.066681,0.654221,0.351228,0.566891,1.950407,1.922415,1.012561,0.991686,0.252524,0.0
3390,2603520,0.00022191244239631335,142.9,0.78,1.747246,87.07,31394,-0.01237,0.020151,2.903702,0.005843,0.073334,0.549801,0.49609,0.153802,1.908839,1.920941,0.959687,0.977016,0.477892,0.0
3400,2611200,0.00022168202764976956,143.0,0.78,1.76149,84.92,31482,-0.010175,0.012667,2.906718,0.005099,0.062744,0.638518,0.663764,-0.02364,1.867229,1.917068,0.946669,0.980116,0.499242,0.0
3410,2618880,0.0002214516129032258,143.0,0.74,1.70378,83.64,31576,-0.010952,0.025434,2.90662,0.005577,0.067322,0.609189,0.423641,0.322556,1.89157,1.920361,0.968769,0.976354,0.57012,0.0
3420,2626560,0.000221221198156682,143.0,0.72,1.694849,94.66,31659,-0.011206,0.040909,2.930459,0.005504,0.066986,0.340715,0.47603,-0.247385,1.892304,1.947304,0.947582,0.978901,0.599077,0.0
3430,2634240,0.00022099078341013826,143.0,0.79,1.773914,87.1,31743,-0.011635,0.007215,2.925251,0.005461,0.064178,0.517298,0.395077,0.467346,1.878996,1.940637,0.932768,0.97523,0.635875,0.0
3440,2641920,0.00022076036866359444,143.0,0.75,1.734304,82.29,31836,-0.011628,0.012449,2.939603,0.005899,0.079834,0.641777,0.521082,0.493361,1.88604,1.949732,0.977906,0.975168,0.466494,0.0
3450,2649600,0.00022052995391705067,143.0,0.85,1.825888,76.73,31938,-0.011156,0.009635,2.902766,0.005558,0.069061,0.679907,0.547218,0.388647,1.860475,1.906072,0.968668,0.989074,0.41444,0.0
3460,2657280,0.0002202995391705069,143.1,0.84,1.863709,89.91,32023,-0.011255,0.021904,2.920736,0.006006,0.078613,0.405802,0.382899,0.157314,1.930579,1.916634,1.012183,0.989217,0.552901,0.0
3470,2664960,0.0002200691244239631,143.1,0.76,1.733453,83.02,32115,-0.011491,0.012663,2.913791,0.005733,0.072266,0.651791,0.480851,0.359924,1.888819,1.924622,0.980678,0.978599,0.729947,0.0
3480,2672640,0.00021983870967741932,143.1,0.87,1.888002,85.1,32203,-0.011673,0.009259,2.899668,0.006454,0.084045,0.613023,0.416839,0.59458,1.893083,1.909609,0.987834,0.978639,0.661871,0.0
3490,2680320,0.00021960829493087555,143.1,0.76,1.734197,83.37,32297,-0.010266,0.014409,2.86595,0.005126,0.055786,0.537657,0.308859,0.453201,1.901918,1.900754,0.962443,0.954841,0.563288,0.0
3500,2688000,0.0002193778801843318,143.1,0.79,1.780468,70.9,32404,-0.012704,0.038096,2.875958,0.005765,0.070343,0.311439,0.256865,0.108674,1.886298,1.918246,0.939187,0.956842,0.663994,0.0
3510,2695680,0.000219147465437788,143.1,0.77,1.755876,69.3,32515,-0.012178,0.028318,2.855509,0.006635,0.090759,0.388807,0.393742,0.002733,1.921468,1.897169,0.937545,0.945881,0.583169,0.0
3520,2703360,0.00021891705069124423,143.1,0.74,1.658123,66.22,32630,-0.010564,0.01306,2.887925,0.005876,0.074127,0.664271,0.62982,0.122704,1.936428,1.918836,0.972728,0.962903,0.68441,0.0
3530,2711040,0.0002186866359447004,143.1,0.78,1.781422,79.51,32726,-0.011153,0.004524,2.861182,0.004995,0.056732,0.664648,0.69511,0.405047,1.889504,1.903074,0.921863,0.951616,0.581843,0.0
3540,2718720,0.00021845622119815667,143.1,0.8,1.816029,78.4,32824,-0.010178,0.011038,2.859331,0.005554,0.072693,0.461707,0.463653,0.392216,1.940154,1.896375,0.946913,0.946694,0.66341,0.0
3550,2726400,0.00021822580645161288,143.2,0.81,1.8203,90.51,32908,-0.01169,0.007133,2.911313,0.005778,0.065125,0.715073,0.414775,0.581847,1.954069,1.922311,1.009833,0.976559,0.622182,0.0
3560,2734080,0.0002179953917050691,143.2,0.72,1.706191,99.83,32988,-0.009698,0.018773,2.910761,0.005868,0.075134,0.619635,0.46729,0.295114,1.969516,1.912888,1.007222,0.98092,0.758953,0.0
3570,2741760,0.00021776497695852535,143.2,0.7,1.644985,90.75,33075,-0.01268,0.020072,2.928944,0.006812,0.091583,0.551094,0.385886,0.316454,1.905504,1.92576,1.011507,0.994148,0.725553,0.0
3580,2749440,0.00021753456221198153,143.2,0.63,1.590343,95.12,33154,-0.011569,0.018236,2.937364,0.005794,0.069336,0.669794,0.261131,0.587638,1.913301,1.944984,1.004795,0.984776,0.97754,0.0
3590,2757120,0.0002173041474654378,143.2,0.74,1.677451,83.64,33248,-0.009928,0.01975,2.946898,0.005818,0.072723,0.452726,0.464057,0.02006,1.942064,1.952043,1.000444,0.980088,0.904162,0.0
3600,2764800,0.00021707373271889397,143.2,0.75,1.724704,99.87,33325,-0.009067,0.02807,2.962691,0.006228,0.074493,0.572526,0.447321,0.237986,1.956976,1.964076,0.973087,0.978127,0.826467,0.0
3610,2772480,0.00021684331797235023,143.2,0.65,1.541195,108.35,33396,-0.012205,0.009257,2.932179,0.00656,0.085236,0.585692,0.178253,0.606815,1.934299,1.934804,0.999187,0.984619,0.705539,0.0
3620,2780160,0.00021661290322580644,143.2,0.65,1.571737,102.93,33472,-0.011241,0.017998,2.900221,0.005157,0.061127,0.694924,0.14516,0.663817,1.898934,1.920974,0.971407,0.972082,0.671376,0.0
3630,2787840,0.00021638248847926264,143.3,0.72,1.700323,81.44,33566,-0.010271,0.019387,2.882223,0.004895,0.054169,0.27436,0.093931,0.426962,1.890086,1.905771,0.986077,0.971904,0.630386,0.0
3640,2795520,0.00021615207373271888,143.2,0.75,1.727221,76.16,33667,-0.010351,0.010034,2.877402,0.006115,0.0802,0.415076,0.078421,0.57371,1.912016,1.908416,0.978684,0.97392,0.423886,0.0
3650,2803200,0.00021592165898617508,143.3,0.84,1.852402,81.77,33763,-0.012944,0.004356,2.875691,0.005354,0.06366,0.800834,0.530593,0.686502,1.901573,1.920658,0.983674,0.943111,0.798283,0.0
3660,2810880,0.00021569124423963135,143.3,0.67,1.619903,83.44,33851,-0.011196,0.005994,2.851563,0.005268,0.056641,0.614419,0.475345,0.402324,1.90415,1.879028,0.953036,0.954167,0.694715,0.0
3670,2818560,0.00021546082949308753,143.3,0.64,1.555241,82.06,33949,-0.010242,0.03282,2.775423,0.004415,0.046783,0.363907,0.258236,0.193898,1.832123,1.834728,0.926838,0.936572,0.579395,0.0
3680,2826240,0.00021523041474654376,143.3,0.66,1.601039,83.71,34041,-0.011238,0.025201,2.799738,0.005454,0.064514,0.471994,0.246172,0.375795,1.82415,1.872117,0.93847,0.922209,0.628113,0.0
3690,2833920,0.000215,143.3,0.73,1.723968,90.77,34124,-0.011203,0.027422,2.844413,0.005397,0.066772,0.358989,0.383879,-0.036019,1.884569,1.878134,0.939038,0.958753,0.740045,0.0
3700,2841600,0.0002147695852534562,143.3,0.77,1.785951,100.41,34196,-0.010377,0.004936,2.864199,0.005354,0.063416,0.746354,0.709974,0.349935,1.821608,1.850946,0.958889,0.988853,0.661421,0.0
3710,2849280,0.0002145391705069124,143.3,0.71,1.686067,103.32,34273,-0.01001,0.012035,2.853641,0.005452,0.070374,0.545612,0.225282,0.534266,1.830969,1.87115,0.970967,0.980544,0.665513,0.0
3720,2856960,0.00021430875576036864,143.3,0.72,1.7017,95.32,34354,-0.011295,0.032414,2.873849,0.004857,0.055786,0.495576,0.261478,0.349804,1.849785,1.897559,0.998874,0.973471,0.698688,0.0
3730,2864640,0.00021407834101382488,143.4,0.77,1.725424,85.69,34444,-0.011179,0.00847,2.873832,0.00544,0.07019,0.676265,0.406299,0.585567,1.834671,1.886722,1.002388,0.978609,0.742367,0.0
3740,2872320,0.00021384792626728106,143.4,0.79,1.767458,84.49,34536,-0.011474,0.016377,2.870784,0.005293,0.066589,0.507337,0.356284,0.276518,1.843392,1.891781,0.988363,0.976708,0.726115,0.0
3750,2880000,0.00021361751152073732,143.4,0.82,1.780578,87.52,34623,-0.00933,0.008148,2.868496,0.005549,0.065796,0.557151,0.280418,0.541093,1.807757,1.884184,1.005908,0.983121,0.747768,0.0
3760,2887680,0.00021338709677419353,143.4,0.75,1.724345,86.97,34714,-0.01203,0.022404,2.905868,0.00658,0.087555,0.375651,0.279728,0.326929,1.803939,1.908213,0.998692,0.993186,0.581288,0.0
3770,2895360,0.00021315668202764976,143.4,0.76,1.729237,98.1,34783,-0.010557,0.005708,2.908773,0.004563,0.048004,0.746017,0.325965,0.677724,1.929508,1.917798,0.970125,0.987134,0.61281,0.0
3780,2903040,0.00021292626728110597,143.4,0.72,1.738092,109.25,34860,-0.011744,0.014753,2.918817,0.005796,0.077423,0.481427,0.456804,0.052431,1.914455,1.92149,1.020642,0.983628,0.713065,0.0
3790,2910720,0.00021269585253456217,143.4,0.75,1.710124,92.31,34946,-0.011213,0.007148,2.859611,0.005305,0.06601,0.848954,0.202346,0.815697,1.863543,1.88741,0.995467,0.962533,0.654018,0.0
3800,2918400,0.00021246543778801844,143.4,0.77,1.779792,93.22,35032,-0.010585,0.02561,2.868254,0.005693,0.06839,0.4593,0.241643,0.317108,1.865203,1.898738,0.989568,0.967359,0.469098,0.0
3810,2926080,0.00021223502304147462,143.4,0.8,1.764557,89.6,35116,-0.012161,0.002614,2.822007,0.005593,0.070709,0.836197,0.709025,0.552977,1.828607,1.870291,0.976294,0.949063,0.423561,0.0
3820,2933760,0.00021200460829493088,143.4,0.84,1.846022,84.55,35206,-0.010547,0.006024,2.825467,0.005258,0.069946,0.633083,0.544239,0.427236,1.89888,1.882621,0.960016,0.947574,0.447428,0.0
3830,2941440,0.00021177419354838708,143.5,0.76,1.726525,76.26,35308,-0.01244,0.041938,2.886646,0.005732,0.072205,0.385755,0.373869,0.039741,1.918221,1.91526,0.97161,0.971143,0.430674,0.0
3840,2949120,0.0002115437788018433,143.5,0.63,1.569139,89.09,35393,-0.010107,0.024069,2.867156,0.003894,0.038513,0.315042,0.226534,0.168441,1.906662,1.89217,0.995614,0.976534,0.321671,0.0
3850,2956800,0.00021131336405529953,143.5,0.79,1.797675,76.29,35495,-0.011221,0.020231,2.874123,0.005449,0.066467,0.387961,0.196844,0.368599,1.892616,1.887938,0.957567,0.988898,0.425828,0.0
3860,2964480,0.00021108294930875573,143.5,0.72,1.673428,77.88,35592,-0.012256,0.003987,2.866108,0.005019,0.058289,0.714307,0.550407,0.612023,1.83124,1.875945,0.972573,0.993331,0.380166,0.0
3870,2972160,0.000210852534562212,143.5,0.85,1.841517,81.49,35687,-0.010217,0.017031,2.828583,0.005221,0.064484,0.657032,0.492275,0.327277,1.848706,1.860126,0.930526,0.966162,0.350948,0.0
3880,2979840,0.00021062211981566817,143.5,0.78,1.800299,89.38,35774,-0.013418,0.0023,2.843645,0.005733,0.077423,0.703671,0.616641,0.492159,1.94552,1.874263,0.953221,0.961264,0.220516,0.0
3890,2987520,0.0002103917050691244,143.5,0.84,1.824907,99.27,35853,-0.010394,0.018878,2.849702,0.004687,0.053436,0.572488,0.336663,0.355886,1.936615,1.908246,0.935193,0.951136,0.247554,0.0
3900,2995200,0.00021016129032258064,143.5,0.74,1.687439,103.15,35923,-0.010725,0.007306,2.904649,0.004921,0.05719,0.838353,0.163717,0.808384,1.978884,1.931735,0.976101,0.974798,0.158445,0.0
3910,3002880,0.00020993087557603685,143.6,0.69,1.655711,112.47,35991,-0.010902,0.01542,2.843605,0.004938,0.05838,0.408873,0.363792,0.145601,1.849572,1.892388,0.938462,0.959269,0.168872,0.0
3920,3010560,0.00020970046082949306,143.6,0.78,1.794924,107.49,36061,-0.011881,0.016229,2.849161,0.005828,0.072388,0.671986,0.372438,0.487816,1.889121,1.892544,0.995738,0.952404,0.144552,0.0
3930,3018240,0.0002094700460829493,143.6,0.77,1.701803,81.97,36158,-0.011455,0.01864,2.864958,0.005576,0.068085,0.439121,0.344239,0.194986,1.935681,1.902846,1.009642,0.966506,0.189598,0.0
3940,3025920,0.00020923963133640552,143.6,0.77,1.750693,86.89,36246,-0.011231,0.017508,2.806592,0.006131,0.07843,0.36904,0.265658,0.228081,1.86837,1.873935,0.960787,0.936013,0.097319,0.0
3950,3033600,0.0002090092165898617,143.6,0.7,1.633045,74.31,36348,-0.011264,0.022561,2.815068,0.005396,0.0625,0.585454,0.247833,0.463086,1.907204,1.858337,1.009689,0.952601,0.069791,0.0
3960,3041280,0.00020877880184331797,143.6,0.67,1.61254,94.77,36424,-0.010347,0.01097,2.830114,0.005529,0.073486,0.613289,0.44404,0.338058,1.875831,1.86636,0.991594,0.970139,0.076895,0.0
3970,3048960,0.00020854838709677417,143.6,0.69,1.636226,105.51,36494,-0.010542,0.004923,2.804045,0.006169,0.081818,0.812317,0.320455,0.732109,1.851762,1.850792,1.006557,0.952158,0.034678,0.0
3980,3056640,0.0002083179723502304,143.6,0.74,1.708428,108.96,36562,-0.010821,0.012761,2.779343,0.004943,0.062134,0.693251,0.317032,0.562034,1.859328,1.868299,0.958031,0.918344,0.060731,0.0
3990,3064320,0.00020808755760368661,143.6,0.75,1.765294,103.69,36639,-0.009126,0.009123,2.761803,0.00454,0.047821,0.882723,0.474619,0.792102,1.826551,1.832297,1.006214,0.935796,0.045285,0.0
4000,3072000,0.00020785714285714282,143.6,0.78,1.760497,87.27,36731,-0.013166,0.003366,2.811206,0.005759,0.078369,0.808755,0.688554,0.524372,1.843734,1.85099,1.01289,0.952656,0.034247,0.0
4010,3079680,0.00020762672811059908,143.7,0.83,1.843265,87.08,36819,-0.01077,0.009182,2.784062,0.004602,0.05072,0.643252,0.605983,0.282027,1.803018,1.857887,0.967425,0.923131,0.078496,0.0
4020,3087360,0.00020739631336405526,143.7,0.78,1.772212,75.7,36922,-0.010277,0.033325,2.788818,0.004853,0.056274,0.309227,0.179842,0.247046,1.803974,1.86824,0.961203,0.925128,0.074392,0.0
4030,3095040,0.00020716589861751152,143.7,0.76,1.727179,70.15,37031,-0.010535,0.003404,2.785782,0.004356,0.043488,0.767375,0.694291,0.639218,1.876943,1.862566,0.935005,0.927843,0.06157,0.0
4040,3102720,0.0002069354838709677,143.7,0.85,1.828342,77.41,37129,-0.010694,0.015103,2.817081,0.005673,0.071594,0.621177,0.394183,0.413645,1.865539,1.874996,0.966974,0.938195,0.035776,0.0
4050,3110400,0.00020670506912442394,143.7,0.78,1.758979,81.52,37221,-0.01025,0.009293,2.804775,0.005027,0.058807,0.625007,0.452954,0.422278,1.818779,1.859069,0.938528,0.94818,0.082845,0.0
4060,3118080,0.00020647465437788017,143.7,0.74,1.731355,85.36,37313,-0.011056,0.011174,2.826427,0.005272,0.060638,0.513505,0.4665,0.235538,1.821917,1.864395,0.972183,0.952956,0.128199,0.0
4070,3125760,0.00020624423963133638,143.7,0.74,1.720967,89.03,37399,-0.009934,0.013147,2.851543,0.004887,0.054413,0.483995,0.265279,0.468055,1.844559,1.884237,0.996656,0.971166,0.121438,0.0
4080,3133440,0.00020601382488479264,143.7,0.76,1.745003,85.77,37487,-0.011156,0.014738,2.83188,0.004621,0.053955,0.497401,0.308145,0.367879,1.823446,1.882552,0.979311,0.945409,0.121924,0.0
4090,3141120,0.00020578341013824882,143.7,0.89,1.904944,86.4,37576,-0.010972,0.002103,2.816522,0.005176,0.06192,0.886827,0.863592,0.430241,1.828237,1.883673,0.954963,0.940061,0.084251,0.0
4100,3148800,0.00020555299539170506,143.7,0.74,1.696876,90.55,37663,-0.009599,0.012372,2.897545,0.005193,0.066193,0.291095,0.382428,-0.046299,1.903781,1.928914,0.963806,0.974853,0.112916,0.0
4110,3156480,0.00020532258064516126,143.8,0.73,1.682989,97.72,37737,-0.010912,0.017921,2.89426,0.005208,0.062531,0.292852,0.374955,0.001913,1.898192,1.920332,1.003189,0.974646,0.111108,0.0
4120,3164160,0.0002050921658986175,143.8,0.76,1.725857,78.9,37836,-0.011549,0.033049,2.861435,0.004316,0.046875,0.609297,0.288724,0.450722,1.853804,1.888989,1.013582,0.964138,0.076477,0.0
4130,3171840,0.0002048617511520737,143.8,0.79,1.777614,79.9,37929,-0.009161,0.009846,2.808101,0.00536,0.067078,0.680678,0.542683,0.385452,1.786006,1.85554,0.984273,0.947746,0.021029,0.0
4140,3179520,0.00020463133640552994,143.8,0.84,1.886346,88.57,38019,-0.011277,0.016674,2.778248,0.005062,0.055084,0.612242,0.387005,0.403907,1.780579,1.843671,0.947659,0.924012,0.052584,0.0
4150,3187200,0.00020440092165898614,143.8,0.82,1.789169,79.53,38117,-0.010506,0.025298,2.793232,0.005097,0.055847,0.329377,0.301003,0.147157,1.802417,1.857183,0.97723,0.933578,0.051717,0.0
4160,3194880,0.00020417050691244238,143.8,0.7,1.645513,76.56,38219,-0.010784,0.021287,2.817339,0.00558,0.070801,0.011493,0.136961,0.202462,1.832306,1.875095,0.966859,0.944262,0.06947,0.0
4170,3202560,0.0002039400921658986,143.8,0.75,1.702055,95.16,38292,-0.010978,0.020054,2.810401,0.005697,0.076263,0.639739,0.283815,0.501674,1.800023,1.872528,0.963995,0.943989,0.050054,0.0
4180,3210240,0.0002037096774193548,143.8,0.75,1.706982,79.64,38391,-0.00917,0.010138,2.823651,0.004729,0.055817,0.541355,0.357184,0.442364,1.769858,1.875329,0.927775,0.947095,0.039354,0.0
4190,3217920,0.00020347926267281105,143.8,0.7,1.677311,71.53,38498,-0.010806,0.021012,2.802212,0.004367,0.045868,0.611714,0.461811,0.289075,1.811217,1.859531,0.963013,0.946702,0.064673,0.0
4200,3225600,0.00020324884792626726,143.8,0.73,1.715206,69.94,38604,-0.010387,0.023823,2.79794,0.004592,0.054993,0.63504,0.448288,0.351353,1.775592,1.843166,0.930032,0.949122,0.16292,0.0
4210,3233280,0.0002030184331797235,143.8,0.77,1.759863,73.34,38707,-0.012365,0.005239,2.852222,0.005892,0.070831,0.802597,0.70398,0.385927,1.882047,1.876836,0.941032,0.977898,0.22618,0.0
4220,3240960,0.0002027880184331797,143.9,0.81,1.759623,71.7,38815,-0.010602,0.013889,2.853599,0.004428,0.046417,0.412428,0.359586,0.261828,1.878974,1.864928,0.974065,0.975674,0.377205,0.0
4230,3248640,0.0002025576036866359,143.8,0.76,1.724861,73.29,38921,-0.010539,0.023162,2.84058,0.004413,0.049011,0.236015,0.25756,0.12598,1.818974,1.867657,0.976187,0.969448,0.39376,0.0
4240,3256320,0.00020232718894009217,143.9,0.75,1.708256,74.68,39025,-0.010628,0.019611,2.862096,0.004699,0.053864,0.499861,0.478943,0.110831,1.843156,1.898382,0.964199,0.967778,0.364801,0.0
4250,3264000,0.00020209677419354835,143.9,0.64,1.576363,68.08,39139,-0.011092,0.02821,2.869601,0.005362,0.070465,0.307596,0.062886,0.486885,1.811477,1.901171,0.97631,0.971514,0.153296,0.0
4260,3271680,0.0002018663594470046,143.9,0.73,1.719089,74.3,39237,-0.011943,0.016797,2.89509,0.006157,0.078888,0.543081,0.403242,0.311899,1.855103,1.917554,0.978375,0.977038,0.176046,0.0
4270,3279360,0.00020163594470046082,143.9,0.74,1.72396,66.55,39357,-0.012219,0.036997,2.874638,0.005665,0.075348,0.463035,0.439804,0.041474,1.872365,1.906588,0.986758,0.968418,0.258446,0.0
4280,3287040,0.00020140552995391703,143.9,0.76,1.723609,64.94,39468,-0.010672,0.028218,2.889513,0.005016,0.063782,0.449781,0.455305,-0.009562,1.885587,1.926006,0.963449,0.959891,0.255724,0.0
4290,3294720,0.00020117511520737326,143.9,0.68,1.64913,62.8,39588,-0.011811,0.019875,2.850788,0.005579,0.066101,0.622328,0.242393,0.592017,1.850533,1.895285,0.99315,0.946298,0.484509,0.0
4300,3302400,0.00020094470046082947,143.9,0.74,1.697979,62.76,39708,-0.011272,0.029428,2.868656,0.005348,0.070374,0.390208,0.167649,0.334684,1.836091,1.906537,0.967154,0.959981,0.542905,0.0
4310,3310080,0.00020071428571428573,143.9,0.73,1.710877,66.25,39826,-0.013045,0.009813,2.882065,0.005762,0.070221,0.722231,0.206775,0.68855,1.808264,1.893129,1.013751,0.985862,0.488473,0.0
4320,3317760,0.0002004838709677419,143.9,0.79,1.758642,58.47,39961,-0.012204,0.011934,2.878282,0.004699,0.050018,0.579974,0.234816,0.556877,1.800828,1.878321,0.980128,0.994015,0.459758,0.0
4330,3325440,0.00020025345622119814,143.9,0.73,1.71857,63.24,40084,-0.011338,0.043597,2.889388,0.005182,0.060211,0.522924,0.35429,0.263224,1.855281,1.89319,0.987866,0.983232,0.602327,0.0
4340,3333120,0.00020002304147465438,143.9,0.72,1.715583,81.0,40173,-0.010433,0.0151,2.890537,0.005751,0.066071,0.647691,0.281767,0.53662,1.834265,1.890257,1.021807,0.993725,0.527754,0.0
4350,3340800,0.00019979262672811059,143.9,0.71,1.650892,76.12,40274,-0.010083,0.013783,2.878433,0.004449,0.048737,0.566215,0.402088,0.332734,1.929362,1.890832,0.987219,0.980639,0.540351,0.0
4360,3348480,0.0001995622119815668,143.9,0.73,1.695025,80.04,40371,-0.010293,0.033894,2.901279,0.005187,0.057892,0.402597,0.364604,0.076098,1.826448,1.906725,0.997937,0.992268,0.471079,0.0
4370,3356160,0.00019933179723502303,143.9,0.7,1.648398,74.44,40472,-0.010479,0.016697,2.931871,0.00496,0.060272,0.622357,0.422776,0.352056,1.919478,1.920166,1.018333,1.006638,0.446494,0.0
4380,3363840,0.00019910138248847926,143.9,0.76,1.741212,75.23,40574,-0.009517,0.020278,2.901544,0.005973,0.074921,0.636504,0.489236,0.307598,1.873068,1.905668,0.990572,0.983509,0.49082,0.0
4390,3371520,0.00019887096774193544,143.9,0.67,1.679275,91.28,40659,-0.010041,0.011593,2.862185,0.005269,0.063721,0.705037,0.557867,0.33417,1.842721,1.880129,0.984853,0.987668,0.301045,0.0
4400,3379200,0.0001986405529953917,144.0,0.59,1.533312,82.92,40750,-0.010555,0.00567,2.844089,0.004776,0.05481,0.891359,0.502699,0.795601,1.902378,1.887441,0.916973,0.954566,0.461921,0.0
4410,3386880,0.0001984101382488479,144.0,0.65,1.586749,90.98,40830,-0.009722,0.012661,2.835806,0.005795,0.07486,0.701536,0.514598,0.46107,1.849594,1.874679,0.967394,0.965156,0.460975,0.0
4420,3394560,0.00019817972350230414,144.0,0.7,1.65548,80.32,40928,-0.010753,0.019807,2.864126,0.005867,0.072571,0.341107,0.272037,0.263033,1.907566,1.890752,0.968745,0.972446,0.520216,0.0
4430,3402240,0.00019794930875576035,144.0,0.6,1.56561,82.84,41018,-0.012969,0.017296,2.829819,0.006214,0.085358,0.434276,0.257232,0.423029,1.888357,1.875149,0.910628,0.948493,0.521314,0.0
4440,3409920,0.00019771889400921656,144.0,0.7,1.630743,67.49,41131,-0.011559,0.029463,2.809374,0.005544,0.066162,0.472838,0.260251,0.311715,1.866513,1.85137,0.935586,0.952237,0.576201,0.0
4450,3417600,0.00019748847926267282,144.0,0.72,1.669104,69.65,41242,-0.012176,0.029234,2.778532,0.004294,0.049438,0.460353,0.306188,0.231003,1.804235,1.820236,0.921698,0.952491,0.589467,0.0
4460,3425280,0.000197258064516129,144.0,0.67,1.630477,76.47,41344,-0.012209,0.027541,2.790727,0.004727,0.051788,0.55414,0.322801,0.380051,1.78521,1.813482,0.952544,0.968606,0.685592,0.0
4470,3432960,0.00019702764976958526,144.0,0.69,1.652666,74.0,41445,-0.011652,0.011227,2.824322,0.004734,0.05307,0.708259,0.470578,0.50095,1.791149,1.858485,0.976811,0.961012,0.678835,0.0
4480,3440640,0.00019679723502304144,144.0,0.76,1.737025,79.18,41542,-0.010967,0.022964,2.826387,0.005144,0.066223,0.64776,0.298433,0.505634,1.852893,1.857005,0.985843,0.971966,0.632541,0.0
4490,3448320,0.00019656682027649767,144.0,0.72,1.70605,73.27,41648,-0.010648,0.019042,2.808352,0.005645,0.070984,0.555971,0.196082,0.50661,1.835529,1.831916,0.99161,0.976102,0.600113,0.0
4500,3456000,0.0001963364055299539,144.0,0.72,1.675886,75.63,41752,-0.011781,0.048843,2.839992,0.004849,0.055573,0.280894,0.327062,-0.047351,1.824295,1.850324,1.01655,0.986217,0.70031,0.0
4510,3463680,0.00019610599078341012,144.0,0.65,1.544067,79.99,41842,-0.010184,0.016222,2.894913,0.004071,0.040985,0.816256,0.144197,0.790992,1.887074,1.899054,1.016158,0.98772,0.617784,0.0
4520,3471360,0.00019587557603686638,144.0,0.7,1.650716,83.56,41935,-0.012049,0.014602,2.858208,0.005027,0.058075,0.523417,0.233263,0.555358,1.854834,1.873299,0.972773,0.987417,0.480769,0.0
4530,3479040,0.00019564516129032256,144.0,0.68,1.601485,79.69,42028,-0.009777,0.010946,2.845011,0.005609,0.072327,0.291302,0.093505,0.559906,1.828252,1.862092,0.911368,0.968378,0.571709,0.0
4540,3486720,0.0001954147465437788,144.0,0.75,1.769479,68.24,42136,-0.009906,0.014604,2.820307,0.004104,0.04422,0.565861,0.401986,0.343823,1.783231,1.838668,0.954298,0.974141,0.613705,0.0
4550,3494400,0.00019518433179723497,144.0,0.81,1.814285,64.35,42257,-0.011523,0.020516,2.825906,0.005664,0.072388,0.381617,0.309559,0.347526,1.761981,1.849532,0.928496,0.958289,0.54818,0.0
4560,3502080,0.00019495391705069123,144.0,0.68,1.653468,62.35,42384,-0.011185,0.011857,2.842439,0.006164,0.081696,0.640782,0.428323,0.536819,1.82986,1.858329,0.940476,0.960405,0.58041,0.0
4570,3509760,0.00019472350230414744,144.0,0.77,1.778316,68.07,42497,-0.011294,0.027561,2.880062,0.006782,0.08609,0.360957,0.283521,0.202576,1.820814,1.885922,0.941513,0.969857,0.616794,0.0
4580,3517440,0.00019449308755760367,144.0,0.83,1.790436,73.09,42605,-0.010925,0.019788,2.884894,0.005096,0.060455,0.623779,0.313094,0.495531,1.920503,1.877221,0.965651,0.992878,0.608093,0.0
4590,3525120,0.00019426267281105988,144.0,0.68,1.681187,80.28,42698,-0.009688,0.029234,2.890834,0.005555,0.072601,0.473217,0.492472,-0.008809,1.914344,1.907563,0.926114,0.967142,0.60922,0.0
4600,3532800,0.0001940322580645161,144.0,0.64,1.589326,81.17,42785,-0.012468,0.0229,2.87845,0.005433,0.065857,0.520495,0.402394,0.208091,1.90402,1.916008,0.884375,0.950243,0.523307,0.0
4610,3540480,0.00019380184331797235,144.0,0.55,1.468589,95.23,42865,-0.011035,0.02522,2.890773,0.006581,0.089233,0.407065,0.504308,-0.167818,1.926577,1.911056,0.926114,0.971447,0.621851,0.0
4620,3548160,0.00019357142857142853,144.0,0.69,1.696483,97.44,42945,-0.010702,0.014277,2.876003,0.005441,0.064423,0.635071,0.362292,0.526882,1.908739,1.897933,0.91879,0.968656,0.633246,0.0
4630,3555840,0.0001933410138248848,144.0,0.74,1.738609,92.73,43025,-0.011014,0.022285,2.883575,0.005805,0.074554,0.512372,0.367615,0.27812,1.938145,1.902702,0.966031,0.967478,0.723152,0.0
4640,3563520,0.000193110599078341,144.0,0.7,1.658234,93.09,43107,-0.009978,0.015354,2.919277,0.005388,0.066193,0.644247,0.409544,0.405923,1.92548,1.923486,0.987282,0.983068,0.759623,0.0
4650,3571200,0.0001928801843317972,144.1,0.67,1.60566,98.13,43184,-0.011355,0.012091,2.933632,0.005291,0.059998,0.78926,0.157893,0.766864,1.948819,1.939785,0.975084,0.988524,0.849161,0.0
4660,3578880,0.00019264976958525344,144.1,0.62,1.535889,81.53,43282,-0.011232,0.025227,2.931428,0.004864,0.055969,0.308196,0.191106,0.317802,1.905613,1.940158,0.945465,0.978555,0.651624,0.0
4670,3586560,0.00019241935483870965,144.0,0.63,1.57658,81.95,43372,-0.010955,0.016654,2.921794,0.005292,0.061066,0.644753,0.416457,0.414815,1.906953,1.927386,0.963971,0.982764,0.719029,0.0
4680,3594240,0.0001921889400921659,144.0,0.66,1.62781,85.52,43466,-0.011713,0.007134,2.918689,0.005487,0.073212,0.763811,0.384638,0.665509,1.88282,1.91953,0.977905,0.990857,0.757816,0.0
4690,3601920,0.0001919585253456221,144.0,0.69,1.62575,72.98,43571,-0.012108,0.021545,2.916427,0.005548,0.069794,0.365611,0.102142,0.406608,1.850376,1.917505,0.961271,0.990358,0.797496,0.0
4700,3609600,0.00019172811059907832,144.0,0.78,1.761404,72.85,43677,-0.011457,0.003029,2.926072,0.004509,0.053864,0.724625,0.46915,0.665801,1.903395,1.923381,0.972539,0.988288,0.741509,0.0
4710,3617280,0.00019149769585253456,144.1,0.76,1.726771,77.63,43776,-0.008865,0.015891,2.840292,0.004518,0.050842,0.476065,0.486607,0.143831,1.80306,1.85542,0.974146,0.969737,0.808521,0.0
4720,3624960,0.00019126728110599076,144.1,0.68,1.620376,67.19,43888,-0.011805,0.004476,2.87069,0.005644,0.073242,0.731676,0.563888,0.634234,1.798014,1.876477,0.97512,0.98447,0.873502,0.0
4730,3632640,0.00019103686635944697,144.1,0.75,1.752591,78.38,43988,-0.011364,0.019774,2.875574,0.005873,0.073456,0.518986,0.438803,0.152045,1.786283,1.884372,0.993027,0.979418,0.929144,0.0
4740,3640320,0.0001908064516129032,144.1,0.7,1.671423,67.9,44101,-0.011773,0.030862,2.859703,0.005257,0.064484,0.526345,0.309967,0.344864,1.831179,1.875783,1.01613,0.980122,0.858192,0.0
4750,3648000,0.00019057603686635944,144.1,0.71,1.70882,71.92,44208,-0.011654,0.020879,2.867715,0.00529,0.067474,0.500716,0.388385,0.214512,1.856342,1.890092,0.943923,0.969767,0.71284,0.0
4760,3655680,0.00019034562211981565,144.1,0.72,1.683143,72.72,44316,-0.011771,0.017299,2.936939,0.005523,0.063599,0.529416,0.243965,0.436056,1.853605,1.928276,0.96379,0.994678,0.869636,0.0
4770,3663360,0.00019011520737327188,144.1,0.66,1.625455,76.69,44416,-0.009381,0.011825,2.934771,0.004814,0.059601,0.613137,0.290704,0.562608,1.908161,1.931403,0.964088,0.994859,0.807917,0.0
4780,3671040,0.0001898847926267281,144.1,0.68,1.655429,92.09,44499,-0.012533,0.022932,2.913011,0.005475,0.07019,0.340694,0.421486,-0.034862,1.879966,1.907426,0.959699,0.998032,0.8757,0.0
4790,3678720,0.00018965437788018432,144.1,0.68,1.670743,98.54,44578,-0.012041,0.014126,2.891934,0.005911,0.077393,0.606729,0.50409,0.308237,1.890714,1.892949,0.946289,0.985019,0.807184,0.0
4800,3686400,0.00018942396313364053,144.1,0.66,1.617181,88.91,44666,-0.012251,0.014831,2.882397,0.005459,0.069885,0.657014,0.328833,0.558732,1.844535,1.894067,0.939419,0.976004,0.818432,0.0
4810,3694080,0.00018919354838709676,144.1,0.75,1.707835,93.11,44748,-0.010948,0.021237,2.858695,0.005261,0.06424,0.553996,0.225825,0.490155,1.810949,1.870469,0.947293,0.982019,0.730032,0.0
4820,3701760,0.000188963133640553,144.2,0.69,1.627823,87.57,44835,-0.011634,0.013993,2.827349,0.005682,0.067932,0.545606,0.283717,0.455827,1.77197,1.850677,0.966421,0.975347,0.68653,0.0
4830,3709440,0.00018873271889400918,144.2,0.66,1.597596,89.78,44919,-0.011878,0.03354,2.821651,0.004639,0.054108,0.48967,0.25331,0.322703,1.889869,1.85297,0.889942,0.960677,0.757863,0.0
4840,3717120,0.00018850230414746544,144.2,0.67,1.630804,91.51,45000,-0.011907,0.021577,2.857963,0.005423,0.065979,0.334509,0.128654,0.450436,1.823613,1.876375,0.95452,0.970868,0.69378,0.0
4850,3724800,0.00018827188940092165,144.2,0.56,1.490992,87.15,45087,-0.013154,0.020066,2.823758,0.005596,0.068207,0.580825,0.11704,0.610685,1.824804,1.857841,0.917759,0.955916,0.562872,0.0
4860,3732480,0.00018804147465437788,144.2,0.76,1.722632,89.4,45173,-0.010941,0.01017,2.859308,0.005002,0.059601,0.548309,0.291948,0.56428,1.859632,1.881986,0.945059,0.976687,0.488387,0.0
4870,3740160,0.00018781105990783409,144.2,0.71,1.689208,82.81,45267,-0.011316,0.011603,2.878411,0.00529,0.068024,0.507458,0.307848,0.436635,1.871635,1.893979,0.972765,0.986098,0.357768,0.0
4880,3747840,0.0001875806451612903,144.2,0.73,1.713482,90.17,45343,-0.011864,0.019119,2.896041,0.006352,0.088348,0.531501,0.500826,0.061458,1.861893,1.906994,0.965357,0.988176,0.248821,0.0
4890,3755520,0.00018735023041474655,144.2,0.71,1.667779,95.28,45427,-0.010243,0.012792,2.861852,0.004614,0.051392,0.635338,0.360023,0.434957,1.853595,1.906807,0.982819,0.952018,0.548519,0.0
4900,3763200,0.00018711981566820273,144.2,0.65,1.585659,90.68,45512,-0.01224,0.018995,2.899912,0.005452,0.068542,0.699899,0.323566,0.561469,1.896266,1.923369,0.929917,0.97103,0.432295,0.0
4910,3770880,0.000186889400921659,144.2,0.69,1.628488,84.81,45602,-0.01254,0.016086,2.848356,0.004959,0.057556,0.584308,0.116262,0.639657,1.849,1.858727,0.971902,0.975102,0.633296,0.0
4920,3778560,0.00018665898617511518,144.2,0.74,1.676726,82.2,45690,-0.011866,0.017949,2.823336,0.005071,0.05719,0.435767,0.291842,0.264418,1.808195,1.844696,0.980658,0.975808,0.334177,0.0
4930,3786240,0.0001864285714285714,144.2,0.78,1.762561,88.72,45769,-0.010088,0.027354,2.789434,0.004371,0.049255,0.310041,0.280934,0.082545,1.851958,1.839316,0.932828,0.94503,0.387116,0.0
4940,3793920,0.00018619815668202764,144.2,0.73,1.7176,96.18,45849,-0.010156,0.011316,2.853082,0.005066,0.057007,0.774194,0.182263,0.7324,1.875548,1.885501,0.957672,0.969459,0.52177,0.0
4950,3801600,0.00018596774193548385,144.3,0.83,1.830882,93.32,45931,-0.010138,0.022296,2.849033,0.004996,0.061493,0.454782,0.341241,0.17236,1.867398,1.866132,0.949916,0.974586,0.460763,0.0
4960,3809280,0.00018573732718894009,144.2,0.62,1.511352,103.82,46005,-0.012083,0.020916,2.861191,0.005106,0.065033,0.676852,0.238486,0.576521,1.902067,1.865536,0.997631,0.992719,0.32499,0.0
4970,3816960,0.0001855069124423963,144.3,0.66,1.629392,101.51,46081,-0.012234,0.01441,2.846282,0.005562,0.069183,0.798715,0.426495,0.651444,1.825147,1.856288,0.946366,0.987095,0.595838,0.0
4980,3824640,0.00018527649769585253,144.3,0.75,1.744619,97.57,46159,-0.011239,0.019898,2.83443,0.005507,0.067657,0.581997,0.371409,0.351274,1.828546,1.847445,1.007046,0.983743,0.593957,0.0
4990,3832320,0.0001850460829493087,144.3,0.76,1.732128,94.43,46243,-0.011703,0.01991,2.853347,0.0053,0.066864,0.711734,0.350922,0.556024,1.851624,1.857009,0.961029,0.986687,0.672746,0.0
5000,3840000,0.00018481566820276497,144.3,0.78,1.752537,93.08,46326,-0.011349,0.01956,2.843596,0.004822,0.056519,0.637599,0.388776,0.410339,1.875789,1.834575,0.967011,0.989268,0.468281,0.0
5010,3847680,0.00018458525345622118,144.3,0.69,1.649897,88.72,46412,-0.010776,0.022328,2.825187,0.005186,0.066864,0.730626,0.344417,0.590556,1.820935,1.820085,0.992123,0.992046,0.502169,0.0
5020,3855360,0.0001843548387096774,144.3,0.83,1.869379,92.37,46495,-0.011916,0.011934,2.825846,0.00478,0.059082,0.661976,0.650879,0.167693,1.896255,1.82816,1.011274,0.982881,0.517377,0.0
5030,3863040,0.00018412442396313364,144.3,0.73,1.738652,98.31,46569,-0.01079,0.014215,2.843986,0.00488,0.062256,0.642055,0.637692,0.039799,1.922534,1.849883,1.005061,0.977737,0.36885,0.0
5040,3870720,0.00018389400921658982,144.3,0.78,1.769457,91.95,46655,-0.011669,0.011193,2.837041,0.004396,0.052917,0.711318,0.722481,0.02737,1.889809,1.862366,0.983847,0.967079,0.479069,0.0
5050,3878400,0.00018366359447004609,144.3,0.79,1.727735,83.42,46747,-0.011895,0.010305,2.856677,0.005144,0.06131,0.727952,0.585324,0.443167,1.862481,1.874294,0.984536,0.97828,0.63821,0.0
5060,3886080,0.00018343317972350227,144.3,0.83,1.814132,100.41,46822,-0.010816,0.013595,2.898003,0.00463,0.057037,0.613238,0.502218,0.319211,1.927941,1.894756,1.010433,0.983622,0.667379,0.0
5070,3893760,0.00018320276497695853,144.3,0.8,1.790693,104.75,46896,-0.012611,0.007881,2.880162,0.005582,0.063507,0.728002,0.366132,0.674769,1.854686,1.878235,0.998111,0.992026,0.736517,0.0
5080,3901440,0.00018297235023041473,144.3,0.75,1.714158,89.24,46983,-0.009592,0.009229,2.829837,0.004288,0.047302,0.608881,0.433351,0.531096,1.833528,1.845187,0.963034,0.9716,0.6523,0.0
5090,3909120,0.00018274193548387094,144.4,0.79,1.790867,87.91,47069,-0.010586,0.022758,2.822303,0.005463,0.069,0.442953,0.2303,0.327764,1.850696,1.834658,0.973146,0.985436,0.759006,0.0
5100,3916800,0.00018251152073732718,144.4,0.79,1.770366,75.3,47168,-0.011195,0.02331,2.857422,0.004866,0.055176,0.488257,0.353447,0.328669,1.909108,1.875238,0.98334,0.980081,0.769271,0.0
5110,3924480,0.00018228110599078338,144.4,0.78,1.77231,82.87,47260,-0.009492,0.011412,2.852105,0.004217,0.04538,0.713263,0.514809,0.48129,1.886296,1.855027,0.979935,0.98477,0.712293,0.0
5120,3932160,0.00018205069124423964,144.4,0.83,1.868292,90.55,47343,-0.010615,0.009773,2.86882,0.005225,0.064301,0.70102,0.422965,0.53334,1.860124,1.884382,0.985778,0.981202,0.605284,0.0
5130,3939840,0.00018182027649769582,144.4,0.8,1.825367,93.73,47426,-0.008464,0.010257,2.851517,0.004729,0.055573,0.63869,0.57677,0.376399,1.863303,1.882044,0.984232,0.966156,0.471397,0.0
5140,3947520,0.00018158986175115206,144.4,0.78,1.773274,96.91,47498,-0.009968,0.003236,2.887963,0.005515,0.070557,0.755579,0.682658,0.410533,1.870476,1.908225,0.981674,0.979063,0.390746,0.0
5150,3955200,0.0001813594470046083,144.4,0.79,1.775894,88.29,47588,-0.011377,0.006522,2.886669,0.004893,0.054688,0.647121,0.42947,0.574967,1.86371,1.913305,0.981579,0.975634,0.401269,0.0
5160,3962880,0.0001811290322580645,144.4,0.83,1.827079,87.37,47675,-0.012466,0.002319,2.861236,0.005129,0.065125,0.848077,0.810385,0.513154,1.822851,1.880424,0.994046,0.971643,0.501074,0.0
5170,3970560,0.0001808986175115207,144.4,0.75,1.728506,88.03,47764,-0.009825,0.02457,2.877316,0.005152,0.059143,0.500898,0.511449,-0.01948,1.806485,1.904414,0.984438,0.965634,0.412666,0.0
5180,3978240,0.00018066820276497694,144.4,0.72,1.658601,79.52,47861,-0.011694,0.017244,2.870514,0.004811,0.057434,0.545254,0.343084,0.333144,1.857216,1.910832,0.948156,0.955768,0.578611,0.0
5190,3985920,0.00018043778801843317,144.4,0.75,1.746939,81.74,47957,-0.009841,0.015221,2.892662,0.003808,0.036987,0.533527,0.123713,0.565361,1.876434,1.918987,0.976288,0.956543,0.497194,0.0
5200,3993600,0.00018020737327188935,144.4,0.8,1.821537,92.85,48037,-0.010435,0.009655,2.826724,0.005339,0.064667,0.691176,0.583896,0.331827,1.863988,1.865316,0.956892,0.952197,0.289293,0.0
5210,4001280,0.00017997695852534562,144.4,0.77,1.768916,90.49,48124,-0.011518,0.021088,2.851551,0.006571,0.088409,0.457492,0.430765,0.087405,1.841793,1.879636,0.941234,0.972155,0.452603,0.0
5220,4008960,0.00017974654377880182,144.5,0.67,1.617879,84.21,48214,-0.010441,0.015391,2.854398,0.004569,0.050781,0.489924,0.315727,0.462267,1.829682,1.868661,0.900933,0.977137,0.394094,0.0
5230,4016640,0.00017951612903225806,144.4,0.66,1.602607,77.96,48314,-0.012165,0.026738,2.857115,0.005384,0.068268,0.355369,0.142396,0.445287,1.811633,1.865656,0.962964,0.98484,0.618185,0.0
5240,4024320,0.00017928571428571426,144.5,0.73,1.712293,85.49,48402,-0.012242,0.0097,2.823461,0.005262,0.064636,0.630285,0.456319,0.530119,1.838259,1.848287,0.946753,0.974613,0.548391,0.0
5250,4032000,0.00017905529953917047,144.5,0.77,1.770314,90.66,48486,-0.013922,0.010814,2.843337,0.006573,0.087158,0.5759,0.417173,0.378328,1.775172,1.865518,0.94636,0.976424,0.479508,0.0
5260,4039680,0.00017882488479262673,144.5,0.78,1.763716,85.02,48576,-0.012038,0.016826,2.869692,0.004633,0.050751,0.43146,0.186882,0.450893,1.943678,1.911467,0.92195,0.951657,0.580814,0.0
5270,4047360,0.0001785944700460829,144.5,0.78,1.74464,94.18,48652,-0.012185,0.01035,2.888227,0.004884,0.058472,0.681514,0.507098,0.388238,1.976487,1.933181,0.947061,0.942877,0.615624,0.0
5280,4055040,0.00017836405529953917,144.5,0.72,1.592022,92.63,48732,-0.010624,0.007686,2.87457,0.005012,0.058533,0.876998,0.330429,0.816745,1.93908,1.924481,0.958007,0.946685,0.425745,0.0
5290,4062720,0.00017813364055299538,144.5,0.74,1.694379,90.25,48819,-0.010542,0.013913,2.843835,0.005282,0.06543,0.604249,0.241029,0.555946,1.891861,1.882612,0.960445,0.959934,0.617344,0.0
5300,4070400,0.0001779032258064516,144.5,0.76,1.742205,89.35,48906,-0.01063,0.012167,2.855463,0.004115,0.047546,0.675086,0.614321,0.37511,1.83594,1.887707,0.979951,0.967539,0.51059,0.0
5310,4078080,0.00017767281105990782,144.5,0.73,1.735297,77.06,49007,-0.011362,0.022961,2.881944,0.005223,0.064026,0.418466,0.236471,0.303443,1.894723,1.90483,0.965752,0.970071,0.555,0.0
5320,4085760,0.00017744239631336403,144.5,0.71,1.666682,88.67,49096,-0.010207,0.024544,2.888299,0.005345,0.063873,0.24444,0.180472,0.189907,1.893382,1.894149,0.975898,0.986368,0.317089,0.0
5330,4093440,0.0001772119815668203,144.5,0.67,1.607286,77.6,49193,-0.011429,0.014099,2.832788,0.005039,0.061401,0.353824,0.285799,0.396852,1.842338,1.864339,0.940018,0.970287,0.480292,0.0
5340,4101120,0.00017698156682027647,144.5,0.77,1.733235,76.57,49294,-0.011983,0.018101,2.847995,0.004728,0.056335,0.609157,0.296781,0.475415,1.823214,1.877396,0.998598,0.973538,0.423794,0.0
5350,4108800,0.0001767511520737327,144.5,0.76,1.798591,76.29,49389,-0.01028,0.013275,2.885142,0.004797,0.059723,0.5743,0.492054,0.433315,1.855348,1.902698,0.977882,0.975919,0.478823,0.0
5360,4116480,0.00017652073732718894,144.5,0.73,1.731244,84.55,49479,-0.011033,0.002993,2.870381,0.004314,0.046539,0.819369,0.713038,0.595834,1.835643,1.890692,1.007406,0.969996,0.628559,0.0
5370,4124160,0.00017629032258064515,144.5,0.79,1.810442,95.15,49562,-0.00962,0.004891,2.870177,0.003991,0.041809,0.624306,0.67264,0.574844,1.884951,1.886837,0.983398,0.973886,0.632243,0.0
5380,4131840,0.00017605990783410135,144.6,0.71,1.697411,101.02,49641,-0.009011,0.006728,2.823499,0.005165,0.063477,0.668673,0.42958,0.520052,1.889197,1.845595,0.983489,0.967818,0.435095,0.0
5390,4139520,0.0001758294930875576,144.6,0.77,1.815824,102.4,49719,-0.010807,0.02276,2.830305,0.00409,0.046814,0.649307,0.321355,0.486286,1.810139,1.849739,0.986372,0.975317,0.459458,0.0
5400,4147200,0.00017559907834101382,144.6,0.76,1.729931,90.38,49804,-0.010818,0.023322,2.803718,0.004853,0.063049,0.475373,0.439897,0.082328,1.76601,1.823108,0.969486,0.978531,0.401875,0.0
5410,4154880,0.00017536866359447003,144.6,0.74,1.703912,81.63,49899,-0.01173,0.022871,2.870102,0.00454,0.04892,0.397611,0.350109,0.095881,1.855531,1.897808,0.984652,0.979701,0.413705,0.0
5420,4162560,0.00017513824884792626,144.6,0.72,1.634033,92.43,49976,-0.011004,0.009018,2.88891,0.004915,0.059937,0.736549,0.258378,0.677843,1.879277,1.893324,0.985837,0.985273,0.294186,0.0
5430,4170240,0.00017490783410138244,144.6,0.69,1.638931,101.69,50050,-0.011242,0.011846,2.875702,0.00415,0.048035,0.782837,0.191417,0.768029,1.856691,1.872046,0.974633,0.986624,0.401948,0.0
5440,4177920,0.0001746774193548387,144.6,0.7,1.659227,106.35,50118,-0.010365,0.010499,2.817432,0.005104,0.061584,0.671184,0.234442,0.575227,1.798546,1.840173,0.972687,0.980869,0.275099,0.0
5450,4185600,0.0001744470046082949,144.6,0.7,1.667203,102.62,50198,-0.010816,0.02309,2.855922,0.005348,0.065155,0.486044,0.332235,0.247116,1.878863,1.885186,0.94878,0.969533,0.395218,0.0
5460,4193280,0.00017421658986175115,144.6,0.71,1.71314,101.19,50272,-0.011826,0.008433,2.851792,0.00443,0.05661,0.592641,0.548665,0.246668,1.870358,1.889719,0.924274,0.958147,0.616891,0.0
5470,4200960,0.00017398617511520738,144.6,0.83,1.847699,95.34,50356,-0.013021,0.002428,2.804188,0.00597,0.081329,0.885331,0.769102,0.74493,1.846197,1.869291,0.926949,0.928042,0.413069,0.0
5480,4208640,0.00017375576036866356,144.6,0.72,1.71448,92.64,50442,-0.011124,0.011565,2.793898,0.004705,0.059448,0.624455,0.304985,0.522143,1.775098,1.822765,0.944641,0.969344,0.461829,0.0
5490,4216320,0.00017352534562211982,144.6,0.82,1.820907,83.35,50530,-0.010919,0.005928,2.821005,0.006018,0.077728,0.741652,0.731107,0.3965,1.798249,1.828985,0.966223,0.989809,0.286042,0.0
5500,4224000,0.000173294930875576,144.6,0.75,1.742564,89.77,50617,-0.011066,0.012599,2.825248,0.004687,0.05191,0.513679,0.433964,0.182428,1.760336,1.846081,0.963808,0.972612,0.380592,0.0
5510,4231680,0.00017306451612903226,144.6,0.78,1.763585,95.09,50699,-0.012228,0.003624,2.843653,0.005256,0.069,0.688571,0.593512,0.550343,1.79201,1.85658,0.98712,0.981603,0.410829,0.0
5520,4239360,0.00017283410138248847,144.6,0.71,1.685249,84.73,50792,-0.011324,0.016641,2.824906,0.004654,0.057159,0.593656,0.224067,0.501629,1.869211,1.850008,0.977772,0.975078,0.4613,0.0
5530,4247040,0.00017260368663594468,144.6,0.67,1.615888,94.2,50869,-0.012668,0.014171,2.88175,0.00469,0.053619,0.839994,0.151791,0.814185,1.868876,1.895473,0.953583,0.982587,0.425441,0.0
5540,4254720,0.0001723732718894009,144.6,0.62,1.551975,97.71,50950,-0.011502,0.020398,2.902465,0.005511,0.067352,0.338665,0.259339,0.234871,1.906225,1.911252,0.934281,0.98009,0.607657,0.0
5550,4262400,0.00017214285714285712,144.6,0.68,1.574042,81.31,51048,-0.011313,0.017752,2.872605,0.004546,0.052063,0.420883,0.185473,0.413902,1.830679,1.88878,0.983571,0.980113,0.612099,0.0
5560,4270080,0.00017191244239631335,144.6,0.78,1.761718,82.11,51136,-0.011412,0.008644,2.85898,0.005059,0.059937,0.699135,0.541294,0.52271,1.913229,1.881595,0.941923,0.974895,0.618849,0.0
5570,4277760,0.00017168202764976956,144.7,0.75,1.722797,79.72,51232,-0.011536,0.004852,2.834711,0.00398,0.042847,0.753577,0.648744,0.669278,1.820977,1.845299,0.964367,0.978981,0.545305,0.0
5580,4285440,0.0001714516129032258,144.7,0.84,1.844168,83.25,51320,-0.011409,0.02677,2.881297,0.004418,0.049255,0.51161,0.442481,0.163208,1.851223,1.900395,0.949789,0.974488,0.566365,0.0
5590,4293120,0.00017122119815668203,144.7,0.67,1.605888,84.49,51409,-0.011395,0.018333,2.867625,0.004977,0.057617,0.400838,0.095305,0.454093,1.879303,1.871971,0.963615,0.980851,0.600012,0.0
5600,4300800,0.00017099078341013823,144.7,0.74,1.733139,90.36,51491,-0.010849,0.018437,2.869619,0.004537,0.052856,0.506394,0.496377,0.175225,1.890679,1.880538,0.987673,0.980052,0.661573,0.0
5610,4308480,0.00017076036866359444,144.7,0.72,1.662188,94.81,51572,-0.010242,0.021734,2.892885,0.004483,0.045593,0.540531,0.241391,0.403967,1.872894,1.901299,0.976341,0.977603,0.831769,0.0
5620,4316160,0.00017052995391705068,144.7,0.74,1.703001,94.76,51656,-0.009456,0.019127,2.892808,0.004365,0.048248,0.502368,0.421855,0.209448,1.895907,1.903243,0.994193,0.980485,0.659717,0.0
5630,4323840,0.0001702995391705069,144.7,0.78,1.774545,89.37,51736,-0.009645,0.011695,2.855213,0.004422,0.052673,0.699066,0.501898,0.411319,1.910347,1.897746,0.975442,0.955128,0.578466,0.0
5640,4331520,0.0001700691244239631,144.7,0.76,1.762667,96.05,51820,-0.009225,0.018945,2.860373,0.004418,0.051422,0.562562,0.417817,0.261413,1.8789,1.877868,0.983533,0.971676,0.446587,0.0
5650,4339200,0.00016983870967741935,144.7,0.77,1.820983,95.16,51905,-0.010023,0.028496,2.816423,0.00455,0.052673,0.497988,0.472068,0.057744,1.846931,1.863667,0.973078,0.947576,0.582226,0.0
5660,4346880,0.00016960829493087556,144.7,0.78,1.778586,82.89,51994,-0.009865,0.009527,2.793093,0.004385,0.046967,0.747961,0.483733,0.540559,1.828346,1.825821,0.977447,0.960601,0.613784,0.0
5670,4354560,0.0001693778801843318,144.7,0.74,1.677626,81.51,52088,-0.0114,0.029177,2.801516,0.004754,0.056641,0.540161,0.356345,0.293544,1.836244,1.824986,0.982725,0.972604,0.647923,0.0
5680,4362240,0.000169147465437788,144.7,0.76,1.731641,82.85,52181,-0.010022,0.031341,2.766378,0.005074,0.059418,0.553569,0.324183,0.39923,1.814668,1.794848,0.981005,0.972504,0.705966,0.0
5690,4369920,0.0001689170506912442,144.7,0.75,1.742134,82.52,52272,-0.01031,0.016556,2.835441,0.004911,0.058655,0.460492,0.374618,0.361552,1.815036,1.859497,0.977039,0.977676,0.615099,0.0
5700,4377600,0.00016868663594470047,144.7,0.69,1.63041,91.58,52356,-0.00958,0.017548,2.831309,0.004339,0.049042,0.479547,0.242712,0.410678,1.785343,1.852593,0.981531,0.972668,0.406166,0.0
5710,4385280,0.00016845622119815665,144.7,0.69,1.67595,86.07,52448,-0.01053,0.012986,2.820884,0.004778,0.056824,0.527193,0.285189,0.472512,1.796836,1.850598,0.979881,0.967747,0.378553,0.0
5720,4392960,0.0001682258064516129,144.7,0.72,1.645883,76.75,52549,-0.01024,0.037164,2.827799,0.004038,0.042267,0.348093,0.302037,0.085907,1.828209,1.865015,0.957531,0.954122,0.410327,0.0
5730,4400640,0.00016799539170506912,144.7,0.79,1.846404,89.42,52629,-0.012691,0.00337,2.855424,0.005153,0.060425,0.722252,0.730047,0.407826,1.826047,1.884374,0.97962,0.962079,0.275164,0.0
5740,4408320,0.00016776497695852532,144.7,0.79,1.74585,79.82,52727,-0.012234,0.019168,2.841956,0.005568,0.069885,0.558594,0.279538,0.437066,1.799887,1.859201,0.964024,0.975715,0.328255,0.0
5750,4416000,0.00016753456221198156,144.7,0.84,1.826903,75.09,52829,-0.009965,0.010017,2.830153,0.004979,0.060699,0.725348,0.577089,0.388802,1.852829,1.857653,0.953179,0.971015,0.456375,0.0
5760,4423680,0.00016730414746543777,144.7,0.81,1.855065,84.8,52919,-0.010263,0.004964,2.826032,0.004781,0.055603,0.726428,0.712706,0.429196,1.826168,1.857492,0.966101,0.968583,0.420088,0.0
5770,4431360,0.00016707373271889403,144.8,0.73,1.712995,81.81,53012,-0.010964,0.024096,2.824123,0.00513,0.063293,0.506577,0.405344,0.180618,1.893871,1.868026,0.954022,0.953368,0.337987,0.0
5780,4439040,0.0001668433179723502,144.8,0.72,1.722954,86.36,53104,-0.010715,0.016949,2.762538,0.004935,0.059296,0.642273,0.466328,0.345586,1.812318,1.823497,0.927699,0.935948,0.4378,0.0
5790,4446720,0.00016661290322580644,144.8,0.74,1.748205,75.31,53202,-0.011881,0.010967,2.737265,0.005047,0.059875,0.662296,0.335275,0.572011,1.76866,1.796367,0.906845,0.935816,0.390432,0.0
5800,4454400,0.00016638248847926268,144.8,0.8,1.799978,87.11,53291,-0.00981,0.022971,2.80427,0.003829,0.034912,0.432383,0.361399,0.16985,1.829024,1.845345,0.991379,0.949162,0.494833,0.0
5810,4462080,0.00016615207373271888,144.8,0.72,1.677784,98.59,53365,-0.00996,0.017559,2.821475,0.004255,0.045502,0.763237,0.254042,0.684037,1.920204,1.877173,0.962605,0.934177,0.624973,0.0
5820,4469760,0.0001659216589861751,144.8,0.71,1.666094,99.09,53442,-0.010699,0.007895,2.855119,0.00507,0.059479,0.635073,0.308079,0.617736,1.955005,1.893958,0.996617,0.955282,0.565292,0.0
5830,4477440,0.00016569124423963132,144.8,0.77,1.739269,97.73,53527,-0.011812,0.01933,2.779975,0.004624,0.054382,0.625156,0.4223,0.410214,1.864231,1.826391,0.976625,0.940125,0.638867,0.0
5840,4485120,0.00016546082949308756,144.8,0.82,1.817522,78.51,53624,-0.011022,0.01787,2.782326,0.006341,0.088745,0.560337,0.429982,0.306456,1.873089,1.831323,0.992782,0.95173,0.568456,0.0
5850,4492800,0.00016523041474654374,144.8,0.8,1.78,80.75,53717,-0.009363,0.010522,2.798434,0.003437,0.031677,0.645179,0.512079,0.403577,1.894751,1.838099,0.992413,0.955539,0.666999,0.0
5860,4500480,0.000165,144.8,0.8,1.809633,79.0,53815,-0.011261,0.020902,2.866599,0.005028,0.059509,0.497887,0.232861,0.388963,1.930413,1.901144,0.994456,0.964249,0.664687,0.0
5870,4508160,0.00016476958525345618,144.8,0.71,1.681081,93.22,53894,-0.008793,0.022912,2.856418,0.003626,0.031586,0.769372,0.221678,0.704139,1.931185,1.90295,0.978652,0.95201,0.571876,0.0
5880,4515840,0.00016453917050691244,144.8,0.68,1.618761,102.54,53965,-0.011483,0.00578,2.824524,0.004695,0.055176,0.894561,0.02908,0.911696,1.875411,1.854041,0.994788,0.953037,0.641758,0.0
5890,4523520,0.00016430875576036865,144.8,0.75,1.72457,84.95,54056,-0.010688,0.023859,2.842642,0.00608,0.084229,0.023158,0.080671,0.147491,1.858522,1.862761,0.961008,0.966475,0.701287,0.0
5900,4531200,0.00016407834101382485,144.8,0.78,1.746357,75.93,54153,-0.00979,0.014147,2.860494,0.00435,0.046539,0.395116,0.126877,0.49657,1.892648,1.875206,0.992033,0.975858,0.799285,0.0
5910,4538880,0.00016384792626728112,144.8,0.71,1.70644,73.1,54257,-0.01017,0.029698,2.819711,0.004024,0.040436,0.381762,0.202525,0.256363,1.86939,1.85107,0.96073,0.954317,0.680054,0.0
5920,4546560,0.0001636175115207373,144.8,0.69,1.625081,81.72,54352,-0.010558,0.021236,2.821035,0.005055,0.059082,0.608873,0.558551,0.161739,1.889437,1.846747,0.984112,0.949073,0.693665,0.0
5930,4554240,0.00016338709677419356,144.8,0.73,1.725617,87.36,54440,-0.011307,0.011083,2.845776,0.004909,0.058868,0.630335,0.511232,0.357234,1.863608,1.877746,0.972896,0.954362,0.783446,0.0
5940,4561920,0.00016315668202764974,144.8,0.75,1.725103,84.41,54530,-0.011076,0.012592,2.846107,0.004695,0.052032,0.621074,0.41487,0.370489,1.893602,1.877641,0.945725,0.952095,0.754288,0.0
5950,4569600,0.00016292626728110597,144.8,0.68,1.598244,96.04,54607,-0.008935,0.01208,2.837605,0.004473,0.05014,0.792855,0.406462,0.665188,1.921353,1.88894,0.989725,0.954885,0.581319,0.0
5960,4577280,0.0001626958525345622,144.9,0.62,1.556206,103.89,54687,-0.01066,0.017075,2.816708,0.00455,0.052979,0.448617,0.2086,0.389831,1.850645,1.841472,0.963182,0.970782,0.471957,0.0
5970,4584960,0.0001624654377880184,144.9,0.72,1.673726,84.43,54779,-0.010736,0.011957,2.753413,0.004033,0.040161,0.551677,0.548655,0.172373,1.807508,1.813733,0.931016,0.936809,0.588349,0.0
5980,4592640,0.00016223502304147462,144.9,0.69,1.69158,88.8,54869,-0.009918,0.011173,2.815131,0.005027,0.06134,0.639068,0.298461,0.569061,1.84602,1.853638,0.989369,0.959525,0.638458,0.0
5990,4600320,0.00016200460829493085,144.9,0.75,1.723825,89.62,54954,-0.007295,0.012412,2.82244,0.003934,0.040741,0.41664,0.469589,-0.048078,1.89679,1.849958,0.981434,0.960795,0.480253,0.0
6000,4608000,0.0001617741935483871,144.9,0.69,1.647459,103.11,55024,-0.010221,0.019745,2.787367,0.004396,0.050476,0.677498,0.384613,0.480563,1.90533,1.830954,0.956327,0.951225,0.693738,0.0
6010,4615680,0.0001615437788018433,144.9,0.65,1.588266,110.97,55097,-0.011168,0.020273,2.781991,0.004076,0.039215,0.319661,0.159584,0.326607,1.929914,1.816638,1.004298,0.958176,0.682713,0.0
6020,4623360,0.00016131336405529953,144.9,0.75,1.724705,100.56,55168,-0.0118,0.00963,2.77648,0.005707,0.069519,0.827783,0.290064,0.757675,1.908701,1.811815,0.975237,0.955867,0.68659,0.0
6030,4631040,0.00016108294930875574,144.9,0.72,1.683605,99.62,55250,-0.010118,0.026816,2.768226,0.004332,0.054413,0.439543,0.163737,0.401139,1.822573,1.807316,1.002836,0.959065,0.611184,0.0
6040,4638720,0.00016085253456221197,144.9,0.74,1.705673,84.11,55339,-0.008788,0.014163,2.775994,0.004416,0.047607,0.48735,0.427142,0.118208,1.877175,1.803438,0.987927,0.963251,0.704796,0.0
6050,4646400,0.00016062211981566818,144.9,0.74,1.711679,100.55,55412,-0.010122,0.023987,2.834616,0.004449,0.048981,0.590894,0.483673,0.211407,1.83168,1.83137,1.005536,0.994141,0.779843,0.0
6060,4654080,0.0001603917050691244,144.9,0.72,1.697633,94.03,55495,-0.009446,0.019942,2.865821,0.005319,0.068726,0.711538,0.358273,0.558755,1.882795,1.861879,0.994775,0.992671,0.707315,0.0
6070,4661760,0.00016016129032258065,144.9,0.68,1.617477,96.81,55576,-0.01008,0.023463,2.824361,0.004139,0.045959,0.488529,0.427911,0.106931,1.772649,1.850977,0.966709,0.969152,0.543001,0.0
6080,4669440,0.00015993087557603683,144.9,0.68,1.617161,79.41,55671,-0.011704,0.015957,2.825894,0.004336,0.049866,0.758332,0.465682,0.551589,1.828899,1.852497,0.970001,0.966779,0.682006,0.0
6090,4677120,0.0001597004608294931,144.9,0.68,1.622525,99.59,55748,-0.010469,0.006368,2.827596,0.004358,0.04599,0.722097,0.26498,0.739645,1.802978,1.837146,1.00201,0.971754,0.623459,0.0
6100,4684800,0.0001594700460829493,144.9,0.82,1.802044,91.38,55833,-0.010856,0.011685,2.810287,0.005563,0.073029,0.406215,0.464791,0.055833,1.84392,1.864392,0.961001,0.946675,0.617773,0.0
6110,4692480,0.0001592396313364055,144.9,0.83,1.849646,84.06,55929,-0.010085,0.021292,2.778717,0.004295,0.051147,0.441542,0.346137,0.292741,1.81582,1.846875,0.918271,0.928282,0.716326,0.0
6120,4700160,0.00015900921658986174,144.9,0.74,1.762035,86.44,56014,-0.011282,0.027778,2.788677,0.004967,0.058838,0.486087,0.40177,0.21053,1.858407,1.825835,0.942815,0.953107,0.715455,0.0
6130,4707840,0.00015877880184331794,144.9,0.8,1.812679,78.61,56111,-0.010391,0.009295,2.817184,0.003995,0.044189,0.682275,0.575458,0.415135,1.765335,1.831231,0.9775,0.969433,0.706095,0.0
6140,4715520,0.0001585483870967742,144.9,0.76,1.760747,83.83,56198,-0.012917,0.002085,2.83535,0.005392,0.064301,0.875502,0.556555,0.812062,1.825989,1.843224,0.995278,0.978766,0.695144,0.0
6150,4723200,0.00015831797235023038,144.9,0.77,1.752406,102.29,56274,-0.0113,0.011174,2.858274,0.004419,0.052032,0.804982,0.105557,0.810301,1.886291,1.873405,0.994162,0.979279,0.742243,0.0
6160,4730880,0.00015808755760368662,144.9,0.72,1.683088,100.25,56346,-0.009845,0.026344,2.880225,0.004264,0.045319,0.609908,0.439859,0.304545,1.86211,1.892718,0.976694,0.982823,0.73702,0.0
6170,4738560,0.00015785714285714285,144.9,0.7,1.641372,89.13,56435,-0.010893,0.011921,2.840373,0.005386,0.066681,0.781591,0.368287,0.682895,1.894187,1.877218,0.990505,0.952528,0.7875,0.0
6180,4746240,0.00015762672811059906,144.9,0.75,1.715598,89.7,56519,-0.011242,0.014667,2.816612,0.005958,0.07605,0.620001,0.408981,0.438114,1.863112,1.861398,0.931489,0.947618,0.658813,0.0
6190,4753920,0.0001573963133640553,144.9,0.81,1.820464,99.37,56594,-0.009138,0.012525,2.809819,0.004342,0.050201,0.696449,0.667141,0.180414,1.88699,1.872609,0.970263,0.932469,0.668059,0.0
6200,4761600,0.0001571658986175115,144.9,0.85,1.86454,88.35,56680,-0.010455,0.019729,2.820261,0.00474,0.05899,0.382171,0.447262,-0.043526,1.891703,1.873579,0.926029,0.941498,0.771964,0.0
6210,4769280,0.00015693548387096774,144.9,0.73,1.656649,74.5,56782,-0.008733,0.012245,2.832049,0.003156,0.027679,0.662359,0.668636,0.102579,1.885682,1.881521,0.906558,0.948771,0.734611,0.0
6220,4776960,0.00015670506912442394,144.9,0.77,1.745918,89.2,56869,-0.010236,0.007611,2.83797,0.004581,0.05011,0.76166,0.41518,0.703223,1.890463,1.868548,0.959005,0.961114,0.687404,0.0
6230,4784640,0.00015647465437788018,144.9,0.79,1.802388,73.89,56973,-0.011118,0.024461,2.841537,0.004387,0.050598,0.52931,0.416366,0.293091,1.91889,1.870199,0.95438,0.959124,0.68658,0.0
6240,4792320,0.0001562442396313364,144.9,0.81,1.814791,78.26,57071,-0.011844,0.004531,2.830422,0.004902,0.058899,0.83891,0.779476,0.379979,1.901092,1.837388,0.912282,0.979488,0.642133,0.0
6250,4800000,0.00015601382488479262,145.0,0.88,1.923425,83.05,57163,-0.010436,0.0224,2.843269,0.004391,0.049469,0.510987,0.23617,0.41934,1.888362,1.852862,0.974421,0.974834,0.54852,0.0
6260,4807680,0.00015578341013824883,145.0,0.8,1.807704,80.26,57259,-0.008637,0.016899,2.864955,0.004608,0.052856,0.552272,0.397794,0.313878,1.900961,1.8912,0.946246,0.964866,0.540718,0.0
6270,4815360,0.00015555299539170506,145.0,0.74,1.690973,77.64,57359,-0.010013,0.037035,2.857671,0.0043,0.050964,0.348565,0.272645,0.13659,1.88842,1.877613,0.986893,0.973178,0.619219,0.0
6280,4823040,0.0001553225806451613,145.0,0.71,1.658011,77.68,57453,-0.011614,0.019662,2.84211,0.004749,0.058014,0.508336,0.324051,0.32382,1.920841,1.867527,0.974485,0.97,0.453755,0.0
6290,4830720,0.00015509216589861747,145.0,0.74,1.698832,77.5,57553,-0.010975,0.028788,2.828988,0.00438,0.049835,0.492709,0.22705,0.357141,1.871654,1.843409,0.973725,0.980591,0.61914,0.0
6300,4838400,0.00015486175115207374,145.0,0.85,1.875642,86.8,57640,-0.010002,0.002744,2.801714,0.003444,0.032684,0.850172,0.661322,0.781296,1.854352,1.833624,0.955305,0.95828,0.535694,0.0
6310,4846080,0.00015463133640552994,145.0,0.83,1.83781,78.47,57739,-0.011115,0.019628,2.798387,0.005176,0.061615,0.593033,0.482282,0.324281,1.820373,1.836271,0.954143,0.962373,0.73295,0.0
6320,4853760,0.00015440092165898618,145.0,0.81,1.768839,74.32,57842,-0.010426,0.013159,2.84635,0.005198,0.063843,0.599278,0.57271,0.098896,1.839797,1.87372,0.958298,0.971108,0.552983,0.0
6330,4861440,0.00015417050691244238,145.0,0.7,1.642569,85.82,57931,-0.009663,0.031053,2.869512,0.004023,0.045502,0.443655,0.237787,0.315391,1.887568,1.892456,0.977682,0.969585,0.682597,0.0
6340,4869120,0.0001539400921658986,145.0,0.72,1.659499,81.32,58023,-0.009652,0.013215,2.868301,0.003631,0.03656,0.512577,0.467265,0.379442,1.921118,1.887074,0.958041,0.977906,0.458673,0.0
6350,4876800,0.00015370967741935485,145.0,0.74,1.699795,84.57,58116,-0.010001,0.029473,2.796665,0.003945,0.041748,0.436287,0.396981,0.06905,1.880516,1.832136,0.935873,0.962396,0.52182,0.0
6360,4884480,0.00015347926267281103,145.0,0.79,1.745459,85.58,58203,-0.010135,0.010597,2.818947,0.004021,0.043243,0.712002,0.128504,0.754863,1.858536,1.868312,0.909785,0.94871,0.493859,0.0
6370,4892160,0.0001532488479262673,145.0,0.78,1.768334,67.41,58314,-0.008777,0.022661,2.80071,0.003798,0.038361,0.593617,0.380543,0.383075,1.813674,1.83768,0.930339,0.956632,0.613405,0.0
6380,4899840,0.00015301843317972347,145.0,0.72,1.715284,79.69,58406,-0.011527,0.021498,2.785876,0.004921,0.061707,0.481362,0.33082,0.352018,1.874944,1.828989,0.878581,0.951444,0.600149,0.0
6390,4907520,0.0001527880184331797,145.0,0.64,1.59745,80.72,58505,-0.010568,0.030243,2.804324,0.004256,0.048828,0.501266,0.281609,0.319755,1.879923,1.845217,0.938354,0.955763,0.479498,0.0
6400,4915200,0.00015255760368663594,145.0,0.64,1.589503,72.76,58610,-0.011226,0.021032,2.817728,0.005572,0.068848,0.679106,0.689406,-0.031282,1.862376,1.855521,0.927573,0.960614,0.716467,0.0
6410,4922880,0.00015232718894009215,145.0,0.83,1.825905,68.83,58722,-0.01198,0.007564,2.807448,0.005156,0.06424,0.828275,0.335414,0.759976,1.865794,1.863403,0.940242,0.941246,0.712949,0.0
6420,4930560,0.0001520967741935484,145.0,0.69,1.655431,76.07,58818,-0.010621,0.009466,2.821753,0.004502,0.052887,0.652393,0.364438,0.593671,1.775946,1.862011,0.952744,0.949114,0.727575,0.0
6430,4938240,0.0001518663594470046,145.0,0.69,1.640104,73.28,58924,-0.010272,0.017017,2.8199,0.004445,0.047058,0.69932,0.518322,0.375818,1.824732,1.839484,0.988325,0.968342,0.727036,0.0
6440,4945920,0.00015163594470046082,145.0,0.7,1.624567,67.81,59035,-0.011019,0.029218,2.798676,0.005109,0.0625,0.402032,0.177183,0.353227,1.857768,1.823665,0.956848,0.965415,0.627807,0.0
6450,4953600,0.000151405529953917,145.0,0.79,1.747363,72.4,59137,-0.011303,0.006949,2.766331,0.005015,0.064209,0.787774,0.286265,0.782704,1.738367,1.800899,0.932303,0.958119,0.605487,0.0
6460,4961280,0.00015117511520737327,145.0,0.7,1.680046,73.25,59240,-0.008794,0.015948,2.786129,0.003632,0.033203,0.459954,0.260868,0.425774,1.748823,1.817287,0.960565,0.964844,0.632869,0.0
6470,4968960,0.00015094470046082947,145.0,0.68,1.629429,81.81,59336,-0.010308,0.01009,2.845573,0.00502,0.05954,0.680459,0.327381,0.66186,1.824865,1.860512,0.998315,0.980584,0.70021,0.0
6480,4976640,0.0001507142857142857,145.0,0.75,1.726386,77.0,59437,-0.01174,0.020064,2.838387,0.005185,0.065308,0.634171,0.282711,0.531247,1.858825,1.861229,0.985428,0.974823,0.740386,0.0
6490,4984320,0.00015048387096774191,145.0,0.73,1.707855,82.39,59530,-0.010063,0.024022,2.830281,0.004703,0.04776,0.403699,0.23866,0.324471,1.708083,1.850949,0.982383,0.964523,0.65226,0.0
6500,4992000,0.00015025345622119812,145.0,0.78,1.775432,84.91,59620,-0.010338,0.003147,2.868965,0.003896,0.036682,0.826987,0.379335,0.872805,1.747133,1.883379,0.960961,0.979117,0.582458,0.0
6510,4999680,0.00015002304147465438,145.0,0.73,1.694816,81.61,59715,-0.011085,0.010063,2.856402,0.004223,0.05072,0.689911,0.519684,0.458523,1.74847,1.862334,1.00081,0.991418,0.572156,0.0
6520,5007360,0.0001497926267281106,145.0,0.69,1.640913,86.71,59802,-0.011362,0.017521,2.84779,0.005121,0.060455,0.467251,0.453345,0.253547,1.721672,1.841132,0.967726,0.994749,0.564184,0.0
6530,5015040,0.00014956221198156682,145.0,0.82,1.821242,78.03,59901,-0.009434,0.019239,2.850836,0.004951,0.056854,0.561624,0.505768,0.159553,1.745149,1.85572,0.996656,0.987668,0.561847,0.0
6540,5022720,0.00014933179723502303,145.0,0.79,1.767247,79.34,59993,-0.008504,0.010732,2.87387,0.004909,0.056549,0.66406,0.561471,0.317208,1.806452,1.885312,0.991851,0.984718,0.443435,0.0
6550,5030400,0.00014910138248847924,145.0,0.74,1.707259,84.38,60085,-0.009463,0.016434,2.850506,0.004621,0.051086,0.505359,0.403529,0.170724,1.847901,1.85023,0.990625,0.983672,0.645674,0.0
6560,5038080,0.00014887096774193547,145.1,0.71,1.696721,95.23,60162,-0.01025,0.010321,2.84507,0.005049,0.063507,0.718627,0.230745,0.670843,1.794119,1.8547,0.973379,0.985456,0.677969,0.0
6570,5045760,0.00014864055299539168,145.1,0.67,1.654427,93.87,60249,-0.010101,0.01783,2.80526,0.004263,0.049896,0.677163,0.456382,0.430049,1.794683,1.81956,0.969497,0.973095,0.494559,0.0
6580,5053440,0.00014841013824884789,145.1,0.74,1.740205,82.57,60342,-0.01118,0.016247,2.852264,0.005333,0.062958,0.570925,0.496936,0.153941,1.724944,1.84908,0.996424,1.000203,0.561755,0.0
6590,5061120,0.00014817972350230415,145.1,0.7,1.639539,83.17,60435,-0.009851,0.007422,2.87892,0.004937,0.057495,0.774987,0.003211,0.836306,1.753197,1.868268,1.004626,1.002603,0.747058,0.0
6600,5068800,0.00014794930875576035,145.1,0.71,1.644119,95.39,60513,-0.010711,0.006507,2.756569,0.00497,0.060699,0.708568,0.431882,0.71862,1.706545,1.74268,1.001066,1.002015,0.634516,0.0
6610,5076480,0.0001477188940092166,145.1,0.72,1.66523,68.75,60622,-0.012311,0.018549,2.788319,0.005321,0.070038,0.605243,0.308106,0.460541,1.798337,1.794049,0.999537,0.982548,0.674615,0.0
6620,5084160,0.0001474884792626728,145.1,0.69,1.651539,87.37,60708,-0.009394,0.015636,2.821817,0.003873,0.042999,0.392408,0.295695,0.453887,1.826066,1.821093,0.987118,0.995195,0.681882,0.0
6630,5091840,0.000147258064516129,145.1,0.72,1.679486,74.76,60811,-0.010134,0.010548,2.813428,0.004443,0.046814,0.613888,0.363511,0.526698,1.837366,1.811919,0.982171,0.990433,0.79622,0.0
6640,5099520,0.00014702764976958524,145.1,0.75,1.746373,78.77,60904,-0.010662,0.032633,2.841116,0.00382,0.037872,0.593093,0.378345,0.347206,1.819304,1.841325,0.997469,0.994391,0.692334,0.0
6650,5107200,0.00014679723502304144,145.1,0.72,1.680123,87.36,60991,-0.010956,0.016863,2.882698,0.004994,0.059967,0.499983,0.346292,0.250935,1.896195,1.877612,1.017248,1.008051,0.670364,0.0
6660,5114880,0.0001465668202764977,145.1,0.7,1.674045,91.09,61071,-0.01031,0.008968,2.862334,0.004126,0.041595,0.500176,0.273944,0.434405,1.773585,1.849327,1.005924,1.002727,0.668529,0.0
6670,5122560,0.0001463364055299539,145.1,0.67,1.646179,94.83,61153,-0.010672,0.014966,2.83007,0.004606,0.054321,0.107902,0.042833,0.487327,1.799497,1.820124,1.016039,0.997402,0.608329,0.0
6680,5130240,0.00014610599078341012,145.1,0.59,1.524629,100.4,61227,-0.009506,0.006952,2.872843,0.004838,0.051392,0.73313,0.239025,0.694946,1.82642,1.856656,1.007647,1.00197,0.698065,0.0
6690,5137920,0.00014587557603686635,145.1,0.76,1.744977,98.73,61304,-0.008432,0.002099,2.877938,0.004152,0.041138,0.801266,0.625833,0.760954,1.800916,1.874413,0.998384,0.990771,0.633731,0.0
6700,5145600,0.00014564516129032256,145.1,0.79,1.791696,100.84,61384,-0.011711,0.018043,2.820852,0.005467,0.067688,0.632087,0.373265,0.465761,1.716223,1.83565,0.983862,0.975057,0.551879,0.0
6710,5153280,0.00014541474654377877,145.1,0.79,1.80091,92.94,61465,-0.010391,0.001631,2.87785,0.004622,0.055115,0.884951,0.670379,0.7411,1.844208,1.87422,0.971085,0.996786,0.528141,0.0
6720,5160960,0.000145184331797235,145.1,0.73,1.695028,101.49,61540,-0.008383,0.021566,2.848125,0.004731,0.051025,0.66178,0.352687,0.478878,1.84461,1.854224,0.990716,0.989859,0.596515,0.0
6730,5168640,0.0001449539170506912,145.1,0.76,1.713654,95.49,61622,-0.008167,0.013422,2.843869,0.003714,0.037842,0.774157,0.269507,0.700868,1.834143,1.861074,1.010623,0.970646,0.616718,0.0
6740,5176320,0.00014472350230414747,145.2,0.76,1.727854,86.87,61714,-0.008995,0.022666,2.8455,0.00441,0.05011,0.589247,0.199705,0.539768,1.802705,1.859254,1.019709,0.97967,0.735315,0.0
6750,5184000,0.00014449308755760368,145.1,0.69,1.690754,85.19,61803,-0.010727,0.006166,2.857857,0.004405,0.044281,0.752856,0.580386,0.609906,1.819602,1.87137,1.018781,0.971117,0.756709,0.0
6760,5191680,0.00014426267281105989,145.2,0.76,1.746165,97.05,61880,-0.010692,0.026843,2.882059,0.003769,0.037048,0.610522,0.481458,0.250082,1.817952,1.885131,0.989945,0.984029,0.729897,0.0
6770,5199360,0.00014403225806451612,145.2,0.66,1.601371,89.38,61964,-0.009773,0.025486,2.854407,0.004189,0.047302,0.433684,0.436337,0.01266,1.797467,1.85098,1.005086,1.000986,0.481512,0.0
6780,5207040,0.00014380184331797233,145.2,0.7,1.684705,83.17,62058,-0.009376,0.013902,2.847871,0.00503,0.062439,0.698359,0.391646,0.529755,1.773363,1.855459,1.001536,0.990365,0.445231,0.0
6790,5214720,0.00014357142857142856,145.2,0.66,1.605344,71.0,62162,-0.009105,0.018668,2.833485,0.003751,0.041809,0.556435,0.345269,0.354295,1.795174,1.841614,0.996808,0.980607,0.474081,0.0
6800,5222400,0.00014334101382488477,145.2,0.7,1.649761,73.52,62263,-0.008731,0.016487,2.808194,0.00472,0.055573,0.44156,0.371013,0.202083,1.722241,1.838579,0.980694,0.97156,0.41849,0.0
6810,5230080,0.000143110599078341,145.2,0.81,1.761784,77.41,62365,-0.007413,0.014174,2.818223,0.003953,0.04364,0.343771,0.420729,0.053598,1.751531,1.849887,0.993723,0.968677,0.358197,0.0
6820,5237760,0.00014288018433179724,145.2,0.76,1.736992,76.36,62466,-0.007919,0.013571,2.830902,0.003769,0.034241,0.570523,0.234559,0.538761,1.840509,1.85667,0.986876,0.969649,0.539733,0.0
6830,5245440,0.00014264976958525344,145.2,0.74,1.746566,80.68,62561,-0.010507,0.015763,2.843437,0.004558,0.051483,0.418529,0.346243,0.221987,1.870005,1.877929,0.961064,0.952904,0.60173,0.0
6840,5253120,0.00014241935483870968,145.2,0.68,1.621333,86.03,62653,-0.009795,0.029668,2.870138,0.004795,0.058594,0.42553,0.393323,0.124764,1.885304,1.891909,0.988425,0.968541,0.615051,0.0
6850,5260800,0.00014218894009216588,145.2,0.61,1.579098,76.87,62750,-0.010326,0.013601,2.880249,0.005398,0.067841,0.531614,0.345983,0.343449,1.929988,1.902896,0.980722,0.966109,0.664416,0.0
6860,5268480,0.0001419585253456221,145.2,0.58,1.462937,84.98,62837,-0.009148,0.024544,2.861153,0.004379,0.046021,0.557172,0.062087,0.633793,1.84865,1.866599,1.007087,0.981929,0.711593,0.0
6870,5276160,0.00014172811059907833,145.2,0.7,1.654206,80.09,62933,-0.008102,0.031185,2.859396,0.004028,0.042816,0.358034,0.182083,0.269503,1.86922,1.875337,1.001403,0.973469,0.675387,0.0
6880,5283840,0.00014149769585253456,145.2,0.63,1.559564,85.36,63018,-0.010541,0.010582,2.851677,0.006059,0.078827,0.725439,0.496525,0.499792,1.823502,1.848895,1.01594,0.988596,0.701316,0.0
6890,5291520,0.0001412672811059908,145.2,0.74,1.700852,83.53,63112,-0.010267,0.016505,2.885409,0.005539,0.072083,0.536812,0.283477,0.505275,1.885995,1.898772,1.014966,0.977585,0.636485,0.0
6900,5299200,0.000141036866359447,145.2,0.75,1.749144,97.1,63187,-0.009399,0.009752,2.905014,0.004802,0.057159,0.785362,0.215794,0.753292,1.852307,1.912444,1.002146,0.981088,0.682145,0.0
6910,5306880,0.0001408064516129032,145.2,0.76,1.749338,93.44,63273,-0.009802,0.016324,2.884599,0.004599,0.051483,0.559396,0.302498,0.434734,1.873358,1.884196,1.003868,0.988014,0.674331,0.0
6920,5314560,0.00014057603686635944,145.2,0.78,1.738664,85.15,63363,-0.007809,0.02538,2.865055,0.003797,0.035797,0.54313,0.230638,0.460074,1.803547,1.875498,0.958998,0.980889,0.668069,0.0
6930,5322240,0.00014034562211981565,145.2,0.77,1.7519,75.81,63464,-0.011287,0.003068,2.840884,0.005452,0.063446,0.846099,0.789687,0.671831,1.771209,1.839209,1.031976,0.995694,0.679249,0.0
6940,5329920,0.00014011520737327186,145.2,0.68,1.63912,74.43,63568,-0.008913,0.014727,2.843983,0.005526,0.072418,0.559583,0.398474,0.449129,1.744555,1.848391,1.022234,0.984013,0.642027,0.0
6950,5337600,0.00013988479262672812,145.2,0.71,1.695607,79.77,63665,-0.010158,0.030822,2.80305,0.005246,0.066101,0.332981,0.170664,0.294969,1.693349,1.82469,1.005678,0.967596,0.668479,0.0
6960,5345280,0.00013965437788018433,145.2,0.83,1.865661,70.99,63772,-0.007892,0.008893,2.783764,0.003707,0.035919,0.336479,0.324028,0.478501,1.636856,1.812772,0.991234,0.974249,0.574601,0.0
6970,5352960,0.00013942396313364056,145.2,0.74,1.704733,64.8,63891,-0.009247,0.029788,2.758378,0.004511,0.052094,0.465273,0.481488,0.051289,1.732532,1.795974,0.954413,0.959059,0.632975,0.0
6980,5360640,0.00013919354838709677,145.2,0.64,1.59898,59.29,64020,-0.011104,0.0271,2.819583,0.004491,0.051422,0.352919,0.229289,0.283367,1.803523,1.854172,0.976786,0.967047,0.691463,0.0
6990,5368320,0.00013896313364055297,145.2,0.77,1.805724,60.0,64141,-0.008897,0.022323,2.800913,0.004311,0.048584,0.486342,0.338133,0.298876,1.718384,1.813651,0.99285,0.976325,0.694672,0.0
7000,5376000,0.0001387327188940092,145.2,0.74,1.670067,58.32,64274,-0.010385,0.012337,2.836441,0.004467,0.049469,0.492812,0.298194,0.548857,1.720954,1.853918,0.998735,0.972853,0.700916,0.0
7010,5383680,0.00013850230414746542,145.2,0.76,1.738677,67.09,64389,-0.008811,0.007189,2.839174,0.004031,0.044098,0.596871,0.414242,0.656142,1.737825,1.834828,0.959683,0.991318,0.749626,0.0
7020,5391360,0.00013827188940092162,145.2,0.76,1.734643,61.48,64514,-0.008743,0.016928,2.882439,0.004551,0.054932,0.48245,0.400772,0.250887,1.813158,1.87367,1.013582,1.002899,0.639984,0.0
7030,5399040,0.00013804147465437788,145.2,0.77,1.75581,73.54,64615,-0.008533,0.009607,2.876034,0.004366,0.04306,0.5828,0.365632,0.572056,1.866207,1.866662,1.009751,0.999415,0.444131,0.0
7040,5406720,0.0001378110599078341,145.2,0.76,1.774673,83.89,64709,-0.00878,0.014676,2.809613,0.002892,0.025146,0.460897,0.149005,0.563983,1.832664,1.816705,0.985245,0.976838,0.563793,0.0
7050,5414400,0.00013758064516129032,145.2,0.83,1.831154,77.64,64806,-0.00947,0.029669,2.854351,0.004905,0.055603,0.257215,0.411863,-0.262897,1.862602,1.872336,0.975069,0.971872,0.37668,0.0
7060,5422080,0.00013735023041474653,145.3,0.74,1.713868,74.05,64908,-0.009836,0.013625,2.828643,0.00467,0.052063,0.738583,0.357103,0.607877,1.821976,1.853409,0.973292,0.962774,0.678549,0.0
7070,5429760,0.00013711981566820274,145.3,0.75,1.76263,81.26,65004,-0.010752,0.009219,2.890478,0.005349,0.067413,0.71059,0.427413,0.555098,1.872277,1.893936,0.98125,0.985999,0.685309,0.0
7080,5437440,0.00013688940092165897,145.3,0.68,1.644025,76.48,65104,-0.011351,0.029826,2.845986,0.004344,0.047546,0.487461,0.200404,0.409177,1.875708,1.83583,0.996389,0.994712,0.705008,0.0
7090,5445120,0.00013665898617511518,145.3,0.81,1.784019,80.6,65195,-0.008998,0.025894,2.812082,0.003784,0.039398,0.442549,0.302054,0.29712,1.832429,1.810139,1.010683,0.997366,0.582303,0.0
7100,5452800,0.00013642857142857144,145.3,0.8,1.805208,78.64,65289,-0.009321,0.00197,2.802301,0.0043,0.045807,0.853805,0.325888,0.859964,1.782813,1.796569,1.031975,1.000564,0.422084,0.0
7110,5460480,0.00013619815668202765,145.3,0.79,1.782194,90.86,65375,-0.008628,0.016043,2.801853,0.00367,0.043304,0.522456,0.340172,0.367921,1.838365,1.814059,0.986076,0.985837,0.491559,0.0
7120,5468160,0.00013596774193548386,145.3,0.79,1.751004,88.8,65460,-0.008201,0.009595,2.903931,0.004474,0.047668,0.686031,0.425361,0.514422,1.903966,1.900285,1.018318,0.998501,0.598575,0.0
7130,5475840,0.0001357373271889401,145.3,0.77,1.752798,85.99,65548,-0.010275,0.014328,2.827268,0.004365,0.050873,0.543777,0.474717,0.137715,1.824346,1.829247,1.008208,0.992651,0.582543,0.0
7140,5483520,0.0001355069124423963,145.3,0.82,1.795477,80.69,65645,-0.010082,0.023422,2.869083,0.004732,0.053986,0.505701,0.277202,0.341864,1.809479,1.867957,0.990398,0.986831,0.721607,0.0
7150,5491200,0.0001352764976958525,145.3,0.66,1.595333,82.19,65736,-0.009324,0.012668,2.864635,0.004207,0.044342,0.753255,0.200877,0.695215,1.813869,1.872194,1.014742,0.985946,0.54944,0.0
7160,5498880,0.00013504608294930874,145.3,0.67,1.611146,88.85,65823,-0.007876,0.008769,2.891075,0.004993,0.054779,0.692394,0.503981,0.381327,1.824125,1.872344,1.016704,1.007246,0.454494,0.0
7170,5506560,0.00013481566820276497,145.3,0.8,1.776395,77.86,65924,-0.009782,0.010372,2.820427,0.004398,0.049347,0.559482,0.34517,0.492101,1.807947,1.822699,1.007495,0.984438,0.780382,0.0
7180,5514240,0.0001345852534562212,145.3,0.76,1.714915,80.76,66017,-0.00958,0.022236,2.862712,0.004271,0.045715,0.403448,0.266825,0.269553,1.867805,1.838746,1.016841,1.007191,0.799455,0.0
7190,5521920,0.00013435483870967741,145.3,0.74,1.658275,69.82,66123,-0.010121,0.017378,2.855723,0.004136,0.044617,0.536332,0.135768,0.584831,1.861274,1.860551,1.001934,0.984214,0.591443,0.0
7200,5529600,0.00013412442396313362,145.3,0.86,1.91979,81.38,66216,-0.009526,0.002749,2.843651,0.004459,0.052246,0.893511,0.810838,0.552924,1.840196,1.830295,1.0306,0.997672,0.685816,0.0
7210,5537280,0.00013389400921658986,145.3,0.78,1.773129,79.04,66312,-0.009467,0.01049,2.884949,0.004527,0.056305,0.534625,0.450217,0.399215,1.873371,1.869749,1.039786,1.003677,0.628112,0.0
7220,5544960,0.00013366359447004606,145.3,0.73,1.696285,81.88,66404,-0.009635,0.012285,2.864755,0.00531,0.067902,0.555445,0.208367,0.529484,1.820422,1.864043,0.998548,0.993455,0.812255,0.0
7230,5552640,0.00013343317972350227,145.3,0.75,1.744848,91.65,66490,-0.009671,0.02841,2.885491,0.00491,0.061218,0.383537,0.299967,0.142069,1.840577,1.881708,1.014729,0.986593,0.781112,0.0
7240,5560320,0.0001332027649769585,145.3,0.74,1.735079,92.72,66570,-0.00935,0.016377,2.858209,0.003619,0.036407,0.416339,0.280443,0.322085,1.830571,1.854593,1.025302,0.989582,0.740722,0.0
7250,5568000,0.00013297235023041474,145.3,0.84,1.813316,82.73,66663,-0.008254,0.010953,2.858198,0.004579,0.04895,0.613951,0.51132,0.265901,1.821465,1.864261,0.997536,0.97919,0.779168,0.0
7260,5575680,0.00013274193548387097,145.3,0.76,1.758416,77.08,66762,-0.007791,0.025635,2.888505,0.004314,0.044128,0.536146,0.287516,0.383111,1.864483,1.875199,1.025977,0.998485,0.669634,0.0
7270,5583360,0.00013251152073732718,145.3,0.76,1.749954,95.58,66840,-0.007408,0.00751,2.8529,0.003753,0.040833,0.745761,0.371627,0.674579,1.831393,1.857858,1.013141,0.971875,0.626576,0.0
7280,5591040,0.0001322811059907834,145.3,0.72,1.666674,78.47,66939,-0.009386,0.025815,2.843582,0.004946,0.06012,0.559168,0.361572,0.331423,1.862604,1.855246,0.998454,0.984042,0.685949,0.0
7290,5598720,0.00013205069124423962,145.3,0.73,1.696327,85.26,67026,-0.0076,0.012353,2.878916,0.003695,0.033783,0.549804,0.526355,0.136248,1.86935,1.887171,0.997001,0.979979,0.696401,0.0
7300,5606400,0.00013182027649769583,145.3,0.7,1.668406,93.16,67109,-0.009868,0.026235,2.844609,0.004725,0.052246,0.375355,0.295416,0.144844,1.844794,1.871457,1.003354,0.966012,0.656124,0.0
7310,5614080,0.00013158986175115203,145.3,0.75,1.688736,79.29,67206,-0.00799,0.016784,2.894743,0.003788,0.037384,0.557543,0.390026,0.331681,1.881895,1.899326,0.992317,0.977795,0.700201,0.0
7320,5621760,0.0001313594470046083,145.3,0.7,1.662198,91.41,67286,-0.007808,0.007223,2.871208,0.003476,0.034271,0.677123,0.486263,0.481397,1.845108,1.887896,0.967603,0.970382,0.701163,0.0
7330,5629440,0.0001311290322580645,145.3,0.77,1.747624,88.09,67377,-0.009061,0.015376,2.885629,0.004298,0.045319,0.527461,0.085002,0.612757,1.881502,1.893317,0.967091,0.981879,0.664439,0.0
7340,5637120,0.00013089861751152074,145.3,0.67,1.661777,87.72,67463,-0.010309,0.026288,2.893557,0.004627,0.054352,0.378188,0.179586,0.345034,1.811003,1.903342,0.984035,0.978564,0.713045,0.0
7350,5644800,0.00013066820276497694,145.3,0.83,1.844485,82.59,67554,-0.009655,0.018941,2.849695,0.004265,0.041351,0.337378,0.090048,0.48218,1.755752,1.868484,1.000839,0.969616,0.717646,0.0
7360,5652480,0.00013043778801843315,145.3,0.82,1.815728,78.05,67652,-0.010194,0.009202,2.861503,0.005334,0.071381,0.65634,0.465658,0.44305,1.811972,1.890249,0.998679,0.967561,0.662588,0.0
7370,5660160,0.00013020737327188939,145.3,0.76,1.731956,73.48,67755,-0.010578,0.003279,2.863263,0.004421,0.048889,0.845545,0.471665,0.767358,1.810594,1.873286,0.975984,0.973751,0.692274,0.0
7380,5667840,0.0001299769585253456,145.3,0.69,1.648512,95.02,67837,-0.00747,0.020959,2.896732,0.003385,0.028778,0.624533,0.176429,0.559658,1.861077,1.900845,0.971276,0.985756,0.708103,0.0
7390,5675520,0.00012974654377880185,145.3,0.75,1.726928,88.4,67924,-0.008185,0.00436,2.838937,0.003546,0.034698,0.664025,0.142487,0.822554,1.74575,1.847602,0.995708,0.973847,0.603122,0.0
7400,5683200,0.00012951612903225806,145.4,0.85,1.875351,93.37,68002,-0.010407,0.002372,2.906981,0.004304,0.047913,0.892825,0.786357,0.650261,1.822309,1.89739,1.005715,0.995001,0.793626,0.0
7410,5690880,0.00012928571428571427,145.4,0.83,1.80606,76.14,68102,-0.009095,0.032832,2.810647,0.004276,0.048248,0.415157,0.315767,0.149001,1.731207,1.831261,1.008274,0.978588,0.615522,0.0
7420,5698560,0.0001290552995391705,145.4,0.78,1.773736,75.44,68204,-0.009999,0.027629,2.862007,0.004291,0.05368,0.496371,0.2939,0.303296,1.759513,1.874776,1.010391,0.983134,0.637354,0.0
7430,5706240,0.0001288248847926267,145.4,0.76,1.723591,75.94,68306,-0.009459,0.008605,2.873743,0.003385,0.024811,0.690235,0.431107,0.577826,1.788436,1.883195,0.981111,0.978118,0.748097,0.0
7440,5713920,0.00012859447004608294,145.4,0.82,1.85556,102.93,68373,-0.008138,0.007002,2.911032,0.004505,0.046143,0.875623,0.325565,0.816394,1.843286,1.914491,0.998514,0.984126,0.706483,0.0
7450,5721600,0.00012836405529953915,145.4,0.74,1.692997,94.62,68460,-0.00689,0.012902,2.885722,0.003106,0.02948,0.744659,0.676178,0.23057,1.920534,1.880448,0.983836,0.989101,0.574011,0.0
7460,5729280,0.00012813364055299536,145.4,0.74,1.706586,101.3,68530,-0.009441,0.027551,2.844939,0.003669,0.04068,0.429814,0.375397,0.206513,1.828108,1.847117,0.994003,0.985207,0.621318,0.0
7470,5736960,0.00012790322580645162,145.4,0.74,1.752164,95.63,68606,-0.007314,0.016361,2.873625,0.003582,0.032593,0.692955,0.388421,0.503774,1.823589,1.883581,0.992827,0.979754,0.591169,0.0
7480,5744640,0.00012767281105990783,145.4,0.77,1.691609,91.43,68692,-0.009326,0.008899,2.852526,0.002791,0.025085,0.615892,0.314059,0.559226,1.87096,1.881202,0.988748,0.966673,0.676883,0.0
7490,5752320,0.00012744239631336406,145.4,0.81,1.790937,86.42,68779,-0.009744,0.0031,2.87838,0.004041,0.039978,0.837333,0.65428,0.700444,1.813718,1.901675,0.975331,0.969008,0.785462,0.0
7500,5760000,0.00012721198156682027,145.4,0.87,1.848131,72.85,68885,-0.009481,0.003216,2.855784,0.004147,0.039612,0.863002,0.75514,0.536157,1.838315,1.88824,0.937425,0.956215,0.688764,0.0
7510,5767680,0.00012698156682027648,145.4,0.85,1.847336,84.89,68972,-0.00968,0.004276,2.925272,0.004234,0.048462,0.85307,0.878638,-0.114134,1.894773,1.936701,1.005597,0.98506,0.62721,0.0
7520,5775360,0.0001267511520737327,145.4,0.75,1.728571,91.79,69056,-0.008017,0.016781,2.907774,0.003879,0.041718,0.575105,0.443475,0.237655,1.869312,1.915773,1.004877,0.978687,0.647571,0.0
7530,5783040,0.00012652073732718892,145.4,0.73,1.67385,90.56,69141,-0.010039,0.003043,2.89002,0.004998,0.056885,0.753066,0.624111,0.735091,1.857052,1.898338,0.983964,0.98758,0.623693,0.0
7540,5790720,0.00012629032258064518,145.4,0.77,1.721803,77.18,69242,-0.009322,0.028232,2.868827,0.004116,0.044769,0.457995,0.129384,0.451701,1.887718,1.874819,0.961388,0.974496,0.665434,0.0
7550,5798400,0.00012605990783410138,145.4,0.62,1.558037,94.57,69317,-0.008536,0.026863,2.878661,0.004699,0.053375,0.539525,0.313597,0.344343,1.951712,1.874781,0.998352,0.98772,0.686458,0.0
7560,5806080,0.0001258294930875576,145.4,0.71,1.69914,98.25,69393,-0.00934,0.034887,2.862011,0.003993,0.044617,0.447564,0.365417,0.161607,1.876637,1.86851,0.985308,0.979372,0.800461,0.0
7570,5813760,0.00012559907834101383,145.4,0.65,1.547141,86.53,69484,-0.009508,0.030433,2.850388,0.00461,0.055573,0.642132,0.408628,0.403002,1.894256,1.858167,0.943288,0.979424,0.736012,0.0
7580,5821440,0.00012536866359447003,145.5,0.75,1.708452,88.3,69568,-0.008247,0.035523,2.820922,0.003877,0.03772,0.415314,0.264686,0.255404,1.810446,1.815134,0.994123,0.989945,0.732958,0.0
7590,5829120,0.00012513824884792624,145.4,0.7,1.639462,77.45,69665,-0.010191,0.024513,2.839237,0.004069,0.045105,0.380598,0.411079,0.10738,1.824798,1.843729,0.93789,0.978348,0.735454,0.0
7600,5836800,0.00012490783410138247,145.5,0.74,1.71894,90.7,69748,-0.009299,0.011337,2.842715,0.003592,0.039734,0.693798,0.572835,0.325613,1.8083,1.859045,0.918154,0.977189,0.767665,0.0
7610,5844480,0.0001246774193548387,145.5,0.78,1.779239,81.52,69842,-0.007622,0.019582,2.838218,0.004632,0.045013,0.573141,0.463733,0.210791,1.869099,1.849212,0.946483,0.981527,0.700261,0.0
7620,5852160,0.00012444700460829494,145.5,0.79,1.768555,84.45,69932,-0.00912,0.015988,2.877193,0.003937,0.040344,0.603095,0.123531,0.659861,1.867719,1.877634,0.926008,0.981949,0.821476,0.0
7630,5859840,0.00012421658986175115,145.5,0.77,1.773122,81.99,70023,-0.008522,0.015096,2.880277,0.004595,0.04248,0.343408,0.235009,0.398869,1.894367,1.878017,0.950755,0.990303,0.698692,0.0
7640,5867520,0.00012398617511520736,145.5,0.74,1.750668,78.22,70125,-0.006789,0.027414,2.867621,0.003438,0.030334,0.444432,0.39729,0.086555,1.864761,1.875601,0.934989,0.979409,0.554956,0.0
7650,5875200,0.0001237557603686636,145.5,0.76,1.729512,81.67,70217,-0.0078,0.011328,2.899149,0.003369,0.029846,0.585367,0.475161,0.37309,1.890403,1.905207,0.91949,0.989359,0.511044,0.0
7660,5882880,0.0001235253456221198,145.5,0.81,1.772372,84.17,70310,-0.008325,0.014385,2.815776,0.004425,0.040955,0.492961,0.615606,-0.203185,1.818012,1.834401,0.889756,0.960885,0.789061,0.0
7670,5890560,0.000123294930875576,145.5,0.76,1.724714,83.5,70397,-0.006897,0.013996,2.897406,0.003282,0.026947,0.763993,0.310797,0.658445,1.850294,1.900303,0.940147,0.984281,0.703342,0.0
7680,5898240,0.00012306451612903224,145.5,0.74,1.751667,97.11,70477,-0.010019,0.013602,2.888684,0.00512,0.06131,0.624857,0.414524,0.509738,1.920737,1.892457,0.978377,0.989549,0.799781,0.0
7690,5905920,0.00012283410138248847,145.5,0.75,1.763834,102.85,70553,-0.008945,0.016104,2.887129,0.004863,0.053101,0.590345,0.40409,0.415229,1.927837,1.907542,0.990624,0.968132,0.822878,0.0
7700,5913600,0.0001226036866359447,145.5,0.73,1.713339,86.41,70641,-0.009519,0.011202,2.841926,0.005273,0.065155,0.542396,0.302291,0.422118,1.779469,1.854398,0.980414,0.975343,0.766567,0.0
7710,5921280,0.00012237327188940092,145.5,0.82,1.825932,75.85,70740,-0.009001,0.008017,2.862,0.004532,0.045715,0.751455,0.50011,0.644912,1.786183,1.844767,0.991879,1.001917,0.728957,0.0
7720,5928960,0.00012214285714285712,145.5,0.84,1.878212,90.42,70820,-0.008015,0.011044,2.949688,0.004364,0.043488,0.606516,0.504146,0.237114,1.890142,1.931298,1.014043,1.004051,0.607442,0.0
7730,5936640,0.00012191244239631334,145.5,0.67,1.614948,97.9,70901,-0.008118,0.01289,2.873095,0.004454,0.051575,0.795365,0.075261,0.81138,1.83258,1.862029,0.990334,0.997546,0.618759,0.0
7740,5944320,0.00012168202764976956,145.5,0.69,1.604346,90.25,70988,-0.008065,0.008404,2.891199,0.004121,0.044678,0.850999,0.205905,0.839182,1.870972,1.891342,0.985174,0.980699,0.549923,0.0
7750,5952000,0.00012145161290322578,145.5,0.78,1.777723,94.92,71067,-0.009058,0.012148,2.879486,0.003259,0.0271,0.441124,0.181995,0.526555,1.903439,1.883301,0.990602,0.974046,0.582196,0.0
7760,5959680,0.00012122119815668203,145.5,0.79,1.769062,86.69,71155,-0.008248,0.011433,2.897462,0.003999,0.040314,0.569223,0.497745,0.293626,1.885631,1.916331,0.976899,0.971687,0.554692,0.0
7770,5967360,0.00012099078341013825,145.5,0.75,1.665433,98.34,71224,-0.008801,0.001786,2.908189,0.00438,0.041077,0.870595,0.744598,0.603625,1.859486,1.91308,0.957798,0.97777,0.645788,0.0
7780,5975040,0.00012076036866359446,145.5,0.68,1.626151,108.82,71299,-0.007726,0.015875,2.878274,0.002617,0.023041,0.665495,0.253628,0.591154,1.778755,1.890056,0.97561,0.97549,0.647868,0.0
7790,5982720,0.00012052995391705068,145.5,0.76,1.725168,82.15,71389,-0.008111,0.001834,2.885091,0.002268,0.014954,0.864046,0.783477,0.775728,1.748401,1.889027,0.967324,0.991025,0.525531,0.0
7800,5990400,0.0001202995391705069,145.5,0.77,1.753529,84.24,71482,-0.007416,0.024631,2.862485,0.003357,0.031799,0.374716,0.109339,0.415922,1.777029,1.878333,0.949202,0.979728,0.51985,0.0
7810,5998080,0.00012006912442396311,145.5,0.78,1.780338,81.95,71571,-0.008656,0.030296,2.860117,0.00408,0.047119,0.387052,0.407419,-0.021028,1.776295,1.873881,1.005403,0.977082,0.692669,0.0
7820,6005760,0.00011983870967741933,145.5,0.75,1.734086,66.84,71683,-0.008221,0.027259,2.8699,0.003112,0.026276,0.583337,0.375465,0.339782,1.80715,1.877376,0.973636,0.986639,0.653187,0.0
7830,6013440,0.00011960829493087558,145.5,0.82,1.852024,80.82,71777,-0.007184,0.012903,2.888561,0.003851,0.033936,0.689312,0.388458,0.492776,1.824502,1.886047,0.992146,0.993775,0.647723,0.0
7840,6021120,0.0001193778801843318,145.5,0.77,1.689307,80.48,71875,-0.007266,0.007228,2.848785,0.003219,0.024811,0.603911,0.509897,0.398588,1.778198,1.849756,0.989795,0.99403,0.720334,0.0
7850,6028800,0.00011914746543778802,145.5,0.83,1.86821,84.48,71962,-0.008582,0.01416,2.879957,0.004217,0.036896,0.670794,0.557991,0.258669,1.842146,1.901187,0.932059,0.963299,0.730789,0.0
7860,6036480,0.00011891705069124423,145.5,0.75,1.726148,86.82,72048,-0.008403,0.009986,2.893214,0.003678,0.036865,0.68846,0.506768,0.468807,1.886896,1.93351,0.961768,0.953215,0.834315,0.0
7870,6044160,0.00011868663594470045,145.6,0.63,1.596701,98.8,72123,-0.009231,0.018018,2.888616,0.004843,0.058228,0.665744,0.25774,0.556294,1.882102,1.923193,0.968038,0.948763,0.738799,0.0
7880,6051840,0.00011845622119815667,145.6,0.69,1.625108,103.06,72201,-0.008169,0.017068,2.860129,0.004417,0.046112,0.469873,0.190294,0.393527,1.847361,1.874901,0.959023,0.958154,0.650422,0.0
7890,6059520,0.00011822580645161289,145.6,0.77,1.761092,84.37,72294,-0.008115,0.007472,2.885719,0.003788,0.040436,0.483523,0.518558,0.474137,1.856066,1.895751,1.006228,0.97732,0.661703,0.0
7900,6067200,0.0001179953917050691,145.6,0.73,1.713022,100.44,72367,-0.007992,0.020054,2.915285,0.003752,0.031708,0.739102,0.324866,0.617872,1.912824,1.913227,1.02878,0.992492,0.688937,0.0
7910,6074880,0.00011776497695852534,145.6,0.71,1.688847,91.34,72456,-0.009451,0.014032,2.883281,0.004465,0.056061,0.658701,0.468277,0.361566,1.840016,1.8775,1.027085,0.998742,0.697901,0.0
7920,6082560,0.00011753456221198156,145.6,0.78,1.735422,85.31,72545,-0.009374,0.003386,2.920268,0.00492,0.055023,0.905373,0.622872,0.756906,1.952388,1.90193,1.020467,0.997865,0.675854,0.0
7930,6090240,0.00011730414746543778,145.6,0.77,1.727884,93.17,72627,-0.007694,0.008045,2.907283,0.003622,0.030304,0.618904,0.365086,0.467142,1.877622,1.887844,1.003227,1.003465,0.727988,0.0
7940,6097920,0.000117073732718894,145.6,0.82,1.812359,86.42,72718,-0.008211,0.024703,2.843292,0.00445,0.045624,0.532135,0.448783,0.170532,1.852895,1.837439,1.004685,0.9936,0.604636,0.0
7950,6105600,0.00011684331797235021,145.6,0.75,1.702508,66.0,72831,-0.006771,0.013545,2.889572,0.003345,0.029419,0.501767,0.296713,0.480653,1.878721,1.888694,1.035089,0.987334,0.830593,0.0
7960,6113280,0.00011661290322580643,145.6,0.82,1.800757,80.86,72920,-0.008101,0.007968,2.853684,0.00439,0.052979,0.758744,0.725957,0.245764,1.876097,1.856515,0.999607,0.974841,0.780737,0.0
7970,6120960,0.00011638248847926265,145.6,0.8,1.813679,88.99,73006,-0.009201,0.029171,2.902683,0.005117,0.061279,0.449575,0.290381,0.225224,1.927466,1.901295,0.995859,0.989513,0.823317,0.0
7980,6128640,0.0001161520737327189,145.6,0.82,1.811667,89.59,73091,-0.007378,0.001812,2.887348,0.004068,0.041687,0.907177,0.770275,0.725293,1.846262,1.880845,1.003096,0.999241,0.760158,0.0
7990,6136320,0.00011592165898617512,145.5,0.73,1.709021,83.61,73184,-0.0079,0.029501,2.873312,0.004514,0.048279,0.600834,0.528956,0.161545,1.862565,1.873469,1.007275,0.979047,0.781603,0.0
8000,6144000,0.00011569124423963133,145.5,0.67,1.656372,90.54,73260,-0.006433,0.007363,2.879823,0.003023,0.0242,0.676144,0.595102,0.267603,1.930803,1.880048,1.027957,0.99373,0.762103,0.0
8010,6151680,0.00011546082949308755,145.5,0.79,1.814733,94.35,73343,-0.007053,0.007632,2.860646,0.004109,0.045441,0.786565,0.549612,0.536865,1.92429,1.875555,1.000975,0.975262,0.82801,0.0
8020,6159360,0.00011523041474654377,145.5,0.83,1.810025,78.09,73443,-0.008886,0.004345,2.861928,0.004647,0.043549,0.791609,0.644442,0.508204,1.918973,1.908826,0.970668,0.941613,0.811651,0.0
8030,6167040,0.00011499999999999998,145.5,0.79,1.784426,101.29,73508,-0.007677,0.012073,2.892958,0.003943,0.042725,0.808545,0.298974,0.727353,1.94638,1.949042,0.958841,0.940447,0.86403,0.0
8040,6174720,0.0001147695852534562,145.5,0.75,1.719998,105.33,73587,-0.007622,0.010918,2.881251,0.004083,0.044647,0.604254,0.515824,0.236665,1.89459,1.933985,0.930095,0.944203,0.634746,0.0
8050,6182400,0.00011453917050691244,145.5,0.77,1.741329,96.97,73665,-0.008829,0.022782,2.86334,0.004004,0.035919,0.642673,0.575029,0.167841,1.894788,1.922609,0.92812,0.942882,0.64292,0.0
8060,6190080,0.00011430875576036867,145.5,0.69,1.629364,104.69,73732,-0.010597,0.010809,2.883318,0.004553,0.046448,0.904024,0.320969,0.859993,1.865284,1.924856,0.958827,0.960933,0.750888,0.0
8070,6197760,0.00011407834101382489,145.5,0.58,1.50585,109.93,73802,-0.008824,0.037417,2.875803,0.003544,0.035248,0.65532,0.398879,0.449778,1.874081,1.890351,0.978451,0.969916,0.845909,0.0
8080,6205440,0.00011384792626728109,145.5,0.82,1.788835,97.89,73884,-0.007645,0.003396,2.824177,0.003274,0.030853,0.75891,0.685167,0.484797,1.812782,1.864763,0.976463,0.962282,0.729409,0.0
8090,6213120,0.00011361751152073731,145.5,0.87,1.906535,96.85,73957,-0.007604,0.008981,2.785116,0.00417,0.043274,0.711056,0.391528,0.591682,1.700568,1.841929,0.966101,0.939053,0.534343,0.0
8100,6220800,0.00011338709677419353,145.6,0.72,1.728103,122.59,74017,-0.007143,0.018819,2.762537,0.003734,0.038849,0.629028,0.075297,0.65694,1.783995,1.80812,0.997946,0.941616,0.554564,0.0
8110,6228480,0.00011315668202764974,145.6,0.79,1.817427,102.28,74097,-0.007243,0.006999,2.732058,0.002769,0.019379,0.737367,0.487335,0.62584,1.668666,1.794364,0.895999,0.940367,0.635701,0.0
8120,6236160,0.00011292626728110596,145.6,0.87,1.883642,81.21,74195,-0.007899,0.001931,2.732156,0.003263,0.028778,0.872046,0.908802,-0.240933,1.626257,1.761573,0.94993,0.950996,0.649718,0.0
8130,6243840,0.00011269585253456221,145.6,0.88,1.91626,76.6,74293,-0.008226,0.001946,2.807731,0.003107,0.028809,0.875377,0.821208,0.428306,1.711896,1.81496,0.99168,0.978338,0.72941,0.0
8140,6251520,0.00011246543778801843,145.6,0.84,1.817285,69.17,74405,-0.008329,0.026935,2.770613,0.0035,0.039185,0.583073,0.401432,0.304983,1.637852,1.780445,0.992246,0.977601,0.684568,0.0
8150,6259200,0.00011223502304147465,145.6,0.81,1.811491,82.31,74498,-0.008949,0.025699,2.80819,0.004677,0.056885,0.483585,0.419787,0.12356,1.727077,1.851363,0.980228,0.957234,0.704105,0.0
8160,6266880,0.00011200460829493086,145.6,0.77,1.756048,99.47,74575,-0.008157,0.020317,2.841023,0.002447,0.019287,0.526545,0.325106,0.323157,1.827955,1.866613,1.001449,0.961897,0.691619,0.0
8170,6274560,0.00011177419354838708,145.6,0.85,1.80259,85.13,74665,-0.007536,0.013341,2.844049,0.003934,0.037628,0.714873,0.706865,0.036318,1.708228,1.862518,1.005691,0.975175,0.630158,0.0
8180,6282240,0.0001115437788018433,145.5,0.85,1.882464,83.35,74758,-0.008451,0.002546,2.828105,0.003632,0.035919,0.851232,0.732273,0.590453,1.717964,1.835803,0.983214,0.984909,0.568701,0.0
8190,6289920,0.00011131336405529952,145.6,0.75,1.750429,83.6,74852,-0.00812,0.008042,2.899583,0.004285,0.046143,0.684308,0.626609,0.370288,1.851148,1.916447,0.980449,0.977669,0.511064,0.0
8200,6297600,0.00011108294930875577,145.6,0.83,1.80116,95.42,74930,-0.008457,0.022953,2.885377,0.005101,0.062042,0.585026,0.394904,0.319095,1.92235,1.905089,0.968965,0.970539,0.631828,0.0
8210,6305280,0.00011085253456221198,145.6,0.71,1.641671,107.11,75000,-0.009076,0.015761,2.917628,0.005217,0.061798,0.699585,0.468016,0.46666,1.931204,1.918876,0.991933,0.989933,0.426688,0.0
8220,6312960,0.0001106221198156682,145.6,0.67,1.617294,115.6,75062,-0.007743,0.010763,2.875635,0.004529,0.051178,0.699915,0.481977,0.519093,1.913953,1.895346,1.007567,0.972139,0.520628,0.0
8230,6320640,0.00011039170506912442,145.6,0.81,1.836723,99.51,75144,-0.009143,0.019652,2.85101,0.004689,0.049805,0.576408,0.500929,0.171945,1.834364,1.83876,0.998783,0.992159,0.455809,0.0
8240,6328320,0.00011016129032258064,145.6,0.75,1.750592,94.63,75223,-0.009136,0.032393,2.827644,0.004195,0.044739,0.680384,0.499257,0.366951,1.830386,1.838041,1.000896,0.973515,0.382462,0.0
8250,6336000,0.00010993087557603684,145.6,0.85,1.801945,81.11,75315,-0.009157,0.003498,2.797467,0.004551,0.051544,0.878194,0.839123,0.494248,1.794975,1.845239,0.994357,0.944355,0.329453,0.0
8260,6343680,0.00010970046082949307,145.6,0.86,1.861724,89.88,75396,-0.00867,0.002086,2.860573,0.003969,0.04306,0.918563,0.766259,0.738192,1.656894,1.876737,1.009178,0.980817,0.226593,0.0
8270,6351360,0.00010947004608294931,145.6,0.88,1.919458,104.27,75470,-0.007881,0.009385,2.811922,0.003146,0.032166,0.700465,0.626401,0.463778,1.744971,1.849738,0.974886,0.95073,0.204873,0.0
8280,6359040,0.00010923963133640553,145.6,0.9,1.941408,98.98,75549,-0.007628,0.003336,2.833189,0.003055,0.027374,0.908268,0.643303,0.790313,1.788087,1.86931,1.029132,0.956663,0.259994,0.0
8290,6366720,0.00010900921658986175,145.6,0.89,1.937183,112.0,75614,-0.007297,0.011042,2.868866,0.004302,0.044678,0.777629,0.613365,0.424858,1.895567,1.887154,0.97587,0.978261,0.313536,0.0
8300,6374400,0.00010877880184331796,145.6,0.8,1.794325,121.07,75677,-0.007336,0.010572,2.841859,0.003317,0.029144,0.830125,0.509769,0.659159,1.823335,1.891623,0.972286,0.946117,0.350782,0.0
8310,6382080,0.00010854838709677418,145.6,0.8,1.772597,95.76,75761,-0.00837,0.015375,2.822314,0.004905,0.061127,0.575214,0.431379,0.321746,1.856102,1.859495,0.995291,0.94875,0.529392,0.0
8320,6389760,0.0001083179723502304,145.6,0.83,1.83394,91.35,75845,-0.007815,0.012448,2.825559,0.002849,0.024109,0.677204,0.58463,0.238591,1.838631,1.875529,0.987968,0.948786,0.532347,0.0
8330,6397440,0.00010808755760368661,145.6,0.76,1.727578,88.68,75930,-0.006973,0.017952,2.857939,0.00383,0.033661,0.607571,0.508117,0.252042,1.815072,1.8923,0.978819,0.967069,0.484611,0.0
8340,6405120,0.00010785714285714287,145.6,0.76,1.704325,97.54,76004,-0.009563,0.01259,2.905298,0.005146,0.062805,0.599291,0.541402,0.2846,1.926757,1.940236,0.994821,0.952374,0.652712,0.0
8350,6412800,0.00010762672811059908,145.6,0.84,1.825188,101.02,76081,-0.007102,0.009857,2.915614,0.002922,0.025391,0.761559,0.643745,0.422327,1.908545,1.960512,0.980572,0.951117,0.663713,0.0
8360,6420480,0.0001073963133640553,145.6,0.81,1.835762,101.43,76158,-0.008215,0.010876,2.941999,0.004889,0.055878,0.664872,0.4967,0.397919,1.90151,1.944137,0.980532,0.990996,0.628173,0.0
8370,6428160,0.00010716589861751152,145.6,0.82,1.830485,90.47,76241,-0.006994,0.009155,2.877325,0.003425,0.033417,0.756918,0.64977,0.436158,1.850754,1.909663,0.924912,0.963452,0.665179,0.0
8380,6435840,0.00010693548387096773,145.6,0.89,1.944191,102.62,76313,-0.006937,0.015495,2.892379,0.003941,0.04364,0.607661,0.369428,0.479161,1.913267,1.926681,0.924664,0.953521,0.694919,0.0
8390,6443520,0.00010670506912442395,145.6,0.87,1.929227,99.56,76390,-0.008399,0.008109,2.858755,0.004894,0.062988,0.732109,0.509315,0.501054,1.79565,1.890109,0.924907,0.954034,0.703477,0.0
8400,6451200,0.00010647465437788017,145.6,0.9,1.913503,90.76,76475,-0.009082,0.019233,2.872785,0.004554,0.049652,0.657935,0.418688,0.416409,1.929001,1.923962,0.896832,0.937388,0.619754,0.0
8410,6458880,0.00010624423963133637,145.6,0.85,1.863252,96.61,76554,-0.006255,0.00622,2.837321,0.002712,0.019012,0.665815,0.593154,0.420032,1.879189,1.870058,0.871137,0.948789,0.59539,0.0
8420,6466560,0.00010601382488479264,145.6,0.86,1.862678,78.96,76651,-0.009366,0.011296,2.88399,0.004148,0.049866,0.654772,0.627062,0.261671,1.836295,1.913928,0.930719,0.96417,0.631601,0.0
8430,6474240,0.00010578341013824884,145.6,0.9,1.90281,82.88,76743,-0.007424,0.009384,2.882677,0.003085,0.024933,0.784458,0.6845,0.381604,1.879487,1.890654,0.99052,0.988342,0.636191,0.0
8440,6481920,0.00010555299539170506,145.7,0.86,1.854797,94.05,76822,-0.008528,0.00955,2.832469,0.004205,0.046326,0.80183,0.714782,0.324468,1.721526,1.844416,0.973165,0.977937,0.742121,0.0
8450,6489600,0.00010532258064516128,145.7,0.83,1.851196,108.46,76893,-0.008136,0.00916,2.853046,0.004427,0.051605,0.667978,0.524883,0.377782,1.736794,1.849242,0.97521,0.98497,0.809694,0.0
8460,6497280,0.00010509216589861749,145.7,0.86,1.899337,98.39,76971,-0.008512,0.006576,2.8608,0.004551,0.047333,0.744535,0.677417,0.327808,1.840574,1.886069,0.95647,0.96765,0.777695,0.0
8470,6504960,0.00010486175115207371,145.7,0.87,1.930359,98.68,77048,-0.007272,0.013296,2.863613,0.002391,0.018707,0.71683,0.35848,0.577089,1.785794,1.874962,0.97935,0.969539,0.807688,0.0
8480,6512640,0.00010463133640552993,145.7,0.81,1.780131,104.57,77121,-0.007416,0.013266,2.917959,0.003485,0.029877,0.601396,0.433327,0.365308,1.933815,1.900517,1.006612,1.006239,0.850899,0.0
8490,6520320,0.00010440092165898618,145.7,0.83,1.813325,111.22,77186,-0.007469,0.010442,2.881787,0.004441,0.046783,0.6956,0.641544,0.156282,1.835678,1.883444,0.964775,0.981576,0.788846,0.0
8500,6528000,0.0001041705069124424,145.7,0.87,1.849652,115.49,77253,-0.007115,0.001865,2.933167,0.002934,0.022552,0.899024,0.824847,0.460918,1.897607,1.91746,1.004373,1.01176,0.722619,0.0
8510,6535680,0.00010394009216589861,145.7,0.83,1.827564,118.11,77319,-0.007207,0.011245,2.913543,0.004537,0.053131,0.657129,0.648507,0.091343,1.890093,1.919431,0.950975,0.984725,0.71134,0.0
8520,6543360,0.00010370967741935483,145.7,0.81,1.788842,102.84,77393,-0.009003,0.001992,2.885009,0.00498,0.054962,0.924901,0.839908,0.61964,1.870761,1.899152,0.969879,0.976716,0.615112,0.0
8530,6551040,0.00010347926267281105,145.7,0.82,1.819782,102.13,77471,-0.006254,0.012387,2.830969,0.003603,0.035736,0.621329,0.637535,0.008128,1.752658,1.855937,0.958873,0.957691,0.679837,0.0
8540,6558720,0.00010324884792626727,145.7,0.84,1.835812,97.23,77550,-0.006657,0.024073,2.856202,0.003787,0.03421,0.644843,0.57514,0.166429,1.703697,1.878037,0.987101,0.96704,0.579889,0.0
8550,6566400,0.00010301843317972348,145.7,0.67,1.637924,106.46,77620,-0.007273,0.020816,2.884525,0.003374,0.03302,0.655289,0.399987,0.4258,1.790803,1.891551,0.995783,0.981461,0.638666,0.0
8560,6574080,0.00010278801843317973,145.7,0.74,1.686585,110.74,77688,-0.008683,0.004354,2.908274,0.003475,0.031769,0.767917,0.366032,0.718642,1.795419,1.90637,0.9955,0.990881,0.482071,0.0
8570,6581760,0.00010255760368663595,145.7,0.88,1.857784,100.45,77770,-0.007456,0.001325,2.829305,0.003895,0.042999,0.9419,0.913798,0.574567,1.764081,1.845778,0.926822,0.961299,0.384134,0.0
8580,6589440,0.00010232718894009217,145.7,0.9,1.920618,110.65,77838,-0.007627,0.002857,2.834943,0.003951,0.036774,0.850981,0.671055,0.714448,1.742143,1.864323,0.909294,0.955809,0.238524,0.0
8590,6597120,0.00010209677419354839,145.7,0.91,1.926145,113.59,77903,-0.007977,0.001597,2.760256,0.00333,0.028809,0.92495,0.818893,0.669773,1.737897,1.796484,0.945377,0.945076,0.16838,0.0
8600,6604800,0.0001018663594470046,145.7,0.86,1.853695,131.36,77959,-0.005977,0.025405,2.749716,0.003895,0.032318,0.733648,0.667765,0.200766,1.700036,1.770986,0.965551,0.974689,0.254555,0.0
8610,6612480,0.00010163594470046082,145.7,0.74,1.699799,134.01,78018,-0.005978,0.015988,2.798163,0.003213,0.025818,0.719376,0.194958,0.687596,1.784908,1.808719,0.985205,0.982858,0.133015,0.0
8620,6620160,0.00010140552995391704,145.7,0.76,1.745949,117.6,78089,-0.007643,0.011376,2.812833,0.003973,0.042297,0.69856,0.37472,0.598389,1.79843,1.821427,1.021496,0.981112,0.192061,0.0
8630,6627840,0.00010117511520737324,145.7,0.76,1.725287,95.16,78168,-0.008843,0.020963,2.819205,0.004867,0.063141,0.740357,0.574322,0.406072,1.779912,1.816373,0.98408,0.990998,0.21101,0.0
8640,6635520,0.00010094470046082949,145.7,0.75,1.735245,111.2,78233,-0.007503,0.00703,2.837998,0.00311,0.028137,0.875284,0.651497,0.647704,1.837848,1.848125,0.987571,0.971228,0.309958,0.0
8650,6643200,0.00010071428571428571,145.7,0.84,1.854513,106.65,78307,-0.00729,0.003705,2.87987,0.004649,0.059204,0.899951,0.526679,0.800075,1.941062,1.864814,1.026422,0.999584,0.439208,0.0
8660,6650880,0.00010048387096774193,145.7,0.79,1.727476,113.01,78376,-0.007216,0.022652,2.899909,0.003881,0.038239,0.643108,0.606416,0.120232,1.926152,1.884973,1.027733,1.002079,0.359642,0.0
8670,6658560,0.00010025345622119815,145.7,0.73,1.679678,110.45,78444,-0.00833,0.016675,2.870893,0.00289,0.025665,0.642983,0.405555,0.436932,1.851103,1.877678,0.99907,0.986891,0.256341,0.0
8680,6666240,0.00010002304147465436,145.7,0.84,1.879557,100.44,78520,-0.006465,0.001934,2.891489,0.0032,0.032471,0.948736,0.891474,0.750989,1.844554,1.872066,1.002692,0.998513,0.416232,0.0
8690,6673920,9.979262672811058e-05,145.7,0.84,1.880747,109.3,78590,-0.006503,0.011675,2.902992,0.003272,0.038086,0.644349,0.638874,0.028908,1.91553,1.893913,1.026892,0.999842,0.178498,0.0
8700,6681600,9.95622119815668e-05,145.7,0.78,1.796598,104.55,78664,-0.007261,0.018782,2.895562,0.00328,0.029053,0.520523,0.407929,0.318634,1.828899,1.899166,1.019676,0.982461,0.339641,0.0
8710,6689280,9.933179723502305e-05,145.7,0.77,1.776502,112.07,78727,-0.006847,0.010831,2.923848,0.004026,0.042572,0.805289,0.468926,0.638816,1.85345,1.916257,1.025438,0.9948,0.230883,0.0
8720,6696960,9.910138248847927e-05,145.7,0.76,1.760002,121.83,78789,-0.00808,0.013469,2.907589,0.003936,0.042908,0.747687,0.651545,0.300085,1.83453,1.90937,0.989349,0.984298,0.158063,0.0
8730,6704640,9.887096774193548e-05,145.7,0.82,1.773845,113.64,78860,-0.0078,0.002693,2.86941,0.003349,0.032806,0.932015,0.893278,0.475013,1.796409,1.880685,1.001558,0.981748,0.300235,0.0
8740,6712320,9.86405529953917e-05,145.7,0.81,1.818907,105.8,78933,-0.006847,0.008081,2.83015,0.002943,0.022827,0.758526,0.536869,0.538085,1.793015,1.858785,0.940937,0.97289,0.18286,0.0
8750,6720000,9.841013824884792e-05,145.7,0.86,1.849032,109.16,79001,-0.007943,0.006649,2.910051,0.00398,0.047119,0.802543,0.541226,0.644791,1.825066,1.931959,0.946844,0.977379,0.196065,0.0
8760,6727680,9.817972350230412e-05,145.7,0.82,1.804899,122.51,79061,-0.006529,0.003334,2.914356,0.003005,0.024353,0.86162,0.760649,0.662255,1.872665,1.932597,0.978101,0.974075,0.322965,0.0
8770,6735360,9.794930875576035e-05,145.7,0.76,1.690916,124.74,79124,-0.006872,0.005498,2.914376,0.002876,0.020874,0.761056,0.313531,0.789333,1.926395,1.920757,0.985748,0.983951,0.362006,0.0
8780,6743040,9.77188940092166e-05,145.7,0.74,1.64193,126.63,79181,-0.007047,0.011765,2.916293,0.003546,0.034607,0.647162,0.476543,0.331894,1.878029,1.923542,0.929857,0.974178,0.306626,0.0
8790,6750720,9.748847926267281e-05,145.7,0.75,1.729976,126.32,79243,-0.006758,0.008293,2.896383,0.002313,0.017822,0.815395,0.670705,0.463999,1.926577,1.934294,0.962231,0.945441,0.339076,0.0
8800,6758400,9.725806451612903e-05,145.7,0.8,1.805604,114.32,79316,-0.007125,0.024249,2.83906,0.002369,0.021667,0.767947,0.523935,0.51256,1.887807,1.902159,0.874291,0.932018,0.314225,0.0
8810,6766080,9.702764976958524e-05,145.7,0.73,1.697062,113.73,79379,-0.007342,0.01035,2.851801,0.003164,0.03183,0.82571,0.632343,0.527248,1.829354,1.884722,0.92692,0.946368,0.238461,0.0
8820,6773760,9.679723502304146e-05,145.7,0.84,1.826942,107.7,79456,-0.00819,0.015995,2.805369,0.00377,0.040619,0.649874,0.452864,0.486271,1.634225,1.853083,0.910779,0.949368,0.300193,0.0
8830,6781440,9.656682027649768e-05,145.7,0.88,1.926625,86.94,79543,-0.008509,0.002441,2.830176,0.003922,0.046082,0.913604,0.82449,0.744011,1.805357,1.852677,0.942432,0.96916,0.214881,0.0
8840,6789120,9.63364055299539e-05,145.8,0.86,1.916496,106.11,79615,-0.006055,0.02628,2.82889,0.002241,0.014069,0.58419,0.518569,0.151469,1.867646,1.883349,0.926035,0.938694,0.210767,0.0
8850,6796800,9.610599078341011e-05,145.8,0.77,1.751667,103.96,79689,-0.007638,0.012984,2.839576,0.004499,0.051422,0.678771,0.543667,0.366223,1.865795,1.8958,0.962401,0.928567,0.308823,0.0
8860,6804480,9.587557603686636e-05,145.7,0.88,1.918556,95.07,79772,-0.007108,0.001853,2.814245,0.00388,0.033722,0.946821,0.931665,0.656601,1.807391,1.860088,0.957964,0.948614,0.189626,0.0
8870,6812160,9.564516129032258e-05,145.7,0.89,1.906848,91.65,79854,-0.006912,0.008369,2.805171,0.003605,0.030334,0.759079,0.643137,0.434901,1.803722,1.831642,0.974274,0.953719,0.228672,0.0
8880,6819840,9.54147465437788e-05,145.7,0.85,1.86264,92.89,79932,-0.00672,0.009171,2.85135,0.003627,0.033875,0.515225,0.505639,0.387147,1.929026,1.859782,1.02941,0.970835,0.09347,0.0
8890,6827520,9.518433179723502e-05,145.8,0.91,1.90336,111.94,79998,-0.008988,0.013493,2.839012,0.004722,0.052185,0.675601,0.571779,0.277681,1.97233,1.852361,1.023286,0.967758,0.108474,0.0
8900,6835200,9.495391705069123e-05,145.8,0.85,1.878925,115.2,80068,-0.008145,0.004116,2.84421,0.002853,0.021057,0.867299,0.841626,0.365239,1.791965,1.848217,0.955694,0.973765,0.300934,0.0
8910,6842880,9.472350230414745e-05,145.8,0.88,1.928756,98.29,80146,-0.00685,0.01232,2.817294,0.002572,0.020264,0.800106,0.732176,0.283179,1.865621,1.854109,1.00648,0.949928,0.266248,0.0
8920,6850560,9.449308755760367e-05,145.8,0.86,1.827524,92.23,80232,-0.007744,0.023326,2.812287,0.003306,0.033142,0.660241,0.57975,0.191603,1.856605,1.835053,1.016585,0.962178,0.144701,0.0
8930,6858240,9.426267281105992e-05,145.8,0.8,1.778631,106.81,80300,-0.006054,0.009024,2.821624,0.002281,0.018402,0.719398,0.585308,0.386262,1.875767,1.852418,0.962599,0.960684,0.192885,0.0
8940,6865920,9.403225806451612e-05,145.8,0.86,1.888787,113.0,80362,-0.00667,0.01207,2.828472,0.003829,0.042236,0.783991,0.462199,0.616171,1.907534,1.867206,0.980856,0.953833,0.120405,0.0
8950,6873600,9.380184331797234e-05,145.8,0.88,1.902378,119.5,80431,-0.006374,0.010195,2.849656,0.003582,0.039886,0.712747,0.638714,0.246575,1.859133,1.876605,0.950448,0.963911,0.245265,0.0
8960,6881280,9.357142857142857e-05,145.8,0.9,1.938947,112.84,80498,-0.007557,0.001278,2.822824,0.002991,0.028046,0.940177,0.879779,0.74713,1.866084,1.870746,0.968841,0.935253,0.257858,0.0
8970,6888960,9.334101382488479e-05,145.8,0.86,1.918258,109.53,80568,-0.006245,0.0153,2.789476,0.003278,0.041321,0.68314,0.550754,0.29481,1.883577,1.835404,0.977388,0.930807,0.171208,0.0
8980,6896640,9.311059907834099e-05,145.8,0.78,1.777088,119.97,80625,-0.006208,0.019743,2.833102,0.00348,0.032898,0.746698,0.503707,0.494009,1.944421,1.876323,0.938919,0.933221,0.199283,0.0
8990,6904320,9.288018433179721e-05,145.8,0.8,1.791313,115.17,80697,-0.006542,0.008881,2.812074,0.003721,0.043976,0.754884,0.735837,0.239806,1.836321,1.847933,0.982544,0.950086,0.38025,0.0
9000,6912000,9.264976958525346e-05,145.8,0.81,1.785344,89.32,80782,-0.006607,0.013904,2.812278,0.00342,0.028687,0.716957,0.704678,0.081515,1.872454,1.858702,1.004924,0.938702,0.342005,0.0
9010,6919680,9.241935483870968e-05,145.8,0.87,1.914158,106.9,80850,-0.007377,0.005128,2.807104,0.003751,0.037262,0.779345,0.509844,0.795446,1.895535,1.844121,1.00641,0.931774,0.344713,0.0
9020,6927360,9.21889400921659e-05,145.8,0.89,1.940765,102.06,80929,-0.007274,0.026143,2.822403,0.002991,0.026031,0.45726,0.348034,0.182228,1.651251,1.830927,0.999711,0.978245,0.425399,0.0
9030,6935040,9.195852534562211e-05,145.8,0.82,1.803353,89.67,81016,-0.007154,0.019623,2.810414,0.00286,0.025421,0.598051,0.43758,0.341213,1.810599,1.830974,1.025294,0.968075,0.429244,0.0
9040,6942720,9.172811059907833e-05,145.8,0.83,1.850923,92.8,81098,-0.007154,0.008201,2.81934,0.002476,0.019775,0.742317,0.581474,0.399917,1.713326,1.842409,0.994775,0.978603,0.544742,0.0
9050,6950400,9.149769585253455e-05,145.8,0.84,1.870937,95.32,81177,-0.007067,0.018554,2.825706,0.002523,0.018372,0.703979,0.623218,0.252329,1.823745,1.832508,0.950138,0.981981,0.328857,0.0
9060,6958080,9.126728110599076e-05,145.8,0.89,1.952373,110.14,81241,-0.007982,0.002304,2.804838,0.003722,0.035095,0.935455,0.733885,0.785703,1.829153,1.821077,0.878173,0.976628,0.284303,0.0
9070,6965760,9.103686635944698e-05,145.8,0.84,1.852178,105.06,81318,-0.007755,0.020378,2.83372,0.003257,0.033203,0.57623,0.26821,0.423176,1.860331,1.865877,0.9636,0.966657,0.452232,0.0
9080,6973440,9.080645161290323e-05,145.8,0.79,1.773981,111.74,81385,-0.006625,0.010911,2.796266,0.003317,0.034821,0.759481,0.481203,0.537262,1.838662,1.841353,0.801232,0.94291,0.362829,0.0
9090,6981120,9.057603686635945e-05,145.8,0.76,1.759693,129.03,81445,-0.006382,0.007542,2.778114,0.003441,0.034729,0.866137,0.457213,0.755007,1.866959,1.824271,0.871553,0.945958,0.316372,0.0
9100,6988800,9.034562211981567e-05,145.8,0.8,1.834851,115.77,81512,-0.006147,0.003564,2.776857,0.003081,0.027008,0.854747,0.74652,0.437637,1.797599,1.817802,0.919927,0.951728,0.239514,0.0
9110,6996480,9.011520737327188e-05,145.8,0.88,1.862705,91.79,81602,-0.006496,0.015938,2.773322,0.002837,0.021576,0.698738,0.666697,0.101842,1.854079,1.814336,0.92144,0.948689,0.18221,0.0
9120,7004160,8.98847926267281e-05,145.8,0.9,1.897421,100.41,81670,-0.004744,0.00247,2.804786,0.001772,0.011475,0.943267,0.789242,0.800437,1.932673,1.836541,0.948695,0.954291,0.176048,0.0
9130,7011840,8.965437788018432e-05,145.8,0.86,1.866934,121.76,81733,-0.007865,0.010645,2.799442,0.004479,0.054688,0.775929,0.692599,0.271257,1.895501,1.83704,0.951797,0.945178,0.193526,0.0
9140,7019520,8.942396313364054e-05,145.8,0.84,1.832475,113.63,81803,-0.007669,0.008397,2.786054,0.003535,0.037811,0.872794,0.428849,0.777996,1.818847,1.835369,0.917054,0.931386,0.300798,0.0
9150,7027200,8.919354838709678e-05,145.8,0.86,1.834482,94.98,81889,-0.007165,0.00244,2.809099,0.003433,0.027008,0.826739,0.789272,0.488481,1.826379,1.845235,0.967935,0.947503,0.27333,0.0
9160,7034880,8.896313364055299e-05,145.8,0.93,1.936762,96.44,81963,-0.005803,0.011937,2.837207,0.00302,0.027954,0.74162,0.428226,0.57067,1.797958,1.856907,1.0118,0.972118,0.280908,0.0
9170,7042560,8.873271889400921e-05,145.8,0.87,1.876105,101.33,82043,-0.007347,0.011756,2.871432,0.003193,0.025696,0.720137,0.70043,0.157539,1.812262,1.884464,0.982683,0.974053,0.33803,0.0
9180,7050240,8.850230414746543e-05,145.8,0.83,1.845932,97.25,82121,-0.005335,0.012677,2.82391,0.003185,0.02478,0.724233,0.688271,0.17139,1.809249,1.856511,1.028378,0.967076,0.141887,0.0
9190,7057920,8.827188940092165e-05,145.8,0.83,1.829949,99.88,82197,-0.007323,0.003164,2.844002,0.003398,0.03299,0.907754,0.670309,0.730462,1.813911,1.853633,1.024066,0.982025,0.245915,0.0
9200,7065600,8.804147465437786e-05,145.8,0.84,1.816306,91.32,82285,-0.006364,0.009861,2.847882,0.003398,0.031433,0.772405,0.673672,0.36047,1.805443,1.861511,1.01496,0.976439,0.259006,0.0
9210,7073280,8.781105990783408e-05,145.8,0.81,1.804478,92.58,82367,-0.006545,0.013323,2.85104,0.002466,0.022308,0.754768,0.670734,0.259652,1.898317,1.875923,1.015785,0.971216,0.272045,0.0
9220,7080960,8.758064516129033e-05,145.8,0.82,1.868545,105.57,82437,-0.007791,0.018645,2.859016,0.004961,0.057861,0.744712,0.641149,0.329611,1.749613,1.868763,1.035654,0.983957,0.173827,0.0
9230,7088640,8.735023041474655e-05,145.8,0.85,1.901422,103.97,82512,-0.008635,0.00796,2.822831,0.002711,0.019531,0.760399,0.694375,0.370081,1.766887,1.805669,1.015465,0.998197,0.396555,0.0
9240,7096320,8.711981566820276e-05,145.8,0.83,1.844095,96.57,82593,-0.006866,0.005308,2.844913,0.002673,0.019836,0.771849,0.707368,0.30296,1.703667,1.832877,1.021438,0.993883,0.24296,0.0
9250,7104000,8.688940092165898e-05,145.8,0.84,1.824461,101.8,82671,-0.006888,0.028313,2.801948,0.002929,0.024353,0.511206,0.407,0.196028,1.825829,1.837202,0.852263,0.950395,0.314891,0.0
9260,7111680,8.66589861751152e-05,145.8,0.8,1.81512,103.18,82741,-0.007012,0.002235,2.862998,0.00311,0.029968,0.904049,0.895623,0.530435,1.846789,1.87905,0.987526,0.972149,0.362099,0.0
9270,7119360,8.642857142857142e-05,145.8,0.79,1.782444,121.05,82802,-0.006056,0.013211,2.915892,0.003072,0.025879,0.801002,0.561295,0.558904,1.966092,1.927576,1.003644,0.972672,0.343885,0.0
9280,7127040,8.619815668202763e-05,145.8,0.76,1.756643,122.38,82869,-0.006462,0.004093,2.85699,0.003725,0.035248,0.820631,0.695326,0.589234,1.914965,1.911536,0.932185,0.944697,0.417465,0.0
9290,7134720,8.596774193548385e-05,145.8,0.8,1.803872,100.69,82947,-0.006569,0.033918,2.811867,0.002805,0.024811,0.47796,0.475052,0.005643,1.897831,1.850534,0.942085,0.955396,0.299642,0.0
9300,7142400,8.57373271889401e-05,145.8,0.84,1.819962,88.15,83033,-0.005906,0.016022,2.862147,0.003552,0.028046,0.615039,0.446017,0.352392,1.9582,1.875244,0.960302,0.96784,0.268625,0.0
9310,7150080,8.550691244239632e-05,145.8,0.83,1.840285,91.23,83112,-0.007344,0.013189,2.907892,0.004042,0.050476,0.699174,0.722777,-0.073666,1.890867,1.921183,0.984697,0.979768,0.179411,0.0
9320,7157760,8.527649769585254e-05,145.8,0.81,1.766505,112.53,83180,-0.007048,0.013065,2.877121,0.003108,0.028351,0.555537,0.528618,0.394811,1.940361,1.887576,1.010444,0.976309,0.108676,0.0
9330,7165440,8.504608294930874e-05,145.8,0.84,1.813906,108.76,83251,-0.006635,0.011621,2.887323,0.003426,0.029785,0.725948,0.622748,0.310221,1.918135,1.903576,0.969899,0.981282,0.246394,0.0
9340,7173120,8.481566820276496e-05,145.8,0.79,1.72789,105.67,83322,-0.006745,0.006802,2.844031,0.003483,0.036682,0.716887,0.533132,0.582125,1.895371,1.857604,0.994332,0.979144,0.333223,0.0
9350,7180800,8.458525345622118e-05,145.8,0.77,1.754887,92.64,83409,-0.005785,0.028067,2.837833,0.002989,0.02594,0.691969,0.318023,0.551037,1.92101,1.878795,0.954504,0.951898,0.321729,0.0
9360,7188480,8.435483870967739e-05,145.8,0.74,1.683382,88.24,83496,-0.006551,0.011228,2.849624,0.0034,0.030884,0.681999,0.6152,0.277843,1.837532,1.872299,0.94471,0.971585,0.319732,0.0
9370,7196160,8.412442396313365e-05,145.8,0.85,1.85404,83.42,83588,-0.006745,0.005674,2.848363,0.003385,0.035187,0.814497,0.284071,0.756978,1.785799,1.861305,0.944873,0.987289,0.28415,0.0
9380,7203840,8.389400921658986e-05,145.8,0.8,1.808833,106.17,83658,-0.005976,0.008127,2.865114,0.002976,0.025696,0.803821,0.556648,0.6208,1.74674,1.865952,0.981796,0.989237,0.205777,0.0
9390,7211520,8.366359447004608e-05,145.8,0.78,1.769283,109.9,83728,-0.007505,0.008154,2.875899,0.003167,0.028442,0.773405,0.589773,0.534736,1.791337,1.878727,0.911502,0.988891,0.193001,0.0
9400,7219200,8.34331797235023e-05,145.8,0.84,1.845553,98.13,83806,-0.006207,0.021423,2.808485,0.003177,0.031281,0.49043,0.584192,-0.095459,1.821698,1.84584,0.855917,0.957004,0.191398,0.0
9410,7226880,8.320276497695851e-05,145.8,0.84,1.84507,96.97,83882,-0.006249,0.00749,2.861093,0.002049,0.010773,0.834944,0.696238,0.456628,1.795482,1.87104,0.962376,0.985625,0.21833,0.0
9420,7234560,8.297235023041473e-05,145.8,0.79,1.773828,97.21,83964,-0.006193,0.024907,2.834195,0.003039,0.031921,0.697088,0.64576,0.145126,1.856309,1.857337,0.995963,0.973931,0.177064,0.0
9430,7242240,8.274193548387095e-05,145.9,0.77,1.706927,100.39,84037,-0.005748,0.019122,2.815984,0.003101,0.029724,0.625933,0.215969,0.619415,1.774885,1.852074,1.007655,0.969622,0.183578,0.0
9440,7249920,8.25115207373272e-05,145.8,0.84,1.829457,94.82,84118,-0.006413,0.015165,2.882537,0.004238,0.041992,0.64502,0.686006,-0.052395,1.835677,1.892515,0.971989,0.981081,0.188662,0.0
9450,7257600,8.228110599078342e-05,145.9,0.77,1.734707,104.61,84189,-0.006791,0.008359,2.834779,0.00395,0.041321,0.721366,0.516769,0.541193,1.821026,1.862384,0.968969,0.976203,0.188,0.0
9460,7265280,8.205069124423963e-05,145.9,0.81,1.785512,105.27,84262,-0.007003,0.003904,2.909078,0.002743,0.019562,0.828591,0.737074,0.591839,1.884358,1.914272,0.949415,0.988834,0.257388,0.0
9470,7272960,8.182027649769585e-05,145.9,0.8,1.772705,103.71,84335,-0.007458,0.009133,2.876825,0.002542,0.019928,0.774398,0.644142,0.425676,1.884047,1.89392,0.949925,0.969812,0.438796,0.0
9480,7280640,8.158986175115207e-05,145.9,0.86,1.878715,91.75,84417,-0.006233,0.008519,2.850184,0.002901,0.02356,0.842557,0.240053,0.820007,1.876342,1.862036,0.919533,0.980049,0.370395,0.0
9490,7288320,8.135944700460827e-05,145.9,0.71,1.676429,76.55,84515,-0.005625,0.017385,2.896698,0.003141,0.031067,0.791973,0.599697,0.48046,1.903396,1.903872,0.938365,0.986614,0.411886,0.0
9500,7296000,8.11290322580645e-05,145.9,0.75,1.786463,80.26,84612,-0.007116,0.012222,2.890154,0.002711,0.025726,0.665145,0.439163,0.487521,1.899513,1.911408,0.865248,0.963744,0.49688,0.0
9510,7303680,8.089861751152074e-05,145.9,0.79,1.823007,79.89,84706,-0.007435,0.014169,2.822461,0.004205,0.053558,0.652577,0.656578,0.101897,1.888566,1.911092,0.833227,0.911666,0.604887,0.0
9520,7311360,8.066820276497696e-05,145.9,0.76,1.752597,83.63,84799,-0.006423,0.008478,2.86602,0.003024,0.025635,0.776809,0.379546,0.744801,1.913538,1.933311,0.866041,0.924746,0.423098,0.0
9530,7319040,8.043778801843318e-05,145.9,0.8,1.792432,87.27,84889,-0.006906,0.015381,2.852856,0.004438,0.047546,0.796504,0.377031,0.676132,1.982506,1.907673,0.863382,0.937245,0.37972,0.0
9540,7326720,8.020737327188939e-05,145.9,0.7,1.695086,87.03,84977,-0.006509,0.01782,2.858285,0.003794,0.042694,0.411913,0.268456,0.345524,1.958259,1.905366,0.869276,0.946956,0.632169,0.0
9550,7334400,7.997695852534561e-05,145.9,0.74,1.688736,76.38,85076,-0.006265,0.023631,2.894379,0.002854,0.026154,0.638379,0.10335,0.669679,1.979892,1.940813,0.853803,0.939449,0.489731,0.0
9560,7342080,7.974654377880183e-05,145.9,0.74,1.717737,79.99,85171,-0.005934,0.015967,2.851495,0.002697,0.026367,0.659008,0.621457,0.265391,1.92872,1.894017,0.898985,0.955779,0.62252,0.0
9570,7349760,7.951612903225805e-05,145.9,0.75,1.719034,70.95,85281,-0.00545,0.012155,2.890217,0.002932,0.024292,0.649899,0.597623,0.242246,1.956982,1.933141,0.883335,0.960471,0.350029,0.0
9580,7357440,7.928571428571426e-05,145.9,0.78,1.755633,74.11,85387,-0.007437,0.009276,2.875562,0.003293,0.029358,0.78082,0.668918,0.42449,1.905631,1.902247,0.854154,0.964268,0.602092,0.0
9590,7365120,7.905529953917051e-05,145.9,0.79,1.782247,72.75,85493,-0.005482,0.009839,2.851354,0.003157,0.028168,0.747749,0.709684,0.17813,1.841393,1.864692,0.967171,0.973483,0.530494,0.0
9600,7372800,7.882488479262673e-05,145.9,0.71,1.679611,73.07,85595,-0.006487,0.01552,2.837467,0.003346,0.03302,0.570481,0.430713,0.392946,1.841999,1.869021,0.953324,0.963849,0.545486,0.0
9610,7380480,7.859447004608295e-05,145.9,0.73,1.675013,88.85,85679,-0.00605,0.01634,2.845743,0.002887,0.02829,0.870477,0.357757,0.799993,1.910478,1.885343,0.948734,0.954698,0.528818,0.0
9620,7388160,7.836405529953917e-05,145.9,0.66,1.578278,98.48,85756,-0.006402,0.010355,2.814523,0.003802,0.039703,0.456953,0.340711,0.429707,1.883945,1.860526,0.95516,0.945486,0.487575,0.0
9630,7395840,7.813364055299538e-05,145.9,0.84,1.809043,74.46,85859,-0.005926,0.013173,2.836324,0.001708,0.008179,0.476932,0.544243,0.097962,1.826736,1.859187,0.989366,0.965938,0.694858,0.0
9640,7403520,7.79032258064516e-05,145.9,0.84,1.82917,77.42,85956,-0.005497,0.001478,2.859678,0.001874,0.012878,0.92398,0.878982,0.708961,1.885513,1.909545,0.971989,0.948816,0.574722,0.0
9650,7411200,7.767281105990782e-05,145.9,0.83,1.839216,93.77,86039,-0.006123,0.00192,2.89864,0.002716,0.020325,0.907523,0.794863,0.659421,1.900767,1.897609,0.990247,0.987854,0.422283,0.0
9660,7418880,7.744239631336407e-05,145.9,0.86,1.816286,88.23,86125,-0.006031,0.00146,2.871877,0.002398,0.01474,0.896776,0.86325,0.498658,1.900236,1.913274,0.975195,0.952509,0.415179,0.0
9670,7426560,7.721198156682029e-05,145.9,0.8,1.790722,83.44,86217,-0.00698,0.007047,2.880952,0.003102,0.027344,0.712098,0.540974,0.599397,1.984781,1.921443,0.988323,0.944794,0.478912,0.0
9680,7434240,7.698156682027649e-05,145.9,0.71,1.670645,93.43,86298,-0.006309,0.007018,2.884545,0.002736,0.026245,0.534513,0.232686,0.771568,1.968652,1.917307,0.95477,0.953727,0.423369,0.0
9690,7441920,7.675115207373271e-05,145.9,0.77,1.776981,96.67,86381,-0.006675,0.005555,2.84126,0.004026,0.041382,0.821929,0.687437,0.590612,1.917745,1.874858,0.97891,0.959601,0.354585,0.0
9700,7449600,7.652073732718893e-05,145.9,0.79,1.764668,86.12,86472,-0.007401,0.012098,2.861322,0.003477,0.03479,0.56187,0.495136,0.327489,1.883728,1.888808,1.024146,0.965419,0.341878,0.0
9710,7457280,7.629032258064514e-05,145.9,0.85,1.812832,78.2,86570,-0.004831,0.0125,2.903338,0.002537,0.019501,0.577689,0.524052,0.158282,1.879617,1.920432,0.993452,0.97974,0.51108,0.0
9720,7464960,7.605990783410136e-05,145.9,0.78,1.803587,85.98,86658,-0.004479,0.011802,2.852202,0.002346,0.014832,0.66371,0.658021,0.109311,1.819882,1.849402,0.967343,0.987269,0.580628,0.0
9730,7472640,7.582949308755761e-05,145.9,0.82,1.843553,82.91,86753,-0.006528,0.003096,2.857092,0.002368,0.017914,0.879333,0.823177,0.413687,1.865253,1.883972,0.975516,0.961093,0.402684,0.0
9740,7480320,7.559907834101383e-05,145.9,0.81,1.810318,96.4,86831,-0.00599,0.00836,2.855466,0.002708,0.022736,0.646082,0.438409,0.39788,1.884322,1.884057,0.968375,0.958617,0.462106,0.0
9750,7488000,7.536866359447005e-05,145.9,0.72,1.634159,93.91,86914,-0.005686,0.005016,2.904385,0.003291,0.026764,0.744429,0.728924,0.465757,1.84363,1.925306,0.935377,0.966484,0.57299,0.0
9760,7495680,7.513824884792626e-05,145.9,0.69,1.622685,103.94,86986,-0.005188,0.018008,2.865123,0.002078,0.013153,0.605174,0.45119,0.333671,1.874979,1.878448,0.998756,0.968845,0.607691,0.0
9770,7503360,7.490783410138248e-05,145.9,0.79,1.803345,93.36,87073,-0.005534,0.016815,2.857118,0.001721,0.008179,0.674782,0.631477,0.184209,1.866228,1.910526,0.902773,0.934211,0.52849,0.0
9780,7511040,7.46774193548387e-05,145.9,0.83,1.782568,75.91,87171,-0.004575,0.008219,2.852903,0.001825,0.010376,0.823128,0.627904,0.594031,1.850149,1.906347,0.94354,0.943856,0.748157,0.0
9790,7518720,7.44470046082949e-05,145.9,0.77,1.783251,82.87,87264,-0.006122,0.007937,2.860644,0.002298,0.017456,0.566432,0.257318,0.561223,1.882176,1.904485,0.999204,0.948491,0.526495,0.0
9800,7526400,7.421658986175113e-05,145.9,0.8,1.760553,87.02,87355,-0.00574,0.00746,2.837798,0.001609,0.007477,0.746631,0.560858,0.650903,1.842654,1.892488,0.961441,0.929864,0.689066,0.0
9810,7534080,7.398617511520738e-05,145.9,0.78,1.772828,90.62,87438,-0.007012,0.010119,2.830017,0.003098,0.030548,0.669563,0.613442,0.293864,1.866657,1.896083,0.941066,0.930861,0.596814,0.0
9820,7541760,7.37557603686636e-05,145.9,0.78,1.801748,72.68,87546,-0.006514,0.014011,2.865705,0.002615,0.019379,0.684663,0.450377,0.454335,1.890664,1.892398,0.94924,0.96687,0.628671,0.0
9830,7549440,7.352534562211982e-05,145.9,0.78,1.765294,72.34,87655,-0.006001,0.012814,2.869987,0.003782,0.038635,0.571444,0.417628,0.345108,1.822265,1.896487,0.979058,0.963756,0.594439,0.0
9840,7557120,7.329493087557602e-05,145.9,0.73,1.688004,84.96,87740,-0.005959,0.014199,2.853403,0.002484,0.01889,0.632783,0.438838,0.451354,1.856497,1.876314,0.969169,0.971953,0.563552,0.0
9850,7564800,7.306451612903224e-05,145.9,0.73,1.666283,92.09,87826,-0.006489,0.020015,2.810528,0.003118,0.031342,0.696429,0.275681,0.627757,1.908156,1.884609,0.981979,0.921955,0.656143,0.0
9860,7572480,7.283410138248846e-05,145.9,0.8,1.803694,88.46,87908,-0.006252,0.019049,2.829182,0.002816,0.024139,0.595571,0.482478,0.288212,1.850685,1.831106,1.022214,0.987587,0.598883,0.0
9870,7580160,7.260368663594469e-05,145.9,0.78,1.794759,79.17,88004,-0.005424,0.004136,2.836297,0.002211,0.014618,0.823654,0.870117,0.242407,1.85466,1.831719,0.97589,0.991984,0.660132,0.0
9880,7587840,7.237327188940093e-05,145.9,0.71,1.684367,82.83,88097,-0.006527,0.010874,2.862438,0.002065,0.014679,0.640807,0.347467,0.526749,1.890571,1.867693,0.982184,0.984513,0.578068,0.0
9890,7595520,7.214285714285714e-05,145.9,0.75,1.746725,90.25,88180,-0.007522,0.00605,2.873039,0.003318,0.027008,0.846357,0.59947,0.68382,1.819057,1.874313,0.994194,0.992178,0.651589,0.0
9900,7603200,7.191244239631336e-05,145.9,0.79,1.790226,87.97,88265,-0.005536,0.012414,2.892943,0.001718,0.008911,0.721322,0.306223,0.612825,1.832737,1.893452,1.008542,0.990089,0.61986,0.0
9910,7610880,7.168202764976958e-05,145.9,0.84,1.796529,76.01,88367,-0.006047,0.002351,2.870259,0.001953,0.01178,0.915582,0.824956,0.64924,1.815166,1.858375,1.032667,1.006169,0.623094,0.0
9920,7618560,7.14516129032258e-05,145.9,0.86,1.901196,90.8,88449,-0.006069,0.011555,2.912818,0.003474,0.037354,0.579423,0.580641,0.017347,1.902703,1.905155,1.018148,0.997321,0.659402,0.0
9930,7626240,7.122119815668201e-05,145.9,0.84,1.848641,89.99,88538,-0.005893,0.023713,2.898468,0.002584,0.021118,0.407095,0.367274,0.119702,1.879066,1.900169,0.983969,0.98833,0.67095,0.0
9940,7633920,7.099078341013823e-05,145.9,0.77,1.763596,76.47,88638,-0.00611,0.021137,2.87028,0.003026,0.030914,0.576757,0.457754,0.30187,1.812729,1.876227,0.979422,0.995443,0.584508,0.0
9950,7641600,7.076036866359448e-05,145.9,0.79,1.774507,82.18,88731,-0.006081,0.002535,2.890857,0.003322,0.031586,0.87287,0.854758,0.555363,1.826277,1.893129,1.008938,0.994799,0.543429,0.0
9960,7649280,7.05299539170507e-05,145.9,0.85,1.891583,82.12,88826,-0.004278,0.020846,2.902133,0.002058,0.011719,0.614716,0.451225,0.300141,1.86007,1.924127,0.940689,0.97633,0.765032,0.0
9970,7656960,7.029953917050692e-05,145.9,0.68,1.632115,70.38,88933,-0.005223,0.024348,2.894668,0.001961,0.010925,0.619033,0.520222,0.215243,1.868041,1.889522,0.974565,0.997649,0.706032,0.0
9980,7664640,7.006912442396313e-05,145.9,0.8,1.809864,85.98,89022,-0.007282,0.0063,2.865626,0.003329,0.033264,0.840651,0.624993,0.597886,1.859163,1.873385,0.950701,0.990874,0.686714,0.0
9990,7672320,6.983870967741935e-05,146.0,0.88,1.937787,93.38,89100,-0.005071,0.015445,2.912256,0.00235,0.015503,0.661251,0.538878,0.270706,1.873775,1.898937,0.991742,1.001114,0.806914,0.0
10000,7680000,6.960829493087557e-05,146.0,0.75,1.744706,85.14,89192,-0.006119,0.029142,2.925566,0.003359,0.031799,0.63321,0.596547,0.109301,1.870141,1.924152,1.01937,0.99709,0.671832,0.0
10010,7687680,6.937788018433177e-05,146.0,0.81,1.786526,87.82,89276,-0.004585,0.010105,2.916869,0.002932,0.026703,0.757555,0.650376,0.30847,1.911819,1.904053,1.019744,1.007962,0.640406,0.0
10020,7695360,6.9147465437788e-05,146.0,0.87,1.872433,88.69,89360,-0.005332,0.00124,2.92686,0.001778,0.008911,0.916643,0.7815,0.672116,1.945052,1.919202,1.010063,0.990398,0.597836,0.0
10030,7703040,6.891705069124424e-05,146.0,0.8,1.777706,99.22,89440,-0.005164,0.007018,2.816377,0.002441,0.012726,0.793462,0.247731,0.765978,1.858919,1.844975,1.003056,0.954025,0.740573,0.0
10040,7710720,6.868663594470046e-05,146.0,0.76,1.730427,102.6,89514,-0.005478,0.007386,2.861116,0.002596,0.020294,0.810568,0.726827,0.312466,1.906221,1.895231,0.979519,0.958573,0.636627,0.0
10050,7718400,6.845622119815668e-05,146.0,0.75,1.70704,107.02,89593,-0.005631,0.024829,2.84164,0.002094,0.015686,0.660942,0.33221,0.495342,1.94513,1.929466,0.963843,0.903336,0.744825,0.0
10060,7726080,6.822580645161289e-05,146.0,0.7,1.646249,87.64,89684,-0.006605,0.021978,2.860678,0.002464,0.016571,0.765954,0.393499,0.621714,1.958809,1.916501,0.986009,0.935933,0.53436,0.0
10070,7733760,6.799539170506911e-05,146.0,0.76,1.726405,84.91,89774,-0.005338,0.032127,2.924007,0.002469,0.013458,0.464559,0.425227,0.092759,1.95748,1.94252,0.972005,0.956218,0.547649,0.0
10080,7741440,6.776497695852533e-05,146.0,0.67,1.616934,71.92,89881,-0.006552,0.020259,2.898344,0.002966,0.023315,0.545464,0.423414,0.263592,1.973727,1.936833,0.946056,0.951338,0.501565,0.0
10090,7749120,6.753456221198154e-05,146.0,0.71,1.654617,68.67,89989,-0.005748,0.021593,2.917679,0.001874,0.010986,0.621007,0.539575,0.183596,1.961999,1.937448,0.993734,0.971824,0.616163,0.0
10100,7756800,6.73041474654378e-05,146.0,0.75,1.660502,68.13,90102,-0.006719,0.021962,2.884389,0.002628,0.020203,0.642468,0.333866,0.500988,1.863526,1.895753,0.989313,0.980347,0.581652,0.0
10110,7764480,6.707373271889401e-05,146.0,0.8,1.789173,72.64,90207,-0.005256,0.010453,2.884501,0.001806,0.011322,0.659525,0.644262,0.391167,1.812133,1.90638,1.001301,0.970585,0.665324,0.0
10120,7772160,6.684331797235023e-05,146.0,0.82,1.796988,67.11,90322,-0.005156,0.021719,2.872207,0.002274,0.017578,0.584613,0.409814,0.373817,1.857028,1.911682,0.951292,0.955795,0.571402,0.0
10130,7779840,6.661290322580645e-05,146.0,0.82,1.804574,76.31,90420,-0.007802,0.010224,2.861059,0.003494,0.03595,0.760798,0.686064,0.300798,1.822174,1.897523,0.965468,0.958215,0.510988,0.0
10140,7787520,6.638248847926266e-05,146.0,0.82,1.808558,75.36,90523,-0.00581,0.014743,2.873731,0.003504,0.034332,0.745754,0.536407,0.479481,1.815375,1.897943,1.012939,0.95752,0.407168,0.0
10150,7795200,6.615207373271888e-05,146.0,0.75,1.778587,76.5,90624,-0.005334,0.015636,2.844459,0.001712,0.00946,0.70266,0.52639,0.408313,1.790764,1.851039,1.035648,0.970186,0.405328,0.0
10160,7802880,6.59216589861751e-05,146.0,0.84,1.819983,70.62,90734,-0.006756,0.007739,2.852154,0.001892,0.0112,0.839108,0.662038,0.529797,1.864585,1.890526,1.020897,0.949697,0.450245,0.0
10170,7810560,6.569124423963135e-05,146.0,0.84,1.885177,84.57,90822,-0.005928,0.011909,2.853744,0.002986,0.029449,0.73392,0.65939,0.219348,1.85173,1.885963,1.028369,0.941347,0.598125,0.0
10180,7818240,6.546082949308757e-05,146.0,0.83,1.852044,82.77,90914,-0.005136,0.00171,2.833593,0.002075,0.011902,0.936255,0.924351,0.634623,1.846468,1.860571,1.012398,0.945074,0.66147,0.0
10190,7825920,6.523041474654377e-05,146.0,0.95,2.01307,87.66,91004,-0.004666,0.012479,2.851788,0.001804,0.009186,0.708444,0.664344,0.175656,1.787676,1.863751,1.01584,0.969638,0.578853,0.0
10200,7833600,6.5e-05,146.0,0.84,1.882365,90.31,91088,-0.005612,0.01027,2.806044,0.002187,0.01535,0.763215,0.690222,0.2738,1.875749,1.862407,0.983371,0.926058,0.580022,0.0
10210,7841280,6.476958525345621e-05,146.0,0.83,1.830367,81.62,91183,-0.004511,0.00885,2.838713,0.000986,0.002533,0.675583,0.646935,0.243681,1.840892,1.88253,0.958088,0.931998,0.274664,0.0
10220,7848960,6.453917050691244e-05,146.0,0.88,1.91502,82.88,91276,-0.005031,0.012443,2.832431,0.001105,0.003265,0.730088,0.748206,-0.047231,1.83931,1.86216,0.969541,0.957677,0.327024,0.0
10230,7856640,6.430875576036864e-05,146.0,0.82,1.841112,79.46,91375,-0.005116,0.01225,2.828982,0.002108,0.016663,0.568373,0.628697,-0.011948,1.813596,1.862381,0.909511,0.95135,0.328274,0.0
10240,7864320,6.407834101382486e-05,146.0,0.82,1.813426,81.64,91468,-0.005811,0.008399,2.851366,0.001626,0.011414,0.77068,0.687281,0.432076,1.763585,1.870222,0.92117,0.978558,0.475656,0.0
10250,7872000,6.384792626728111e-05,146.0,0.84,1.871524,79.94,91566,-0.006151,0.029915,2.855493,0.002482,0.01944,0.593687,0.571923,0.06571,1.870825,1.873854,0.903968,0.971864,0.416288,0.0
10260,7879680,6.361751152073733e-05,146.0,0.69,1.636834,82.48,91653,-0.005184,0.003165,2.895682,0.002846,0.024811,0.905439,0.742413,0.720393,1.778298,1.883963,0.913545,1.001458,0.457535,0.0
10270,7887360,6.338709677419355e-05,146.0,0.82,1.853736,93.35,91739,-0.00474,0.018155,2.883415,0.001776,0.011017,0.609261,0.54561,0.301552,1.745952,1.859012,0.998359,1.001742,0.483532,0.0
10280,7895040,6.315668202764976e-05,146.0,0.84,1.853872,73.26,91846,-0.006539,0.007735,2.817369,0.002356,0.014069,0.81479,0.680759,0.477846,1.704313,1.819407,0.977255,0.97858,0.526758,0.0
10290,7902720,6.292626728110598e-05,146.0,0.9,1.883756,65.37,91961,-0.005764,0.023479,2.82595,0.0018,0.009705,0.60509,0.516799,0.19226,1.78365,1.845087,0.968548,0.983837,0.507881,0.0
10300,7910400,6.26958525345622e-05,146.0,0.81,1.798885,67.61,92074,-0.004516,0.026068,2.861802,0.00152,0.007324,0.479514,0.364363,0.220705,1.808051,1.877581,0.957742,0.986513,0.58184,0.0
10310,7918080,6.246543778801841e-05,146.0,0.86,1.848818,79.02,92170,-0.004783,0.019153,2.883368,0.002085,0.011536,0.602597,0.558353,0.100543,1.874972,1.891221,0.989492,0.991271,0.514978,0.0
10320,7925760,6.223502304147467e-05,146.0,0.83,1.834555,87.32,92259,-0.006082,0.012032,2.841891,0.002057,0.01474,0.777015,0.633256,0.431619,1.887336,1.858158,0.994165,0.971768,0.613397,0.0
10330,7933440,6.200460829493088e-05,146.0,0.77,1.786564,93.63,92339,-0.004867,0.039006,2.861611,0.001705,0.009369,0.461126,0.296132,0.24184,1.906288,1.905661,0.929773,0.946505,0.527126,0.0
10340,7941120,6.17741935483871e-05,146.0,0.74,1.735149,107.68,92410,-0.004275,0.005082,2.850643,0.001142,0.004089,0.706657,0.791714,0.078,1.878175,1.884531,0.891292,0.957994,0.487912,0.0
10350,7948800,6.154377880184332e-05,146.0,0.81,1.782203,103.08,92490,-0.005334,0.002032,2.811266,0.002427,0.019897,0.863517,0.666314,0.668236,1.877025,1.884701,0.851055,0.924858,0.728301,0.0
10360,7956480,6.131336405529952e-05,146.0,0.93,1.957373,82.02,92586,-0.006211,0.007535,2.742698,0.00297,0.023682,0.795439,0.885793,-0.584475,1.702601,1.786213,0.798283,0.937283,0.523493,0.0
10370,7964160,6.108294930875575e-05,146.0,0.93,1.948402,71.49,92692,-0.005175,0.001758,2.786865,0.002171,0.012115,0.94546,0.949474,0.444916,1.787082,1.815993,0.835059,0.951294,0.662503,0.0
10380,7971840,6.0852534562211966e-05,145.9,0.88,1.907198,75.82,92793,-0.006015,0.006116,2.760591,0.002366,0.02066,0.844531,0.712472,0.493055,1.718814,1.79503,0.835015,0.959802,0.734517,0.0
10390,7979520,6.0622119815668214e-05,145.9,0.87,1.862901,85.79,92879,-0.006158,0.008127,2.793305,0.001931,0.009918,0.740923,0.660185,0.391611,1.806891,1.83333,0.925939,0.947727,0.82969,0.0
10400,7987200,6.039170506912443e-05,145.9,0.87,1.901591,88.2,92968,-0.004712,0.001472,2.762631,0.001671,0.007812,0.945422,0.934161,0.561206,1.797766,1.823996,0.880286,0.926336,0.759446,0.0
10410,7994880,6.016129032258065e-05,145.9,0.89,1.901434,95.79,93046,-0.004852,0.025912,2.796679,0.001335,0.003967,0.513782,0.496412,0.116547,1.889981,1.857645,0.864534,0.932844,0.781254,0.0
10420,8002560,5.993087557603686e-05,145.9,0.88,1.893937,99.81,93124,-0.00496,0.017192,2.806423,0.001524,0.0065,0.545127,0.427865,0.298642,1.853011,1.887676,0.75247,0.89652,0.702026,0.0
10430,8010240,5.970046082949308e-05,145.9,0.87,1.858032,90.26,93208,-0.005111,0.001258,2.809515,0.002236,0.014069,0.937395,0.913494,0.525845,1.846506,1.880406,0.920717,0.933958,0.697124,0.0
10440,8017920,5.94700460829493e-05,145.9,0.91,1.850373,89.69,93292,-0.004266,0.009274,2.850408,0.001036,0.001343,0.764262,0.673235,0.296787,1.89018,1.895656,0.832062,0.941118,0.876994,0.0
10450,8025600,5.923963133640551e-05,145.8,0.86,1.855883,94.77,93372,-0.005261,0.007421,2.840223,0.003126,0.026855,0.728211,0.59024,0.468943,1.912344,1.885229,0.961653,0.945387,0.785026,0.0
10460,8033280,5.900921658986173e-05,145.8,0.89,1.939111,106.05,93438,-0.005742,0.016709,2.865758,0.002231,0.018646,0.704004,0.567923,0.320984,1.914686,1.88667,0.965741,0.973766,0.878979,0.0
10470,8040960,5.877880184331798e-05,145.8,0.89,1.917778,95.32,93521,-0.006501,0.017277,2.835839,0.003216,0.032593,0.381392,0.387577,0.065338,1.879211,1.906746,1.009027,0.929902,0.766614,0.0
10480,8048640,5.854838709677419e-05,145.8,0.86,1.848752,93.2,93598,-0.004513,0.013547,2.875856,0.001223,0.003876,0.578143,0.597821,0.207005,1.834935,1.882601,0.979837,0.982389,0.811158,0.0
10490,8056320,5.8317972350230414e-05,145.8,0.92,1.980898,110.25,93663,-0.005006,0.010354,2.874637,0.002291,0.016632,0.735396,0.684753,0.172851,1.907785,1.925954,0.937323,0.950817,0.772004,0.0
10500,8064000,5.808755760368663e-05,145.8,0.89,1.939824,128.05,93718,-0.00598,0.007714,2.88283,0.00318,0.034027,0.771368,0.573751,0.519132,1.868877,1.915461,0.95694,0.963043,0.824234,0.0
10510,8071680,5.785714285714285e-05,145.8,0.77,1.744674,114.57,93789,-0.004706,0.018651,2.89987,0.001976,0.013458,0.560026,0.432324,0.230311,1.904811,1.91884,1.001814,0.977107,0.715506,0.0
10520,8079360,5.762672811059906e-05,145.8,0.82,1.812764,108.42,93857,-0.004905,0.002473,2.878447,0.001713,0.01059,0.940303,0.82065,0.671123,1.902689,1.928289,0.92446,0.953964,0.649411,0.0
10530,8087040,5.739631336405528e-05,145.8,0.84,1.869738,123.87,93915,-0.006142,0.008028,2.855878,0.001529,0.008301,0.811906,0.642497,0.492334,1.876868,1.901984,0.952744,0.945377,0.677742,0.0
10540,8094720,5.716589861751153e-05,145.8,0.84,1.865966,123.1,93983,-0.004008,0.017678,2.802539,0.001113,0.005402,0.576491,0.505901,0.216302,1.80164,1.863334,0.852406,0.92478,0.693377,0.0
10550,8102400,5.6935483870967744e-05,145.8,0.78,1.785271,105.79,94056,-0.006002,0.012261,2.861092,0.002549,0.021973,0.61674,0.523192,0.282983,1.911084,1.9273,0.887564,0.933218,0.541351,0.0
10560,8110080,5.6705069124423965e-05,145.8,0.78,1.738298,104.99,94123,-0.004331,0.014192,2.945432,0.002025,0.012878,0.797212,0.451408,0.656258,1.974577,1.979394,0.941127,0.965294,0.665613,0.0
10570,8117760,5.647465437788018e-05,145.8,0.74,1.684432,124.96,94185,-0.005093,0.002339,2.912185,0.002194,0.015167,0.866812,0.776935,0.669086,1.838495,1.902179,0.974466,0.990736,0.415712,0.0
10580,8125440,5.62442396313364e-05,145.8,0.85,1.840845,116.51,94253,-0.003543,0.001588,2.899938,0.001187,0.003265,0.890678,0.550922,0.813154,1.822979,1.889779,1.033307,1.005385,0.509211,0.0
10590,8133120,5.6013824884792613e-05,145.8,0.85,1.868131,106.89,94326,-0.005321,0.008305,2.858111,0.002621,0.019897,0.811716,0.431222,0.693822,1.864025,1.866178,0.990431,0.976389,0.716785,0.0
10600,8140800,5.578341013824883e-05,145.8,0.84,1.862553,103.28,94404,-0.006072,0.001743,2.808887,0.002707,0.020294,0.930126,0.924957,0.416668,1.768184,1.841188,0.934557,0.950423,0.58712,0.0
10610,8148480,5.555299539170508e-05,145.8,0.87,1.896535,89.33,94491,-0.004693,0.001318,2.840475,0.001815,0.007385,0.949492,0.915831,0.632196,1.868611,1.881948,0.950972,0.951896,0.701058,0.0
10620,8156160,5.5322580645161296e-05,145.8,0.83,1.847887,99.04,94565,-0.00493,0.002943,2.912844,0.001707,0.006714,0.868118,0.610115,0.713611,1.922641,1.932522,0.986361,0.978403,0.646105,0.0
10630,8163840,5.509216589861751e-05,145.8,0.82,1.809154,109.19,94634,-0.004005,0.016269,2.880383,0.001463,0.009094,0.605214,0.452777,0.312047,1.888216,1.920408,0.921575,0.95563,0.746779,0.0
10640,8171520,5.486175115207373e-05,145.8,0.83,1.827932,100.01,94707,-0.00361,0.006737,2.933278,0.001018,0.001801,0.721755,0.774999,-0.060598,1.901604,1.934469,0.985054,0.986634,0.751444,0.0
10650,8179200,5.4631336405529944e-05,145.8,0.82,1.792251,107.4,94780,-0.005416,0.019592,2.852857,0.00258,0.023163,0.731748,0.650667,0.233144,1.879152,1.873302,1.028405,0.974433,0.697141,0.0
10660,8186880,5.4400921658986165e-05,145.8,0.83,1.800956,107.53,94844,-0.004029,0.002769,2.87196,0.001204,0.005127,0.917344,0.421027,0.873193,1.863794,1.874769,0.998199,0.991642,0.6537,0.0
10670,8194560,5.417050691244238e-05,145.8,0.8,1.776343,120.82,94910,-0.004489,0.016357,2.838209,0.000687,0.000671,0.547897,0.504557,0.17862,1.816224,1.854122,0.980307,0.969305,0.756054,0.0
10680,8202240,5.39400921658986e-05,145.8,0.84,1.827669,99.48,94988,-0.004772,0.001314,2.899715,0.001964,0.008881,0.931981,0.852228,0.720758,1.863329,1.877459,1.019544,1.014559,0.621203,0.0
10690,8209920,5.370967741935485e-05,145.8,0.87,1.862164,104.13,95063,-0.004858,0.008777,2.931917,0.00284,0.021759,0.574095,0.478339,0.214871,1.9304,1.929602,0.965691,0.99234,0.719418,0.0
10700,8217600,5.347926267281106e-05,145.8,0.79,1.787224,109.79,95133,-0.004646,0.022686,2.895527,0.001137,0.002136,0.607646,0.399374,0.373131,1.929688,1.892146,0.966947,0.987212,0.56282,0.0
10710,8225280,5.324884792626728e-05,145.8,0.79,1.78404,100.16,95210,-0.004775,0.016517,2.856463,0.001391,0.005676,0.66199,0.481932,0.355428,1.894794,1.862461,0.962226,0.975672,0.687141,0.0
10720,8232960,5.3018433179723496e-05,145.8,0.88,1.896926,89.58,95290,-0.005534,0.00281,2.835645,0.002724,0.0224,0.893362,0.834866,0.585421,1.861409,1.835806,1.000078,0.993062,0.742501,0.0
10730,8240640,5.2788018433179716e-05,145.8,0.81,1.842807,107.95,95359,-0.005274,0.00253,2.844095,0.002769,0.021942,0.932344,0.881626,0.606348,1.934631,1.873087,0.911293,0.960501,0.644132,0.0
10740,8248320,5.255760368663593e-05,145.8,0.9,1.916825,112.43,95432,-0.004714,0.001812,2.81046,0.001478,0.004669,0.940322,0.924717,0.370698,1.783881,1.843716,0.973621,0.949091,0.481284,0.0
10750,8256000,5.2327188940092144e-05,145.8,0.9,1.902965,82.18,95525,-0.004537,0.003059,2.763696,0.001367,0.005951,0.882486,0.815203,0.574604,1.821137,1.823408,0.911881,0.931906,0.480981,0.0
10760,8263680,5.20967741935484e-05,145.8,0.93,1.983359,82.06,95617,-0.005601,0.001899,2.793543,0.002398,0.013611,0.94214,0.944595,0.153329,1.824927,1.814499,0.950224,0.971053,0.332165,0.0
10770,8271360,5.186635944700461e-05,145.8,0.86,1.858931,97.45,95689,-0.004405,0.015367,2.814754,0.001558,0.006744,0.543452,0.36078,0.357306,1.861166,1.806325,1.013,0.983221,0.413762,0.0
10780,8279040,5.1635944700460826e-05,145.8,0.83,1.867795,115.53,95759,-0.0051,0.003458,2.795502,0.002258,0.013916,0.952584,0.260026,0.936528,1.741447,1.81203,1.011164,0.975476,0.506438,0.0
10790,8286720,5.140552995391705e-05,145.8,0.83,1.875761,102.46,95836,-0.003641,0.032938,2.779397,0.00128,0.002991,0.592892,0.50901,0.188423,1.742454,1.797163,0.986846,0.96974,0.470805,0.0
10800,8294400,5.117511520737326e-05,145.8,0.89,1.914778,85.27,95926,-0.005197,0.001221,2.817669,0.001932,0.012421,0.961321,0.949864,0.541423,1.792582,1.853933,0.947737,0.949368,0.485461,0.0
10810,8302080,5.094470046082948e-05,145.8,0.87,1.896774,91.59,96013,-0.005708,0.009725,2.770931,0.002,0.015442,0.744778,0.702564,0.202039,1.728559,1.822226,0.951342,0.946542,0.381401,0.0
10820,8309760,5.0714285714285695e-05,145.8,0.93,1.945245,90.79,96095,-0.003365,0.020728,2.844691,0.000766,0.000824,0.566455,0.526729,0.142511,1.760907,1.868421,0.935502,0.96735,0.375273,0.0
10830,8317440,5.048387096774194e-05,145.8,0.82,1.798859,100.9,96168,-0.004165,0.022425,2.876248,0.001567,0.00528,0.603929,0.42074,0.316306,1.845692,1.887012,0.955371,0.966946,0.516552,0.0
10840,8325120,5.0253456221198164e-05,145.8,0.72,1.638363,116.35,96235,-0.003499,0.019466,2.880742,0.001163,0.002686,0.605621,0.494363,0.250274,1.856885,1.904502,0.97263,0.966435,0.551393,0.0
10850,8332800,5.002304147465438e-05,145.8,0.77,1.699714,112.63,96302,-0.004345,0.010741,2.874455,0.001633,0.007568,0.601364,0.53501,0.143044,1.806786,1.898867,0.939274,0.958321,0.692993,0.0
10860,8340480,4.97926267281106e-05,145.8,0.88,1.893889,96.45,96386,-0.005867,0.00992,2.843839,0.001742,0.009064,0.566481,0.512588,0.155036,1.83633,1.887737,0.906832,0.941063,0.5065,0.0
10870,8348160,4.956221198156681e-05,145.8,0.84,1.835172,91.42,96468,-0.003746,0.016587,2.866005,0.001664,0.008057,0.507363,0.374662,0.23702,1.907744,1.922203,0.897043,0.922862,0.579825,0.0
10880,8355840,4.933179723502303e-05,145.8,0.82,1.81731,112.47,96532,-0.004317,0.012952,2.815663,0.001308,0.005646,0.802867,0.551154,0.563389,1.847087,1.882911,0.843837,0.923514,0.526574,0.0
10890,8363520,4.910138248847925e-05,145.8,0.89,1.933719,112.9,96600,-0.003809,0.02031,2.788945,0.000954,0.000519,0.651855,0.625531,0.127652,1.939327,1.874609,0.794607,0.899513,0.436293,0.0
10900,8371200,4.8870967741935494e-05,145.8,0.9,1.933134,101.24,96676,-0.003942,0.001313,2.886222,0.001113,0.002319,0.943075,0.936841,0.329716,1.913507,1.918269,0.950131,0.959925,0.410217,0.0
10910,8378880,4.8640552995391715e-05,145.8,0.87,1.847391,94.79,96758,-0.00443,0.001036,2.864167,0.001122,0.004639,0.969166,0.933336,0.593498,1.817753,1.91369,0.861376,0.949264,0.241764,0.0
10920,8386560,4.841013824884793e-05,145.8,0.91,1.948748,106.93,96826,-0.004053,0.001337,2.849881,0.002228,0.012909,0.956341,0.927728,0.463567,1.874843,1.901079,0.932605,0.947846,0.321737,0.0
10930,8394240,4.817972350230414e-05,145.8,0.92,1.965356,120.4,96890,-0.004078,0.000974,2.904218,0.001312,0.007202,0.974286,0.957166,0.403144,1.984483,1.922382,0.985758,0.967906,0.588608,0.0
10940,8401920,4.7949308755760364e-05,145.8,0.91,1.924536,113.4,96959,-0.004298,0.013068,2.901769,0.001769,0.006012,0.769385,0.610099,0.408532,1.954897,1.913154,0.990481,0.969725,0.283171,0.0
10950,8409600,4.771889400921658e-05,145.8,0.88,1.911479,113.32,97023,-0.003311,0.010131,2.900729,0.001369,0.006653,0.820193,0.616179,0.534653,1.895297,1.89178,0.955906,0.997754,0.369312,0.0
10960,8417280,4.74884792626728e-05,145.8,0.89,1.894717,110.95,97099,-0.00344,0.003364,2.882147,0.000939,0.001526,0.893577,0.882564,0.138889,1.893955,1.897013,0.994628,0.968423,0.307098,0.0
10970,8424960,4.725806451612901e-05,145.8,0.86,1.837305,96.65,97181,-0.003445,0.008123,2.90401,0.001238,0.004913,0.701479,0.503908,0.490555,1.956933,1.926075,0.970349,0.973254,0.299146,0.0
10980,8432640,4.702764976958526e-05,145.8,0.87,1.882667,104.33,97251,-0.00465,0.002001,2.918531,0.001407,0.003815,0.906542,0.444634,0.88155,1.920551,1.907774,0.957941,0.993345,0.308116,0.0
10990,8440320,4.679723502304148e-05,145.8,0.86,1.910657,106.93,97323,-0.003698,0.002393,2.921421,0.001102,0.002472,0.928768,0.882314,0.575576,1.94098,1.921566,1.003988,0.992277,0.359495,0.0
11000,8448000,4.6566820276497694e-05,145.8,0.84,1.896509,105.76,97402,-0.00468,0.001303,2.905813,0.001788,0.007294,0.942939,0.922513,0.625316,1.944285,1.938599,0.945886,0.96045,0.298881,0.0
11010,8455680,4.6336405529953915e-05,145.8,0.91,1.963381,105.94,97470,-0.004711,0.010067,2.849177,0.001825,0.010925,0.700546,0.708929,0.123565,1.913054,1.904957,0.901234,0.925029,0.464911,0.0
11020,8463360,4.610599078341013e-05,145.8,0.87,1.894405,97.47,97548,-0.004059,0.001533,2.888385,0.00138,0.002045,0.939832,0.867208,0.661863,1.950978,1.93083,0.877985,0.948081,0.509187,0.0
11030,8471040,4.587557603686635e-05,145.8,0.91,1.924163,103.33,97623,-0.003257,0.00927,2.913432,0.001131,0.001587,0.757867,0.676721,0.335283,1.947554,1.941402,0.901603,0.951005,0.499503,0.0
11040,8478720,4.564516129032256e-05,145.8,0.79,1.818529,97.13,97704,-0.003117,0.024454,2.885649,0.000846,0.000793,0.63703,0.60381,0.096805,1.899064,1.911213,0.986695,0.964007,0.406372,0.0
11050,8486400,4.541474654377881e-05,145.8,0.8,1.776291,84.31,97795,-0.004904,0.011316,2.90198,0.001949,0.011505,0.547098,0.610602,0.051417,1.818224,1.904461,1.014661,0.981763,0.258405,0.0
11060,8494080,4.518433179723503e-05,145.8,0.85,1.832532,90.26,97878,-0.004443,0.026426,2.819317,0.001146,0.002777,0.713435,0.645652,0.221575,1.732655,1.857771,0.902309,0.947774,0.241322,0.0
11070,8501760,4.4953917050691246e-05,145.8,0.93,1.946879,93.2,97961,-0.003591,0.009741,2.845435,0.000894,0.00116,0.804018,0.71579,0.313756,1.788363,1.862679,0.960546,0.978683,0.189733,0.0
11080,8509440,4.472350230414746e-05,145.8,0.94,1.977397,98.38,98038,-0.004154,0.001633,2.855104,0.000922,0.000641,0.92821,0.896316,0.373723,1.857634,1.887205,0.957645,0.947204,0.314069,0.0
11090,8517120,4.449308755760368e-05,145.8,0.88,1.91883,85.8,98129,-0.003717,0.015944,2.89744,0.001346,0.007172,0.612533,0.534745,0.18483,1.828207,1.91557,1.01433,0.979809,0.179697,0.0
11100,8524800,4.4262672811059894e-05,145.8,0.85,1.896042,89.71,98214,-0.004329,0.02114,2.928864,0.001326,0.002655,0.611147,0.553101,0.143882,1.892183,1.944063,0.988072,0.982606,0.250678,0.0
11110,8532480,4.4032258064516115e-05,145.8,0.89,1.937515,108.84,98282,-0.004678,0.000874,2.953384,0.002393,0.014526,0.954838,0.942324,0.642189,1.878808,1.948416,1.027664,1.003474,0.279989,0.0
11120,8540160,4.380184331797236e-05,145.8,0.9,1.913624,109.0,98353,-0.003578,0.000772,2.953322,0.001184,0.002472,0.968475,0.921653,0.787397,1.835946,1.963174,1.065684,0.983136,0.149061,0.0
11130,8547840,4.3571428571428576e-05,145.8,0.9,1.934657,113.13,98419,-0.004197,0.000854,2.907362,0.001643,0.006836,0.969778,0.912292,0.749387,1.790445,1.893158,1.067303,0.995536,0.162482,0.0
11140,8555520,4.33410138248848e-05,145.8,0.9,1.92955,110.97,98490,-0.004428,0.001361,2.916644,0.00149,0.005951,0.965074,0.965566,0.387132,1.895622,1.9204,1.009388,0.994557,0.411185,0.0
11150,8563200,4.311059907834101e-05,145.8,0.91,1.913129,117.82,98549,-0.004768,0.008034,2.918246,0.001989,0.015076,0.778079,0.586793,0.473035,1.883799,1.915884,1.005558,0.983866,0.513469,0.0
11160,8570880,4.288018433179723e-05,145.8,0.85,1.83404,123.16,98615,-0.004065,0.00093,2.907226,0.001649,0.007874,0.936808,0.882828,0.709253,1.724945,1.899206,1.04545,0.990148,0.24193,0.0
11170,8578560,4.2649769585253445e-05,145.8,0.92,1.916166,122.26,98677,-0.002938,0.004355,2.943426,0.000927,0.001251,0.949135,0.686325,0.847542,1.849483,1.947477,1.02835,0.994817,0.220206,0.0
11180,8586240,4.2419354838709666e-05,145.8,0.88,1.864044,134.8,98730,-0.002957,0.007118,2.938489,0.000899,0.000854,0.860954,0.64065,0.619887,1.961299,1.953497,0.989852,0.964084,0.213719,0.0
11190,8593920,4.218894009216588e-05,145.8,0.85,1.813481,139.53,98787,-0.00413,0.010941,2.944617,0.001248,0.006226,0.632554,0.656026,-0.061842,1.95754,1.946342,0.979097,0.98359,0.269656,0.0
11200,8601600,4.195852534562213e-05,145.8,0.92,1.953655,127.05,98853,-0.003453,0.00141,2.919441,0.001689,0.004486,0.94893,0.951408,0.520546,1.86908,1.928336,0.948607,0.985278,0.18051,0.0
11210,8609280,4.172811059907835e-05,145.8,0.95,1.980559,104.31,98928,-0.003674,0.001824,2.938071,0.00166,0.008423,0.912079,0.898928,0.335877,1.881312,1.944516,1.00303,0.991258,0.19659,0.0
11220,8616960,4.149769585253456e-05,145.8,0.91,1.941105,108.64,98995,-0.00377,0.001416,2.87769,0.001096,0.002716,0.951785,0.868249,0.662465,1.85647,1.89165,0.987269,0.970061,0.297026,0.0
11230,8624640,4.1267281105990776e-05,145.8,0.96,1.983421,107.53,99069,-0.003498,0.001297,2.929898,0.001463,0.002289,0.967009,0.955497,0.3734,1.886629,1.947422,1.038852,0.973085,0.187194,0.0
11240,8632320,4.1036866359447e-05,145.8,0.9,1.933168,107.46,99140,-0.002427,0.011707,2.927012,0.001359,0.002472,0.692195,0.71032,-0.041037,1.912593,1.946441,1.02314,0.974482,0.209623,0.0
11250,8640000,4.080645161290321e-05,145.8,0.91,1.955296,118.78,99200,-0.004776,0.008699,2.896862,0.001999,0.016144,0.740874,0.546888,0.452668,1.92608,1.933552,0.974195,0.944128,0.295359,0.0
11260,8647680,4.057603686635943e-05,145.8,0.89,1.954532,126.7,99263,-0.003128,0.009516,2.866531,0.000754,0.000244,0.736393,0.62815,0.291158,1.869526,1.910787,0.92696,0.94302,0.242132,0.0
11270,8655360,4.034562211981568e-05,145.8,0.92,1.992453,111.72,99337,-0.004263,0.007151,2.892823,0.002336,0.014557,0.857518,0.769969,0.381145,1.877963,1.939505,0.91496,0.958699,0.196636,0.0
11280,8663040,4.011520737327189e-05,145.8,0.9,1.918078,96.96,99418,-0.0043,0.013907,2.859782,0.001305,0.005035,0.732341,0.545105,0.41278,1.872963,1.908559,0.947125,0.948767,0.327214,0.0
11290,8670720,3.9884792626728114e-05,145.8,0.88,1.894965,96.93,99492,-0.004015,0.001523,2.90756,0.000872,0.003174,0.95724,0.95242,0.35888,1.865638,1.918924,0.976186,0.973699,0.302815,0.0
11300,8678400,3.965437788018433e-05,145.8,0.93,1.960564,89.03,99581,-0.003799,0.009989,2.921244,0.001705,0.004913,0.774007,0.623313,0.431661,1.842584,1.924758,0.968865,0.985405,0.297556,0.0
11310,8686080,3.942396313364055e-05,145.8,0.93,1.974015,97.92,99657,-0.003843,0.00147,2.89452,0.001024,0.002289,0.955299,0.917806,0.467525,1.862257,1.908901,0.980484,0.968728,0.314785,0.0
11320,8693760,3.919354838709676e-05,145.8,0.89,1.875431,90.17,99744,-0.003664,0.001028,2.932793,0.001199,0.002136,0.969872,0.947629,0.71185,1.864605,1.907934,1.012138,1.004308,0.323572,0.0
11330,8701440,3.8963133640552976e-05,145.8,0.94,1.972697,95.04,99824,-0.003751,0.009794,2.923833,0.0009,0.003784,0.769352,0.700818,0.233876,1.826718,1.913383,1.03033,0.99885,0.343895,0.0
11340,8709120,3.873271889400923e-05,145.8,0.9,1.928022,97.36,99902,-0.002533,0.009056,2.888121,0.000725,0.000244,0.764093,0.68752,0.318648,1.820967,1.883594,1.04054,1.000983,0.319819,0.0
11350,8716800,3.8502304147465444e-05,145.8,0.88,1.912368,101.12,99975,-0.003897,0.001436,2.935075,0.000721,0.001129,0.937503,0.925935,0.356713,1.955982,1.930685,0.983355,0.994227,0.590407,0.0
11360,8724480,3.8271889400921665e-05,145.8,0.86,1.914397,114.01,100043,-0.002962,0.006749,2.913316,0.00105,0.000977,0.854905,0.637069,0.601968,1.893419,1.931794,1.004822,0.95742,0.346525,0.0
11370,8732160,3.804147465437788e-05,145.8,0.85,1.849795,100.32,100126,-0.003893,0.009975,2.846314,0.000823,0.001495,0.692718,0.322202,0.617031,1.829429,1.895211,0.968731,0.945144,0.240331,0.0
11380,8739840,3.781105990783409e-05,145.8,0.89,1.916018,96.26,100202,-0.00311,0.000897,2.932983,0.001373,0.004456,0.954169,0.931632,0.637058,1.854919,1.932001,1.036947,0.992466,0.23113,0.0
11390,8747520,3.758064516129031e-05,145.8,0.87,1.879818,98.69,100281,-0.003773,0.003902,2.872854,0.001436,0.004547,0.847963,0.810994,0.441394,1.776034,1.857137,1.026075,0.995196,0.404629,0.0
11400,8755200,3.735023041474653e-05,145.8,0.92,1.951149,87.31,100370,-0.004122,0.002587,2.874342,0.00126,0.004578,0.946472,0.910918,0.575647,1.782672,1.887876,0.976412,0.977021,0.278253,0.0
11410,8762880,3.711981566820275e-05,145.8,0.87,1.855145,82.81,100461,-0.004913,0.000861,2.897472,0.001508,0.00473,0.955311,0.889755,0.699254,1.882215,1.888995,1.021238,0.986498,0.202267,0.0
11420,8770560,3.6889400921658996e-05,145.8,0.92,1.947388,91.05,100546,-0.002668,0.002209,2.837139,0.000452,0.000153,0.948454,0.946017,0.10259,1.839995,1.875594,0.941776,0.949572,0.341391,0.0
11430,8778240,3.665898617511521e-05,145.8,0.9,1.871752,82.49,100641,-0.004069,0.007369,2.901659,0.001318,0.003906,0.876166,0.761114,0.482629,1.825835,1.90844,1.012522,0.996087,0.282304,0.0
11440,8785920,3.642857142857143e-05,145.8,0.93,1.984998,93.53,100721,-0.003226,0.000959,2.913875,0.000798,0.001129,0.97025,0.955295,0.433228,1.815826,1.921418,0.928057,0.984552,0.157246,0.0
11450,8793600,3.6198156682027644e-05,145.8,0.9,1.889374,92.48,100804,-0.003916,0.01015,2.899348,0.001144,0.002563,0.836543,0.802674,0.181713,1.755254,1.888044,0.98792,0.997626,0.258621,0.0
11460,8801280,3.5967741935483865e-05,145.8,0.93,1.917941,86.2,100895,-0.003084,0.001965,2.914342,0.000699,0.000336,0.934915,0.8909,0.423438,1.702295,1.916823,1.032097,0.999337,0.180769,0.0
11470,8808960,3.573732718894008e-05,145.8,0.84,1.808917,85.66,100983,-0.003131,0.015623,2.907923,0.000746,0.000916,0.590907,0.56378,0.193243,1.820913,1.928952,1.002064,0.975584,0.275708,0.0
11480,8816640,3.550691244239629e-05,145.8,0.76,1.701704,99.05,101057,-0.003219,0.009103,2.90524,0.000582,0.00061,0.765538,0.562799,0.505506,1.766409,1.924639,1.026938,0.97385,0.262163,0.0
11490,8824320,3.527649769585255e-05,145.8,0.89,1.907931,103.19,101131,-0.003517,0.00342,2.948272,0.001099,0.001373,0.780668,0.638785,0.495736,1.80567,1.957934,0.990178,0.989378,0.276745,0.0
11500,8832000,3.504608294930876e-05,145.8,0.86,1.86057,109.04,101201,-0.003084,0.000976,2.980532,0.001222,0.001068,0.954846,0.903998,0.653032,1.855129,1.967464,1.0191,1.003468,0.378465,0.0
11510,8839680,3.481566820276498e-05,145.8,0.84,1.811655,124.24,101262,-0.003204,0.015765,2.944739,0.001101,0.001526,0.776579,0.720851,0.222657,1.921453,1.940715,1.022432,0.994316,0.38652,0.0
11520,8847360,3.4585253456221195e-05,145.8,0.87,1.900413,121.71,101326,-0.002896,0.009967,2.939243,0.000999,0.000702,0.815755,0.745758,0.334523,1.81861,1.940076,1.013497,0.999324,0.300213,0.0
11530,8855040,3.435483870967741e-05,145.8,0.89,1.958033,113.09,101395,-0.002866,0.010796,2.942759,0.000574,0.000122,0.754059,0.613118,0.372671,1.8625,1.95242,1.014491,0.98412,0.18697,0.0
11540,8862720,3.412442396313363e-05,145.8,0.89,1.917631,113.64,101463,-0.003294,0.001181,2.949394,0.000703,0.001251,0.952015,0.832628,0.75655,1.914221,1.931648,1.047013,1.002308,0.239145,0.0
11550,8870400,3.3894009216589844e-05,145.8,0.93,1.974957,110.9,101534,-0.003496,0.00133,2.936696,0.000986,0.001068,0.957415,0.903541,0.697702,1.836728,1.907367,1.03601,1.01441,0.195064,0.0
11560,8878080,3.36635944700461e-05,145.8,0.94,1.979933,103.48,101608,-0.003243,0.000974,2.944962,0.001064,0.00061,0.9667,0.962811,0.235265,1.905202,1.928763,1.013319,1.006053,0.136169,0.0
11570,8885760,3.343317972350231e-05,145.8,0.87,1.868165,110.69,101673,-0.003071,0.000877,2.926232,0.001123,0.002106,0.961868,0.914287,0.812325,1.822258,1.903685,1.042914,1.015913,0.236967,0.0
11580,8893440,3.3202764976958526e-05,145.8,0.91,1.947998,100.5,101754,-0.00305,0.022258,2.896136,0.000596,3.1e-05,0.627508,0.510386,0.273371,1.905304,1.895116,1.037615,0.987045,0.258582,0.0
11590,8901120,3.297235023041475e-05,145.8,0.87,1.9059,103.19,101826,-0.004155,0.004792,2.947776,0.001415,0.007355,0.906224,0.673984,0.713465,1.982025,1.922425,1.031256,1.016366,0.294062,0.0
11600,8908800,3.274193548387096e-05,145.8,0.89,1.920485,113.73,101891,-0.002405,0.007395,2.954897,0.001024,0.000458,0.821112,0.704884,0.397951,1.927628,1.949096,0.994167,0.989352,0.236289,0.0
11610,8916480,3.251152073732718e-05,145.8,0.93,1.966635,113.0,101960,-0.003228,0.002202,2.946788,0.000928,0.001526,0.942682,0.934852,0.16589,1.919509,1.943058,1.022714,0.991736,0.226803,0.0
11620,8924160,3.2281105990783395e-05,145.8,0.92,1.9944,115.1,102026,-0.003261,0.016259,2.988041,0.00096,0.000824,0.749921,0.48188,0.574958,1.921222,1.96904,1.008391,1.012167,0.245914,0.0
11630,8931840,3.205069124423961e-05,145.8,0.85,1.926091,113.03,102093,-0.002539,0.021176,3.004413,0.000911,0.00116,0.696872,0.578716,0.318174,1.935647,1.978352,1.029287,1.017334,0.206605,0.0
11640,8939520,3.1820276497695864e-05,145.8,0.7,1.660257,133.07,102143,-0.002558,0.011732,2.983523,0.000582,3.1e-05,0.914448,0.516998,0.835526,1.964444,1.976585,1.042215,0.989955,0.26654,0.0
11650,8947200,3.158986175115208e-05,145.8,0.69,1.605531,151.96,102195,-0.003527,0.011465,2.965235,0.001721,0.0065,0.75941,0.418999,0.61974,1.977637,1.974058,1.022345,0.987685,0.272097,0.0
11660,8954880,3.13594470046083e-05,145.8,0.83,1.831785,142.31,102250,-0.002694,0.007207,2.953424,0.001036,0.000549,0.812556,0.813897,0.281405,1.919248,1.939434,1.060904,0.999935,0.230847,0.0
11670,8962560,3.112903225806451e-05,145.8,0.88,1.908381,112.76,102321,-0.003103,0.009032,2.955579,0.001249,0.002136,0.724945,0.565327,0.434932,1.875547,1.941714,1.034922,1.010452,0.404021,0.0
11680,8970240,3.0898617511520726e-05,145.8,0.84,1.833653,94.59,102406,-0.002699,0.001936,2.944537,0.000584,6.1e-05,0.910576,0.911948,0.339255,1.935775,1.93192,0.989913,0.999209,0.348681,0.0
11690,8977920,3.066820276497695e-05,145.8,0.84,1.809486,92.17,102489,-0.002292,0.011589,2.944495,0.000751,0.000214,0.763294,0.770256,0.11221,1.894977,1.9322,1.008019,1.006321,0.356897,0.0
11700,8985600,3.0437788018433164e-05,145.8,0.88,1.91968,98.0,102569,-0.003226,0.001539,2.942467,0.000913,0.000824,0.947887,0.942701,0.545414,1.904232,1.939109,1.002954,0.994711,0.349976,0.0
11710,8993280,3.020737327188941e-05,145.8,0.86,1.841891,88.02,102659,-0.003133,0.00169,2.968212,0.000809,0.000153,0.917455,0.91333,0.599546,1.943348,1.9608,0.993756,1.001272,0.268362,0.0
11720,9000960,2.997695852534563e-05,145.8,0.81,1.807179,108.07,102723,-0.002253,0.024068,2.966381,0.000523,9.2e-05,0.560553,0.380354,0.394291,1.933215,1.947461,1.018214,1.007802,0.464854,0.0
11730,9008640,2.9746543778801846e-05,145.8,0.84,1.793,98.03,102802,-0.003307,0.001046,2.950111,0.001117,0.003723,0.964254,0.915385,0.698175,1.94039,1.93624,1.013012,1.007362,0.463373,0.0
11740,9016320,2.9516129032258063e-05,145.8,0.89,1.923536,103.04,102873,-0.002541,0.001525,2.930052,0.00048,0.0,0.944426,0.921284,0.476309,1.893071,1.917234,1.012617,1.008819,0.207909,0.0
11750,9024000,2.9285714285714277e-05,145.8,0.89,1.948327,107.66,102947,-0.002548,0.001906,2.934127,0.000368,0.000214,0.9247,0.881012,0.706221,1.901233,1.950278,0.929425,0.98228,0.246612,0.0
11760,9031680,2.9055299539170495e-05,145.8,0.8,1.804805,103.3,103024,-0.001754,0.002045,2.951288,0.00039,3.1e-05,0.9126,0.881919,0.578099,1.893922,1.931422,1.015842,1.011823,0.344038,0.0
11770,9039360,2.8824884792626712e-05,145.8,0.9,1.936895,103.94,103099,-0.002582,0.001122,2.942869,0.000365,0.0,0.948647,0.926241,0.412308,1.87265,1.928439,1.015039,1.008322,0.360313,0.0
11780,9047040,2.8594470046082963e-05,145.8,0.92,1.981344,100.21,103178,-0.002013,0.00089,2.934783,0.000553,0.0,0.976921,0.898108,0.831532,1.8613,1.913051,0.973645,1.014172,0.330829,0.0
11790,9054720,2.836405529953918e-05,145.8,0.87,1.926718,95.6,103259,-0.003151,0.007998,2.943278,0.000962,0.000427,0.826808,0.681731,0.524648,1.850704,1.917176,1.006107,1.017659,0.312188,0.0
11800,9062400,2.8133640552995394e-05,145.8,0.89,1.93618,105.63,103330,-0.002718,0.001532,2.964819,0.000723,0.000671,0.954778,0.903847,0.619955,1.80123,1.963384,0.978282,0.990123,0.218844,0.0
11810,9070080,2.790322580645161e-05,145.8,0.91,1.90531,97.95,103413,-0.002564,0.013936,2.903769,0.000541,0.000153,0.69602,0.45914,0.47958,1.869765,1.906225,1.0195,0.99312,0.405644,0.0
11820,9077760,2.767281105990783e-05,145.8,0.86,1.855857,85.89,103499,-0.002008,0.01135,2.934832,0.000294,9.2e-05,0.748125,0.713143,0.137752,1.795404,1.922448,1.040165,1.013364,0.258378,0.0
11830,9085440,2.7442396313364046e-05,145.8,0.91,1.942145,96.29,103577,-0.002268,0.009331,2.937459,0.000721,6.1e-05,0.773315,0.730556,0.270856,1.756963,1.923725,1.064476,1.017865,0.176562,0.0
11840,9093120,2.7211981566820263e-05,145.8,0.92,1.92849,114.44,103637,-0.002296,0.000835,2.950272,0.00047,0.0,0.973854,0.920487,0.676688,1.833763,1.939503,1.021544,0.995786,0.412758,0.0
11850,9100800,2.698156682027648e-05,145.8,0.83,1.815812,118.99,103705,-0.002194,0.000785,2.931984,0.000416,0.0,0.960554,0.926487,0.595063,1.840764,1.938694,1.003845,0.987328,0.147598,0.0
11860,9108480,2.6751152073732728e-05,145.8,0.9,1.932786,113.11,103772,-0.002332,0.00154,2.922166,0.000444,9.2e-05,0.941906,0.932078,0.481657,1.832095,1.928105,0.985364,0.986109,0.219444,0.0
11870,9116160,2.6520737327188946e-05,145.8,0.9,1.938537,118.82,103841,-0.002358,0.010296,2.914934,0.000244,0.0,0.811324,0.490149,0.632018,1.856606,1.930619,0.960894,0.978065,0.146463,0.0
11880,9123840,2.6290322580645163e-05,145.8,0.87,1.913253,117.51,103905,-0.003363,0.012797,2.937105,0.000838,0.000671,0.819256,0.664426,0.473308,1.863854,1.951879,1.001828,0.987671,0.093452,0.0
11890,9131520,2.605990783410138e-05,145.8,0.92,1.943701,102.54,103982,-0.002559,0.000919,2.889781,0.000496,0.0,0.97879,0.962282,0.622569,1.805202,1.922875,0.974261,0.960975,0.106854,0.0
11900,9139200,2.5829493087557594e-05,145.8,0.9,1.947678,94.94,104063,-0.003047,0.014671,2.855851,0.000758,9.2e-05,0.7595,0.614839,0.375699,1.800859,1.904446,0.987406,0.951928,0.154114,0.0
11910,9146880,2.559907834101381e-05,145.8,0.9,1.926452,96.79,104142,-0.002439,0.021473,2.898752,0.000773,9.2e-05,0.719227,0.602525,0.293836,1.850045,1.926114,0.977605,0.967765,0.123433,0.0
11920,9154560,2.536866359447003e-05,145.8,0.9,1.926533,102.59,104215,-0.002367,0.000703,2.890956,0.000461,3.1e-05,0.967373,0.932465,0.602757,1.781819,1.91172,1.030331,0.986194,0.087151,0.0
11930,9162240,2.513824884792628e-05,145.8,0.94,1.966062,110.81,104287,-0.002918,0.014435,2.89584,0.000653,0.000397,0.654249,0.645,0.033251,1.778518,1.941182,1.016765,0.967837,0.085797,0.0
11940,9169920,2.4907834101382497e-05,145.8,0.95,1.983247,116.68,104350,-0.001991,0.000786,2.894958,0.000225,3.1e-05,0.973414,0.952881,0.502294,1.866488,1.92848,1.026028,0.956317,0.199918,0.0
11950,9177600,2.467741935483871e-05,145.8,0.93,1.926728,121.88,104414,-0.002536,0.000618,2.933182,0.000679,0.000397,0.983329,0.974852,0.763311,1.911691,1.969096,1.047495,0.963795,0.079926,0.0
11960,9185280,2.4447004608294928e-05,145.8,0.91,1.912314,122.51,104476,-0.003254,0.000938,2.937556,0.000979,0.001434,0.967457,0.941981,0.721303,1.823945,1.921524,1.06588,1.000249,0.109992,0.0
11970,9192960,2.4216589861751145e-05,145.8,0.94,1.96836,119.85,104541,-0.002795,0.008534,2.921597,0.000925,0.000549,0.886081,0.780546,0.495757,1.798515,1.931776,1.063856,0.999075,0.076589,0.0
11980,9200640,2.3986175115207363e-05,145.8,0.85,1.866054,113.28,104611,-0.00155,0.009891,2.933964,0.000354,0.0,0.741116,0.685655,0.194784,1.905685,1.937913,1.043022,0.989421,0.097396,0.0
11990,9208320,2.375576036866358e-05,145.8,0.88,1.865767,115.11,104676,-0.002208,0.001745,2.948568,0.000304,0.0,0.925847,0.795038,0.812594,1.864855,1.929504,1.05027,1.010576,0.104709,0.0
12000,9216000,2.3525345622119828e-05,145.8,0.93,1.967691,116.31,104742,-0.002337,0.000923,2.882434,0.000455,3.1e-05,0.960264,0.923717,0.589182,1.809822,1.868631,1.054211,1.00335,0.15065,0.0
12010,9223680,2.3294930875576045e-05,145.8,0.87,1.858265,98.76,104823,-0.002034,0.009021,2.896237,0.000292,0.0,0.794771,0.751249,0.202811,1.800812,1.904988,1.020609,0.994914,0.132209,0.0
12020,9231360,2.3064516129032262e-05,145.8,0.89,1.918038,98.73,104896,-0.002052,0.0112,2.910753,0.000613,0.000153,0.707571,0.702907,0.024243,1.849119,1.901285,1.045429,1.002073,0.184371,0.0
12030,9239040,2.283410138248848e-05,145.8,0.92,1.920102,119.13,104961,-0.002168,0.018405,2.932539,0.000462,6.1e-05,0.705526,0.520079,0.387098,1.947941,1.926369,1.026366,0.997844,0.079889,0.0
12040,9246720,2.2603686635944697e-05,145.8,0.88,1.904958,129.44,105019,-0.001632,0.009587,2.928951,0.000273,0.0,0.621462,0.639887,0.152122,1.953869,1.926088,1.022147,0.993578,0.137961,0.0
12050,9254400,2.237327188940091e-05,145.8,0.88,1.897882,122.59,105080,-0.002286,0.007992,2.956784,0.000472,6.1e-05,0.752738,0.552548,0.505551,1.850291,1.934119,1.042087,1.013354,0.203408,0.0
12060,9262080,2.2142857142857128e-05,145.8,0.91,1.912011,109.4,105154,-0.001798,0.000975,2.972896,0.000286,0.0,0.970789,0.874971,0.843954,1.898595,1.932495,1.048128,1.032271,0.092647,0.0
12070,9269760,2.1912442396313345e-05,145.8,0.91,1.939554,111.69,105222,-0.001788,0.009713,2.911243,0.000396,0.0,0.791354,0.726552,0.276515,1.761447,1.893289,1.056703,1.011999,0.177866,0.0
12080,9277440,2.1682027649769596e-05,145.8,0.93,1.952467,109.37,105294,-0.002026,0.001605,2.939428,0.000248,3.1e-05,0.926941,0.866223,0.499814,1.854002,1.930568,1.048352,1.001237,0.190081,0.0
12090,9285120,2.1451612903225814e-05,145.8,0.93,1.920488,111.28,105358,-0.002494,0.000732,2.949423,0.000528,3.1e-05,0.982343,0.955757,0.736397,1.881978,1.914483,1.038159,1.030424,0.152923,0.0
12100,9292800,2.1221198156682027e-05,145.8,0.91,1.940846,108.48,105430,-0.001564,0.007747,2.963142,0.000272,0.0,0.833441,0.70338,0.439906,1.907636,1.946208,1.00723,1.018955,0.08077,0.0
12110,9300480,2.0990783410138245e-05,145.8,0.93,1.986009,111.93,105497,-0.002639,0.000899,2.968395,0.000571,0.000122,0.959937,0.915407,0.629202,1.965635,1.941464,1.018781,1.01405,0.133578,0.0
12120,9308160,2.0760368663594462e-05,145.8,0.95,1.984944,115.99,105563,-0.001919,0.00076,2.960516,0.000522,6.1e-05,0.972448,0.942968,0.550369,1.969807,1.940643,0.972435,1.011498,0.107252,0.0
12130,9315840,2.052995391705068e-05,145.8,0.9,1.899157,133.49,105617,-0.002256,0.008355,2.986778,0.000494,0.000214,0.901773,0.575749,0.769237,1.962584,1.947071,1.024459,1.026779,0.072478,0.0
12140,9323520,2.0299539170506896e-05,145.8,0.83,1.810872,138.18,105674,-0.001006,0.005538,2.961521,0.000209,0.0,0.79529,0.375278,0.731121,1.965108,1.944039,0.983339,1.010666,0.090704,0.0
12150,9331200,2.0069124423963144e-05,145.7,0.86,1.861805,126.86,105737,-0.00202,0.011492,2.950623,0.000335,6.1e-05,0.707041,0.653261,0.405452,1.962201,1.931602,0.966067,1.007944,0.09906,0.0
12160,9338880,1.983870967741936e-05,145.7,0.88,1.890446,109.14,105809,-0.002072,0.001017,2.955342,0.00034,0.0,0.96311,0.951653,0.469359,1.938583,1.944071,0.985516,1.003168,0.116614,0.0
12170,9346560,1.960829493087558e-05,145.7,0.93,1.978489,110.6,105877,-0.002051,0.001014,2.986186,0.000267,0.0,0.958308,0.925214,0.623659,1.932106,1.964386,1.014428,1.015307,0.14496,0.0
12180,9354240,1.9377880184331796e-05,145.7,0.91,1.972387,109.79,105948,-0.001433,0.000627,3.01959,0.000208,0.0,0.981166,0.957966,0.611214,1.95501,1.977972,1.038649,1.032531,0.162742,0.0
12190,9361920,1.9147465437788013e-05,145.7,0.9,1.961091,112.83,106012,-0.001707,0.009972,3.000897,0.000377,0.0,0.80636,0.780914,0.118566,1.940898,1.967519,1.038392,1.030099,0.132556,0.0
12200,9369600,1.8917050691244227e-05,145.7,0.95,2.040411,118.26,106076,-0.001871,0.001316,2.998308,0.000155,6.1e-05,0.973265,0.971383,0.2092,1.944541,1.968167,1.027618,1.022265,0.181362,0.0
12210,9377280,1.8686635944700444e-05,145.7,0.96,2.035824,113.29,106145,-0.001871,0.001049,2.996424,0.0003,0.0,0.945296,0.892283,0.572695,1.975128,1.954977,1.048279,1.031047,0.154867,0.0
12220,9384960,1.8456221198156696e-05,145.7,0.91,1.862677,101.3,106224,-0.001474,0.000617,2.984371,0.00018,0.0,0.982961,0.972114,0.389488,1.912374,1.957533,1.017677,1.022574,0.134451,0.0
12230,9392640,1.8225806451612913e-05,145.7,0.93,1.94632,110.06,106291,-0.001779,0.00952,2.94621,0.000257,0.0,0.756626,0.636134,0.34823,1.889112,1.938907,1.001843,1.002785,0.134641,0.0
12240,9400320,1.799539170506913e-05,145.7,0.91,1.96203,112.51,106361,-0.00263,0.000948,2.972863,0.000628,0.0,0.975532,0.952628,0.554202,1.953941,1.955231,0.988886,1.014271,0.165337,0.0
12250,9408000,1.7764976958525344e-05,145.6,0.91,1.951311,115.67,106427,-0.002087,0.010552,2.985269,0.000356,6.1e-05,0.809063,0.79361,0.078824,1.984343,1.964752,0.990092,1.017596,0.117815,0.0
12260,9415680,1.753456221198156e-05,145.6,0.92,1.953316,115.95,106495,-0.00132,0.011066,2.966803,0.000209,0.0,0.850032,0.825028,0.143895,1.8742,1.926663,1.04325,1.036827,0.156908,0.0
12270,9423360,1.730414746543778e-05,145.6,0.85,1.85759,116.45,106560,-0.001134,0.001361,3.00134,0.000144,0.0,0.957105,0.941229,0.440883,1.906465,1.969367,1.033417,1.027266,0.138539,0.0
12280,9431040,1.7073732718893996e-05,145.6,0.92,1.950106,124.32,106620,-0.001279,0.001944,2.984956,0.000172,0.0,0.903004,0.932857,-0.014239,1.95235,1.955786,1.005097,1.017216,0.286094,0.0
12290,9438720,1.6843317972350247e-05,145.6,0.94,1.96714,118.83,106688,-0.001477,0.005195,2.973681,0.000255,0.0,0.86478,0.840807,0.253967,1.912548,1.955426,1.010242,1.014928,0.132488,0.0
12300,9446400,1.661290322580646e-05,145.6,0.95,2.005217,123.05,106745,-0.001951,0.001014,2.972195,0.000378,0.0,0.973148,0.937242,0.595233,1.906341,1.961653,1.007357,1.013694,0.104368,0.0
12310,9454080,1.6382488479262678e-05,145.6,0.89,1.931037,122.97,106812,-0.001135,0.005235,2.993605,0.000129,0.0,0.822254,0.734666,0.426017,1.916135,1.958528,1.027105,1.028461,0.130551,0.0
12320,9461760,1.6152073732718895e-05,145.6,0.89,1.865295,118.57,106876,-0.001257,0.000757,3.005719,0.000182,0.0,0.969803,0.941819,0.681759,1.92151,1.968371,1.055074,1.02752,0.172922,0.0
12330,9469440,1.5921658986175113e-05,145.6,0.91,1.909367,117.7,106942,-0.001669,0.00787,2.972943,0.000187,0.0,0.753826,0.689545,0.357947,1.870398,1.938339,1.042903,1.030208,0.143048,0.0
12340,9477120,1.569124423963133e-05,145.6,0.9,1.888609,124.38,107000,-0.001108,0.013466,2.987011,0.000159,0.0,0.817073,0.427224,0.683856,1.917108,1.945767,1.052071,1.033768,0.178944,0.0
12350,9484800,1.5460829493087544e-05,145.6,0.83,1.777051,142.29,107050,-0.001399,0.010816,3.010879,0.000203,0.0,0.849165,0.620049,0.6077,1.938999,1.9659,1.063617,1.039167,0.113113,0.0
12360,9492480,1.5230414746543763e-05,145.6,0.76,1.74933,151.45,107100,-0.00148,0.006633,2.981911,0.000373,0.0,0.926323,0.649097,0.804942,1.892389,1.942564,1.059715,1.035351,0.130069,0.0
12370,9500160,1.5000000000000012e-05,145.6,0.87,1.918133,138.94,107159,-0.001503,0.001398,2.963788,0.00018,0.0,0.970391,0.948635,0.695682,1.762724,1.938982,1.055284,1.022972,0.125791,0.0
12380,9507840,1.476958525345623e-05,145.6,0.9,1.945421,120.64,107225,-0.001342,0.00901,2.963673,0.000186,0.0,0.808066,0.801861,0.086614,1.852601,1.933872,1.041707,1.024158,0.175293,0.0
12390,9515520,1.4539170506912445e-05,145.6,0.88,1.928953,113.89,107294,-0.001565,0.010668,2.963738,0.000318,0.0,0.721965,0.677659,0.140595,1.895199,1.942652,1.049827,1.015761,0.192898,0.0
12400,9523200,1.4308755760368662e-05,145.6,0.89,1.891727,115.52,107358,-0.001113,0.000845,2.994789,0.000169,0.0,0.959461,0.940225,0.557212,1.952359,1.959886,1.020961,1.027541,0.156362,0.0
12410,9530880,1.4078341013824878e-05,145.6,0.86,1.856894,119.56,107425,-0.001614,0.001042,3.00469,0.000274,0.0,0.954315,0.943648,0.401695,1.9394,1.964969,1.061523,1.031985,0.197354,0.0
12420,9538560,1.3847926267281095e-05,145.6,0.91,1.934599,115.43,107492,-0.001286,0.011419,2.973205,0.000173,0.0,0.669046,0.654527,0.093521,1.834715,1.953939,1.037504,1.020514,0.133692,0.0
12430,9546240,1.3617511520737312e-05,145.6,0.93,1.965029,107.55,107562,-0.001041,0.000775,2.989454,0.000119,0.0,0.969704,0.941299,0.666582,1.974268,1.961142,1.030596,1.019583,0.162204,0.0
12440,9553920,1.3387096774193562e-05,145.6,0.9,1.906971,105.07,107635,-0.001041,0.013087,2.946659,0.00013,0.0,0.712334,0.597235,0.327446,1.81908,1.92568,1.045599,1.02073,0.120498,0.0
12450,9561600,1.315668202764978e-05,145.6,0.91,1.931742,106.48,107705,-0.001013,0.000824,2.980592,6.8e-05,0.0,0.956944,0.921759,0.647017,1.900597,1.952483,1.021896,1.020439,0.220034,0.0
12460,9569280,1.2926267281105995e-05,145.6,0.87,1.889956,109.65,107774,-0.001199,0.00114,2.963225,0.000148,0.0,0.955551,0.9445,0.721495,1.909062,1.938376,1.036233,1.019673,0.151611,0.0
12470,9576960,1.2695852534562212e-05,145.6,0.91,1.896519,105.47,107849,-0.001392,0.015833,2.944651,0.000137,0.0,0.681442,0.615798,0.197838,1.823889,1.930273,0.991785,1.013947,0.129139,0.0
12480,9584640,1.246543778801843e-05,145.6,0.89,1.866923,98.92,107921,-0.001233,0.00137,2.958976,0.000174,0.0,0.963511,0.951492,0.402245,1.829272,1.941207,1.020012,1.017893,0.128283,0.0
12490,9592320,1.2235023041474645e-05,145.6,0.93,1.935514,116.81,107987,-0.000993,0.002236,2.973898,9.5e-05,0.0,0.921721,0.904309,0.263116,1.8814,1.947156,1.020827,1.015833,0.274218,0.0
12500,9600000,1.2004608294930862e-05,145.6,0.96,2.009614,119.46,108052,-0.001387,0.001162,2.96974,0.000254,0.0,0.949516,0.905706,0.563204,1.938671,1.949518,0.980221,1.011429,0.149243,0.0
12510,9607680,1.1774193548387112e-05,145.6,0.92,1.955673,118.84,108114,-0.001288,0.001558,2.987859,0.000134,0.0,0.963994,0.929573,0.550506,1.928463,1.951894,1.006579,1.029552,0.142127,0.0
12520,9615360,1.1543778801843329e-05,145.6,0.91,1.942331,128.51,108173,-0.001179,0.007055,3.025974,0.000132,0.0,0.887824,0.592433,0.725195,1.972187,1.981203,1.04102,1.031856,0.270842,0.0
12530,9623040,1.1313364055299544e-05,145.6,0.89,1.873717,127.86,108232,-0.001137,0.003305,2.999607,8.8e-05,0.0,0.920317,0.714413,0.729971,1.928378,1.965313,1.033793,1.0293,0.115439,0.0
12540,9630720,1.1082949308755762e-05,145.6,0.85,1.82026,123.31,108295,-0.001039,0.007976,3.003926,0.000117,0.0,0.745026,0.691182,0.324978,1.960013,1.974938,1.004715,1.021781,0.127221,0.0
12550,9638400,1.0852534562211979e-05,145.6,0.87,1.858272,121.55,108360,-0.0011,0.010529,2.983315,0.000123,0.0,0.779616,0.69667,0.275293,1.907688,1.955144,1.024917,1.022012,0.160676,0.0
12560,9646080,1.0622119815668195e-05,145.6,0.88,1.874595,122.42,108422,-0.001184,0.000645,3.000369,9.7e-05,0.0,0.974111,0.957746,0.639895,1.921023,1.976715,1.026168,1.020383,0.145852,0.0
12570,9653760,1.0391705069124412e-05,145.6,0.93,1.948645,128.31,108480,-0.000926,0.001538,2.992419,5.8e-05,0.0,0.958392,0.941926,0.522563,1.886608,1.970046,1.042142,1.018817,0.115725,0.0
12580,9661440,1.0161290322580629e-05,145.6,0.93,1.984108,124.94,108543,-0.001029,0.001314,2.971799,0.0001,0.0,0.931417,0.910683,0.271325,1.925198,1.95451,1.04702,1.013612,0.14767,0.0
12590,9669120,9.930875576036879e-06,145.6,0.92,1.931389,117.12,108612,-0.000837,0.011394,2.997022,5.3e-05,0.0,0.817215,0.79508,0.108184,1.894596,1.964859,1.051342,1.028037,0.135557,0.0
12600,9676800,9.700460829493096e-06,145.6,0.93,1.957056,112.99,108682,-0.001169,0.000905,2.950906,0.000184,0.0,0.971352,0.970326,0.159671,1.879158,1.925872,1.015158,1.017655,0.200746,0.0
12610,9684480,9.470046082949311e-06,145.6,0.98,2.0322,118.13,108747,-0.000726,0.001523,2.981395,3.7e-05,0.0,0.949131,0.93387,0.317013,1.897367,1.949399,1.02875,1.028006,0.129956,0.0
12620,9692160,9.239631336405529e-06,145.6,0.97,1.968389,111.72,108815,-0.000803,0.001167,2.979278,6.2e-05,0.0,0.967549,0.964055,0.515883,1.892756,1.942382,1.021867,1.032081,0.161904,0.0
12630,9699840,9.009216589861746e-06,145.6,0.9,1.915882,112.07,108885,-0.000717,0.001035,2.96718,5.4e-05,0.0,0.971055,0.95076,0.719934,1.864769,1.93885,1.038023,1.026205,0.099233,0.0
12640,9707520,8.778801843317961e-06,145.6,0.91,1.97465,112.04,108956,-0.000857,0.007092,2.965873,4.3e-05,0.0,0.796398,0.755093,0.32484,1.916423,1.93941,1.013805,1.017208,0.1333,0.0
12650,9715200,8.548387096774179e-06,145.6,0.9,1.957233,106.23,109027,-0.000996,0.003629,2.970571,5.5e-05,0.0,0.894688,0.835619,0.450212,1.903674,1.938142,1.028389,1.027311,0.126312,0.0
12660,9722880,8.317972350230428e-06,145.6,0.91,1.954088,105.3,109101,-0.000778,0.001033,2.975928,4.6e-05,0.0,0.977472,0.981292,0.658675,1.863584,1.945357,0.996837,1.027623,0.117876,0.0
12670,9730560,8.087557603686645e-06,145.6,0.95,1.992471,103.39,109175,-0.000572,0.011767,2.961588,3.2e-05,0.0,0.769573,0.729061,0.152459,1.901023,1.934824,1.014159,1.02175,0.135188,0.0
12680,9738240,7.857142857142861e-06,145.6,0.92,1.950994,111.77,109241,-0.000628,0.000816,2.973526,5.5e-05,0.0,0.956797,0.939466,0.413472,1.900534,1.936828,1.034403,1.030318,0.176861,0.0
12690,9745920,7.626728110599078e-06,145.6,0.95,2.001489,114.37,109310,-0.000574,0.001227,2.958736,3.4e-05,0.0,0.967795,0.845864,0.798887,1.84871,1.929167,1.023786,1.026979,0.130417,0.0
12700,9753600,7.396313364055296e-06,145.6,0.93,1.946254,105.77,109384,-0.000715,0.007911,2.964834,3.1e-05,0.0,0.803287,0.737065,0.30612,1.841074,1.9396,1.045195,1.023759,0.109053,0.0
12710,9761280,7.165898617511512e-06,145.6,0.93,1.941127,111.88,109450,-0.000567,0.001066,2.971149,2.6e-05,0.0,0.967333,0.945035,0.476875,1.88162,1.943599,1.027276,1.022042,0.173613,0.0
12720,9768960,6.9354838709677284e-06,145.6,0.92,1.952575,116.13,109517,-0.000845,0.001544,2.971503,5.9e-05,0.0,0.958738,0.9593,0.056524,1.885943,1.946295,1.046204,1.02181,0.109913,0.0
12730,9776640,6.705069124423979e-06,145.6,0.94,1.969679,118.94,109578,-0.000538,0.002431,2.979844,2e-05,0.0,0.90345,0.876691,0.259781,1.876734,1.955471,1.042121,1.022751,0.085795,0.0
12740,9784320,6.474654377880195e-06,145.6,0.9,1.90418,119.26,109642,-0.000459,0.005918,2.987303,2e-05,0.0,0.874402,0.785558,0.416009,1.946369,1.950976,1.045518,1.029779,0.129003,0.0
12750,9792000,6.2442396313364116e-06,145.6,0.88,1.910074,128.73,109699,-0.000535,0.000708,2.994848,1.8e-05,0.0,0.970563,0.917327,0.750754,1.967556,1.95428,1.027034,1.031794,0.184763,0.0
12760,9799680,6.013824884792629e-06,145.6,0.89,1.907193,128.47,109761,-0.000521,0.002214,2.983215,2.5e-05,0.0,0.911738,0.832358,0.573253,1.947589,1.941068,1.042121,1.033603,0.182798,0.0
12770,9807360,5.783410138248845e-06,145.6,0.88,1.871624,128.8,109821,-0.000671,0.00108,3.006743,4.5e-05,0.0,0.960728,0.937098,0.453646,1.949533,1.956943,1.056146,1.040075,0.255906,0.0
12780,9815040,5.552995391705062e-06,145.6,0.91,1.908396,127.95,109883,-0.000673,0.009709,2.984097,4.8e-05,0.0,0.810804,0.763706,0.203615,1.872817,1.936547,1.057826,1.041269,0.149831,0.0
12790,9822720,5.322580645161278e-06,145.6,0.87,1.814723,107.5,109958,-0.000424,0.000934,2.991002,2.2e-05,0.0,0.977903,0.937299,0.794103,1.82626,1.950652,1.065687,1.039141,0.111392,0.0
12800,9830400,5.092165898617495e-06,145.6,0.91,1.946359,122.52,110017,-0.000479,0.008009,2.996909,3.6e-05,0.0,0.728557,0.487915,0.493976,1.937376,1.952942,1.067606,1.035219,0.177712,0.0
12810,9838080,4.861751152073745e-06,145.6,0.89,1.919894,122.39,110080,-0.0005,0.000818,3.009873,2.8e-05,0.0,0.977875,0.954662,0.670184,1.882359,1.967777,1.069815,1.03997,0.082716,0.0
12820,9845760,4.631336405529962e-06,145.6,0.9,1.89989,125.2,110139,-0.000468,0.000768,3.02238,2.1e-05,0.0,0.977855,0.967656,0.68055,1.926979,1.981526,1.05344,1.037253,0.091815,0.0
12830,9853440,4.4009216589861785e-06,145.6,0.89,1.882143,128.6,110198,-0.000395,0.002146,2.993835,1e-05,0.0,0.91443,0.92871,0.210192,1.898498,1.953957,1.052311,1.033999,0.154696,0.0
12840,9861120,4.170506912442395e-06,145.6,0.9,1.880808,127.46,110258,-0.000292,0.010177,3.028116,1.1e-05,0.0,0.493382,0.502751,0.165799,1.955851,1.979178,1.063876,1.042476,0.128817,0.0
12850,9868800,3.940092165898611e-06,145.6,0.92,1.883221,122.59,110321,-0.00026,0.009763,3.005215,7e-06,0.0,0.859162,0.737065,0.46487,1.903643,1.96326,1.07199,1.03681,0.098891,0.0
12860,9876480,3.7096774193548286e-06,145.6,0.92,1.974765,128.24,110381,-0.000301,0.001709,2.998774,1.1e-05,0.0,0.958277,0.93568,0.502863,1.857831,1.960326,1.06978,1.035412,0.10333,0.0
12870,9884160,3.479262672811045e-06,145.6,0.94,2.022184,130.36,110437,-0.000332,0.000805,2.994043,9e-06,0.0,0.974591,0.964804,0.642376,1.892333,1.944798,1.058515,1.042768,0.202743,0.0
12880,9891840,3.248847926267295e-06,145.6,0.97,2.056295,133.35,110495,-0.000287,0.00068,2.996544,1.1e-05,0.0,0.974202,0.96053,0.575183,1.952702,1.953638,1.056472,1.034934,0.132026,0.0
12890,9899520,3.0184331797235118e-06,145.6,0.93,2.003021,131.99,110554,-0.000238,0.014183,2.997731,4e-06,0.0,0.702201,0.650776,0.162103,1.913192,1.948865,1.058684,1.038418,0.213216,0.0
12900,9907200,2.788018433179728e-06,145.6,0.91,1.902605,127.71,110616,-0.000206,0.001505,3.009673,5e-06,0.0,0.957907,0.954404,0.506884,1.95226,1.964614,1.07245,1.036905,0.114882,0.0
12910,9914880,2.557603686635945e-06,145.5,0.94,1.942561,126.74,110674,-0.000226,0.011464,3.016725,5e-06,0.0,0.723748,0.68657,0.121421,1.926476,1.973259,1.061932,1.036936,0.152069,0.0
12920,9922560,2.327188940092162e-06,145.5,0.91,1.911079,124.52,110738,-0.000129,0.01093,3.019798,2e-06,0.0,0.674487,0.680757,0.088824,1.97217,1.976263,1.049591,1.036557,0.109347,0.0
12930,9930240,2.0967741935483783e-06,145.5,0.93,1.967871,128.76,110795,-0.000199,0.010796,3.032808,4e-06,0.0,0.677437,0.64602,0.088939,1.959936,1.982529,1.06705,1.042074,0.115802,0.0
12940,9937920,1.8663594470045952e-06,145.5,0.93,1.979708,140.36,110847,-0.000114,0.001604,3.000434,2e-06,0.0,0.955973,0.934764,0.332393,1.879931,1.955787,1.061736,1.040567,0.116028,0.0
12950,9945600,1.635944700460845e-06,145.5,0.94,1.961192,132.24,110910,-0.000163,0.016856,2.985488,3e-06,0.0,0.531033,0.478225,0.191038,1.917029,1.940918,1.063792,1.036298,0.130173,0.0
12960,9953280,1.4055299539170617e-06,145.5,0.94,1.998697,127.65,110966,-0.000162,0.000797,3.007427,2e-06,0.0,0.979365,0.962856,0.567408,1.831652,1.968374,1.064955,1.040205,0.08763,0.0
12970,9960960,1.1751152073732783e-06,145.5,0.92,1.994303,129.5,111028,-9.2e-05,0.000882,3.020124,1e-06,0.0,0.965516,0.922039,0.635277,1.931487,1.970211,1.057467,1.04279,0.144983,0.0
12980,9968640,9.44700460829495e-07,145.5,0.92,1.956604,125.87,111088,-9e-05,0.001115,2.986195,1e-06,0.0,0.964667,0.951255,0.459428,1.882388,1.941149,1.04602,1.039666,0.165464,0.0
12990,9976320,7.142857142857117e-07,145.5,0.96,2.02797,130.51,111146,-9.2e-05,0.011528,3.027066,0.0,0.0,0.732354,0.734181,0.039584,1.918371,1.982775,1.058198,1.038934,0.118276,0.0
13000,9984000,4.838709677419283e-07,145.5,0.97,2.01908,129.18,111207,-3.7e-05,0.000627,3.013351,0.0,0.0,0.974309,0.957398,0.641119,1.903892,1.964977,1.061495,1.04183,0.176791,0.0
13010,9991680,2.5345622119814504e-07,145.5,0.96,2.006391,125.22,111269,-2.4e-05,0.00081,2.987345,0.0,0.0,0.978353,0.955381,0.60006,1.863218,1.949473,1.05904,1.036783,0.085114,0.0
13020,9999360,2.304147465436168e-08,145.5,0.92,1.958937,123.42,111333,-3e-06,0.011031,3.012987,0.0,0.0,0.522098,0.546009,0.104422,1.92619,1.967134,1.060613,1.037488,0.156587,0.0
