match_id,event_id,minute,type,poss_elapsed,ball_x,ball_y,n_def,back_line_x,mid_line_x,line_sep,back_centroid_y,mid_centroid_y,back_width,mid_width,back_x_scatter,mid_x_scatter,back_gap_min,back_gap_max,mid_gap_min,highest_att_x
3930158,b5a30bf4-0579-43d0-9e97-9261bb0a472b,2,Pressure,6,42.4,75.3,8,44.74284036388215,57.54601914656888,12.803178782686729,67.85067255977462,61.65244499952854,17.8850268414689,30.954520972325938,7.24323968537355,1.6134813310536051,0.42627743835969056,9.924339578641636,10.003218513445617,11.75696251847824
3930158,d442c759-5110-452b-9e4e-9a8d131e1fc9,2,Pass,9,47.8,73.5,9,44.026791281503684,56.387634306009126,12.360843024505442,70.88207577781193,60.083492643913075,12.837510996954606,30.37716259957957,6.512557004811325,1.8767637038294052,1.3698711618584838,4.1979236136664895,6.320400305534619,10.11678089328943
3930158,bc9a25b5-b8a3-4175-a1fe-088cd7507a2b,5,Ball Receipt*,5,50.1,13.4,10,43.11120892624659,54.27876687444076,11.167557948194172,37.85668619677814,34.227510475197796,25.064300023385428,32.691539799049224,5.257865584324364,2.2775486200319226,0.6148917509403731,10.982264747516446,4.849036041876914,30.003738809971267
3930158,c974af67-4cef-44f0-a6c0-9b65d58befd5,5,Pass,5,50.1,13.4,10,43.11120892624659,54.27876687444076,11.167557948194172,37.85668619677814,34.227510475197796,25.064300023385428,32.691539799049224,5.257865584324364,2.2775486200319226,0.6148917509403731,10.982264747516446,4.849036041876914,30.003738809971267
3930158,c5679fc8-3575-466e-affc-6b548a3897d8,6,Ball Receipt*,18,50.9,71.8,9,52.79032094294693,65.38593061755174,12.595609674604809,52.19113403350053,55.58443266816747,32.179455883843396,30.479331594166638,4.323891465279252,2.422262059857359,4.337286520006572,15.462675233176824,5.341171755416063,35.40783506340884
3930158,ce2d0221-ed72-411d-a604-3e848f66a285,6,Pass,18,50.1,76.5,9,52.79032094294693,65.38593061755174,12.595609674604809,52.19113403350053,55.58443266816747,32.179455883843396,30.479331594166638,4.323891465279252,2.422262059857359,4.337286520006572,15.462675233176824,5.341171755416063,35.40783506340884
3930158,fd903042-962d-482e-8873-a55e21f9b119,7,Ball Receipt*,5,35.2,68.9,9,34.022770835406085,47.66526871811618,13.642497882710096,47.17974345555911,49.08210522854775,36.42729910780372,32.19500560896109,4.058806886874242,3.534378252513955,5.312124521405444,11.826133546308121,7.089109226819652,23.039777086537917
3930158,b3ed7d3b-658a-48f9-8abc-ade1a3481af2,7,Carry,5,35.2,68.9,9,34.022770835406085,47.66526871811618,13.642497882710096,47.17974345555911,49.08210522854775,36.42729910780372,32.19500560896109,4.058806886874242,3.534378252513955,5.312124521405444,11.826133546308121,7.089109226819652,23.039777086537917
3930158,e77dea0c-31fd-4b81-a8be-07d74e7cb3f3,7,Miscontrol,6,35.5,76.9,8,36.11218807680108,50.86899663239333,14.75680855559225,49.199531696329224,44.14901700173402,49.33693964899713,40.58381755426795,5.390998542409931,2.817341729459899,0.5876998815110781,20.44381302421408,17.968401072703564,6.771500782139405
3930158,2a5a2b8e-950a-40b8-83fb-948053b9b29c,12,Dispossessed,6,61.9,59.2,10,49.98726634124806,58.62457300742179,8.637306666173728,21.875760336028762,19.119578872828598,31.345102478190483,4.110561662872719,3.3365423372256133,1.893776564106891,0.546656444536346,20.64601247421335,0.8000788577418092,50.69912930952773
3930158,7f3ffb7e-a336-4627-87a7-e5dd8012eaf5,12,Ball Receipt*,27,42.1,62.7,9,52.591324091531966,67.55956909989193,14.968245008359965,49.14876407226188,56.45192752800601,27.061798315592632,27.452276006737883,4.244036032865149,0.7549746209221299,4.666478455553609,7.951064156642936,5.8842829974587545,38.940624256556774
3930158,8075d343-e74d-4a27-aa90-8394d7ca34cb,12,Carry,27,42.1,62.7,9,52.591324091531966,67.55956909989193,14.968245008359965,49.14876407226188,56.45192752800601,27.061798315592632,27.452276006737883,4.244036032865149,0.7549746209221299,4.666478455553609,7.951064156642936,5.8842829974587545,38.940624256556774
3930158,1c8725fe-5c6f-491c-bc62-eef5fef8a702,15,Ball Receipt*,16,56.8,74.9,9,52.132491460185385,69.21970372108927,17.08721226090389,55.381222890973945,38.98100599599335,29.859264958718562,34.18753398951157,6.274702564089767,3.9293533269003404,3.5328166047650598,12.935727334171304,5.207116545712886,38.819798831011596
3930158,11a4be87-20bd-406d-8351-536c5015ac5e,15,Carry,16,56.8,74.9,9,52.132491460185385,69.21970372108927,17.08721226090389,55.381222890973945,38.98100599599335,29.859264958718562,34.18753398951157,6.274702564089767,3.9293533269003404,3.5328166047650598,12.935727334171304,5.207116545712886,38.819798831011596
3930158,feacfe18-ecad-42ba-94a6-e1a7b7b1fb13,15,Pass,31,62.6,5.8,8,53.807845258464496,70.00913098582613,16.201285727361636,8.276224513323477,32.837017966550285,10.753353050120062,18.441198034835686,7.7714856725913855,3.38282661849654,0.28237557733812224,8.906779097507965,1.82646230601474,44.91809828369114
3930158,f0aba190-df53-4175-9a50-03d2f045ed02,18,Pass,58,47.0,42.2,10,48.44232867965063,61.41950263358339,12.977173953932763,42.14162097152259,36.524587005185744,21.333738638465405,33.87831462236905,6.251947391972723,3.112094068594635,0.97630992077233,9.766273188882273,9.782323946973094,36.84404023921506
3930158,7dab682d-6b85-4191-b83b-8e542fe05654,18,Ball Receipt*,16,44.3,32.7,9,52.94153222568774,65.47032717806405,12.528794952376316,44.22266460699179,47.54951352606941,34.4943652001912,28.160590672731104,2.8684906239911023,0.29936283651610096,3.9928109137790813,15.118896855425689,7.190226742699565,36.27550396577932
3930158,80d532be-9be1-4f89-a6e3-2590e382b65e,18,Carry,16,44.3,32.7,9,52.94153222568774,65.47032717806405,12.528794952376316,44.22266460699179,47.54951352606941,34.4943652001912,28.160590672731104,2.8684906239911023,0.29936283651610096,3.9928109137790813,15.118896855425689,7.190226742699565,36.27550396577932
3930158,3f1fca39-8b4c-4a97-9c32-defa93712b17,21,Ball Receipt*,24,55.7,76.2,9,50.77679694185988,66.66899273837782,15.892195796517946,48.94886089643319,53.846873498130094,42.50645366246214,38.79984597670084,5.204530566779791,1.0820947173821618,1.7539867337747665,16.510344648257778,6.911122970884932,47.497110641182786
3930158,75013822-d8e9-419d-be88-93cf5f96d111,21,Carry,24,55.7,76.2,9,50.77679694185988,66.66899273837782,15.892195796517946,48.94886089643319,53.846873498130094,42.50645366246214,38.79984597670084,5.204530566779791,1.0820947173821618,1.7539867337747665,16.510344648257778,6.911122970884932,47.497110641182786
3930158,9636e345-e3df-42ff-aa4e-1c0e649671a4,22,Pass,7,33.0,17.0,8,44.030684682819334,60.95778691019715,16.927102227377816,33.51836149343789,41.2968494441972,44.43222370368734,35.03305427265709,6.620312063068414,0.9916825513372527,1.5796237521590015,17.14034722943005,15.168106291905659,33.0
3930158,90865c27-6df4-48f7-a4e7-583d8e39e6fb,23,Pass,27,43.2,46.3,8,40.096140474113966,62.210693143853405,22.11455266973944,51.78125258084172,39.84769097535045,20.197255386181524,26.831194317940394,9.696640914537982,4.172476433626876,0.7248180641970592,13.113105655659922,7.584279164008265,26.222492520118834
3930158,323b0908-fdd7-4e52-864c-46a677ba0589,28,Foul Won,6,68.9,73.9,8,48.890412583821245,61.10993417344569,12.219521589624442,20.52677238341496,5.250891897074763,35.59066008587044,8.974870214917537,2.884474470831425,3.910445962119285,0.7392312173816116,13.985326855320324,3.1657312992741495,50.46502065444865
3930158,c1dc9e4a-a8f1-4fda-836b-ce8ea50b608c,33,Foul Won,33,67.4,46.8,10,36.00412719880278,48.82328280409204,12.81915560528926,37.93569376532575,31.51943614995775,32.22782804065913,13.27930270177205,1.672954749190986,2.930820465126236,5.7951195681096195,12.462730093148224,0.2598979292556294,34.85036996363834
3930158,5ca0a20e-4d67-4246-9357-a694da75eb59,34,Ball Receipt*,49,76.3,77.0,8,36.50564271390682,50.9740424182796,14.468399704372779,15.61226354675723,13.670579806452588,32.494273950354035,23.879215304726806,4.875321105952456,6.187140465345782,5.128691330933258,13.838260411114256,10.04345846723023,24.745937681228703
3930158,d1d85997-92b5-4dc7-9cb3-c3559511ae78,34,Pass,10,40.0,47.0,8,35.910097558832256,52.30533347970866,16.395235920876402,52.961428584116916,44.70167803725979,30.747256635917047,37.451313089202884,5.799180320929767,1.380951487848206,3.1378740912448393,11.849210908987665,12.913296128629057,18.923340146824245
3930158,dd77862c-6aa0-449c-8450-08f97f4500c0,34,Pass,12,49.8,22.6,8,49.705471375854536,66.13774911102213,16.432277735167595,35.3019080103153,32.76478247864899,19.196101064824546,37.55496980499184,7.4786863067471305,3.891987470729387,3.1506454773995003,7.723091167171781,11.861695807114852,47.50633761612884
3930158,212e6468-a488-4591-9c05-21cf5b24656b,38,Ball Receipt*,18,72.1,43.4,8,45.251764930198945,57.75071458733036,12.498949657131412,40.74353849657158,32.10004237674435,26.50078591448147,12.185744088587079,3.1240872737721994,5.149154796112722,1.1308771317900579,10.659776923793395,5.225242523818778,44.64320910891415
3930158,f11a825c-b6de-44c8-bfa5-06370d0b0e88,38,Duel,18,73.4,42.9,8,45.251764930198945,57.75071458733036,12.498949657131412,40.74353849657158,32.10004237674435,26.50078591448147,12.185744088587079,3.1240872737721994,5.149154796112722,1.1308771317900579,10.659776923793395,5.225242523818778,44.64320910891415
3930158,c4d18f48-c1f5-49ec-820d-4077e6e80b6e,40,Interception,27,25.1,56.0,8,28.878015884346734,42.51912593290192,13.641110048555188,60.26365654361316,63.346771225381445,24.964119998812087,20.353289157080347,3.079334882573689,4.594445396592006,2.4576397228397298,9.359592758463876,2.138620409690219,7.605641661532928
3930158,f0c61b57-f61f-4699-a81b-a325d81e045c,46,Ball Receipt*,5,46.4,35.9,10,40.38930307846488,57.92057038740205,17.531267308937174,29.624308994890317,33.78434037756123,19.342790898823697,26.691137047216976,4.311930191517626,5.259495335057816,0.6879716763954704,12.261591713360229,0.7731633760307588,30.44720315047342
3930158,fde8109c-e4f7-4e77-a55e-e8046917276f,46,Miscontrol,5,45.6,40.5,10,39.6686726989164,57.118561645484235,17.44988894656783,35.027177357406,39.07743392776952,20.207309074844712,27.242222565127285,4.525488975997817,5.270986479279123,0.3427975912443131,12.14115623504561,0.3153930276884509,29.67547258102106
3930158,d502753e-e4af-4733-943f-da9da81d6008,47,Foul Won,9,78.1,5.2,9,33.334244288182745,46.46656534516132,13.132321056978576,68.7824329826533,74.49000864402399,20.165032723785956,16.255993088106266,5.094715784771422,3.2667440514845474,1.7375926176100833,7.00228304895753,2.7743126799384186,28.421431276753736
3930158,2f6b1f58-fdbf-4f3b-88ca-aee802515d02,49,Ball Receipt*,5,57.4,31.7,9,49.235293308525186,58.0298180628258,8.79452475430061,26.678180446904133,31.948029707710973,22.803210783841237,40.4548268107776,5.349156746790901,4.267599370325192,0.23562315544088364,14.626476450255886,1.5388551028179904,28.612421052100842
3930158,5329e547-b293-4ed5-9ea6-875231ba9947,49,Carry,5,57.4,31.7,9,49.235293308525186,58.0298180628258,8.79452475430061,26.678180446904133,31.948029707710973,22.803210783841237,40.4548268107776,5.349156746790901,4.267599370325192,0.23562315544088364,14.626476450255886,1.5388551028179904,28.612421052100842
3930158,f0bcd70f-040e-4f06-b6c3-968c8119353c,53,Ball Receipt*,12,54.8,3.2,8,54.756089969591415,65.98377275881988,11.227682789228467,22.912264441448993,38.03696150812362,36.41576748286171,35.30984861014571,5.589391406391277,2.553598451919838,1.6796018400881074,14.2042123594699,8.450144455847976,40.7798514272564
3930158,19c768be-d902-4555-a035-9bdc35d304ca,53,Carry,12,54.8,3.2,8,54.756089969591415,65.98377275881988,11.227682789228467,22.912264441448993,38.03696150812362,36.41576748286171,35.30984861014571,5.589391406391277,2.553598451919838,1.6796018400881074,14.2042123594699,8.450144455847976,40.7798514272564
3930158,b32cc732-4237-4285-81b9-5be80d57acf4,61,Ball Receipt*,8,56.3,3.2,8,42.75696718852286,60.51105947814781,17.75409228962495,39.928378372241646,26.323635731859298,45.5541872986222,53.01344312271241,5.438836988201304,4.5744671356442215,5.269738035568693,18.502619906248505,10.184484399021514,33.97120593313572
3930158,1d4eb228-e072-43d0-9c2c-cda5be3cdece,61,Carry,8,56.3,3.2,8,42.75696718852286,60.51105947814781,17.75409228962495,39.928378372241646,26.323635731859298,45.5541872986222,53.01344312271241,5.438836988201304,4.5744671356442215,5.269738035568693,18.502619906248505,10.184484399021514,33.97120593313572
3930158,7710b3ed-0094-4db7-9d95-578dd29fdbb4,61,Pass,9,56.3,5.2,8,45.42439533759683,61.289352081663544,15.864956744066717,37.2809846296195,25.059919310083064,41.74552920241395,50.27933504175918,6.067240889922206,5.01862393904428,6.288650864769373,13.705786589626221,7.181830035045621,35.998554507339044
3930158,3a0dc7b8-2e0a-42a4-a018-c1e013cb7012,61,Ball Receipt*,9,51.6,10.8,8,46.07290010598539,60.510475988931915,14.437575882946525,34.762201927879275,23.682935046995457,42.04443511960454,47.16628804735197,6.37842221692181,5.968254062942222,5.449037288759577,14.064756017502077,4.953380251616991,28.778180978639256
3930158,cff7c270-a140-46fb-af0d-7e7aecc2d3e6,61,Carry,9,51.6,10.8,8,46.07290010598539,60.510475988931915,14.437575882946525,34.762201927879275,23.682935046995457,42.04443511960454,47.16628804735197,6.37842221692181,5.968254062942222,5.449037288759577,14.064756017502077,4.953380251616991,28.778180978639256
3930158,7198b688-3184-4871-8643-60d6f1e5eaed,61,Ball Receipt*,22,65.0,8.5,9,50.5620806191181,67.19433101014906,16.632250391030958,15.23868863694637,22.4828335855706,43.061155807651055,35.225020418134974,2.8597504030770047,2.5146090549882745,5.772206666739123,17.234110172110384,7.764762572016743,33.2089882549634
3930158,86014bc9-21cb-47a5-a007-9d68b0a1ada2,61,Carry,22,65.0,8.5,9,50.5620806191181,67.19433101014906,16.632250391030958,15.23868863694637,22.4828335855706,43.061155807651055,35.225020418134974,2.8597504030770047,2.5146090549882745,5.772206666739123,17.234110172110384,7.764762572016743,33.2089882549634
3930158,142d5ba0-52dc-41ac-89f0-43aff7439902,61,Foul Won,24,69.0,25.3,9,50.93829535510991,62.15285633135565,11.214560976245743,53.369189224690146,59.748521603425324,32.420329088096125,37.97544698998467,3.3281706691708672,2.9125742934834626,0.8572536734206437,20.29042331269919,3.9841007683550203,51.88377601757711
3930158,c12acaac-4ab3-4f05-8846-b3fa592f7a79,71,Ball Receipt*,15,56.0,19.7,8,55.87669432625872,66.2957116037092,10.419017277450472,41.875142837096504,23.489377862454102,22.351017741314866,15.012865686704675,5.213062586204009,0.6547187080487876,0.2862964032621278,9.365451025736704,7.125813838840692,42.958364572102276
3930158,e9ad0bba-8818-4776-b92d-cb9317a845b2,71,Carry,15,56.0,19.7,8,55.87669432625872,66.2957116037092,10.419017277450472,41.875142837096504,23.489377862454102,22.351017741314866,15.012865686704675,5.213062586204009,0.6547187080487876,0.2862964032621278,9.365451025736704,7.125813838840692,42.958364572102276
3930158,092d8622-e1ac-4066-8620-31f113028e0a,77,Ball Receipt*,28,74.7,52.2,10,31.740340417493165,49.182004145339945,17.44166372784678,33.31936555207182,23.38715664426047,49.07530266250714,21.59856080943814,7.125899892659831,3.079985326398462,2.068053558992702,22.127578864234586,0.07267760498981346,23.514342640055943
3930158,3a46f6de-a7ba-4316-b7ff-730097fa0181,81,Dispossessed,11,76.8,15.5,10,38.08022124631527,48.7863907842328,10.706169537917532,62.324000321237484,62.24475635096155,31.595001408373363,39.74327672640068,3.2561092704666748,3.701434515994231,2.428087442631238,15.693861805674622,4.432327948915997,37.899689647831636
3930159,ccef98de-f2a2-49c4-9453-1f1368f920cc,0,Ball Receipt*,5,42.5,22.9,10,36.953175865108406,52.88149154582599,15.928315680717581,17.370006791558566,24.519212186684737,17.730260458253802,25.767473423535847,5.607580793170277,3.691030918874533,0.2817277656520645,5.922722892870212,5.576461173249783,8.66045502243567
3930159,d715c93f-f866-46fe-af3f-9417608e9e6f,0,Pass,5,42.5,22.9,10,36.953175865108406,52.88149154582599,15.928315680717581,17.370006791558566,24.519212186684737,17.730260458253802,25.767473423535847,5.607580793170277,3.691030918874533,0.2817277656520645,5.922722892870212,5.576461173249783,8.66045502243567
3930159,cd732a9e-d3ef-4edc-bfd1-3fd136f2fdf0,0,Ball Receipt*,7,51.4,20.3,10,37.988319993325156,52.01023104960358,14.021911056278427,20.936313577417703,28.003576271946137,15.018568861376423,22.86481312176391,6.039651407491865,2.4150129667330464,1.7601989514003407,7.322009673522231,3.800395510164236,29.60668306281923
3930159,b7973856-590b-4026-ba81-0d59146c8334,0,Carry,7,51.4,20.3,10,37.988319993325156,52.01023104960358,14.021911056278427,20.936313577417703,28.003576271946137,15.018568861376423,22.86481312176391,6.039651407491865,2.4150129667330464,1.7601989514003407,7.322009673522231,3.800395510164236,29.60668306281923
3930159,cf5778af-93ab-4966-aca0-9a49430d70ba,0,Pass,7,51.4,20.1,10,38.866241336055374,52.37702287377243,13.510781537717058,20.366934807811937,27.312056741396603,14.309460000721394,22.02641811368469,6.011118565035124,2.331802387560991,1.7755376182005875,7.184260263158627,2.5540341145099887,30.602398980853224
3930159,b4f5fa7b-ad04-4275-962e-14dec26b968a,0,Pass,10,43.4,20.3,10,43.968686130388434,55.57301819189699,11.604332061508558,21.76341332690645,28.014857169940502,17.766269874072698,25.36331843686566,4.859376819726699,2.4590019880384535,1.5075799297021462,7.620268422961281,1.936469149763191,35.99361663947073
3930159,51a02661-353e-4b5c-b5e8-dfde7188baee,0,Duel,8,60.7,69.6,8,48.20629799872326,63.40502305954555,15.19872506082229,21.54661688396578,11.920688890307082,39.04315234849396,11.338746910555372,4.389853906964276,3.4355061618947342,0.9377853678162822,17.316145727704516,3.5383401198170645,48.140659543857986
3930159,681b5393-f743-4cea-9783-1f02cc6c8cfe,2,Ball Receipt*,5,57.4,73.9,8,48.45535454389367,61.69832784967293,13.242973305779259,61.64805783302486,64.58096761118834,38.24426094641103,19.381049979887877,10.389390914484752,2.227261673889382,0.4117020824015327,24.52294460546375,1.5496367667380184,27.79953125331292
3930159,3bc7d80c-9e9e-4cf2-8704-adaa845e4f44,2,Miscontrol,5,57.4,73.9,8,48.45535454389367,61.69832784967293,13.242973305779259,61.64805783302486,64.58096761118834,38.24426094641103,19.381049979887877,10.389390914484752,2.227261673889382,0.4117020824015327,24.52294460546375,1.5496367667380184,27.79953125331292
3930159,1e7c2681-9a83-4bc3-942b-65b10550bcf9,3,Ball Receipt*,23,75.8,19.3,10,49.575031204937964,67.66342726467467,18.088396059736702,46.39716681399582,65.41212366064099,71.00515117798345,19.78342773540537,5.6390360013089,7.9012960744332865,9.704834705561609,32.50738175062465,1.8814144351968665,43.516724264444534
3930159,632f758a-d34c-4c42-be23-b2b4f2bb9cfa,3,Ball Recovery,5,26.1,24.0,8,32.843441702999385,43.81202505638927,10.968583353389882,18.345150442491356,23.877756800325,19.65193489049892,28.04496177450732,5.547873614629385,4.2728552073852475,2.228149340632939,6.644437212625959,0.009302502503942378,5.484092244875484
3930159,3fd1fb2d-b7ce-4a15-86b0-0e348d440deb,3,Carry,5,26.1,24.0,8,32.843441702999385,43.81202505638927,10.968583353389882,18.345150442491356,23.877756800325,19.65193489049892,28.04496177450732,5.547873614629385,4.2728552073852475,2.228149340632939,6.644437212625959,0.009302502503942378,5.484092244875484
3930159,04f724f6-6f20-4a60-9466-541b718b4d9c,3,Pass,6,29.9,24.4,9,32.28899654709566,47.16210648603032,14.873109938934661,19.9384577985502,24.979809372701986,18.584121829752,30.200583223646035,4.9890414134201055,5.440614595611529,0.043354132522395616,7.184013295790649,1.141506903905281,4.871213773941562
3930159,c45d9e78-5ee1-48f6-b9bd-6947be6a2edb,3,Ball Receipt*,7,49.2,28.1,10,36.683857446284875,50.67581192066076,13.991954474375888,25.33915320537798,27.76943468572928,11.952896341421777,37.31911178203109,5.2221635051875115,3.4265783072683553,1.125745529464723,4.287656444285787,6.756473384136726,7.6161171662544405
3930159,bad41f14-83c5-4fd3-b2b9-191704c90e1f,3,Carry,7,49.2,28.1,10,36.683857446284875,50.67581192066076,13.991954474375888,25.33915320537798,27.76943468572928,11.952896341421777,37.31911178203109,5.2221635051875115,3.4265783072683553,1.125745529464723,4.287656444285787,6.756473384136726,7.6161171662544405
3930159,11a7e43c-5eb3-4fb6-af59-db2ad1671949,7,Pass,8,47.5,62.0,10,49.18483290186617,65.4084543201187,16.22362141825252,59.116919906754084,47.1657044081084,17.56599211057801,17.649147521294992,4.667042386288983,3.6992478555839257,1.1615944964350575,8.655257660401432,4.016693199386374,39.12871303223629
3930159,6e81cf84-4670-4269-9602-a4a52d03ff2f,7,Ball Receipt*,9,52.0,60.6,10,48.59162886322771,63.40371723889784,14.812088375670129,58.43159709751357,51.247322117515324,14.765165810620672,31.13347568612142,4.819022336404281,3.9138940683882986,1.4611715283124838,7.1755797321165815,4.742222065438604,37.424059833135416
3930159,d2f74ec4-6f8c-4467-8ce0-e7cbd10ea4d0,7,Carry,9,52.0,60.6,10,48.59162886322771,63.40371723889784,14.812088375670129,58.43159709751357,51.247322117515324,14.765165810620672,31.13347568612142,4.819022336404281,3.9138940683882986,1.4611715283124838,7.1755797321165815,4.742222065438604,37.424059833135416
3930159,0c170c47-dfe3-4b97-bfec-944f3faaa722,8,Pass,10,55.7,64.0,10,51.70349075828858,64.24196392496235,12.538473166673768,60.293076992873715,54.457079722828375,12.663947340906233,34.13856654773883,5.420433151472509,4.043947157585571,1.38080294552978,6.432858509285104,9.241551525182544,38.04086883033865
3930159,a3d96d70-7778-484d-a009-c7b0887438ba,8,Ball Receipt*,11,49.2,77.8,10,51.05544661133435,64.09984086034412,13.04439424900977,66.31828978680699,55.46920483755015,19.788543993708963,29.282205935004946,5.135449621761572,3.9495524474596917,0.9857267989238636,11.052689669800529,3.402803470784349,37.628877913195765
3930159,aff1f1fc-c4cc-4f46-84dd-4a0fb84e4ca7,8,Carry,11,49.2,77.8,10,51.05544661133435,64.09984086034412,13.04439424900977,66.31828978680699,55.46920483755015,19.788543993708963,29.282205935004946,5.135449621761572,3.9495524474596917,0.9857267989238636,11.052689669800529,3.402803470784349,37.628877913195765
3930159,61b889a7-ba63-4fac-b260-8d36f1f55f7f,8,Ball Receipt*,6,59.1,65.8,8,46.78210992291307,61.102427034626544,14.320317111713472,60.80444358577339,64.45001873716237,32.48082253257535,9.279902510056367,7.439757828273589,2.7366929897081107,0.6289066858871308,15.685018654026322,0.4962365383144629,30.85379518789819
3930159,fca4f97b-6561-424f-9351-1bb4803fdf2c,8,Pass,6,59.1,65.8,8,46.78210992291307,61.102427034626544,14.320317111713472,60.80444358577339,64.45001873716237,32.48082253257535,9.279902510056367,7.439757828273589,2.7366929897081107,0.6289066858871308,15.685018654026322,0.4962365383144629,30.85379518789819
3930159,e5616cf3-50e3-4a75-8eb7-a2d11f9bfcb3,9,Pass,5,43.1,49.7,10,42.343247012800404,55.19445168614639,12.851204673345983,46.46365442247218,40.06516374661751,24.408671254472587,39.878469407512895,4.940966019518541,4.37546888422066,0.05885509395758959,10.318651285870963,9.042944082190196,26.121075312064967
3930159,ce841f9a-0b06-44e5-a23e-544e1cfec043,11,Ball Receipt*,28,41.3,24.6,9,53.04381496595555,68.59153610347897,15.547721137523425,32.140970784894414,33.66463478244588,36.486550561066224,53.17405901176449,5.421052768497673,2.1910915343226938,3.7663192792962548,17.40746268398182,14.28859803746613,37.325754960400076
3930159,49dbd072-7dc0-4af4-8a2f-835833e71ba4,11,Carry,28,41.3,24.6,9,53.04381496595555,68.59153610347897,15.547721137523425,32.140970784894414,33.66463478244588,36.486550561066224,53.17405901176449,5.421052768497673,2.1910915343226938,3.7663192792962548,17.40746268398182,14.28859803746613,37.325754960400076
3930159,5f9c8c9f-d01e-4356-82f7-c56bc3b1d97b,13,Pass,7,40.4,60.6,9,47.61768198278867,69.93111032485153,22.313428342062863,51.15534846601675,42.090404705328076,16.943771290509076,36.24849965331804,7.110096343676746,1.4766086480394247,1.4862909488395175,6.686799495345404,10.356443299058519,12.407712698409277
3930159,37c9fedd-4921-49f6-aabc-6734828258d0,13,Ball Receipt*,12,28.1,8.1,10,34.82134081803289,59.102764201836436,24.28142338380355,31.927916870550565,29.99207309350031,37.01282575120286,57.24577511864226,12.078236324622914,3.0545808758321016,0.3326730540487617,13.556041670272663,13.52711446852847,15.277132266267369
3930159,1a777350-bb7a-4753-b450-d320166c566d,13,Pass,12,28.1,8.1,10,34.82134081803289,59.102764201836436,24.28142338380355,31.927916870550565,29.99207309350031,37.01282575120286,57.24577511864226,12.078236324622914,3.0545808758321016,0.3326730540487617,13.556041670272663,13.52711446852847,15.277132266267369
3930159,3ba5c0c5-2da9-4851-a2a9-ad66c730d5e0,13,Ball Receipt*,13,36.3,34.5,10,35.05222229461704,56.6159373389617,21.56371504434466,33.55721779398774,34.31234475824897,37.685833442282046,48.437382678436144,7.936269218233983,5.548072615147258,6.426023777213516,11.891379476884126,8.478916042617893,20.893458193636448
3930159,d22244ab-47ff-49cb-a7ca-70bcbcc04904,13,Pass,13,35.7,33.7,10,34.452223820495945,56.01593886484061,21.56371504434466,32.75721855692719,33.51234552118842,37.685833442282046,48.437382678436144,7.936269218233983,5.548072615147258,6.426023777213516,11.891379476884126,8.478916042617893,20.293459719515354
3930159,7bf8f019-a07c-4886-a363-69039ced93b3,14,Ball Receipt*,17,69.3,37.0,9,52.25182762744009,67.9918748685334,15.740047241093308,40.76445644162333,47.88756929102434,27.535782917216146,30.19678213326751,5.950292967484508,6.255821719715324,0.9585480946617864,19.174339587146385,2.5646925397770843,49.89849024020555
3930159,78e57dca-2998-4156-9939-5c93b0cad49a,14,Duel,17,70.6,38.0,9,52.25182762744009,67.9918748685334,15.740047241093308,40.76445644162333,47.88756929102434,27.535782917216146,30.19678213326751,5.950292967484508,6.255821719715324,0.9585480946617864,19.174339587146385,2.5646925397770843,49.89849024020555
3930159,557dfa39-88a1-4da7-bac3-b32f56207bc4,18,Pass,8,50.0,33.0,10,49.100571725599686,66.48290188463076,17.382330159031078,33.0424096856875,43.764534203721766,33.622206875001474,41.502861034788495,8.33610833118988,2.524335110731359,1.4943302052601055,11.89382748631887,4.8037572484096245,31.69171895437715
3930159,91265c22-54e6-4c78-8e70-ee38228e78f8,21,Ball Receipt*,5,61.1,26.1,10,47.525861197179104,62.975744527685286,15.449883330506182,12.646249463128786,26.294531215075803,25.64512359404256,26.945645332607494,4.112427467181576,4.987088371884771,0.7620001576163205,16.210569677243477,5.122130446915815,32.86585740200777
3930159,96db74be-129d-4d08-8b13-703ebb6a4566,21,Pass,5,61.1,26.1,10,47.525861197179104,62.975744527685286,15.449883330506182,12.646249463128786,26.294531215075803,25.64512359404256,26.945645332607494,4.112427467181576,4.987088371884771,0.7620001576163205,16.210569677243477,5.122130446915815,32.86585740200777
3930159,81f41a36-1560-418c-9cc3-dbd84eda5ade,22,Ball Receipt*,56,39.5,7.2,10,50.16848629872156,68.09024995156537,17.921763652843808,24.55535659597382,31.33327682474351,30.213056599513337,50.771025226713334,6.816737326789752,2.264723645431975,0.8454436377649444,11.761294478029669,13.03963630088532,26.07130153824839
3930159,f0f4a087-5971-464e-9d6e-a20887bad49e,22,Carry,56,39.5,7.2,10,50.16848629872156,68.09024995156537,17.921763652843808,24.55535659597382,31.33327682474351,30.213056599513337,50.771025226713334,6.816737326789752,2.264723645431975,0.8454436377649444,11.761294478029669,13.03963630088532,26.07130153824839
3930159,7d390ad3-3a8f-4180-9924-f601c17fc251,22,Pass,57,39.5,7.2,9,48.898941989116075,67.60618208851955,18.70724009940347,22.67827544026456,32.044803468120136,31.63504935479476,52.093321178171415,6.675990940158839,4.758403465057919,5.103285750084666,10.77954011135688,13.389095091372248,21.2997376268941
3930159,9bc05a79-424b-42d2-907a-46e9b57170ac,22,Ball Receipt*,57,43.8,16.2,9,46.90305670370607,65.92198738980949,19.018930686103417,20.539874563739893,34.34245889678515,35.062781968354436,43.067454161955055,6.37414225682737,5.8127283507238365,4.720139156435721,11.93042673517057,11.194596869835188,17.820441874003535
3930159,d7fa284d-5da0-40de-afd9-e41a70c3a07a,22,Pass,57,43.8,16.2,9,46.90305670370607,65.92198738980949,19.018930686103417,20.539874563739893,34.34245889678515,35.062781968354436,43.067454161955055,6.37414225682737,5.8127283507238365,4.720139156435721,11.93042673517057,11.194596869835188,17.820441874003535
3930159,a7abd4f6-9d99-4282-8f1a-c415d6c0521e,23,Ball Receipt*,86,58.1,24.7,9,44.846438668103886,63.50565205993003,18.659213391826142,31.016140747921696,34.18861424185529,30.927956869641264,43.006165041816494,9.705173237430534,6.488774107667517,4.057270728869483,14.847730483563666,8.03500569485879,28.313796395089618
3930159,47633993-e87c-42bd-8844-594ecf0a70a8,23,Pass,86,58.1,24.7,9,44.846438668103886,63.50565205993003,18.659213391826142,31.016140747921696,34.18861424185529,30.927956869641264,43.006165041816494,9.705173237430534,6.488774107667517,4.057270728869483,14.847730483563666,8.03500569485879,28.313796395089618
3930159,69c37434-eab2-49f9-8cbd-30a72b42f967,23,Pass,90,44.0,30.8,10,44.95366593229477,57.7821073432533,12.828441410958533,27.71667356230868,37.432466051063685,13.40485958452647,37.57063487013565,6.077919756823847,3.388855483291657,0.9835402625227943,6.294751323838483,6.754767360902186,34.83681627416004
3930159,15f1a240-f1dd-40ab-a0fe-5158bb461e09,24,Duel,6,63.8,68.0,9,32.026660098683664,49.59665962381198,17.569999525128317,22.22576353991256,15.479375068673802,26.33665290330905,12.421980014130348,4.301536080415548,5.067746192490263,2.446590041457114,14.243756364444572,2.446900992845059,33.193517233610045
3930159,70edae8f-19d8-4748-8a8d-0ccfa1f0698e,24,Ball Receipt*,14,33.1,61.8,9,36.936966792079374,63.46503043799735,26.528063645917975,36.015965934655775,41.196455905788646,19.548473970012644,49.187443400597815,10.521838016571053,3.7657383322071043,0.779298897409717,7.231864426555809,15.057772662501272,23.02108562481402
3930159,cf8ad0e2-7429-4b9d-996f-8d37564d3311,24,Carry,14,33.1,61.8,9,36.936966792079374,63.46503043799735,26.528063645917975,36.015965934655775,41.196455905788646,19.548473970012644,49.187443400597815,10.521838016571053,3.7657383322071043,0.779298897409717,7.231864426555809,15.057772662501272,23.02108562481402
3930159,17b40521-dbb4-4c4a-83f3-d1c90309b7a3,25,Ball Receipt*,24,46.2,1.9,9,51.491574260806296,65.74329600377932,14.251721742973025,24.131475056374207,15.66040188095182,28.066091515089827,24.327866878944306,4.756722536717015,2.8481869084776985,0.7058734148216494,13.52132273916154,5.764151226260783,29.588300199737073
3930159,523c6d60-6023-40ad-8273-36dbc6fb6f55,25,Carry,24,46.2,1.9,9,51.491574260806296,65.74329600377932,14.251721742973025,24.131475056374207,15.66040188095182,28.066091515089827,24.327866878944306,4.756722536717015,2.8481869084776985,0.7058734148216494,13.52132273916154,5.764151226260783,29.588300199737073
3930159,922384a1-a7ee-4fe1-a277-074f1a0bdd50,25,Pass,26,46.2,1.9,10,49.800898423660875,63.43357877106361,13.632680347402733,21.52479294698923,21.821847630932126,34.58238985255845,44.100538286221756,4.676746314296099,3.2840108659004845,2.9169627163379452,13.280299591189422,6.167287004518506,27.074149355885528
3930159,5da58e88-ed4a-48a4-8152-7ca6fa3bb7a2,25,Ball Receipt*,27,49.4,6.9,10,52.09100102393552,66.18827562818281,14.09727460424729,16.15814024407228,16.691860558796726,34.47054013495057,43.78937553820816,4.74913447095024,3.3864892470235577,0.16255882772973607,14.536135133514044,4.628288466856922,30.907004163930473
3930159,92f4c100-af40-4b48-9be2-99a71b81b694,25,Carry,27,49.4,6.9,10,52.09100102393552,66.18827562818281,14.09727460424729,16.15814024407228,16.691860558796726,34.47054013495057,43.78937553820816,4.74913447095024,3.3864892470235577,0.16255882772973607,14.536135133514044,4.628288466856922,30.907004163930473
3930159,01dbe020-8c90-410e-bb4b-4343c4b8c164,25,Pass,28,48.8,7.2,10,51.780549508159694,66.37128958896787,14.590740080808175,18.34037198777369,16.725716994834578,34.29771880612007,46.35375888829891,5.416776721487898,2.2288930842332864,1.9993280311747839,15.264874601776441,5.565136566203957,33.10282672204066
3930159,cb05edbc-0d2c-4c05-971a-c1772fc20f8c,25,Ball Receipt*,30,36.9,7.5,9,48.74138231993984,64.48768044970448,15.746298129764646,18.807997710633433,13.54573793654358,32.73966174550765,24.951055555462123,6.4469313557648285,1.6432788900542354,3.7981176856827616,15.715597067617594,5.777264929555205,31.965411650059572
3930159,33bedad0-b48f-4636-97c3-0ae37a51f602,25,Pass,30,36.9,7.5,9,48.74138231993984,64.48768044970448,15.746298129764646,18.807997710633433,13.54573793654358,32.73966174550765,24.951055555462123,6.4469313557648285,1.6432788900542354,3.7981176856827616,15.715597067617594,5.777264929555205,31.965411650059572
3930159,c71b9c17-359c-4ef2-adb2-3410043a134b,25,Ball Receipt*,30,37.7,10.5,10,44.96630736019981,61.011386515641675,16.04507915544187,15.769272063007435,10.608604000281229,29.525687371870273,24.25862907099134,7.148691582543139,1.4963208371615417,0.23514324157869382,14.596447930210608,5.291492208489618,28.442508940951843
3930159,00a6112a-348a-48a1-b9ee-d19596d5c1ce,25,Carry,30,37.7,10.5,10,44.96630736019981,61.011386515641675,16.04507915544187,15.769272063007435,10.608604000281229,29.525687371870273,24.25862907099134,7.148691582543139,1.4963208371615417,0.23514324157869382,14.596447930210608,5.291492208489618,28.442508940951843
3930159,eb050d67-8bfe-4527-ae99-6b47de0e14fb,25,Pass,31,41.0,8.0,10,45.846486713275404,60.42820962046652,14.581722907191114,18.041478543652072,14.384410380926475,30.737035683986967,25.243121940035437,6.531653760779644,1.629921294881428,0.18531448901239145,16.11578530192101,5.697549218591018,29.364053567964376
3930159,0d7d5c77-6268-44fe-89fa-54ac1f11429c,25,Ball Receipt*,33,49.6,1.4,10,48.68068157719891,61.89409028146521,13.2134087042663,21.427356745722705,18.957552596946847,31.05707948360822,25.681075243359018,5.803013980378363,0.8867971435107475,0.03735443448269038,17.912819506953287,6.051014420712111,31.56787532342679
3930159,3ef95936-e398-4251-a4eb-039796c28493,25,Carry,33,49.6,1.4,10,48.68068157719891,61.89409028146521,13.2134087042663,21.427356745722705,18.957552596946847,31.05707948360822,25.681075243359018,5.803013980378363,0.8867971435107475,0.03735443448269038,17.912819506953287,6.051014420712111,31.56787532342679
3930159,5daad421-c89d-457b-807c-4fa18e1f4881,25,Pass,36,51.1,8.0,10,52.58230716936144,65.0382849945469,12.455977825185457,18.76602596889864,27.074659650903776,29.02165669537266,36.639594562977194,3.837314157030346,0.5773040933284623,0.878490678144761,14.9153780538749,7.681549179054198,37.051134879223234
3930159,425f2fa6-18cf-4e13-aa88-76252f6095ed,26,Ball Receipt*,39,78.1,13.0,9,44.26784753747747,62.62932296277168,18.36147542529421,49.18160803728771,53.54868950857252,72.0923654690699,40.05838425389314,5.669152299537822,7.381661534414921,1.955868343502658,31.08178738800811,8.39790655488494,11.946028503772197
3930159,5f2db19f-0c94-4f32-b7f4-a2c0dc89f725,27,Pass,21,42.8,37.3,9,38.959013858006735,60.56629588322514,21.607282025218403,35.691833003006494,45.54474038937411,24.94550210851005,51.00715702322285,7.251890090095017,6.432989635672807,0.30548272236626417,12.376607242378483,4.08092242050693,20.28406079008812
3930159,90df0a9f-7a48-40c3-982b-62419ddf59c9,28,Pass,37,43.4,26.7,10,43.919964864127564,60.75879537358377,16.83883050945621,25.61985389497047,29.296017859078518,18.527437941211367,47.03150253792714,2.5313957779246663,3.2168905282366533,1.1893661983625208,10.519694555281447,6.869357510190618,26.4785641263191
3930159,8247656b-3480-4e6d-83e3-b975024e41e7,31,Ball Receipt*,23,51.8,38.2,9,44.541898220660585,60.05766338629901,15.515765165638427,52.3658969750911,42.90490890988946,31.223685283515927,42.88018412719426,6.068733852068833,3.3999284772029914,1.147583987634384,15.382456445017425,11.19098583389134,27.768851462112224
3930159,81f1eadc-b5e8-4700-b931-fed2d10a091c,31,Pass,23,51.8,40.2,9,44.541898220660585,60.05766338629901,15.515765165638427,54.3658969750911,44.90490890988946,31.223685283515927,42.88018412719426,6.068733852068833,3.3999284772029914,1.147583987634384,15.382456445017425,11.19098583389134,27.768851462112224
3930159,a60caa5a-bbe7-4111-bd96-3a3597a5e085,31,Ball Receipt*,24,41.4,47.8,10,44.78424361148966,60.21422243073883,15.429978819249172,50.65921995515414,57.00197505597518,30.770046998373438,15.781091293220427,5.031848432850347,4.580043693123907,5.265283626094941,9.10748928614769,4.612316865193286,27.36234104251973
3930159,775f824c-cb7c-419c-a882-4e4e5c8c1001,31,Carry,24,41.4,47.8,10,44.78424361148966,60.21422243073883,15.429978819249172,50.65921995515414,57.00197505597518,30.770046998373438,15.781091293220427,5.031848432850347,4.580043693123907,5.265283626094941,9.10748928614769,4.612316865193286,27.36234104251973
3930159,6ec48c5d-6d60-45be-a186-8121ab12d5d8,31,Pass,27,44.2,43.9,10,49.891278107899645,65.84536561597383,15.954087508074188,47.176749411005474,48.18874123815743,32.946625888080334,40.605520971672874,3.1905570864186714,3.774522023924893,3.236072901954387,12.361419937395446,5.321168113659411,35.420267741495024
3930159,0133ac23-6745-483d-acd0-2d8d3f41cbf4,31,Pressure,30,50.0,16.9,10,50.892640263878015,67.92849501893322,17.035854755055205,31.502903635844888,40.92517364521399,45.61186871210116,31.258111131695415,3.0801657515372574,2.971803146662576,7.982160981461014,12.729178054361668,8.318113928536519,37.309149701623795
3930159,19b3dfac-686a-4a45-a96b-df9c010a0f6e,31,Foul Committed,30,49.5,14.8,10,50.29931344740429,68.67877560638141,18.37946215897712,27.367048773718558,37.352826454012444,47.09167624067745,33.07884947757209,2.71490349193853,2.7652070658694687,9.613180110689662,14.299978614937999,9.576527046155796,37.944912722111226
3930159,c4f98051-dd87-444d-a418-715b48058f7a,32,Pass,25,33.1,38.7,8,42.91216754996951,57.34621631699607,14.43404876702656,35.917849028590524,50.18646686543965,29.228874924573454,35.39866868001915,6.082315720279795,2.5725335972195826,2.154308835013886,14.717859111030968,12.808139478050407,28.70758107489712
3930159,c9006a66-8c46-4c2b-84b9-4d96562abc24,32,Ball Receipt*,27,31.3,74.9,8,44.64246138216079,58.536111231056,13.893649848895208,49.19161565509823,63.037720473645145,34.578607957020125,30.069201771100104,6.872492201993138,1.2124147083678893,5.210629965420296,12.216627336593923,12.816793840974128,31.299999237060547
3930159,6c36b2a3-1a73-4e63-bbb7-31209f7cee6f,32,Carry,27,31.3,74.9,8,44.64246138216079,58.536111231056,13.893649848895208,49.19161565509823,63.037720473645145,34.578607957020125,30.069201771100104,6.872492201993138,1.2124147083678893,5.210629965420296,12.216627336593923,12.816793840974128,31.299999237060547
3930159,3831e2b1-1898-49b8-8b9d-cb76df7cce28,33,Pass,28,31.3,74.9,8,43.45351144372124,58.76095620176873,15.307444758047488,60.72919146037432,48.260052854587656,33.74398458326225,34.98271749637035,7.7832045010201405,2.835984327322451,5.406675732000274,10.064847069562845,15.187141714988648,29.88992369515222
3930159,4537ac9b-2319-4a9b-bd10-93cd7969e8a5,35,Ball Receipt*,34,50.3,62.0,10,49.194523873932624,68.75685419814425,19.56233032421163,63.96007989783364,45.220152391953796,36.55527361547666,42.78832191405812,7.302968668609078,3.475562917669235,6.299193867243673,13.256730792639047,7.256232161291393,35.74182323810594
3930159,1f1455b2-6970-4a5e-959e-ad6c9f7c5830,35,Carry,34,50.3,62.0,10,49.194523873932624,68.75685419814425,19.56233032421163,63.96007989783364,45.220152391953796,36.55527361547666,42.78832191405812,7.302968668609078,3.475562917669235,6.299193867243673,13.256730792639047,7.256232161291393,35.74182323810594
3930159,bc82427c-66b5-4488-b490-030744cbf6a6,38,Pass,54,58.9,50.0,10,48.49432424372219,66.34293805713493,17.84861381341274,51.0966506899906,38.8470929785384,30.342702883666583,46.57073223684945,6.9217861887683725,2.941303996028816,0.5054211687377546,20.337892013380177,2.8124581908850956,37.01660194963384
3930159,cd806beb-5c6d-40a6-9a95-8750d5db0629,38,Ball Receipt*,55,51.4,46.3,10,48.207084029558814,65.90632207453487,17.699238044976056,51.76558603177936,44.56219242867018,28.62297729787528,45.63964116512121,6.777611428597699,2.763683902878394,1.9424020497774421,16.17330567382126,12.984993276322555,36.64686018143174
3930159,63343495-b5c5-4af0-8d52-fb8585a4b607,38,Carry,55,51.4,46.3,10,48.207084029558814,65.90632207453487,17.699238044976056,51.76558603177936,44.56219242867018,28.62297729787528,45.63964116512121,6.777611428597699,2.763683902878394,1.9424020497774421,16.17330567382126,12.984993276322555,36.64686018143174
3930159,0ea695ff-ff3e-471f-8cfd-06e3e7111b83,41,Ball Receipt*,14,21.8,78.0,8,21.636718403294733,38.80433829065809,17.167619887363355,59.86730856101536,47.108155941308574,17.52185817645247,34.44855159023938,5.107563528421663,6.674694254598791,0.33451682662821014,12.169030476843218,14.938146913181221,8.78751836958125
3930159,47e1eb8c-fe49-4ae3-89f3-6feee11ffb27,41,Carry,14,21.8,78.0,8,21.636718403294733,38.80433829065809,17.167619887363355,59.86730856101536,47.108155941308574,17.52185817645247,34.44855159023938,5.107563528421663,6.674694254598791,0.33451682662821014,12.169030476843218,14.938146913181221,8.78751836958125
3930159,ac8eb844-3793-4502-afb8-080d239526fe,41,Pass,15,21.8,78.0,8,21.193030410590772,37.881237435988425,16.688207025397652,63.57977158639758,60.74597961825656,24.985349746600498,44.725907326530056,4.975020949271732,3.491074480097217,0.3372847975818445,11.912448112292275,7.340645883717457,7.521913409154621
3930159,a12e7f0c-8fe6-4a1a-9c01-eda25ce6da8d,41,Ball Receipt*,17,50.8,71.0,9,29.3690830624622,51.05931083914821,21.69022777668601,58.02044350426505,66.93248896767572,42.09530969143094,21.128846461818334,5.721787974077436,7.093143799436985,3.247229776114736,16.16673197003246,0.5520272842031062,22.34109575693364
3930159,13a04a46-f747-4d71-947d-4e1245a5f3e4,41,Pass,17,50.8,71.0,9,29.3690830624622,51.05931083914821,21.69022777668601,58.02044350426505,66.93248896767572,42.09530969143094,21.128846461818334,5.721787974077436,7.093143799436985,3.247229776114736,16.16673197003246,0.5520272842031062,22.34109575693364
3930159,9f9489d5-7377-4111-9dab-ad30587ef75f,42,Ball Receipt*,8,48.8,62.7,8,34.361719261512086,52.07513241894163,17.713413157429542,56.71233812046321,55.6970660709051,36.80274859357604,20.776349782411415,8.31559155404423,4.274439468208827,3.96304766142606,15.381242204751537,5.07474367860668,5.4375712662691384
3930159,95f8222f-9e2f-4378-ab75-6eb1c498eea3,42,Pass,8,48.8,62.7,8,34.361719261512086,52.07513241894163,17.713413157429542,56.71233812046321,55.6970660709051,36.80274859357604,20.776349782411415,8.31559155404423,4.274439468208827,3.96304766142606,15.381242204751537,5.07474367860668,5.4375712662691384
3930159,58ff7d8e-29d1-4ec1-bb84-6d9617129341,42,Ball Receipt*,9,63.0,60.4,8,41.31483760849818,60.261531058197086,18.946693449698905,52.86717173800049,53.849086811491276,30.074748008404207,14.19272436338077,9.292170173993654,5.612641437293318,3.98126538381311,14.431256595131025,3.2421611928883607,28.065413271838914
3930159,a9708c4c-180d-4e99-b484-bf484eaf7bec,42,Carry,9,63.0,60.4,8,41.31483760849818,60.261531058197086,18.946693449698905,52.86717173800049,53.849086811491276,30.074748008404207,14.19272436338077,9.292170173993654,5.612641437293318,3.98126538381311,14.431256595131025,3.2421611928883607,28.065413271838914
3930159,0c591619-c52b-450b-b190-1bcb9791547f,42,Foul Won,15,56.1,54.7,9,48.67062049331113,62.97671088752719,14.306090394216064,29.53281835302127,22.566145473415517,37.99284261159808,24.00389334580118,3.142183960406958,4.795803829352934,7.893452889861372,12.95828501488478,3.9936292049155924,47.32264045246683
3930159,aa5a245f-6f12-4bcf-8cd7-70cf60bde795,42,Carry,15,56.1,54.7,9,48.67062049331113,62.97671088752719,14.306090394216064,29.53281835302127,22.566145473415517,37.99284261159808,24.00389334580118,3.142183960406958,4.795803829352934,7.893452889861372,12.95828501488478,3.9936292049155924,47.32264045246683
3930159,abf6f049-8fc4-4c70-b494-49ccc36d116c,43,Pass,11,46.6,48.0,8,49.23349764988271,68.26338344904525,19.029885799162543,44.72957543527593,40.14135982566545,32.68876759152631,9.994481742324112,8.146059252576801,2.1319477968137908,0.26391068911070903,21.430200120294188,4.263052827549394,35.40839985398942
3930159,c4c8cae1-7b75-4009-8309-ec0b2f20a45e,43,Interception,16,44.0,39.9,8,47.722953860246854,65.40653357613202,17.683579715885166,45.73502346822812,40.82439748225904,18.79519360761428,35.95384610265658,6.885761753915144,1.394717036681838,0.22547764203812193,12.533617486227861,9.122389398016153,40.51674681814555
3930159,6b0b4ea8-5e7e-4dbe-9c34-4dd4aa103071,43,Carry,16,44.0,39.9,8,47.722953860246854,65.40653357613202,17.683579715885166,45.73502346822812,40.82439748225904,18.79519360761428,35.95384610265658,6.885761753915144,1.394717036681838,0.22547764203812193,12.533617486227861,9.122389398016153,40.51674681814555
3930159,50108f70-44f8-47ff-90dc-4d8872c8fa4c,45,Ball Receipt*,5,79.7,55.4,10,41.519161948977136,62.08955329112997,20.57039134215283,26.01359061295174,32.74008580225427,19.83327263291895,22.978770817883387,5.3329076588334585,4.51789047799928,0.2584124021141747,9.485412203697528,0.7325330685661839,31.614829943121663
3930159,2a3d22f6-408b-4559-a29e-194e010c3da3,45,Pass,7,11.5,43.8,10,40.09046745240283,60.05886689189726,19.968399439494434,41.27204705157295,44.66547774350498,30.236528275050603,53.75981532132829,7.971555137848619,3.1874038984715223,0.6589929188015802,16.66224354165452,10.807517126362697,11.5
3930159,bb613d9e-9b71-4a21-81f6-abef672bd6d3,45,Ball Receipt*,8,14.6,55.6,9,41.41209447173776,61.406285296494744,19.994190824756984,43.442768691393184,47.496953215222206,32.44462075155538,54.55431412945338,8.148493978914377,3.13551965825259,2.0011755715033246,17.60166635067513,12.884680569397425,11.011364543511803
3930159,4164639d-8571-4b2d-9a2c-db3fce056bf1,45,Carry,8,14.6,55.6,9,41.41209447173776,61.406285296494744,19.994190824756984,43.442768691393184,47.496953215222206,32.44462075155538,54.55431412945338,8.148493978914377,3.13551965825259,2.0011755715033246,17.60166635067513,12.884680569397425,11.011364543511803
3930159,f640c773-45f5-4ed0-af07-2b9bdd179a89,45,Pass,9,14.6,55.6,9,39.90263462243863,60.43733069134877,20.534696068910137,45.04538765772672,49.546238452181605,31.16952937710083,54.66761415431215,8.02523924271378,2.8790883064111497,1.6132063309503906,18.945627617145448,13.993020374672192,8.321453401099603
3930159,1d9c9ed4-5143-4b4c-9f68-a67d932e87ec,45,Ball Receipt*,11,18.4,28.7,8,40.19793807196417,62.6916733741897,22.49373530222553,36.98367750176425,38.57703910895632,30.075806467739653,55.119472894319784,8.746330351431876,2.283718163149723,0.468996451692405,15.83759965911753,21.899109431290228,8.59957637908704
3930159,185a77d8-d4a0-4d1c-828e-742cba50fe67,45,Carry,11,18.4,28.7,8,40.19793807196417,62.6916733741897,22.49373530222553,36.98367750176425,38.57703910895632,30.075806467739653,55.119472894319784,8.746330351431876,2.283718163149723,0.468996451692405,15.83759965911753,21.899109431290228,8.59957637908704
3930159,4e2f672a-eda9-457d-8698-673323d3c41a,45,Ball Receipt*,20,55.3,71.8,8,48.0199887130007,63.445950779036956,15.425962066036256,56.856532246184614,56.3339838499478,53.491815896784566,44.0699845959082,11.162025778932389,1.8392774615644534,4.075931063408149,22.56642711338106,17.126982755649145,20.500354645283956
3930159,e3b00c27-9dd0-44a0-a373-22aebc239476,45,Pass,20,56.7,71.2,8,49.419990238879606,64.84595230491585,15.425962066036249,56.25652614266899,55.733977746432174,53.491815896784566,44.0699845959082,11.162025778932389,1.8392774615644534,4.075931063408149,22.56642711338106,17.126982755649145,21.900356171162862
3930159,8463557a-ef05-4327-b8b0-20d5bd3e3689,45,Ball Receipt*,14,56.6,56.9,8,45.8384773191068,60.916418085362245,15.077940766255445,47.31584360346756,44.085151814003744,52.97375194680098,30.492573224015636,9.239030575052235,2.712372963671023,2.257753326050185,22.667067820563787,11.547507353498808,30.012835561983223
3930159,7b751a8e-50d4-4e80-8dbf-0cac6ba81807,45,Miscontrol,14,56.9,56.9,8,46.13848037086461,61.21642113712006,15.077940766255445,47.31584360346756,44.085151814003744,52.97375194680098,30.492573224015636,9.239030575052235,2.712372963671023,2.257753326050185,22.667067820563787,11.547507353498808,30.312838613741036
3930159,70aa4477-edd0-47b2-8850-c87b24fb4fa9,45,Pass,17,40.3,53.2,8,42.283564770817016,54.880245599650976,12.59668082883396,54.68704316864556,42.32222196037089,20.413918620565987,40.68881422326614,7.380762123837563,3.3113229855295967,1.4018297665144388,9.963978244581071,12.329887600650594,25.920101160253843
3930159,349077f3-2c65-4e8a-97b9-dc3903b03869,45,Ball Receipt*,18,50.5,62.2,9,42.74554079821695,57.02986078377121,14.284319985554262,56.6560947890232,42.3447614074351,19.422138078769017,40.47507528868799,6.351059054584849,4.182985235059004,2.524181354557591,7.458472160111157,10.753447835782488,28.130905060856584
3930159,8a6188f4-412f-4d82-ab4f-97f81eb33365,45,Carry,18,50.5,62.2,9,42.74554079821695,57.02986078377121,14.284319985554262,56.6560947890232,42.3447614074351,19.422138078769017,40.47507528868799,6.351059054584849,4.182985235059004,2.524181354557591,7.458472160111157,10.753447835782488,28.130905060856584
3930159,138d4e66-56cf-40e0-82e4-815597789383,45,Miscontrol,18,50.5,62.0,9,42.75140496741584,57.02563609391525,14.274231126499416,56.42465932178105,42.21834858004114,19.227709360520805,40.375341693204604,6.36667994730971,4.181458564330442,2.585593341429508,7.292194973236889,10.797023481341995,28.10329412599327
3930159,d2356e15-715a-4b35-bb76-047717a20891,45,Pass,20,46.5,71.3,9,44.22124691304207,58.44073746038605,14.21949054734398,59.05817914319133,44.194880458016335,23.33839286912628,46.30532633075315,5.602512191026021,3.0569809790375992,5.1941505276395645,6.7536405819004415,12.451342102007452,31.416591947514277
3930159,7910cc71-3cea-418e-98fd-edef1b4ec96c,48,Pressure,8,43.2,41.4,10,34.77278911422793,51.01485325706193,16.242064142833996,52.793058894844606,45.657071483270634,20.06917757640513,33.54679868761441,5.44184436934837,4.549041004008588,0.4296372285663992,9.389285558787599,0.8810626248501876,28.059611732062194
3930159,20c02e34-ee24-4353-ab94-a223bf445d9f,49,Ball Receipt*,32,75.1,31.6,9,31.349653901381913,50.80123712779672,19.451583226414805,64.34762224400738,52.143718863988184,33.55425504301175,46.97116412237639,5.731720370991619,3.5975707543446194,1.6609232577600324,18.140055756816707,5.932505129639438,5.566633796999852
3930159,00010fcb-257b-4d21-b643-c030bf8752f9,50,Pass,24,41.8,26.1,8,52.85072147384456,66.94861432361655,14.097892849771995,35.469450435912364,45.419020797362485,31.059513072199117,18.927698780379053,4.704465230515427,0.35924824246281445,4.701393023523892,9.736615399200026,6.77233352984797,37.18212503688575
3930159,07f64215-074e-4543-b81e-7f0818908ed7,51,Pass,38,29.7,57.3,8,24.909405053274217,51.02963991693014,26.12023486365592,54.43100896396784,57.53731911505295,24.943151516363102,17.825626914468053,5.851548427303111,1.5969475576086511,3.23700956781542,9.347394477608304,2.2029133876216704,2.2296956292649597
3930159,6292b784-f243-41ef-985c-eda937f16cc2,51,Pass,43,39.3,50.1,9,36.430276195176255,58.64466677361737,22.21439057844111,51.009922030629674,47.46493668180595,28.69200682240111,20.764029047166147,7.9376274194936105,2.3648298890806134,4.474307784868728,13.559849151237373,4.350151608550377,27.267063757233366
3930159,11d0fb61-8779-4c04-8520-eb3a728ba9c0,51,Ball Receipt*,45,47.9,61.1,10,35.82384430928186,58.66143731637678,22.837593007094917,55.212070182668675,47.58644921991387,26.43328566140311,20.317832185356885,5.588631865466884,3.8597055875143558,0.08836262346597579,10.394949896220083,3.2851460129034606,30.076425810454584
3930159,83adce32-09cb-489e-b4c4-f2b7f2d82bdd,51,Carry,45,47.9,61.1,10,35.82384430928186,58.66143731637678,22.837593007094917,55.212070182668675,47.58644921991387,26.43328566140311,20.317832185356885,5.588631865466884,3.8597055875143558,0.08836262346597579,10.394949896220083,3.2851460129034606,30.076425810454584
3930159,3a3d932e-218e-4a08-aa4e-72e5e12f911e,52,Ball Receipt*,13,68.2,39.0,10,44.816855851156575,61.66139899787266,16.844543146716084,24.16644374168847,26.35334482891784,26.943369683760103,54.16513313491172,7.301227298792281,2.3814797791629414,2.7728932486770574,12.53460528201935,10.715608229194068,42.60912349833329
3930159,9d703187-6ca1-4055-b3e2-a8d81394097d,52,Interception,17,47.6,48.5,8,51.09232331184565,68.34994138975914,17.25761807791349,41.29769504561062,43.31668986800617,38.101645752114585,20.0706319510031,3.994108184371069,2.208365462622565,6.856602633132482,13.655573821035539,8.76408963580299,41.566360914145044
3930159,8a4fb4fc-00a8-4643-b0f2-2ab9007b3114,52,Pressure,18,47.2,33.4,8,44.2870992876072,62.3375385496519,18.050439262044705,40.14136053016466,40.564394241036894,37.447163159059436,19.26625373898183,4.834341843425839,2.5068985479770975,7.342879337089656,15.092116720307502,8.317138671361256,35.58076421625063
3930159,ad64be64-ffab-4ea7-a57c-410a54432250,53,Pass,13,37.0,45.5,10,47.324726963106514,63.3599576322554,16.035230669148888,38.720612313418215,49.860607293674846,29.555355003705714,53.34973562067459,5.446976416797293,1.5401679467539657,3.51276886747074,15.062004967788127,5.726134511098536,29.7607682675023
3930159,46010060-e8b2-4878-9b86-63563eacbbbf,53,Ball Receipt*,16,50.2,77.7,10,53.31639609595679,65.80230951246038,12.485913416503593,45.6374564794488,47.35871995381566,31.513238195934782,41.97609833384621,5.029339240072928,0.7408590962753405,3.475894762220463,18.063839846718743,7.381771920949376,34.59067657271082
3930159,63bc9d74-93eb-4786-b8d6-7832e157a70d,53,Carry,16,50.2,77.7,10,53.31639609595679,65.80230951246038,12.485913416503593,45.6374564794488,47.35871995381566,31.513238195934782,41.97609833384621,5.029339240072928,0.7408590962753405,3.475894762220463,18.063839846718743,7.381771920949376,34.59067657271082
3930159,fe1942ea-cebd-4be2-9e3c-2caf50207f06,54,Ball Receipt*,55,56.6,77.9,8,46.73311754580256,63.201240023175465,16.46812247737291,63.41571902661192,55.08037551569339,51.622922702145225,32.32522871675541,10.98965559629283,1.4053635256193195,2.8412793071886,28.50820658480992,15.819800496426254,25.36802307460617
3930159,e363ed55-ceb9-44f1-8db4-a61060a1f74d,54,Carry,55,56.6,77.9,8,46.73311754580256,63.201240023175465,16.46812247737291,63.41571902661192,55.08037551569339,51.622922702145225,32.32522871675541,10.98965559629283,1.4053635256193195,2.8412793071886,28.50820658480992,15.819800496426254,25.36802307460617
3930159,f2fe758b-a978-4964-9d19-bebeffa72cfc,54,Miscontrol,55,56.8,77.9,8,47.80911453158099,64.15838731531545,16.349272783734463,63.93902128483154,55.38934468584899,51.043212153716546,31.83010778787544,10.831939602930571,1.4601380028286948,1.7292258894350567,29.51660802755439,15.432344763681684,26.508865323297698
3930159,fc5facba-b009-4fe4-8a25-e56725c35214,54,Pass,56,54.9,78.9,8,52.02153609713971,67.0180573683774,14.99652127123769,62.04256361433755,53.85561792617906,50.300235545884114,32.464717083115076,10.14652557640172,2.034852335359066,1.2912703117961115,30.890017616087135,15.150065350641071,39.79884646529776
3930159,ebf1f84c-8511-496a-8bae-a38910f098b4,54,Ball Receipt*,57,61.7,67.8,8,53.924129012441334,67.95275646356987,14.028627451128536,69.91216408107822,40.26436610956811,17.668556282929828,29.644814987513946,8.963296857457477,2.4227955263356997,0.1396357174292291,9.277468315687287,10.536606828659806,37.148549023139026
3930159,5930d769-8148-4605-88b4-f9538079da4b,54,Pass,57,61.7,68.0,8,53.924129012441334,67.95275646356987,14.028627451128536,70.1121610293204,40.464363057810296,17.668556282929828,29.644814987513946,8.963296857457477,2.4227955263356997,0.1396357174292291,9.277468315687287,10.536606828659806,37.148549023139026
3930159,c42ab5f7-3eda-4234-b8d3-7e0c26f85409,54,Block,57,59.4,68.9,8,53.264819717955696,67.15933176935552,13.894512051399822,72.56531789526396,43.34419268728951,17.552103419095943,29.37909172927671,8.228566670524481,2.1012255887846707,0.9563190182329606,8.472045848131032,10.588332484139258,37.81093344220252
3930159,d5669640-3285-4ea1-b2cb-a3fe9ebf1c15,54,Ball Receipt*,9,49.0,6.2,9,48.988485396423876,63.723750162549294,14.735264766125418,38.23018094154348,43.67369114004232,39.90693955282177,40.53265279471917,4.7320567232384105,1.0931376147026988,5.938678535601291,18.757017838467462,12.617787096707957,12.887358584305076
3930159,68a4d352-25c9-4987-bae3-70422a210471,54,Carry,9,49.0,6.2,9,48.988485396423876,63.723750162549294,14.735264766125418,38.23018094154348,43.67369114004232,39.90693955282177,40.53265279471917,4.7320567232384105,1.0931376147026988,5.938678535601291,18.757017838467462,12.617787096707957,12.887358584305076
3930159,03418041-bb03-42d0-9663-3104e5323a22,57,Pass,5,65.0,60.9,10,50.55908357517446,64.2457709531903,13.68668737801584,55.964616406364826,61.0678285413231,36.35785134255953,15.451157681636815,8.27067618260099,1.6408128421974628,0.11670947509719554,25.425472980996147,0.12452853090240978,39.75967309587686
3930159,cb99b996-5f88-4c74-a64a-00abcddc29e8,57,Ball Receipt*,5,64.4,64.6,10,52.38940209078844,65.71402782087391,13.324625730085472,56.452325181097514,57.70159685208514,36.79982528880893,12.359739810042768,8.259658907168008,1.5323138202178566,1.099515157227387,24.979566421315923,0.46266845233230924,38.61093336155068
3930159,64d54e56-3cfb-443d-b864-32130782df1b,57,Carry,5,64.4,64.6,10,52.38940209078844,65.71402782087391,13.324625730085472,56.452325181097514,57.70159685208514,36.79982528880893,12.359739810042768,8.259658907168008,1.5323138202178566,1.099515157227387,24.979566421315923,0.46266845233230924,38.61093336155068
3930159,4f2a835d-580c-4232-a4a9-c46ca76168cd,57,Miscontrol,6,64.6,65.5,10,52.589399039030624,65.9140247691161,13.324625730085472,57.35232670697642,58.601598377964045,36.79982528880893,12.359739810042768,8.259658907168008,1.5323138202178566,1.099515157227387,24.979566421315923,0.46266845233230924,38.810930309792866
3930159,13e7118a-ffb1-4e32-b25e-86125fe441f2,57,Pressure,6,68.4,65.8,10,51.39312494048702,66.02855613105012,14.635431190563104,49.926294433822946,58.721780209591586,46.25794660356675,14.192471171622834,10.500528221962847,1.8418299760527013,3.1888751772284394,26.621064206637655,1.207034771345164,40.777567518954015
3930159,7a94d04d-930f-4ac8-880e-c25ce3087cd3,57,Ball Receipt*,9,57.2,60.5,10,47.08645139373645,65.7984947539041,18.71204336016764,55.18265395406861,49.47063271502646,35.629755586052255,38.18097473714783,7.816689143270141,3.1412643125474924,0.8122674787513375,24.954672353764586,0.8586231710055756,27.822028838313983
3930159,e6d62f98-1cae-4628-bed9-b3d0bcfeaf6f,57,Carry,9,57.2,60.5,10,47.08645139373645,65.7984947539041,18.71204336016764,55.18265395406861,49.47063271502646,35.629755586052255,38.18097473714783,7.816689143270141,3.1412643125474924,0.8122674787513375,24.954672353764586,0.8586231710055756,27.822028838313983
3930159,4e732d97-2124-4d11-85cc-75eb55aab025,58,Ball Receipt*,7,56.8,67.3,8,48.53401746986439,66.0201733370212,17.486155867156818,48.173000910932856,50.70546867960497,44.660099278814485,39.85645480288899,7.480951565963067,1.259464055382213,2.6972988861071485,18.574348335392244,19.737063868479467,31.087345490764108
3930159,9588afdd-50b2-41c3-9603-afe1d0884656,58,Pass,7,56.8,67.3,8,48.53401746986439,66.0201733370212,17.486155867156818,48.173000910932856,50.70546867960497,44.660099278814485,39.85645480288899,7.480951565963067,1.259464055382213,2.6972988861071485,18.574348335392244,19.737063868479467,31.087345490764108
3930159,ff213f12-5413-4929-bd43-919cd0f927db,58,Pressure,9,59.4,69.5,8,54.065628770597854,67.67595222476902,13.610323454171166,56.505903522647564,58.132356887910056,44.66113645610561,30.67410726205381,5.160985717852898,1.6420474373396043,0.8468623592168143,22.925063586582056,9.953429413783404,38.33413255544407
3930159,cf41949e-a3b8-4119-b766-7da776c43b14,58,Duel,9,60.4,71.3,8,55.10265299198924,67.5999649715703,12.497311979581063,57.97439779137578,59.238146267200136,44.09215837790461,29.440744910587597,4.623695337666402,2.2625701581540487,0.13418717743961395,23.892653189193375,9.934320359466035,40.24581304283587
3930159,a8fc0a48-e527-4e92-979c-095876579649,58,Ball Receipt*,13,48.4,73.0,8,49.885707395261946,68.3347434876754,18.44903609241345,61.86646579318851,60.06003253345122,25.837822684043104,20.229848172994714,8.13170565571449,2.9387842723971325,0.6333740252256348,16.5922232637148,7.234786599312386,37.61807228803805
3930159,e6f279f2-2a2a-4ff8-af03-23c589c1ab91,58,Carry,13,48.4,73.0,8,49.885707395261946,68.3347434876754,18.44903609241345,61.86646579318851,60.06003253345122,25.837822684043104,20.229848172994714,8.13170565571449,2.9387842723971325,0.6333740252256348,16.5922232637148,7.234786599312386,37.61807228803805
3930159,86ddb78e-a07c-4746-8af9-be57a3fb3404,58,Ball Recovery,21,43.7,31.8,8,52.52063477242948,68.47405815568199,15.953423383252506,43.476987443119796,45.79117064135488,26.865048772997447,47.23943190748219,6.551152910987844,3.600500549767224,2.6169449312868664,9.908607161761253,12.360855205349317,42.62461041712821
3930159,d5c82bec-7c04-4b4a-9352-8990c50ef549,58,Carry,21,43.7,31.8,8,52.52063477242948,68.47405815568199,15.953423383252506,43.476987443119796,45.79117064135488,26.865048772997447,47.23943190748219,6.551152910987844,3.600500549767224,2.6169449312868664,9.908607161761253,12.360855205349317,42.62461041712821
3930159,642028e9-a2e5-4285-bd74-283a57758d17,58,Pass,22,43.9,31.6,8,52.73346875734467,68.3813577744699,15.647889017125237,42.94425167858249,44.45386485814808,25.54469869205827,48.43758120046282,6.174142722823846,2.785379044930348,0.6078387515316876,10.823022556472495,13.134285383885228,43.19126999333632
3930159,08c9aacd-1f56-4547-b5be-3674fc47195a,58,Pass,23,56.4,10.0,9,52.30253832483811,68.65079829668342,16.34825997184531,35.93987223463632,42.459943990032414,43.347127514125134,38.97257689021495,5.610028641474264,4.677883246283775,6.337669783000628,19.816354693596153,12.461255747252302,41.43199428586859
3930159,6c6cacbb-eb18-43d3-a777-ff62083112e8,58,Foul Won,31,77.8,11.0,9,39.23815840029927,55.64398973332264,16.40583133302337,50.83572727049999,52.763682372564844,44.346099388371734,40.23527869499756,3.8085375823997256,6.358365509621121,0.18780630131469422,22.669101986370883,0.9935653241544173,35.757174813396425
3930159,9a86ab0b-d91c-438b-b80e-f70e418744b8,60,Pass,13,51.2,5.0,10,48.884946976723995,67.43424794409826,18.549300967374265,18.547429908056976,25.378587736941718,26.516585652879304,43.632515031707754,6.3755950928873535,7.10246129393646,3.2157659019520892,10.360592966543976,9.637092626959145,37.39093285463618
3930159,c5265ede-f6ab-4c4c-9ba2-f0cff4055c8c,60,Ball Receipt*,19,63.7,24.7,10,44.27548626516383,64.66386320385902,20.388376938695195,15.25666870989246,25.6305296954242,34.10513462432321,40.81531136091675,4.757560627367964,3.7543035016225486,3.230412721296304,19.234506978130163,3.5446626133933776,44.0337835915471
3930159,9f8996b9-17f5-47af-b267-65915a542ec8,60,Pass,19,63.7,24.7,10,44.27548626516383,64.66386320385902,20.388376938695195,15.25666870989246,25.6305296954242,34.10513462432321,40.81531136091675,4.757560627367964,3.7543035016225486,3.230412721296304,19.234506978130163,3.5446626133933776,44.0337835915471
3930159,cdbf3ac0-2a72-4395-ac24-788afb0b831d,63,Pass,6,19.2,10.3,8,19.24309608312206,42.58252085423077,23.33942477110871,16.582801607364473,32.85038389828366,32.72981726280251,55.346403698873445,3.9491690714775802,0.6252128369012523,2.9353056816904513,14.594612470910135,26.458311931392846,1.1870622674832418
3930159,ba915bea-f420-4c16-bee9-6fc18b4e0110,63,Ball Receipt*,7,33.2,5.1,8,22.025108335719313,42.5100606871529,20.484952351433588,12.4573505445396,30.388673675996984,35.033077010618285,52.6152956315394,3.7508262865312307,3.968761980899524,2.9262691878379705,16.626989646383624,22.101967442453635,1.9104835485762734
3930159,0c2ec245-75c1-4af2-a619-cc49005774aa,63,Pass,7,33.2,5.1,8,22.025108335719313,42.5100606871529,20.484952351433588,12.4573505445396,30.388673675996984,35.033077010618285,52.6152956315394,3.7508262865312307,3.968761980899524,2.9262691878379705,16.626989646383624,22.101967442453635,1.9104835485762734
3930159,46624e11-09e9-47f2-80aa-8caf3413c90f,63,Ball Receipt*,8,35.3,13.4,8,24.29518249614501,42.20070135820357,17.905518862058557,11.757389572232379,27.614795167266454,33.92360731986436,52.72428109525413,4.964861990552728,4.358758245099902,1.5310619171659887,16.14946900875858,21.522986236514782,15.823515068764266
3930159,f240500b-5c82-4e66-8626-e72b1ef1fceb,63,Carry,8,35.3,13.4,8,24.29518249614501,42.20070135820357,17.905518862058557,11.757389572232379,27.614795167266454,33.92360731986436,52.72428109525413,4.964861990552728,4.358758245099902,1.5310619171659887,16.14946900875858,21.522986236514782,15.823515068764266
3930159,c3d74d8a-9fdd-411c-adb5-a44968a904d6,63,Pass,9,37.1,13.0,8,28.45402394420779,45.16129647000336,16.707272525795567,14.24077780221881,28.55197960380542,32.03927654293321,50.689879705762465,5.847308307081305,4.08542606026187,0.3473022072203378,17.044516694459922,19.68282565426845,19.412776788494234
3930159,bae1d299-239c-486b-8eb9-c01f0fc6d32e,63,Pass,12,40.1,29.9,10,42.21514283704938,57.84285368663595,15.62771084958657,21.224805644844047,34.97214597866244,19.53895364563606,45.60178491275086,7.403132371481483,3.749178714729962,0.30497421741955577,10.730844670421455,9.038195781765168,30.46826659414166
3930159,21f053ca-2897-4bba-b7fa-8cc3ce2148cd,63,Ball Receipt*,14,53.8,37.5,10,43.54279145059904,58.20372980654106,14.660938355942022,34.432275223708096,33.56784995335058,27.453739143096172,44.61477381572904,7.253885044247079,3.7052645859059723,3.289394847761045,10.082032425832999,3.033305243303939,31.18785710801656
3930159,e739acb2-76f6-4fa0-afc1-958c032fc130,63,Carry,14,53.8,37.5,10,43.54279145059904,58.20372980654106,14.660938355942022,34.432275223708096,33.56784995335058,27.453739143096172,44.61477381572904,7.253885044247079,3.7052645859059723,3.289394847761045,10.082032425832999,3.033305243303939,31.18785710801656
3930159,dd40f737-b1e6-4215-8fa6-34db0515f22a,63,Miscontrol,14,54.2,34.0,10,46.14649908095255,60.70174843724724,14.555249356294688,30.123453270213624,33.22518100501507,18.75240821081181,42.69309473486692,7.017898525437741,4.061799522205224,2.2794529269134216,8.547089133257284,1.7747771181722989,33.46059083043203
3930159,a1e787fa-2824-4cfa-8099-41612d4e4991,65,Ball Receipt*,27,56.8,74.4,9,38.05763494428543,61.39525507338518,23.337620129099747,67.61012009596648,50.580466427805874,38.509219344653275,43.80772237510849,10.727225383130426,3.133489266397086,1.1153215319612428,21.535132014511923,9.490161309328073,20.96187014189838
3930159,e5212cfb-1431-4770-b5a6-10993cd6fe18,65,Pass,27,56.8,74.4,9,38.064261653457685,61.42130621531577,23.357044561858082,67.35800235462098,50.18373674263388,37.38250693155952,45.394641115796404,10.71671937800289,3.133415680402204,0.13387629363374742,21.535132014511923,11.077080050015987,21.078867043125804
3930159,b854ce8c-282b-45b1-9caf-53b59b48a905,65,Ball Receipt*,27,54.5,67.3,8,48.14216030780366,63.31831429392265,15.17615398611899,62.69958938057353,39.04728829770215,37.37671268194251,27.377433002475264,9.223864375487487,3.049131057923307,1.0555258311608355,22.320399184944158,9.171855475810773,26.826868355520674
3930159,5729c7d7-bbd7-4889-a6cc-bf7f6c0e7d51,65,Carry,27,54.5,67.3,8,48.14216030780366,63.31831429392265,15.17615398611899,62.69958938057353,39.04728829770215,37.37671268194251,27.377433002475264,9.223864375487487,3.049131057923307,1.0555258311608355,22.320399184944158,9.171855475810773,26.826868355520674
3930159,ec4aeddb-d5d8-4fcd-a81d-4ebbfc45513e,67,Pass,6,36.2,19.8,8,46.300274267854974,64.87083110678364,18.570556838928667,28.336943525192403,40.764676202155776,31.889622743816087,44.94140573588825,5.592532853257896,0.7708329745730818,2.5422018854471276,11.037855675304328,13.627686249858488,32.311330825130405
3930159,9f505b5b-7ba3-4fbe-99fe-943db492514b,68,Ball Receipt*,40,51.6,7.7,9,51.288631227971315,69.00156439280147,17.712933164830154,53.60549358141755,53.280135102811485,64.17474406314538,45.9155690223408,8.075983419499238,2.0192590361371514,1.1108448467532455,48.67386412714701,7.377392895160625,40.538890111665125
3930159,bac1bc7e-ea35-46e9-89fb-ef93f3bd2799,70,Ball Receipt*,9,67.3,14.7,8,45.589277611020556,60.926564452718075,15.33728684169752,60.01534052257214,60.667832893899906,38.12517340636891,25.924191227868356,4.34271225373917,2.474663197972432,0.6947712782417739,19.51022626887608,6.601676972984684,41.300908376035565
3930159,109bc327-67a3-4665-ae1f-326cbd459fe3,70,Duel,9,68.8,15.7,8,45.589277611020556,60.926564452718075,15.33728684169752,60.01534052257214,60.667832893899906,38.12517340636891,25.924191227868356,4.34271225373917,2.474663197972432,0.6947712782417739,19.51022626887608,6.601676972984684,41.300908376035565
3930159,d7f6d4f1-6360-4a12-92d3-0c149a8b6efd,72,Ball Receipt*,15,49.7,14.9,8,35.74834971804709,56.346744247868514,20.598394529821427,20.105017083288647,15.114041211432733,32.59985078224299,18.09802550603933,5.421376394674931,3.237849237939541,1.1311921760489803,13.774913784023948,6.435127309449463,22.059063935630157
3930159,fbdf1b7c-2b18-4632-a8c7-3aec977e53cd,72,Carry,15,49.7,14.9,8,35.74834971804709,56.346744247868514,20.598394529821427,20.105017083288647,15.114041211432733,32.59985078224299,18.09802550603933,5.421376394674931,3.237849237939541,1.1311921760489803,13.774913784023948,6.435127309449463,22.059063935630157
3930159,9bd2e474-b81f-4da1-a1d4-92db0942da52,72,Pass,17,51.4,5.5,10,39.2901556830112,57.33046604953513,18.040310366523933,15.265840245525888,22.248977110818753,33.16237237497484,40.28229340438632,7.570952228549308,3.549846432586487,1.0014995672296862,13.029341808216223,5.578304593008962,33.74212189400545
3930159,0a7605cb-836c-4bd8-aa46-7e7e7117393b,72,Pressure,14,64.1,58.7,9,48.63853511085846,66.14400406320904,17.505468952350576,57.2440218250733,55.12119087603456,42.24817243651197,34.78299493588769,8.507611409024824,2.3331481039114954,0.8478242674496528,28.85852105626286,2.1369065440086885,36.622606351303276
3930159,2190a74e-b976-4495-8b02-d07cd749c2a1,72,Duel,14,61.6,60.5,8,52.27585290531279,65.76028934950513,13.48443644419234,57.746330791789,54.14808844681205,42.15991089947869,33.47324243232239,7.643598506661333,0.778336689900372,1.114066245442757,33.70365609334435,10.876708800153104,35.2197658519621
3930159,bc60da9a-cefd-4084-bb3d-04d40c442f6c,73,Ball Receipt*,16,73.5,14.9,9,47.91741637243567,70.02517297705131,22.107756604615645,15.605695161073658,16.968556091760107,47.293267127110546,24.900435015703025,6.06740670079979,6.183629235704669,0.7367538943504641,32.15883855842999,1.1745382727134448,46.27836934685297
3930159,ae4aa84a-1ff1-4466-88a5-8347cc126e2a,73,Pass,16,73.9,15.9,9,48.317417898314574,70.42517450293022,22.107756604615645,16.60569516107366,17.968556091760107,47.293267127110546,24.900435015703025,6.06740670079979,6.183629235704669,0.7367538943504641,32.15883855842999,1.1745382727134448,46.678370872731875
3930159,7bf445f7-fab5-4366-8aa7-855cc64df2fc,74,Dispossessed,18,71.1,14.1,8,46.42778654286176,65.30080662479533,18.873020081933568,67.25035060427811,57.05245090408721,24.984067032231152,34.089786639217635,6.193398046749925,3.267673361553665,0.28211852169602025,12.108323493368957,8.507680583277114,45.06276987008063
3930159,88e04f64-fe70-4754-8c60-650c7192b0a2,74,Ball Receipt*,7,48.3,2.4,8,54.18939801267385,65.71042284488996,11.521024832216114,17.282175261636006,23.012934391740913,25.128109284198437,47.00511258828243,3.8108968563635424,3.744266982798809,3.887569458549301,8.39428994118867,12.408341961564705,46.43035829436026
3930159,07ce9e5c-d174-4d24-8ba9-0a72bc0227d1,74,Carry,7,48.3,2.4,8,54.18939801267385,65.71042284488996,11.521024832216114,17.282175261636006,23.012934391740913,25.128109284198437,47.00511258828243,3.8108968563635424,3.744266982798809,3.887569458549301,8.39428994118867,12.408341961564705,46.43035829436026
3930159,7453c577-9edb-4028-890d-e76971b78846,75,Ball Receipt*,6,33.7,77.5,8,35.49294604618799,57.97718732394933,22.484241277761342,59.64530894909965,52.13470798880002,24.600136470989035,36.059043398600956,10.096630381869216,2.2186420493722063,4.584637867490159,8.119236230137957,11.298887578930547,21.069265270133258
3930159,ec9c5990-68c1-4d1b-acd6-c61a2e673ffa,75,Carry,6,33.7,77.5,8,35.49294604618799,57.97718732394933,22.484241277761342,59.64530894909965,52.13470798880002,24.600136470989035,36.059043398600956,10.096630381869216,2.2186420493722063,4.584637867490159,8.119236230137957,11.298887578930547,21.069265270133258
3930159,b8a00f41-ff85-43eb-addb-2a9d22523efa,75,Pass,10,37.4,66.3,8,39.760950387812514,56.871495346666215,17.1105449588537,65.36286881331479,57.54600802996657,22.5499803525761,39.696042150595304,9.303041610442634,2.2516798678620487,2.224211452017556,8.412240520058575,17.601762775226355,19.448264173901492
3930159,ec82024a-169d-4f4b-a4b4-77858f1c80cf,75,Ball Receipt*,10,44.3,76.8,9,42.10709851827322,59.32851070288821,17.22141218461499,65.59655474860126,53.72400814882644,21.666512313969683,38.884042118944585,8.380256417464384,3.290283663174636,2.288972335298581,8.776778723959332,8.829153263282151,20.315404064503
3930159,5326ce20-7417-42aa-abdb-739c0f807c9b,75,Carry,10,44.3,76.8,9,42.10709851827322,59.32851070288821,17.22141218461499,65.59655474860126,53.72400814882644,21.666512313969683,38.884042118944585,8.380256417464384,3.290283663174636,2.288972335298581,8.776778723959332,8.829153263282151,20.315404064503
3930159,39a87b9f-dfa9-4304-b552-841196c9c6c8,75,Pass,11,44.3,76.8,10,43.169023674538366,59.98572615083479,16.816702476296427,65.82785291972475,54.340387464656644,22.374724384986983,39.38155718171905,7.765634848910583,3.009853807677925,2.3415042292528483,9.297074556406088,9.703880255601554,20.979305597283826
3930159,3a803106-f45f-470b-8a53-dab4f1475451,75,Ball Receipt*,12,37.2,78.3,9,43.14452065577421,60.14882705314551,17.004306397371302,63.798574296490735,52.324102840899634,19.913685478025968,39.30427525664956,7.288415739574515,2.3424589864872036,3.6952169329615003,6.571117034638895,10.04964028636455,20.876653049365856
3930159,a46c7c2c-acf8-49c6-b64c-6f698360113a,75,Carry,12,37.2,78.3,9,43.14452065577421,60.14882705314551,17.004306397371302,63.798574296490735,52.324102840899634,19.913685478025968,39.30427525664956,7.288415739574515,2.3424589864872036,3.6952169329615003,6.571117034638895,10.04964028636455,20.876653049365856
3930159,7a839238-4b71-42d9-9ddd-b5c22a39ad29,75,Pass,13,37.2,78.3,9,42.22127680508821,60.250482739141454,18.029205934053245,64.11146034041445,52.76065293253927,25.524913503044438,41.83190775372027,7.391576047148329,1.3302229806572816,0.19358143123999838,10.121197626634483,11.897225914317055,21.435590492560095
3930159,fa7d7e88-b7c8-43c6-85ee-8cb759a6eb7a,76,Ball Receipt*,17,76.2,16.3,9,44.18221831213005,62.4278765708129,18.24565825868285,59.13984764080325,51.06294151963187,38.325058580731344,35.01342329221591,6.078214211842037,4.19812684722134,4.131359009428387,18.205832473519514,4.469382941106481,37.51646950721759
3930159,4abbab85-c8f9-4e2d-8e34-72198b8b7daa,77,Pass,13,40.4,60.7,8,50.58469984505335,71.3070242835059,20.722324438452546,50.51805053695277,62.45104982352816,36.92057496672072,23.847810706514252,5.047565413026483,2.530112641707057,2.6978320600758536,15.140359190597863,9.244744001359422,37.50803849540981
3930159,21428eb3-8109-48a0-b526-6cbea84a2b93,78,Dispossessed,17,71.4,79.3,9,39.841957970842564,52.68636216404194,12.844404193199374,28.062060193739303,8.067045922046903,30.614661983646975,25.35483828185889,5.1490469531201635,3.434166702147137,5.713677608970542,11.32357019799089,0.34178641844010116,35.854045963928876
3930159,7ee8d976-3431-45db-984e-2d8a056d082c,80,Dispossessed,5,69.6,9.1,8,47.18596440302058,67.00815070496463,19.822186301944058,60.11788204106417,58.408917442677854,38.088116704327724,25.97360508065576,4.769371655974738,7.521140263717362,0.9775573985014603,20.664043112885977,6.7628935123932905,42.79442035528622
3930159,6633a456-2378-476c-a03c-dd30a4f4c0b8,81,Dribble,5,50.1,64.6,9,42.05218674823557,60.34498680559239,18.29280005735682,50.68513484994848,56.97982635344408,42.8591823855098,32.773805273170865,9.494345117827898,4.713582917462848,2.5458318516026566,20.742636711161282,6.047263456282423,24.998963799294543
3930159,91a89190-763d-421a-abf2-85e412380c38,81,Carry,5,50.1,64.6,9,42.05218674823557,60.34498680559239,18.29280005735682,50.68513484994848,56.97982635344408,42.8591823855098,32.773805273170865,9.494345117827898,4.713582917462848,2.5458318516026566,20.742636711161282,6.047263456282423,24.998963799294543
3930159,a1a247e0-ff66-4091-a946-ef90f05ebb36,81,Pass,8,49.4,61.5,9,44.77391781216663,62.02231978261638,17.24840197044975,51.12381723601428,53.82091193550765,42.86365208485568,26.12934455821216,7.72306249903297,4.067871855478228,3.8675824164409818,20.321792253687754,1.775331606272914,26.96443248789938
3930159,16f932dd-2b5a-485c-b2f9-71c538d5ee8d,82,Ball Recovery,7,56.1,5.3,8,38.91804556609105,63.25732745659271,24.33928189050166,28.495017944920882,29.014745152765443,37.708893157998546,50.00633317557133,10.11286724057587,4.367796253858751,4.095131051000479,21.64231633691972,19.375197730396124,22.922357136799064
3930159,760533dd-ef31-4115-8fb9-b61742edc9ce,82,Carry,7,56.1,5.3,8,38.91804556609105,63.25732745659271,24.33928189050166,28.495017944920882,29.014745152765443,37.708893157998546,50.00633317557133,10.11286724057587,4.367796253858751,4.095131051000479,21.64231633691972,19.375197730396124,22.922357136799064
3930159,6162f226-e122-4bb4-99de-df6483d4752e,82,Pass,8,55.7,3.1,9,38.68993767984725,61.80704627118043,23.117108591333185,31.141693535935207,23.13516505356011,32.23298010650166,52.345360176306244,9.376338544664526,6.983872686675985,3.089315053265196,16.50398726228247,2.2364848401893056,27.511857979609758
3930159,6137f135-3add-4c5f-b358-ca3eb88d2ae2,82,Ball Receipt*,9,57.4,11.0,9,41.206974191497395,63.03407171115054,21.827097519653144,21.54867746704914,28.11949871618811,39.87332406917081,46.07902677769715,9.101757435077127,6.09077847160864,2.907103038940363,19.676028122299165,8.846533214988469,30.496085741954488
3930159,61a57047-5703-4118-8c15-9aa76500e2b8,82,Carry,9,57.4,11.0,9,41.206974191497395,63.03407171115054,21.827097519653144,21.54867746704914,28.11949871618811,39.87332406917081,46.07902677769715,9.101757435077127,6.09077847160864,2.907103038940363,19.676028122299165,8.846533214988469,30.496085741954488
3930159,5068bc97-ca2c-4e5c-ba77-6996b45c5058,88,Foul Won,6,77.4,5.7,10,32.660190258315616,43.89749664794344,11.237306389627825,57.049554871052166,67.52753732465403,35.40396694981908,28.356157843204613,3.2724874334827274,4.348831748497126,4.9023432821770285,11.778291100030444,0.08461164138286392,28.595044139173424
3930159,e95c0bde-a6ae-4c90-97d7-f17805bfecf9,90,Ball Recovery,6,44.7,26.3,10,42.369650730186365,60.568057136468596,18.19840640628223,20.61748156219948,13.389483736352343,16.86338209853062,22.380891993886834,6.092310089716501,2.004357643789506,2.2323647873986516,7.3819605430802255,1.9884771606796505,33.043836289291406
3930159,c1117cc3-3564-40ad-9828-fe905f3ec04b,90,Carry,6,44.7,26.3,10,42.369650730186365,60.568057136468596,18.19840640628223,20.61748156219948,13.389483736352343,16.86338209853062,22.380891993886834,6.092310089716501,2.004357643789506,2.2323647873986516,7.3819605430802255,1.9884771606796505,33.043836289291406
3930159,372a1c29-1833-4272-b7df-426fbdd93e51,90,Pass,7,46.4,26.3,10,43.830366340034956,62.51017682358069,18.679810483545737,20.885829742910044,21.764823530114338,14.355542572195091,37.55089614237811,5.547973433470243,2.5178249583990415,0.21976963896037205,10.351940941382153,7.436518714250369,32.805677988598006
3930159,e40b483c-da6e-4ffb-abe7-69efcd90a62b,90,Ball Receipt*,9,42.7,49.3,10,49.53198467575452,66.3430216598227,16.811036984068174,30.584807877444973,32.04686564927682,17.737671930730087,39.04856845890288,6.303134203075357,1.4902521964024438,1.825046144888475,9.070577960887086,9.380748416383348,36.00005457555437
3930159,9674ea6f-e79e-433c-b82e-061ac469b975,90,Carry,9,42.7,49.3,10,49.53198467575452,66.3430216598227,16.811036984068174,30.584807877444973,32.04686564927682,17.737671930730087,39.04856845890288,6.303134203075357,1.4902521964024438,1.825046144888475,9.070577960887086,9.380748416383348,36.00005457555437
3930159,32a93561-c803-4fe5-8984-c90f06012f96,91,Ball Receipt*,18,45.8,15.3,8,29.829221780486268,49.60881289090747,19.779591110421205,23.60563467514934,33.039769087869715,28.633403453807077,33.955672542077025,10.32096600382091,1.391489627830388,0.40940374258400425,19.807540589824193,15.607830390310127,7.50161641962427
3930159,2cd8571c-c3bf-437b-8565-ba72b052e1bd,91,Pass,18,45.8,15.3,8,29.829221780486268,49.60881289090747,19.779591110421205,23.60563467514934,33.039769087869715,28.633403453807077,33.955672542077025,10.32096600382091,1.391489627830388,0.40940374258400425,19.807540589824193,15.607830390310127,7.50161641962427
3930159,7228302d-e48d-4aaf-a185-a2cf5862b68d,91,Pass,21,41.8,2.5,8,38.01597081383214,57.51134488468363,19.49537407085149,19.545552318651914,33.889207832886285,41.48172028185734,32.293398628641974,10.569228950030114,2.843419290405168,3.8910580975614835,24.501689351444604,10.921311291091882,5.772786599585956
3930159,e3e1f96c-e7d9-4364-968a-7124550659e7,91,Ball Receipt*,24,54.9,6.2,10,45.659009913352705,66.27743597093861,20.618426057585907,17.44557878116634,27.85362018013533,35.093918809315056,36.3826459951901,8.637829264688477,4.93821698627283,2.5389378023433267,25.054777617081385,8.758883106375862,23.84410143781396
3930159,fe30d56c-a429-4548-b7ad-fdfe5f572beb,91,Carry,24,54.9,6.2,10,45.659009913352705,66.27743597093861,20.618426057585907,17.44557878116634,27.85362018013533,35.093918809315056,36.3826459951901,8.637829264688477,4.93821698627283,2.5389378023433267,25.054777617081385,8.758883106375862,23.84410143781396
3930159,baeac1a0-87fb-4e62-bb26-9af3f475c69e,96,Ball Receipt*,26,56.2,54.0,10,50.57620545261144,65.81594017474154,15.239734722130102,46.39027511667857,34.6418286170143,28.864281889751254,36.60942616655393,6.052633710734454,6.324876816794782,0.2170635538314727,19.302378200025267,10.362408213488127,33.48033337344355
3930159,d60b9c1e-3f3b-44c9-af1b-6f9eda1c2673,96,Carry,26,56.2,54.0,10,50.57620545261144,65.81594017474154,15.239734722130102,46.39027511667857,34.6418286170143,28.864281889751254,36.60942616655393,6.052633710734454,6.324876816794782,0.2170635538314727,19.302378200025267,10.362408213488127,33.48033337344355
3930160,e0f5895a-b1d2-4608-982f-16258447709f,0,Clearance,7,28.5,51.0,10,37.117546245046725,54.80635832472039,17.688812079673667,51.172895409208564,53.38791571780106,26.871586378103082,12.356194732044429,3.648418585775155,2.205083208274863,1.65173995685835,11.393154490758015,0.032529215306112746,28.5
3930160,13739c35-4d89-4c0d-8bd4-738d6cf74a44,0,Pressure,9,54.8,28.6,10,39.99495262497454,59.020284164350244,19.025331539375706,44.29829149317392,43.367768024750774,31.02994102714542,30.398707182343806,3.766152751802488,2.1181162704299066,1.7600084259650188,12.754550137450764,1.2140671952478002,30.136997483098305
3930160,222917a0-5081-4b81-b568-1342ada233b6,0,Ball Recovery,11,28.5,25.3,10,37.82135651641447,55.6191721178193,17.797815601404835,32.85982801042788,32.927765657280105,28.611514369178167,36.671084918719295,4.277372138480377,3.057984893316205,0.2341660446276066,11.961140686621512,7.784577127217233,27.3860455629449
3930160,63c5f16a-a78b-4cbb-8002-ea04d2eae653,0,Carry,11,28.5,25.3,10,37.82135651641447,55.6191721178193,17.797815601404835,32.85982801042788,32.927765657280105,28.611514369178167,36.671084918719295,4.277372138480377,3.057984893316205,0.2341660446276066,11.961140686621512,7.784577127217233,27.3860455629449
3930160,d27fc7af-4e98-4802-9302-7d6706452877,0,Pass,13,27.2,24.0,9,37.561501424892406,56.531623316010055,18.97012189111765,30.76937166365135,30.953876824143457,28.425208222048933,40.51338136150219,4.594231320556452,3.0104363998348633,0.07150472546181419,13.415169646310105,5.063676060059695,25.756901470611687
3930160,1962865b-2d4d-4d50-a2ef-4e86516c74cf,0,Ball Receipt*,15,10.0,34.1,8,31.1932441858684,52.993630640832144,21.800386454963743,33.17590299497725,28.67784988915459,32.56291380138741,29.62241232679138,4.62347872220796,3.166220104024226,0.2606742653095857,12.885986447031236,5.1910160548052175,10.0
3930160,dfaf2a3d-40f9-4026-9d6b-a3674c4958b7,0,Carry,15,10.0,34.1,8,31.1932441858684,52.993630640832144,21.800386454963743,33.17590299497725,28.67784988915459,32.56291380138741,29.62241232679138,4.62347872220796,3.166220104024226,0.2606742653095857,12.885986447031236,5.1910160548052175,10.0
3930160,04fc41e2-0cee-44b3-a6c6-0bb371babdb9,0,Ball Receipt*,19,12.0,55.2,8,33.168276721616465,56.35723381120898,23.188957089592513,37.56607627956469,41.01901845517808,41.937345789332184,50.56761206369182,5.76232997006296,3.8824363050912876,1.2056815161787497,19.227262554583916,15.428990699856037,7.976050341562605
3930160,9cb1a06c-3ad9-4fa8-9bc6-9b8635a9353c,0,Carry,19,12.0,55.2,8,33.168276721616465,56.35723381120898,23.188957089592513,37.56607627956469,41.01901845517808,41.937345789332184,50.56761206369182,5.76232997006296,3.8824363050912876,1.2056815161787497,19.227262554583916,15.428990699856037,7.976050341562605
3930160,ee828c03-c81b-491e-b83a-f68bfdaa4525,0,Pass,22,18.1,54.5,10,37.32003251707818,59.157036486680425,21.837003969602243,44.04571466777395,46.276631071395116,42.645919177608334,41.22479397655431,6.834015215296693,3.0253096766043357,1.8904286503431535,16.58641877373382,10.557360069626391,5.945369015820191
3930160,544f214a-804c-4e4b-9452-5f6595878094,0,Ball Receipt*,24,22.1,21.4,10,40.34628189549166,60.851823880509365,20.505541985017707,35.74944942183846,36.68877977492115,40.36342226549989,44.13600746695769,8.072426542929188,3.017380253376971,1.557383898596889,17.767108144646713,11.934348896212875,22.100000381469727
3930160,5c80393d-d320-466d-83ad-8731925dc841,0,Carry,24,22.1,21.4,10,40.34628189549166,60.851823880509365,20.505541985017707,35.74944942183846,36.68877977492115,40.36342226549989,44.13600746695769,8.072426542929188,3.017380253376971,1.557383898596889,17.767108144646713,11.934348896212875,22.100000381469727
3930160,d2a0efee-2f96-4761-92fa-147f017b92e5,0,Ball Receipt*,32,17.9,34.8,10,45.534133476808115,63.5299144786481,17.995781001839987,34.477146192233505,32.743330621424946,44.63198009794186,37.45748614984327,6.708277486300277,2.9812496480855866,6.895514277003279,18.10905440142927,9.519118202895946,17.899999618530273
3930160,3f4d1b32-786b-4d75-bd48-681d831f5b12,0,Carry,32,17.9,34.8,10,45.534133476808115,63.5299144786481,17.995781001839987,34.477146192233505,32.743330621424946,44.63198009794186,37.45748614984327,6.708277486300277,2.9812496480855866,6.895514277003279,18.10905440142927,9.519118202895946,17.899999618530273
3930160,2095dfbd-412c-46c9-8a49-7ee21aed28c5,0,Pass,36,21.2,35.2,10,41.00820207851949,60.78037218394806,19.77217010542857,35.19147144519254,33.366308593124515,43.575560655201386,41.46176844650516,7.749824530751948,2.0505418160514792,5.156634049468458,13.365739209669755,12.813589254152177,21.109503306817352
3930160,c03a192a-32d7-4524-9367-a6f34828dc05,0,Ball Receipt*,38,26.3,9.8,10,44.03689245971672,63.81456204712755,19.777669587410834,30.459642373375896,27.799139946852037,43.5120048695546,41.715995355922345,7.714712183795712,1.7703735466060488,2.503997265935311,15.191368550350084,11.276936039415169,19.31280161578904
3930160,6193a3b6-8486-4ff9-b20e-e789b6f62ee8,0,Carry,38,26.3,9.8,10,44.03689245971672,63.81456204712755,19.777669587410834,30.459642373375896,27.799139946852037,43.5120048695546,41.715995355922345,7.714712183795712,1.7703735466060488,2.503997265935311,15.191368550350084,11.276936039415169,19.31280161578904
3930160,e9412efd-5765-4c43-813f-33836eacea39,1,Pass,44,35.3,10.1,10,46.61606740755165,66.56484104327203,19.94877363572038,22.650657263458385,22.11469099768121,42.17904765973614,33.78788231037113,8.533499606050682,3.589863074799351,0.2263578315095316,26.365125026910878,8.737281878983882,34.92111399701725
3930160,6bf0a40d-18e4-468d-a566-cd17e3de0d0d,1,Ball Receipt*,46,55.9,0.6,10,48.23947465463851,67.15004796259478,18.910573307956277,25.100784634596458,26.83771246168501,46.6302430371304,36.73133176179593,7.930635711036789,2.9232811717898888,3.2114392118779875,26.829047398789022,6.700719337417613,32.560453031819435
3930160,9ec797ed-e892-40c9-8427-9a800aa737a9,1,Carry,46,55.9,0.6,10,48.23947465463851,67.15004796259478,18.910573307956277,25.100784634596458,26.83771246168501,46.6302430371304,36.73133176179593,7.930635711036789,2.9232811717898888,3.2114392118779875,26.829047398789022,6.700719337417613,32.560453031819435
3930160,5d63e3f2-2222-4ab1-99f2-04e5b24da947,2,Ball Receipt*,117,15.2,27.9,9,43.56676686085985,60.42857468999862,16.86180782913877,28.998044783715805,29.487825177174145,40.502766857838125,37.78137476324089,7.485928571689012,3.123766249542578,4.329387480991027,19.407159015337996,11.562825190185876,15.199999809265137
3930160,c174134d-1575-4dbc-bfc1-5571a276874b,2,Carry,117,15.2,27.9,9,43.56676686085985,60.42857468999862,16.86180782913877,28.998044783715805,29.487825177174145,40.502766857838125,37.78137476324089,7.485928571689012,3.123766249542578,4.329387480991027,19.407159015337996,11.562825190185876,15.199999809265137
3930160,afcc242b-cd3b-4137-b703-cf927257800b,2,Pass,119,15.9,35.0,10,41.33472237818953,58.68714251896695,17.35242014077742,34.656002101060174,36.00576077510787,42.26666691475101,36.22755975518657,6.479232213818659,2.3698500856384843,3.6655709756041155,16.111820847588966,9.980365531467587,15.899999618530273
3930160,493a2746-e325-4f72-bfc4-fdf4c9d1d88b,2,Ball Receipt*,120,27.8,51.4,10,44.34205315023447,62.123770640391385,17.781717490156915,35.558636280960094,36.970245328559294,42.689357826759846,38.29773922137761,5.740856676662186,1.8112908819340843,6.145510949430644,15.680379369951304,10.770851746046766,16.304962276903836
3930160,054a1dd8-063b-42da-97e2-29d73b0699fc,2,Carry,120,27.8,51.4,10,44.34205315023447,62.123770640391385,17.781717490156915,35.558636280960094,36.970245328559294,42.689357826759846,38.29773922137761,5.740856676662186,1.8112908819340843,6.145510949430644,15.680379369951304,10.770851746046766,16.304962276903836
3930160,9e890989-e3e5-454a-9cb6-b2d909d902bd,2,Pass,8,9.0,43.7,8,30.822588272322655,51.53444094046674,20.711852668144083,38.72130228690996,43.4255123714569,37.28701925813984,36.173532796656566,8.582534220064092,3.349927892865849,0.5071092409571492,14.937918996983989,14.914349423318171,9.0
3930160,95c603fc-d95a-4915-a24a-e36f58799b56,2,Ball Receipt*,9,14.3,48.9,10,33.14136133682409,55.98560984456834,22.844248507744247,38.20319639393876,41.45112229181954,37.19679990922591,34.511832228205485,8.577022117765297,5.204226218757007,0.38891497386640594,16.209547654098657,8.579470525414152,9.621863379491316
3930160,67413fea-95e7-4d9d-bc15-dace98f6c4a8,2,Carry,9,14.3,48.9,10,33.14136133682409,55.98560984456834,22.844248507744247,38.20319639393876,41.45112229181954,37.19679990922591,34.511832228205485,8.577022117765297,5.204226218757007,0.38891497386640594,16.209547654098657,8.579470525414152,9.621863379491316
3930160,6f9bc271-a833-4eae-85e7-83d113fb3488,2,Pass,11,14.5,49.3,10,29.915137923793747,53.63944860710969,23.724310683315945,42.05910438461592,43.00470081496209,29.733549389478625,33.620311394868224,8.263671102836515,6.432046526880696,3.5076246502098627,10.647916812468054,8.38654012934213,5.876488870006398
3930160,c5b47fdf-0b0c-481b-a632-efd85a467e28,2,Pass,16,22.6,15.1,8,30.735333818230977,52.472723493924036,21.73738967569306,26.34619037127781,38.672401586658864,37.38754628378291,31.822153543377887,5.583641238819599,5.9624752641072405,4.959811514112104,16.220739353658132,15.50985972970831,17.567904027273457
3930160,3c09ecf1-b44b-42dd-ad2d-6ae119e24cb2,2,Ball Receipt*,19,58.0,42.2,9,45.99130899546373,63.79529502820429,17.80398603274056,33.36788305765772,42.46934877112303,35.74103187587905,18.58408830783938,6.023140448556556,3.7644991254503117,0.09148421096075765,21.181177248108497,0.8361339923257347,36.23976336590886
3930160,f1d50113-c507-4692-9266-864ae15faed5,2,Pass,19,58.0,42.2,9,45.99130899546373,63.79529502820429,17.80398603274056,33.36788305765772,42.46934877112303,35.74103187587905,18.58408830783938,6.023140448556556,3.7644991254503117,0.09148421096075765,21.181177248108497,0.8361339923257347,36.23976336590886
3930160,401f76e1-bd90-4f5f-8a4a-a7c68d773e77,2,Ball Receipt*,20,64.7,45.7,9,50.814832411959415,66.11152118082182,15.29668876886241,37.40427124797733,43.039928269319844,36.057068961496036,11.60474537537975,5.881258085527276,5.026112287410866,1.6532363968939237,22.39537127217261,0.5124492176493476,42.24851826380886
3930160,462664b1-9ab0-4a57-9b06-35e421861a70,2,Carry,20,64.7,45.7,9,50.814832411959415,66.11152118082182,15.29668876886241,37.40427124797733,43.039928269319844,36.057068961496036,11.60474537537975,5.881258085527276,5.026112287410866,1.6532363968939237,22.39537127217261,0.5124492176493476,42.24851826380886
3930160,07a2613f-d2d8-4e5c-b626-ec0967ec17e1,2,Foul Won,22,62.7,41.3,9,53.27639256191382,66.41325642486916,13.136863862955337,40.06860546007425,42.9388414055149,3.9671256289187014,36.1544587451135,4.897274028906068,4.8828435183504535,0.21528570407136982,1.5423180742803595,5.9997891413236495,52.29448085746871
3930160,100feae9-2d5e-48a4-a6ba-00a2aac66b33,3,Pass,14,41.6,70.5,10,50.76110029553825,66.88993262317305,16.128832327634804,61.91980119302116,60.270379046678784,25.11298879065472,38.477657639147075,7.490821594771906,1.7215278996247088,2.2028207206373054,10.217482804873988,11.538940832147553,41.55212417972652
3930160,b05da800-86d1-4d42-a77b-a24f9ec411b2,3,Ball Receipt*,16,16.7,49.9,10,43.30968676913645,60.47364121431392,17.163954445177474,51.76671928152494,50.589150610728424,25.038349598010292,43.6942221806066,6.035947101866181,1.2176118943008925,1.3311652047039573,8.244592751846874,11.521453856338297,16.700000762939453
3930160,40f8484b-69a6-4fe4-94bd-20fe0898fcc9,3,Carry,16,16.7,49.9,10,43.30968676913645,60.47364121431392,17.163954445177474,51.76671928152494,50.589150610728424,25.038349598010292,43.6942221806066,6.035947101866181,1.2176118943008925,1.3311652047039573,8.244592751846874,11.521453856338297,16.700000762939453
3930160,07dbeb9f-2747-499d-91f9-280197aaf763,3,Pass,18,20.0,47.5,10,40.93358307805231,59.61078414484036,18.67720106678805,48.614264313769944,48.38595455438954,27.883863150764874,49.884322085708405,7.011553961782012,1.8988932831086174,2.6326019765954314,10.109140712181876,10.968760262462851,20.0
3930160,b24d24b3-1e19-43ad-aa38-21599e96dded,3,Ball Receipt*,19,22.7,32.4,10,37.41917108552741,57.069855373957566,19.650684288430156,43.21044942705249,42.21518673187778,30.494899068307838,49.02196856691768,7.34749896358696,2.082056149331984,3.533371825097838,12.042489025333396,12.048299443086549,16.368834334398613
3930160,3ebae950-049a-4880-a884-f7a901cdedea,3,Carry,19,22.7,32.4,10,37.41917108552741,57.069855373957566,19.650684288430156,43.21044942705249,42.21518673187778,30.494899068307838,49.02196856691768,7.34749896358696,2.082056149331984,3.533371825097838,12.042489025333396,12.048299443086549,16.368834334398613
3930160,e732d1a7-20a8-4992-bc41-749e847d718b,3,Pass,23,29.1,29.8,10,39.98459994636015,56.421432973861435,16.436833027501287,36.94291817669081,37.2840446788145,30.301713765299645,50.36828343599103,5.919968300054764,4.348046950198298,1.6395520766114515,15.620261123650465,10.034945765066212,27.324396118674045
3930160,e4794598-62b9-4a4e-a83c-abbea3019d81,3,Ball Receipt*,25,22.7,56.1,10,38.97025419764916,56.63179681791054,17.66154262026138,44.23622423206623,43.04190026883663,34.16231460336124,49.84872731062386,7.4757953464415925,3.431300401936835,1.0057996485940777,13.981121482374633,10.561283625028999,22.700000762939453
3930160,5f28df7f-74a2-4b11-8f96-0cc469fbf43e,3,Carry,25,22.7,56.1,10,38.97025419764916,56.63179681791054,17.66154262026138,44.23622423206623,43.04190026883663,34.16231460336124,49.84872731062386,7.4757953464415925,3.431300401936835,1.0057996485940777,13.981121482374633,10.561283625028999,22.700000762939453
3930160,15fa6804-ef03-4f47-a08e-852791ae508b,3,Pass,26,28.4,59.4,10,40.935478266426365,58.6640571808599,17.728578914433534,48.369018797596176,47.01767074699785,36.55192142572956,47.43720595652555,7.565834753726876,3.7187977830197294,1.2624210931374407,16.47138276219375,10.626306876758164,28.399999618530273
3930160,ee0e7393-eec1-4af9-bf38-fcb31e200865,3,Ball Receipt*,28,43.0,76.2,10,44.24160487078436,62.468848887316554,18.227244016532197,52.569992264083794,49.067509790676596,37.10144603118322,43.51300908827061,6.706436562638542,3.5154351114438165,0.5102242618129651,16.035261883177157,10.805924261573253,28.75828426349102
3930160,9b9cc213-69dd-43b9-922a-0aac6707e11d,3,Carry,28,43.0,76.2,10,44.24160487078436,62.468848887316554,18.227244016532197,52.569992264083794,49.067509790676596,37.10144603118322,43.51300908827061,6.706436562638542,3.5154351114438165,0.5102242618129651,16.035261883177157,10.805924261573253,28.75828426349102
3930160,8961c1ab-fd18-4332-81f1-29984e359250,3,Ball Receipt*,30,55.1,77.8,10,46.91794064253301,62.353957239793225,15.436016597260213,62.64346846511489,47.92759853420279,37.397228665873264,31.9260325863561,7.235724872620499,4.79238823856958,2.331727396919632,20.93583247074494,9.449777673866208,41.42368799260723
3930160,b47ee0d6-e7e0-4c8e-b1db-fe989812ceca,3,Carry,30,55.1,77.8,10,46.91794064253301,62.353957239793225,15.436016597260213,62.64346846511489,47.92759853420279,37.397228665873264,31.9260325863561,7.235724872620499,4.79238823856958,2.331727396919632,20.93583247074494,9.449777673866208,41.42368799260723
3930160,28ae2da9-f8b1-47c9-a80e-41afa0342eca,3,Ball Receipt*,6,22.8,18.1,10,38.22335240131213,57.61549965900878,19.392147257696656,31.415794852641433,32.56415619450069,37.03240672009674,46.05850118589956,5.37261363457653,2.9116241092013033,3.406301563170608,15.610382577454857,13.255124083910971,21.9609427376773
3930160,11130b15-61eb-4f2d-bdea-5cfad0ecf585,3,Carry,6,22.8,18.1,10,38.22335240131213,57.61549965900878,19.392147257696656,31.415794852641433,32.56415619450069,37.03240672009674,46.05850118589956,5.37261363457653,2.9116241092013033,3.406301563170608,15.610382577454857,13.255124083910971,21.9609427376773
3930160,26009a30-c719-4cdc-8e66-23ed9e0a8a28,3,Pass,7,23.0,17.8,10,36.69228429129409,58.543616167538126,21.85133187624404,31.184927972329298,31.02542935609838,37.341654982041526,47.747852968546596,7.155586431925665,2.2380541420980338,5.333011883293796,14.99035817142638,13.142370839379232,20.92130513842865
3930160,e1cba0ba-a716-49e8-8aab-83e0ff583ab3,3,Ball Receipt*,9,35.8,2.1,10,34.58822790549121,60.09797479858317,25.509746893091958,26.427816722237758,27.814539342235893,45.36676076670938,49.245566777547324,7.6315682498070165,2.244243306130818,8.280048673841609,14.69083790348347,12.588781087464422,21.772302247835626
3930160,5ab7a896-f194-42d1-a772-bea21221305f,3,Carry,9,35.8,2.1,10,34.58822790549121,60.09797479858317,25.509746893091958,26.427816722237758,27.814539342235893,45.36676076670938,49.245566777547324,7.6315682498070165,2.244243306130818,8.280048673841609,14.69083790348347,12.588781087464422,21.772302247835626
3930160,d5ff129e-b02c-4cbd-8c6a-0b39b7f28865,3,Ball Receipt*,10,50.4,2.6,10,38.283392863204384,63.26507741066672,24.981684547462336,22.342607704343642,28.21595283077435,46.22564841999535,49.34379089956135,7.989986199540148,2.062380203175583,8.347650979752956,15.76742201164852,10.349518342007187,23.361605196109345
3930160,1da3c9fd-7049-48d9-9bd5-937faab063c4,3,Carry,10,50.4,2.6,10,38.283392863204384,63.26507741066672,24.981684547462336,22.342607704343642,28.21595283077435,46.22564841999535,49.34379089956135,7.989986199540148,2.062380203175583,8.347650979752956,15.76742201164852,10.349518342007187,23.361605196109345
3930160,a455037e-c01e-4838-a6e8-d104ceef9513,6,Ball Receipt*,5,10.6,59.6,8,24.53014336480654,45.73204060946252,21.20189724465598,55.019991734990754,51.76917676906826,44.77246518194298,34.32310543427447,7.326482525958603,7.753818286824829,5.111624136787931,17.090034204799785,9.885046952304833,10.600000381469727
3930160,326d444a-8868-47cc-b032-f004bc8eae32,6,Carry,5,10.6,59.6,8,24.53014336480654,45.73204060946252,21.20189724465598,55.019991734990754,51.76917676906826,44.77246518194298,34.32310543427447,7.326482525958603,7.753818286824829,5.111624136787931,17.090034204799785,9.885046952304833,10.600000381469727
3930160,199ae467-9798-47c6-9e81-b88bdd8c32d5,6,Pass,7,8.2,57.6,9,18.82673350582922,45.410580133560345,26.583846627731123,56.648699799924294,50.67880755652409,23.321559859420425,40.35995054792742,6.620993633678821,9.762418774676958,2.4609628942043074,9.531705654605155,9.133445597320545,1.786041517605753
3930160,f08256ae-87cd-4aa6-93da-9c96e786d12e,6,Ball Receipt*,8,3.6,44.3,10,17.42701565252593,45.54065628254189,28.113640630015958,50.335606764519724,45.4520805344832,21.766238337790632,40.80045790548024,6.705997734670666,9.697521896642936,1.2244764271699111,10.140054753896223,10.492686683256181,3.5999999046325684
3930160,694a5e27-c918-4127-89f3-415e77bb975a,6,Pass,8,4.2,44.8,10,18.0270155571585,46.14065618717446,28.113640630015958,50.835606764519724,45.9520805344832,21.766238337790632,40.80045790548024,6.705997734670666,9.697521896642936,1.2244764271699111,10.140054753896223,10.492686683256181,4.199999809265137
3930160,f693a48e-c32c-409e-a1e0-fb2d45de30bf,6,Pressure,10,56.2,46.7,8,32.00768801618839,56.75256430776921,24.744876291580823,50.72393310700213,45.25288245890918,41.45168613249375,14.633479526691104,6.515980145557863,3.4793928839284383,0.46030431857556664,21.502728790604962,7.203986535313426,19.751509778545923
3930160,76f15741-052d-48ee-a876-b8f6712f86a6,8,Ball Receipt*,8,19.9,55.2,8,20.305950248852646,38.950818866276826,18.64486861742418,59.14528088203231,61.586045304839644,40.967649729677674,34.74892187531234,3.96127920115781,5.597590621095554,5.119838283060403,20.775275516985623,9.87462401781977,11.535907304026793
3930160,bbf0483e-27ad-4878-8883-1ba13a85b3ad,8,Carry,8,19.9,55.2,8,20.305950248852646,38.950818866276826,18.64486861742418,59.14528088203231,61.586045304839644,40.967649729677674,34.74892187531234,3.96127920115781,5.597590621095554,5.119838283060403,20.775275516985623,9.87462401781977,11.535907304026793
3930160,56c108e7-1fec-4d6f-81e3-bf812d3998c1,8,Pass,9,20.0,54.7,8,20.938535156301818,39.414695820796524,18.476160664494707,56.767180046040906,59.37042706603277,37.99776692349989,31.34699050047324,3.43378631556683,5.003619922229522,2.432119688442455,21.207408158349153,13.007578253980768,11.244405081530061
3930160,aedecb44-bc6d-4955-9b7d-dfeda121ed5e,8,Ball Receipt*,10,9.9,59.4,8,19.458617973581944,38.508376479783884,19.04975850620194,56.889269291336824,60.339442687252614,35.04137060469187,32.13198051440716,4.504289823199871,4.738581858478656,0.74738421489198,20.605833327470243,14.722027929802131,9.899999618530273
3930160,87882921-2619-47e4-b8c6-55152c535bf2,8,Pass,10,9.9,59.4,8,19.458617973581944,38.43958224969596,18.980964276114015,56.889269291336824,60.3751562470296,35.04137060469187,32.13198051440716,4.504289823199871,4.829372701630074,0.74738421489198,20.605833327470243,14.614887250471156,9.899999618530273
3930160,89bbff32-f66c-4aa9-aa55-cfe31787f6bb,8,Pass,16,27.4,55.6,8,30.82582025093543,49.78093380524385,18.95511355430842,47.41372639237763,55.11047646549207,34.048669266956324,20.83612182095778,4.839750844144243,1.9042644309991588,1.331115413512606,21.671343293203726,9.250789103486646,27.308285817887608
3930160,4e16dfd6-f0ee-4b9a-92eb-3310cf858fa4,8,Ball Receipt*,19,41.3,46.9,8,33.040305828098994,47.970516795788704,14.93021096768971,46.29585128050047,52.3230315601672,31.61237672491258,21.08994009351496,4.9502193236177545,2.9650729712271313,1.1962123735965662,21.056879817416913,8.95674977680428,26.724526841443918
3930160,1df85d47-a6cc-48d9-abde-87bfa67ec9fa,8,Pass,19,41.7,46.5,8,33.4403073539779,48.37051832166761,14.93021096768971,45.895849754621565,51.923030034288296,31.61237672491258,21.08994009351496,4.9502193236177545,2.9650729712271313,1.1962123735965662,21.056879817416913,8.95674977680428,27.124528367322824
3930160,634acf1b-ea87-48ee-9d6e-282eea2152ba,10,Ball Receipt*,6,76.6,65.5,8,51.46787080622935,71.85794077933815,20.3900699731088,24.374899561861245,17.228975349935514,38.36515768925818,24.805778879249843,5.9972190718520215,5.658068213121801,0.21935963678464532,14.357881519555601,12.03481291433802,39.77837995832013
3930160,2f94d0dc-ee9c-495c-b942-6e827fe0a1a2,10,Ball Receipt*,9,69.8,71.8,10,46.988187816245194,64.65499616119664,17.66680834495144,22.561890077286336,26.127760878659608,39.343010835542366,38.6296536560435,5.1065942151445265,3.5542504151831147,4.520911837352713,23.819453282624217,0.5843579119651388,36.689688889715825
3930160,448c5f16-2bfa-481f-9b05-6a156bc7656e,10,Pass,5,36.6,59.1,10,51.062368402280775,67.54157792221594,16.47920951993516,55.04187051854685,65.72061115570044,36.715920965965694,19.75747481814706,5.292268807698815,3.306976583861324,0.9249425015288892,17.786954647574397,2.173112484928822,33.738049890199235
3930160,96a1ce41-b03f-43b9-a91f-8b2f6e5f8b52,10,Ball Receipt*,14,50.7,9.3,10,50.98417379589223,66.32584235710064,15.341668561208408,24.854542713968957,36.18599425950157,39.114214321438986,40.83370193412821,4.326517894715693,5.090921725314121,1.9651380101860383,25.81793645846789,8.21796445349009,39.93576814066574
3930160,bdc18bb0-3fde-45db-9663-3b983a807545,10,Carry,14,50.7,9.3,10,50.98417379589223,66.32584235710064,15.341668561208408,24.854542713968957,36.18599425950157,39.114214321438986,40.83370193412821,4.326517894715693,5.090921725314121,1.9651380101860383,25.81793645846789,8.21796445349009,39.93576814066574
3930160,9be83b86-b49d-4a58-9216-191824f4d114,12,Pass,5,38.4,69.0,10,42.718201299358476,61.258389510061896,18.54018821070342,53.76144107134097,54.24021458492763,42.23976724920111,39.12015220415233,3.580180556980006,6.415124928216034,2.539392420871536,26.505802270620244,5.659708910686682,33.095704360762625
3930160,07dc4dbe-9669-41a3-82ce-7d4b673216de,12,Ball Receipt*,7,56.2,78.3,10,47.94801141550247,65.30525453166162,17.357243116159147,49.92988952928043,51.267019182917984,45.73710660567333,37.36764532277272,4.454895012918571,5.13126123910642,3.9031459306161125,28.351363467461262,5.983389172272524,36.368375853877396
3930160,45a359a2-7a93-4a50-93a1-1dd55f3688f4,12,Carry,7,56.2,78.3,10,47.94801141550247,65.30525453166162,17.357243116159147,49.92988952928043,51.267019182917984,45.73710660567333,37.36764532277272,4.454895012918571,5.13126123910642,3.9031459306161125,28.351363467461262,5.983389172272524,36.368375853877396
3930160,7371baeb-b842-4b64-af9d-2c50924bd50d,14,Ball Receipt*,13,65.9,66.9,9,51.30653428415587,64.84895175653216,13.542417472376286,21.664629763639965,33.35253480042824,44.615045966794504,51.40318417255304,5.354738516935616,4.228075677014992,2.2739777521216666,19.41716653993534,5.897263697617486,42.25921381467723
3930160,2c0fe035-a3b8-404f-ad3c-5cda9dadf7e1,14,Ball Receipt*,15,19.8,75.9,8,22.485514291202467,42.68875245927644,20.20323816807397,54.977695440577385,49.59586835800212,44.456091504234685,36.47449661062759,6.237398964755991,4.57992341678818,3.88644010546124,20.51624045347669,12.471176792763941,9.932341480115738
3930160,b31e2b0a-c4bc-44d0-a799-bcc4efd1752f,14,Pass,15,17.3,75.7,8,20.55277900190128,41.293852126586266,20.741073124684988,62.78209940363752,38.35015819743054,22.601503562975402,27.42689414377412,6.4429185356161245,6.77352855882676,0.06156059435249972,10.057075407862513,0.41952684328653334,8.758489059638464
3930160,8ebe9b9d-947d-4a13-8fd5-fddf840c5e73,14,Pass,5,13.9,72.9,10,21.298793678461514,49.26327534425557,27.964481665794054,48.27449658606694,45.28555896131229,42.441331794830774,36.405082900190976,8.290350965024503,7.576360132342516,3.869983511192153,21.69135609495386,9.338771416066798,7.454402731036566
3930160,de2193dd-26f0-4717-a738-d70005e615cf,18,Dribble,13,70.6,77.4,10,44.89211738238996,51.00938626401929,6.117268881629329,41.66630228463013,21.266004540551446,42.86821265300227,44.42714785133657,3.3627222727319253,1.2358539335327405,3.532531315820968,13.71682674162981,5.140959436098655,39.58111262417225
3930160,01126bd9-5b8b-429a-a08e-0068e3325f58,18,Pass,8,11.6,43.9,9,33.493109085232874,59.90942001669815,26.416310931465276,44.11262551248389,47.7791729352241,36.20470241887044,42.63277555592195,9.492334767324541,5.129986222257338,0.9529088582662766,14.184143961728104,8.372435976059158,11.600000381469727
3930160,ef2c341c-373b-4de8-8f43-b7fd7b46ed01,19,Pass,10,42.0,56.2,10,44.059290063794336,63.61596443256665,19.556674368772313,47.31226414445877,51.46317707725826,34.681580756527424,36.93445812772037,4.67932913473849,5.109454437498903,2.0788596304883242,14.409895350276706,11.44293853466548,33.84604191270415
3930160,aab7a7d1-c9f4-4e49-81a2-a07b69b0d140,19,Ball Receipt*,10,34.7,62.7,10,44.472727443729426,64.84577621924517,20.37304877551574,48.80587968648409,53.11493233282325,34.49406436016669,37.051499925253275,4.670095205002525,4.641199867124058,2.6099482306764727,14.925104096103148,11.06676468500985,33.385866203620964
3930160,bf0d2f49-5629-4a57-b7aa-e3e0d3b422c7,19,Carry,10,34.7,62.7,10,44.472727443729426,64.84577621924517,20.37304877551574,48.80587968648409,53.11493233282325,34.49406436016669,37.051499925253275,4.670095205002525,4.641199867124058,2.6099482306764727,14.925104096103148,11.06676468500985,33.385866203620964
3930160,c0b832d2-7a68-467f-b9ee-51bd07bf171e,19,Pass,14,22.9,36.5,10,34.78278033686037,56.64057144793739,21.85779111107702,37.467969319982174,43.01683470252206,25.965319612751053,38.472715019395025,6.473009210738391,3.5172772394352108,2.1876945623106607,10.245366128470515,7.92937867593708,22.899999618530273
3930160,72a60cae-fe15-4988-a7ef-acd446a52b03,19,Ball Receipt*,15,25.3,25.4,9,32.607298618239305,55.536422848642275,22.92912423040297,40.428208045958,46.85006610634603,27.447065148245436,41.77214331067033,6.555483217603067,4.2770371857309515,0.5354494358910102,14.493381185225118,7.228569801498985,20.579417968970688
3930160,2daa814f-79b0-45c8-bedf-ee59b0f0e761,19,Carry,15,25.3,25.4,9,32.607298618239305,55.536422848642275,22.92912423040297,40.428208045958,46.85006610634603,27.447065148245436,41.77214331067033,6.555483217603067,4.2770371857309515,0.5354494358910102,14.493381185225118,7.228569801498985,20.579417968970688
3930160,6fba87a0-ebcb-42ad-884c-8a0a82e8405e,19,Pass,16,27.7,22.5,8,33.413628973696454,53.070489129760524,19.65686015606407,35.42713324552108,43.69709645456202,33.28115447444429,47.26292591724224,7.064445332367577,4.873761298745905,0.25879067677166745,19.752123874893044,21.43175851841788,21.464837529175426
3930160,f23a9419-1653-474c-aaed-83d988230b6b,19,Ball Receipt*,17,43.1,4.9,10,32.7924842058508,52.01158879327675,19.219104587425953,26.96675604965218,32.58788884458606,35.949484342028185,51.12182217213088,7.5563724160363686,6.865951054419423,1.3972132626989122,21.742028130373697,7.631466762596631,20.597732389681397
3930160,53e355d6-ffdd-49b8-84ea-46cefae30861,19,Pass,17,42.6,3.7,10,32.2924842058508,51.51158879327675,19.219104587425953,25.766756001968464,31.38788879690235,35.949484342028185,51.12182217213088,7.5563724160363686,6.865951054419423,1.3972132626989122,21.742028130373697,7.631466762596631,20.097732389681397
3930160,8f2617d8-4687-4c8d-a2e9-cb8f0af51b81,19,Pressure,19,62.9,15.6,8,48.99500593262428,64.21175000708558,15.216744074461303,23.616044803277767,37.013205942213176,44.277303887209584,40.93076703859319,7.655591007978828,1.0570228825189771,7.492602317823803,17.492180579857312,18.909387998927095,39.9199953571556
3930160,4cbf4279-6d2e-4aca-be4c-bdcc81d421e9,20,Ball Receipt*,18,19.1,40.5,10,47.28991360140081,63.18355089826785,15.893637296867041,45.912316884558884,48.54329371775481,39.586648834279686,32.866018544078344,8.291597904434624,3.8931289722677493,3.003579631484179,15.73984736311457,8.066939118777057,19.100000381469727
3930160,d7e41eca-9354-4e1d-9e97-e2fb5aaeb8ba,20,Carry,18,19.1,40.5,10,47.28991360140081,63.18355089826785,15.893637296867041,45.912316884558884,48.54329371775481,39.586648834279686,32.866018544078344,8.291597904434624,3.8931289722677493,3.003579631484179,15.73984736311457,8.066939118777057,19.100000381469727
3930160,28d886fe-dbe1-4941-b789-8377ca055ee3,20,Pass,21,19.6,41.0,10,39.09593059103276,59.45702290267754,20.361092311644775,48.76998590827096,36.877440010595876,22.01098813093997,42.50646642751501,9.90045767988946,3.83515766865389,0.652343058587249,9.537365058342658,7.7055884577248435,19.600000381469727
3930160,1ca42a1c-7866-44ac-80a2-e7c963132fc5,20,Ball Receipt*,23,50.2,76.5,10,42.38745539904433,59.92120939961133,17.533754000567,48.29846085108481,53.18710449112692,45.80432798477458,43.339320927880344,9.664368996826305,4.275655256426657,4.219716924393602,24.39397392222252,10.245269410151636,26.87709773976448
3930160,f9cdba7d-10db-4a4a-99cd-268f39eecf03,20,Carry,23,50.2,76.5,10,42.38745539904433,59.92120939961133,17.533754000567,48.29846085108481,53.18710449112692,45.80432798477458,43.339320927880344,9.664368996826305,4.275655256426657,4.219716924393602,24.39397392222252,10.245269410151636,26.87709773976448
3930160,231c3004-054b-4182-b097-468a8cdf3cc0,20,Pass,28,43.8,55.6,10,47.97439430758537,61.01800306114245,13.04360875355708,51.96634122219596,53.84983698646041,30.398634726119013,34.12220810661377,4.993669271145766,4.481527868281078,1.4681755335627642,16.667929018866396,0.4517051857811225,30.502237540866204
3930160,1ad452a8-3ada-4e93-83cf-c70538361e49,20,Pass,49,49.5,55.6,10,48.55067944402232,66.36931569277475,17.818636248752426,60.108427644321885,38.20468254316198,12.866027061781992,29.027503252705515,8.75795785729048,3.2649245011808787,0.3427495795681139,7.387195868033693,5.266617883040432,30.865862134343672
3930160,6f0fbd47-0ccc-4115-a95e-b240ed7a3f94,20,Ball Receipt*,49,44.2,59.4,10,47.62422296861614,66.02713642334763,18.40291345473149,54.51188192076969,51.50856213203633,41.2875217611923,32.10494759833116,8.513210311434984,3.659436723230671,2.6849135087679343,27.892880433738007,8.259549299756934,31.44101172318227
3930160,b0991d67-27d0-4bc5-ba2d-e73054c384b9,20,Pass,49,43.3,58.7,10,46.73162075092034,65.12713489746872,18.39551414654838,54.04299714336423,50.80856136909688,40.13194183352232,32.10494759833116,8.522677549607106,3.659436723230671,2.6849135087679343,26.737300506068024,8.259549299756934,30.541010197303365
3930160,e3853963-71c6-4270-827b-50f157e4d321,20,Ball Receipt*,51,34.7,38.9,10,45.87055002129904,65.09344453750873,19.222894516209692,50.89552765740583,52.06667185979887,40.86349292392489,32.86189480829051,7.944967137095444,2.5730965594009767,1.2226987771981541,24.983990510070463,0.7337507874141238,31.844199356639507
3930160,24849712-67e0-4738-a121-e75ad2cc6886,20,Carry,51,34.7,38.9,10,45.87055002129904,65.09344453750873,19.222894516209692,50.89552765740583,52.06667185979887,40.86349292392489,32.86189480829051,7.944967137095444,2.5730965594009767,1.2226987771981541,24.983990510070463,0.7337507874141238,31.844199356639507
3930160,c3cb90ab-99b1-4a7f-ad16-2e4f70bcfeb5,22,Pass,6,3.2,20.1,8,13.003367779474848,39.93978348212345,26.936415702648603,30.354823178622034,20.900398075991898,36.8990905452775,24.879851594022064,5.914799039686382,11.554955730410263,5.944952493175741,12.104711606215332,2.3813732458752455,1.0666806306659282
3930160,fc52951a-0366-41d3-84bf-d55592b22617,23,Ball Receipt*,10,3.9,26.5,9,34.13229281901654,55.43600721552005,21.30371439650351,33.244250563068476,33.48361143372003,28.61348991477775,44.70941491816212,6.493669087720186,6.534101098369458,2.7707552147534855,13.788678432271475,7.83317171922387,3.9000000953674316
3930160,c4955045-7736-4011-8276-530bbf818925,23,Carry,10,3.9,26.5,9,34.13229281901654,55.43600721552005,21.30371439650351,33.244250563068476,33.48361143372003,28.61348991477775,44.70941491816212,6.493669087720186,6.534101098369458,2.7707552147534855,13.788678432271475,7.83317171922387,3.9000000953674316
3930160,70363a85-1056-4016-9c9f-850a2e4c2354,24,Ball Recovery,5,37.1,44.7,9,43.75345743163268,62.12892666574342,18.37546923411074,35.73840215894446,34.316151255864,36.80071247084081,26.761308060774617,5.082601778082133,3.99946449194047,0.5101542445942044,25.849363371119892,5.229772373806021,36.00114404320743
3930160,7f404559-5f7b-42ec-b0f7-9b96ca22b888,24,Pass,7,42.9,39.6,9,45.7953440453191,64.03770600818504,18.242361962865942,37.18704957057717,36.871072297499296,38.18457932138644,27.0259971994491,3.468144864641329,4.025415476181397,0.3733738752681717,23.215997447077847,7.467661293876866,39.201523217576494
3930160,ceef49e6-4883-46a2-8ebf-b9c27286e84c,24,Ball Receipt*,10,64.4,72.7,8,52.24743868810589,66.24353371926843,13.99609503116254,32.63193695685699,28.621613443980284,45.158974021355895,17.912428343509102,6.154502437506199,3.799631289520559,1.8506533425619658,21.08750216439491,5.247770301082383,51.14953971671272
3930160,fe164fe2-c208-4aba-8931-554272c39f69,24,Duel,10,65.1,71.9,8,52.24743868810589,66.24353371926843,13.99609503116254,32.63193695685699,28.621613443980284,45.158974021355895,17.912428343509102,6.154502437506199,3.799631289520559,1.8506533425619658,21.08750216439491,5.247770301082383,51.14953971671272
3930160,7c3fa5f4-9c4d-4cc8-ba90-d09bcbe8dac2,24,Pass,20,28.5,71.2,10,42.15023769494944,60.676072734607075,18.525835039657636,64.7989063611976,48.84216031235657,31.581782402212276,43.24259018901158,5.820238075498708,6.539342586868004,1.7264553093630042,10.874900416228158,5.718087200521978,28.5
3930160,3545b966-2541-4b91-b1e5-f35a3ee8a559,24,Ball Receipt*,22,25.7,63.6,9,36.88904507782953,58.59477078207766,21.70572570424813,64.04505633119196,48.9771915059898,27.603546695196293,41.185706793667805,6.368420841819255,5.863938372605358,4.011127972549119,9.789808769281379,3.6624891952296394,25.700000762939453
3930160,543d4f0d-1807-4387-9518-ca0bfcc773a4,24,Carry,22,25.7,63.6,9,36.88904507782953,58.59477078207766,21.70572570424813,64.04505633119196,48.9771915059898,27.603546695196293,41.185706793667805,6.368420841819255,5.863938372605358,4.011127972549119,9.789808769281379,3.6624891952296394,25.700000762939453
3930160,288da273-8e52-4e5a-b78d-94dd571e5381,24,Pass,22,25.7,63.6,9,36.88904507782953,58.59477078207766,21.70572570424813,64.04505633119196,48.9771915059898,27.603546695196293,41.185706793667805,6.368420841819255,5.863938372605358,4.011127972549119,9.789808769281379,3.6624891952296394,25.700000762939453
3930160,cc042237-35e0-4aff-8c0b-8ea2fcefb888,24,Pass,26,3.3,50.5,8,25.74313964687002,50.67092802430463,24.92778837743461,48.36824773023706,45.708324591062826,43.756475709662745,26.747377224293174,11.922778407717736,4.829632726847963,5.154548167060788,17.18428333438458,8.496287610423892,3.299999952316284
3930160,09a4a03a-1f6e-4151-8aa4-87b0ecd3d1f2,24,Ball Receipt*,29,56.2,53.6,9,40.250478926482124,61.07649982906577,20.826020902583643,46.35725532980219,49.47528618398605,43.97449413610816,30.250515313686606,8.106779833788403,3.7306660318734157,5.6562437394069605,18.050468812305937,4.363883541316554,22.565226352127638
3930160,119fe01b-8ca0-4674-bee6-bfcd9e6ff763,24,Foul Committed,29,55.8,54.1,9,39.738999825476476,60.28147758037585,20.542477754899373,46.511392003955606,49.91401552407163,43.24028403190748,30.59728882030626,8.063918578462951,3.9218883505238415,4.487279155934594,19.09979884566888,5.036753955307006,22.566035234101236
3930160,bc63db6a-8100-4aa0-a5d9-b4a2414814ba,24,Dribble,12,77.9,0.7,10,33.03561890362931,47.86221081835299,14.826591914723679,58.91310057278209,64.36798577468973,34.528396006209135,38.97673101626934,2.9181344525590975,7.509761326217617,1.7878733608845039,18.099430711376783,0.25449050474881574,29.0618000146754
3930160,a35315fe-ac40-4e2e-8a33-6862ee4c6e91,25,Pressure,11,48.8,61.4,10,44.295893309072525,60.90599705341854,16.610103744346013,50.664354321567146,47.511580624260866,45.43082287008463,31.04586557156346,5.170098339361991,5.248791072586937,5.763162400122582,18.30358771223863,4.308714454128676,35.995356842203634
3930160,aa438cfc-f947-42ab-86af-de7bf8e9f697,25,Block,12,47.4,61.4,10,43.10831445387108,59.3870698988947,16.27875544502362,52.45813811700352,49.468307858523076,45.69066650204151,30.860173990393697,5.132330480385378,5.2752967443565675,7.365132072539566,18.483240255426786,3.486153859595511,34.43069678742452
3930160,35ad30af-036c-4512-b109-bded916dd0de,25,Ball Recovery,12,47.3,60.7,10,43.21009857187339,58.59550384683554,15.385405274962153,53.27399023255515,50.49219931265719,45.04292738920702,31.634150550078438,5.052964327107616,5.4272677700381085,5.410754221851413,19.108629374862865,4.2504794480321735,34.697551672047794
3930160,a5379bcf-6d9b-4643-ad71-e8725f0c1d1b,25,Carry,12,47.3,60.7,10,43.21009857187339,58.59550384683554,15.385405274962153,53.27399023255515,50.49219931265719,45.04292738920702,31.634150550078438,5.052964327107616,5.4272677700381085,5.410754221851413,19.108629374862865,4.2504794480321735,34.697551672047794
3930160,519440e3-8859-44f2-a1cc-32bdff2d2f8e,26,Pass,7,9.1,35.3,9,31.12548195863701,57.19133586506608,26.06585390642907,27.49519091032326,31.84112683902128,39.92262284126575,46.57110497160461,6.814785639335072,2.5937526993607416,6.449770447573307,16.02469091103154,9.696694248252193,9.100000381469727
3930160,ea5f1d79-ff7e-4c30-b7d8-dcb3e8d61e14,26,Ball Receipt*,9,14.9,50.3,10,31.74421195135111,57.43076602369061,25.686554072339497,34.09428034806526,36.99814869134538,40.98298393823612,48.0391748877703,6.929459326238191,3.3343513341332556,3.7889145250944978,17.373982689730525,9.178308990860621,6.267235585008088
3930160,e10a7500-bc2f-4583-8f70-2b4a024c5b20,26,Carry,9,14.9,50.3,10,31.74421195135111,57.43076602369061,25.686554072339497,34.09428034806526,36.99814869134538,40.98298393823612,48.0391748877703,6.929459326238191,3.3343513341332556,3.7889145250944978,17.373982689730525,9.178308990860621,6.267235585008088
3930160,ef7e364a-31b7-4848-a6b6-cd849632533b,26,Pass,9,16.7,52.1,10,33.653092532097716,58.92328166736058,25.27018913526286,36.984504086546046,38.96414587115372,42.75561549626114,47.80406717053202,6.957485237057564,3.564466253800128,0.23518239850699985,19.078903283588204,9.292488860812469,16.700000762939453
3930160,e9b4ae6d-2e9e-44b2-b130-4669588184a3,26,Ball Receipt*,11,7.6,39.2,10,32.75129068724901,58.45851135922215,25.70722067197314,35.75407415880084,37.27354471190214,44.62256997301848,46.47450985179838,7.917782699922465,3.919526698713273,3.1503054607891343,18.19070805508423,8.661525797898086,7.599999904632568
3930160,a06eca6c-7c56-4a60-a396-190940846233,26,Pass,11,7.6,39.4,10,32.88813192036674,58.34195653946133,25.45382461909459,36.500011570164,37.953621473223315,44.62256997301848,46.47450985179838,8.077679748608974,3.841884089259108,3.1503054607891343,18.19070805508423,6.741221804371207,7.599999904632568
3930160,2609f64b-7972-4e9e-a22c-6835688978b5,26,Ball Receipt*,13,17.0,21.4,10,32.50779919482286,57.74412941947493,25.23633022465207,36.95774462655865,36.11273595693609,42.78851606580603,49.690709022326374,7.449055961790732,3.8001324968655177,2.8495296218240966,16.378289826798706,3.281314496750646,15.771773027062949
3930160,34abf9e9-f69a-4541-9835-583de27cc95b,26,Carry,13,17.0,21.4,10,32.50779919482286,57.74412941947493,25.23633022465207,36.95774462655865,36.11273595693609,42.78851606580603,49.690709022326374,7.449055961790732,3.8001324968655177,2.8495296218240966,16.378289826798706,3.281314496750646,15.771773027062949
3930160,cb548667-4683-450c-b73c-9383be3b1a66,26,Ball Receipt*,22,17.4,37.6,10,43.51098623345506,61.7927915895343,18.281805356079246,39.0805760182611,33.141370380155976,28.70550368881971,40.1248461618314,5.0994630082924814,4.726659269731293,3.167258639365542,13.40101694643944,3.076011194594855,17.399999618530273
3930160,c5f827b6-5a3b-495a-9dfe-9f03cb2b2eb8,26,Carry,22,17.4,37.6,10,43.51098623345506,61.7927915895343,18.281805356079246,39.0805760182611,33.141370380155976,28.70550368881971,40.1248461618314,5.0994630082924814,4.726659269731293,3.167258639365542,13.40101694643944,3.076011194594855,17.399999618530273
3930160,6ac58aad-16d9-47a1-b5a9-42e71fd22034,26,Pass,6,8.8,49.6,8,28.022077450818596,49.77803379705434,21.755956346235745,55.01471156592595,40.694382267356296,39.814366285611754,30.939916527278427,8.595558798361045,5.32558631809391,2.9274587184089,16.11652621147332,13.866129416026531,8.800000190734863
3930160,695c61b6-6e33-41d7-b526-3707a51c7282,26,Ball Recovery,14,54.0,56.5,10,48.78729233643871,65.50516342674162,16.717871090302907,48.085164124725736,42.67981855886226,49.497745785668045,28.084631275600266,6.043444061330767,3.0198746177215865,1.7359449422814137,23.015158468554908,4.895140207929728,41.868682221821686
3930160,9421cfe8-50ca-4b4c-bcc6-eb3f3336d1ca,26,Carry,14,54.0,56.5,10,48.78729233643871,65.50516342674162,16.717871090302907,48.085164124725736,42.67981855886226,49.497745785668045,28.084631275600266,6.043444061330767,3.0198746177215865,1.7359449422814137,23.015158468554908,4.895140207929728,41.868682221821686
3930160,0c50c04d-02f3-43ce-9b63-73ded2d0667f,26,Pass,17,42.9,65.1,10,46.9982753405361,65.16697128641681,18.168695945880714,57.27625194211862,49.57070829181682,42.997260635054204,33.29502512580634,5.790193315434935,4.996843495227558,3.6283240907063643,28.6410195178687,5.777252813187893,34.649616746376694
3930160,f12fcfa2-9ff2-42f9-a36f-8156ce813209,26,Ball Receipt*,18,34.4,71.4,10,46.22278140721378,64.59948635018019,18.376704942966406,62.36588825858145,53.178486455868246,43.46499729881637,34.063493131784526,7.059612515782497,4.916531595042286,3.302395483429578,29.324079681972187,7.805653724938516,34.400001525878906
3930160,3de8fe08-a5a6-4daf-94c1-a51edeaf0815,26,Carry,18,34.4,71.4,10,46.22278140721378,64.59948635018019,18.376704942966406,62.36588825858145,53.178486455868246,43.46499729881637,34.063493131784526,7.059612515782497,4.916531595042286,3.302395483429578,29.324079681972187,7.805653724938516,34.400001525878906
3930160,3bc127ce-d957-495c-91c6-365855647c7e,26,Pass,21,25.0,71.8,10,42.73236286074245,59.37059628272764,16.63823342198519,60.340140170069105,58.76764279931716,40.62102571441738,42.57414728406481,6.369155391593153,5.296506044885721,1.416666914272497,25.78361583730468,9.13873140164415,25.0
3930160,535b1d61-4372-47ad-a64c-a46b964ccf9d,27,Ball Receipt*,23,24.0,48.1,10,42.96886407388638,61.013607221114405,18.044743147228026,51.369784938913725,60.57477643930008,35.98530925001065,29.614030057496223,7.292267534017788,5.47508715774282,1.2901543805883549,18.688080458472484,5.680246375883513,24.0
3930160,1e94db67-9518-419b-8366-cd8639085358,27,Carry,23,24.0,48.1,10,42.96886407388638,61.013607221114405,18.044743147228026,51.369784938913725,60.57477643930008,35.98530925001065,29.614030057496223,7.292267534017788,5.47508715774282,1.2901543805883549,18.688080458472484,5.680246375883513,24.0
3930160,59d6293b-c659-4d2c-b4d1-866cca33df9e,27,Pass,25,34.9,27.8,10,46.151159169211276,64.7571063201587,18.605947150947422,37.65636102473122,45.77966613930273,43.976074991893526,24.32255538379387,7.70437970493134,4.657545098328646,3.1720425023201244,16.18413474614991,1.248428610433102,30.470189338217153
3930160,485250cd-a242-4e75-9ec4-d5fb344c453f,27,Ball Receipt*,27,42.3,2.4,10,42.37383645253512,60.31066730011898,17.936830847583856,33.26556004442556,36.87485675167518,54.6748727807206,40.027472996828195,6.686190225114451,3.234677749546488,0.2688645679784898,23.47271654659569,10.371089568007164,26.753583031044897
3930160,e141ad34-5d02-4db2-96a4-f3789133e320,27,Carry,27,42.3,2.4,10,42.37383645253512,60.31066730011898,17.936830847583856,33.26556004442556,36.87485675167518,54.6748727807206,40.027472996828195,6.686190225114451,3.234677749546488,0.2688645679784898,23.47271654659569,10.371089568007164,26.753583031044897
3930160,ad60d331-35f1-441e-ab3d-ecfc2e96fc2a,27,Pass,29,34.9,4.8,8,40.98712173348398,57.31506457150673,16.32794283802275,28.898583664827537,25.14838101871238,54.513032673182195,21.420207688802613,7.269369833891757,2.2398130769025726,3.571705888389289,25.090627529835842,6.223508867058108,26.610810156749224
3930160,7962d105-78fe-4708-9260-eb2704363809,27,Ball Receipt*,31,9.7,36.2,10,36.2057699249635,55.21608788723978,19.010317962276282,33.37043472949081,39.72002566197055,47.648593543030444,42.810622073933466,8.37771857846692,4.356361816036696,0.868434934064048,23.291959803517464,6.721482209809373,9.699999809265137
3930160,9cc1858f-b1ac-4822-85d2-e14884d17ce0,27,Carry,31,9.7,36.2,10,36.2057699249635,55.21608788723978,19.010317962276282,33.37043472949081,39.72002566197055,47.648593543030444,42.810622073933466,8.37771857846692,4.356361816036696,0.868434934064048,23.291959803517464,6.721482209809373,9.699999809265137
3930160,d19fbeac-1d03-42e8-b986-492879c7ac32,27,Pass,32,9.5,36.2,10,34.217165270659564,54.60759404180555,20.390428771145984,34.77999948015453,40.113568468776116,46.01835190737441,42.307599968273585,8.454388647773031,4.621257448669922,2.4935230875722993,19.88408444198582,3.2839582748253378,9.5
3930160,e10de0bc-0693-440f-a292-aefde7ac2d06,27,Ball Receipt*,33,19.3,41.3,8,34.09354654548976,54.14214722831074,20.048600682820982,38.34538253788459,41.870208820528,44.797316532184865,41.17875245856755,8.759255423498448,4.106686545814215,5.614928358041503,14.979665055119504,16.66977710659087,9.462293701034923
3930160,555a6e91-c314-4b6c-9c31-7b64c1ce31b5,27,Carry,33,19.3,41.3,8,34.09354654548976,54.14214722831074,20.048600682820982,38.34538253788459,41.870208820528,44.797316532184865,41.17875245856755,8.759255423498448,4.106686545814215,5.614928358041503,14.979665055119504,16.66977710659087,9.462293701034923
3930160,bf3debde-a100-4874-bf5a-1a290125869e,27,Ball Receipt*,37,19.6,27.8,10,32.50691607027161,56.78639871971604,24.279482649444432,44.08405288127553,42.06859261038417,41.78745634008365,39.988940524901224,8.87375186525975,4.283573950938784,3.7895659935426877,18.04654549965617,6.602791225159919,15.854745903095122
3930160,99b07336-5b52-4cf1-a7e2-1465f61415f4,27,Carry,37,19.6,27.8,10,32.50691607027161,56.78639871971604,24.279482649444432,44.08405288127553,42.06859261038417,41.78745634008365,39.988940524901224,8.87375186525975,4.283573950938784,3.7895659935426877,18.04654549965617,6.602791225159919,15.854745903095122
3930160,d65af29b-da70-4464-a73c-a79348cc94d3,27,Pass,43,27.4,24.2,10,33.73104015865122,55.29884768173204,21.567807523080823,35.043524143523356,36.6630629027855,29.05838418264898,36.577705559628434,7.740929398217351,4.274703657564377,0.870894267552913,10.30581575945051,5.329189513953523,18.580390620369855
3930160,6a5cfd68-e59b-4103-be94-e8962f508f37,27,Ball Receipt*,44,50.5,3.1,10,40.47420311942506,61.1736976230593,20.699494503634234,30.090130240544728,31.261465764516196,32.540550980893926,39.534689521712934,8.087725421936534,4.107002992768582,4.79082113191906,10.186621750602377,8.288526562550992,25.715680093667103
3930160,15d41e0f-fc96-4e82-9dda-25d4b478d70d,27,Carry,44,50.5,3.1,10,40.47420311942506,61.1736976230593,20.699494503634234,30.090130240544728,31.261465764516196,32.540550980893926,39.534689521712934,8.087725421936534,4.107002992768582,4.79082113191906,10.186621750602377,8.288526562550992,25.715680093667103
3930160,4d955aac-b742-42e5-aecf-e5419d52721c,27,Ball Receipt*,53,23.3,60.8,9,40.46909599202594,61.70607928777014,21.236983295744196,42.343069193386974,41.106946641967475,39.741476037807296,38.76264006025627,8.291112973939855,5.0533035729225615,3.8305641391394474,16.08441245511881,2.4158195785054772,12.35982003498792
3930160,ff7a1edb-be46-46b1-bdda-8871f4e8a0e3,27,Carry,53,23.3,60.8,9,40.46909599202594,61.70607928777014,21.236983295744196,42.343069193386974,41.106946641967475,39.741476037807296,38.76264006025627,8.291112973939855,5.0533035729225615,3.8305641391394474,16.08441245511881,2.4158195785054772,12.35982003498792
3930160,572985f5-232e-4502-852f-79e61402a787,27,Pass,54,25.3,62.3,10,41.39309607647999,62.02283898302635,20.629742906546355,46.5218515857721,46.82812473908476,41.69764072609351,38.22655094580794,7.828797690953056,5.781468538561891,7.393109643642823,17.653317171259317,7.602257129172941,25.299999237060547
3930160,79cacbee-a3c8-44e9-9ae3-5b6abbbb44a4,27,Ball Receipt*,56,37.8,62.9,10,40.988151388200144,60.91279767124806,19.924646283047913,53.44147701557138,53.08399826882935,42.93515882014236,38.46258019749822,7.675142833297004,6.501500580826362,5.537677526857266,20.338828295857518,2.2743215539058355,24.250477450381425
3930160,567e03ab-265c-4d8a-9971-752bf50d4d2b,27,Carry,56,37.8,62.9,10,40.988151388200144,60.91279767124806,19.924646283047913,53.44147701557138,53.08399826882935,42.93515882014236,38.46258019749822,7.675142833297004,6.501500580826362,5.537677526857266,20.338828295857518,2.2743215539058355,24.250477450381425
3930160,e95f6d34-1ea9-41d4-a70f-5139626c92f0,27,Pass,65,31.8,31.4,10,43.52037371509615,59.77887373974104,16.25850002464489,45.84893150050989,39.49498869418964,38.42448016300899,46.5699514897785,8.516858801515442,3.7300394140066504,4.12538061298153,13.267043984077453,8.487659046656624,29.398908978381797
3930160,ebf0ab1f-d1aa-4f2e-854a-937d1c252fb8,27,Pass,71,39.1,29.6,10,48.09209192476762,66.07205627518582,17.979964350418193,38.45224062108446,41.09589420291887,39.55594055945537,31.929908519411818,8.563208929845251,4.203219625884644,0.6250613169087984,15.417270151168452,5.126153944451843,32.92380520603794
3930160,0dae2cd4-e9c3-45f0-98ec-98be67e3458f,27,Ball Receipt*,72,37.8,16.7,10,49.041339403835416,66.03739846172643,16.99605905789101,35.95136026522698,39.4489409413349,41.33532801453734,31.4661721969796,8.116021352888644,3.8206656142952595,3.0740802555387035,13.50005155267025,3.3048023282705827,31.93718133387216
3930160,08ff3357-93dd-4cca-a09b-f707b2d228f6,27,Carry,72,37.8,16.7,10,49.041339403835416,66.03739846172643,16.99605905789101,35.95136026522698,39.4489409413349,41.33532801453734,31.4661721969796,8.116021352888644,3.8206656142952595,3.0740802555387035,13.50005155267025,3.3048023282705827,31.93718133387216
3930160,1e8b9b50-f08c-4078-abae-99debe1eac0e,27,Pass,74,41.3,9.7,10,50.45405240003204,65.86629802543628,15.412245625404239,22.60804513024923,39.952767528171,37.14354133178292,23.134971370587415,7.150649434527377,4.938158439998302,1.0873768648202002,14.460636773707435,2.488171230362653,32.97361804825316
3930160,8377f3f5-7909-4097-a505-c2a512aea511,27,Ball Receipt*,75,50.5,16.7,10,47.86882766404194,63.72576984602099,15.85694218197905,24.912463325768456,42.99318489464318,36.79006191391654,24.19375789399008,6.1288745011139625,4.791480669644064,0.23847649870339183,15.000750235941133,2.618808027574545,31.245124919512364
3930160,67dc5b04-63ec-4e44-894f-dc2b1497c0b2,27,Carry,75,50.5,16.7,10,47.86882766404194,63.72576984602099,15.85694218197905,24.912463325768456,42.99318489464318,36.79006191391654,24.19375789399008,6.1288745011139625,4.791480669644064,0.23847649870339183,15.000750235941133,2.618808027574545,31.245124919512364
3930160,cb0e4379-1f89-409d-b5b5-f6349606801f,27,Pass,75,49.3,13.1,10,47.87163100084503,63.70042942767235,15.82879842682732,22.799748643185495,41.14613967615833,35.61359030946783,24.869842780044664,5.72145842043716,4.303149428782208,3.242004514669503,14.761614824002685,2.746875858167911,31.66578051268536
3930160,ab6e7943-04b6-4621-a845-6d2c31b5500f,27,Ball Receipt*,76,50.0,3.8,10,46.8656440112576,62.672796322168196,15.807152310910595,20.93912332847993,39.745271605552375,36.47522785102136,25.519530704590508,5.2852379154572215,3.8751013986103913,5.541929106896873,14.89983869566803,3.4046025660856003,31.488729837084634
3930160,772abbbd-3217-463b-ab8d-611b17cd46f2,27,Carry,76,50.0,3.8,10,46.8656440112576,62.672796322168196,15.807152310910595,20.93912332847993,39.745271605552375,36.47522785102136,25.519530704590508,5.2852379154572215,3.8751013986103913,5.541929106896873,14.89983869566803,3.4046025660856003,31.488729837084634
3930160,72fb4a5b-caa3-49bb-a532-8887ed986829,27,Pass,76,49.8,3.1,10,46.316514878907086,62.15016656957724,15.833651690670152,20.26021767208089,38.66515422756302,37.38584510457258,25.05033753275967,5.081973759161477,3.6789798818504993,5.133245452627705,15.526857220418712,2.95560938321902,31.04975498722885
3930160,0359f125-bfda-4bca-a9db-4fa05a43634a,27,Ball Receipt*,78,36.0,7.1,10,45.21358978579915,59.58566592185389,14.372076136054737,20.750457513227623,38.373536194071804,34.31560515314247,27.8913386657864,5.048512136020234,2.9219806718258305,5.11225243654566,13.991986390299118,2.5701220916279226,30.006558788969954
3930160,88b4001d-90aa-4d82-9a69-90c6e8b6d0ae,27,Carry,78,36.0,7.1,10,45.21358978579915,59.58566592185389,14.372076136054737,20.750457513227623,38.373536194071804,34.31560515314247,27.8913386657864,5.048512136020234,2.9219806718258305,5.11225243654566,13.991986390299118,2.5701220916279226,30.006558788969954
3930160,7ab97958-9652-4a4d-90e3-850f1b066cbf,27,Pass,79,36.0,6.7,10,45.22376528085556,59.8452897589216,14.621524478066043,19.644806180070216,36.46106151205895,31.022145043376526,27.011104250257503,6.0712480110294065,3.1121847681134835,1.373252963848003,12.968806844177578,0.36486841984490326,29.50789854456967
3930160,b1256fa4-7141-4b16-acfc-ccedf7651a00,30,Ball Receipt*,9,34.0,12.3,10,44.39067131966378,60.99029028823818,16.599618968574397,23.43096138553566,18.461609443574822,40.167246157588615,25.776103381098455,5.003502889932792,4.645640250388164,2.0280737617825437,20.875711707342347,0.8420964588519553,28.795955413812933
3930160,5d7cd3f3-a1d3-4b5d-9118-331437111ae9,30,Carry,9,34.0,12.3,10,44.39067131966378,60.99029028823818,16.599618968574397,23.43096138553566,18.461609443574822,40.167246157588615,25.776103381098455,5.003502889932792,4.645640250388164,2.0280737617825437,20.875711707342347,0.8420964588519553,28.795955413812933
3930160,0f85455e-9a31-4f95-8b2c-cacc3eb13654,30,Pass,5,34.3,1.1,10,34.12294768101174,49.95029038643799,15.827342705426254,11.473634488434541,10.47270416773569,28.618489859474472,20.091426500855516,3.3832986553786295,4.799172945699543,1.762408620730028,16.6169156981214,1.007236111229215,24.491107719542235
3930160,e733641c-1bef-4bf5-a558-28837e003a7d,33,Ball Receipt*,5,48.1,75.6,10,37.174171823006404,52.83252257376252,15.658350750756114,65.56961573969389,54.663342963978764,37.43356514759951,41.71316163655109,3.3226092774685467,8.576753337705727,0.3099837054884347,25.44948651972807,8.618661875658113,26.764924411783127
3930160,6580c5ab-e0ab-4031-8364-d6b2e2a290c3,33,Carry,5,48.1,75.6,10,37.174171823006404,52.83252257376252,15.658350750756114,65.56961573969389,54.663342963978764,37.43356514759951,41.71316163655109,3.3226092774685467,8.576753337705727,0.3099837054884347,25.44948651972807,8.618661875658113,26.764924411783127
3930160,8a02fb40-f8b0-4dde-a281-0d87706f7b75,33,Pass,6,44.0,77.0,9,37.00956668405892,55.441571255140055,18.432004571081137,63.642073748296255,56.2371412016081,35.70362189494049,41.485404917367255,3.1762202659062377,6.262381635964741,0.27007007371672387,21.940871287770726,9.635721468220325,25.264475000709275
3930160,38492a57-e73d-4915-9a1b-f89d89b701ae,37,Ball Receipt*,9,16.1,50.7,8,16.205370438239683,40.22227578383325,24.016905345593564,34.56409807227468,37.8984505481783,29.892020038806933,47.254042744541046,7.437541588646774,6.669565738597587,1.4027005458627997,16.205915464425388,18.975324028346826,1.3192107495749212
3930160,3793e6cb-7412-45f7-805b-1fec7bd4a3be,37,Carry,9,16.1,50.7,8,16.205370438239683,40.22227578383325,24.016905345593564,34.56409807227468,37.8984505481783,29.892020038806933,47.254042744541046,7.437541588646774,6.669565738597587,1.4027005458627997,16.205915464425388,18.975324028346826,1.3192107495749212
3930160,4c598339-7438-418b-a4d5-095f1f9896bf,37,Pass,11,28.4,60.3,9,31.437254202302164,56.181555895176814,24.74430169287465,39.366064744482685,45.862663113482235,40.2688709396585,44.44024095407215,5.822687631489744,7.357302701160037,0.3641815748263184,18.75374278587651,0.6407461621600916,28.399999618530273
3930160,b32c1222-f9cd-49fd-8af3-b512dbb1d61e,37,Ball Receipt*,12,36.2,76.7,9,36.34866358416898,59.429457618846484,23.080794034677503,54.905229195954576,37.9207685621119,42.54614327477955,27.35695569373344,4.224364559076182,8.116489465735713,3.020290416517753,18.077914565080704,3.161350477164831,34.34259352207624
3930160,d85e0e22-2ed6-4ca1-b7bb-a178e74a72a3,37,Carry,12,36.2,76.7,9,36.34866358416898,59.429457618846484,23.080794034677503,54.905229195954576,37.9207685621119,42.54614327477955,27.35695569373344,4.224364559076182,8.116489465735713,3.020290416517753,18.077914565080704,3.161350477164831,34.34259352207624
3930160,2170aa75-eaa4-46b7-bf72-895ac98be036,37,Pass,13,35.6,76.1,9,36.64516035475031,59.68026484781529,23.035104493064978,56.298622553449505,37.374079212457815,44.69760639831477,28.35913304014678,3.0060135448742695,7.382832959768778,4.675720777909447,17.936359681199512,5.986645763793625,34.74240062954246
3930160,b34876a3-2940-4138-b2ce-12b983fc259b,37,Ball Receipt*,14,37.1,66.9,9,36.82962572683691,58.19256604059699,21.362940313760078,63.82635017217784,44.69008872303564,40.91823724823043,28.916301132746433,2.6580161144254317,6.148516177823222,2.871210764276057,19.146028043296717,7.287854156147539,28.81701028608572
3930160,30b5cbda-97e9-45a3-843b-050fce241ea8,37,Pass,14,37.1,66.9,9,36.82962572683691,58.19256604059699,21.362940313760078,63.82635017217784,44.69008872303564,40.91823724823043,28.916301132746433,2.6580161144254317,6.148516177823222,2.871210764276057,19.146028043296717,7.287854156147539,28.81701028608572
3930160,6638d0e2-b80e-4415-aea7-53ad89ee134a,37,Ball Receipt*,15,48.5,75.9,9,43.425812777060784,61.280207090076885,17.8543943130161,68.1067167161992,48.56563944000501,36.97416244148281,31.464037271163505,2.8014126974636704,5.784828833770898,4.988826483742017,17.26877171989961,8.494221053535014,31.89833880488085
3930160,7b1f2493-17f8-4bfd-ab37-8d28488672de,37,Carry,15,48.5,75.9,9,43.425812777060784,61.280207090076885,17.8543943130161,68.1067167161992,48.56563944000501,36.97416244148281,31.464037271163505,2.8014126974636704,5.784828833770898,4.988826483742017,17.26877171989961,8.494221053535014,31.89833880488085
3930160,852c8e78-d0a9-42b0-9409-5aa932c1b6c9,37,Pass,20,42.0,76.8,10,49.33442241091602,64.82260627924295,15.488183868326928,60.77328579449325,62.52116146123341,42.67884795894217,36.998043977628505,8.441348580355758,4.341933073785751,6.609253167320674,21.684281459304344,5.351646124951017,30.606679668940643
3930160,d8842312-9660-42a9-9747-b95c0909b0b3,37,Ball Receipt*,22,41.8,53.0,10,47.44753207031339,64.19004257995466,16.74251050964127,60.21696544786052,59.81033078806164,39.670440207403445,36.8429194372562,8.778740269737606,4.119764436892239,2.622489039496571,18.75707746615626,8.51535951773127,27.963483262046665
3930160,fd5d97af-d176-4e4c-a648-98694b7471f8,37,Carry,22,41.8,53.0,10,47.44753207031339,64.19004257995466,16.74251050964127,60.21696544786052,59.81033078806164,39.670440207403445,36.8429194372562,8.778740269737606,4.119764436892239,2.622489039496571,18.75707746615626,8.51535951773127,27.963483262046665
3930160,5a9927a6-d458-4c5a-b34a-b1210ab8af37,39,Pass,7,49.4,61.0,10,53.85543728687652,65.32264054770692,11.467203260830402,46.82787409867292,51.15396478585369,42.917587034280416,26.493352005001682,3.3408889035347404,2.9217575402577554,6.832176766062865,15.602135941860539,7.8203280642498925,44.42739840077856
3930160,d0d206eb-233e-45d7-a591-2b247ff55ead,39,Pass,6,35.6,18.9,9,39.75655581860247,59.448215320946794,19.691659502344322,22.444214633150107,29.73460777732979,17.832741070179893,32.58418544883942,3.904880769727406,1.8726152697272507,1.8392688835750306,9.045005978719203,7.596713938320413,35.599998474121094
3930160,5e0f90ca-3fa1-4e5d-b0c1-f02f4dabd0d5,39,Ball Receipt*,13,19.1,72.7,8,25.524719514544607,49.219853013840435,23.695133499295828,47.57593330883641,41.17790083322752,51.838516345490795,35.47053731752876,7.676503001641471,9.29771568044966,8.283645348335106,19.905775778124045,16.933806109212888,6.666524812249136
3930160,c2aa81c3-3532-4567-b39c-df4467b57454,39,Carry,13,19.1,72.7,8,25.524719514544607,49.219853013840435,23.695133499295828,47.57593330883641,41.17790083322752,51.838516345490795,35.47053731752876,7.676503001641471,9.29771568044966,8.283645348335106,19.905775778124045,16.933806109212888,6.666524812249136
3930160,2d80e1ae-7a6b-4093-b33b-8e20a4bddd99,39,Foul Won,27,68.7,39.2,8,45.15123536891598,59.88891810685201,14.737682737936034,36.361662983389564,41.121778540359465,19.225140552635708,24.225033635875636,5.189134343444828,6.232094250812491,1.748424295405286,6.130074063141876,11.779851296216979,42.71289838081781
3930160,f541bdcf-b54a-403f-b91a-d1cfd879aaf9,41,Ball Receipt*,5,28.4,26.9,9,32.432790871599266,51.34583991883015,18.913049047230885,41.850401083064874,44.63424853741237,36.435901312207115,41.42042132324828,4.533996770221132,7.43400188761215,4.331935677039397,18.793667163786964,10.219227218286974,18.43731709222409
3930160,86c652a4-ce3b-479a-ac13-6e3eaf7f9a42,41,Carry,5,28.4,26.9,9,32.432790871599266,51.34583991883015,18.913049047230885,41.850401083064874,44.63424853741237,36.435901312207115,41.42042132324828,4.533996770221132,7.43400188761215,4.331935677039397,18.793667163786964,10.219227218286974,18.43731709222409
3930160,18d2bfd0-4942-42bd-8422-269709cb2779,42,Pass,7,28.9,27.8,8,32.1865174751758,49.56478536037874,17.378267885202945,37.44434955166596,30.08210897154296,33.31995293253777,29.273465685920677,5.669919841058786,4.88054340230953,1.5075315395020539,20.18112651941769,14.416951204190433,21.934343223331496
3930160,81ce9a8f-429e-46d5-867b-f0f1857b764f,42,Ball Receipt*,8,20.2,37.8,8,29.46967890442903,48.03881721819113,18.569138313762096,40.61769318928949,31.10623513347473,31.87851253553456,31.549030722389375,5.811693648344959,5.6351039407915495,2.9249477466142366,15.45587764288878,13.622897636789524,18.44228606536582
3930160,ecac9fcb-54fe-451c-b079-9b07a3879747,42,Carry,8,20.2,37.8,8,29.46967890442903,48.03881721819113,18.569138313762096,40.61769318928949,31.10623513347473,31.87851253553456,31.549030722389375,5.811693648344959,5.6351039407915495,2.9249477466142366,15.45587764288878,13.622897636789524,18.44228606536582
3930160,a52d8bd1-da99-42c7-8f44-f6d0d8c69073,42,Pass,9,19.9,42.0,8,27.657729389038444,50.17582683349409,22.51809744445565,40.75477748326812,34.68308867897097,25.849270049040918,42.22496676381628,5.2845934937987264,7.737558344885232,3.5247662658341667,9.366631897974614,10.725997044910386,15.511108004579569
3930160,8a51a915-4303-4f6b-8f63-70f2ec398c56,42,Ball Receipt*,10,28.4,46.7,8,27.53390358032509,51.02259229505618,23.488688714731087,42.74499226342372,36.738485569410756,27.198278202485803,41.264407663187264,4.820460634946934,8.265756186643316,1.9086251997545816,11.472040083865373,10.728929751264793,15.010088952193072
3930160,04bbc443-d2ad-41cd-8532-ee8b939c24bd,42,Carry,10,28.4,46.7,8,27.53390358032509,51.02259229505618,23.488688714731087,42.74499226342372,36.738485569410756,27.198278202485803,41.264407663187264,4.820460634946934,8.265756186643316,1.9086251997545816,11.472040083865373,10.728929751264793,15.010088952193072
3930160,06122942-13c4-491e-94cd-1dc4239aa939,42,Dispossessed,15,68.3,2.9,9,41.09984108472088,54.49474383904476,13.39490275432388,60.66377623040821,55.29148161261725,24.889626207205886,40.45372474761932,5.785502395661243,3.3468769239283733,1.2616031200639668,12.95122077745728,7.15242757013521,31.311362046964575
3930160,41f4a7a9-c14c-4d98-9bd8-8de717388cff,42,Ball Receipt*,6,15.8,20.5,8,49.66312614121304,66.93459343746456,17.271467296251515,21.27729810526441,15.248980837474917,27.998288729989184,14.29600052991168,7.081156355630218,2.75806060943917,4.07877765380276,9.69468707330173,6.227366669557622,15.800000190734863
3930160,8ab74d2e-e7d2-41ec-a23f-be21653f6534,42,Carry,6,15.8,20.5,8,49.66312614121304,66.93459343746456,17.271467296251515,21.27729810526441,15.248980837474917,27.998288729989184,14.29600052991168,7.081156355630218,2.75806060943917,4.07877765380276,9.69468707330173,6.227366669557622,15.800000190734863
3930160,1995a0e8-2fe0-44f0-afac-b56894571e80,42,Pass,7,14.5,22.5,9,43.643274542943985,63.66892842749643,20.025653884552447,21.85968912220097,24.6497300044762,33.264791679589436,46.42700906962714,7.99378837534506,2.3544651850549645,3.6178094202859903,12.578522923242502,8.314716416068155,14.5
3930160,9e44eb5c-720b-427c-8271-2a2b5006d3ce,42,Ball Receipt*,9,22.0,51.0,10,40.20408825511047,61.99384959201211,21.78976133690164,32.367474159724495,33.76309400613941,38.722805510478025,44.613975516778616,7.986157841491977,2.46397731708399,0.44465573108053746,18.24927967590255,11.20575820244732,11.681692270683428
3930160,47f90a6d-88aa-41de-b434-62029da76680,42,Carry,9,22.0,51.0,10,40.20408825511047,61.99384959201211,21.78976133690164,32.367474159724495,33.76309400613941,38.722805510478025,44.613975516778616,7.986157841491977,2.46397731708399,0.44465573108053746,18.24927967590255,11.20575820244732,11.681692270683428
3930160,dbac4e70-996e-4dfd-9585-68b4751a209e,42,Pass,13,34.8,54.7,10,42.865795117725106,63.65781558799681,20.7920204702717,42.40417285719328,44.001425129974855,44.67590196764846,42.369913163250445,6.4870416513255185,3.002653563960207,2.881064345151316,17.308600981513656,8.639494434597808,27.11529560475985
3930160,92e34284-1e2b-47aa-b5c4-618c24c5a051,43,Ball Receipt*,14,54.7,43.9,10,47.06205702029515,65.63896817825969,18.57691115796454,44.056037217324004,44.23838765160677,42.77395839319769,42.41765512602351,5.263674794448076,3.729776132111949,0.3242395130554172,20.224536325320845,12.357840229807337,28.901454787870605
3930160,32d47030-cd13-423c-b81d-07b0a26ded0b,43,Carry,14,54.7,43.9,10,47.06205702029515,65.63896817825969,18.57691115796454,44.056037217324004,44.23838765160677,42.77395839319769,42.41765512602351,5.263674794448076,3.729776132111949,0.3242395130554172,20.224536325320845,12.357840229807337,28.901454787870605
3930160,8960f504-e37a-4895-885a-ef8487e75333,43,Pass,15,55.7,45.8,10,50.16489587720626,66.15561391649496,15.990718039288694,43.094468298774,39.95017153073232,42.07862554239626,29.278791852998243,4.382959826151835,4.721018610569929,0.9396092018536351,17.780557152523983,3.7195275908316674,47.12010141170994
3930160,0e118574-94d7-4903-b200-1593ffffb9f6,43,Ball Receipt*,12,21.5,50.0,8,31.107864885652628,47.29563813727898,16.18777325162635,44.49480800822372,46.72990778669142,37.784170228064035,35.03198870389578,3.356752300769743,3.895713570735649,1.8788894212933158,14.526254435246983,17.186815540426416,14.741473728174896
3930160,7d9768ba-e284-4390-8fb3-d61affcc6643,43,Pass,15,21.5,52.0,8,31.987323410417737,47.50051521790308,15.513191807485342,45.15733039924987,46.00445982091522,39.579238978575404,28.470184145533203,5.288582922996401,4.142250798731658,6.888000296901389,13.380966067001957,13.028716872459242,15.65208213357269
3930160,e9e10452-343a-4f54-b78e-1be33fa3c0dc,43,Ball Receipt*,17,25.1,70.8,8,35.26559507451874,48.74730678681302,13.481711712294278,50.14889793910096,51.1885478864454,41.59170400046744,29.22323182133629,5.2776741817272415,4.990256004568096,8.736197403431888,13.265104917226225,13.632101629279191,23.76838597388864
3930160,4a502ba9-df67-4694-8283-fa1c12b580f7,43,Carry,17,25.1,70.8,8,35.26559507451874,48.74730678681302,13.481711712294278,50.14889793910096,51.1885478864454,41.59170400046744,29.22323182133629,5.2776741817272415,4.990256004568096,8.736197403431888,13.265104917226225,13.632101629279191,23.76838597388864
3930160,92425c63-02aa-4750-b6db-86a4a47fc711,43,Pass,18,30.0,72.3,9,36.455113520728915,51.29035509707752,14.835241576348608,54.319007143799766,56.04270932971023,43.14296872262992,29.232811113520967,5.347609089321259,5.910967267960319,6.4464462952022785,12.82277991648079,4.072437790290273,22.827065384497317
3930160,27aff6ff-018f-4f79-a8e5-27e9928e9244,43,Ball Receipt*,18,36.6,69.0,10,37.101047687539214,50.14793291852141,13.046885230982198,62.840290303123744,54.16899706069128,43.28421480100584,23.736807526090715,4.967200732188016,6.571293866201754,0.30241283607391267,25.17328128277626,4.444604632770236,22.12543505776327
3930160,34ef4e20-0cb4-4804-bf2a-9aa3b8a13bc2,43,Carry,18,36.6,69.0,10,37.101047687539214,50.14793291852141,13.046885230982198,62.840290303123744,54.16899706069128,43.28421480100584,23.736807526090715,4.967200732188016,6.571293866201754,0.30241283607391267,25.17328128277626,4.444604632770236,22.12543505776327
3930160,c3c06fcc-dd68-4a21-91eb-8c6769e9eba0,43,Ball Receipt*,21,24.4,63.4,9,37.40294468160874,52.067371501918686,14.664426820309949,55.64459117556669,53.95063396949249,28.010069593825285,38.14631189136714,4.166306314480626,6.24479537298611,0.0720981517218462,19.974756625511972,6.858486123167836,22.075845840467537
3930160,21c8906d-c550-41fa-a644-dfd3a276680f,43,Carry,21,24.4,63.4,9,37.40294468160874,52.067371501918686,14.664426820309949,55.64459117556669,53.95063396949249,28.010069593825285,38.14631189136714,4.166306314480626,6.24479537298611,0.0720981517218462,19.974756625511972,6.858486123167836,22.075845840467537
3930160,c1f14507-e682-415f-b27d-14f97b0056df,43,Pass,21,24.4,63.4,9,37.150528408725755,52.28692317597728,15.136394767251524,55.62980447705904,53.60877701591726,28.238055292753984,37.124512445640725,4.394350714146423,6.131006544576335,0.32288276219787804,19.773890507015395,5.812540590591389,22.61566919691988
3930160,b23220bc-2953-452c-bed4-d1682e8e2ca8,43,Ball Receipt*,22,28.8,51.4,9,33.251279265383666,50.566444522375676,17.31516525699201,60.51282183641367,57.96773013971129,21.253931297990434,38.46120791783362,5.01494137978297,5.124257519627854,1.3323669194925145,10.822992293104626,6.196040380438603,20.029608200341784
3930160,ce5ed1ee-d45d-436c-b765-ee2d770ba304,43,Carry,22,28.8,51.4,9,33.251279265383666,50.566444522375676,17.31516525699201,60.51282183641367,57.96773013971129,21.253931297990434,38.46120791783362,5.01494137978297,5.124257519627854,1.3323669194925145,10.822992293104626,6.196040380438603,20.029608200341784
3930160,438acf07-3e31-451d-aad2-cadd42e80dfa,43,Pass,25,36.2,56.3,10,36.20348274738524,54.21255951043527,18.009076763050032,54.23964068695623,51.70276530965274,16.042531805092857,36.84556294872625,3.418134842469327,4.080160334847443,2.3169847294404136,6.863970066501665,8.967780052647619,22.053871737851267
3930160,446c7ff3-23c3-4e21-a6d0-db9f42b00553,43,Ball Receipt*,26,45.6,60.8,10,37.26276068264977,54.73460001793653,17.47183933528676,55.300930005694,52.0216909724205,15.9957043088394,36.54861823352948,4.0117544045633995,4.095873049662198,2.400245715336034,6.856009758830304,9.146568197513425,25.312608652670363
3930160,32fd5999-922c-402d-a369-4bd40f81aba4,43,Carry,26,45.6,60.8,10,37.26276068264977,54.73460001793653,17.47183933528676,55.300930005694,52.0216909724205,15.9957043088394,36.54861823352948,4.0117544045633995,4.095873049662198,2.400245715336034,6.856009758830304,9.146568197513425,25.312608652670363
3930160,f3afd8f7-bec0-4631-8455-36638251880c,43,Pass,26,45.6,61.1,10,38.911944034624455,56.04869340081116,17.136749366186706,56.710814603663756,52.446408522501876,17.186014266668025,35.79967245162736,4.464075522114758,4.058193494150127,1.3992741133154638,8.841383318862277,8.672635095249206,26.75609316358279
3930160,30acb0df-4390-44cf-b12e-a7663e7ad85a,43,Ball Receipt*,28,41.0,75.8,10,44.549024732972484,60.947445630368385,16.3984208973959,60.60458917941513,54.895443537202205,24.065680433190735,35.84265368263428,5.608290676834219,3.624136723262976,2.056678653527875,12.65365977721818,8.833899988999612,31.27408878426928
3930160,09f5d7e9-4d19-4930-a0f9-808d72b4c524,43,Carry,28,41.0,75.8,10,44.549024732972484,60.947445630368385,16.3984208973959,60.60458917941513,54.895443537202205,24.065680433190735,35.84265368263428,5.608290676834219,3.624136723262976,2.056678653527875,12.65365977721818,8.833899988999612,31.27408878426928
3930160,51c92ce4-87de-4a87-8bd2-adeffe2e1b08,43,Ball Receipt*,31,46.2,58.1,10,49.9394212048163,65.8108416959513,15.871420491134998,57.577881224537215,59.17851078745537,22.67749820444223,39.02264775443237,7.041636657288909,3.3389886672047626,0.43404191476473386,15.530812056292014,6.585468400311122,46.20000076293945
3930160,65901d6c-0ab8-44c4-beb2-37f0d02f8e52,43,Carry,31,46.2,58.1,10,49.9394212048163,65.8108416959513,15.871420491134998,57.577881224537215,59.17851078745537,22.67749820444223,39.02264775443237,7.041636657288909,3.3389886672047626,0.43404191476473386,15.530812056292014,6.585468400311122,46.20000076293945
3930160,fb723a48-df43-48fa-88a4-969f794b186d,45,Pass,6,34.9,54.1,8,34.940455962413516,52.81865346085772,17.8781974984442,52.61192371904199,56.01806984109647,23.72804124045325,28.337681351466927,2.5283040176908744,1.581700548373099,0.09944660602027966,11.53318925065033,8.33759828553982,27.20654918969187
3930160,c6f16618-dbba-4c18-81de-b80a8f003c2b,45,Ball Receipt*,6,42.6,58.1,8,37.9031405175215,55.390262589100054,17.487122071578554,52.723314929704905,54.542837947254746,24.534132678734387,28.899774369990965,2.4858841287507336,1.1925856825001064,0.5857527070269626,13.543758885698445,9.08194102200526,29.489183271480158
3930160,9ff8406a-dc39-4b76-b2a7-0a63f380e3b4,45,Carry,6,42.6,58.1,8,37.9031405175215,55.390262589100054,17.487122071578554,52.723314929704905,54.542837947254746,24.534132678734387,28.899774369990965,2.4858841287507336,1.1925856825001064,0.5857527070269626,13.543758885698445,9.08194102200526,29.489183271480158
3930160,7ce61e2e-996a-4e8d-8404-1d77d60b9b02,45,Miscontrol,6,42.7,57.6,8,38.399566074734025,55.5814172899953,17.181851215261275,52.32731790363939,53.733842927398975,25.20081350208821,29.033702260340263,2.775737589333998,1.1910108991638608,0.5294830319714805,14.353186815058898,8.875517822258026,29.525203264661187
3930160,e130d376-4731-4d2e-8579-918cb81e6d7e,45,Ball Recovery,7,42.7,55.2,9,42.728011198684975,58.49525091604706,15.767239717362088,57.34409114869262,53.58454792075051,9.555235790594814,28.700502539788523,5.635668889464213,2.645262968052995,0.15225726809283202,5.441711104868219,7.766930849881064,30.237396574099648
3930160,70250b16-68c6-44f6-841b-6ea46754716e,45,Carry,7,42.7,55.2,9,42.728011198684975,58.49525091604706,15.767239717362088,57.34409114869262,53.58454792075051,9.555235790594814,28.700502539788523,5.635668889464213,2.645262968052995,0.15225726809283202,5.441711104868219,7.766930849881064,30.237396574099648
3930160,a203c3e7-3290-4088-8611-b4330c67fe98,45,Ball Receipt*,6,48.8,37.3,10,49.18784219043116,69.34921120986749,20.16136901943633,36.20936898904085,40.575523498197576,32.249701997049264,43.858496357248626,4.492037299048063,3.7623208936652253,1.3422831329843348,14.534217246575935,6.411569595827864,35.13574845904148
3930160,9dbe83ae-369b-4c1a-9366-54afffbf4e61,45,Pass,6,48.8,37.3,10,49.18784219043116,69.34921120986749,20.16136901943633,36.20936898904085,40.575523498197576,32.249701997049264,43.858496357248626,4.492037299048063,3.7623208936652253,1.3422831329843348,14.534217246575935,6.411569595827864,35.13574845904148
3930160,9b5630a7-cdd2-43f7-93b5-a2d60f42d86b,45,Ball Receipt*,8,40.4,34.2,10,48.426410776401454,68.54361129437694,20.11720051797549,40.19440107636375,46.37642518950945,29.560010555030367,44.427762964320706,4.2042882238374935,3.8065842738879856,0.6359875825404799,15.030433613671391,6.953974540762253,36.70181294790561
3930160,f4447b39-5140-4b38-a601-17cd41e23491,45,Pass,8,40.4,30.7,10,48.426410776401454,68.54361129437694,20.11720051797549,36.69440107636375,42.87642518950946,29.560010555030367,44.42776296432071,4.2042882238374935,3.8065842738879856,0.6359875825404799,15.030433613671391,6.953974540762253,36.70181294790561
3930160,98cea500-9e93-41cf-adc9-b20eebb5b2de,45,Ball Receipt*,9,40.7,12.2,10,46.91492695653937,66.58035179821061,19.665424841671246,30.799554255568648,36.49381868616241,31.517784966208318,47.59967172319959,4.62469184633587,3.1250283886644272,3.388957673752472,16.32626561128555,1.548447279860973,35.367875924035204
3930160,0b3927e6-fab0-4062-b0a1-8664ee4ee4e2,45,Carry,9,40.7,12.2,10,46.91492695653937,66.58035179821061,19.665424841671246,30.799554255568648,36.49381868616241,31.517784966208318,47.59967172319959,4.62469184633587,3.1250283886644272,3.388957673752472,16.32626561128555,1.548447279860973,35.367875924035204
3930160,89e912bd-7936-462f-a035-a938ed24c142,45,Pass,10,43.3,1.8,10,47.410279521514695,67.28097920849393,19.870699686979236,18.68933825882835,33.95972755382536,37.65085511327384,26.665290700116245,5.316804843814671,3.3660830597500184,3.1010017944126247,18.101896952357706,4.077396219418162,34.81701239980583
3930160,3f4f64c6-9b1a-49a2-b273-73f78a24cb32,45,Pass,6,27.3,61.1,10,32.18099513806187,53.758464120419276,21.57746898235741,50.915551667538836,51.33540418377277,28.33163082858301,19.869643518779597,4.811883612501982,6.528512220390415,1.0737531673423888,17.111245952713155,0.1695157566800134,13.039700718004248
3930160,99871e9f-ef41-44b3-9c59-3b6e5a7f7a1c,45,Ball Receipt*,8,28.3,77.2,10,35.07205245881166,56.560528580442885,21.488476121631223,55.68630487197332,56.9043883322165,36.17120385595003,22.059882245089497,5.46119212538504,7.330654237413465,1.0162746842001695,18.603393373973383,0.9467785680923058,19.457866349394166
3930160,36c1c27f-f9c9-4506-a2d1-af2aa973e93d,45,Carry,8,28.3,77.2,10,35.07205245881166,56.560528580442885,21.488476121631223,55.68630487197332,56.9043883322165,36.17120385595003,22.059882245089497,5.46119212538504,7.330654237413465,1.0162746842001695,18.603393373973383,0.9467785680923058,19.457866349394166
3930160,b98e7131-754c-48e2-9b0a-9d2214eb01a6,45,Pass,8,28.3,77.2,10,34.34929074902415,55.54902873111275,21.1997379820886,57.19793725212537,58.403383752209365,36.444854155583634,21.298831236333235,5.66380525955419,7.518824609500226,0.6312755443856304,19.354079980119074,0.9094375007479982,19.26039048786801
3930160,c46378b8-c3e9-4098-9571-82267db6f6b1,45,Ball Receipt*,13,19.1,43.5,10,45.05463072064559,65.74211930766491,20.687488587019317,52.6892281600952,45.988280379279104,29.459911393660597,41.87943897017006,8.847321230604779,1.8709430832955039,4.4514713874635845,10.714877223504914,13.02115969254858,19.100000381469727
3930160,a42f1eb6-25ef-4221-a78d-926d3a8b6414,45,Carry,13,19.1,43.5,10,45.05463072064559,65.74211930766491,20.687488587019317,52.6892281600952,45.988280379279104,29.459911393660597,41.87943897017006,8.847321230604779,1.8709430832955039,4.4514713874635845,10.714877223504914,13.02115969254858,19.100000381469727
3930160,66aff198-d30a-4f6b-9de2-deceb33674f8,45,Pass,14,19.1,43.5,10,42.32498486482773,63.91170504378159,21.58672017895386,51.37124113911815,45.29474332985734,31.21764361392878,41.689818777806714,9.354715130373144,2.0880569118100407,3.411109855866229,11.471551650998151,11.751091516856967,19.100000381469727
3930160,d6b1b078-24c6-413b-a79e-00f0f33e25c0,45,Ball Receipt*,16,27.4,61.6,10,38.98155485103341,62.398945104517836,23.417390253484427,51.91728631903815,43.553369092656666,31.876496821000757,45.15529038115139,8.871679184320556,2.807771717164413,0.6843334421912317,17.050838009670187,11.806244853603552,16.977472544828743
3930160,acc3f3d6-40f2-4102-9483-69cb1f5064d5,45,Carry,16,27.4,61.6,10,38.98155485103341,62.398945104517836,23.417390253484427,51.91728631903815,43.553369092656666,31.876496821000757,45.15529038115139,8.871679184320556,2.807771717164413,0.6843334421912317,17.050838009670187,11.806244853603552,16.977472544828743
3930160,24e89e7f-3438-4cd1-a1fe-4eb68d2ca798,46,Pressure,25,55.7,72.8,9,52.480289321355315,67.73315181562393,15.252862494268612,64.11703781232212,57.28407504665651,32.84251307075474,39.879960548636575,5.100029063704284,6.698200960188642,5.739735317091686,9.214664421972074,0.09889944812509555,42.49419280967967
3930160,32b4a805-96c5-4543-b4a9-cd09dff87059,46,Duel,25,53.3,72.8,8,51.4532635314889,63.75032277093603,12.29705923944713,64.01060705895391,54.15656340374678,34.660210632649814,37.69232726830858,5.15012920972412,2.8856849427893767,7.413544422831983,10.515128468320341,2.0905468341273803,41.430758725387435
3930160,3b183b85-eca6-4091-b68e-93dd67cd97b3,46,Pass,27,39.0,65.2,10,46.90826694513051,64.54222884577726,17.633961900646753,65.49027753410073,49.729673411994646,29.736115018618733,33.475585631621215,5.103740657443892,4.305423486192169,1.290940408484886,9.928264350134697,7.976862182772898,39.0
3930160,7164c6b2-8b61-4452-b75f-c1b9fb911a31,46,Ball Receipt*,28,43.5,61.2,10,43.509059612692724,60.965016812680055,17.45595719998733,62.55126052790979,49.46725135398894,28.348735434676428,35.49211413104254,4.70534743107807,4.784902180263384,4.376612193256591,9.754405921643325,8.002096847071392,35.601716935158066
3930160,beb7fdc5-9caa-47fa-a232-7a42bfa3949d,46,Carry,28,43.5,61.2,10,43.509059612692724,60.965016812680055,17.45595719998733,62.55126052790979,49.46725135398894,28.348735434676428,35.49211413104254,4.70534743107807,4.784902180263384,4.376612193256591,9.754405921643325,8.002096847071392,35.601716935158066
3930160,f78312e3-b543-4ccd-94c1-b876c0e0747d,46,Ball Receipt*,10,41.3,9.1,10,46.82766350805815,67.8653101415161,21.037646633457953,28.02380903010509,31.771002718592314,37.77505005624554,46.781524439177964,6.021532416577142,1.7828315768632534,1.745850934104105,21.526452143615067,12.080213422019739,33.73887640500804
3930160,3541d6be-80b2-431c-ab60-4164630f965c,46,Carry,10,41.3,9.1,10,46.82766350805815,67.8653101415161,21.037646633457953,28.02380903010509,31.771002718592314,37.77505005624554,46.781524439177964,6.021532416577142,1.7828315768632534,1.745850934104105,21.526452143615067,12.080213422019739,33.73887640500804
3930160,bae92196-1971-47f8-bcf5-443a2cff60dc,46,Pass,14,35.1,27.6,10,41.127814849506045,63.254663638684754,22.12684878917871,25.683506669273868,34.822692020592314,29.984292924063496,33.75167821394938,6.843285127562602,1.3246888597500655,0.47664645131209227,16.119913191723114,6.840215322785596,27.911287102676525
3930160,6adb5c58-87b7-4f9c-ac67-abb087843347,46,Ball Receipt*,16,12.9,38.2,10,34.63339934775268,59.09335938236081,24.45996003460813,30.447853749541554,39.89868031549099,30.45008374861863,30.84904630736142,9.6522027463756,3.322738262021152,2.491992346668752,12.031382726517904,6.16602228072307,12.899999618530273
3930160,6fd69c54-095a-4744-92b8-ad2a8c608e12,46,Carry,16,12.9,38.2,10,34.63339934775268,59.09335938236081,24.45996003460813,30.447853749541554,39.89868031549099,30.45008374861863,30.84904630736142,9.6522027463756,3.322738262021152,2.491992346668752,12.031382726517904,6.16602228072307,12.899999618530273
3930160,f81e095f-263c-49ed-abce-5623408b05a0,46,Pass,18,13.5,43.5,10,29.949785906262615,55.23009194153362,25.280306035271007,40.55415335754468,37.36049985798529,26.428705350991827,38.37945391832959,10.553588589661304,5.519885059676127,2.2920350984317963,11.844428700316804,9.623418008839025,12.414929023854825
3930160,1f340065-8065-4739-a2dd-29ff77e86629,46,Pass,28,21.1,71.6,8,24.500259058615473,46.42956289357246,21.929303834956986,63.35421997604167,55.813646109774815,29.27495288620422,28.625153021582,6.004325471772719,6.1968607982285375,3.104344054245736,14.870066100338619,11.573617382642055,20.1153337527644
3930160,433dbc22-9e1c-4b64-87ee-3414631e8f31,46,Ball Receipt*,29,47.8,68.1,9,33.840214821851454,55.384134915746976,21.543920093895522,61.33880642108424,50.40502440666809,37.25933033356694,43.828814529161264,5.930800970467305,6.198586193672545,3.260350963523365,20.2367454735411,5.2089535884600195,22.19489799088683
3930160,1d9db139-788f-45a6-b915-049a5d67fc32,46,Carry,29,47.8,68.1,9,33.840214821851454,55.384134915746976,21.543920093895522,61.33880642108424,50.40502440666809,37.25933033356694,43.828814529161264,5.930800970467305,6.198586193672545,3.260350963523365,20.2367454735411,5.2089535884600195,22.19489799088683
3930160,ea77a8b3-a706-4e86-8367-da5af59f18ea,46,Pass,29,47.8,68.1,9,33.840214821851454,55.384134915746976,21.543920093895522,61.33880642108424,50.40502440666809,37.25933033356694,43.828814529161264,5.930800970467305,6.198586193672545,3.260350963523365,20.2367454735411,5.2089535884600195,22.19489799088683
3930160,4664dd90-6a66-4bdc-b3ae-24b443d91b06,46,Miscontrol,6,47.9,11.8,10,48.68775364517167,67.26764612306789,18.579892477896223,10.80539105290041,22.154721771914858,11.727984898828286,34.53268418187331,6.155248259473591,2.8764303236406046,1.06776060166969,7.437580104425788,10.851741885387366,40.57768552077495
3930160,0f45faf6-2f3e-41ab-9608-c4bb7654ffb7,46,Pressure,7,49.7,7.7,10,49.19148158295302,67.46920641750299,18.27772483454997,10.531686879440361,22.311750341153235,11.425281024514273,34.29044581464724,5.938342719468986,2.9560262595517317,0.86687638420252,7.807719810435508,10.966793179687166,40.72576705099889
3930160,e1fabcf4-8cc8-4f86-af34-fccf1e093ae9,47,Pass,8,28.5,77.0,8,25.595206259734034,43.905521901516295,18.31031564178226,59.872510547314825,59.234411265642386,39.658275732060915,29.60158178753243,4.987391435000905,6.9712758057571955,1.810700573642336,19.913882616462885,10.10799308498305,19.843426770601663
3930160,a8678501-2177-4560-9f4c-ea2e90e38673,47,Ball Receipt*,11,42.3,5.7,8,42.53372972034979,60.77189518681123,18.23816546646144,47.02223646740488,36.671506260529824,37.98247212332873,22.753895334346545,6.321480167355918,3.1691603355194946,0.05933403063180265,25.960684524336273,8.507224960336387,35.593077837745014
3930160,c02e78d8-111c-4cdc-98fd-717833a28a89,47,Miscontrol,11,42.3,5.9,8,42.53372972034979,60.77189518681123,18.23816546646144,47.222236753507175,36.87150654663212,37.98247212332873,22.753895334346545,6.321480167355918,3.1691603355194946,0.05933403063180265,25.960684524336273,8.507224960336387,35.593077837745014
3930160,cf6c7b67-a925-4724-8349-6b11c87db04e,47,Pass,10,44.5,67.8,8,53.735609150963,66.52907827090645,12.793469119943452,61.54823494822315,66.13878716608724,40.114535061656575,24.41219345952205,5.173283637989584,4.23954734179272,1.1643163005522865,17.763050695255295,4.810312083897287,42.60306247323901
3930160,7c925900-dd2e-4a32-abff-a6322968c7a3,47,Ball Receipt*,10,55.3,59.2,8,55.19994736611439,67.32666240370513,12.126715037590742,62.94217714035578,50.330107707032084,23.256727754173966,37.87876957874605,5.283973927045343,4.226780299701288,0.026730592140836507,14.10426366843057,15.346973028360459,42.12857074630192
3930160,a6644044-4a0a-4f49-8737-c22cb83d59f6,48,Pass,5,13.1,41.3,9,37.094513559495354,59.12205916573552,22.027545606240167,46.340447898001926,42.329402774201405,36.53952491398391,45.28787958182792,12.951182201124688,4.407068521066308,0.15099563239463976,17.62023167520507,12.263120608184884,13.100000381469727
3930160,c43aeb7c-373b-43b8-94d2-4d54165b119a,48,Ball Receipt*,8,37.2,5.3,9,33.474669650890974,55.135777650445405,21.66110799955443,33.954400104112445,32.75886682322311,45.81638308764772,49.08198881195333,9.949028364115126,2.9923734263521165,0.6215755328288068,17.005765301901334,14.754263412766491,19.707012484737362
3930160,c9e0d4b9-543c-4d35-a1cf-e4ff6c94a461,48,Carry,8,37.2,5.3,9,33.474669650890974,55.135777650445405,21.66110799955443,33.954400104112445,32.75886682322311,45.81638308764772,49.08198881195333,9.949028364115126,2.9923734263521165,0.6215755328288068,17.005765301901334,14.754263412766491,19.707012484737362
3930160,6a088289-5744-4cb2-b10c-abe2746996c5,48,Pass,8,39.6,3.5,9,35.0659776605758,56.151299491692356,21.08532183111656,30.104000198055747,30.28468816267008,49.725504321627795,49.630050831177925,9.169549659145616,4.310498861214776,0.5738895962244612,18.13901291226771,12.650598065824632,22.63971723652186
3930160,3aa3df5d-6c5e-40d5-81d3-699fa756f874,48,Ball Receipt*,10,54.5,2.5,9,42.52829549477374,58.39651630514551,15.868220810371774,23.85184083637183,29.845672663921015,44.021946148726315,50.5950114655055,5.144994595509254,3.8133885185674514,1.264779934006242,17.455367141255103,0.23773543343867942,25.45600664173996
3930160,7cb77635-2ef4-4f70-9bb4-46e273fad8f2,48,Carry,10,54.5,2.5,9,42.52829549477374,58.39651630514551,15.868220810371774,23.85184083637183,29.845672663921015,44.021946148726315,50.5950114655055,5.144994595509254,3.8133885185674514,1.264779934006242,17.455367141255103,0.23773543343867942,25.45600664173996
3930160,d87aae40-34f7-424d-8145-49ef1cd6c330,49,Ball Receipt*,17,63.3,54.9,8,52.57120511911106,67.94428051548395,15.37307539637289,19.09056237231461,25.444755283149323,33.540961428058345,29.35384443139732,3.560831852206145,7.3494169205161075,4.458379105366596,14.71473145494123,2.280422562459833,51.58920099458876
3930160,6e0cf42b-978c-40a9-8d8d-05f4d02ec13b,49,Duel,17,60.7,65.2,8,52.57120511911106,67.94428051548395,15.37307539637289,19.09056237231461,25.444755283149323,33.540961428058345,29.35384443139732,3.560831852206145,7.3494169205161075,4.458379105366596,14.71473145494123,2.280422562459833,51.58920099458876
3930160,915a06b9-e5d7-4f29-a354-bbdbbf3506d6,49,Miscontrol,20,43.4,52.5,10,47.571244334690036,68.1508567949842,20.579612460294157,54.34746739077974,56.171175403450114,37.11786298414001,29.44606538987658,5.91718439090758,3.0082420261749365,0.6432021587367203,19.76034347149544,3.3042231019045545,40.33744810930061
3930160,6e3590d0-732b-42e2-9bcf-b301ddbb17b3,49,Pass,8,25.0,40.2,9,49.17959738733403,68.51316546373674,19.333568076402713,45.03202477209527,41.23385488861783,27.75524498322585,45.70944529955193,11.535499119428044,1.5539942216279785,0.36785655787187466,13.641839561940394,11.326935703258307,25.0
3930160,9f161f60-dd7f-4d3c-aecd-f247e17a7d3a,49,Ball Receipt*,11,40.7,8.0,10,45.18028932100641,62.936210370670025,17.755921049663613,28.66427452863935,46.03853343856191,31.571659798325875,34.27100384798748,9.809558940756778,3.6183194405509616,1.5347086847576605,16.242206445528566,1.8408230852584282,30.537531193475928
3930160,26d2ec06-7186-4e29-8dee-0ef96741c11d,49,Carry,11,40.7,8.0,10,45.18028932100641,62.936210370670025,17.755921049663613,28.66427452863935,46.03853343856191,31.571659798325875,34.27100384798748,9.809558940756778,3.6183194405509616,1.5347086847576605,16.242206445528566,1.8408230852584282,30.537531193475928
3930160,55700ed5-4630-4227-ad76-91f5e80ced74,49,Pass,12,40.4,7.8,10,44.16260808056542,63.199007303551824,19.036399222986404,24.471323364728498,40.41074253776581,31.3841543006438,41.18660971038749,8.543718716924426,3.056437948118949,1.3524836925913064,15.034437111012664,4.770503177754087,30.793089410318586
3930160,74115657-69a2-467f-89d3-b253607ebb72,49,Ball Receipt*,13,46.6,21.0,10,42.807971890229645,62.78600265621797,19.978030765988322,21.665871946216598,35.62388747291384,26.927890610829508,43.977065503595085,6.5626470763942395,3.209864220651522,0.4472213247469483,13.294583071592811,4.456135021924631,31.30220731157523
3930160,10ef120d-7951-444d-9ea6-0a52b2f23d9b,49,Carry,13,46.6,21.0,10,42.807971890229645,62.78600265621797,19.978030765988322,21.665871946216598,35.62388747291384,26.927890610829508,43.977065503595085,6.5626470763942395,3.209864220651522,0.4472213247469483,13.294583071592811,4.456135021924631,31.30220731157523
3930160,9210f942-42cf-4a52-9940-250a7e05540f,49,Miscontrol,13,45.3,20.8,10,41.96748032265441,61.956132947748294,19.988652625093884,22.64117409191288,36.25126827221724,25.93991003360393,43.256444270477516,5.795082355471428,3.374715851741656,1.1311753561622737,13.327867247051117,4.078048387556173,31.31538472098748
3930160,e60b5418-bde1-42e4-a6bb-11ecb56230df,49,Pressure,13,42.7,20.0,10,40.0552002234182,59.66708109436109,19.61188087094289,22.407510226804497,36.83691558701716,23.593609736913457,43.93325168638867,5.025755907316264,3.6478391772978527,0.7961680421262827,10.796618158276118,3.848079324473801,30.583817024964347
3930160,d3847d1f-5332-4e20-b98a-bb4a2e20dc3f,51,Foul Won,19,78.8,36.8,10,26.46835266008124,37.493177404053554,11.024824743972314,40.08745592443544,38.42354816765824,31.942258090329624,25.595272034121876,0.7472215324821974,3.359616919725796,6.010235299445405,12.480451891141087,1.0018275703702741,26.861768119529714
3930160,5a35beb1-bbd1-4056-b7db-4b6f2ae05d82,51,Carry,19,78.8,36.8,10,26.46835266008124,37.493177404053554,11.024824743972314,40.08745592443544,38.42354816765824,31.942258090329624,25.595272034121876,0.7472215324821974,3.359616919725796,6.010235299445405,12.480451891141087,1.0018275703702741,26.861768119529714
3930160,b26b0075-628f-4d36-878e-c22b657985e3,51,Pass,6,36.0,8.6,10,29.144174195119593,46.53745492241586,17.39328072729627,28.45210861856204,28.077106277080638,23.17499270110047,37.07412370855065,5.858114789229743,6.6741495362071515,0.9266758983126806,14.275302585730593,9.161696177589718,21.658504131971142
3930160,5b2a4595-a012-4b41-85dd-f2e1af4f0034,53,Pressure,5,53.4,2.2,10,26.161968630293025,44.865618207290886,18.70364957699786,11.804426622343273,14.88117838389885,35.03012090464806,28.96525174442744,8.54986139220925,4.300594699878711,2.473283934324364,20.122585480072253,7.069386021477207,17.741741531899045
3930160,a242f8c1-e6db-46ce-955b-a98de5d888c2,53,Pressure,7,26.7,17.6,8,33.041245864058794,51.13277021767535,18.091524353616556,20.470340001892243,13.559394090534761,25.093861695351105,19.157792225531875,8.175292355993934,1.7253301268989172,0.054191804777406816,13.11637140127942,4.837982849190354,25.573953541782714
3930160,ba34938e-e055-4055-963f-a5d404c32c16,53,Pass,5,34.8,42.8,10,43.71984022251777,61.21606991751875,17.496229695000984,38.926162878125545,32.50590120641643,32.11524752134063,40.623412784431906,4.439884343052557,5.515713933453298,3.991780107418009,10.082248078200458,3.219211515825826,27.153993437217977
3930160,e2594ae5-d13a-49ce-a94e-7c41653df7aa,53,Ball Receipt*,7,37.1,58.9,10,43.04064401011002,60.19394199599834,17.153297985888315,39.908325910678215,33.14162432642568,38.86783188774094,46.75329054901513,3.8506339704154056,4.912388798951226,3.3712108827213143,12.369695917373974,4.543349684147991,26.618118434297493
3930160,681cd098-b246-49c4-be8a-4de26dd17ee5,53,Carry,7,37.1,58.9,10,43.04064401011002,60.19394199599834,17.153297985888315,39.908325910678215,33.14162432642568,38.86783188774094,46.75329054901513,3.8506339704154056,4.912388798951226,3.3712108827213143,12.369695917373974,4.543349684147991,26.618118434297493
3930160,78d0778d-4c24-4742-a929-332481bf0f24,54,Ball Receipt*,10,24.2,30.6,10,39.6380231357528,57.85027216294928,18.212249027196478,38.10721852112258,41.88645200979888,29.2423080574442,44.45615458801381,5.78288910481844,4.553222084919658,1.1955857661536342,10.147481005971414,11.641854552852223,22.863097364144537
3930160,5e8c07ce-6078-45fa-aeb9-565114a3e839,54,Carry,10,24.2,30.6,10,39.6380231357528,57.85027216294928,18.212249027196478,38.10721852112258,41.88645200979888,29.2423080574442,44.45615458801381,5.78288910481844,4.553222084919658,1.1955857661536342,10.147481005971414,11.641854552852223,22.863097364144537
3930160,c5090f71-ed4a-44be-80c2-ff6504bc5ab1,54,Pass,16,32.8,8.5,10,40.70505486927002,57.77275014447429,17.067695275204265,24.769419735125204,31.62641425653182,44.05158365445609,37.63981282465835,5.478258684942624,3.3448324346146605,6.150594895867123,16.929223174536418,3.5015792810622166,32.79999923706055
3930160,9e0528ce-a30d-4491-a8e8-e1b16e8e9e43,54,Ball Receipt*,18,10.1,30.0,10,36.868153298706055,57.3360109221539,20.46785762344785,25.179101029192,30.35748542810012,43.06150119878228,40.40684928010215,7.775256961333857,4.632441235387923,7.87532263411201,16.446300864595912,6.600508629591829,10.100000381469727
3930160,d2850607-e01d-41d7-8ccf-f0f2ca12dcaa,54,Carry,18,10.1,30.0,10,36.868153298706055,57.3360109221539,20.46785762344785,25.179101029192,30.35748542810012,43.06150119878228,40.40684928010215,7.775256961333857,4.632441235387923,7.87532263411201,16.446300864595912,6.600508629591829,10.100000381469727
3930160,643ecbe6-e469-447d-b5ba-ee04e7b2386d,54,Pass,20,8.5,32.4,10,34.14201965141542,55.48973967234584,21.347720020930424,28.441121119172767,32.47424688589781,43.485494101324605,39.493118606732786,8.383771923721879,6.270882863034603,5.775509184344621,16.22129588030718,8.125361063620044,8.5
3930160,ca0f60c7-06fb-486a-a30b-4b79def4c6b8,54,Ball Receipt*,21,18.3,51.6,10,35.57702640115898,56.603273821031394,21.026247419872412,35.677413642707236,39.28639979282086,44.94838415289462,38.60309684860715,8.116630925193496,7.211796858371717,3.0576472819458687,17.278646475674826,9.830958502368997,8.493308188599968
3930160,0e714723-f8ad-4ea6-a602-08a5dc2c4fee,54,Carry,21,18.3,51.6,10,35.57702640115898,56.603273821031394,21.026247419872412,35.677413642707236,39.28639979282086,44.94838415289462,38.60309684860715,8.116630925193496,7.211796858371717,3.0576472819458687,17.278646475674826,9.830958502368997,8.493308188599968
3930160,d4a55f10-30f9-4544-a997-cc1fdaf63aee,54,Pass,23,21.6,50.9,10,34.87998185901519,54.52304029980982,19.643058440794633,34.446999351927175,41.51480164113549,36.610705923840925,36.3024500474275,7.205919971452667,6.710392847501834,3.7307749229839473,16.52265956219053,1.9923967333058599,21.600000381469727
3930160,4134cddf-3706-4745-aab0-d2331b7b041a,54,Ball Receipt*,24,50.1,45.6,10,36.55795487396172,54.04507649452266,17.48712162056094,39.66963756006265,45.01263510090159,35.45111124853014,37.48819980342139,6.975229498087354,6.218498553941788,3.6700063273985677,18.75510468008675,3.7652277605524844,21.944427309475714
3930160,d0092fd0-6709-4177-9dd8-1b94c3876d89,54,Carry,24,50.1,45.6,10,36.55795487396172,54.04507649452266,17.48712162056094,39.66963756006265,45.01263510090159,35.45111124853014,37.48819980342139,6.975229498087354,6.218498553941788,3.6700063273985677,18.75510468008675,3.7652277605524844,21.944427309475714
3930160,53b74c26-3ae1-4aba-a60d-485894efc3de,54,Pass,25,45.6,38.1,10,39.074336167282006,55.88653139493155,16.812195227649546,38.06994905589796,38.98630477824881,40.55939640400571,27.382139352544378,6.420867365456488,5.554087818545735,3.344156277763041,21.48492812287624,4.578651876348921,25.93322665288158
3930160,63facc79-aa1f-4618-bc49-c0551c70540f,54,Ball Receipt*,26,44.8,32.4,10,41.22105938967838,58.085681543814815,16.864622154136434,38.464897411523715,39.235994861282634,36.9201186996688,25.91214477852523,6.134231268950245,5.0379992831164335,0.029858118007211942,21.085577028324636,7.005592282548072,27.578600655879196
3930160,9f0b83fd-3644-4d75-80d4-61e05286297c,54,Carry,26,44.8,32.4,10,41.22105938967838,58.085681543814815,16.864622154136434,38.464897411523715,39.235994861282634,36.9201186996688,25.91214477852523,6.134231268950245,5.0379992831164335,0.029858118007211942,21.085577028324636,7.005592282548072,27.578600655879196
3930160,f24f8662-6b6f-432d-8c75-19eda413516f,55,Pass,6,33.9,5.3,10,36.13486948546393,56.00104437603393,19.86617489057,18.941633552681534,33.51228329401346,20.03519907155858,33.12249124314688,7.929667730299683,5.543104249194989,0.19181291040902693,9.263256579122768,0.5811774639464957,17.61694362623166
3930160,fce4bfd9-689e-4489-8f16-64a4e1a8e310,55,Ball Receipt*,8,69.4,8.8,9,50.25342600011992,68.6885751477665,18.435149147646577,21.810563018958305,22.22457084763499,34.58783153094758,29.96719097150003,5.614536533239862,2.6771549607591107,2.2059980973949678,13.440859451422028,0.288435253417461,26.080248182546768
3930160,8ce121ac-356f-4c6f-9d56-19d3979bbbd9,55,Carry,8,69.4,8.8,9,50.25342600011992,68.6885751477665,18.435149147646577,21.810563018958305,22.22457084763499,34.58783153094758,29.96719097150003,5.614536533239862,2.6771549607591107,2.2059980973949678,13.440859451422028,0.288435253417461,26.080248182546768
3930160,32f0b5ea-8d65-41e7-9ad2-538baa9379ff,55,Ball Receipt*,29,13.8,42.2,10,34.59017292054824,60.329804892546925,25.739631971998683,41.47563936328109,38.6437809411852,39.22667203371859,44.708374040414476,9.122038690935614,5.6408290882946766,0.8624470858157736,17.844875141446003,3.588790770024275,14.0
3930160,1a9c70f6-4006-4d53-9e97-27f323d39f9b,55,Pass,29,14.0,42.0,10,34.59017292054824,60.329804892546925,25.739631971998683,41.47563936328109,38.6437809411852,39.22667203371859,44.708374040414476,9.122038690935614,5.6408290882946766,0.8624470858157736,17.844875141446003,3.588790770024275,14.0
3930160,1e996171-9da4-4675-b3a4-51c3ac299f89,57,Ball Receipt*,6,57.4,64.6,9,45.70467966445818,60.57405828567712,14.869378621218935,61.909701362915584,53.988710471831595,53.323144094044224,23.17277330588759,7.970369668913757,3.353789949561394,2.20067235525417,40.96895995665534,4.7179999260350485,31.680734735773207
3930160,9a07eb16-9d33-4bb8-857f-a0b10bb0dac8,57,Carry,6,57.4,64.6,9,45.70467966445818,60.57405828567712,14.869378621218935,61.909701362915584,53.988710471831595,53.323144094044224,23.17277330588759,7.970369668913757,3.353789949561394,2.20067235525417,40.96895995665534,4.7179999260350485,31.680734735773207
3930160,d91bd4bc-1bda-4030-85ad-160958e7b244,57,Pass,6,57.6,66.0,9,45.90467661270037,60.774055233919306,14.869378621218935,63.30970288879449,55.3887119977105,53.323144094044224,23.17277330588759,7.970369668913757,3.353789949561394,2.20067235525417,40.96895995665534,4.7179999260350485,31.880731684015394
3930160,5298584b-3431-4ae7-8dc4-1e2f7a013800,57,Ball Receipt*,7,63.3,77.2,8,55.05028913784073,67.3651405653025,12.314851427461768,57.56105163244331,52.159342311931766,48.36077675020853,28.93898124632365,9.58018258778965,2.3160571789921014,0.5510176000279188,38.75792193444964,7.009165982259503,51.16349632428791
3930160,bad3d9a0-f100-4978-9aae-c13e7318b71c,57,Carry,7,63.3,77.2,8,55.05028913784073,67.3651405653025,12.314851427461768,57.56105163244331,52.159342311931766,48.36077675020853,28.93898124632365,9.58018258778965,2.3160571789921014,0.5510176000279188,38.75792193444964,7.009165982259503,51.16349632428791
3930160,5a044e89-a7a5-4f4c-9bbb-0b1c0697d9ad,59,Pass,5,42.9,10.0,10,43.66605866745645,57.775792555343806,14.109733887887359,19.364496320734787,30.171255450525088,31.705572347034988,34.9826440595766,3.2289086422446767,5.323072526717747,1.4531373884965149,15.868717732694577,9.641074465601868,28.979266233775604
3930160,2b82931d-6629-4059-adf4-d3a9a6a687a1,59,Ball Receipt*,6,54.5,2.0,10,47.03194385734227,59.867608020868445,12.835664163526175,22.249073290670292,32.25267139842134,33.007588077785776,36.09956980217959,2.953199100269039,5.0862023245404195,0.4412484712344451,16.179828831578412,8.418508142933632,31.810967056801317
3930160,fc704284-4483-46c1-b2c6-1492df5cc159,59,Carry,6,54.5,2.0,10,47.03194385734227,59.867608020868445,12.835664163526175,22.249073290670292,32.25267139842134,33.007588077785776,36.09956980217959,2.953199100269039,5.0862023245404195,0.4412484712344451,16.179828831578412,8.418508142933632,31.810967056801317
3930160,08a863e4-ba27-42c8-9e31-976a7aa6c27f,59,Ball Receipt*,11,41.0,8.5,8,32.002032011128506,51.1622900268007,19.16025801567219,24.969791137091192,37.51616102785731,48.19816770204867,49.45987956723337,4.204028818761672,6.345008080920011,5.0772623526576375,21.95490808921741,12.803944469097964,17.20411443106901
3930160,a05aeb15-323b-486e-9cf1-5d42c0ae96f7,59,Carry,11,41.0,8.5,8,32.002032011128506,51.1622900268007,19.16025801567219,24.969791137091192,37.51616102785731,48.19816770204867,49.45987956723337,4.204028818761672,6.345008080920011,5.0772623526576375,21.95490808921741,12.803944469097964,17.20411443106901
3930160,8e5cc4e1-2094-45b9-8dca-7224c9764a18,59,Pass,12,28.7,9.2,8,30.42086601835331,47.085890266969464,16.665024248616156,23.5507327146812,36.41918364533633,46.61730800082396,48.16582693078347,3.08692315461007,7.666403301743771,2.7984839818042246,23.09791865551734,13.912728317619973,17.16006685230429
3930160,800d7e8c-d49c-48bd-8d2a-8ab7778f9a9f,59,Pass,5,22.2,10.8,10,36.006731387882965,58.5981129336293,22.591381545746337,22.63347514309183,21.80391877405688,44.73203231331943,44.104410884301174,8.309788610827459,7.589098010133154,2.3248188818912645,18.835821627791873,5.670045626677066,22.200000762939453
3930160,34556f3c-3085-498e-bb07-c91421891835,59,Ball Receipt*,7,7.9,31.3,9,34.835374498594035,57.950269537341235,23.1148950387472,27.340800308743013,25.145182097418527,42.4848741738064,43.17424495757284,9.13048950353978,7.373107671428525,3.116137710013522,16.086584607655922,7.001147470426854,7.900000095367432
3930160,13ca312b-2765-4170-a0bf-4a316deb9d55,59,Carry,7,7.9,31.3,9,34.835374498594035,57.950269537341235,23.1148950387472,27.340800308743013,25.145182097418527,42.4848741738064,43.17424495757284,9.13048950353978,7.373107671428525,3.116137710013522,16.086584607655922,7.001147470426854,7.900000095367432
3930160,edc8d747-2771-4e6e-b30d-50132cd09fa0,59,Pass,8,7.9,34.6,9,32.571130079793505,55.96031309703222,23.389183017238715,28.87079308832652,27.24048249273945,43.89892810194941,40.48788716233095,9.519493165239352,6.948286120509538,5.189570077208909,15.849804606363413,6.158590732030454,7.900000095367432
3930160,c258891d-e3f0-4740-bb24-fb0eb6d40be2,60,Ball Receipt*,10,16.1,54.4,10,31.590735369901743,54.12405119771333,22.533315827811585,38.20646217173146,41.83744642192344,45.040588208417354,28.05289653593633,9.43100080606448,6.363351109506898,5.675159756695976,17.984298060432486,5.156489121006178,5.992528423838657
3930160,7722f60b-e997-4bac-aa03-3b3f3dc73c0d,60,Carry,10,16.1,54.4,10,31.590735369901743,54.12405119771333,22.533315827811585,38.20646217173146,41.83744642192344,45.040588208417354,28.05289653593633,9.43100080606448,6.363351109506898,5.675159756695976,17.984298060432486,5.156489121006178,5.992528423838657
3930160,2864ad3c-7a07-45cf-b54b-ea84f97f7322,60,Pass,14,34.6,48.3,10,39.28151199673818,56.114999914513085,16.833487917774903,38.5674015566362,42.747816501260644,35.763929466788994,21.093320260440017,4.727293093556726,4.727738938869401,3.6385427130386816,16.532107418491737,1.1372650726358344,23.519441351862206
3930160,68893fa6-852d-4220-94ad-a6d43b92f744,60,Ball Receipt*,14,37.7,45.4,10,39.96998498540269,56.41290684129473,16.44292185589204,39.241314409820184,43.991856204586355,34.71521691500403,20.096054899423756,4.296413672062996,4.852862140100227,3.5532308815537377,16.069864212303685,0.8461473072217132,23.873299098556657
3930160,057165d4-122e-44b5-a287-b392824c0c98,60,Carry,14,37.7,45.4,10,39.96998498540269,56.41290684129473,16.44292185589204,39.241314409820184,43.991856204586355,34.71521691500403,20.096054899423756,4.296413672062996,4.852862140100227,3.5532308815537377,16.069864212303685,0.8461473072217132,23.873299098556657
3930160,0c46b3ee-9e33-4910-810b-a649d0fc27c7,60,Pass,15,37.7,45.4,10,42.334669512578095,58.49233956915431,16.157670056576215,37.88520244830675,33.821891968538786,34.115787383314824,40.11301058780493,3.8182495735251876,4.826727434761752,2.5457995238239803,16.94126394053932,0.4923473936918654,26.977696583814478
3930160,a15b070c-cd2e-46aa-aba8-a8064ec10984,60,Ball Receipt*,17,50.5,77.6,10,44.02463808252689,58.96841215649006,14.94377407396317,47.070412135468196,43.700437407208845,36.36063198286407,47.82360907172086,4.148709213470423,4.6065706819948735,1.8688848134691725,18.531039228904618,0.412229150152001,28.501738220408427
3930160,273544fe-d66f-4bff-b830-b7593fdf9ae0,60,Carry,17,50.5,77.6,10,44.02463808252689,58.96841215649006,14.94377407396317,47.070412135468196,43.700437407208845,36.36063198286407,47.82360907172086,4.148709213470423,4.6065706819948735,1.8688848134691725,18.531039228904618,0.412229150152001,28.501738220408427
3930160,1e3322ba-316e-4c71-bbf2-2bc534337c1d,60,Ball Receipt*,18,58.4,67.3,10,46.4724826035201,60.59812789206321,14.125645288543112,60.26997575677183,47.232840861709334,46.29713406807699,25.201292716397283,5.297268365997168,5.150537310094189,5.01937332971508,24.438497888402097,0.9863146862154863,29.16684792711528
3930160,a379216a-e1ad-4de9-b6e9-dda6a2234598,60,Carry,18,58.4,67.3,10,46.4724826035201,60.59812789206321,14.125645288543112,60.26997575677183,47.232840861709334,46.29713406807699,25.201292716397283,5.297268365997168,5.150537310094189,5.01937332971508,24.438497888402097,0.9863146862154863,29.16684792711528
3930160,c7637da0-de15-453b-b10c-94450a82e18e,60,Pass,19,34.7,64.0,9,40.1378637495281,58.2542960810899,18.116432331561796,50.76222847440134,56.97528191740001,40.91611709517444,24.010168958701286,5.624499766032894,5.416812996695022,2.1183885063241945,18.54645558657615,2.308400388771119,30.044885025217468
3930160,a260331a-2822-4034-a9e0-c1a9ed9e7407,60,Ball Receipt*,21,40.0,78.9,10,41.841202025793464,57.17582572724791,15.334623701454447,54.430645919325,46.268961486735996,29.100469846013837,32.09694371140319,4.429096062996382,4.298282319676373,2.2183054313334054,12.889276276604463,1.550877085580673,32.46642659771814
3930160,26c87c55-6c0d-4f12-8c11-9d0a9a50b371,60,Carry,21,40.0,78.9,10,41.841202025793464,57.17582572724791,15.334623701454447,54.430645919325,46.268961486735996,29.100469846013837,32.09694371140319,4.429096062996382,4.298282319676373,2.2183054313334054,12.889276276604463,1.550877085580673,32.46642659771814
3930160,1ce9ab29-6cee-4dc3-86e0-957f136b8ec6,60,Pass,22,40.9,79.1,10,43.085120818175206,58.38875800008023,15.303637181905025,56.18621131319795,48.53192893851201,35.32303051549168,36.7798825194356,3.8235988232911167,3.2130854620608993,6.677176449083639,13.854981234243468,6.40692639686079,29.600769241677213
3930160,616ce6c8-4ca1-444f-9900-94e168778b33,60,Ball Receipt*,23,27.9,64.4,10,39.005801642114655,58.03264071573956,19.026839073624906,63.05802913044611,57.548329170787014,36.11213369118563,42.35898173922929,4.502169361007723,3.7369178588110885,3.5370695609361036,13.513782870612808,4.2947470814447115,27.899999618530273
3930160,a275920e-2f5f-4bb6-9eda-ac069206eb19,60,Carry,23,27.9,64.4,10,39.005801642114655,58.03264071573956,19.026839073624906,63.05802913044611,57.548329170787014,36.11213369118563,42.35898173922929,4.502169361007723,3.7369178588110885,3.5370695609361036,13.513782870612808,4.2947470814447115,27.899999618530273
3930160,d7d8716b-01f6-4e03-9547-18642e62d933,60,Ball Receipt*,25,20.6,31.4,10,34.226871853254615,57.18131416276576,22.954442309511144,46.98565143569868,45.21484355379704,34.63722445332727,46.79517475433059,5.221035949717328,4.146050274938823,5.326050733377279,13.055906125651852,1.0622222605726819,20.600000381469727
3930160,100e6c6a-bda6-4b9d-ae4f-27bbb4672da3,60,Carry,25,20.6,31.4,10,34.226871853254615,57.18131416276576,22.954442309511144,46.98565143569868,45.21484355379704,34.63722445332727,46.79517475433059,5.221035949717328,4.146050274938823,5.326050733377279,13.055906125651852,1.0622222605726819,20.600000381469727
3930160,319941c5-bb16-4288-ade7-4c2766ce8cbd,60,Pass,27,24.3,31.6,10,36.32896647896037,59.29183713068511,22.962870651724742,44.42188014104088,43.23423419717876,34.34803851838685,45.31099179965462,6.8489043492610575,4.202334056104215,2.4832082000618527,11.321665986011368,1.757358000918785,24.299999237060547
3930160,e1f30643-510a-4460-83c7-d4245b35857a,60,Ball Receipt*,28,36.3,32.7,10,38.813940165041274,61.06954366194843,22.255603496907156,40.123064667995045,38.85617667591724,35.539289543664516,44.971048656880306,7.217246561193325,4.54210315138661,4.259932155697861,11.533479238331807,5.133304088500367,26.25105282871486
3930160,6a5cfcec-48c5-4772-acd9-5ad2c6466b01,60,Carry,28,36.3,32.7,10,38.813940165041274,61.06954366194843,22.255603496907156,40.123064667995045,38.85617667591724,35.539289543664516,44.971048656880306,7.217246561193325,4.54210315138661,4.259932155697861,11.533479238331807,5.133304088500367,26.25105282871486
3930160,dd9aea23-1442-4fce-9693-941f84b46ab5,60,Pass,31,47.3,23.7,10,46.64666732464315,64.37911831735451,17.732450992711364,38.01373067088802,37.70739216716,35.37282104045433,35.49017223656569,6.142090772526421,4.039901860301335,3.044594992462315,12.43173352575517,7.909809615381185,34.81344551388155
3930160,f0bf6a63-a4e7-4ff7-8648-cfa5260e6389,61,Ball Receipt*,59,15.6,35.5,9,40.01813580535176,64.63214318091218,24.61400737556042,47.46699726111811,36.38635535666077,30.412867426656348,41.304256241032135,10.72778831376747,4.018861530212192,3.2591318964687233,10.42645882666482,5.126160242350423,15.600000381469727
3930160,7fba2e34-1d27-4317-aadb-cb53acd098f7,61,Carry,59,15.6,35.5,9,40.01813580535176,64.63214318091218,24.61400737556042,47.46699726111811,36.38635535666077,30.412867426656348,41.304256241032135,10.72778831376747,4.018861530212192,3.2591318964687233,10.42645882666482,5.126160242350423,15.600000381469727
3930160,0bfc79dd-94a7-42fa-951e-5d7c2a3d085a,61,Pass,60,15.6,35.5,10,36.00930255240358,60.809567005818465,24.800264453414883,45.35890102489846,33.010136771879026,31.5290995005695,48.7349704450894,11.507759545234252,5.371033757475316,1.3495141444115575,11.435076846290542,7.928631245663652,15.600000381469727
3930160,ca2fee13-68e6-42b3-bcd1-b63bf3cf3b07,61,Ball Receipt*,61,28.6,41.8,10,35.88576167641888,60.42434902168887,24.53858734526999,37.414121536808786,46.19744598182006,38.63689084234005,39.34828121974407,10.964643440782254,5.65021045682056,0.905476487257701,16.180569765047167,0.622500930001948,16.010157400652105
3930160,e5f6d94d-123c-4988-a11f-dcfdeaa6b2dc,61,Carry,61,28.6,41.8,10,35.88576167641888,60.42434902168887,24.53858734526999,37.414121536808786,46.19744598182006,38.63689084234005,39.34828121974407,10.964643440782254,5.65021045682056,0.905476487257701,16.180569765047167,0.622500930001948,16.010157400652105
3930160,591e4bb9-53b7-4df2-a526-82311acab963,61,Pass,61,28.6,41.8,10,35.88576167641888,60.42434902168887,24.53858734526999,37.414121536808786,46.19744598182006,38.63689084234005,39.34828121974407,10.964643440782254,5.65021045682056,0.905476487257701,16.180569765047167,0.622500930001948,16.010157400652105
3930160,fd560699-6f19-4640-a57a-55b05e657974,61,Ball Receipt*,62,20.2,58.3,10,35.519619287233425,59.24262475547117,23.723005468237744,38.914531803075754,52.36948206220055,37.51551064770344,30.71576808014281,10.448195120362195,5.97628272197926,3.892461398674776,15.815424394808787,1.6369840299584908,20.200000762939453
3930160,a309d8e1-57a0-4f2c-ad7b-aac42915a92e,61,Carry,62,20.2,58.3,10,35.519619287233425,59.24262475547117,23.723005468237744,38.914531803075754,52.36948206220055,37.51551064770344,30.71576808014281,10.448195120362195,5.97628272197926,3.892461398674776,15.815424394808787,1.6369840299584908,20.200000762939453
3930160,e2a3db39-0c28-4819-8aec-92cd9d81be45,61,Pass,64,23.5,62.0,10,34.5578562409663,57.93871665755883,23.380860416592526,50.00992723053246,41.25286865713853,35.77103693617166,49.43343940181075,7.17809082558234,5.12924030160004,4.394096592170207,12.148167429650016,8.02180695717528,23.5
3930160,2a857731-f0a6-40aa-8ebf-582d8e4175da,61,Ball Receipt*,65,31.4,77.7,10,34.128649034980846,58.23727785973999,24.108628824759144,53.42399863846457,45.18401118258794,37.54957453534987,52.00322177730244,5.4243913734978095,4.599580825772994,7.4645182221048145,12.128491697863076,6.910872566888791,23.81340207487432
3930160,88cb9601-7071-4f6a-afb7-9c1078a9a04d,61,Carry,65,31.4,77.7,10,34.128649034980846,58.23727785973999,24.108628824759144,53.42399863846457,45.18401118258794,37.54957453534987,52.00322177730244,5.4243913734978095,4.599580825772994,7.4645182221048145,12.128491697863076,6.910872566888791,23.81340207487432
3930160,6581d5af-ec95-4ddc-a5d7-2245bb9f2764,61,Ball Receipt*,69,3.6,49.7,10,26.586387676229283,53.607665106302264,27.02127743007298,52.34414808159772,40.86589304268129,27.114824862771812,35.695153864725626,6.62550895906012,3.4437253474286194,0.03763975322833346,18.02626891732792,6.898661104321334,3.5999999046325684
3930160,bbcc4450-4377-49c5-bf35-13b81221938a,61,Carry,69,3.6,49.7,10,26.586387676229283,53.607665106302264,27.02127743007298,52.34414808159772,40.86589304268129,27.114824862771812,35.695153864725626,6.62550895906012,3.4437253474286194,0.03763975322833346,18.02626891732792,6.898661104321334,3.5999999046325684
3930160,6e209c15-14a5-4140-8013-84f399cf4715,61,Pass,71,5.6,48.3,10,25.34373801111706,52.38664009378228,27.042902082665222,49.88627260189063,37.01121190119724,32.69377659810104,36.62417691919451,8.358489677129992,3.7147552743031773,0.6454879698382072,19.85882477888333,6.323113520359293,5.599999904632568
3930160,45514642-bc42-4bf2-913a-f3036c4a9faf,61,Pass,82,45.2,26.1,10,43.54759563637271,60.30723589008217,16.759640253709456,37.47779306282873,24.476287524979682,35.96681792514997,29.819173109240552,6.840426916886152,7.825790638002533,1.4649358974698714,14.639597093679612,3.1339560773819812,40.53567036887442
3930160,fc09c2f8-07bc-4e10-bc98-385a359a3d05,61,Ball Receipt*,83,41.6,19.7,9,44.75814119810559,62.07939696754623,17.32125576944064,37.38332089100638,28.637464441348946,33.11491059862642,30.830627801779684,6.581213767952896,7.4310377476084195,2.6967886807672414,15.299521839176776,5.0230981310735885,41.599998474121094
3930160,cd0c79bb-7183-4276-8933-c0ffadfcd624,61,Carry,83,41.6,19.7,9,44.75814119810559,62.07939696754623,17.32125576944064,37.38332089100638,28.637464441348946,33.11491059862642,30.830627801779684,6.581213767952896,7.4310377476084195,2.6967886807672414,15.299521839176776,5.0230981310735885,41.599998474121094
3930160,252d2c37-5f40-4886-ac00-231910bfd76f,61,Pass,86,46.8,10.5,10,47.8032357232582,61.79690064050018,13.993664917241986,29.838247638573286,22.773835811315514,41.08698130184024,48.830527852428204,3.108188350436122,5.603000489290735,5.330192333157903,17.152040634155114,11.926019794051996,38.26719088246958
3930160,cb472644-b6ef-47bc-968b-c304c2d0e801,61,Ball Receipt*,87,52.4,1.2,9,50.30852859463338,64.84057782870994,14.53204923407656,24.79936679633031,29.421106309843314,49.546883928221746,29.61195270334516,3.3402674841294364,6.047126782298892,3.983106536398836,18.148659198468444,3.0300410018525312,39.75827453806899
3930160,c771719f-ea4d-45b8-af55-52f3560a63f1,61,Pass,87,51.4,1.2,9,49.30852859463338,63.84057782870993,14.532049234076553,24.79936679633031,29.421106309843314,49.546883928221746,29.61195270334516,3.3402674841294364,6.047126782298892,3.983106536398836,18.148659198468444,3.0300410018525312,38.75827453806899
3930160,2ad9d2a1-ae71-45b3-b208-f8a9c44c627b,61,Pressure,88,58.9,3.9,8,52.61482248849876,65.09745461317353,12.482632124674765,25.726573120459648,27.95585969561723,52.5397889011392,43.856530908559115,4.512079142157903,4.508429539630714,4.771881538873487,19.47303634395888,13.427463337455684,40.079448396110294
3930160,8d868215-34b1-4228-82d4-d425d415203f,62,Pass,10,35.3,67.9,9,44.373176286110514,62.297811237367426,17.924634951256913,51.914023661671,53.555615768825035,36.337295354241654,42.42440691974865,8.229711777951625,3.9189370403891175,4.136052836402996,18.113979065548143,4.316498367916651,21.60492345971535
3930160,7bdbaa95-fed0-4fe5-91ba-754c13cef342,62,Ball Receipt*,11,26.3,66.6,8,42.56867744512834,60.43849685205179,17.869819406923455,53.78470172354603,57.6401778875333,35.906693193793124,43.287491063216606,8.371565210380648,3.9847146396760063,2.3771900066780276,17.90647295179562,4.360430583765435,21.1092254168208
3930160,86c48c4b-8841-4d5b-9d43-b5d27767c860,62,Carry,11,26.3,66.6,8,42.56867744512834,60.43849685205179,17.869819406923455,53.78470172354603,57.6401778875333,35.906693193793124,43.287491063216606,8.371565210380648,3.9847146396760063,2.3771900066780276,17.90647295179562,4.360430583765435,21.1092254168208
3930160,1457c35e-ee1c-4d66-b845-2d001d7cc119,62,Pass,12,26.2,55.2,9,40.52436796037462,61.47072534321587,20.94635738284125,46.833422303461596,49.36136520634122,27.20105522318638,44.89207892309531,8.498424557512488,3.984355407002886,1.9997209131460423,14.494910890864944,6.42464083769017,21.30749870123168
3930160,47c01ec6-bcc0-4999-ac5e-e77998602b9c,62,Ball Receipt*,13,33.4,52.0,10,37.38487687116961,58.483394155719935,21.098517284550326,44.11155329347946,46.3320691758221,24.82282791829207,45.047883158738614,8.035278416724541,4.021205151523477,2.2274372695430955,10.416961783359511,6.81804495478336,19.041189928658
3930160,d4a5ec4c-cbc0-4709-b4c0-5c3e8ded4ff6,62,Pass,13,33.6,52.0,10,37.5848738194118,58.68339110396212,21.098517284550326,44.11155329347946,46.3320691758221,24.82282791829207,45.047883158738614,8.035278416724541,4.021205151523477,2.2274372695430955,10.416961783359511,6.81804495478336,19.241186876900187
3930160,06f762e3-b9e8-4819-8957-07d019f8ac94,62,Ball Receipt*,14,35.7,67.5,10,37.584959410746876,57.72410289151864,20.139143480771764,45.42398110899002,45.70349543909167,25.699725409686245,46.115788915888146,7.50520542154848,3.915736221173644,3.5722359851264756,8.507771313547288,7.374980595290424,19.22703733494756
3930160,d959951e-428e-4481-b8e3-b37c5c38886a,62,Carry,14,35.7,67.5,10,37.584959410746876,57.72410289151864,20.139143480771764,45.42398110899002,45.70349543909167,25.699725409686245,46.115788915888146,7.50520542154848,3.915736221173644,3.5722359851264756,8.507771313547288,7.374980595290424,19.22703733494756
3930160,e7bfae4a-c9d9-4249-ad3a-9652c3a09f73,62,Pass,15,36.6,67.7,10,37.09242220486594,56.06490344548037,18.972481240614428,46.891557994570874,45.19717046159544,29.92398199935399,45.7214898000218,7.054114567097595,4.011893780789065,3.508532184770303,13.290033004693726,7.485316652845228,16.941456812704395
3930160,9f03fad4-9fbd-47fd-8094-3c73518d8143,62,Ball Receipt*,15,47.4,65.5,10,39.96369168952058,56.52264108957483,16.558949400054253,54.47682227365988,51.28803387142034,30.935614155395967,42.192586828339145,6.562498938557428,5.080576977556259,3.0082550616156354,13.819318428911735,3.4363852908745542,38.77812748307698
3930160,e9fe7709-1684-4950-8fea-21b703d61593,62,Carry,15,47.4,65.5,10,39.96369168952058,56.52264108957483,16.558949400054253,54.47682227365988,51.28803387142034,30.935614155395967,42.192586828339145,6.562498938557428,5.080576977556259,3.0082550616156354,13.819318428911735,3.4363852908745542,38.77812748307698
3930160,3b44935a-dd01-431e-bea0-280619b03385,62,Pass,16,45.4,63.8,10,40.62006003110086,55.84208996003012,15.22202992892926,54.4441071007936,46.0219950251916,26.8109148908409,39.34048804639883,5.606595656041199,5.916788757707094,0.5833320566217424,14.285727537636383,9.864260734903873,38.11649925226418
3930160,98db282a-1fd6-4f06-b3c9-ff8d2802979c,62,Ball Receipt*,17,39.1,62.6,10,40.68555165190499,55.6786448637784,14.993093211873415,55.814108815642115,47.525399948030824,25.28847265358101,40.14826230114274,5.169118105278793,5.910337992481584,2.056844420364712,15.610612745166705,9.58518371505501,37.340695694107424
3930160,2be9da55-5fa7-4f8d-ba76-5276b015a799,62,Pass,17,40.3,64.2,10,40.68555165190499,55.6786448637784,14.993093211873415,55.814108815642115,47.525399948030824,25.28847265358101,40.14826230114274,5.169118105278793,5.910337992481584,2.056844420364712,15.610612745166705,9.58518371505501,37.340695694107424
3930160,65b96172-29d5-4254-8db0-a8e791763c62,62,Ball Receipt*,18,37.1,72.3,10,40.506452656083965,55.869350142233195,15.36289748614923,58.12415537420626,49.83087037871846,26.709180779683116,41.215850847431064,4.78940560719873,6.044630631532435,2.331628432111792,15.329383581168749,10.909472403553366,21.62795251124222
3930160,fc347c5e-4f8a-4479-99c5-439dfe0f23d0,62,Pass,18,37.1,72.3,10,40.506452656083965,55.869350142233195,15.36289748614923,58.12415537420626,49.83087037871846,26.709180779683116,41.215850847431064,4.78940560719873,6.044630631532435,2.331628432111792,15.329383581168749,10.909472403553366,21.62795251124222
3930160,84ddae8e-3b67-4858-8061-015f4052e20d,62,Ball Receipt*,19,28.1,63.5,10,42.16515081365772,58.955974931657806,16.79082411800009,61.04465246697801,52.935224948668456,25.54810750511119,43.26691124183787,4.054526927227097,6.571904766072522,3.291252594969933,14.605943529256834,13.611108095275576,26.469168848880443
3930160,e3e41c2b-371e-4d17-86e6-dfa372fa16c1,62,Carry,19,28.1,63.5,10,42.16515081365772,58.955974931657806,16.79082411800009,61.04465246697801,52.935224948668456,25.54810750511119,43.26691124183787,4.054526927227097,6.571904766072522,3.291252594969933,14.605943529256834,13.611108095275576,26.469168848880443
3930160,6bf1e50a-1cb5-454c-b0f1-dec038c9f60b,62,Pass,21,28.1,63.5,10,40.61625961137848,55.885428575837544,15.269168964459062,58.41190149789877,54.92248870008271,24.646826458779145,43.98141380649069,4.283594099243555,6.1281322057676295,4.797467402770451,6.741736986201175,4.709549058915556,20.231621554466027
3930160,60755dc4-938c-483e-bc0f-f6e93e2def15,62,Ball Receipt*,22,22.4,30.6,10,40.58070814761126,56.132276529832644,15.551568382221383,44.12306465631961,40.72340051705741,31.826575522516677,44.824931499657254,5.829366204058358,4.490940593095,2.3201523155283255,10.043598435694093,6.754669074264946,22.399999618530273
3930160,a7a42393-116b-458d-a737-d17837071b2d,62,Carry,22,22.4,30.6,10,40.58070814761126,56.132276529832644,15.551568382221383,44.12306465631961,40.72340051705741,31.826575522516677,44.824931499657254,5.829366204058358,4.490940593095,2.3201523155283255,10.043598435694093,6.754669074264946,22.399999618530273
3930160,f3315526-ecd7-4a5c-8611-7bc6d889b8e2,62,Pass,26,44.6,21.0,10,47.86360441536501,65.46759936241294,17.60399494704793,33.3476133978621,40.01556440422189,36.532890476516684,30.286667635549644,4.854473965098609,2.6582577878203066,1.5767968324878368,15.938368961786814,0.7528774481686682,44.55150851452049
3930160,13aed9f3-c1a2-4c7c-a355-37cc4137ead1,62,Ball Receipt*,27,51.2,5.1,10,47.415368831292895,65.4870465021859,18.07167767089301,27.567219009656185,30.73134483956609,36.85821797104748,42.94968883349751,4.3351289423683665,2.7919312191151597,1.7231544579879206,16.835025648705496,2.1583769650791,43.10791300797522
3930160,90b49256-0b2d-4f45-86b2-f85b215b8f85,62,Pass,27,51.2,5.1,10,47.79349807859541,65.74302043232026,17.949522353724852,27.58709631854655,29.7510887133384,36.37463346313214,42.75163206778382,4.240762218660863,2.797075873219167,3.796039764530896,16.412067268370564,2.8255610622808405,43.3285174670483
3930160,494e0796-f9a2-4ef3-84e8-01bddcc2b730,63,Ball Receipt*,43,73.5,19.4,10,37.30919541546426,51.94985416435085,14.640658748886594,50.617182707452194,47.20927963727948,66.81242679694454,23.766006854551065,3.792061726780091,4.761549334347901,3.5089935687421985,36.845899583005874,4.849153403158084,30.20296244279257
3930160,3ec15be8-d23f-45d6-be6b-317f380ef77c,65,Pass,6,15.3,31.0,10,38.482016987078794,59.448079640864634,20.96606265378584,34.12495096313662,29.403068812109808,35.752899642889155,47.69297488864302,9.914230924791967,5.016100352809596,6.3333662844752965,11.630433569916761,3.8269247410020597,15.300000190734863
3930160,fe0160b5-00b1-4820-8bef-2ac30ecb741f,65,Ball Receipt*,12,63.7,39.1,10,49.910950650722725,66.37867227027718,16.467721619554453,47.27068685595894,49.67144171186115,54.01293107611661,19.204443140780675,4.223525784173625,5.277231077093335,5.153154763020936,22.366752199531838,0.6426962799225322,41.97555712522645
3930160,271fd044-3bcd-4083-abe6-c0039bcff186,67,Ball Receipt*,10,49.3,21.0,10,34.197229100020664,58.88737516413303,24.69014606411237,32.17162052070323,31.523767857841264,36.01792160026284,49.53584654877116,10.535884337296944,3.689410946514983,1.1303290255608118,15.777174787091774,11.656978043213776,21.633889772863725
3930160,56f2ba98-6c85-422d-afb8-c639a44a8516,67,Pass,10,49.3,21.0,10,34.197229100020664,58.88737516413303,24.69014606411237,32.17162052070323,31.523767857841264,36.01792160026284,49.53584654877116,10.535884337296944,3.689410946514983,1.1303290255608118,15.777174787091774,11.656978043213776,21.633889772863725
3930160,1905a345-3cde-4599-bfa2-f168ddce560c,67,Ball Receipt*,11,56.6,13.7,10,39.02151533296726,59.65705056470613,20.63553523173887,32.254842425986574,32.38569838141333,40.28719146183175,46.90855041441738,9.989510170761992,3.085859949921418,0.9910254493666315,18.4054654655896,9.640214037537355,28.3090143998176
3930160,02754459-29d0-4cab-aca2-4acfd3922a45,67,Carry,11,56.6,13.7,10,39.02151533296726,59.65705056470613,20.63553523173887,32.254842425986574,32.38569838141333,40.28719146183175,46.90855041441738,9.989510170761992,3.085859949921418,0.9910254493666315,18.4054654655896,9.640214037537355,28.3090143998176
3930160,2ff9c960-0b03-4d84-b4c9-122f2968828a,67,Pass,12,54.5,13.7,10,43.98364222149557,61.33142613197049,17.347783910474917,29.05695068024532,29.690023262082512,40.793139351426525,43.50233163781572,10.32740717455865,4.6784166893329875,1.3870287564372035,19.9955761829815,5.872601905224805,33.27234384564784
3930160,56636c6a-10c4-4137-b73c-01fe8a993ee4,67,Pressure,14,57.7,16.4,8,54.199924055091515,66.12516177413346,11.925237719041945,19.662298392917837,35.82218448117875,21.8495344142735,34.63967906587507,2.1895609876846005,1.6554599707002062,1.5258371866097065,9.254409215005495,12.26924251543683,36.03817889500142
3930160,6e214220-fc29-4bff-9d52-a7420d9a307e,67,Ball Receipt*,6,33.0,32.2,10,49.16211558966407,65.92492541338399,16.76280982371992,38.98276897581568,39.09516769645676,47.31119094698805,38.28316246164775,6.201427554692451,4.650142491580416,5.657258698704965,17.462107585101162,5.224130258121342,33.0
3930160,77edab99-e21c-4303-acc7-dcbed678ee11,67,Carry,6,33.0,32.2,10,49.16211558966407,65.92492541338399,16.76280982371992,38.98276897581568,39.09516769645676,47.31119094698805,38.28316246164775,6.201427554692451,4.650142491580416,5.657258698704965,17.462107585101162,5.224130258121342,33.0
3930160,12053694-2ea3-4c9c-b22a-ed2e8c7fcf81,67,Pass,8,28.9,25.3,9,42.47146894688022,63.89081425055318,21.419345303672955,33.56596854474901,34.66884022306369,42.59533352659073,40.78021151280669,6.937614310615642,5.6715179610453035,0.5554481831970932,19.506877906013635,5.5906915745276535,28.899999618530273
3930160,11dfc300-72db-40c8-bafd-7beca0847a58,67,Ball Receipt*,10,10.8,42.8,9,34.252993225878136,59.13214789178134,24.8791546659032,36.54199473327623,37.75204956437901,42.764677263459916,41.20797883956216,8.1336127333641,6.319922643125971,1.831738457363116,14.939624123595735,6.997035969180551,10.800000190734863
3930160,7ed4d209-0555-478e-a2eb-9d17c254ef15,67,Carry,10,10.8,42.8,9,34.252993225878136,59.13214789178134,24.8791546659032,36.54199473327623,37.75204956437901,42.764677263459916,41.20797883956216,8.1336127333641,6.319922643125971,1.831738457363116,14.939624123595735,6.997035969180551,10.800000190734863
3930160,910858ea-961a-4f39-89dc-9f9ebcb0f047,67,Pass,12,11.6,44.8,10,28.872582744334267,54.981637628505275,26.10905488417101,36.27977630113935,38.40636062914924,41.954807882146795,44.95923374445227,9.397169828245575,8.244747785359689,1.6240828007430892,14.013091487136762,11.533668262938782,11.600000381469727
3930160,5f502511-bb27-483f-861b-421ffc935be9,67,Ball Receipt*,5,61.4,11.8,10,44.0818861930894,64.27263263247968,20.19074643939028,49.122125834029724,47.44724305500429,52.526434511527924,42.17025472285679,7.348532182507405,5.044787880440461,2.8511106442138825,24.212565587208857,8.71798305878054,36.718228235024725
3930160,34bd9f14-f7ce-4b1a-8f42-0b141c33632a,68,Ball Receipt*,10,43.6,47.9,10,43.5559770984613,63.02824486813793,19.472267769676634,60.934363595533284,57.81073162152907,40.63939488647358,23.62497537653286,7.012856081110823,2.9492600357192273,1.3514869312291111,27.626403040083204,5.991557155509227,37.9390204713916
3930160,644e70c3-2df6-4058-8634-c77a0f6ab6f9,68,Carry,10,43.6,47.9,10,43.5559770984613,63.02824486813793,19.472267769676634,60.934363595533284,57.81073162152907,40.63939488647358,23.62497537653286,7.012856081110823,2.9492600357192273,1.3514869312291111,27.626403040083204,5.991557155509227,37.9390204713916
3930160,4ced6042-b8d2-4633-a0f4-7389a04d1c5e,68,Ball Receipt*,9,47.6,22.6,9,38.3243263066314,58.645310554195824,20.320984247564425,37.03409420594777,39.52758655473841,40.69462007555546,46.5235620096386,7.081962865880878,3.3506085933783583,6.727302390416099,14.395959691055424,9.795674810259108,23.131459998523127
3930160,c9f18d85-5768-4709-8af4-dad806c0477f,68,Carry,9,47.6,22.6,9,38.3243263066314,58.645310554195824,20.320984247564425,37.03409420594777,39.52758655473841,40.69462007555546,46.5235620096386,7.081962865880878,3.3506085933783583,6.727302390416099,14.395959691055424,9.795674810259108,23.131459998523127
3930160,a0491018-a36f-413a-af31-4925683d33e2,68,Ball Receipt*,12,34.5,8.2,10,37.845116160171095,58.8296832806062,20.984567120435102,25.131203289022235,35.22923405316967,44.89176116228212,46.797141950434934,6.454469494501431,6.089214873993071,4.222678067950454,24.444909673583908,1.0825791774890092,27.471601156750538
3930160,53f84a0c-24ab-407d-b60f-598e936ef20a,68,Carry,12,34.5,8.2,10,37.845116160171095,58.8296832806062,20.984567120435102,25.131203289022235,35.22923405316967,44.89176116228212,46.797141950434934,6.454469494501431,6.089214873993071,4.222678067950454,24.444909673583908,1.0825791774890092,27.471601156750538
3930160,17796aae-b30d-4b3f-8ccf-ecd1ebcf10cc,68,Pass,12,34.7,8.0,10,36.64791635842043,58.832378946498665,22.184462588078233,26.147207875127844,35.949671069656176,44.0821926462322,48.23991000905964,5.326885524494282,5.896078262230872,3.6939699714903256,25.170261834948093,1.3225256533510503,27.15847173672674
3930160,8ebcb7bf-7b5f-4f97-a6f7-676980d96cd0,68,Ball Receipt*,14,51.9,3.1,10,36.79166496771795,57.240674381450425,20.449009413732476,25.012554467166694,34.02350531419152,44.24785018814083,51.087646615928875,5.492923126914458,4.995261857505071,2.559946769132111,25.409699648083063,0.8414976280266941,26.347138946121206
3930160,ac30b29c-bdd7-4502-ac2b-0ff466467810,68,Pass,14,51.9,3.1,10,36.79166496771795,57.240674381450425,20.449009413732476,25.012554467166694,34.02350531419152,44.24785018814083,51.087646615928875,5.492923126914458,4.995261857505071,2.559946769132111,25.409699648083063,0.8414976280266941,26.347138946121206
3930160,7ae77227-69f9-47d7-a947-d2f99c773ccf,68,Ball Receipt*,15,55.7,24.7,9,47.656245141154294,63.73302450871548,16.076779367561187,28.543598037798382,31.688975850085043,44.37184136424911,47.05023841787739,5.839761099776296,3.8819405245129266,5.640412936953723,16.052338085145564,11.814048901418182,31.838798429494304
3930160,04ee9851-a9cd-413b-bd2f-a19c17d1e1c1,68,Carry,15,55.7,24.7,9,47.656245141154294,63.73302450871548,16.076779367561187,28.543598037798382,31.688975850085043,44.37184136424911,47.05023841787739,5.839761099776296,3.8819405245129266,5.640412936953723,16.052338085145564,11.814048901418182,31.838798429494304
3930160,55b65264-8f4e-4daf-8eb5-157d85e2c0a2,69,Pass,74,27.8,41.3,10,42.48002148611265,63.577639331021146,21.0976178449085,40.22302425920041,39.12460604833021,35.16015275993801,49.57674745155782,8.526483254690056,3.4716386291657186,4.1663665179098,15.265696774853282,14.67716585659469,22.1735336128108
3930160,536763eb-fcc1-4519-981c-49237bca66be,69,Ball Receipt*,75,47.3,33.4,10,43.16341351957316,61.13380815087085,17.970394631297687,38.59181621995147,33.21147279640301,20.91568645933164,46.10368350297303,7.101157581010084,5.467478676524676,0.6469299335066836,8.762052398076428,3.792236949809549,23.76809349535222
3930160,0b8a0dbb-ae2f-4ac3-a826-23949122f89e,69,Carry,75,47.3,33.4,10,43.16341351957316,61.13380815087085,17.970394631297687,38.59181621995147,33.21147279640301,20.91568645933164,46.10368350297303,7.101157581010084,5.467478676524676,0.6469299335066836,8.762052398076428,3.792236949809549,23.76809349535222
3930160,7413935a-244c-4b90-9716-9a04868934ef,69,Pass,76,43.3,34.7,10,41.55282493052451,60.00185298849189,18.449028057967382,40.14265526597124,32.29018857285853,22.879059001939737,44.45312110219727,4.788073134201375,5.634894299319894,2.2069524152674873,8.156434828204304,1.680817729478207,22.430507175644266
3930160,cb07d956-32c2-42c9-96a9-9af352355a54,69,Ball Receipt*,77,34.3,15.7,10,41.61281621602792,59.37510847768412,17.7622922616562,34.77009885553528,26.812101546978592,29.376682057721197,42.095159696100964,3.0421993876189024,5.22810367961336,4.946563437567619,9.628034814819642,2.3394252081602076,25.404388499339802
3930160,c3802b5c-06c6-48d9-a480-fee83046d0c4,69,Carry,77,34.3,15.7,10,41.61281621602792,59.37510847768412,17.7622922616562,34.77009885553528,26.812101546978592,29.376682057721197,42.095159696100964,3.0421993876189024,5.22810367961336,4.946563437567619,9.628034814819642,2.3394252081602076,25.404388499339802
3930160,bbe8ea6a-cc01-4e00-ab2a-44648f509c54,69,Pass,81,42.5,3.1,10,43.454912198500416,56.77782818464661,13.322915986146192,23.785966628671183,17.597368923012922,38.773172066739285,47.16905284852607,3.841765443503333,4.769154475733206,0.7948259034172978,17.09363345055624,2.7498128875179475,27.428322927286843
3930160,8b909961-cb58-471f-bb64-9e3d92702277,69,Ball Receipt*,7,63.7,29.5,10,39.76741661740581,54.528028305378534,14.760611687972727,31.315466955899183,29.729408888689147,42.91745557291036,35.53404492412399,4.181201350494369,4.055782223626188,3.2847794176907783,17.407226180409197,5.826170927562991,34.75205913150779
3930160,ffa29111-2270-4176-8002-9a94e1dd326e,70,Ball Recovery,9,42.1,29.3,9,36.90477208744684,57.69842786879572,20.793655781348882,36.29976668591287,37.55299821068207,29.956267120440064,27.071583715243655,8.091103676169604,4.102876102256306,1.1005794222273337,11.697301809507927,1.0429084465599843,29.79661210303616
3930160,37b4944e-8730-42b5-b700-3e8a5f65ff7a,70,Carry,9,42.1,29.3,9,36.90477208744684,57.69842786879572,20.793655781348882,36.29976668591287,37.55299821068207,29.956267120440064,27.071583715243655,8.091103676169604,4.102876102256306,1.1005794222273337,11.697301809507927,1.0429084465599843,29.79661210303616
3930160,42336347-6e22-4f8c-95ec-7d5cf9388336,70,Pass,11,43.8,31.3,9,39.07070090588024,57.32053859513296,18.249837689252722,32.35187575115329,35.46476659788031,32.01079938834121,27.10273467463501,6.426330328005117,5.404681553977774,2.762983513014504,18.010775413715926,3.7145472937872626,32.01009798369093
3930160,5200acc0-1b2b-42ad-aeab-1db36e29244e,70,Ball Receipt*,11,42.4,42.4,9,40.919582708511584,58.22859010071122,17.30900739219964,33.853379865491725,37.30696165951136,32.9320136428432,26.593754239562593,5.859746321436109,5.119408721635493,2.2139310592109567,18.55919180653914,3.366058991757299,32.59229655077671
3930160,51d3446e-7ed1-47bc-9b23-3edfca4e4bf2,70,Carry,11,42.4,42.4,9,40.919582708511584,58.22859010071122,17.30900739219964,33.853379865491725,37.30696165951136,32.9320136428432,26.593754239562593,5.859746321436109,5.119408721635493,2.2139310592109567,18.55919180653914,3.366058991757299,32.59229655077671
3930160,e3fafedc-336b-4f4d-a031-8720185c9db4,70,Pass,16,51.8,50.5,10,50.61036509214376,65.47594908035265,14.86558398820889,41.90421305034072,40.29600645061794,33.81773339817018,29.99567904287609,4.968669835766702,4.735439334838539,0.4382320451423922,16.338446993042652,7.528035512985582,36.55180655642373
3930160,cf87d658-2b0b-4bc9-ac15-af36d85d3b73,70,Ball Receipt*,19,50.7,48.3,10,51.24431450754501,66.3056078265856,15.061293319040587,49.05272133095969,41.460135711882536,34.954274917793605,32.50865619672685,4.918655860936018,4.400151648740913,1.4192147147384944,17.451581973247194,2.8763056595899883,37.31054266677521
3930160,71770e65-9cf1-4696-b01f-04bb8f79fe8a,70,Carry,19,50.7,48.3,10,51.24431450754501,66.3056078265856,15.061293319040587,49.05272133095969,41.460135711882536,34.954274917793605,32.50865619672685,4.918655860936018,4.400151648740913,1.4192147147384944,17.451581973247194,2.8763056595899883,37.31054266677521
3930160,5e60ab93-b303-4bcb-bfda-372f549cefd7,71,Ball Receipt*,7,19.5,41.6,8,28.61814437967203,43.700606001999745,15.082461622327713,46.64539051053952,45.85636879667515,38.68510567561602,40.86377231109058,3.2553792778216732,1.8120165723176636,2.8387222352390893,17.9366595964862,16.979892829945527,9.685311816293066
3930160,1ac20928-e6b1-4f19-85e1-9c3db7154b9f,71,Pass,11,34.3,36.3,10,37.280237739732456,53.09875358890866,15.818515849176201,44.993467526416545,42.519109424525695,41.710776645927105,42.09319897867676,3.2511682581968047,6.638334468581028,3.058449650992827,16.68671676542688,11.62984517732172,17.349422665290447
3930160,2a03b78f-735d-4dd8-bfc3-e2631c336f5a,71,Ball Receipt*,13,57.9,4.7,10,41.34781975397325,56.78646632772579,15.438646573752543,38.8846193845374,35.77220346679408,42.03987141037938,47.48108891291774,3.4824650674875546,4.786091438558555,6.89468539487526,12.328701835462951,15.030705418778197,26.452116687811987
3930160,ba330ef2-51d4-4232-9411-a7e6ed56983f,71,Carry,13,57.9,4.7,10,41.34781975397325,56.78646632772579,15.438646573752543,38.8846193845374,35.77220346679408,42.03987141037938,47.48108891291774,3.4824650674875546,4.786091438558555,6.89468539487526,12.328701835462951,15.030705418778197,26.452116687811987
3930160,1a049eb1-ad8a-48bb-af83-b168514f5fea,71,Pass,7,27.1,56.5,9,44.53000060466242,61.42015362769249,16.890153023030074,49.40750275558702,45.65237469944567,37.42936405705771,38.86589330737507,6.263873316209948,4.254257272750595,1.9288734504863,14.306309545980426,9.832627940083633,25.18079325460583
3930160,6d65ea77-6120-47a3-9241-b2aa69bf3051,71,Ball Receipt*,9,25.8,33.5,10,41.40728455841149,61.692993573374125,20.285709014962634,41.28521795557421,46.45381089581039,40.99383012212394,26.0590853552102,6.749465093927542,4.454532540191981,5.309659851146158,19.564634869607538,0.27694494766535627,24.45497921860718
3930160,d088a70d-0b87-476f-aaad-2c7b561d95af,71,Carry,9,25.8,33.5,10,41.40728455841149,61.692993573374125,20.285709014962634,41.28521795557421,46.45381089581039,40.99383012212394,26.0590853552102,6.749465093927542,4.454532540191981,5.309659851146158,19.564634869607538,0.27694494766535627,24.45497921860718
3930160,0afe3203-47aa-47bd-a760-dcd4f82a6a3c,71,Pass,11,27.5,29.3,10,38.22626908556653,59.89140963338954,21.665140547823015,38.338615230705486,47.7177897276386,43.476922076914846,26.245492359896573,5.724257449574037,4.761614448457891,2.221062272193315,23.36198333658453,0.8301836308444521,27.5
3930160,616ed7ef-b416-43e6-a619-0e9945b1ec68,72,Ball Receipt*,12,34.4,8.3,10,41.078910720319676,62.551445575371226,21.47253485505155,30.04380376450739,36.722134745062476,46.91901112139077,46.43079036162333,3.9959896521266156,4.8157292869857695,4.221173264982866,25.745925429614246,0.6549421678541378,34.400001525878906
3930160,00a2ab16-04e7-47fe-bd2d-0b62493aae2b,72,Carry,12,34.4,8.3,10,41.078910720319676,62.551445575371226,21.47253485505155,30.04380376450739,36.722134745062476,46.91901112139077,46.43079036162333,3.9959896521266156,4.8157292869857695,4.221173264982866,25.745925429614246,0.6549421678541378,34.400001525878906
3930160,b945b91f-6569-4dd5-90a6-4e15498f4039,72,Pass,13,26.5,10.4,10,36.81137966867288,57.33064042326587,20.51926075459299,27.05296842635164,31.00490158230009,45.04251165408651,46.88250159509349,3.630036893588108,4.26877991867107,4.598780159533604,23.938368484897282,14.155531804426086,26.5
3930160,ecbd5ade-eb1a-47fc-a4eb-8d119196bc1e,72,Ball Receipt*,15,8.8,29.9,10,33.793464608800306,55.90400538947851,22.110540780678207,26.393355064255324,28.932530790283835,42.756518955761344,47.09108589466524,4.180367614714314,4.9281633705125945,1.9325626628204446,19.490881483774366,10.336311851732432,8.800000190734863
3930160,309e7a07-3983-4619-b896-06449b7974f0,72,Carry,15,8.8,29.9,10,33.793464608800306,55.90400538947851,22.110540780678207,26.393355064255324,28.932530790283835,42.756518955761344,47.09108589466524,4.180367614714314,4.9281633705125945,1.9325626628204446,19.490881483774366,10.336311851732432,8.800000190734863
3930160,55a35a3d-0f7c-4dce-8466-c053bbec3d4d,72,Pass,17,9.2,40.1,10,32.67215492255717,56.26462177185505,23.592466849297878,34.01599807780342,39.16378989667731,42.54755825469125,44.087680176125446,4.555698081436271,5.663697669220841,4.921022695674488,16.536537757544984,0.7975893127941447,9.199999809265137
3930160,3cb51954-4a07-4dba-a841-79ea978fd849,72,Ball Receipt*,18,12.6,46.9,10,32.81017948908475,56.846903918211424,24.03672442912667,33.60525241191391,38.71166160952836,43.183453916916335,47.96315692697878,4.900351787876354,5.910646686140517,6.281109062688934,15.120486210199452,0.5168525083828257,8.210416712727785
3930160,3445ee2b-cc9d-4354-9f91-dd846fc9cd1d,72,Carry,18,12.6,46.9,10,32.81017948908475,56.846903918211424,24.03672442912667,33.60525241191391,38.71166160952836,43.183453916916335,47.96315692697878,4.900351787876354,5.910646686140517,6.281109062688934,15.120486210199452,0.5168525083828257,8.210416712727785
3930160,3b28984e-2597-49c3-b70e-50db5294c08f,72,Pass,24,20.7,48.1,10,34.215934019336764,57.72685363803873,23.51091961870197,43.05548121518725,43.81665393431247,40.34399917001399,37.57080880178742,7.800968881935297,7.0067929680792,5.794234183022667,16.97778121453799,0.2665213362674379,20.700000762939453
3930160,93f8caf1-c6f5-4edd-bdf0-eb71b8351c73,72,Ball Receipt*,25,36.0,43.6,10,36.55745353275425,59.34638026623352,22.788926733479265,41.06596798278499,41.98655597810061,40.84566641380401,36.06809770440353,8.428292354824562,6.910138403415731,3.8912602607490285,15.606161706367967,1.581226168523962,21.4097688165935
3930160,c9afe4d0-7a0d-4b7e-a5fc-57f47a916cec,72,Carry,25,36.0,43.6,10,36.55745353275425,59.34638026623352,22.788926733479265,41.06596798278499,41.98655597810061,40.84566641380401,36.06809770440353,8.428292354824562,6.910138403415731,3.8912602607490285,15.606161706367967,1.581226168523962,21.4097688165935
3930160,c41c4dc0-cf84-433b-9966-8899428e8b74,72,Pass,28,46.8,36.6,9,49.323568742222825,67.87762900918496,18.554060266962132,39.93107092296738,40.64973362971096,37.07650324746314,44.04799956090751,5.429779985998925,3.7490851803680507,0.7416964619439739,12.30743610041204,13.061462586958864,46.79999923706055
3930160,d9c67bd1-b8c5-4677-911b-32b0c80ac126,72,Ball Receipt*,5,48.4,39.1,10,32.6098007769923,46.83932262664502,14.22952184965272,34.054751657180454,31.652181025086826,30.634318707565313,32.48082999001168,4.9604325270739364,5.08116377875991,1.1287884943156996,15.002997412626776,3.7442297204474926,23.986652604066364
3930160,77aaa47a-022a-43c8-9f6e-9ef533bab04e,72,Carry,5,48.4,39.1,10,32.6098007769923,46.83932262664502,14.22952184965272,34.054751657180454,31.652181025086826,30.634318707565313,32.48082999001168,4.9604325270739364,5.08116377875991,1.1287884943156996,15.002997412626776,3.7442297204474926,23.986652604066364
3930160,22497009-b554-4ba2-8c9b-41a44cc31159,72,Pass,6,48.4,39.5,10,35.619385381733764,50.75974690613907,15.140361524405307,41.377264083140105,34.72540593911742,30.214840423299748,17.813061391091992,6.817222003571337,3.1961721621775583,2.3324553943327473,14.05478034189678,0.2691972070179247,25.297972549013693
3930160,17e2e067-0178-4e8a-9509-8a678e39f689,72,Ball Receipt*,7,44.9,41.1,10,37.8406595972482,52.59753530277598,14.756875705527783,40.81203201974576,35.84826544949594,27.970919697854022,22.80917593244601,6.994327613940782,3.395344637625729,0.7181629395792726,12.231747493804072,3.153352373390881,26.89272233273033
3930160,4ca06f00-dc5d-4965-95df-a223ba6c5ac7,72,Carry,7,44.9,41.1,10,37.8406595972482,52.59753530277598,14.756875705527783,40.81203201974576,35.84826544949594,27.970919697854022,22.80917593244601,6.994327613940782,3.395344637625729,0.7181629395792726,12.231747493804072,3.153352373390881,26.89272233273033
3930160,3538fda6-3709-4b47-ae0e-530cf0543734,72,Pass,8,45.8,40.6,10,39.83514274819576,54.410214778229744,14.575072030033986,42.036425128208684,36.942545893019066,26.534393877684828,23.057759528639245,6.784334838071871,3.684392103499338,0.264162959201272,11.947385883371233,3.7006456169548514,28.87382323215813
3930160,b0abacac-5e23-4748-9fee-936537f5e8a1,72,Ball Receipt*,8,41.1,38.0,10,41.58829713626801,56.5661002699664,14.977803133698387,46.10394792479583,41.15999140130475,24.30418254648476,24.122248103408168,6.475090667979238,3.700467573790853,0.6296244876509149,11.358358891703887,3.9569615628754065,30.86508907662659
3930160,8841a111-9b99-4399-8e3f-f01c714a1d77,72,Pass,8,41.1,38.0,10,41.58829713626801,56.5661002699664,14.977803133698387,46.10394792479583,41.15999140130475,24.30418254648476,24.122248103408168,6.475090667979238,3.700467573790853,0.6296244876509149,11.358358891703887,3.9569615628754065,30.86508907662659
3930160,4723f909-9dca-4789-a2a1-c7d94de1f165,72,Ball Receipt*,16,38.7,75.0,10,50.328435813019894,65.24829904401558,14.919863230995688,56.72687242569388,56.41762408927416,43.42021664169111,46.4151394215572,7.7438831257324505,4.069226992201773,7.097045482867806,15.54377792820118,9.84143468986634,38.70000076293945
3930160,3e9823c5-d937-4a29-ac50-b454dc4485d8,72,Carry,16,38.7,75.0,10,50.328435813019894,65.24829904401558,14.919863230995688,56.72687242569388,56.41762408927416,43.42021664169111,46.4151394215572,7.7438831257324505,4.069226992201773,7.097045482867806,15.54377792820118,9.84143468986634,38.70000076293945
3930160,84d3224d-b02e-45b7-9bdb-2a184a0b0360,72,Pass,17,38.4,74.0,10,46.334586575881026,63.30201917129067,16.96743259540964,58.91889041055371,54.60307306562456,38.12007760629092,45.95243439884468,5.908796156360363,4.044201462515637,0.9452241664199121,23.381133309488817,14.572728179957878,36.21429549148789
3930160,e211375d-c87c-4c2b-81e6-50bdd1ac02f6,72,Ball Receipt*,19,19.0,59.2,10,41.070373155003445,59.63344046577595,18.563067310772503,55.22420493500863,50.024045599345655,38.927060469579715,45.63268263901055,3.4334356567174544,3.504594464863347,0.33427970387148775,23.567205979907982,13.71151934922915,19.0
3930160,363425c5-45f0-4a00-bf97-54425354239c,72,Carry,19,19.0,59.2,10,41.070373155003445,59.63344046577595,18.563067310772503,55.22420493500863,50.024045599345655,38.927060469579715,45.63268263901055,3.4334356567174544,3.504594464863347,0.33427970387148775,23.567205979907982,13.71151934922915,19.0
3930160,f583c232-1d98-4cf7-9172-c29a062aaf26,72,Pass,22,26.1,60.9,10,40.24398590104914,58.88236090954757,18.63837500849843,55.20380949387686,50.37689139797046,38.38903261146993,46.994107508140466,5.269605295394092,3.13290237487261,0.12203148261285435,25.767321736581557,11.448936963669574,26.100000381469727
3930160,e63fa9e4-13db-4a72-adf6-5bae2bf7f949,72,Ball Receipt*,23,35.1,79.1,10,40.47675590648511,58.59564960131033,18.118893694825218,53.44932106816835,47.55630120456448,43.248309314511744,46.48108205546876,6.5171843339548,2.8737512859794094,1.4319367943239243,28.545065716234795,11.097867506045233,24.85767655401233
3930160,e74094ab-36d1-49d4-85d1-7d763c8e7941,72,Carry,23,35.1,79.1,10,40.47675590648511,58.59564960131033,18.118893694825218,53.44932106816835,47.55630120456448,43.248309314511744,46.48108205546876,6.5171843339548,2.8737512859794094,1.4319367943239243,28.545065716234795,11.097867506045233,24.85767655401233
3930160,bf0feb14-febe-4a80-80d1-5dbf4082cd74,72,Pass,26,34.3,74.4,10,38.14618629874186,58.55618306220011,20.409996763458253,59.58111358879845,58.63707967715415,47.087556021885035,33.81704533480628,7.645497203518438,2.4826999516369965,5.344893139433424,28.265560917135716,2.145488646022926,18.016478254872624
3930160,d25c2564-2921-478b-93dd-5879e83af8a9,72,Ball Receipt*,28,23.3,44.9,10,35.23418940109358,58.454506811939396,23.220317410845816,52.2814539610583,42.76006134804292,40.38252105510403,47.02003413389984,8.138899181986355,2.984457456614832,1.6159636377917366,22.326959824745636,1.021595710677893,16.501737945634133
3930160,cdeb6f39-eb5e-4f3a-837d-050191b662da,72,Carry,28,23.3,44.9,10,35.23418940109358,58.454506811939396,23.220317410845816,52.2814539610583,42.76006134804292,40.38252105510403,47.02003413389984,8.138899181986355,2.984457456614832,1.6159636377917366,22.326959824745636,1.021595710677893,16.501737945634133
3930160,490f53e4-f115-46c0-8781-2d92cefd75f1,73,Pass,30,15.8,32.9,9,31.882018476597796,55.217119181115336,23.33510070451754,43.07176312387768,34.566606362119586,41.26377181218362,43.43501409166031,10.15026745392077,5.499182800890224,4.797586967431521,16.44313499670705,4.534769229616629,5.881085740640202
3930160,e6ffb335-cc0d-4e8b-b4f6-46d06d2aa8cb,73,Ball Receipt*,31,27.0,24.3,10,34.71189768821114,57.32226337876302,22.61036569055188,47.539169306815474,35.66369806169695,30.8538878863636,49.06956349876006,9.582876604990332,6.224273819632601,1.649909509840846,17.500685199215425,2.71521419464635,8.793187927384068
3930160,249e5216-b785-461e-8ed3-d8c570bcfbb8,73,Carry,31,27.0,24.3,10,34.71189768821114,57.32226337876302,22.61036569055188,47.539169306815474,35.66369806169695,30.8538878863636,49.06956349876006,9.582876604990332,6.224273819632601,1.649909509840846,17.500685199215425,2.71521419464635,8.793187927384068
3930160,4209d36c-f147-4c84-b7e5-b31cd3a9a0e4,75,Ball Receipt*,6,37.5,4.8,10,38.64409899836271,60.130161469365845,21.486062471003137,29.123665405954494,30.234551106229766,47.32923418123348,46.01600593328433,6.127515154860648,5.441193029123917,2.978732078443919,18.037824912641867,12.723070541881679,28.38149516023652
3930160,60e77071-63ca-42a9-a8ce-c62bfd403212,75,Carry,6,37.5,4.8,10,38.64409899836271,60.130161469365845,21.486062471003137,29.123665405954494,30.234551106229766,47.32923418123348,46.01600593328433,6.127515154860648,5.441193029123917,2.978732078443919,18.037824912641867,12.723070541881679,28.38149516023652
3930160,7d114242-6796-4f0b-aa4d-a39dfeeab23a,75,Pass,10,23.2,11.2,10,34.59655116943032,56.71235578703428,22.115804617603956,25.503472382617183,34.93358081311852,45.610537549338446,34.38601246149954,8.747981573741466,4.470748954505037,3.1476355138442926,28.488551408450935,4.31523374558882,19.686475807498972
3930160,15ffdaeb-b975-40ec-b93b-2033be61f31a,75,Ball Receipt*,12,8.6,33.2,10,30.741699866644332,56.27326632385006,25.531566457205727,28.449628338310568,36.497040597576245,41.837332182730165,34.81795418664912,10.85808157374847,5.126367152584674,2.2689843007988593,23.889395739023158,0.4572645712808665,8.600000381469727
3930160,2bfd8dca-aee3-497f-8767-6acff541c8ef,75,Carry,12,8.6,33.2,10,30.741699866644332,56.27326632385006,25.531566457205727,28.449628338310568,36.497040597576245,41.837332182730165,34.81795418664912,10.85808157374847,5.126367152584674,2.2689843007988593,23.889395739023158,0.4572645712808665,8.600000381469727
3930160,3f5d2f8d-571e-4abe-812b-dee2149ff799,75,Ball Receipt*,9,46.1,32.0,10,51.22262811280617,67.452335199321,16.22970708651483,30.412864300498576,33.3113730813879,39.039062967937085,43.91621767194941,6.23055769589494,4.691804033207079,3.2097446280994433,21.579758237567788,13.292936114675836,35.657891757582675
3930160,dc15d959-7087-4a62-b8f8-a3764f1382d2,75,Carry,9,46.1,32.0,10,51.22262811280617,67.452335199321,16.22970708651483,30.412864300498576,33.3113730813879,39.039062967937085,43.91621767194941,6.23055769589494,4.691804033207079,3.2097446280994433,21.579758237567788,13.292936114675836,35.657891757582675
3930160,6fef2335-5770-45ce-bed5-02c75e4907b2,76,Pass,16,8.0,41.1,8,28.278441296456457,53.82126093990329,25.542819643446833,40.5900055998701,33.165868774037925,40.863463045636465,47.42331053341704,6.294955178783718,2.435406137318678,3.6826096467335674,16.2903594874862,14.352190464109114,8.0
3930160,2b891832-3912-4fb3-aff9-465b125bb5a6,76,Ball Receipt*,17,11.7,59.4,10,28.68757984465891,57.07095821209629,28.383378367437384,44.117921698525166,39.45753268541699,42.54515179913041,52.11468660334859,6.978795228440248,3.3499218078690203,5.12825240802362,18.95394801142188,13.87205881577075,5.630795692940225
3930160,a75544ad-58c6-4b7f-b731-ec88e0058a2e,76,Carry,17,11.7,59.4,10,28.68757984465891,57.07095821209629,28.383378367437384,44.117921698525166,39.45753268541699,42.54515179913041,52.11468660334859,6.978795228440248,3.3499218078690203,5.12825240802362,18.95394801142188,13.87205881577075,5.630795692940225
3930160,c35c24f6-4b3e-4096-8cda-c6e40b324b3c,76,Pass,20,17.3,61.8,10,29.068265502586208,56.89345459352114,27.825189090934934,49.73316777543783,43.6754475565791,37.84192493718769,49.03763034802128,6.606224804038321,3.0024862317601424,2.0399073581601286,22.547995002798352,14.007504034984763,16.373291665968907
3930160,7801d045-2e20-4a5d-8566-79cc31e658f2,76,Ball Receipt*,21,32.7,77.5,10,30.98726969893491,57.53138772449772,26.54411802556281,55.15509996498396,49.98974945249917,48.07877025454449,51.23519703630285,5.511530557517968,2.627817938877619,2.234387326008296,24.542907501534998,14.875418539263457,20.05813125714323
3930160,e58c9aa9-4273-463e-b209-27cf8a4f8782,76,Carry,21,32.7,77.5,10,30.98726969893491,57.53138772449772,26.54411802556281,55.15509996498396,49.98974945249917,48.07877025454449,51.23519703630285,5.511530557517968,2.627817938877619,2.234387326008296,24.542907501534998,14.875418539263457,20.05813125714323
3930160,fcdd8958-49d3-47f8-8d57-a5594ef6906a,76,Ball Receipt*,23,47.3,76.4,10,35.35982686507225,56.0331563549275,20.67332948985525,58.18827153295865,50.71462349458942,48.58481996780584,48.36492169533216,6.355140040056188,4.609924737524429,3.335321569373008,24.267990062940846,2.317999103685672,21.88706546431102
3930160,c1c7a59b-d6ac-46c3-a8f2-34c535a89944,76,Carry,23,47.3,76.4,10,35.35982686507225,56.0331563549275,20.67332948985525,58.18827153295865,50.71462349458942,48.58481996780584,48.36492169533216,6.355140040056188,4.609924737524429,3.335321569373008,24.267990062940846,2.317999103685672,21.88706546431102
3930160,5f8483d7-d262-4965-ae6d-abc2846a8887,76,Pass,24,43.5,76.6,10,34.929375717209865,53.71989657607692,18.790520858867055,58.72636695909873,57.90067873908429,48.55244123167999,48.19007119733015,6.683911334120072,5.414727802665905,5.064265146098634,23.685841745620365,0.4305046059165676,20.718181855689153
3930160,009c27b9-31c4-44ef-9817-22f1a84752ff,76,Ball Receipt*,25,36.5,77.1,10,35.02533305304296,52.277377971858755,17.2520449188158,62.78160962597767,62.03454687860011,44.98764569831151,46.51554802143465,5.762536098084257,7.156389703336738,3.6905233861637896,22.45412010731954,0.16544940360169846,21.508695549315803
3930160,09f944ba-bda1-4f2f-a1b1-9e508760ffd6,76,Carry,25,36.5,77.1,10,35.02533305304296,52.277377971858755,17.2520449188158,62.78160962597767,62.03454687860011,44.98764569831151,46.51554802143465,5.762536098084257,7.156389703336738,3.6905233861637896,22.45412010731954,0.16544940360169846,21.508695549315803
3930160,a7fba0f6-a253-46fc-a296-35a2f6e1098d,76,Pass,25,36.0,77.1,10,34.52533305304296,51.777377971858755,17.2520449188158,62.78160962597767,62.03454687860011,44.98764569831151,46.51554802143465,5.762536098084257,7.156389703336738,3.6905233861637896,22.45412010731954,0.16544940360169846,21.008695549315803
3930160,93c45644-aa1b-45e4-8849-388779241418,76,Ball Receipt*,26,44.3,72.0,10,36.555160703433145,53.60225942701032,17.04709872357717,73.79644906453464,47.42519898817785,22.357595053980056,23.1237852707457,5.393165638059018,6.949570199219453,1.0534516325622292,14.622283605206015,0.028751894677192524,23.780336832298005
3930160,6b87ea80-989c-48c9-a8c2-563f853404e9,76,Carry,26,44.3,72.0,10,36.555160703433145,53.60225942701032,17.04709872357717,73.79644906453464,47.42519898817785,22.357595053980056,23.1237852707457,5.393165638059018,6.949570199219453,1.0534516325622292,14.622283605206015,0.028751894677192524,23.780336832298005
3930160,a8f54eba-3c6f-4ac7-a5a1-6cdb1372bb79,76,Pass,28,57.2,73.3,9,47.83660538477008,61.70663912283357,13.87003373806349,61.43379735106398,59.12070780524025,40.47976275964168,32.89077144788563,4.947291287205887,1.963820757415837,1.5278376294665037,18.962503345454117,6.159910406078367,35.54144172885976
3930160,7b8187ba-486f-49fa-8d52-c84f67830688,76,Ball Receipt*,13,65.8,51.1,10,49.53903766397677,63.58327313909528,14.044235475118512,24.26248799610237,37.138183517445945,53.3027374160668,46.15328482036722,6.570395450739661,4.113433848165739,4.7658784914071575,34.82675120935559,10.728927684299812,38.235408087843695
3930160,0bcf72ff-067b-4b5a-ae03-916af744c29c,77,Pass,5,41.8,23.2,10,41.40883876496086,58.307177034565,16.89833826960414,27.942695035089173,36.13685769980246,46.41668709615642,40.36924712008118,5.931115835553443,5.63581756405362,1.8537873669187235,34.34364243274112,8.96991950258991,31.406758841074932
3930160,51a48886-1e90-464d-be19-c6a0a7a7a30a,77,Ball Receipt*,5,42.7,37.5,10,40.192893809157525,57.77038450739347,17.57749069823595,33.471526228710545,35.251663764315914,40.05464628785405,46.712402954549084,4.118298705535786,5.332472929211192,3.5296911797036685,20.907017703843863,7.4811468000532955,29.12658614751662
3930160,5c4edc20-30c2-4738-a626-f926490851aa,77,Carry,5,42.7,37.5,10,40.192893809157525,57.77038450739347,17.57749069823595,33.471526228710545,35.251663764315914,40.05464628785405,46.712402954549084,4.118298705535786,5.332472929211192,3.5296911797036685,20.907017703843863,7.4811468000532955,29.12658614751662
3930160,f81f78aa-554c-4517-9d36-614e66848a0c,77,Pass,6,43.1,40.8,10,40.592891520339165,58.170382218575114,17.57749069823595,36.77152546577109,38.55166300137646,40.05464628785405,46.712402954549084,4.118298705535786,5.332472929211192,3.5296911797036685,20.907017703843863,7.4811468000532955,29.52658385869826
3930160,e97d86cc-dd49-4c18-87dc-d81d45dbdbe7,77,Ball Receipt*,7,27.6,51.0,10,38.18242418141506,58.13871554104657,19.956291359631514,38.93217880570309,38.68057498645948,35.251319062874465,46.75580783699694,4.665584139924671,2.292295952820713,4.163140570515189,11.35208129170001,9.231221889241453,27.600000381469727
3930160,205cef31-b2b6-421a-8232-61cdd656264a,77,Carry,7,27.6,51.0,10,38.18242418141506,58.13871554104657,19.956291359631514,38.93217880570309,38.68057498645948,35.251319062874465,46.75580783699694,4.665584139924671,2.292295952820713,4.163140570515189,11.35208129170001,9.231221889241453,27.600000381469727
3930160,4eb50fc7-2734-4604-b31a-eac2da308611,77,Pass,8,27.4,51.2,10,38.39213974188773,59.23441740735699,20.84227766546926,38.98047400242937,37.47784845607957,35.88273815235711,46.434602969521805,5.970893922173789,2.2329538977338177,4.063982326981517,12.635598642316374,8.448366361221147,27.399999618530273
3930160,17e911e5-a659-4a37-acd5-586501bdb9fe,77,Ball Receipt*,10,10.3,45.1,10,30.927013730851307,57.21178787151117,26.284774140659863,39.8083971063781,33.600295736353885,36.24626888325242,36.106592503282954,8.959504199581401,2.310059357529571,1.5398700504109044,13.998413419365804,7.718490211560422,10.300000190734863
3930160,d7f0cb51-8bae-416a-8981-d16979d88cdf,77,Carry,10,10.3,45.1,10,30.927013730851307,57.21178787151117,26.284774140659863,39.8083971063781,33.600295736353885,36.24626888325242,36.106592503282954,8.959504199581401,2.310059357529571,1.5398700504109044,13.998413419365804,7.718490211560422,10.300000190734863
3930160,33a4e9e3-bf84-4e09-ba0b-709e5cc95f3d,77,Pass,10,9.8,47.5,10,28.330085801633118,56.34132396185591,28.011238160222796,40.521119651876994,34.2975180393965,37.67560103431737,34.853807111734426,9.459061320038744,2.5571621989629305,3.1994952348054326,13.66350596780213,6.4612365669214,9.800000190734863
3930160,618224f8-c3e6-441b-9bdf-4fd6342f962c,81,Ball Receipt*,12,40.1,22.9,9,47.87744226219621,68.55665621662259,20.679213954426373,16.0371143372433,23.792847555293058,33.859444958057125,41.318107135202034,6.938416943457109,7.107525400646044,0.8127327327125045,21.71331309641038,2.2214720891710655,27.883091144617204
3930160,efd1c2f0-b550-4452-ad34-5e4a1df9afe5,81,Carry,12,40.1,22.9,9,47.87744226219621,68.55665621662259,20.679213954426373,16.0371143372433,23.792847555293058,33.859444958057125,41.318107135202034,6.938416943457109,7.107525400646044,0.8127327327125045,21.71331309641038,2.2214720891710655,27.883091144617204
3930160,b0d5229f-336c-48eb-a9c1-1a39f6b3eeea,82,Pass,5,27.5,41.0,10,40.33662202480814,60.332262652512966,19.995640627704823,31.956683201587786,29.113569245535565,31.797502866544804,37.75932014888135,8.70153419570444,6.339654589007894,3.7289407481926347,12.798520849227621,0.5949005033329122,27.5
3930160,33c4b2be-c1f0-4980-bab2-9e09e3ec8c26,82,Ball Receipt*,7,37.0,39.0,10,41.731324773073524,59.61820370378025,17.88687893070673,29.367231450131783,37.536419879529106,35.16287416114401,38.604239623531825,8.566052744481574,4.858553726419568,0.4330326808879974,21.164629656484202,1.4489873891376348,29.232692674533745
3930160,349344c9-44cc-4844-ad74-f5bdb1005fe0,82,Carry,7,37.0,39.0,10,41.731324773073524,59.61820370378025,17.88687893070673,29.367231450131783,37.536419879529106,35.16287416114401,38.604239623531825,8.566052744481574,4.858553726419568,0.4330326808879974,21.164629656484202,1.4489873891376348,29.232692674533745
3930160,03098e2d-d3c2-4d0c-b16c-6edd4a56f720,83,Dribbled Past,6,75.6,36.6,9,39.70062403481636,49.22024033503953,9.51961630022317,49.835922339634095,56.157634437143095,32.906627175829954,31.573768934591072,4.0699072311199815,3.051915556495715,0.06191111315835229,20.7011376673835,7.468712591888547,37.530580178307915
3930160,bfbcc743-7b23-4237-a39d-df9ce5d54d02,83,Pass,21,32.2,71.0,8,26.428838899695343,47.85271432466149,21.42387542496615,52.194117791297046,49.71733826604711,45.21787168856409,27.71211425320658,8.438777330529998,6.72694103993583,4.1962129501968946,15.815330545129669,13.055920018122613,17.44233974668917
3930160,52d178e8-9ebd-4e6e-809b-c39521474072,83,Ball Receipt*,23,51.1,74.6,8,34.66124635040764,53.054095764665256,18.39284941425762,52.94222009433906,53.31251141101685,43.8065226144856,39.98217576868849,7.725175514235441,3.548709353885567,4.101083197507606,17.303008183408473,17.890033429243076,20.925046337941104
3930160,18dec8a8-dfeb-4f03-9edf-a6ded1864673,83,Pass,23,51.1,74.6,8,34.66124635040764,53.054095764665256,18.39284941425762,52.94222009433906,53.31251141101685,43.8065226144856,39.98217576868849,7.725175514235441,3.548709353885567,4.101083197507606,17.303008183408473,17.890033429243076,20.925046337941104
3930160,18b3bc23-0cfc-480a-b7de-af9216a0c3d8,86,Pass,5,23.3,76.4,10,31.695874075373546,51.09994530513502,19.404071229761477,66.41822527383678,57.90702543891355,41.143771797681225,51.35656078018195,5.228304376837013,5.859515629346417,2.916971582875405,29.37988922790352,7.476511417544131,22.667208568781362
3930160,e01527ac-72a3-4619-9301-cbd7bc7ef59e,86,Dispossessed,13,61.2,70.6,10,46.761082115571995,63.05143946213775,16.290357346565756,16.616053053524087,15.249549278539899,27.85943283845218,35.15894874399051,7.459239476568242,4.849026882748429,1.334216659314265,15.232157920884138,2.4285882376864834,36.47981201533937
3930160,5470b07f-1d93-409f-8c32-9bce53c23a89,86,Ball Receipt*,6,36.2,34.0,9,48.1251667070816,63.172605801299696,15.047439094218099,30.663891775399577,23.939326916624857,29.683545345585884,32.50088520169939,6.71782083868544,4.237937967184871,1.2590079106776884,16.162603900827605,8.220105865023168,36.20000076293945
3930160,ffb20dce-b6c6-445e-8462-b49ddab42b81,86,Carry,6,36.2,34.0,9,48.1251667070816,63.172605801299696,15.047439094218099,30.663891775399577,23.939326916624857,29.683545345585884,32.50088520169939,6.71782083868544,4.237937967184871,1.2590079106776884,16.162603900827605,8.220105865023168,36.20000076293945
3930160,73aa94cd-9b12-4a11-91b8-8de84d31591e,86,Pass,6,37.0,35.5,9,47.06460496657027,62.446284594421236,15.381679627850964,31.60687019427768,23.63979920105611,31.09920022160199,32.92253040823381,5.96375362614445,4.279259595805423,1.176015329693989,19.535509268088767,7.145304411882581,37.0
3930160,d5732b1d-8b88-4f60-95ca-f7c1900f7476,86,Ball Receipt*,8,51.2,28.5,9,47.65745240139737,63.273402282880554,15.615949881483182,36.67174708766191,28.80721849793649,27.93023256667188,30.71201312909199,5.368761043767971,4.166261224560182,0.47249717936678337,13.798304348953128,6.597857485801484,36.362007433471874
3930160,a2c33cda-4110-476e-9caa-9b4acafd9ca0,86,Carry,8,51.2,28.5,9,47.65745240139737,63.273402282880554,15.615949881483182,36.67174708766191,28.80721849793649,27.93023256667188,30.71201312909199,5.368761043767971,4.166261224560182,0.47249717936678337,13.798304348953128,6.597857485801484,36.362007433471874
3930160,c4121906-e577-46ad-aac3-6ce633886773,87,Ball Receipt*,6,40.9,49.7,10,40.33271496099636,55.82849608378497,15.495781122788607,44.2237217470517,34.09993494655649,31.586167417721732,30.481789784665757,5.405892036316901,4.024991353209875,2.3002161206600604,12.796720163801147,0.6147414651514751,30.917458283264764
3930160,8dd78939-d3e5-47dc-b269-ca39c80c50bd,87,Carry,6,40.9,49.7,10,40.33271496099636,55.82849608378497,15.495781122788607,44.2237217470517,34.09993494655649,31.586167417721732,30.481789784665757,5.405892036316901,4.024991353209875,2.3002161206600604,12.796720163801147,0.6147414651514751,30.917458283264764
3930160,6d709ef5-f071-4d07-924d-197457b5e0dd,87,Ball Recovery,7,43.7,46.6,10,42.294932083013094,58.28012054586597,15.985188462852875,44.804839005453786,33.65964395773506,32.19646335901156,29.859250727219518,5.7113549904544065,3.642357725058442,2.134470010738717,11.827980542699336,1.3524018299583886,32.50906780437687
3930160,ef3770d9-bdfc-415d-ae1b-5af9d12e0db3,87,Carry,7,43.7,46.6,10,42.294932083013094,58.28012054586597,15.985188462852875,44.804839005453786,33.65964395773506,32.19646335901156,29.859250727219518,5.7113549904544065,3.642357725058442,2.134470010738717,11.827980542699336,1.3524018299583886,32.50906780437687
3930160,341a2d0c-8472-4d40-b366-5e0221705dcb,87,Pass,8,47.3,45.3,10,46.15498812528263,62.479698199102224,16.324710073819595,46.283836937583544,35.45932494219815,31.105467532828882,29.763665987551597,5.961226549326513,2.871838335019294,2.6718616094573164,13.895507484347299,7.769730525662716,34.76143723525121
3930160,d2e29c46-88f3-46a4-8224-a024d5adef24,87,Ball Receipt*,9,54.9,45.1,10,46.475011733653616,61.87866935995417,15.403657626300557,45.61552901981817,38.79315224424154,28.0198864773663,28.927553142675002,5.737681276857928,3.5192766944398186,3.9288922413675422,9.711952794993685,0.586443453467318,45.68139387657038
3930160,0c10d7d9-04dc-4b96-9471-873568191936,87,Carry,9,54.9,45.1,10,46.475011733653616,61.87866935995417,15.403657626300557,45.61552901981817,38.79315224424154,28.0198864773663,28.927553142675002,5.737681276857928,3.5192766944398186,3.9288922413675422,9.711952794993685,0.586443453467318,45.68139387657038
3930160,8bbcf7f4-ff8d-487b-9f2c-e13d55dc4e7b,87,Pass,9,56.1,45.7,10,47.684676254670634,62.677568601268035,14.9928923465974,47.000617916397786,39.78156894567015,28.24029314938307,33.974133610950624,6.2641553588565895,2.9427822199992257,4.549733272068899,11.041418888927396,9.062009123332615,45.08118985082669
3930160,7b94cbc3-0265-46fe-b2ec-ec192b358ba3,88,Pass,19,21.5,34.2,10,45.982906411782395,64.81948579480996,18.83657938302757,36.22160871654874,25.75537709731058,31.41294051541447,34.40748334282712,10.159527083974858,1.8856056543970543,0.038010284519074844,16.038400158517547,6.626080585488303,21.5
3930160,4fc7be84-8073-4a0d-bced-2dbc6d57587b,88,Ball Receipt*,21,28.6,62.5,10,42.83408527486579,62.91323996725138,20.079154692385586,40.90793312289317,37.01072287474487,34.53307806330209,16.27769763774151,9.983615987851978,2.5850861410340853,3.30784702435092,17.228009048342912,0.11032787943474176,18.68633450696632
3930160,ffcd1b9e-1669-482a-a033-cd3b8c5bbcb6,88,Carry,21,28.6,62.5,10,42.83408527486579,62.91323996725138,20.079154692385586,40.90793312289317,37.01072287474487,34.53307806330209,16.27769763774151,9.983615987851978,2.5850861410340853,3.30784702435092,17.228009048342912,0.11032787943474176,18.68633450696632
3930160,895dbde1-2798-4a9f-8b64-64413e016512,88,Ball Receipt*,23,35.2,50.2,10,39.70929604943307,60.28722212004309,20.57792607061002,42.85897178481123,43.73860002223681,37.14049832682472,26.08970359696059,9.646522802902792,4.31631993009671,3.020282096373137,17.96262591188205,6.129983181614129,32.58133742128558
3930160,280392a2-1c9e-445a-82c0-c5070987cab8,88,Carry,23,35.2,50.2,10,39.70929604943307,60.28722212004309,20.57792607061002,42.85897178481123,43.73860002223681,37.14049832682472,26.08970359696059,9.646522802902792,4.31631993009671,3.020282096373137,17.96262591188205,6.129983181614129,32.58133742128558
3930160,e2844303-aa19-40f8-a60d-461c21eb5949,88,Pass,24,38.0,49.3,9,45.70502931262409,62.3848058061155,16.67977649349141,41.492621492171104,35.930324289049885,35.55810522016769,50.292174107630125,6.227700435164489,1.5863420022945391,0.7482213885575106,17.730144306706947,13.555889175368193,36.497726011635336
3930160,5fae4ea4-b4b3-4f74-aca2-a29a97274652,88,Ball Receipt*,24,51.1,56.3,9,46.13462977695582,61.09331675347349,14.958686976517669,45.09272060948498,42.14552442515429,37.17988980491183,48.55004122627069,6.101585674673092,3.2149247390704034,3.4447612116714623,15.009055711406731,10.715321656940645,34.125339587049055
3930160,01e34c8f-0abf-4cc1-b5d0-15bff02c8f83,88,Carry,24,51.1,56.3,9,46.13462977695582,61.09331675347349,14.958686976517669,45.09272060948498,42.14552442515429,37.17988980491183,48.55004122627069,6.101585674673092,3.2149247390704034,3.4447612116714623,15.009055711406731,10.715321656940645,34.125339587049055
3930160,56c1274b-70e4-4e40-a98e-9c1350c15d9a,88,Pass,24,51.1,56.3,9,46.30015473220716,61.00273386983909,14.702579137631929,45.684685114570144,42.838916509780674,37.65611709219954,49.419400115171484,6.05592291937835,3.4349098474956175,3.6564922752687323,14.160056430144067,11.534257518006783,33.6005028206945
3930160,427fa09b-70f2-4bd9-a2f6-fdbf8c9da417,88,Ball Receipt*,25,44.9,52.6,9,49.27385429303888,62.77893609322891,13.505081800190027,45.399188013550706,43.82497524062922,38.80448561986776,47.82496851427879,5.62618664960683,4.26502897659557,4.45686264736274,13.23766331686884,9.944538669769443,33.0466871803288
3930160,a5c17452-ee71-45ae-861a-5814e7abce71,88,Carry,25,44.9,52.6,9,49.27385429303888,62.77893609322891,13.505081800190027,45.399188013550706,43.82497524062922,38.80448561986776,47.82496851427879,5.62618664960683,4.26502897659557,4.45686264736274,13.23766331686884,9.944538669769443,33.0466871803288
3930160,d42272ad-7390-4314-a591-b21ba97fdd36,89,Foul Won,41,63.7,12.4,10,46.40307120246643,59.03180406602153,12.6287328635551,47.79481039944329,56.70732084272383,41.24253329180275,42.690349579802835,5.635946585658894,3.9923469979613198,1.989234178574236,23.881621895093602,6.50255819526528,42.64849559636283
3930160,d2474feb-a51e-4674-952b-66bf72236783,89,Pass,25,19.5,36.1,10,39.39315591274625,61.400562468927426,22.007406556181174,40.08043145057514,30.14446721087375,35.25968907257997,42.57274578249282,6.936465710944156,3.611846353639227,0.8883673371713954,14.406059259999083,2.410950366373733,19.5
3930160,65958229-464d-4cf4-9f2f-d7464d173bc6,89,Ball Receipt*,27,23.7,59.2,10,39.631056786452056,63.08008716016913,23.449030373717072,44.1545215332509,33.11384665122975,37.33749631640789,40.68189607233707,7.993683166578687,3.5419567741757723,1.1783641892041317,14.465350404160262,0.7549445724045327,23.700000762939453
3930160,a5e9677e-f9fd-4852-a4e5-7a2ea46c75b6,89,Carry,27,23.7,59.2,10,39.631056786452056,63.08008716016913,23.449030373717072,44.1545215332509,33.11384665122975,37.33749631640789,40.68189607233707,7.993683166578687,3.5419567741757723,1.1783641892041317,14.465350404160262,0.7549445724045327,23.700000762939453
3930160,f5038abb-dd4d-4293-8a37-5dbac12842f6,90,Ball Receipt*,5,37.3,22.2,10,51.51760207343021,65.86106872336055,14.343466649930335,33.64984051995857,33.661764192279804,35.82524731260851,26.54104451591394,3.5082101650886486,2.1200894846580356,1.9894899560810906,16.328299911638553,6.376597454733368,33.0550092478845
3930160,8157fd95-ab34-46c3-9140-5633d3a0d85c,90,Carry,5,37.3,22.2,10,51.51760207343021,65.86106872336055,14.343466649930335,33.64984051995857,33.661764192279804,35.82524731260851,26.54104451591394,3.5082101650886486,2.1200894846580356,1.9894899560810906,16.328299911638553,6.376597454733368,33.0550092478845
3930160,0fd5a5fb-2c4e-4382-b145-e8dd9c0d50cd,93,Ball Receipt*,6,41.4,71.0,8,32.20058522038873,56.70276231321659,24.502177092827857,46.03975553833091,41.2204261211418,20.893129809549542,32.50646656297838,5.827415946778238,4.471355519336129,0.5661503409389113,7.460818066039884,8.408979817594933,29.37290194657739
3930160,1c5416aa-eeaa-46b2-aabf-52e062d11571,93,Carry,6,41.4,71.0,8,32.20058522038873,56.70276231321659,24.502177092827857,46.03975553833091,41.2204261211418,20.893129809549542,32.50646656297838,5.827415946778238,4.471355519336129,0.5661503409389113,7.460818066039884,8.408979817594933,29.37290194657739
3930160,24336d7b-5ece-409f-aaf2-8bfbd5437a20,93,Pass,6,40.9,4.7,10,32.442048899245336,52.09527650239799,19.65322760315265,36.85793035816736,18.31776281721628,45.34666119811257,32.11878165130008,3.3605414701959737,5.164757066689477,5.776848681308394,18.460575435404465,0.5319895515248874,23.979333032708567
3930161,26015c82-1a1b-4723-ac7c-86e3793057bb,3,Ball Receipt*,6,37.7,28.3,10,51.078169855313874,66.17079896968016,15.09262911436629,42.137032953430754,42.67329038896152,35.274191068461114,30.19361183315906,6.969766719423904,3.5610032534989244,0.8053703877106813,13.815705569904623,5.077847477202489,28.241140082187798
3930161,afe22baa-7584-4099-acf0-0f521fe8f4db,3,Carry,6,37.7,28.3,10,51.078169855313874,66.17079896968016,15.09262911436629,42.137032953430754,42.67329038896152,35.274191068461114,30.19361183315906,6.969766719423904,3.5610032534989244,0.8053703877106813,13.815705569904623,5.077847477202489,28.241140082187798
3930161,2909f909-7f80-4d02-9b74-2412a2b0d229,4,Pass,5,33.1,51.2,10,47.89390476338203,62.99988124097126,15.10597647758923,50.417065574306704,40.95477374800056,27.38945591417974,42.65454753357242,6.803740597053331,1.4718070172571331,1.5773964233159674,12.287484302881303,8.89545292603546,30.25020466167912
3930161,85f4575a-c138-4c3f-aa23-004c4d8d30e8,7,Duel,6,66.2,23.0,9,45.81840523277292,61.29395230231281,15.475547069539893,54.29096042938113,46.0758599836492,11.65340965066055,29.62725952466188,6.188482633736086,3.39086268946791,0.9780260450472227,5.497237786697056,7.799050966796024,41.02603701190858
3930161,18cabb3a-5877-4014-8d9b-9ce56fdc5057,11,Ball Receipt*,14,54.8,4.8,10,47.53045736613826,66.31611215694863,18.785654790810376,17.8890291964073,34.70590625146517,43.17910985674019,27.296195696667702,6.563600610463694,7.596287282049194,1.0838760689785936,30.409907739423282,5.593756348598056,24.275221340829354
3930161,729c8d2f-a4d2-48fb-8857-4285a0f64907,11,Carry,14,54.8,4.8,10,47.53045736613826,66.31611215694863,18.785654790810376,17.8890291964073,34.70590625146517,43.17910985674019,27.296195696667702,6.563600610463694,7.596287282049194,1.0838760689785936,30.409907739423282,5.593756348598056,24.275221340829354
3930161,3f312bbe-b41a-4402-ac11-f6e12aa7b2a3,11,Pass,16,48.9,7.5,10,46.22886446262896,63.322189221501176,17.093324758872214,16.433677112530244,30.526138135777114,36.76632467413667,25.441551491674126,5.440955732845254,7.421785042853146,1.9875125387806882,27.97236866163074,6.589013475844322,28.110919877266024
3930161,52f30013-5959-4d87-988a-43bf245b1586,11,Ball Receipt*,17,43.2,10.3,9,46.49556067871956,63.52563687114394,17.030076192424374,15.532891202094453,25.64927664465239,35.76766319674611,13.889381885175496,4.609361746770815,7.370611410519834,0.6615717559300549,28.61155929347352,0.23451250465562623,30.176749139714495
3930161,4ba34cc7-4d1a-48a0-a21b-2aa3f50940d8,11,Pass,17,43.2,10.3,9,46.49556067871956,63.52563687114394,17.030076192424374,15.532891202094453,25.64927664465239,35.76766319674611,13.889381885175496,4.609361746770815,7.370611410519834,0.6615717559300549,28.61155929347352,0.23451250465562623,30.176749139714495
3930161,b448e7b7-92a9-4698-b68b-63dbd101697d,11,Ball Receipt*,18,41.2,1.7,9,47.80865727943827,64.87672354795214,17.068066268513867,22.41003244082596,21.814033389664754,38.38936142904846,16.129688138212565,4.575818774762935,7.2488065879912025,4.040957710810783,17.027812304084083,1.649708506865558,30.026717422612748
3930161,209cd188-440d-4844-92d1-a1be7ec30f8e,11,Carry,18,41.2,1.7,9,47.80865727943827,64.87672354795214,17.068066268513867,22.41003244082596,21.814033389664754,38.38936142904846,16.129688138212565,4.575818774762935,7.2488065879912025,4.040957710810783,17.027812304084083,1.649708506865558,30.026717422612748
3930161,dbe11cb5-ca40-4e0d-8c37-24778bc2a536,12,Pass,9,22.8,2.5,8,30.008112565149325,50.447485559333735,20.43937299418441,25.050502308693854,21.122491945154948,44.530966195909556,25.962313504215416,5.953792634757275,2.307246508247117,0.09954846964792452,19.035716297747538,7.146027939803886,12.675442210772907
3930161,2dbd2476-eae3-4bbb-ae7e-7d721ede87cd,12,Ball Receipt*,11,41.0,4.4,8,30.975809452640494,45.36299431495894,14.387184862318446,21.8426360008067,16.63058898577391,42.101615361925276,24.270637497164987,5.579166826476025,3.8474198238551076,2.307108715816735,18.429815987573058,10.733653853756454,13.807150520450705
3930161,b7fdb892-7259-45a0-8f6a-f4355a2c99f9,12,Carry,11,41.0,4.4,8,30.975809452640494,45.36299431495894,14.387184862318446,21.8426360008067,16.63058898577391,42.101615361925276,24.270637497164987,5.579166826476025,3.8474198238551076,2.307108715816735,18.429815987573058,10.733653853756454,13.807150520450705
3930161,93ab607d-7120-4c5c-8873-69f9d5605a62,12,Ball Receipt*,13,8.2,8.2,8,26.69616640688656,39.404345162859194,12.708178755972632,10.393845604928313,23.490453326116747,28.563285378656495,37.03481181401028,6.3866679278036855,5.442307848368895,0.8975641040465234,18.505093891562076,17.892396235890484,8.199999809265137
3930161,f2c9b1d8-ba0e-4e5d-b3cb-ee8b3c83bc77,12,Carry,13,8.2,8.2,8,26.69616640688656,39.404345162859194,12.708178755972632,10.393845604928313,23.490453326116747,28.563285378656495,37.03481181401028,6.3866679278036855,5.442307848368895,0.8975641040465234,18.505093891562076,17.892396235890484,8.199999809265137
3930161,e3f60ff7-ed96-4c37-92c3-359d5e6860c7,13,Ball Receipt*,17,30.6,32.3,10,47.82773602130033,65.75729861284285,17.929562591542513,31.847299326402503,42.553958695297496,40.77889419257674,34.47580842831678,6.2384644704193395,3.9734927414973757,1.3679623426607321,31.72812173520112,2.6270317878193126,30.600000381469727
3930161,7a1a72bd-bb2b-4e6d-a726-b46945c9f9dd,13,Carry,17,30.6,32.3,10,47.82773602130033,65.75729861284285,17.929562591542513,31.847299326402503,42.553958695297496,40.77889419257674,34.47580842831678,6.2384644704193395,3.9734927414973757,1.3679623426607321,31.72812173520112,2.6270317878193126,30.600000381469727
3930161,889b988a-59cb-4ed9-9824-2e1dc4ac1d5d,13,Pass,18,30.6,32.0,10,51.16823031341776,66.95625613074247,15.788025817324716,34.88233216011783,41.70080584693331,41.97603002471084,33.19580198028273,6.217206379964333,3.912624152271752,4.293049586063653,25.821123034991423,8.632699868403684,30.600000381469727
3930161,c73c477b-8091-46c8-a815-38ee70a8a279,17,Ball Receipt*,8,33.5,47.4,10,47.48177594620538,66.25817380628057,18.776397860075186,41.80774816188042,43.10233430704187,38.69752640303274,43.56861914243441,7.25793547016586,3.5583370176537,2.4826941607349298,18.938393739588218,6.417105723255965,30.348145224107235
3930161,daa7307a-b3f2-4df3-a40a-aa5b8b4a15e3,17,Pass,8,33.5,47.4,10,47.48177594620538,66.25817380628057,18.776397860075186,41.80774816188042,43.10233430704187,38.69752640303274,43.56861914243441,7.25793547016586,3.5583370176537,2.4826941607349298,18.938393739588218,6.417105723255965,30.348145224107235
3930161,7e386065-555f-4775-a859-d44652485d76,17,Ball Receipt*,10,33.1,20.9,10,47.71383862556748,67.36309216157696,19.649253536009475,32.43490606271052,37.48205672954238,37.31187791756692,38.02864819780451,6.8592058838467915,3.9793072453347236,3.498234180923106,14.201432556288164,5.390436265704803,32.27685284231004
3930161,efc1afca-0ed5-48d7-b5b9-7c5b1a11e45e,17,Carry,10,33.1,20.9,10,47.71383862556748,67.36309216157696,19.649253536009475,32.43490606271052,37.48205672954238,37.31187791756692,38.02864819780451,6.8592058838467915,3.9793072453347236,3.498234180923106,14.201432556288164,5.390436265704803,32.27685284231004
3930161,a913b41d-f3a2-4f46-963c-e5c09db8d922,17,Pass,11,31.7,15.4,10,44.31774340152977,65.2822444059718,20.964501004442027,24.561591711318226,30.309249058610554,39.39915713575121,37.98230209882898,5.964371652312865,4.645119125358161,4.171147501462045,13.331898686157349,4.720181936677697,27.335409431644912
3930161,ccca43cf-f609-46be-a613-ef250912f3ff,17,Ball Receipt*,14,28.4,11.1,8,31.61129789201967,54.2217685568529,22.61047066483323,13.251543757583377,36.18595521013784,28.728286916852632,40.099836209972715,4.922755371073429,9.108683884128684,0.6506765642837493,17.100263383241327,4.990916823125886,19.780149568896633
3930161,bca14338-bcc4-4485-9563-326e380e6172,17,Carry,14,28.4,11.1,8,31.61129789201967,54.2217685568529,22.61047066483323,13.251543757583377,36.18595521013784,28.728286916852632,40.099836209972715,4.922755371073429,9.108683884128684,0.6506765642837493,17.100263383241327,4.990916823125886,19.780149568896633
3930161,d6bae3df-b9a1-4795-91a1-9c7cd032c81c,17,Pass,14,28.4,11.1,8,31.61129789201967,54.2217685568529,22.61047066483323,13.251543757583377,36.18595521013784,28.728286916852632,40.099836209972715,4.922755371073429,9.108683884128684,0.6506765642837493,17.100263383241327,4.990916823125886,19.780149568896633
3930161,093c68fd-63ac-457e-a615-72be12b734e2,23,Ball Receipt*,9,34.6,67.4,10,46.80689743917458,59.270811249229055,12.463913810054478,42.29766631325519,37.57503748301607,38.34371414404792,39.10718140840333,6.99384014699478,2.6744852209126515,8.289102589108225,11.792361380108503,3.1677029886777817,19.73423150815691
3930161,7d500edd-e901-430a-bcc8-674972eed741,24,Pass,9,33.2,67.0,9,37.127637043761,59.92758475772504,22.799947713964045,53.366836306921584,51.683246130568,38.83277193127634,34.27018699262916,7.56276941356214,6.996742964018576,7.443606335560574,14.852577857134712,0.3404848025641485,19.231667646250934
3930161,cae9f23a-4c96-4b3c-930c-bf92486389b3,24,Pass,11,42.2,31.8,10,48.47238893712377,66.87861571102985,18.406226773906084,34.661884468599865,39.92794043923483,26.46708653989465,37.920686552822616,10.08645637860373,3.7565128378358743,2.240519979564226,15.127996143813988,11.522169633526502,30.397214449893355
3930161,d4ca46cf-728d-4ad2-a3f2-8ae3376cfcb3,26,Pass,6,14.2,30.0,8,19.71630811589701,41.40954802224437,21.69323990634736,26.46878574987872,36.969997456929114,38.91610044241626,41.302042220675446,4.16882973016716,5.859035139412578,3.7929061978512806,18.102214589056395,19.31603997355507,1.1730125025006686
3930161,cfe6fd24-3373-4125-a15a-4d88218c1335,26,Ball Receipt*,11,42.3,76.1,10,41.32882239211707,62.04209467768716,20.713272285570092,44.853889712491075,45.600740382615854,39.63834498288733,45.58901476153925,8.606805092322768,4.833064671845775,4.50663840828669,21.326669840002303,7.917022607663618,26.579931863861574
3930161,7792434e-c927-4deb-bb56-3fdc7fc5307c,26,Carry,11,42.3,76.1,10,41.32882239211707,62.04209467768716,20.713272285570092,44.853889712491075,45.600740382615854,39.63834498288733,45.58901476153925,8.606805092322768,4.833064671845775,4.50663840828669,21.326669840002303,7.917022607663618,26.579931863861574
3930161,dc5dfeb5-775d-43e1-a370-a4c3c8b90561,26,Pass,11,42.7,76.1,10,42.69078188547062,63.01379455251126,20.323012667040636,46.15164068803998,39.68800134582276,38.84168765478965,43.33098868579849,8.648031373517133,4.466427282531773,4.494370240603814,20.42144253338857,1.3599296537603465,27.42220359598842
3930161,43184b7b-f588-4d40-860f-766c02163f0e,26,Ball Receipt*,13,38.1,66.6,10,47.77012820022275,65.33626420174116,17.56613600151841,47.05534590202946,40.32683299745948,39.44852430342696,42.638439217868665,7.990552976500314,3.2076383661084313,5.069607313382811,17.011969517646335,5.953226072789597,30.273563820314777
3930161,41cc064d-472f-4e62-839f-77617ffe7bd7,26,Carry,13,38.1,66.6,10,47.77012820022275,65.33626420174116,17.56613600151841,47.05534590202946,40.32683299745948,39.44852430342696,42.638439217868665,7.990552976500314,3.2076383661084313,5.069607313382811,17.011969517646335,5.953226072789597,30.273563820314777
3930161,6f65dcaa-ba5e-4442-8f15-a6dfce22ecb0,29,Ball Receipt*,25,33.8,23.7,10,51.46455385344774,64.22817362333129,12.763619769883547,39.67242974354136,40.98612105226983,41.51464032356675,31.340291424842114,4.168305588966468,2.426573049461727,0.033041830800932814,20.14748407023211,8.177983852967479,17.724613114679556
3930161,3bc87d91-8302-4589-a749-58dbf8a51a52,29,Carry,25,33.8,23.7,10,51.46455385344774,64.22817362333129,12.763619769883547,39.67242974354136,40.98612105226983,41.51464032356675,31.340291424842114,4.168305588966468,2.426573049461727,0.033041830800932814,20.14748407023211,8.177983852967479,17.724613114679556
3930161,cb6395d1-af6f-4350-adf4-64b84fef3640,31,Ball Receipt*,6,25.2,35.9,10,50.13683368412961,66.86535951887132,16.728525834741703,46.001800222606846,44.11046126365028,37.075443547802855,35.938488293153334,6.499866480606558,3.9551363822141656,8.285602468698407,10.149092861127166,10.362448084520508,14.962468755369756
3930161,cc1053a6-b234-49a1-97a6-84f8ccebea63,31,Carry,6,25.2,35.9,10,50.13683368412961,66.86535951887132,16.728525834741703,46.001800222606846,44.11046126365028,37.075443547802855,35.938488293153334,6.499866480606558,3.9551363822141656,8.285602468698407,10.149092861127166,10.362448084520508,14.962468755369756
3930161,2271ef10-1ff5-4575-8790-eba949759722,35,Ball Receipt*,12,15.0,62.6,10,29.33257209709372,56.74329385978862,27.4107217626949,44.001753385376404,41.97897327805971,51.623804399460866,21.48277371809585,8.042764820034195,7.312012243304117,5.438232278702365,18.972136481682956,0.30940174802416465,7.382103098884372
3930161,86733eff-d7b3-4fc4-b12f-8efcf130945f,35,Carry,12,15.0,62.6,10,29.33257209709372,56.74329385978862,27.4107217626949,44.001753385376404,41.97897327805971,51.623804399460866,21.48277371809585,8.042764820034195,7.312012243304117,5.438232278702365,18.972136481682956,0.30940174802416465,7.382103098884372
3930161,99033806-e326-44c1-8236-609b0aaa8ce9,35,Pass,13,15.0,63.5,10,26.213716032440793,54.761992053631005,28.548276021190212,44.20175601040485,46.77248760225447,50.36130572989445,39.52882671791185,8.614437931847478,8.54901989729213,4.294844759916863,20.80800573621279,10.449943570696206,3.034096055348222
3930161,3b951a11-cb28-41a6-bbdc-994c24eec85f,35,Ball Receipt*,14,22.3,73.9,10,23.335720552152583,52.385804263875045,29.05008371172246,54.22875679913709,35.26784064027039,34.28425940761968,49.85182512799091,7.50094622313693,8.587350624413766,5.688888703790454,12.100309590204382,11.130976916210322,-2.427647747025425
3930161,c0726db9-8c78-4bee-b04e-1cd8da8ef47c,35,Pass,14,26.4,74.5,10,27.43572093362231,56.48580464534477,29.05008371172246,54.82875527325818,35.86783911439149,34.28425940761968,49.85182512799091,7.50094622313693,8.587350624413766,5.688888703790454,12.100309590204382,11.130976916210322,1.6723526344443016
3930161,78647cb6-4da0-4c3d-89a3-6e4e2c9350d7,35,Ball Receipt*,16,40.1,72.8,10,30.0440244436005,55.68944124521396,25.645416801613464,50.2141088535433,51.78106184280813,55.8150858176774,40.725574549760324,7.368707830104491,8.325887919700152,8.316299176864774,22.260734629756197,5.023742828094228,15.735787380407686
3930161,094bb59a-8765-4d40-b130-43a401902a9d,35,Carry,16,40.1,72.8,10,30.0440244436005,55.68944124521396,25.645416801613464,50.2141088535433,51.78106184280813,55.8150858176774,40.725574549760324,7.368707830104491,8.325887919700152,8.316299176864774,22.260734629756197,5.023742828094228,15.735787380407686
3930161,4bf347c1-ec2f-4287-8f27-3834021da92c,35,Pass,17,42.0,73.9,10,34.068649362888614,56.855940382718735,22.78729101983012,48.82947327942463,51.17569208940706,53.15259243470105,44.363850921559184,7.086446307518779,8.028723427625184,7.050225023581135,21.87810498985928,9.479119283038955,18.561975741894173
3930161,8c81c926-71bc-467a-b55e-45451256ce18,36,Ball Receipt*,13,52.8,74.3,9,40.66066646994689,64.75478833354481,24.09412186359792,57.922274989301535,43.79085011943735,41.428772920317726,30.465878687977415,12.07460247984158,4.927953904989757,0.25668122263394366,20.03365478040461,1.2478140051234874,21.278502005863842
3930161,97b6dbcd-a693-475b-9b45-69210e02f1bf,36,Pass,13,52.8,74.3,9,40.66066646994689,64.75478833354481,24.09412186359792,57.922274989301535,43.79085011943735,41.428772920317726,30.465878687977415,12.07460247984158,4.927953904989757,0.25668122263394366,20.03365478040461,1.2478140051234874,21.278502005863842
3930161,e7534bf1-538a-4da2-82cf-9038c5361085,36,Pressure,14,70.4,73.0,8,52.16628772500701,70.95887807274384,18.792590347736834,65.57911494595416,55.98558598965374,40.12210811287818,36.98430966923945,10.348064944689146,2.2935017990496527,0.6715008427498361,18.197564562587175,17.694657076951266,47.27704889864496
3930161,40f2bc11-3968-4ed8-99bc-f1c00eb00c25,40,Pass,6,49.1,5.8,9,47.63962671207064,61.51125799278401,13.871631280713373,13.832299188220034,24.27272218376656,26.177981482723936,28.973858650025058,3.2882947019824376,5.364823983466322,0.011194793652880008,20.928757392697204,0.6574827166774142,31.42348636404308
3930161,af15a004-9457-431a-8111-5150731c7c42,41,Pass,65,36.3,56.9,10,50.10620623907542,69.1570568706766,19.05085063160118,40.80169072445349,33.99732344830721,45.011076003448764,32.40142304935131,5.6983477843077,3.582940014775213,6.0058874961236555,17.56728642132927,3.0951854361632627,33.93134997758811
3930161,5942876a-b654-4462-864b-a2d507db9af3,41,Ball Receipt*,67,42.4,70.8,10,49.49900695881529,66.84537887203366,17.34637191321837,42.567064970621374,44.47990858832228,48.940062314050394,46.316936722222884,4.303582502748855,3.0779580003886444,4.285462231207859,18.65391512511573,10.874840525619135,34.71757577626825
3930161,ec103692-5dc4-4458-9f16-eee3bb276091,41,Carry,67,42.4,70.8,10,49.49900695881529,66.84537887203366,17.34637191321837,42.567064970621374,44.47990858832228,48.940062314050394,46.316936722222884,4.303582502748855,3.0779580003886444,4.285462231207859,18.65391512511573,10.874840525619135,34.71757577626825
3930161,4bca1b31-7d4f-491a-be44-b1c4d84f8c3a,42,Pass,17,41.3,33.3,10,49.47633292206852,64.44060148255889,14.964268560490368,35.92083484261248,36.3414688745566,23.667454349202885,41.22088575414833,5.661647899508348,4.270475606039324,4.845354676916564,7.00379237294716,4.831596367412786,30.790273489063992
3930161,e597a3f6-4028-41db-ac3c-7ceb321e56e0,42,Ball Receipt*,9,48.2,72.7,9,46.81138087574186,66.07924019330557,19.267859317563705,40.28368155829461,38.64350048389742,46.78524469239988,30.3564901859196,2.970050327511794,5.056370460330194,7.875716289648679,20.87375637811453,7.102617678674331,27.824475599700165
3930161,ebb4276f-e981-4aad-a63e-b907f1bc86ac,42,Carry,9,48.2,72.7,9,46.81138087574186,66.07924019330557,19.267859317563705,40.28368155829461,38.64350048389742,46.78524469239988,30.3564901859196,2.970050327511794,5.056370460330194,7.875716289648679,20.87375637811453,7.102617678674331,27.824475599700165
3930161,9785ccce-634d-401d-bf7b-57fcabdd6c11,42,Pass,16,33.1,18.1,8,44.741749981577506,63.799219978954284,19.057469997376778,27.027321770036302,25.813921625819585,44.052577234549716,32.5082693180748,4.566862381639039,5.1473416177730655,5.851777498064575,17.355497600308304,15.672974976655016,31.459244505759187
3930161,2272edd5-b55d-498a-9e74-e5c1d5a9c052,42,Ball Receipt*,17,38.1,4.8,8,46.16964005740634,63.46684913648105,17.29720907907471,25.301468744210784,25.305068387006013,46.334288792222885,27.55833362238592,5.7173902712787985,4.698257064722133,4.089189205664958,17.999348903794665,8.360902500945766,31.84169582662259
3930161,70b4d3a4-8af4-43b9-90e9-424f4705115a,42,Carry,17,38.1,4.8,8,46.16964005740634,63.46684913648105,17.29720907907471,25.301468744210784,25.305068387006013,46.334288792222885,27.55833362238592,5.7173902712787985,4.698257064722133,4.089189205664958,17.999348903794665,8.360902500945766,31.84169582662259
3930161,04eb29f1-998a-4dcb-bb30-6e43568eb960,44,Ball Receipt*,15,27.6,53.1,10,31.235654348762864,58.15788767612232,26.922233327359457,47.35161951589616,45.75478674884308,29.65575460272467,40.87197708190733,8.249702891909067,7.602122189217825,5.1385091383375325,11.634558091775105,6.486373422444672,17.120885698331776
3930161,660aa8b7-d9fc-4e2e-85a1-449e6e9624cf,44,Carry,15,27.6,53.1,10,31.235654348762864,58.15788767612232,26.922233327359457,47.35161951589616,45.75478674884308,29.65575460272467,40.87197708190733,8.249702891909067,7.602122189217825,5.1385091383375325,11.634558091775105,6.486373422444672,17.120885698331776
3930161,1da58e1a-508d-46ca-9622-4123fe329232,46,Ball Receipt*,6,72.8,8.7,8,50.75252197892123,62.05019078795218,11.297668809030952,46.75817376002851,39.54823689964821,47.637666474094786,27.254103165170704,6.356050121184544,5.835801099139688,5.003322817819779,17.542469540987632,7.747707675063751,34.57699378340056
3930161,15b3f6a5-fb75-433b-8db5-a28599a34278,45,Pass,24,35.0,22.9,8,49.67281713281329,69.60539041125745,19.932573278444153,27.38885449751907,19.380069702712092,33.17648342873731,32.86244417374819,6.583869283842613,3.755649873250039,1.7949703703192448,17.367785550584397,12.714871418337786,35.0
3930161,27e56505-08d8-4f2a-9a5f-6f1d573dc657,45,Ball Receipt*,26,50.4,4.2,9,47.39476700165189,65.5536314148079,18.158864413156003,31.645551005329803,26.874048042848138,40.74577780006992,34.73902827487995,6.3621654021355,5.811467190875087,4.093379253676524,19.76009007895071,8.797547401239193,30.701518328962898
3930161,2eff3b37-f051-4550-a401-27b785b69213,45,Carry,26,50.4,4.2,9,47.39476700165189,65.5536314148079,18.158864413156003,31.645551005329803,26.874048042848138,40.74577780006992,34.73902827487995,6.3621654021355,5.811467190875087,4.093379253676524,19.76009007895071,8.797547401239193,30.701518328962898
3930161,5d956c76-fa25-4685-ad49-e4e595c581fb,45,Pass,26,49.7,4.2,9,46.69476623871244,64.85363065186844,18.158864413156003,31.645551005329803,26.874048042848138,40.74577780006992,34.73902827487995,6.3621654021355,5.811467190875087,4.093379253676524,19.76009007895071,8.797547401239193,30.001517566023445
3930161,876fa656-e13f-4364-bb82-a455e19e3c52,45,Ball Receipt*,28,34.5,9.2,9,45.68960280549032,64.15304836074401,18.463445555253692,12.866510287123958,34.8726228775091,25.333113567769683,41.64785409811027,5.434608584056734,5.80234490617075,4.7424165664635005,9.972566903118125,3.2362178971737876,27.87739004573436
3930161,4ed07556-63fc-4838-a10d-debc4bd67fc6,45,Carry,28,34.5,9.2,9,45.68960280549032,64.15304836074401,18.463445555253692,12.866510287123958,34.8726228775091,25.333113567769683,41.64785409811027,5.434608584056734,5.80234490617075,4.7424165664635005,9.972566903118125,3.2362178971737876,27.87739004573436
3930161,0971511c-226d-441d-8f9e-834265a31fd4,45,Ball Receipt*,34,56.7,57.7,8,41.394898453898705,60.9485317293919,19.553633275493198,40.829167967819515,32.49032244195691,26.136831529317917,38.23223805042937,8.570471293209344,4.4459201503387735,2.4566900016475017,13.241723557589566,10.841233785101483,25.5370970490225
3930161,896f9a6e-f605-42c3-b04f-d23788ac07d8,45,Carry,34,56.7,57.7,8,41.394898453898705,60.9485317293919,19.553633275493198,40.829167967819515,32.49032244195691,26.136831529317917,38.23223805042937,8.570471293209344,4.4459201503387735,2.4566900016475017,13.241723557589566,10.841233785101483,25.5370970490225
3930161,0c3bc7b4-1735-4ccb-b712-a726e7a2ee14,46,Ball Receipt*,37,29.5,53.6,10,47.5472634832406,67.70121730184474,20.153953818604137,44.243996265051166,36.3001828213636,40.35818143497883,22.62584525920024,9.628322382326242,2.7496381205909266,5.738866218383976,13.406548517472054,4.540831466096456,11.78770672470425
3930161,6ac7b470-2293-477d-97eb-e258cfac83a6,46,Carry,37,29.5,53.6,10,47.5472634832406,67.70121730184474,20.153953818604137,44.243996265051166,36.3001828213636,40.35818143497883,22.62584525920024,9.628322382326242,2.7496381205909266,5.738866218383976,13.406548517472054,4.540831466096456,11.78770672470425
3930161,ea60f76c-6642-400d-ad54-76cd98963396,46,Pass,38,29.6,53.6,10,46.88956886925911,67.37281246785348,20.48324359859437,44.605635594116386,37.09420800010399,39.38056944777307,24.984330694576038,8.531723188009114,3.0911533531295334,7.043104646109278,14.280383708029902,5.988472688613257,11.551741372900807
3930161,a9f00f14-6bfa-446c-be48-dae50101550f,46,Ball Receipt*,39,37.1,55.7,10,47.49062540297696,67.99932248396664,20.508697080989677,46.333738770515126,39.331766647507216,39.79699610546817,25.265336736349987,7.049617763457284,3.7029057059982153,6.869154977255917,15.24739532066262,5.603574304264967,26.038102575764682
3930161,8ee16c95-45d2-431c-a849-e5188f46fc9d,46,Carry,39,37.1,55.7,10,47.49062540297696,67.99932248396664,20.508697080989677,46.333738770515126,39.331766647507216,39.79699610546817,25.265336736349987,7.049617763457284,3.7029057059982153,6.869154977255917,15.24739532066262,5.603574304264967,26.038102575764682
3930161,390f8530-f79c-431c-9725-5ce9b599d426,46,Pass,42,37.5,50.8,9,49.36534210619957,68.48286834384614,19.117526237646565,43.85247098297968,46.296001839388246,41.26792893329567,25.072786599567756,5.724008110760825,4.972405757301515,4.9805672008168145,15.23431918249819,5.502862790128589,28.835490718753917
3930161,51f4dcf2-148f-497a-901c-2bb718556277,46,Pass,51,36.6,62.1,10,49.62988094313291,68.01230978415607,18.382428841023163,54.96946643445369,55.52333145048066,28.11726096317829,46.60698141638115,6.582281494158122,4.591591802560536,4.233987424992819,11.005097525069928,11.552856385869418,30.3850253300987
3930161,9901c708-6d01-4068-a814-877c626d3a00,46,Ball Receipt*,54,15.0,42.6,8,42.66986188108325,64.39875694382813,21.728895062744883,45.22763976839533,46.76124513493249,30.77181467819944,51.79934086452936,6.822855728918466,3.8933996918352816,2.805071332906408,13.389752232488185,15.827367928439521,15.0
3930161,b2804f01-809a-410f-a90a-ce11cd653c5f,46,Carry,54,15.0,42.6,8,42.66986188108325,64.39875694382813,21.728895062744883,45.22763976839533,46.76124513493249,30.77181467819944,51.79934086452936,6.822855728918466,3.8933996918352816,2.805071332906408,13.389752232488185,15.827367928439521,15.0
3930161,f57a7c73-2dbd-48f9-b487-62cbc8a1eac8,47,Ball Receipt*,41,34.8,54.2,8,36.349814180487456,57.993370723171004,21.643556542683548,45.70912406334667,37.54094758215074,27.39601300144288,38.38328641183274,9.10899768736635,3.593007847347402,3.9178069988089987,9.738861208067888,8.634761446207015,23.766243828114973
3930161,6d9a0bab-86bb-42ed-ba69-8c2cf2fe57bd,47,Carry,41,34.8,54.2,8,36.349814180487456,57.993370723171004,21.643556542683548,45.70912406334667,37.54094758215074,27.39601300144288,38.38328641183274,9.10899768736635,3.593007847347402,3.9178069988089987,9.738861208067888,8.634761446207015,23.766243828114973
3930161,8e12ae4d-a6d6-4a58-b138-165324349e40,47,Pass,44,43.5,56.4,10,43.100647094904716,63.554684361582844,20.454037266678128,46.82594587076009,39.8312876326285,23.864153302941318,34.99685174709026,8.936539763125365,2.3408053882076216,1.3870745435521243,10.22888054502787,8.464312750812283,30.534520517146433
3930161,df26d90e-7acd-4593-9a66-add209d1860d,47,Miscontrol,5,42.0,5.7,10,31.200691244596054,47.69781033438999,16.497119089793937,22.526426458906595,23.43876750463653,22.477042958340846,38.795422560793035,7.37707005279802,4.864175228660169,0.891296745719508,10.210898808345796,1.2448326400650274,8.336063178107935
3930161,706771e0-18c8-424a-87e5-767f0940d18d,48,Pass,24,34.5,55.5,9,33.39428918353066,58.736081546747116,25.341792363216456,46.277973586090056,44.93502687508018,32.00847133716916,42.824552109375844,7.3991200442725,5.670372906227547,0.6813356853463759,14.495459017580309,7.220253782145107,22.213852356446452
3930161,9b994a0c-66f3-4c4c-a106-e4987e520242,49,Ball Receipt*,20,42.8,7.5,10,36.38117352419424,57.57868299747769,21.197509473283453,24.5188365039801,35.56898471383356,38.71625349773562,45.80869273418223,4.1041586868174225,9.144892087338743,3.521067464131093,26.243686022332966,0.27967573096861287,23.456098473339168
3930161,845fce7e-3a73-44d2-9290-ef1ec4309114,49,Carry,20,42.8,7.5,10,36.38117352419424,57.57868299747769,21.197509473283453,24.5188365039801,35.56898471383356,38.71625349773562,45.80869273418223,4.1041586868174225,9.144892087338743,3.521067464131093,26.243686022332966,0.27967573096861287,23.456098473339168
3930161,bf0092bd-b044-4397-a154-bbeda9b89b60,49,Pass,20,43.6,7.5,10,37.181172761254786,58.37868223453824,21.197509473283453,24.5188365039801,35.56898471383356,38.71625349773562,45.80869273418223,4.1041586868174225,9.144892087338743,3.521067464131093,26.243686022332966,0.27967573096861287,24.256097710399715
3930161,d8f09951-b77f-4e06-bcd9-9483d60c903e,49,Ball Receipt*,22,56.6,19.7,9,48.24991603438703,69.88644764580901,21.636531611421987,25.476485776538574,31.459569439373197,40.79691890203758,43.17688566775422,5.798770598375219,1.0915905042856087,3.539417673797942,16.17047406060683,7.448505556177253,40.32651738792809
3930161,113125d1-1a15-4381-9edc-c8dc9cd91a3d,49,Carry,22,56.6,19.7,9,48.24991603438703,69.88644764580901,21.636531611421987,25.476485776538574,31.459569439373197,40.79691890203758,43.17688566775422,5.798770598375219,1.0915905042856087,3.539417673797942,16.17047406060683,7.448505556177253,40.32651738792809
3930161,395d4f8f-6d5d-4004-8790-084e41bdfcf7,53,Ball Receipt*,33,63.9,13.2,9,35.56531856386159,55.27218742116981,19.706868857308223,40.68753200590851,42.97818071618098,61.30560187741804,37.13990936589336,5.313836755539646,4.635451223451794,7.060859493478912,26.128046895124953,2.1428792659841562,26.489792214801355
3930161,64aafd3b-0f31-40c2-93d4-5253db32b5d6,54,Pass,65,33.4,41.3,10,52.84640119318285,65.96408814335747,13.117686950174622,40.830330762165595,28.355008296012425,26.12851631718516,41.458021987171364,4.659118305166491,2.9219762255707247,4.6040958441128055,9.101442879342422,8.046869627456644,33.400001525878906
3930161,b2070de2-a7b7-4ae5-9f00-d52d7b0dc2ca,54,Ball Receipt*,67,35.5,22.3,10,51.2381199824129,62.66141237342081,11.423292391007912,36.89698096224763,57.53472471109615,37.955954426140366,30.922144304917687,4.871027517417221,3.824877848788413,1.2262746523395336,14.850763116924071,7.925028078595105,31.80922544339728
3930161,d3e07c78-fca5-4172-bbbe-6ee76d8974ca,54,Carry,67,35.5,22.3,10,51.2381199824129,62.66141237342081,11.423292391007912,36.89698096224763,57.53472471109615,37.955954426140366,30.922144304917687,4.871027517417221,3.824877848788413,1.2262746523395336,14.850763116924071,7.925028078595105,31.80922544339728
3930161,32da6649-6cf7-46de-9383-d3e12e217337,54,Pass,68,36.8,23.2,10,51.11795112333525,63.67461003771745,12.556658914382197,37.713324234710925,43.738640223894535,45.17292085953057,48.46987909497622,5.852473497549461,3.7413307195360845,0.9940681272311593,23.720224785740484,6.225188680744303,32.4167376893585
3930161,1915f3f5-9281-4b43-937a-9681c8ba8bd2,54,Ball Receipt*,69,37.1,42.1,10,50.051773102340746,65.84690250335385,15.7951294010131,32.651218147607615,40.40586654799755,45.511830720456146,46.41915961848807,6.559934199631114,3.522594595494458,4.693776372719313,17.355379929323526,5.011729136785782,33.23493530520345
3930161,85fec6d8-da8f-41b3-91c3-e19747ffcbe3,54,Carry,69,37.1,42.1,10,50.051773102340746,65.84690250335385,15.7951294010131,32.651218147607615,40.40586654799755,45.511830720456146,46.41915961848807,6.559934199631114,3.522594595494458,4.693776372719313,17.355379929323526,5.011729136785782,33.23493530520345
3930161,88348e9d-6084-4799-9a47-46cc0a0fc999,54,Pass,11,33.1,56.3,8,40.79729081560998,57.50126335881365,16.70397254320367,45.23118323472007,43.240424453987295,33.6031070171514,43.75524990146387,7.0079970059456524,4.266779895204405,1.454028160344059,17.887735793342586,15.843472882138101,22.155618702050113
3930161,2bc6aaf4-3eea-4521-a14a-6f3fd1bbc8f1,54,Ball Receipt*,14,36.2,40.7,8,40.61543768424033,59.79183947014138,19.176401785901056,41.06895395505518,46.53023793616691,31.027569654939235,43.88359545006918,6.653188985644579,1.6662675813177594,4.935537986449226,11.760696429434638,12.64379483656925,22.36004647268701
3930161,2273c0ac-9f61-454e-b8ff-8aecb24f0f4e,54,Carry,14,36.2,40.7,8,40.61543768424033,59.79183947014138,19.176401785901056,41.06895395505518,46.53023793616691,31.027569654939235,43.88359545006918,6.653188985644579,1.6662675813177594,4.935537986449226,11.760696429434638,12.64379483656925,22.36004647268701
3930161,ea0a84ad-3a9e-45d4-88ef-e0b8ff046867,56,Pass,10,35.8,31.8,9,33.71141436132359,55.97698075302986,22.265566391706272,33.657524148482345,41.17858602166958,31.66983543705407,25.294682316541497,9.36516223659017,4.583259582405639,0.36866547802045346,15.263691790432077,0.502865657494759,23.82216705570579
3930161,d6a126ef-3079-4158-b705-d6a2c2d5eea3,56,Ball Receipt*,11,44.0,45.1,10,39.118764321556924,59.60991830042825,20.491153978871324,39.965921723820244,43.45278623578577,31.812582837507527,27.70876403209654,5.848767175764484,5.651455816804597,2.9440761138993494,16.67227902773292,8.562904575124719,28.92732519464728
3930161,2ec1e1e4-52f1-4d1e-917b-082e4c766134,56,Pass,11,44.4,44.9,10,39.51876584743583,60.009919826307154,20.491153978871324,39.76592477557806,43.252789287543585,31.812582837507527,27.70876403209654,5.848767175764484,5.651455816804597,2.9440761138993494,16.67227902773292,8.562904575124719,29.327326720526187
3930161,eafc2318-639f-4986-a973-139cdda22dcc,56,Ball Receipt*,19,28.8,58.1,9,44.60680218688711,58.39770645044539,13.790904263558282,45.19489323775002,62.0664514682116,37.53509245560811,44.09265768116635,4.161885181279438,4.536556530093755,5.783551891083498,15.113703633899753,5.922041484535498,26.53388200707103
3930161,9dbdd0e8-e9ef-4951-ba52-bf4636306b1b,56,Carry,19,28.8,58.1,9,44.60680218688711,58.39770645044539,13.790904263558282,45.19489323775002,62.0664514682116,37.53509245560811,44.09265768116635,4.161885181279438,4.536556530093755,5.783551891083498,15.113703633899753,5.922041484535498,26.53388200707103
3930161,78dca0b0-7665-4033-842d-d9fad48a9085,56,Pass,20,29.2,58.1,10,44.56091681617916,59.32863859923002,14.76772178305086,43.831474809844785,59.593324422293385,36.182970628563254,45.13786979762128,4.394322279998095,3.772902082117881,4.303839569973476,14.55018421567135,7.029851071901824,26.76739170580268
3930161,e948159a-68a5-4f18-ac30-5316191a8a2b,56,Ball Receipt*,21,35.3,69.4,10,44.440948066402655,60.704694486028274,16.26374641962562,43.30351854055152,59.833992669058176,39.64454227698954,27.025921469801617,5.152558980597548,2.9977343823050964,5.814410133286266,13.808667192603224,4.7616567871791915,27.891313117178072
3930161,3f2f163e-bc29-43e0-ab36-140f5e6ddb23,56,Carry,21,35.3,69.4,10,44.440948066402655,60.704694486028274,16.26374641962562,43.30351854055152,59.833992669058176,39.64454227698954,27.025921469801617,5.152558980597548,2.9977343823050964,5.814410133286266,13.808667192603224,4.7616567871791915,27.891313117178072
3930161,1d29ae4f-07e1-4eee-b98f-f243e6486057,56,Pass,23,41.2,70.2,10,47.95631007936956,62.13113089159812,14.17482081222856,44.26446993261618,52.82546117677399,47.791467264666224,43.07010481225997,5.710364155457413,4.593757431039828,7.107635369630387,16.097237110891257,5.5943602756074995,27.69798863279634
3930161,fcbf2fa1-6157-4f30-b89e-7a41ebdd35ee,56,Ball Receipt*,24,49.6,77.3,10,50.257742788362336,62.64973536747601,12.391992579113676,46.041883179991785,55.2838915253232,47.152309709415235,41.88685614299149,5.670630762167227,5.036344049853438,7.6166170528895165,17.704354238533547,3.2001483738552423,26.287151286095437
3930161,0b958653-790d-4120-be0c-1885570129f2,56,Carry,24,49.6,77.3,10,50.257742788362336,62.64973536747601,12.391992579113676,46.041883179991785,55.2838915253232,47.152309709415235,41.88685614299149,5.670630762167227,5.036344049853438,7.6166170528895165,17.704354238533547,3.2001483738552423,26.287151286095437
3930161,ec97aa7b-d356-48fe-b4cb-8b23561d43cb,56,Pass,27,48.0,76.0,10,52.56129514730338,65.26498529449668,12.7036901471933,50.015157193583164,52.612182515219395,49.184915263913695,44.18834993966014,4.096166270378194,3.94494952193132,5.556564192937913,19.439445038147284,9.779302591903708,48.0
3930161,ab58c586-828a-4652-ab3b-bbf549b3d2dd,56,Ball Receipt*,29,30.0,63.0,10,51.51913380515164,66.22754450009941,14.708410694947773,52.86720813305747,54.190448613482026,47.155840233791,43.15476987043755,4.38202257038762,4.142004931934475,8.192062133885898,16.454471804562985,6.374848763751068,30.0
3930161,39e7e3a2-887e-43c9-9f3b-f762b526c169,56,Carry,29,30.0,63.0,10,51.51913380515164,66.22754450009941,14.708410694947773,52.86720813305747,54.190448613482026,47.155840233791,43.15476987043755,4.38202257038762,4.142004931934475,8.192062133885898,16.454471804562985,6.374848763751068,30.0
3930161,f72a5f70-0294-47c2-948c-2bee8ed9f269,56,Pass,30,30.0,59.4,10,48.92385792257211,64.58601755515265,15.66215963258054,56.286745292540026,44.494162929444286,34.629204415665804,46.06063104873809,5.393064940953907,4.513104878955983,3.4197488963735694,13.458312786039677,2.096239942775888,29.441539317796213
3930161,e41cec5a-5ee4-480b-8f2b-399303d1d463,56,Ball Receipt*,32,34.4,24.6,10,49.31389407464703,67.69040327082105,18.37650919617402,38.010172964579795,45.04707007310334,38.54649719794006,43.06891638217716,6.390518159590956,4.666626989989479,3.917555650153531,14.181124926803157,11.121798613528284,34.390143171744185
3930161,bdcf1df1-fde8-438b-9cd5-32deb530bd77,56,Carry,32,34.4,24.6,10,49.31389407464703,67.69040327082105,18.37650919617402,38.010172964579795,45.04707007310334,38.54649719794006,43.06891638217716,6.390518159590956,4.666626989989479,3.917555650153531,14.181124926803157,11.121798613528284,34.390143171744185
3930161,8faf814d-9230-46d4-bf52-1ccdf6c67ce3,56,Pass,32,35.3,24.5,10,47.253048210734256,67.32178441011862,20.068736199384368,36.73694256763448,43.34221612125355,36.93178637456041,44.43834679744742,6.7287994987024655,4.142808790062431,5.789527864923571,14.059151052657924,11.700019051896732,33.54549866365156
3930161,845e622a-c03a-4b63-b14c-9b4143be4a14,56,Ball Receipt*,34,42.0,9.0,10,45.453629818864556,65.9387849497483,20.48515513088374,32.454216237317326,42.89582772934095,40.47563805323907,52.08633126604951,6.612472448980386,4.464661498184594,9.379305878944912,10.873276909864906,5.058643170159428,32.22622188364866
3930161,85d3d547-91a5-4cda-b554-290bacfcc5db,56,Pass,34,42.0,9.0,10,45.453629818864556,65.9387849497483,20.48515513088374,32.454216237317326,42.89582772934095,40.47563805323907,52.08633126604951,6.612472448980386,4.464661498184594,9.379305878944912,10.873276909864906,5.058643170159428,32.22622188364866
3930161,a3d1d1fd-3683-4837-bd01-51096254dac1,56,Ball Receipt*,35,51.5,12.4,10,43.181856942159,62.051359818398424,18.869502876239423,24.09344075117874,46.743537129311164,29.41275566606855,34.792808782957614,6.88295894717699,6.0285934575317235,0.11694412522965081,12.813220910208848,4.903262182968376,28.143186723232063
3930161,1588cc84-88e0-496e-8c4d-77c23302b488,56,Pass,35,51.5,12.0,10,43.181856942159,62.051359818398424,18.869502876239423,23.693441132648466,46.34353751078089,29.41275566606855,34.792808782957614,6.88295894717699,6.0285934575317235,0.11694412522965081,12.813220910208848,4.903262182968376,28.143186723232063
3930161,6ce73c62-2d18-4320-b180-90702aec85b6,57,Ball Receipt*,6,42.9,43.9,9,52.24725018741134,67.27094086017652,15.023690672765184,56.50955820010989,43.26180836842431,33.94914167588798,16.26972356624855,4.877727118720395,3.934738808316891,2.30516733366791,13.696917350858769,3.112169600387226,37.52685390088994
3930161,a53f9601-6d3d-4ac1-bd8c-4ddafa73754d,57,Carry,6,42.9,43.9,9,52.24725018741134,67.27094086017652,15.023690672765184,56.50955820010989,43.26180836842431,33.94914167588798,16.26972356624855,4.877727118720395,3.934738808316891,2.30516733366791,13.696917350858769,3.112169600387226,37.52685390088994
3930161,c072efe1-3295-458e-b708-93172c0dd6f0,57,Pass,7,43.1,36.7,9,53.57255628840727,67.8969939174929,14.324437629085637,50.715757088052456,37.14341206088814,33.12265237227194,17.120460123212872,5.16216174737821,3.5581984006599345,2.853219634442084,13.684899799210807,3.5470796048523923,38.19446693812633
3930161,7b3c3bff-b9e5-41dd-81b7-5a1b349cbe79,59,Dispossessed,6,78.1,61.1,9,36.890543569302835,54.504080193253785,17.61353662395095,27.023217773843328,36.26291187792158,20.5569737234431,32.286529950337616,3.249950461597354,7.47808048015242,1.339798100143014,10.540310276196507,7.324174692922764,37.94387158574873
3930161,baed9019-3f94-4c9b-8468-34be40081a61,60,Pass,11,49.7,51.3,10,49.70287275301681,66.16303708736491,16.4601643343481,41.106723320986305,39.411038344833145,27.590319384378468,27.093470731945846,7.979901746206819,2.682774854046006,4.532876771955394,9.707043557768202,4.90675810570837,29.480698048989687
3930161,93cf5787-0c67-498c-adc6-8d2710aed2c2,60,Pass,17,44.2,8.2,10,48.52089643521185,68.47993827443538,19.95904183922353,34.69084897995411,34.93858756402792,47.92771905100634,49.56214502662062,6.724902499395732,4.1302376231497435,8.868105456570689,15.155010847154202,8.948432703530052,38.28372613105904
3930161,59552841-0901-4a5a-a578-7fe49d4bda32,61,Ball Recovery,23,49.0,10.2,8,46.25917892333909,66.0303856402868,19.771206716947702,21.2749319729538,31.32445269825888,41.392577320709215,41.24772394696437,7.330182527658291,5.83323434431747,3.741274001468696,19.287366788756167,16.22152515576397,30.869374545405847
3930161,aa05dc59-6bcc-432d-9fe5-18186eda4c67,61,Carry,23,49.0,10.2,8,46.25917892333909,66.0303856402868,19.771206716947702,21.2749319729538,31.32445269825888,41.392577320709215,41.24772394696437,7.330182527658291,5.83323434431747,3.741274001468696,19.287366788756167,16.22152515576397,30.869374545405847
3930161,45872714-998f-4cba-8e72-120cdd897eb2,61,Pass,74,41.1,21.6,10,50.17692680026891,62.79519496709089,12.618268166821984,28.103564940700732,44.40387165031067,34.18017000543211,42.69152999122568,6.379124921768442,3.4929666752894954,4.282385877756184,14.746229957723465,9.150345180516311,14.081174847579248
3930161,911c3577-6054-42e0-ab76-73562fa9b7f9,61,Ball Receipt*,76,29.8,43.2,10,49.207416412482644,62.93729734802812,13.729880935545474,38.815733739831884,32.63847865894937,44.050818540331875,34.91176393730897,7.05252362366476,1.9660836422029289,7.789882778361253,18.771501154461035,4.007808205744219,12.810577573185867
3930161,d05e65e1-cd5c-4959-a8c3-0423c9efb644,61,Carry,76,29.8,43.2,10,49.207416412482644,62.93729734802812,13.729880935545474,38.815733739831884,32.63847865894937,44.050818540331875,34.91176393730897,7.05252362366476,1.9660836422029289,7.789882778361253,18.771501154461035,4.007808205744219,12.810577573185867
3930161,b2aa4de5-1d86-4da7-a49a-a2504f0383cc,61,Pass,78,31.4,42.1,10,48.148532635962376,66.18396364674372,18.035431010781345,38.7573774591945,34.38073207445045,44.85693113480225,35.08099946192559,6.019106421277748,1.4657096177088778,5.54003901102363,15.281193475058458,4.678888134792459,30.948988310192917
3930161,f863f607-e022-432a-8e9d-4b3868e58704,62,Ball Receipt*,80,37.7,35.1,10,47.76036519823449,67.06179884511373,19.30143364687924,40.30535575584035,36.67822050315103,43.46066143000795,35.787044888001105,6.574610820607156,1.7456110153570956,7.200942531943966,13.357824983706898,5.473711878520177,31.087230878957143
3930161,5a282e83-44ed-4678-88f0-e308fe7a104f,62,Carry,80,37.7,35.1,10,47.76036519823449,67.06179884511373,19.30143364687924,40.30535575584035,36.67822050315103,43.46066143000795,35.787044888001105,6.574610820607156,1.7456110153570956,7.200942531943966,13.357824983706898,5.473711878520177,31.087230878957143
3930161,f4ccee2d-ffda-4092-9580-76db514fb775,62,Pass,80,37.7,35.1,10,48.3214408161714,67.70601670194479,19.384575885773387,39.71025367000486,36.24557302119027,43.27522374572848,35.672128529485654,6.854909367003712,1.7560002905136083,5.666246979341025,13.558383176570004,6.023437448295965,31.454056682361028
3930161,bca850a6-e2fa-4880-8127-d1fe12efdf9a,62,Ball Receipt*,82,33.4,22.3,10,46.268353216210166,65.70225284170996,19.433899625499798,37.57000266448038,35.61792003187244,45.072747411311695,31.976519423000305,7.512247280004525,1.6251754632983642,8.095382352168336,15.2598774894063,5.690498974785953,28.26990557031864
3930161,fb8bfb14-db1e-46b0-9eb6-67cfb67e4d23,62,Pass,82,33.4,22.3,10,46.268353216210166,65.70225284170996,19.433899625499798,37.57000266448038,35.61792003187244,45.072747411311695,31.976519423000305,7.512247280004525,1.6251754632983642,8.095382352168336,15.2598774894063,5.690498974785953,28.26990557031864
3930161,a4761ebc-05b8-49a3-90b6-4388a5d769ab,62,Ball Receipt*,84,13.8,44.1,10,41.18058461577387,63.233757368774754,22.053172753000887,37.461426507385475,34.25130060407986,50.458394324693394,30.366427966150766,7.262550335589453,0.8550033067974445,11.472433083693687,14.556169315149589,7.306932866758686,13.800000190734863
3930161,971f200c-4019-442a-84a1-3bf35e986c85,62,Carry,84,13.8,44.1,10,41.18058461577387,63.233757368774754,22.053172753000887,37.461426507385475,34.25130060407986,50.458394324693394,30.366427966150766,7.262550335589453,0.8550033067974445,11.472433083693687,14.556169315149589,7.306932866758686,13.800000190734863
3930161,35f4beaf-ef7a-45f6-93d9-53ab928e3e3c,62,Pass,85,14.6,44.8,10,39.65529136283175,63.027977547218285,23.372686184386538,38.453831392876204,34.426591126476836,51.41604170184129,30.261894122295985,6.512273419209083,0.9872814934761397,10.26267232519529,14.206031190911872,5.892831826805832,14.600000381469727
3930161,4147a27b-d3a3-49cc-b26a-11dc8b3c12ec,62,Ball Receipt*,86,15.7,54.2,10,37.56346263427131,61.570343017453546,24.006880383182235,41.040987806801795,36.206424485084234,52.58218517292738,29.60283262565283,6.413707280617407,1.0676241987891646,9.097509863706676,14.763059315304602,6.190353336958282,12.947966733612873
3930161,9b0975bb-84e3-446b-a1ff-c2a309d39dab,62,Carry,86,15.7,54.2,10,37.56346263427131,61.570343017453546,24.006880383182235,41.040987806801795,36.206424485084234,52.58218517292738,29.60283262565283,6.413707280617407,1.0676241987891646,9.097509863706676,14.763059315304602,6.190353336958282,12.947966733612873
3930161,045fb2f7-032f-4974-9ee1-6637def1d69d,62,Pass,87,15.7,54.2,10,37.43740456196281,61.87506814138387,24.437663579421063,40.56978916355918,34.89054174499509,52.92053445934219,29.35592741219044,6.792518470182569,1.0959053587102416,8.596324613061839,16.165912917812626,6.13576548558472,12.456962623743152
3930161,8fcc9823-8ba0-4d94-86b6-6863f7883ee5,62,Ball Receipt*,88,21.9,69.5,10,35.08765586059667,60.24389546424912,25.156239603652452,45.38016980895227,37.75943429103352,53.11787790342147,29.50327688889127,8.231354471039646,0.6832251734489855,7.028001967735548,18.360556073391294,6.846671747417851,13.65704189459359
3930161,fc1c153d-bf75-4bfb-aea6-9900d3b0b970,62,Carry,88,21.9,69.5,10,35.08765586059667,60.24389546424912,25.156239603652452,45.38016980895227,37.75943429103352,53.11787790342147,29.50327688889127,8.231354471039646,0.6832251734489855,7.028001967735548,18.360556073391294,6.846671747417851,13.65704189459359
3930161,e102aaf0-ca4d-4ef9-b131-4ca6a500f519,63,Ball Recovery,11,58.5,28.3,10,38.24413039675788,55.90317829818281,17.659047901424927,28.479415565615216,25.087540595060105,40.081921287028635,15.120262793765235,6.378860750033426,4.337519036310447,4.55060168641964,16.250966321650544,0.3693895684507993,25.304651290701493
3930161,c07e989b-2cd4-420f-91a6-43f298b19d20,63,Carry,11,58.5,28.3,10,38.24413039675788,55.90317829818281,17.659047901424927,28.479415565615216,25.087540595060105,40.081921287028635,15.120262793765235,6.378860750033426,4.337519036310447,4.55060168641964,16.250966321650544,0.3693895684507993,25.304651290701493
3930161,dfdffe2f-8514-471d-91b3-d355f069bcd4,69,Ball Receipt*,14,42.1,15.2,8,43.38104555000427,64.40487787917534,21.02383232917107,22.355048248437168,32.32685864179326,29.35946763052094,26.350141142547383,9.240149692161847,2.967289461172274,0.1802213340675003,14.752426736394629,3.053569808998752,21.666746550517864
3930161,167c9caf-09b8-4f99-ba3f-fd6e21928001,69,Carry,14,42.1,15.2,8,43.38104555000427,64.40487787917534,21.02383232917107,22.355048248437168,32.32685864179326,29.35946763052094,26.350141142547383,9.240149692161847,2.967289461172274,0.1802213340675003,14.752426736394629,3.053569808998752,21.666746550517864
3930161,347c6a20-f8eb-4519-b85a-e8391adf9154,69,Pass,15,47.7,17.1,8,49.30846497925704,68.17321340831377,18.864748429056732,22.955743894406634,24.53569850000677,32.911410932683694,29.373246770929587,9.471980090364116,3.374823560571332,3.1329389088920543,13.424045201081409,14.274469408159874,26.12440197569213
3930161,47a0ffa2-d9c2-4324-baff-c1066b1ce368,70,Dispossessed,59,77.3,25.7,10,31.73511696883828,43.07616804602986,11.341051077191583,53.91963941872874,45.50523546410576,33.410932086749995,18.050461592186764,5.198764919511434,3.013352604370284,2.564432165805613,14.16703662549947,5.102674039373454,30.898547911155845
3930161,5dcbf258-7185-40fe-8111-aa4acf9f2bc0,71,Pass,53,41.2,60.2,9,48.63549218150491,67.76984877609175,19.13435659458684,45.610618568209084,38.24975098539474,33.508707989914846,33.25631435043368,3.5677521540917083,6.614733194927244,3.2152770017475163,11.415052268085503,10.338548007543892,30.991292097463603
3930161,aa4c0329-e9e3-45a3-bfa4-19ec4ac5e484,71,Ball Receipt*,55,33.1,49.6,9,47.16697369998217,65.82991005343928,18.662936353457106,45.31159328610971,38.73727215631275,30.572512992491482,31.492870931438272,3.0902595623035505,6.116982289031058,1.3431179823727248,13.387005542419068,9.558870226433427,29.60678686775411
3930161,82738a1c-f234-4c06-a072-80388270851b,71,Carry,55,33.1,49.6,9,47.16697369998217,65.82991005343928,18.662936353457106,45.31159328610971,38.73727215631275,30.572512992491482,31.492870931438272,3.0902595623035505,6.116982289031058,1.3431179823727248,13.387005542419068,9.558870226433427,29.60678686775411
3930161,58e73d10-05d1-4b96-b8cd-055d09eaa935,71,Pass,58,37.0,51.8,9,47.49442467853016,67.22969182478832,19.73526714625816,45.90334505569021,39.93372454098319,29.00689513267519,33.01271601446789,5.212453422192066,5.301322670291628,2.0572932313499805,13.761333354095413,8.813517691331974,31.57237984646258
3930161,54f2c4d9-77f8-4d95-94ae-c43ede04549a,71,Ball Receipt*,59,41.8,62.4,9,48.51514837803076,70.35609302454199,21.840944646511232,46.755504591000374,40.13163188518929,30.570733267291175,36.78666029602923,5.310416774999223,6.036219513130444,4.658979079872971,13.48688110569828,8.712280259669086,35.01018431537481
3930161,f4b2c6cc-f8c5-4f37-89a1-e3cb2847b8a6,71,Carry,59,41.8,62.4,9,48.51514837803076,70.35609302454199,21.840944646511232,46.755504591000374,40.13163188518929,30.570733267291175,36.78666029602923,5.310416774999223,6.036219513130444,4.658979079872971,13.48688110569828,8.712280259669086,35.01018431537481
3930161,7b5c2038-7986-415b-ad5f-be94293455cc,71,Pass,59,41.0,62.4,10,46.525266467483945,68.48576410336861,21.960497635884664,47.0621115281342,47.44904344479097,31.121419132328853,41.38903347869709,5.456550800573407,6.16655204181326,4.404193566624144,13.520432888703866,3.237914729339188,33.636996901217394
3930161,9a364a67-4228-44af-85fd-38db080319f3,71,Ball Receipt*,61,50.7,73.8,10,46.24950235083274,67.10278644804222,20.85328409720948,48.403471223341114,49.24071948529722,32.78055904311827,44.543212178148146,5.50569471582285,7.479139701325623,4.9155575951324195,13.652665039740462,3.1541217450024135,32.66700429890035
3930161,06fbc093-29e3-4010-b5d2-d60daf867383,71,Carry,61,50.7,73.8,10,46.24950235083274,67.10278644804222,20.85328409720948,48.403471223341114,49.24071948529722,32.78055904311827,44.543212178148146,5.50569471582285,7.479139701325623,4.9155575951324195,13.652665039740462,3.1541217450024135,32.66700429890035
3930161,654dc336-c95d-45a5-ac13-c9b42e85105f,71,Pass,62,50.8,72.9,10,48.120192504658725,68.40492846881936,20.28473596416064,52.92857581805507,41.27608643258907,39.06202360825134,33.84506595994543,6.028145773460828,7.50494953014562,4.881696505957265,14.143171999458374,9.97585644316684,33.22891403570845
3930161,e6fd8361-c644-4900-a72e-b0c2c061bd7b,71,Pass,6,50.6,9.0,9,47.05651806901567,66.44605029590706,19.38953222689139,25.124313441311998,32.487185516848136,30.3749526925385,42.919349731573774,9.793556403983416,5.084992666310887,0.6602168658881737,16.858925864498318,3.464865196827745,32.146887319643554
3930161,67e256d0-2535-451c-9c65-75ad38923a47,73,Pass,5,28.7,54.4,10,46.21684081419543,63.81424080906011,17.59739999486468,40.92548129173416,45.88182157028603,40.57375925375009,39.02941695046811,7.772247061854251,3.7167240979863334,6.958609837953183,11.91715637598599,11.207648533877027,28.700000762939453
3930161,385869c2-6b04-4849-896c-25d3c8a988f4,73,Ball Receipt*,7,37.7,74.1,10,42.84459707023925,59.532687556888256,16.688090486649003,41.17013233155428,44.981569649043536,48.18679391394613,37.98971098765743,8.411421409821676,3.436541685328053,9.014243807389043,15.988504440155545,10.71815525768443,23.506721408572517
3930161,e7e217bb-7386-46ba-a427-2189d38c2b15,73,Carry,7,37.7,74.1,10,42.84459707023925,59.532687556888256,16.688090486649003,41.17013233155428,44.981569649043536,48.18679391394613,37.98971098765743,8.411421409821676,3.436541685328053,9.014243807389043,15.988504440155545,10.71815525768443,23.506721408572517
3930161,8c19b8ad-d4c0-4f14-8c03-6f24e5f93350,73,Pass,9,36.8,69.4,10,41.75769133584984,57.32312121075076,15.565429874900921,54.96953574153573,41.759720819298394,36.12518677521419,41.532662441098196,5.450605756578921,4.903825286005172,1.8880614380111354,17.647504223292877,10.356322388791824,18.888519113907847
3930161,9ec055a7-9c04-481f-8e12-db045e634075,73,Ball Receipt*,11,20.0,61.1,10,39.753087953271795,57.18568738740787,17.432599434136073,53.22656336979985,40.66042629818725,33.801307112342236,40.02164776103885,5.329204696355384,6.489659786748123,2.1461254808228176,15.877260056409959,10.967568677193967,20.0
3930161,1337d67e-6f74-43e8-bba7-e5843520d163,73,Carry,11,20.0,61.1,10,39.753087953271795,57.18568738740787,17.432599434136073,53.22656336979985,40.66042629818725,33.801307112342236,40.02164776103885,5.329204696355384,6.489659786748123,2.1461254808228176,15.877260056409959,10.967568677193967,20.0
3930161,6a4482e2-db60-4eef-aeb5-b974b9fef31a,73,Pass,12,20.6,58.6,10,38.774583611064045,57.324378015027044,18.549794403963,46.12902739899271,42.06789348999065,31.30023140882281,42.60997786817978,6.474267811185593,6.681803751476079,1.5488740223045312,14.009823476828046,2.3548991413300584,20.600000381469727
3930161,106555d2-1401-4c87-85f6-3f07c2cadaa1,73,Ball Receipt*,14,8.1,40.0,10,33.67789793228387,56.0770256648698,22.39912773258593,41.63156989475034,38.592376270784285,33.70664359196864,43.29532556220681,8.17966423927001,5.860921244914459,1.5601053839067234,12.091062878875952,3.260357793205273,8.100000381469727
3930161,f9db7865-3b16-407a-b17b-7a1c02201359,73,Carry,14,8.1,40.0,10,33.67789793228387,56.0770256648698,22.39912773258593,41.63156989475034,38.592376270784285,33.70664359196864,43.29532556220681,8.17966423927001,5.860921244914459,1.5601053839067234,12.091062878875952,3.260357793205273,8.100000381469727
3930161,9821bae7-09ee-4274-b0ec-79c760fd603b,73,Pass,15,8.5,45.3,10,30.798757231076678,54.79465900951561,23.995901778438935,44.71186151503742,37.08380627494463,33.94535608754395,46.07634027244633,9.531640020758289,6.705531663874381,3.856859492408738,12.04192692247134,6.7289311016500335,8.5
3930161,45d7256d-1167-4476-9cce-64df5909bd0d,73,Ball Receipt*,17,14.6,66.2,10,31.332021565666004,55.788170325048284,24.45614875938228,42.85535261193956,31.25425328253602,36.17608346619129,47.51422861952968,9.679545465844953,7.164293349983611,1.247492807684793,16.685412796484684,10.411433138954862,6.921982255946901
3930161,32152f76-68d6-49c7-a11b-0d9429685e31,73,Carry,17,14.6,66.2,10,31.332021565666004,55.788170325048284,24.45614875938228,42.85535261193956,31.25425328253602,36.17608346619129,47.51422861952968,9.679545465844953,7.164293349983611,1.247492807684793,16.685412796484684,10.411433138954862,6.921982255946901
3930161,38373f49-d364-4186-98b3-c874ccc1f619,73,Foul Won,20,76.5,64.8,9,26.866247618818853,42.2601604712916,15.393912852472745,33.072665804685826,30.751730067043173,37.04311228443051,29.470249431558848,2.896048871274733,5.426184652921245,6.177155572223796,12.82964469040796,6.732268881673399,26.290483081753592
3930161,46af9bff-76d6-487f-a566-8f92a576fcba,75,Ball Receipt*,23,57.8,48.7,10,36.75736188319214,57.327849767041805,20.570487883849665,50.488803007879675,50.694346965501644,45.10513461959782,28.6921569373837,7.767169173451304,3.8102225044788964,6.613655333068884,23.874848102683472,1.56849394232583,18.389609139491284
3930161,28226810-1945-4ef4-a9c6-c28651afb852,76,Foul Won,10,62.9,18.9,10,39.38105865884212,58.070600755642715,18.689542096800594,48.170375540782025,54.050788687573316,43.41706720294566,27.42670543877702,3.8124754759961443,2.0018823877406877,3.6736699401399235,17.237414220614873,1.0621928522899822,36.8221139764682
3930161,71e18d69-817e-4284-8275-a162cd70d2eb,77,Ball Receipt*,18,42.8,12.8,10,48.74308122582549,67.87180936907697,19.12872814325148,37.67321473687785,40.695112203721564,45.5734735893371,46.98148518193927,7.7196747360008535,2.7761047886629076,5.428948704590837,24.358636875497453,9.620265527070067,29.71061163096857
3930161,8c0226e4-0f9d-4d16-9df1-d4307218e9ab,77,Carry,18,42.8,12.8,10,48.74308122582549,67.87180936907697,19.12872814325148,37.67321473687785,40.695112203721564,45.5734735893371,46.98148518193927,7.7196747360008535,2.7761047886629076,5.428948704590837,24.358636875497453,9.620265527070067,29.71061163096857
3930161,0e260361-f860-4f60-badc-89603bfe260f,77,Ball Receipt*,26,35.8,59.2,10,47.99661476059797,66.2751796418283,18.27856488123033,41.15006248643201,44.961944767229355,38.56261356659484,43.85280958710807,6.773814607725145,4.384522412167233,1.4252648270395412,13.668231345810305,11.821143208717203,26.667821178913925
3930161,a563211a-a225-45d2-ba49-63490ba1e5a3,77,Carry,26,35.8,59.2,10,47.99661476059797,66.2751796418283,18.27856488123033,41.15006248643201,44.961944767229355,38.56261356659484,43.85280958710807,6.773814607725145,4.384522412167233,1.4252648270395412,13.668231345810305,11.821143208717203,26.667821178913925
3930161,6d8438e9-5077-415e-8e8d-a8e2ae5312fe,77,Pass,27,38.7,60.5,10,49.88583869119508,68.03962588905922,18.15378719786414,43.0752112523672,47.554569565074516,36.947380238468284,44.32922712061831,6.317518265129596,4.686811499195083,2.1160388488525967,16.784311490464418,14.183398719517285,27.32775332486861
3930161,e8a3d8a0-21a9-49ee-af2d-33783cfd76eb,78,Pass,12,28.2,30.4,8,22.642786244833083,42.91133111889775,20.268544874064666,26.667660703307785,25.403673834504588,27.127671273664227,31.38494511551758,5.13486334304276,5.515690695751325,0.9162496463895451,13.992296149700017,6.841616470563391,13.286539609812905
3930161,fe4f00e7-9773-4a65-9209-bb4d6edb004e,78,Pass,15,41.5,25.1,9,33.78104793515894,53.639019204888996,19.857971269730058,29.1743417231795,30.98575220880228,26.932564723206955,26.612637140045663,6.163744466336157,5.146104353149125,0.648617912976043,13.627119824650048,1.5607210292369587,22.358226986084254
3930161,df95b50b-65ff-4eee-9920-08763245a165,78,Ball Receipt*,15,35.0,22.3,9,33.64871322442558,52.773514582625204,19.124801358199626,29.615249842645504,31.738804660375365,28.964361313352722,25.38305466853917,6.216304465923416,4.500209486968017,2.012678606880165,13.677199061607567,2.9913386007482288,21.209032143752935
3930161,bb343553-0698-476c-84da-0050f9c88673,78,Carry,15,35.0,22.3,9,33.64871322442558,52.773514582625204,19.124801358199626,29.615249842645504,31.738804660375365,28.964361313352722,25.38305466853917,6.216304465923416,4.500209486968017,2.012678606880165,13.677199061607567,2.9913386007482288,21.209032143752935
3930161,dc458146-e533-410d-abc0-24a9c67889cb,78,Pass,15,35.0,22.3,9,33.64871322442558,52.773514582625204,19.124801358199626,29.615249842645504,31.738804660375365,28.964361313352722,25.38305466853917,6.216304465923416,4.500209486968017,2.012678606880165,13.677199061607567,2.9913386007482288,21.209032143752935
3930161,a31c0a89-39f9-439c-9cf0-3326575b298b,78,Pass,69,35.0,38.2,9,46.76281236738442,70.94093847812874,24.178126110744323,31.342556421431688,29.215920259826447,37.75050732887347,26.9938571864426,7.0339647972908885,4.265534080956822,2.8607548785863344,13.91131181231367,1.9284281634071903,31.626952165324056
3930161,efd7a170-d60d-469e-8a84-b1052e0c842f,79,Ball Receipt*,71,34.8,17.1,10,47.186930405433465,70.18036698079483,22.993436575361365,28.522532784038493,32.33380866336759,35.906533920233926,43.10158886074774,7.856623023748692,3.242036823814607,1.6448048081180282,15.436047015950095,13.796510401847549,34.79999923706055
3930161,a5cffadc-3e41-4a78-855c-a6da9b0d8388,79,Carry,71,34.8,17.1,10,47.186930405433465,70.18036698079483,22.993436575361365,28.522532784038493,32.33380866336759,35.906533920233926,43.10158886074774,7.856623023748692,3.242036823814607,1.6448048081180282,15.436047015950095,13.796510401847549,34.79999923706055
3930161,e7345756-eb5e-4e9e-8709-869b47cb0bbc,79,Pass,73,34.7,10.6,10,44.538532679524906,65.1942512418716,20.655718562346692,26.158709963638536,32.945023487028244,34.036749120763965,43.043139150810084,8.684134408151058,2.9193271314670377,0.6574132388495002,17.525803008601713,8.970288625439409,29.532404296453322
3930161,9a5fdd41-48f4-4ba7-8cce-b6bde9217162,79,Ball Receipt*,74,55.1,4.9,10,48.110703843121584,66.22975254643652,18.11904870331493,22.86378235062933,35.28664353391006,44.53568818002143,35.899116725157704,9.061421222043622,4.302426708287341,2.5101046785730503,18.54710811681465,8.664958760390185,33.287418563145856
3930161,48561c16-66b1-42e4-b278-9ad35c4ab064,79,Carry,74,55.1,4.9,10,48.110703843121584,66.22975254643652,18.11904870331493,22.86378235062933,35.28664353391006,44.53568818002143,35.899116725157704,9.061421222043622,4.302426708287341,2.5101046785730503,18.54710811681465,8.664958760390185,33.287418563145856
3930161,780cd25f-d7fc-48c4-8aad-1a9dd5a29601,79,Ball Receipt*,5,57.8,71.9,9,47.03362528922749,61.379973614317265,14.346348325089778,49.16945992248772,51.83597075263275,29.141832405874347,29.782938940574113,2.7036399677724177,5.442610782975299,0.5697705893375513,19.538619234760624,7.420020808733945,25.927899006182173
3930161,56daf4db-a352-4287-811e-581654d1de35,79,Carry,5,57.8,71.9,9,47.03362528922749,61.379973614317265,14.346348325089778,49.16945992248772,51.83597075263275,29.141832405874347,29.782938940574113,2.7036399677724177,5.442610782975299,0.5697705893375513,19.538619234760624,7.420020808733945,25.927899006182173
3930161,1abf58f9-d5c4-4539-929a-a01179330786,79,Pass,6,55.6,73.1,10,51.59445613739031,61.63137058142973,10.036914444039418,51.09763330425899,53.484482678928345,32.855886737901834,31.050186807379873,2.5915991393477102,4.242711359923171,3.2206677069113496,18.715960415676292,6.500188287919727,29.352442183902603
3930161,92a97a43-3ef7-41f3-92bc-59c0751893b7,79,Ball Receipt*,8,36.3,71.6,10,51.09764531566987,61.02419328144951,9.92654796577964,55.090245175488164,57.246111911020975,40.52773955005875,34.4305050715025,4.382138458051985,4.261907670686122,3.9015374720198963,20.552292487579955,8.505632845671549,30.3904778131554
3930161,1130422e-24c4-4735-a84d-be9ec3d8beea,79,Pass,8,36.1,71.1,10,50.89764455273042,60.82419251851006,9.92654796577964,54.590245175488164,56.746111911020975,40.52773955005875,34.4305050715025,4.382138458051985,4.261907670686122,3.9015374720198963,20.552292487579955,8.505632845671549,30.190477050215947
3930161,80ea3a8a-9be3-4489-a159-dea4fefebf9f,79,Ball Receipt*,9,29.2,61.3,10,47.0215335052648,58.43240710247542,11.410873597210625,47.67325705327743,60.877881210244624,40.77894120696527,24.62895746813963,5.631436193547396,3.468044572222614,3.4243601626532723,14.155774664975013,3.547052760142712,24.04237283968679
3930161,41e36988-ce14-4aaa-9c00-eabbcdab46b5,79,Carry,9,29.2,61.3,10,47.0215335052648,58.43240710247542,11.410873597210625,47.67325705327743,60.877881210244624,40.77894120696527,24.62895746813963,5.631436193547396,3.468044572222614,3.4243601626532723,14.155774664975013,3.547052760142712,24.04237283968679
3930161,2085f837-4c34-4ef5-84f7-7fb9636861fd,79,Pass,10,31.4,58.6,10,45.53536705604696,59.53646906200423,14.001102005957272,46.65162310110005,61.18555664454853,39.445144516727254,25.797534325657736,5.40420656593867,2.56651084395764,3.0137858958236876,14.817799949683057,3.705833079940433,24.7372580773349
3930161,88cb8311-e2e5-4a84-bec5-189122b076d8,79,Ball Receipt*,12,29.0,28.3,9,45.14259022482388,62.54527655915309,17.40268633432921,39.444554854340595,53.23122620888776,40.91250761852209,43.153628374044274,4.195231242261611,1.644049056245175,3.5837024803868545,15.785077446499429,3.7996476144968483,27.083892661212744
3930161,25161953-ebfe-4cff-80f5-499345a29564,79,Carry,12,29.0,28.3,9,45.14259022482388,62.54527655915309,17.40268633432921,39.444554854340595,53.23122620888776,40.91250761852209,43.153628374044274,4.195231242261611,1.644049056245175,3.5837024803868545,15.785077446499429,3.7996476144968483,27.083892661212744
3930161,ad9193e4-b262-4710-987f-6f77a8410017,79,Pass,13,29.0,28.6,8,44.149265338542435,62.95411493546647,18.804849596924036,35.33688281054737,57.112367968287195,40.179612038648685,14.947088446760596,4.330426156940735,1.329120262678175,2.116328819495642,18.80433530253506,5.945268735255915,26.05146442591247
3930161,f357378d-52e5-4c90-98f3-b2266b5cca8f,79,Ball Receipt*,15,36.9,56.0,9,46.435354289962206,65.91962002940629,19.484265739444083,42.05450996560483,53.40805194764351,37.847864970764995,44.166057334624426,4.831226955236855,3.457153352237701,0.1889339381697468,19.763649570624217,2.612361792264899,27.000335559047656
3930161,a3048885-6361-45ad-a602-fd8e13560962,79,Carry,15,36.9,56.0,9,46.435354289962206,65.91962002940629,19.484265739444083,42.05450996560483,53.40805194764351,37.847864970764995,44.166057334624426,4.831226955236855,3.457153352237701,0.1889339381697468,19.763649570624217,2.612361792264899,27.000335559047656
3930161,bfa61be9-cf77-482e-84e2-0c71df4a222a,80,Ball Receipt*,26,47.1,55.9,9,47.9413593913351,65.79594370792748,17.85458431659238,49.79890809849092,38.296887360384375,42.11586066852054,20.819900235867216,5.776212208151225,2.631125544118477,4.632472310087394,15.827312183126125,0.9178983996709746,27.149807615449397
3930161,bb96a29d-2fd6-4723-be38-78259dcc2cfc,80,Carry,26,47.1,55.9,9,47.9413593913351,65.79594370792748,17.85458431659238,49.79890809849092,38.296887360384375,42.11586066852054,20.819900235867216,5.776212208151225,2.631125544118477,4.632472310087394,15.827312183126125,0.9178983996709746,27.149807615449397
3930161,ca11d1d6-d5e4-47ec-a565-97f477929167,81,Ball Receipt*,5,8.7,14.0,8,18.369750771104375,31.61162693576162,13.241876164657246,18.03609232256388,36.74936605045466,26.574428684917756,29.920646736550147,4.450626719433448,7.077432711336118,3.9595961287808734,11.781439103227562,0.6699101598225425,3.66961379479028
3930161,17535c0d-a9e8-4ffa-816f-adf36a6acf58,81,Carry,5,8.7,14.0,8,18.369750771104375,31.61162693576162,13.241876164657246,18.03609232256388,36.74936605045466,26.574428684917756,29.920646736550147,4.450626719433448,7.077432711336118,3.9595961287808734,11.781439103227562,0.6699101598225425,3.66961379479028
3930161,ca579f62-47a2-451b-93fb-0a0ce84b6f8e,81,Ball Receipt*,24,43.7,48.8,10,46.78936597933899,69.75380500007975,22.964439020740762,45.21820286976828,41.57426514571424,36.523887623055195,39.121900033783,7.379170792578465,5.033515689761859,0.3950681732254111,12.42576118009378,11.343926075111284,28.211266678095363
3930161,5a402824-769b-40e2-929d-251dab0099f2,81,Carry,24,43.7,48.8,10,46.78936597933899,69.75380500007975,22.964439020740762,45.21820286976828,41.57426514571424,36.523887623055195,39.121900033783,7.379170792578465,5.033515689761859,0.3950681732254111,12.42576118009378,11.343926075111284,28.211266678095363
3930161,2101cc5a-3300-44e9-b45c-42020e92cc77,81,Pass,25,43.4,49.9,10,46.64146354424694,70.06225190185981,23.42078835761287,45.978951509700366,41.68272023976202,36.28105162274908,38.823729656839966,6.509285007518766,4.723236018722597,0.3952216923875298,13.253536473371007,10.606175948693938,29.282843008207166
3930161,5977d5cf-6a81-4875-87cb-9d374be73046,81,Ball Receipt*,26,42.7,64.8,10,46.73721693606948,70.98681777996995,24.249600843900474,45.28270267573902,36.74060753805617,38.96929923027372,39.03415675672272,5.760735382551935,4.275633862625415,1.431489742599915,14.572999783060226,0.2754784042473304,31.373076208625186
3930161,aa251b27-d95a-4d3e-8072-16f329de5c00,81,Carry,26,42.7,64.8,10,46.73721693606948,70.98681777996995,24.249600843900474,45.28270267573902,36.74060753805617,38.96929923027372,39.03415675672272,5.760735382551935,4.275633862625415,1.431489742599915,14.572999783060226,0.2754784042473304,31.373076208625186
3930161,7985c7ea-31c7-4495-9f53-01d550a4e230,81,Pass,27,38.2,62.6,8,42.08284904620632,67.70669151503093,25.623842468824606,46.51046850267145,30.009120132438017,37.614302526054956,13.608892895774584,5.821131308837843,4.5611391733263025,2.500347293722456,14.93252496888853,0.02130160258595737,28.945825334134362
3930161,ecb535f0-8b70-4fc9-b928-9577ff5224f1,84,Foul Won,100,64.3,26.1,9,42.43941700643809,60.66357366205689,18.2241566556188,47.3807073202197,51.18859622545134,39.88743360608865,22.155124134654407,4.423567329572129,6.411936347065792,2.823389738255038,17.04736556254877,1.242028787670641,39.96696707791057
3930161,e5ab1ad0-8110-4bd3-aa61-ee8deb8f5ebd,84,Ball Receipt*,15,42.1,9.8,9,51.25966490176927,69.9190380649222,18.659373163152935,16.257017383717454,29.362943113703075,26.656368325544406,29.45298788471137,6.976168298610125,6.354411536491391,0.08677513449882923,13.345611056889425,8.793812797828242,31.26810514687819
3930161,9191e983-ebe8-4b40-867c-6b04e345392f,84,Carry,15,42.1,9.8,9,51.25966490176927,69.9190380649222,18.659373163152935,16.257017383717454,29.362943113703075,26.656368325544406,29.45298788471137,6.976168298610125,6.354411536491391,0.08677513449882923,13.345611056889425,8.793812797828242,31.26810514687819
3930161,2931d000-139f-4998-b8a7-3c25f6d966b8,84,Pass,16,40.5,10.3,8,48.37952711747138,66.20597077623906,17.826443658767673,22.40620409642664,14.85708667336688,30.10297839046297,34.191935759418755,7.220150162966482,5.844120883451967,1.4926864823619503,17.685921987362743,13.121107380594882,28.725801712849005
3930161,1894cd30-28a0-4592-abdc-68d39a764d8b,87,Ball Receipt*,5,48.1,28.5,9,45.80843957949925,66.89097894752766,21.082539368028407,25.88019269439989,25.856158372194237,49.05141116734376,39.67712921273185,4.6057834891326275,5.497422381409589,4.4028587045755785,20.146076151332167,0.4528723760634499,33.92069852617535
3930161,67775e69-9f45-4a8e-b77d-7ea5b8a1db7a,87,Carry,5,48.1,28.5,9,45.80843957949925,66.89097894752766,21.082539368028407,25.88019269439989,25.856158372194237,49.05141116734376,39.67712921273185,4.6057834891326275,5.497422381409589,4.4028587045755785,20.146076151332167,0.4528723760634499,33.92069852617535
3930161,904798a4-6fc0-4b21-bc00-6d536e580a1e,87,Foul Won,12,68.0,34.4,10,36.957122506701566,50.72168447859839,13.764561971896825,43.530221999755796,46.51280836851346,33.139769927081545,8.220369364468318,4.391259508565613,3.425391237460899,0.48085321012132454,14.365336645544133,2.043641662568149,32.60919251098852
3930161,9b49a1e9-77b9-49e6-88af-acacb923b4ef,87,Carry,12,68.0,34.4,10,36.957122506701566,50.72168447859839,13.764561971896825,43.530221999755796,46.51280836851346,33.139769927081545,8.220369364468318,4.391259508565613,3.425391237460899,0.48085321012132454,14.365336645544133,2.043641662568149,32.60919251098852
3930161,e2c127dd-b5c2-407e-9949-36caf7e66f0a,87,Ball Recovery,44,38.0,37.4,10,33.486781695513145,56.0783434407434,22.59156174523026,35.03557517017722,30.015432692848602,35.331680736963214,15.245469741950323,7.89442311691452,3.404091278512376,1.5776995759875447,19.13685019083703,0.7503511224755712,30.06784961885933
3930161,69d85a98-8366-43e1-b53e-331d31dacdbe,87,Carry,44,38.0,37.4,10,33.486781695513145,56.0783434407434,22.59156174523026,35.03557517017722,30.015432692848602,35.331680736963214,15.245469741950323,7.89442311691452,3.404091278512376,1.5776995759875447,19.13685019083703,0.7503511224755712,30.06784961885933
3930161,c2f39f39-6864-45b8-9f36-5f535b528fe0,87,Pass,46,35.6,45.3,8,35.44948774295877,54.86398938812269,19.414501645163917,40.008773201744496,39.44915287487077,33.02826995067298,34.292426457839426,5.026277822397857,3.1149702527613976,2.6775152838440945,14.364689742215369,11.17250698760239,27.86931018943425
3930161,87778bc8-8f36-4a5e-a224-cb9ce64a9a1d,87,Ball Receipt*,47,27.7,56.4,8,34.796701468197774,54.01805527647588,19.221353808278103,40.543254742298345,40.489096356062504,30.18848050837455,36.20002673258718,5.911218983323147,3.5544277800424564,2.732309215917766,11.896873712911798,12.361296790135547,26.575389589847184
3930161,f5873e51-2d30-480d-a2a1-bf7fe3e5a7a9,87,Carry,47,27.7,56.4,8,34.796701468197774,54.01805527647588,19.221353808278103,40.543254742298345,40.489096356062504,30.18848050837455,36.20002673258718,5.911218983323147,3.5544277800424564,2.732309215917766,11.896873712911798,12.361296790135547,26.575389589847184
3930161,f62df9fd-e730-46e4-bae2-32dda942e783,87,Pass,48,28.0,56.4,8,35.09670070525832,54.318054513536424,19.221353808278103,40.543254742298345,40.489096356062504,30.18848050837455,36.20002673258718,5.911218983323147,3.5544277800424564,2.732309215917766,11.896873712911798,12.361296790135547,26.87538882690773
3930161,e2e3861f-6918-4a2b-aeea-5b6a9264cd58,87,Ball Receipt*,48,35.3,52.1,8,36.42299085945341,54.65594260341416,18.232951743960754,43.592262186326835,43.138946802216196,31.161233012725045,37.18580412642973,6.660397139637001,4.723831809646686,2.3232868190288087,13.563506108225589,12.948093635371468,27.07835618463117
3930161,8e4de52e-b6e9-42be-85ae-5eab179d6b9e,87,Pass,48,35.3,52.1,8,36.42299085945341,54.65594260341416,18.232951743960754,43.592262186326835,43.138946802216196,31.161233012725045,37.18580412642973,6.660397139637001,4.723831809646686,2.3232868190288087,13.563506108225589,12.948093635371468,27.07835618463117
3930161,ee05a2c3-18a2-4671-8f81-424d11a0e94d,87,Ball Receipt*,49,43.1,66.5,8,35.49684523873033,52.05540505154908,16.55855981281875,44.470009841844515,44.5244167879996,32.37248429319467,38.88597780586312,6.907510983103829,5.871721934018195,4.071224284480621,12.868271844685047,14.495595670340741,24.560170401874608
3930161,c480d43c-2eae-4494-9eda-ad339f66fcb4,87,Carry,49,43.1,66.5,8,35.49684523873033,52.05540505154908,16.55855981281875,44.470009841844515,44.5244167879996,32.37248429319467,38.88597780586312,6.907510983103829,5.871721934018195,4.071224284480621,12.868271844685047,14.495595670340741,24.560170401874608
3930161,a4ff99df-ffea-4601-a4eb-055cb13bcb2d,88,Ball Receipt*,8,56.4,22.8,9,47.96818420524072,70.47559865495971,22.507414449718993,40.20083640803759,49.5203609534001,32.27410258300257,27.895294002264748,10.299603492044556,2.4657040726746127,3.727220368275436,16.161503539793955,1.1965444324092402,38.22403921629171
3930161,35f1cc28-a03f-4323-aeaf-1000bf805c9e,88,Carry,8,56.4,22.8,9,47.96818420524072,70.47559865495971,22.507414449718993,40.20083640803759,49.5203609534001,32.27410258300257,27.895294002264748,10.299603492044556,2.4657040726746127,3.727220368275436,16.161503539793955,1.1965444324092402,38.22403921629171
3930161,78e1c2cb-6796-49ff-b94c-bff13c77772d,88,Dribble,10,65.1,33.4,8,47.49356397910545,68.46270415882496,20.96914017971951,38.9307377639037,41.93171490206142,37.26563254708955,29.27939733647346,5.671641767247244,8.872113454920695,1.8650866024674357,15.785727136300636,11.942381154826194,44.3806875783109
3930161,6881845a-27b6-4941-8129-f0f36683b5e1,89,Ball Receipt*,44,29.0,24.2,8,45.90804191109385,66.74406867286643,20.836026761772587,31.40103931767693,42.95841644472421,31.15568546599657,45.03659462521477,7.6035718915788495,2.8165725507431767,4.080802929405934,12.304756432465737,17.260899445662808,29.0
3930161,796592dc-49c1-49f6-806e-9a91ab434eae,89,Carry,44,29.0,24.2,8,45.90804191109385,66.74406867286643,20.836026761772587,31.40103931767693,42.95841644472421,31.15568546599657,45.03659462521477,7.6035718915788495,2.8165725507431767,4.080802929405934,12.304756432465737,17.260899445662808,29.0
3930161,596c1422-befa-4bfc-b139-6e6978ae3f76,89,Pass,45,21.9,25.3,8,39.64413190408345,61.95741402916286,22.31328212507941,30.72383146092249,41.69695763626021,28.567064299723945,45.42989523197714,8.28664294745053,1.2252641453678688,2.6842199421060755,10.327935799509383,16.96731166165449,7.023760735884082
3930161,ef110ca6-31f5-40ee-a89b-56ed001779e6,89,Pass,52,13.5,45.6,10,29.524823715563485,59.22373546860966,29.698911753046175,39.602198240951374,45.85696105384834,34.36593304571535,43.12205182326752,7.3033575202584995,4.680211232799512,2.801167387132324,14.50558408806129,3.487302102349382,13.5
3930161,1ea5cb71-0802-4b7d-939c-b3fa5cfe4534,89,Ball Receipt*,55,35.3,75.1,9,36.601529812854835,61.34154207162709,24.740012258772254,42.887072857570374,44.325164692749375,38.24565774492267,38.87842795991038,10.825742267980143,3.7268750739788308,0.2849118079499746,21.20595868501855,5.15614593121785,20.315748559676578
3930161,a5705552-6cc6-4d58-a746-c319beb32f5f,89,Carry,55,35.3,75.1,9,36.601529812854835,61.34154207162709,24.740012258772254,42.887072857570374,44.325164692749375,38.24565774492267,38.87842795991038,10.825742267980143,3.7268750739788308,0.2849118079499746,21.20595868501855,5.15614593121785,20.315748559676578
3930161,f1b5fc54-83cc-4a38-8468-f9849ed06e0f,92,Ball Receipt*,5,78.4,37.2,9,40.48317169284137,61.62720558679006,21.144033893948695,40.10696013473569,45.081691797085384,23.91875072914882,23.975784381158974,4.37579425163967,7.7163848866469165,3.390103333727815,8.878547207309289,2.218421168051279,38.32361219531667
3930161,2f0c04b6-bf97-4df0-8529-6b5d406f44e2,92,Duel,5,78.9,35.8,9,40.48317169284137,61.62720558679006,21.144033893948695,40.10696013473569,45.081691797085384,23.91875072914882,23.975784381158974,4.37579425163967,7.7163848866469165,3.390103333727815,8.878547207309289,2.218421168051279,38.32361219531667
3930161,26756cd0-dad7-45f4-8303-e57b7e365179,92,Ball Receipt*,17,20.2,7.4,8,31.047446283524458,53.2166856102269,22.16923932670244,28.776875656927096,26.920941512362973,44.902525771930215,38.905665964774826,7.525900972619324,4.143372111212704,8.92875231081792,12.762283146041518,19.215284314494703,20.200000762939453
3930161,d0c06394-6974-4a78-a97a-e3e28f2ec5fe,92,Carry,17,20.2,7.4,8,31.047446283524458,53.2166856102269,22.16923932670244,28.776875656927096,26.920941512362973,44.902525771930215,38.905665964774826,7.525900972619324,4.143372111212704,8.92875231081792,12.762283146041518,19.215284314494703,20.200000762939453
3930161,54f88629-eb1b-4db4-a6c6-9ef73bfcd20c,92,Pass,19,28.2,6.6,8,33.82118407902189,55.24437920997658,21.42319513095469,24.34291060607468,22.282694715841345,43.27203098351772,35.96901313028415,5.391329998702402,5.288563206348859,1.2013224320253286,15.865047172344411,14.083967424199468,23.511718448598927
3930161,34b62a14-5b00-4682-a5b7-15a86d3f0273,92,Foul Won,26,71.8,31.7,8,37.96614551247457,58.59868743494613,20.63254192247156,47.56698890139008,52.4673991450126,23.48812333273984,29.994989728263313,5.950596091900283,7.496975902503245,5.577918135386632,6.37934001716696,8.896398435431117,31.82629589773434
3930161,c82c85a9-d1d5-452e-93e8-39d51a8bd4ad,93,Ball Receipt*,10,58.2,68.7,9,45.31690297448746,67.36590989053295,22.049006916045485,56.573711813166746,44.18781797703387,49.16296876652639,35.338370922821355,7.775941263121249,4.837480059095708,5.520070128415696,22.72156318570618,4.990459378996071,29.47022269951423
3930161,69ea54f8-410d-4863-a86e-004ff2053958,93,Carry,10,58.2,68.7,9,45.31690297448746,67.36590989053295,22.049006916045485,56.573711813166746,44.18781797703387,49.16296876652639,35.338370922821355,7.775941263121249,4.837480059095708,5.520070128415696,22.72156318570618,4.990459378996071,29.47022269951423
3930161,803326e1-a134-49df-a555-7e77be805e32,94,Ball Receipt*,6,48.3,48.8,8,39.45448934092327,56.21447564409136,16.75998630316809,58.143183810347864,46.81788833450171,25.982326465143757,34.04092589955548,5.899736942120852,5.520866213836868,1.9102464377804154,14.781376541540546,13.56256191815718,24.520475768905165
3930161,29f6c10d-718d-4228-b20d-2521b4de8c9d,94,Carry,6,48.3,48.8,8,39.45448934092327,56.21447564409136,16.75998630316809,58.143183810347864,46.81788833450171,25.982326465143757,34.04092589955548,5.899736942120852,5.520866213836868,1.9102464377804154,14.781376541540546,13.56256191815718,24.520475768905165
3930161,8237e4a2-2eae-434f-81de-334eb08ebdc0,94,Pass,6,48.6,49.6,8,39.754488577983814,56.514474881151905,16.75998630316809,58.94318304740841,47.61788757156226,25.982326465143757,34.04092589955548,5.899736942120852,5.520866213836868,1.9102464377804154,14.781376541540546,13.56256191815718,24.82047500596571
3930162,2eba5556-05cc-474b-a8ae-963cb8c4d12d,0,Dispossessed,25,70.6,76.7,10,44.29533261159636,59.6978802327304,15.40254762113404,29.934721543462558,15.340622010554837,45.767799871952306,27.012112485547306,4.760615449876514,5.464810687592434,4.317201238567044,22.8462292674408,1.54202561064049,38.531045987782036
3930162,e76685bd-ed1d-4d29-9d57-45f19324860a,4,Ball Receipt*,22,71.1,71.8,10,40.77486555631594,57.66059109031541,16.88572553399947,32.52237696724535,20.440814176563304,39.824425584288605,29.676382301311165,4.286905993710952,6.554999052696358,0.7770807475840087,29.863767201973285,1.5617802591553804,31.24820761147637
3930162,70d2f0b5-5ef2-4d4d-97f3-bda3e3b2a438,6,Ball Receipt*,9,63.4,23.9,10,46.9062007774932,62.834759593462934,15.928558815969737,51.00096610054878,47.56462943764262,22.38751663523768,29.36168464381859,6.479637677710377,4.067303790906933,4.800768165242971,6.397894689076018,0.013546254234846344,37.356764637258024
3930162,968a04b0-21b7-4755-a1b0-eade379d3290,6,Dribble,16,67.3,17.5,10,42.69072051629357,57.530435675045275,14.839715158751709,56.51612662552984,63.33185498341223,39.55367063463224,14.934261805839178,1.8235017183852964,4.044715358045727,9.033360958572416,11.260367204148395,0.2936883539000661,43.78284422711198
3930162,ce7e2aff-a1a8-4b43-8cf3-897b28376b81,11,Pass,7,47.3,57.5,8,52.5766176522214,69.61804823354034,17.041430581318934,52.448582710285294,35.903015639564295,19.190158403153205,20.67061634160168,6.973972238274964,2.027098843827598,1.3111558011304254,10.437545656970741,5.79615234406144,34.39833409271172
3930162,ddb3b518-8f60-4c4e-adf4-482f91a21909,11,Ball Receipt*,8,43.1,49.8,10,42.73819375829528,63.59666207375832,20.858468315463035,52.61654910937318,44.82513057988271,13.847672377927715,35.03656435509663,6.517544860151682,3.817221616893979,2.285110148901836,4.352034612912625,4.9942432686498535,30.195609532353856
3930162,cd21bcd9-aa83-4c49-af5c-0830157a8190,11,Carry,8,43.1,49.8,10,42.73819375829528,63.59666207375832,20.858468315463035,52.61654910937318,44.82513057988271,13.847672377927715,35.03656435509663,6.517544860151682,3.817221616893979,2.285110148901836,4.352034612912625,4.9942432686498535,30.195609532353856
3930162,87440df4-d17d-4d40-9e76-a5cff65e48b0,18,Ball Recovery,9,44.3,25.6,10,40.769239840543314,56.86037738978716,16.091137549243847,24.75060537950356,28.252581032189724,14.772291965834157,30.250845855654426,5.194600551161686,3.266476537145419,0.16030689124015396,7.467394416871798,0.5295881165286715,31.048209842388573
3930162,8b33eeaa-87b5-4d1c-ad30-91a89121d36a,18,Carry,9,44.3,25.6,10,40.769239840543314,56.86037738978716,16.091137549243847,24.75060537950356,28.252581032189724,14.772291965834157,30.250845855654426,5.194600551161686,3.266476537145419,0.16030689124015396,7.467394416871798,0.5295881165286715,31.048209842388573
3930162,237d8e32-f7d5-44ec-9ec5-a3fd5fe16558,19,Pass,12,55.5,58.1,10,49.41732025677524,66.47838663950614,17.0610663827309,47.39407118860712,48.510813161440645,24.55215590139108,27.061353894712447,7.211024305533453,3.08036218166091,4.067117776688804,8.138829801678895,8.517271629108734,45.98775688512807
3930162,1893a7a8-46d8-48b8-b422-6c996c9fdcca,21,Ball Receipt*,8,54.8,62.6,9,43.268047959263775,57.06136632191029,13.793318362646517,63.328262240376056,50.698217422358056,22.51779250296171,27.79886718049815,5.825472611504792,3.2607422764478504,0.8920710137818233,13.336139563463966,1.8922126839181104,32.82905052425082
3930162,419e22dc-dd65-4406-8cb2-c5dee456e14d,21,Carry,8,54.8,62.6,9,43.268047959263775,57.06136632191029,13.793318362646517,63.328262240376056,50.698217422358056,22.51779250296171,27.79886718049815,5.825472611504792,3.2607422764478504,0.8920710137818233,13.336139563463966,1.8922126839181104,32.82905052425082
3930162,195f05de-123a-46d8-ad83-5ab96ddb9078,25,Dispossessed,28,77.7,54.9,10,41.87599352584557,54.38813111890659,12.51213759306102,28.99303545408071,22.41283506800378,37.56307043447894,14.621782566474675,4.4870522783883935,5.232995041904194,5.319583296483742,18.35761637131135,1.358137200175456,41.85963128106685
3930162,c918aa1a-273a-413e-a42c-5436533b408c,29,Ball Receipt*,9,34.1,20.5,10,41.201591810293955,56.83282477239194,15.631232962097982,49.291278738843445,41.181930863200165,15.649416891922456,30.500581830056923,3.844878023850794,3.5354425528159354,0.06149482915759563,6.715057948710339,7.462778800185994,24.480980622017377
3930162,7f625307-4d20-4ff3-bba3-b1c0969cba02,29,Carry,9,34.1,20.5,10,41.201591810293955,56.83282477239194,15.631232962097982,49.291278738843445,41.181930863200165,15.649416891922456,30.500581830056923,3.844878023850794,3.5354425528159354,0.06149482915759563,6.715057948710339,7.462778800185994,24.480980622017377
3930162,18b02014-fcda-4fe8-a2e0-e852672c92f7,29,Pass,12,49.0,22.8,9,51.99694460777928,69.92555200676938,17.928607398990103,44.71567453140327,35.568732104917075,21.355130495541417,36.70717915749344,4.236488075952069,1.5513411811284952,0.47594747121069503,10.128755661395346,8.2375680202009,49.0
3930162,a52d7b80-864d-45f0-bdc4-46f8bd893994,29,Ball Receipt*,19,54.2,7.4,9,48.4336995932154,66.30316738278421,17.86946778956881,35.755674817187426,40.987709126899475,35.64530579796444,36.24931828422645,4.925845236072639,5.328667611676056,8.213314401423062,10.02293788726152,10.198323833928846,28.173067490896237
3930162,0c250054-273f-4284-bc5d-3cd45f34d675,30,Dribble,17,51.8,72.4,10,49.544507532158484,69.41539288356796,19.870885351409477,48.08304418552637,39.94254876165666,45.28580271327556,38.233578018086,5.481518721704407,3.0242390990752095,5.996227883674997,17.680253099651203,6.814445618844331,41.83437737154503
3930162,6e15cbb0-e9cc-4766-9215-ce28d8fc18b5,30,Carry,17,51.8,72.4,10,49.544507532158484,69.41539288356796,19.870885351409477,48.08304418552637,39.94254876165666,45.28580271327556,38.233578018086,5.481518721704407,3.0242390990752095,5.996227883674997,17.680253099651203,6.814445618844331,41.83437737154503
3930162,f7db574d-cc8f-4974-9558-51c7d8e474e2,35,Ball Receipt*,98,79.2,58.8,9,41.436856610405755,53.70769413955938,12.270837529153624,26.862213184908825,12.614539601857452,32.41191954141509,31.31389427438061,3.595261539527431,3.3904042036245494,3.836325891173061,14.255284240183574,7.368262493023572,40.179162110537824
3930162,b2312ef5-0d36-4d17-aefe-9aebab2d6334,44,Ball Receipt*,5,34.7,37.4,9,30.34655349240392,44.2538160600451,13.907262567641176,37.27984724958953,38.916552369517674,13.11190109675028,23.173953574580516,5.541623215340107,4.253128254919885,0.2448586321701285,7.170924085224385,4.348415920884911,18.760547819315462
3930162,8e9ed514-b9f2-4b51-9065-fb890f64c200,44,Carry,5,34.7,37.4,9,30.34655349240392,44.2538160600451,13.907262567641176,37.27984724958953,38.916552369517674,13.11190109675028,23.173953574580516,5.541623215340107,4.253128254919885,0.2448586321701285,7.170924085224385,4.348415920884911,18.760547819315462
3930162,aeb24489-47a6-4afc-863c-8e3260973d14,44,Pass,6,34.3,42.3,8,34.58390253609583,47.580636245514704,12.996733709418876,38.71219044486455,40.107654883707816,12.640464756808107,24.434740796565478,6.10290809412407,5.122449647262754,0.7280987815344062,7.07459564210491,6.8752194478249535,21.103722265840446
3930162,67d93ac9-a73e-4854-a332-519c7c73a4af,44,Ball Receipt*,7,33.2,67.3,8,37.214687734279025,49.27248262525959,12.057794890980567,50.8362202293432,53.08030401380978,25.651370082415966,12.686155082109387,3.9713650388465735,0.8200289069984703,1.6554355922059685,12.635809730323949,4.854470542130876,23.333709369202012
3930162,3b3c4a44-2195-4d2b-ba9b-b2e17033b1dd,44,Carry,7,33.2,67.3,8,37.214687734279025,49.27248262525959,12.057794890980567,50.8362202293432,53.08030401380978,25.651370082415966,12.686155082109387,3.9713650388465735,0.8200289069984703,1.6554355922059685,12.635809730323949,4.854470542130876,23.333709369202012
3930162,60933a7c-9901-4f27-9c24-46871ea7b389,44,Pass,8,34.3,68.6,8,38.87529057850465,54.59327953760488,15.717988959100232,51.28125521588699,52.13415095338581,29.498255708384505,16.242516045872776,3.121777688972576,1.783764709666634,0.9999038574370758,14.7304551285658,5.965662502528829,25.61221069853906
3930162,a53d1838-00a2-4ffc-a7f0-149ea54fc2ed,45,Pass,25,41.2,31.7,9,51.23646594322311,70.24968211994182,19.013216176718714,34.4071744939636,36.297335029163605,20.419644042361902,42.00757706216648,4.660843166981835,4.254840855869711,2.9662269217055908,6.905162512162484,1.6545103341748657,38.303320254009684
3930162,11806573-3ff5-413a-8862-1aa92b388e4b,45,Ball Receipt*,27,42.8,9.0,10,48.42527487928591,68.27200745728938,19.84673257800347,28.688776845885048,31.50026500281122,26.08130371543651,43.01728121734536,5.504180843097186,4.894646790157939,4.713376676311544,9.809838918771145,1.6269858086687243,35.12477888279501
3930162,30aedfb1-d6b2-478e-8c47-2746623181ed,45,Carry,27,42.8,9.0,10,48.42527487928591,68.27200745728938,19.84673257800347,28.688776845885048,31.50026500281122,26.08130371543651,43.01728121734536,5.504180843097186,4.894646790157939,4.713376676311544,9.809838918771145,1.6269858086687243,35.12477888279501
3930162,c186df98-e4e4-4f28-b2d8-559adf4a8594,48,Ball Receipt*,38,77.8,62.2,9,41.907950360190895,56.79868931633968,14.890738956148788,40.682593399855094,25.646214322056615,57.08169764405807,45.947588209363246,5.537593313526939,5.4230251213226675,8.633862795263113,19.575595424760515,13.474072090608558,31.156234863188175
3930162,3d24c7f7-83d3-41a6-ba3f-0723d01ac562,52,Ball Recovery,9,43.6,48.7,8,43.98911189576616,62.54071575505862,18.551603859292463,28.36888755010325,32.79802710265289,25.936212010365384,27.339382474228547,6.571842508145478,0.9698469888753787,0.5899248938471544,10.014476821482557,6.478850541713346,32.535268127683736
3930162,616b8f86-53df-462a-b402-2c36eeee7b51,52,Carry,9,43.6,48.7,8,43.98911189576616,62.54071575505862,18.551603859292463,28.36888755010325,32.79802710265289,25.936212010365384,27.339382474228547,6.571842508145478,0.9698469888753787,0.5899248938471544,10.014476821482557,6.478850541713346,32.535268127683736
3930162,062d9263-d0f1-412f-8e4e-f21288228d7a,52,Foul Committed,9,37.2,66.8,8,30.835329718659676,54.218792121062286,23.38346240240261,61.97562761742231,58.08857306554253,21.149909508809955,32.147632362433946,5.2615578299422125,2.577727270467286,0.2262886334955425,15.544342390602893,15.62890736590564,23.94071471682942
3930162,27eb115c-f34c-4059-9422-cff4f569ba80,57,Ball Receipt*,49,76.5,14.4,8,41.7560427473248,56.28046885993299,14.52442611260819,58.13018526639989,46.316377421143805,31.64772355886739,33.036616665327294,4.664594216048858,1.6543488496617889,1.6524713714875503,11.752118395121052,11.795732052462661,32.85413707544275
3930162,e7714317-2096-4071-9a8a-95f1c286463a,59,Ball Receipt*,40,70.9,65.6,8,43.50613633798473,58.92361883356938,15.41748249558465,30.306354692738218,28.7886849696736,63.45403165762853,42.67166997620458,3.9681184873378683,3.5579645507675446,6.438462263819886,24.91117391152369,19.684096637351345,37.76986070189291
3930162,df5fe8b4-ade5-4a70-891e-3343dec7522c,60,Ball Receipt*,5,23.9,4.2,8,21.80675334527807,44.66577502828486,22.85902168300679,14.098599146544085,22.072665612905467,17.366643642453482,35.18225302143118,6.450904541818757,2.1674763872631386,0.35222482057251625,8.308266137784717,15.427311861076209,16.591833260502682
3930162,6d1e8d66-0300-4046-b641-c5503fec4fb4,60,Carry,5,23.9,4.2,8,21.80675334527807,44.66577502828486,22.85902168300679,14.098599146544085,22.072665612905467,17.366643642453482,35.18225302143118,6.450904541818757,2.1674763872631386,0.35222482057251625,8.308266137784717,15.427311861076209,16.591833260502682
3930162,a7d461dc-3294-419b-8b7f-2d9e13de3171,60,Pass,6,23.9,6.2,8,22.706145007236636,43.09766676340889,20.391521756172253,13.813527129638695,21.654886162256982,15.287039367671508,38.16939065845047,5.362891209145913,3.4775455885751154,0.3856536118319589,6.6534689128846765,14.404920663240087,16.63023017105801
3930162,dda8cf6d-9782-4058-8dee-6191284a872a,60,Ball Receipt*,12,56.6,71.4,10,48.0047255041126,65.06555635404456,17.06083084993196,35.51908112147909,46.082905337216275,35.76501049159631,47.581227424479636,5.816623695593098,4.590752329216499,4.56583345552464,17.585830548734734,1.0120136788380307,31.358524078439974
3930162,48be9a1e-fc43-480e-beca-14a19070f6e2,60,Carry,12,56.6,71.4,10,48.0047255041126,65.06555635404456,17.06083084993196,35.51908112147909,46.082905337216275,35.76501049159631,47.581227424479636,5.816623695593098,4.590752329216499,4.56583345552464,17.585830548734734,1.0120136788380307,31.358524078439974
3930162,0f2c4f2f-90f1-4a5d-bd98-4e6e8dabb959,61,Pass,14,52.0,60.2,10,49.15726518366827,65.56581548117227,16.408550297503993,48.11710825107481,39.53528629460673,33.645085921219845,31.823623029424695,5.552205497400839,4.960719901019064,2.8316196966254523,15.342676400306075,0.25503275545305826,34.32791326398023
3930162,8258994a-eadd-490f-9c7b-bfe8601fa658,62,Ball Receipt*,30,51.8,36.3,8,51.87225226873244,69.80331310221806,17.931060833485617,39.62863329034503,31.35669854598142,26.88727215852134,32.57648988482695,5.090589291175565,1.7678811812949837,1.3361237316421821,11.856839954227674,9.909822846513336,36.82255897757807
3930162,56aee5f4-5e0d-45e7-a19e-de06476e24dc,62,Carry,30,51.8,36.3,8,51.87225226873244,69.80331310221806,17.931060833485617,39.62863329034503,31.35669854598142,26.88727215852134,32.57648988482695,5.090589291175565,1.7678811812949837,1.3361237316421821,11.856839954227674,9.909822846513336,36.82255897757807
3930162,02c586e9-e589-46fc-ba21-a4ae10e750dc,63,Ball Receipt*,10,56.6,7.9,9,37.2333848401663,57.64680268950484,20.413417849338536,15.357248357183868,20.19236286874655,38.673313068073575,44.80762680466606,8.784796817778519,4.054357146995231,4.75011657923778,15.450115647636089,7.136023377240512,31.3298045388876
3930162,7442f77c-0088-4f2d-b922-a6156f6ac93a,63,Carry,10,56.6,7.9,9,37.2333848401663,57.64680268950484,20.413417849338536,15.357248357183868,20.19236286874655,38.673313068073575,44.80762680466606,8.784796817778519,4.054357146995231,4.75011657923778,15.450115647636089,7.136023377240512,31.3298045388876
3930162,f86ae780-f5ec-4332-a1ff-d3784a8316ce,63,Pressure,19,57.2,65.3,8,51.94727954790356,70.11823417620678,18.17095462830322,50.68749387411218,46.4672627197221,39.101199061673,28.344382213089087,8.975782160726968,5.240202762687906,2.610028626550829,16.578044604729502,3.549787636621943,41.04071309079043
3930162,1279efc1-ee47-408e-8d10-d54bc4d30659,63,Pass,26,52.8,41.9,9,47.25691630781313,69.31809052825508,22.061174220441956,46.615433316785975,43.28834579669106,30.29465234528414,34.514634226708594,6.3391751291950085,1.982626372850737,2.6313799676593135,17.350452024472528,7.639646318526992,37.50262997195259
3930162,9caba11e-b8eb-4b2c-b3fe-8a36cbeab302,66,Ball Receipt*,13,44.1,51.5,9,44.71608028414599,61.69744850893427,16.981368224788284,51.83170268988431,53.064399006105916,34.15865035013478,32.174731403596276,6.478221836776819,3.7552657780803402,0.734479771409184,18.119457624460566,7.858274117885905,29.531285998716932
3930162,8e157ef4-0abf-4aac-8ddf-976eca8dd598,66,Carry,13,44.1,51.5,9,44.71608028414599,61.69744850893427,16.981368224788284,51.83170268988431,53.064399006105916,34.15865035013478,32.174731403596276,6.478221836776819,3.7552657780803402,0.734479771409184,18.119457624460566,7.858274117885905,29.531285998716932
3930162,c7c43e59-6dc1-499f-817a-930886b5b907,66,Pass,13,49.3,51.5,9,50.827611917383564,68.02857802221655,17.200966104832986,51.63763873649592,51.272235348908076,32.74689586505884,35.19010692712586,5.321917927649064,3.315671606342154,3.059302526139014,13.876371928301097,7.3651773839576435,34.999644611367295
3930162,6f4210da-32e2-4079-94b8-bb4de3f627a9,68,Dispossessed,18,73.6,55.7,9,34.75748940295482,49.90466707480733,15.14717767185251,41.222807285774124,29.245652664306398,30.208880736918417,12.63791980164725,7.247489293238217,4.503344292982585,5.104562738205054,10.091022333530368,0.1841935377980093,26.917319414946874
3930162,3f86b2fe-ed9a-4669-8400-da5e0262816a,68,Ball Receipt*,11,48.9,11.1,8,52.445215761739334,65.30236513237071,12.857149370631376,31.977309990011427,25.51679332037772,34.76122129921498,38.61242544944807,5.355883828176096,5.002874293545853,2.1384006579095143,14.584690407875115,16.57255907699504,34.43383108692342
3930162,9d86222a-dd08-4baf-b280-45226f1d8320,68,Carry,11,48.9,11.1,8,52.445215761739334,65.30236513237071,12.857149370631376,31.977309990011427,25.51679332037772,34.76122129921498,38.61242544944807,5.355883828176096,5.002874293545853,2.1384006579095143,14.584690407875115,16.57255907699504,34.43383108692342
3930162,d38236db-3b20-46bc-bbe8-41ebb29b1a15,68,Pass,13,46.3,12.6,9,51.79629384134756,66.42550516122122,14.629211319873662,29.113661905393666,17.40292515346166,37.50502614122426,27.43754244131632,5.175983356787192,4.627327771084684,0.39842314662973877,16.88866376571302,5.280113874786483,38.82061094085942
3930162,e547825e-8c3b-4342-9bcc-9487a6fe188c,69,Dispossessed,31,72.3,32.0,9,46.390060998946886,60.06606017763738,13.675999178690496,34.94243631137996,36.88930112570924,30.585788995670313,23.368687602343172,5.056511388713535,0.7619583308421591,1.149870915758612,15.604846253950996,5.9168617001273915,43.517113024706774
3930162,ac8f7163-2b5c-45bb-ac25-0f088248b341,72,Ball Receipt*,13,49.6,76.1,8,44.836586187593156,64.11972362245488,19.28313743486173,49.964662056226416,39.84660825459921,43.51997917066723,36.51854410146563,6.208059502184463,3.8397535777989407,5.129188899319836,14.782398657281433,15.090725609520952,31.295428666393278
3930162,0c1e670e-9b82-4d6e-a3c7-3ac0c88f463d,72,Pass,13,50.0,76.8,8,45.23658771347206,64.51972514833379,19.28313743486173,50.664666633863135,40.54661283223593,43.51997917066723,36.51854410146563,6.208059502184463,3.8397535777989407,5.129188899319836,14.782398657281433,15.090725609520952,31.695430192272184
3930162,f1b97c48-56f0-4d92-b597-4d7c468ddc8e,82,Pass,19,50.3,16.4,8,53.39866428004861,69.36253746073528,15.963873180686676,22.130348962500822,29.921764305814747,24.834090447030324,30.87690631806947,5.653789123354891,5.309357785967917,2.6459431957890445,9.359733053295052,8.709062902680767,50.24649295794341
3930162,28b0050b-2562-41fa-875d-896149783b81,84,Ball Receipt*,13,76.9,74.9,9,25.947318669068398,44.52621754062707,18.578898871558675,36.96621857581691,19.05230297936625,55.044546980219486,29.515049241996863,3.562702605676838,5.804178013792214,2.340710385580394,25.768051330869575,1.360726654981704,7.41070946237474
3930162,488ec103-3584-4a3a-9fe6-b3563977aa5b,89,Pressure,17,57.1,66.8,10,52.47935324669707,65.7034826666465,13.22412941994942,57.754910093348805,55.09153957818273,10.314478528002816,20.472440125861993,6.431072500462581,3.4613091812079775,0.33065873493956843,6.542917330702757,2.4709408261999144,36.87902311721804
3930162,158d9cfa-2529-4b2e-8d08-db33ccb16444,89,Ball Recovery,18,50.9,54.8,8,53.63528586129364,65.89434696679479,12.259061105501146,54.64025523051667,57.57493945236283,14.332007791783418,25.902496480638398,6.129329341283523,3.4529064096040485,1.1294744847695242,5.929146248280837,9.60280058319077,39.804371723918706
3930162,cedee29f-4bfd-4eca-af06-62eb0ead89a8,89,Carry,18,50.9,54.8,8,53.63528586129364,65.89434696679479,12.259061105501146,54.64025523051667,57.57493945236283,14.332007791783418,25.902496480638398,6.129329341283523,3.4529064096040485,1.1294744847695242,5.929146248280837,9.60280058319077,39.804371723918706
3930162,fcb7a999-2025-40be-831d-47632875a219,89,Pass,19,50.2,55.1,8,52.44998369440092,64.3153166342213,11.865332939820384,54.20424413705339,56.47790072554363,15.448464900717866,24.768238351960967,5.559966687174562,3.895418634040132,1.8892488151784832,6.397903436215316,8.673949758153938,38.02699122112098
3930163,27298528-cd60-47c3-a4fa-0197476350b2,0,Ball Receipt*,6,55.8,63.9,8,40.14392923659616,56.25728089624125,16.11335165964509,57.43536863466964,62.44924966501143,31.238300326242346,5.4303123771336175,11.030348576158692,4.221994495647022,5.589633066055924,13.228768474356002,0.23740226644869722,22.269918034480085
3930163,08c1733e-cb33-4a0f-a0f6-9543b67b35e8,0,Pass,6,55.8,63.9,8,40.14392923659616,56.25728089624125,16.11335165964509,57.43536863466964,62.44924966501143,31.238300326242346,5.4303123771336175,11.030348576158692,4.221994495647022,5.589633066055924,13.228768474356002,0.23740226644869722,22.269918034480085
3930163,c6dd374e-a2e5-4bc2-99c9-2d032e8d125a,0,Ball Receipt*,13,48.7,20.0,8,51.61118116541441,62.86950202006295,11.258320854648545,43.30214090944274,37.90645989296978,31.14446878572405,36.89649383384362,5.42528065974402,5.755912071876733,2.2650613136983893,13.254368291541674,16.173641187862145,26.6014956769433
3930163,34b7c589-4aa6-4160-89f9-933402a59a0f,0,Carry,13,48.7,20.0,8,51.61118116541441,62.86950202006295,11.258320854648545,43.30214090944274,37.90645989296978,31.14446878572405,36.89649383384362,5.42528065974402,5.755912071876733,2.2650613136983893,13.254368291541674,16.173641187862145,26.6014956769433
3930163,7e8a2314-6e01-4d99-b93c-e6451949777e,0,Pass,13,48.7,20.0,8,51.61118116541441,62.86950202006295,11.258320854648545,43.30214090944274,37.90645989296978,31.14446878572405,36.89649383384362,5.42528065974402,5.755912071876733,2.2650613136983893,13.254368291541674,16.173641187862145,26.6014956769433
3930163,901546d0-2f3e-486f-9dbb-482c5be3a85c,0,Ball Receipt*,14,45.7,22.2,8,53.652080584793836,64.60306848059587,10.95098789580203,43.242398506396626,37.52620314725079,32.2342135537381,35.854379213895186,5.4071273812207075,5.834862031881615,2.998594848695909,13.716110203133418,15.419702530526841,27.617703928941154
3930163,0aa1cde1-1b60-4852-a44b-3636049609b1,0,Carry,14,45.7,22.2,8,53.652080584793836,64.60306848059587,10.95098789580203,43.242398506396626,37.52620314725079,32.2342135537381,35.854379213895186,5.4071273812207075,5.834862031881615,2.998594848695909,13.716110203133418,15.419702530526841,27.617703928941154
3930163,358ec200-cc2a-4617-8e8d-587fc27e4c3c,3,Ball Receipt*,23,27.9,56.0,10,50.663680350875985,64.25093491659979,13.587254565723804,39.42901926554507,51.50645370515023,35.399031349582344,36.019439732650035,6.776010538976673,2.357143432874283,5.902778518991468,13.416324471706744,9.074799830310802,18.909166676714563
3930163,f2bb951d-33c1-4db5-9b2f-3e8bf6158558,3,Carry,23,27.9,56.0,10,50.663680350875985,64.25093491659979,13.587254565723804,39.42901926554507,51.50645370515023,35.399031349582344,36.019439732650035,6.776010538976673,2.357143432874283,5.902778518991468,13.416324471706744,9.074799830310802,18.909166676714563
3930163,5875d6b1-059b-42e8-a07a-3c663479b5cc,8,Foul Won,29,77.9,38.6,9,30.82975604643773,42.94826923883742,12.11851319239969,40.66466166643694,42.33671497906147,35.39597075992167,23.056231970467955,2.4430080214005425,2.9484215760473504,5.199121316063966,12.031957839867871,0.32968644046294315,30.192099990732977
3930163,130b6275-44cc-441d-93be-eaa221288808,10,Pass,9,44.4,13.5,10,51.677215222503584,65.68886520310258,14.011649980598996,20.854357668535847,28.043892542310928,30.948072065844492,45.38289989956931,5.30812096773068,3.2692249565840497,3.146834483034805,16.250881076583283,13.128634595633855,44.400001525878906
3930163,13b574ea-8ad0-4415-8e6b-0b141e23efb2,10,Ball Receipt*,11,49.9,2.6,10,51.76897017924896,66.39984509513191,14.630874915882949,24.03743098103495,30.639344130487636,35.58529544376029,41.591097230769535,5.356358259689489,3.072683568453391,1.9941983279082187,18.972795500347466,4.004074114526887,42.7701465142452
3930163,f0eb0be8-ecc2-43e9-82be-94996ffbf0b0,10,Pass,11,49.9,2.6,10,51.76897017924896,66.39984509513191,14.630874915882949,24.03743098103495,30.639344130487636,35.58529544376029,41.591097230769535,5.356358259689489,3.072683568453391,1.9941983279082187,18.972795500347466,4.004074114526887,42.7701465142452
3930163,c68f3e2b-79b6-409d-a673-1a41c3cbbf30,13,Ball Receipt*,7,20.8,68.1,10,39.83524311776889,58.27034598660787,18.43510286883898,52.71547159154363,44.775189501752614,43.564141199806905,22.679571766202343,7.61778767816637,3.1167144852276,5.442025760399133,20.104007089731475,5.101501428514304,3.2828039151023134
3930163,64c18935-7f98-4f87-8cb3-798184f272fa,13,Carry,7,20.8,68.1,10,39.83524311776889,58.27034598660787,18.43510286883898,52.71547159154363,44.775189501752614,43.564141199806905,22.679571766202343,7.61778767816637,3.1167144852276,5.442025760399133,20.104007089731475,5.101501428514304,3.2828039151023134
3930163,82a0edd4-a949-489c-a873-bc7bc707c2bf,13,Pass,7,18.7,69.1,9,37.786908035449116,57.125789366279434,19.33888133083032,54.49950384728386,46.69679901392241,43.66786123109786,23.10560159142473,8.398564516603757,3.2241811731353383,4.243248264927658,20.595781854307557,3.5852345648929784,2.2607503800970363
3930163,3a980bbc-a200-4735-b6b2-e2c452321eba,13,Ball Receipt*,15,61.3,44.2,8,51.151589419371156,70.82548347844885,19.67389405907769,34.46223788172549,37.255105450865415,36.43153515438925,24.442184358885875,3.2882604189843074,5.001775519151881,0.3795658154514001,14.410217563166782,9.676242036543485,53.31543236155795
3930163,e3191710-dc29-4f63-b1f5-081ee01adbc1,13,Duel,15,63.4,42.1,8,51.151589419371156,70.82548347844885,19.67389405907769,34.46223788172549,37.255105450865415,36.43153515438925,24.442184358885875,3.2882604189843074,5.001775519151881,0.3795658154514001,14.410217563166782,9.676242036543485,53.31543236155795
3930163,46eb8f6d-da50-4dde-a90e-553f57ae092f,13,Ball Receipt*,13,36.9,33.8,8,48.50211779697302,58.710174707509715,10.208056910536698,37.86795574238535,40.67631539711045,37.2149467556023,44.10833026860788,5.864081175991928,4.146162441398201,1.3675080752528999,13.087915406089394,11.685768077646287,29.743272981146575
3930163,a4e02c3b-e249-4ca5-90c4-4a9f39d922eb,13,Carry,13,36.9,33.8,8,48.50211779697302,58.710174707509715,10.208056910536698,37.86795574238535,40.67631539711045,37.2149467556023,44.10833026860788,5.864081175991928,4.146162441398201,1.3675080752528999,13.087915406089394,11.685768077646287,29.743272981146575
3930163,0eace9ae-f0d6-4759-b514-f11c69458f2e,13,Pass,14,37.3,33.8,8,49.113817232829376,58.70168168527931,9.587864452449935,38.06398706608822,40.83422193810936,36.41661964343459,41.18952146316246,5.650115296851596,3.930868901502835,2.4151792175266493,12.549304510191611,9.710737671530737,30.457401294237826
3930163,43a0fbc8-443f-449a-825a-4d28000496e7,13,Ball Receipt*,15,50.1,27.6,8,51.008252721707194,59.953098685426234,8.94484596371904,39.32572687213273,46.580149988749156,34.54001215959051,40.95802670509808,4.8134358659695025,3.1737812018645326,3.2510971456050015,14.037124598078059,19.486829956042634,32.73202958478876
3930163,ee3e5fe5-3521-4afb-888b-0ae58afb51b2,13,Carry,15,50.1,27.6,8,51.008252721707194,59.953098685426234,8.94484596371904,39.32572687213273,46.580149988749156,34.54001215959051,40.95802670509808,4.8134358659695025,3.1737812018645326,3.2510971456050015,14.037124598078059,19.486829956042634,32.73202958478876
3930163,80197b54-9d07-4a49-8246-21897cc0e00d,13,Pass,15,50.1,27.6,8,52.018642120168444,60.99282144677113,8.974179326602687,38.5647143922008,45.869723146240894,34.476146912455995,40.99034718467628,4.738017685202413,2.987339666097651,3.0117668308145156,13.430031544083846,19.88552903454478,33.62241069389401
3930163,ea8fd9d2-6e8f-47c7-b44b-3cc26b191929,13,Ball Receipt*,16,41.4,29.7,8,52.491013704544365,61.24649353541677,8.755479830872403,36.8443325191459,43.49091738190222,34.29207432612311,42.323018304560065,4.376747611988446,2.462791585273498,4.396609582186059,12.5033719873108,20.47701263883512,33.55309614549586
3930163,cea7f0fd-7cd2-4433-8a9b-5ed2c1cf036f,13,Carry,16,41.4,29.7,8,52.491013704544365,61.24649353541677,8.755479830872403,36.8443325191459,43.49091738190222,34.29207432612311,42.323018304560065,4.376747611988446,2.462791585273498,4.396609582186059,12.5033719873108,20.47701263883512,33.55309614549586
3930163,d0d46412-55a0-4a31-975b-fcd5bf90a4b5,14,Pass,14,44.2,35.9,8,48.488752948230044,60.112799766257446,11.624046818027402,36.83342993351883,34.712499430118065,27.164211690293747,38.25821595946526,7.585508681529114,2.968601511951651,2.025522061801695,13.385412919575586,5.54536786759509,27.52290134772055
3930163,8bf3b91e-5e60-4308-81e1-d8d1b9a7bce5,14,Ball Receipt*,15,49.1,50.8,10,52.03079318949297,65.98487958387757,13.954086394384603,36.587414630299286,35.67932896802001,27.378676209191838,37.47630773497537,7.680159838592005,4.228493634069326,4.591596548717412,9.535663648084068,8.121958619331728,36.98528444325207
3930163,485bced0-4b52-40c1-b2b4-5bc847cac4bf,14,Carry,15,49.1,50.8,10,52.03079318949297,65.98487958387757,13.954086394384603,36.587414630299286,35.67932896802001,27.378676209191838,37.47630773497537,7.680159838592005,4.228493634069326,4.591596548717412,9.535663648084068,8.121958619331728,36.98528444325207
3930163,4384384b-5a13-4d94-aac9-810a25853a16,16,Ball Receipt*,114,58.8,76.5,8,53.424541317984804,65.79574847167886,12.371207153694058,57.23881095855855,51.66462320854774,43.326721518524096,49.567401932801566,4.683075555320897,2.469497149816112,7.011724723498638,15.157447548604516,24.067416152453575,38.80547440479206
3930163,69f46652-a893-445d-bb3f-a10a145cd94f,16,Carry,114,58.8,76.5,8,53.424541317984804,65.79574847167886,12.371207153694058,57.23881095855855,51.66462320854774,43.326721518524096,49.567401932801566,4.683075555320897,2.469497149816112,7.011724723498638,15.157447548604516,24.067416152453575,38.80547440479206
3930163,bbddae1f-1163-495e-bcdf-07a6a2183386,16,Pass,115,58.8,73.3,8,54.10262563938109,66.10686281587748,12.004237176496389,62.94781094257305,43.535892532479274,40.13212639336702,28.588267443234486,4.435325141630923,3.26725755727285,2.476320729168094,25.73555227209492,4.585158389072703,39.48681938421141
3930163,03283bd1-a7b0-4db7-ac97-13004ca653fc,16,Ball Receipt*,116,51.1,69.7,9,52.98730280444961,67.04216448451967,14.054861680070061,64.87817474792662,49.444900902158864,35.864399561229156,30.97195011486056,4.38622487975097,4.56540964996781,0.5528470034659421,26.926500109250433,2.8705308859406173,45.37105535138264
3930163,5b22b50f-673d-4c29-90ac-71717b7d0dfd,16,Carry,116,51.1,69.7,9,52.98730280444961,67.04216448451967,14.054861680070061,64.87817474792662,49.444900902158864,35.864399561229156,30.97195011486056,4.38622487975097,4.56540964996781,0.5528470034659421,26.926500109250433,2.8705308859406173,45.37105535138264
3930163,d944b4b2-797d-4759-a442-21c4c30e1348,16,Ball Receipt*,121,67.8,35.9,8,46.56735726304453,66.74247065504763,20.175113392003098,34.75650456741784,31.551182275689722,32.90650683376998,41.31929983078656,6.737744197983053,2.6429148810852654,5.35525860194825,12.678184241463043,14.67114175680733,37.1969964504581
3930163,2bcf4e19-f9fc-4cb1-bb40-e5c59b18450c,16,Foul Won,135,76.4,5.2,10,27.992362928242347,39.98293804819876,11.990575119956414,52.56788678275147,60.02738159113866,39.3688994644219,28.496348671506567,2.844124856528343,2.9599057248821072,6.378329627934249,12.558291098148349,8.55533789640878,26.498218125563483
3930163,08f05aa1-4131-4bb8-b810-362496ad5fb7,17,Pass,6,19.4,25.1,8,37.87185533007522,55.42389087322541,17.55203554315019,26.967046234176117,27.70043687580956,32.06362661392507,44.158534020662486,4.181679845576669,2.8746943162530756,2.9757262456422247,11.151976576024289,10.509289955688732,19.399999618530273
3930163,2214a692-64f6-4278-b6cd-5b982f80d16b,17,Ball Receipt*,7,22.9,39.5,9,37.70486962723455,56.939800572930764,19.234930945696213,34.518796010856576,33.078105599436995,31.266751270960295,45.06623713989521,4.290053893557324,3.186125209609074,3.6721030475466137,10.179838269032555,1.5484117939446556,20.294333716708373
3930163,f09b47c0-69f9-4ef6-99ed-972c809131a8,17,Carry,7,22.9,39.5,9,37.70486962723455,56.939800572930764,19.234930945696213,34.518796010856576,33.078105599436995,31.266751270960295,45.06623713989521,4.290053893557324,3.186125209609074,3.6721030475466137,10.179838269032555,1.5484117939446556,20.294333716708373
3930163,ade2d10a-7afc-4620-a347-2f0593be2b83,17,Pass,11,41.6,50.1,10,46.251559458721864,61.286861997800244,15.03530253907838,40.90288833859639,36.99814548157431,33.27063366426697,33.74584196936074,3.622763693895162,2.797770483203961,3.4591528359226373,14.508727347712387,1.5520816216831363,26.089580391014785
3930163,0db6a6e6-50b7-416e-83c1-ec4c609fbfaf,17,Ball Receipt*,13,42.3,72.3,10,47.690211858847874,63.56445365948712,15.874241800639247,48.74388457859091,44.18856988112463,41.50503818719366,36.63334140015681,4.700434449772971,1.970883630402955,3.697357392199649,15.030069280564632,2.8650430799476254,25.87210128711871
3930163,43a7888f-b377-4424-82ed-cae228ed8c36,17,Carry,13,42.3,72.3,10,47.690211858847874,63.56445365948712,15.874241800639247,48.74388457859091,44.18856988112463,41.50503818719366,36.63334140015681,4.700434449772971,1.970883630402955,3.697357392199649,15.030069280564632,2.8650430799476254,25.87210128711871
3930163,43ddc9c2-592f-41d5-9650-20621cc2afcf,17,Pass,14,41.9,70.9,10,48.137122063917175,63.445671793984985,15.30854973006781,54.17833439668927,56.42036808091555,42.428799021001794,43.95450974121185,5.7332151912075515,1.8612422726680107,4.382353548860586,15.931184881221142,9.499747935770202,23.396870219196757
3930163,11df7150-2a70-4b02-8f27-52cfe505c577,17,Ball Receipt*,16,26.0,37.4,9,49.0637953952725,63.167374829322405,14.103579434049905,43.13282957680136,42.11525622669656,35.49141723248601,40.952739464192405,5.5855979890850005,1.9729944158397035,4.00245399903109,12.922379635550122,4.869609774035958,26.0
3930163,1fad5281-e759-477b-acbb-ed323d5f04eb,17,Carry,16,26.0,37.4,9,49.0637953952725,63.167374829322405,14.103579434049905,43.13282957680136,42.11525622669656,35.49141723248601,40.952739464192405,5.5855979890850005,1.9729944158397035,4.00245399903109,12.922379635550122,4.869609774035958,26.0
3930163,df0f1802-1e7b-4b21-b456-32d5cc262937,17,Pass,17,26.3,37.4,9,49.147440968907475,62.94105252842156,13.793611559514083,42.77279957491879,41.28229801483952,34.908434722669526,42.12422357757323,5.35198784867863,1.8928379514166533,3.496280516967694,13.203152126588481,6.014544963637789,26.299999237060547
3930163,2d15f5dc-db70-446a-a0d8-96fcd145a54b,17,Ball Receipt*,18,35.4,30.7,10,51.93404471865737,64.78567483295396,12.85163011429659,40.40397464114007,42.6753997051275,34.261813636086124,41.32900936007924,4.469213712144829,1.8749285395030446,4.24901984451607,10.636159500608755,7.814459667470977,30.59003437855216
3930163,59d06cc2-1231-4a1e-89c6-827f53a789d9,17,Carry,18,35.4,30.7,10,51.93404471865737,64.78567483295396,12.85163011429659,40.40397464114007,42.6753997051275,34.261813636086124,41.32900936007924,4.469213712144829,1.8749285395030446,4.24901984451607,10.636159500608755,7.814459667470977,30.59003437855216
3930163,349ecea0-860c-4b01-b9a1-739610566e17,17,Dispossessed,37,61.0,58.2,10,51.165004945587675,62.020249100137974,10.855244154550299,34.1283256795418,29.651863100505714,41.22301478150894,38.49016099805695,3.5449569309060753,2.297304783501576,0.9726343491339193,20.72800612787725,0.19903461548695844,47.737002829632885
3930163,3aee1fba-8904-45ae-90dd-634ce6d57b37,19,Ball Receipt*,7,18.6,76.5,8,28.82648888330512,52.91497317451789,24.08848429121277,50.868005698719074,45.878733358608635,47.75140145910048,24.684347877288687,7.2193481451192,3.3196332614962087,1.2691134121797916,18.786369779360456,10.992610952603698,18.600000381469727
3930163,55517cbc-7051-4d2f-94b9-d3b4fb0c3930,19,Carry,7,18.6,76.5,8,28.82648888330512,52.91497317451789,24.08848429121277,50.868005698719074,45.878733358608635,47.75140145910048,24.684347877288687,7.2193481451192,3.3196332614962087,1.2691134121797916,18.786369779360456,10.992610952603698,18.600000381469727
3930163,371a3004-25b3-4c11-907a-929319ce4823,19,Pass,7,20.3,75.9,8,30.619565948292983,54.14559518732693,23.52602923903395,51.5762141695901,46.26162520996187,51.14924527556402,25.95363908883614,6.552106859145849,3.505019788613706,0.8743470799717556,17.781394364474103,12.431623000608454,20.299999237060547
3930163,19e53600-d36c-481e-b468-a061c5ac2ce1,19,Ball Receipt*,8,36.9,79.1,9,35.90869296281842,59.28436565481039,23.375672691991966,50.33068924387576,51.10310648195498,53.0293910303385,36.75168909588382,4.9897255986807165,4.765495439212526,4.369624633339853,18.60586353497859,10.940851081086699,20.95300839291282
3930163,143b0688-ef86-4a65-83d2-621a89fc40c5,19,Carry,8,36.9,79.1,9,35.90869296281842,59.28436565481039,23.375672691991966,50.33068924387576,51.10310648195498,53.0293910303385,36.75168909588382,4.9897255986807165,4.765495439212526,4.369624633339853,18.60586353497859,10.940851081086699,20.95300839291282
3930163,e2bc24e1-9ce4-437c-9d3e-19b1bbccc35f,19,Pass,8,36.9,79.1,9,35.90869296281842,59.28436565481039,23.375672691991966,50.33068924387576,51.10310648195498,53.0293910303385,36.75168909588382,4.9897255986807165,4.765495439212526,4.369624633339853,18.60586353497859,10.940851081086699,20.95300839291282
3930163,5761b457-4000-47bf-b08c-f4d853507730,19,Pass,9,35.0,67.7,10,49.1344478844588,64.66851465543044,15.534066770971641,44.2998206508971,41.82763877398478,41.86197360977664,49.779194595698364,8.713436689228583,3.878178786189502,0.7110136875427315,22.139405876651733,7.09542866412162,26.704375176135954
3930163,1c184439-856b-49c2-9e4b-0075927823cc,21,Pressure,27,39.2,58.4,10,39.94904285731444,60.7357915261467,20.78674866883226,53.20843937745019,45.63067818874012,40.385638774935835,42.80624630094368,9.68782231534233,4.154180721347061,2.835096547928032,26.7647407939796,10.359780667566483,28.414637957648484
3930163,ad934dc6-6628-4bf3-aa7b-8450bf1499bd,21,Ball Recovery,28,43.0,67.1,10,41.08841479508533,60.39631813241712,19.307903337331794,58.14133568218839,50.018252895161915,40.42197551668747,41.09469944817123,8.286780382146388,4.038240623390884,1.2418051935296575,25.630982805496796,9.894531700602364,29.778165573360802
3930163,5b686a4d-e289-4b34-9cce-76d43d1291d4,21,Carry,28,43.0,67.1,10,41.08841479508533,60.39631813241712,19.307903337331794,58.14133568218839,50.018252895161915,40.42197551668747,41.09469944817123,8.286780382146388,4.038240623390884,1.2418051935296575,25.630982805496796,9.894531700602364,29.778165573360802
3930163,61d20a37-e917-4b92-bd69-63818888cc85,21,Ball Receipt*,32,57.5,71.7,10,46.72318183261919,62.92545572892734,16.20227389630815,56.76500315772311,55.328552728864935,48.37430813628212,42.00450427978747,7.197219425004848,3.7401510875654815,0.9343942632671514,23.849428604421426,0.908539822171889,32.8654470531299
3930163,b513d1f0-ae30-4c32-a9ad-94d0559c716e,21,Carry,32,57.5,71.7,10,46.72318183261919,62.92545572892734,16.20227389630815,56.76500315772311,55.328552728864935,48.37430813628212,42.00450427978747,7.197219425004848,3.7401510875654815,0.9343942632671514,23.849428604421426,0.908539822171889,32.8654470531299
3930163,7e2256dd-d070-442f-9fda-798ca15f3bed,21,Pass,32,57.2,73.3,10,47.3939190596878,63.51129039025937,16.117371330571565,55.878846140744464,55.228477870857574,47.7886676191503,42.865844761693516,8.03802118125826,3.363347409551866,2.6478691911422274,24.406590290848772,2.045788714469623,32.458981675405475
3930163,3703f9cc-0c00-4dfe-9fef-6fd7cd923a58,21,Ball Receipt*,33,64.8,74.9,10,51.23797061591846,67.397000511143,16.15902989522455,55.69883428370407,55.63904507692893,47.01476141058997,44.97644381300829,9.132240828406898,2.8084034344475266,2.1315140546258675,24.31821958591329,3.7570164996192403,34.650555241360415
3930163,78aa1fd0-cada-4c01-8ddf-fe334ebc06ea,21,Carry,33,64.8,74.9,10,51.23797061591846,67.397000511143,16.15902989522455,55.69883428370407,55.63904507692893,47.01476141058997,44.97644381300829,9.132240828406898,2.8084034344475266,2.1315140546258675,24.31821958591329,3.7570164996192403,34.650555241360415
3930163,1998a967-8279-4047-a2f5-31bbdd63e709,21,Pass,33,64.8,74.9,10,51.23797061591846,67.397000511143,16.15902989522455,55.69883428370407,55.63904507692893,47.01476141058997,44.97644381300829,9.132240828406898,2.8084034344475266,2.1315140546258675,24.31821958591329,3.7570164996192403,34.650555241360415
3930163,3bbed419-8ae7-451c-a85b-22849201caf8,22,Pass,54,48.9,74.3,9,51.11230278300793,67.28176086817213,16.1694580851642,53.29543213467814,49.5457180303576,46.2727604303117,44.116269379157806,6.58569967455402,4.418171711635178,2.9472164078066783,18.885477457338233,9.015473652883202,36.0888108212985
3930163,e714892b-2fac-4a2e-b73a-48bf7cd8114e,22,Ball Receipt*,66,64.8,27.2,8,45.975487882271814,67.9342379531039,21.95875007083209,32.404312892995,31.89719660285827,41.40124714137504,39.41812741656583,8.057385368269921,2.046882095267774,2.984480279611166,15.713906836738389,11.746510205223842,32.004799104438874
3930163,8df365a5-1cc3-43a9-beae-ccdf6e8248e0,22,Carry,66,64.8,27.2,8,45.975487882271814,67.9342379531039,21.95875007083209,32.404312892995,31.89719660285827,41.40124714137504,39.41812741656583,8.057385368269921,2.046882095267774,2.984480279611166,15.713906836738389,11.746510205223842,32.004799104438874
3930163,7edd87a6-4d3a-4c84-b82d-63e97efc352b,22,Pass,66,65.2,29.1,8,46.37548177875619,68.33423184958828,21.95875007083209,34.304312511525275,33.79719622138854,41.40124714137504,39.41812741656583,8.057385368269921,2.046882095267774,2.984480279611166,15.713906836738389,11.746510205223842,32.40479300092325
3930163,ce720c23-87d8-43be-98b7-c6e47807003a,22,Ball Receipt*,67,58.9,32.8,8,47.44190181486094,68.99180590460567,21.54990408974473,36.150677746226414,35.602328614251284,40.75587073859293,35.68163555952675,6.809773474755815,3.0885729836590636,3.6318333556727858,13.210719982141299,10.26885847041676,35.05659838186778
3930163,55a51108-95a5-4fc5-b04b-cdf60161b053,22,Carry,67,58.9,32.8,8,47.44190181486094,68.99180590460567,21.54990408974473,36.150677746226414,35.602328614251284,40.75587073859293,35.68163555952675,6.809773474755815,3.0885729836590636,3.6318333556727858,13.210719982141299,10.26885847041676,35.05659838186778
3930163,f312542b-9356-4a46-ba96-e758bd6be16e,23,Ball Receipt*,7,22.7,65.7,8,39.65616705558888,54.90358044598486,15.247413390395977,49.34883621587633,43.11985051277308,48.479197523845386,25.34481947225315,9.585194159777327,2.3532469911017366,7.32092264030954,19.331041685912872,9.96077730130218,22.700000762939453
3930163,8d5004c6-ad7a-4fc7-b69a-818f1b0d9c41,23,Carry,7,22.7,65.7,8,39.65616705558888,54.90358044598486,15.247413390395977,49.34883621587633,43.11985051277308,48.479197523845386,25.34481947225315,9.585194159777327,2.3532469911017366,7.32092264030954,19.331041685912872,9.96077730130218,22.700000762939453
3930163,ca4ab58a-40e5-4f59-9449-f10f9b484445,23,Ball Receipt*,18,16.5,23.4,8,32.98159176817407,52.17341544331148,19.191823675137407,32.230308277785895,35.63273792901671,32.79565147967568,42.904927326656555,9.789429330277192,5.39125963229456,2.2823292380627933,11.94710245426758,13.057672475455412,11.579167662683346
3930163,b6d48614-7587-4e7e-9c97-c33cabc2c015,23,Carry,18,16.5,23.4,8,32.98159176817407,52.17341544331148,19.191823675137407,32.230308277785895,35.63273792901671,32.79565147967568,42.904927326656555,9.789429330277192,5.39125963229456,2.2823292380627933,11.94710245426758,13.057672475455412,11.579167662683346
3930163,91fa5e21-53ac-408f-8b23-7d749343e785,23,Pass,20,17.3,23.4,8,30.256687663058806,52.6217507398907,22.365063076831895,29.409640956865104,33.93441063047291,32.4062152038592,43.4148184999309,7.901005775067601,4.200321682315031,4.517765406889623,11.688126554179604,13.080279380489081,6.255076921574883
3930163,9e6908de-55d7-470c-a0ee-7a91e2e88a03,24,Ball Receipt*,8,74.0,21.7,10,43.30297067726675,62.08854695910121,18.78557628183446,33.29005746273064,30.42060147006449,46.55918657566965,32.043441506275656,6.191914340783126,6.397290566466203,4.4553177019304115,19.533165834953856,2.571943996457769,35.45859365953203
3930163,08cfaa03-da77-4729-8171-c65b3764fbe6,25,Pass,16,41.9,47.1,9,50.26378015841394,66.56392963276207,16.30014947434813,37.42268148705546,34.81043002958474,32.211654597893755,36.00008815593381,3.5341070865201307,2.6048895365201954,4.375743649273808,13.075307684714993,5.618678508496565,26.998065932469608
3930163,dd161da8-9884-41f2-8a4f-3c4f50d29dc0,25,Ball Receipt*,17,43.7,66.9,8,50.13655158755012,66.14313186835504,16.00658028080492,40.64765559929555,32.69483947340367,38.992506219714194,28.662361844080223,3.888192304572187,2.141891318927008,5.895083966390374,13.743654270379352,3.835412429489004,25.89006784548531
3930163,a6b58fff-623f-406f-91de-454d38866b61,25,Pass,17,44.4,66.5,8,50.836552350489576,66.8431326312945,16.00658028080492,40.24765407341664,32.29483794752476,38.992506219714194,28.662361844080223,3.888192304572187,2.141891318927008,5.895083966390374,13.743654270379352,3.835412429489004,26.59006860842476
3930163,14bc4715-321b-4f26-8254-a0ff3f28fdb4,25,Ball Receipt*,28,55.1,73.3,9,42.82434785797908,64.78112715807032,21.95677930009124,35.912163315631794,27.509050296399362,67.3352258805085,59.435074424123044,7.653985813787891,3.8056405115959895,1.072606289710194,28.84391659481932,9.309294865579815,34.125095853575836
3930163,6b446a19-39f8-4772-95bd-efa988c51f15,25,Ball Receipt*,13,52.2,22.0,8,52.16474149621614,63.08170795608231,10.916966459866174,31.600000320787455,12.343266444900815,37.890034987245556,15.511319167065864,4.4420105539729,4.240845379841365,2.5500548274829384,20.600340486148653,3.572373495865076,28.59714634602264
3930163,a7cb887d-1aa0-4c65-b911-3ac265acd05a,25,Pass,13,52.7,22.2,8,52.66474149621614,63.58170795608231,10.916966459866174,31.800001083726908,12.543267207840268,37.890034987245556,15.511319167065864,4.4420105539729,4.240845379841365,2.5500548274829384,20.600340486148653,3.572373495865076,29.09714634602264
3930163,1dfa9e40-5668-44a8-8bc9-034853caddcc,25,Ball Receipt*,15,42.5,45.6,8,53.26234438356554,64.0854409786525,10.823096595086959,34.311317595058235,17.61060431806241,37.03952948215375,16.96771146982891,3.974803849727921,3.802343649566149,0.0443979120821254,17.699865598000464,0.4339786880364578,31.916233303389575
3930163,daaa4479-845f-4a30-9ff3-80e3f59aa568,25,Carry,15,42.5,45.6,8,53.26234438356554,64.0854409786525,10.823096595086959,34.311317595058235,17.61060431806241,37.03952948215375,16.96771146982891,3.974803849727921,3.802343649566149,0.0443979120821254,17.699865598000464,0.4339786880364578,31.916233303389575
3930163,b5f93fb1-74fe-457b-93ff-b7db210f1cbf,27,Ball Receipt*,44,56.5,52.8,8,39.52405429121178,57.65313248591577,18.129078194703986,53.94962852179608,47.968115629234944,43.45269598934067,40.99010779813706,5.122350251661724,5.671114161590496,1.53470684678107,28.940398813888535,16.58220678173229,24.509999833946978
3930163,4592dd31-1dba-49b6-9dbe-2dee7e84904f,27,Carry,44,56.5,52.8,8,39.52405429121178,57.65313248591577,18.129078194703986,53.94962852179608,47.968115629234944,43.45269598934067,40.99010779813706,5.122350251661724,5.671114161590496,1.53470684678107,28.940398813888535,16.58220678173229,24.509999833946978
3930163,05be0047-b165-4769-976e-a337c1429b27,27,Pass,44,56.1,52.2,8,39.12405276533288,57.25313096003686,18.129078194703986,53.349630047674985,47.36811715511385,43.45269598934067,40.99010779813706,5.122350251661724,5.671114161590496,1.53470684678107,28.940398813888535,16.58220678173229,24.10999830806807
3930163,3a6c765d-42ed-4c40-9793-7b1988bb0b6a,31,Pass,23,40.2,20.1,10,52.11442916951764,65.77133843543297,13.656909265915324,28.412438028304837,35.88677883209743,32.48051482946639,46.739036664528896,5.117168911744299,4.709318219661459,3.580801326257056,18.10146171161054,8.58859704864767,32.23592881632523
3930163,5d614481-5c30-4272-a47a-34f8d0f06f9d,31,Ball Receipt*,24,47.5,19.1,8,49.78453202224073,64.13478071970889,14.350248697468153,29.29519224133918,19.348743303465387,34.10096963711615,22.50150765475607,4.618796835454329,5.225381148047161,4.091341128426855,18.661215050886092,7.657913306353446,30.006261289978994
3930163,1dde23eb-8b7e-493c-b868-57d657f1c9a7,31,Carry,24,47.5,19.1,8,49.78453202224073,64.13478071970889,14.350248697468153,29.29519224133918,19.348743303465387,34.10096963711615,22.50150765475607,4.618796835454329,5.225381148047161,4.091341128426855,18.661215050886092,7.657913306353446,30.006261289978994
3930163,d01dd44c-743d-4ce1-9b6d-44a9d8d87656,31,Pass,24,47.5,19.6,8,49.78453202224073,64.13478071970889,14.350248697468153,29.79519224133918,19.848743303465387,34.10096963711615,22.50150765475607,4.618796835454329,5.225381148047161,4.091341128426855,18.661215050886092,7.657913306353446,30.006261289978994
3930163,31b79325-d225-48e3-aec0-c94459b4dfa8,31,Ball Receipt*,28,32.6,40.4,8,50.01054949254999,65.68474620141154,15.674196708861551,33.472210419121,24.426826747367585,35.11030263325243,23.209425330176042,4.863722922223789,3.5369097807865404,4.5683214295493855,14.687786962922488,7.779233975659487,32.599998474121094
3930163,8356a868-5c75-4c28-834e-1d4b913b9e34,31,Carry,28,32.6,40.4,8,50.01054949254999,65.68474620141154,15.674196708861551,33.472210419121,24.426826747367585,35.11030263325243,23.209425330176042,4.863722922223789,3.5369097807865404,4.5683214295493855,14.687786962922488,7.779233975659487,32.599998474121094
3930163,11bc5ead-7497-4562-a6a0-e00473ad55a2,32,Ball Receipt*,47,56.1,66.0,8,45.0103958736234,62.631926163507636,17.621530289884234,57.81650636558559,48.11679050623474,41.99804038590731,42.4778586173819,6.6284299832475835,2.0215537607577216,3.7097500405793085,21.776938700311746,18.96564122221463,30.74821837559727
3930163,b67eefb1-f627-4a36-85fb-82159bc0ddc8,32,Carry,47,56.1,66.0,8,45.0103958736234,62.631926163507636,17.621530289884234,57.81650636558559,48.11679050623474,41.99804038590731,42.4778586173819,6.6284299832475835,2.0215537607577216,3.7097500405793085,21.776938700311746,18.96564122221463,30.74821837559727
3930163,f7727a9c-dda3-453e-bfc1-cfe77a599676,32,Pass,48,56.1,66.0,10,48.38248124568288,67.9574087706198,19.57492752493691,58.39506881001978,49.665686710643485,40.544484872652994,39.952880358419506,8.07972267847045,3.5684989657777995,2.376719527895503,21.350230901937998,8.918419898937472,33.77281126326546
3930163,309008a4-0ad1-4c92-8f16-a1dda85823bd,35,Ball Receipt*,5,29.8,58.8,9,37.35788763569923,54.664391849126986,17.306504213427758,48.5061316381,46.38401907191653,39.19696524637369,12.951667083779164,5.232735851604981,6.87923165553605,6.598718742615816,12.828445612056754,1.6542318919687773,24.378082970692134
3930163,1595b6be-f573-4059-9999-e5e27f894c93,35,Carry,5,29.8,58.8,9,37.35788763569923,54.664391849126986,17.306504213427758,48.5061316381,46.38401907191653,39.19696524637369,12.951667083779164,5.232735851604981,6.87923165553605,6.598718742615816,12.828445612056754,1.6542318919687773,24.378082970692134
3930163,7975770d-79b7-44da-9f8d-12be619c1561,35,Ball Receipt*,11,30.7,46.5,8,29.7954034379084,47.20251572822482,17.407112290316416,48.81587280525481,41.62597278114688,42.32478573371888,15.762083963524582,6.22696530961959,5.075375747074616,1.3443870648561074,17.615389909846762,6.916122099144097,18.925917231030724
3930163,1baea06a-c76a-44ae-8682-7e0c1837e0b2,35,Carry,11,30.7,46.5,8,29.7954034379084,47.20251572822482,17.407112290316416,48.81587280525481,41.62597278114688,42.32478573371888,15.762083963524582,6.22696530961959,5.075375747074616,1.3443870648561074,17.615389909846762,6.916122099144097,18.925917231030724
3930163,67e9c09a-39f8-422e-b754-731979f1475f,35,Pass,11,30.7,46.5,8,29.7954034379084,47.20251572822482,17.407112290316416,48.81587280525481,41.62597278114688,42.32478573371888,15.762083963524582,6.22696530961959,5.075375747074616,1.3443870648561074,17.615389909846762,6.916122099144097,18.925917231030724
3930163,0c357ffd-a1d7-458a-b4dc-05eb8a68cbaa,35,Ball Receipt*,12,25.8,58.4,8,30.9939847976014,47.05104167650251,16.057056878901108,47.494999739389236,39.22569396736059,38.4363517872026,18.2746424113584,4.9208858784761915,4.665657470905188,4.688496220290837,13.97168056662182,6.8654657786349205,18.382493902129426
3930163,a0bee0d7-912d-410f-92f0-bc1e30ce41b7,35,Carry,12,25.8,58.4,8,30.9939847976014,47.05104167650251,16.057056878901108,47.494999739389236,39.22569396736059,38.4363517872026,18.2746424113584,4.9208858784761915,4.665657470905188,4.688496220290837,13.97168056662182,6.8654657786349205,18.382493902129426
3930163,f664d72b-c807-4497-b394-720b84f22e10,35,Pass,12,25.8,58.8,8,30.9939847976014,47.05104167650251,16.057056878901108,47.89499745057088,39.62569167854223,38.4363517872026,18.2746424113584,4.9208858784761915,4.665657470905188,4.688496220290837,13.97168056662182,6.8654657786349205,18.382493902129426
3930163,7b913a19-6431-4978-8640-b77f899e66c3,35,Ball Receipt*,13,35.0,57.9,8,31.91629464225386,47.829642515155534,15.913347872901674,49.83062458122982,41.28100421793168,36.88652751223616,19.94285716819062,4.599247743929992,4.8659206322141975,5.315132698339788,10.930775664892444,6.747488821183644,18.278469233031643
3930163,93932f6d-3b1d-4299-8b7d-36443b7a6f82,35,Carry,13,35.0,57.9,8,31.91629464225386,47.829642515155534,15.913347872901674,49.83062458122982,41.28100421793168,36.88652751223616,19.94285716819062,4.599247743929992,4.8659206322141975,5.315132698339788,10.930775664892444,6.747488821183644,18.278469233031643
3930163,41529f30-e9a4-4d60-a176-8689f57d1505,35,Pass,15,42.5,56.9,9,41.12829602168069,58.51660013483809,17.388304113157403,48.99878043725512,48.46439914141756,34.82575542736671,33.00476084007836,4.962959927096827,7.112151369343703,3.26587443932727,15.915076378263976,8.00247572817424,31.29153810014546
3930163,046b2e1a-20de-4675-bedb-92020daa4962,36,Pass,38,52.9,56.5,10,42.85449771022155,62.44933780077719,19.594840090555635,42.58794427806238,38.6595592483301,39.14806528437543,42.327277709277524,8.721620124989155,3.9924545687413078,4.557600036851241,17.147567296561945,5.902431239561935,25.52578665588173
3930163,66ba0929-935e-4e37-aa99-4d6c7d2e845b,36,Pass,7,31.5,65.5,8,33.987627472003986,52.759563969742736,18.77193649773875,44.159247447783,42.41182568223156,44.856963815911065,23.91426573740383,12.812506851247832,0.48676870122453936,6.081634935553453,17.53711137869007,6.435150162491588,16.392672366127798
3930163,819f76fc-7e5f-467a-86d4-9f06bf504a7b,36,Ball Receipt*,7,30.2,56.0,8,33.62596882359472,51.66851228920974,18.04254346561502,39.78719557066379,47.74949279680814,29.19791283592552,38.67081780102422,12.413735505919629,0.5833530388809383,3.4620763088490705,15.512530198957322,13.740835278374426,15.41868589145215
3930163,78c44b37-45a0-436b-b752-a2a5818bbbce,36,Carry,7,30.2,56.0,8,33.62596882359472,51.66851228920974,18.04254346561502,39.78719557066379,47.74949279680814,29.19791283592552,38.67081780102422,12.413735505919629,0.5833530388809383,3.4620763088490705,15.512530198957322,13.740835278374426,15.41868589145215
3930163,35ab1135-7545-46b3-a649-fd9f443f2c42,36,Pass,9,33.1,54.9,8,36.06874708825651,54.3631991540814,18.294452065824892,42.997809964392175,49.81158891184299,29.921902789285767,40.37945594313254,10.631077851956555,1.0322555877198984,1.670512582437084,17.29610384808364,14.404682310916513,17.069774639328593
3930163,ae0b81ea-4cf8-4b13-acae-edbedccbba9b,36,Ball Receipt*,10,36.6,28.6,10,38.97742698251038,58.69274500537364,19.715318022863258,38.538865832997494,40.42425704451758,28.832086803203985,42.071044472345335,8.633207252648143,3.1429182713525305,2.692329587194486,13.379832677056697,11.982034772867948,26.867118687990434
3930163,5eaaac07-044f-45b7-a13c-aff0c088f78b,36,Carry,10,36.6,28.6,10,38.97742698251038,58.69274500537364,19.715318022863258,38.538865832997494,40.42425704451758,28.832086803203985,42.071044472345335,8.633207252648143,3.1429182713525305,2.692329587194486,13.379832677056697,11.982034772867948,26.867118687990434
3930163,0a4e38f3-9cd2-45b9-9db9-2ff54fd85880,36,Pass,11,36.2,28.1,10,39.077794770995595,57.86998258050525,18.792187809509656,40.505953546426056,40.47995212366057,27.041857023431444,45.23603936920307,7.095630853521492,3.0712438219939617,2.273823008038491,13.10590828161024,11.843141065915972,26.530324003755823
3930163,240a21c4-b20c-4a36-b54a-e5d65c9496bf,36,Ball Receipt*,13,45.9,5.0,10,44.452409298370256,58.37173111860491,13.919321820234657,29.33401562344516,38.18581099661079,40.4853140642621,26.880226621759476,5.347548111950704,4.716863931224809,0.8559836715585831,19.95705925020812,4.1997561135846695,28.487275520341477
3930163,9cbb12ff-2649-4c92-ac13-fcc50505dea5,36,Carry,13,45.9,5.0,10,44.452409298370256,58.37173111860491,13.919321820234657,29.33401562344516,38.18581099661079,40.4853140642621,26.880226621759476,5.347548111950704,4.716863931224809,0.8559836715585831,19.95705925020812,4.1997561135846695,28.487275520341477
3930163,0b5666d4-251d-45a6-8369-b024ccdf44f6,36,Ball Receipt*,15,28.1,15.6,9,46.617984328439064,57.98762470412608,11.369640375687013,26.860998475667486,34.04921812162577,40.812569973338576,30.117028282465927,4.11126479719286,3.6498827046095443,4.493674009975837,18.390032427422867,2.6718546040833644,28.100000381469727
3930163,2ae5dedf-aaa9-4345-8b94-45b4aac3f610,36,Carry,15,28.1,15.6,9,46.617984328439064,57.98762470412608,11.369640375687013,26.860998475667486,34.04921812162577,40.812569973338576,30.117028282465927,4.11126479719286,3.6498827046095443,4.493674009975837,18.390032427422867,2.6718546040833644,28.100000381469727
3930163,ba33e539-3c8a-4944-a8ea-a2315a7f5045,36,Pass,16,28.1,15.6,8,46.70788410355701,56.5513029163684,9.843418812811393,26.426545772498294,30.129106348757087,42.9124686880411,28.73932117422959,4.310928333446603,0.7342762559552691,2.667001437860147,17.354890095579773,11.474446523761515,22.830914695500084
3930163,0c12c9f1-c2f9-4662-af2f-2c02f54378d4,36,Ball Receipt*,18,21.0,30.3,8,44.73943951603931,55.144622345574625,10.405182829535313,26.12306742333853,29.453790781545393,43.631293025268604,28.873727630470817,4.714856118164421,1.2894883269452333,3.483364431880556,15.197990787810006,11.727154065202797,21.0
3930163,c500af59-4de0-48ec-9351-53054a4ec5b0,36,Carry,18,21.0,30.3,8,44.73943951603931,55.144622345574625,10.405182829535313,26.12306742333853,29.453790781545393,43.631293025268604,28.873727630470817,4.714856118164421,1.2894883269452333,3.483364431880556,15.197990787810006,11.727154065202797,21.0
3930163,ddc29e15-3dfd-4a63-a691-27fd8fe17ebf,36,Pass,19,23.2,31.2,8,45.36962016093717,56.753054242008346,11.38343408107118,36.210692606269006,21.59883876650204,32.78537036877813,25.25175119310764,5.184545159124931,1.7020383858410024,4.504262881881971,11.071502455308984,6.074486333315068,23.200000762939453
3930163,d8146861-6b24-4e79-9027-2737a18ed53a,36,Ball Receipt*,28,43.8,74.2,8,43.43140393926469,59.07500406910098,15.643600129836287,44.847329865492455,35.620879119156825,47.48816821297345,40.68197888160496,5.708756572263852,5.641912480562755,1.4729892448385016,16.26137408302413,15.153700669265426,24.44245367905301
3930163,acd771ed-0819-485a-9668-b2b36c8137a2,36,Pass,28,43.5,74.0,8,43.131404702204144,58.77500483204043,15.643600129836287,44.64733291725027,35.42088217091464,47.48816821297345,40.68197888160496,5.708756572263852,5.641912480562755,1.4729892448385016,16.26137408302413,15.153700669265426,24.142454441992463
3930163,cd73db88-da73-452e-8c74-e9de2249f2ed,37,Ball Receipt*,30,35.4,65.0,8,46.41223943830451,60.92977311763533,14.517533679330818,44.64201213398987,31.655317240842066,49.74047131374186,32.27410506867332,5.115003158392272,5.0990338442389715,5.739759990868983,15.951161079800492,14.212590413156214,23.93449529509931
3930163,ce65a714-9ab2-40cf-881c-ff15e1deb883,37,Carry,30,35.4,65.0,8,46.41223943830451,60.92977311763533,14.517533679330818,44.64201213398987,31.655317240842066,49.74047131374186,32.27410506867332,5.115003158392272,5.0990338442389715,5.739759990868983,15.951161079800492,14.212590413156214,23.93449529509931
3930163,5c8c9d07-c8b4-4ac8-b9d3-28dbfeef09f6,37,Pass,30,35.5,65.0,8,46.60941482529207,61.28543733817117,14.6760225128791,45.411003104241686,32.7680682470772,49.882908815769895,32.12797833731672,4.698864948893789,4.621663387484983,5.255711526942612,16.44577860700243,13.861835647198419,23.73119669086831
3930163,24ed23f7-b055-447a-8cb6-f188a707b2e9,37,Ball Receipt*,31,38.1,53.9,8,45.07178267220424,60.5414998996901,15.469717227485859,42.50692545665876,30.29559364232478,48.04831030844165,31.176508584271932,3.9911773613642865,4.002738213720267,4.654729232300028,16.169208933371564,13.272993863778794,21.565744950025277
3930163,1f8c0eac-7321-48da-a526-37175b42951d,37,Carry,31,38.1,53.9,8,45.07178267220424,60.5414998996901,15.469717227485859,42.50692545665876,30.29559364232478,48.04831030844165,31.176508584271932,3.9911773613642865,4.002738213720267,4.654729232300028,16.169208933371564,13.272993863778794,21.565744950025277
3930163,5218300c-4781-4b7b-adb0-6b449014166d,37,Ball Receipt*,37,27.2,26.9,9,47.8536935271582,63.58348548949931,15.72979196234111,41.54193731058974,32.745350732096085,44.97014447879524,29.848168609989404,4.96686799282903,2.9842911990602548,7.390014851471442,14.685917565212833,4.113045625940522,24.269066345857006
3930163,d986d383-25c7-4ae6-b931-6a6eadd51d5d,37,Carry,37,27.2,26.9,9,47.8536935271582,63.58348548949931,15.72979196234111,41.54193731058974,32.745350732096085,44.97014447879524,29.848168609989404,4.96686799282903,2.9842911990602548,7.390014851471442,14.685917565212833,4.113045625940522,24.269066345857006
3930163,91ce4452-4665-44a9-a049-30e0469225e7,37,Pass,38,31.4,24.1,10,49.81938627132071,64.10482360509698,14.285437333776272,39.67631419988871,35.26652337916361,43.55952109979182,46.47446147550622,4.059862310495099,2.7212193052407097,6.077322297187543,14.631709760658275,11.220048637961632,26.832952150624934
3930163,f6a54393-1096-4fbd-9a8b-d3a84576a011,37,Ball Receipt*,40,44.7,4.3,10,52.97149004442601,65.71238915034749,12.740899105921478,35.121892409503815,25.776891715029276,44.926440194107315,24.385959547232588,3.6845861616294373,2.5395633103925324,5.501547431158336,15.97532161351694,1.4548916284186078,36.36748558145266
3930163,e9e7de82-dda3-412e-9721-f6d76ac35089,37,Carry,40,44.7,4.3,10,52.97149004442601,65.71238915034749,12.740899105921478,35.121892409503815,25.776891715029276,44.926440194107315,24.385959547232588,3.6845861616294373,2.5395633103925324,5.501547431158336,15.97532161351694,1.4548916284186078,36.36748558145266
3930163,49d750a0-668e-48e7-8bb8-86ea32536d0e,37,Ball Receipt*,5,28.8,10.6,9,26.628724011385344,38.811211612469236,12.182487601083892,30.726138229240128,29.385133466096203,37.01539482076441,40.33280567714186,5.275442977237216,2.8787930598494667,3.08698244883076,16.35010681768957,2.4217109845439637,3.870941374124314
3930163,21bbdbb3-e1f5-4ce9-abbf-b33112c90542,37,Carry,5,28.8,10.6,9,26.628724011385344,38.811211612469236,12.182487601083892,30.726138229240128,29.385133466096203,37.01539482076441,40.33280567714186,5.275442977237216,2.8787930598494667,3.08698244883076,16.35010681768957,2.4217109845439637,3.870941374124314
3930163,a478dff5-cb5e-4c84-9dbf-cb421ebb1767,37,Pass,5,28.4,9.9,9,26.22872439285507,38.41121199393896,12.182487601083892,30.026137466300675,28.68513270315675,37.01539482076441,40.33280567714186,5.275442977237216,2.8787930598494667,3.08698244883076,16.35010681768957,2.4217109845439637,3.4709417555940405
3930163,dca1c9b8-ae41-40cf-bfcc-39004a5ddbcd,37,Ball Receipt*,6,21.3,24.0,8,28.78121083658519,41.95425981099835,13.173048974413163,25.632650299152612,17.75154814535176,41.31720699078247,9.922639909275986,5.961090979752807,3.1185162656014667,3.3275280846531743,15.67793613711428,4.696638613988611,4.865027650528617
3930163,5594e25d-5023-48f8-93c1-891ca1c76d91,37,Carry,6,21.3,24.0,8,28.78121083658519,41.95425981099835,13.173048974413163,25.632650299152612,17.75154814535176,41.31720699078247,9.922639909275986,5.961090979752807,3.1185162656014667,3.3275280846531743,15.67793613711428,4.696638613988611,4.865027650528617
3930163,583fba70-f663-46d0-80ef-d6240379bf13,39,Dribble,49,77.5,33.3,9,32.68057375322316,44.35601534902255,11.675441595799391,42.888484914289215,44.05795195648437,36.50771012883662,22.580535877710133,3.288919390782817,4.142365580360852,4.643215411858634,14.48453632246419,0.29733609514764225,31.00577554232303
3930163,65b5f954-3b61-459b-b63a-58b47d2ebaaf,44,Pass,38,21.0,41.1,8,44.36129930139828,63.56633076108975,19.20503145969147,35.61997461369982,31.391181822668642,35.144856749394094,32.390498637233165,10.80700865010735,3.567130127843803,3.2341200572433735,13.332518998826643,14.143713546796242,21.0
3930163,dc0c1448-aaa7-49eb-bec3-30b9db3a1218,44,Ball Receipt*,6,42.0,75.4,9,22.565602602371154,50.027258121187884,27.46165551881673,55.90571700680232,51.648843921739335,50.4468347208048,45.705821720817916,8.689466874036999,4.681611479062686,2.6977597856257773,30.265909813948696,13.320871969253112,15.228431577729438
3930163,b27cef46-de73-486d-ac1e-5fcafd32661c,44,Carry,6,42.0,75.4,9,22.565602602371154,50.027258121187884,27.46165551881673,55.90571700680232,51.648843921739335,50.4468347208048,45.705821720817916,8.689466874036999,4.681611479062686,2.6977597856257773,30.265909813948696,13.320871969253112,15.228431577729438
3930163,d8bcb90a-dc29-41a4-99e5-1e42d84883ff,44,Ball Receipt*,12,20.1,77.0,9,30.333170101841365,53.06774818889373,22.734578087052366,58.63474557058237,54.89839654578576,48.93289153888827,36.31290284408216,6.634821674184687,6.886601700972346,0.028465270243287932,28.438542565587127,6.545643919409187,20.100000381469727
3930163,db0ff1ef-9242-46c6-9313-a08201e2a5f7,44,Carry,12,20.1,77.0,9,30.333170101841365,53.06774818889373,22.734578087052366,58.63474557058237,54.89839654578576,48.93289153888827,36.31290284408216,6.634821674184687,6.886601700972346,0.028465270243287932,28.438542565587127,6.545643919409187,20.100000381469727
3930163,aabcfdbb-0585-4ac5-8210-b99655378fe1,44,Pass,12,20.3,76.8,9,29.380586491555942,53.32541949163492,23.944833000078976,59.02429039660082,55.260880366814476,47.76161966449566,36.977080747912936,6.670231379580655,6.251327987610627,1.9208294493581803,27.266184900046376,7.891194666398235,12.153171005247259
3930163,68b516af-f799-49f2-9e50-e74b3c5b8231,44,Pass,30,48.4,45.7,8,50.75839005423502,65.7934212714224,15.035031217187381,49.761527894645226,42.987476626689336,39.87820911235506,31.595435671044456,7.650118113491496,3.7049243249523967,1.137027258855717,18.87451050484438,13.871899161112225,27.934422774385865
3930163,fb6d325a-1830-455c-a7bc-d8f56aff4ec2,45,Ball Receipt*,16,65.6,55.4,9,46.25411444232751,66.22337982987459,19.969265387547075,51.982952261730496,47.00029352677396,38.677206303488305,25.123660368792073,8.139641793228053,3.6906843872495996,3.829091947391909,16.67137429179013,0.5030987416841057,32.07132155847462
3930163,a6a25bbc-ead9-4a43-a698-e9c9c0cf69a2,45,Carry,16,65.6,55.4,9,46.25411444232751,66.22337982987459,19.969265387547075,51.982952261730496,47.00029352677396,38.677206303488305,25.123660368792073,8.139641793228053,3.6906843872495996,3.829091947391909,16.67137429179013,0.5030987416841057,32.07132155847462
3930163,b6d2ad59-442d-4dec-bf46-0c2b54dd3dae,46,Pass,64,33.9,22.3,9,51.86966451149134,68.77059536383516,16.90093085234382,32.48098838999563,47.86322179961391,39.17495560628771,33.49505400809298,8.864937944996967,2.983720475167147,0.19513664368810169,15.755773217228395,6.301195927056028,18.71372114870286
3930163,adda3632-fad4-471f-8a14-83c3ce427378,46,Ball Receipt*,67,24.0,49.8,8,48.321813176377056,64.72438201593134,16.402568839554284,34.91403793588148,56.366348407145104,33.65172655685409,17.594220212484018,9.764308344031386,2.990059793492546,2.099506323644583,12.46781904486636,7.680483531891646,24.0
3930163,3cd3c272-dc22-4c25-b408-22d16b74756d,46,Carry,67,24.0,49.8,8,48.321813176377056,64.72438201593134,16.402568839554284,34.91403793588148,56.366348407145104,33.65172655685409,17.594220212484018,9.764308344031386,2.990059793492546,2.099506323644583,12.46781904486636,7.680483531891646,24.0
3930163,60e3d5d7-0e7c-47ce-85fe-465b4807e2b1,46,Ball Receipt*,69,42.3,73.5,10,49.72345939346421,66.74546669790499,17.022007304440777,44.29284707940367,48.634159350934226,43.07991184462298,48.53362792767372,8.74516167626006,2.5930384497896726,4.214849507857217,16.346509440200848,6.8100420080872155,41.31596730461618
3930163,3e646fc0-25c4-4e26-b566-2ebdd01d72a9,46,Carry,69,42.3,73.5,10,49.72345939346421,66.74546669790499,17.022007304440777,44.29284707940367,48.634159350934226,43.07991184462298,48.53362792767372,8.74516167626006,2.5930384497896726,4.214849507857217,16.346509440200848,6.8100420080872155,41.31596730461618
3930163,7a99eb64-b6c5-422f-9896-df3c7a1bd6d4,46,Pass,6,34.0,9.7,8,32.57627091473691,44.85226499323193,12.275994078495017,23.616213272068315,13.910307276292466,39.77351112336522,13.643645083923285,4.945942172215383,4.08242905323552,2.0627276877830916,20.848672725557588,2.6645391492177595,17.885876847911604
3930163,d05142a0-0f1a-461c-9cc2-3e9240d0ad28,46,Ball Receipt*,11,57.2,62.5,10,37.50831148392706,54.22830395686252,16.71999247293546,26.57604800284677,46.06564269680902,29.18729704312094,41.11590017223132,6.5456921454285295,5.97471422422476,2.699509546414472,10.42637059432689,0.4841386713674183,23.784119350270473
3930163,d15dd17c-e21c-41bb-bf99-4a56481604ad,46,Carry,11,57.2,62.5,10,37.50831148392706,54.22830395686252,16.71999247293546,26.57604800284677,46.06564269680902,29.18729704312094,41.11590017223132,6.5456921454285295,5.97471422422476,2.699509546414472,10.42637059432689,0.4841386713674183,23.784119350270473
3930163,b8b81bf8-7d0c-44b8-ab22-8bc6caa6652a,46,Pass,11,57.2,62.5,10,37.70964814697034,54.326972967500524,16.617324820530186,26.884571135803277,45.76470593007442,29.32123448784945,41.23156740134226,6.493708484600189,5.829860371490569,2.626632417713026,10.063203635901395,0.21038899240039655,24.14123582348376
3930163,92bc36d8-3133-4ef3-a19f-e953b4f0e7df,46,Ball Receipt*,12,57.8,47.5,10,40.305946684288024,60.63126881718625,20.32532213289823,25.186181495873853,46.533473227460604,32.15431380115429,38.85946855943864,7.470463494960151,4.3057242059883025,2.9184621923749887,12.314686467444012,0.7536805470935164,27.99042270950484
3930163,b1d44827-142d-4a12-aa35-6eddb5238bb4,46,Carry,12,57.8,47.5,10,40.305946684288024,60.63126881718625,20.32532213289823,25.186181495873853,46.533473227460604,32.15431380115429,38.85946855943864,7.470463494960151,4.3057242059883025,2.9184621923749887,12.314686467444012,0.7536805470935164,27.99042270950484
3930163,a69f89d1-a625-4fce-af5d-76045b91c948,47,Ball Receipt*,6,40.9,73.7,8,39.696100445464836,52.657345764695386,12.96124531923055,51.983152261724584,41.87102612189801,34.548892628691085,29.4630720154503,5.1924897710748,4.9814856042129465,3.913141302434667,15.026513420094737,14.504063792810207,31.19834151053277
3930163,3c1a43af-6e85-46dc-acb7-bbf3f315f9ea,47,Carry,6,40.9,73.7,8,39.696100445464836,52.657345764695386,12.96124531923055,51.983152261724584,41.87102612189801,34.548892628691085,29.4630720154503,5.1924897710748,4.9814856042129465,3.913141302434667,15.026513420094737,14.504063792810207,31.19834151053277
3930163,85c0d22a-7e46-4dfb-8bba-5045f70b465a,47,Pass,19,48.9,40.6,8,50.388201389872115,69.00951606449574,18.621314674623626,38.09355750857257,42.203182229836074,16.147509854852196,29.181646456874617,8.243759934004098,2.5676002205668804,0.808368309156009,8.827993846400453,10.146424102568872,36.47409994694212
3930163,a8874b95-d9de-438d-a60c-633f7b7f80e9,47,Ball Receipt*,20,46.2,32.4,9,48.75918776926407,67.89445922651959,19.13527145725552,32.91042187253609,41.53176867697063,23.777540828214654,30.687907545535836,7.0375717010440635,3.9475693040288924,0.31219574380489234,9.629169079861704,1.6993907508875665,37.591912747817844
3930163,2c2d2751-7d76-4329-a761-c568c2d29564,47,Carry,20,46.2,32.4,9,48.75918776926407,67.89445922651959,19.13527145725552,32.91042187253609,41.53176867697063,23.777540828214654,30.687907545535836,7.0375717010440635,3.9475693040288924,0.31219574380489234,9.629169079861704,1.6993907508875665,37.591912747817844
3930163,9d463713-9e60-465f-b20b-8fae14e6db63,47,Pass,21,49.2,30.2,9,51.3094826040472,70.04870185396868,18.739219249921483,31.58614949823134,41.28819860215853,20.758717789003647,31.83949261602386,6.643337927185787,3.912991408019061,1.349378991941066,10.157649550984878,0.5596163751513359,38.959344829254704
3930163,1f2938aa-0893-4573-b835-157517d26e29,47,Ball Receipt*,6,40.4,73.6,8,29.777227094600597,41.745684806993644,11.968457712393047,46.00843729441998,65.92331642959289,46.48892851671268,13.179840176742282,5.21145208747093,1.4735199394375529,6.9153514367372395,15.839063785714053,5.834394181131657,5.423629601979677
3930163,d0af88dd-293f-44f7-9ae5-48ffcfa3bceb,47,Pass,6,40.1,73.1,8,29.477224042842785,41.44568175523583,11.968457712393047,45.50843729441998,65.42331642959289,46.48892851671268,13.179840176742282,5.21145208747093,1.4735199394375529,6.9153514367372395,15.839063785714053,5.834394181131657,5.123626550221864
3930163,556b111b-c90b-4524-bce0-78d147ba58a5,47,Ball Receipt*,7,51.2,64.5,9,31.619608170180925,46.16366935549382,14.544061185312898,50.41908317088812,69.65669420473488,46.06872636318172,12.948923258455025,5.4802602562412,3.2918057327243697,3.545533163520304,19.035590752578585,0.8997653957130183,15.90695147657565
3930163,89c6ff92-efb5-4f05-840f-be2e0498eede,47,Carry,7,51.2,64.5,9,31.619608170180925,46.16366935549382,14.544061185312898,50.41908317088812,69.65669420473488,46.06872636318172,12.948923258455025,5.4802602562412,3.2918057327243697,3.545533163520304,19.035590752578585,0.8997653957130183,15.90695147657565
3930163,9e678003-0ed0-4c3b-87a7-a3d0b5787605,48,Pass,5,49.4,53.1,9,49.398000619701016,64.68280834210884,15.284807722407827,48.843154296399085,45.580462575409705,44.900210987688936,23.918211363006662,3.9446600462223174,4.12088969251784,5.881458582155588,16.41442818527829,3.215848490206035,39.34106364065033
3930163,21ccbf85-720c-413a-b1cc-7b902b82e345,49,Pass,26,22.6,32.4,8,27.359750409057018,42.754802704861255,15.395052295804238,34.81790327399314,49.069740090803926,39.55300842360898,28.22337365281372,7.724898178440113,1.3326970086301921,4.552971978922862,14.26453872880277,12.95104786637453,16.87073989530637
3930163,f8fae503-311d-4a3d-b4a7-c8e314260831,49,Ball Receipt*,26,35.6,36.4,8,27.986737984297484,40.80648543690448,12.819747452606997,32.93708746108768,47.96894390608502,39.061367326887265,25.676623651064496,7.018463199858687,2.3340061973545865,0.4543524950398421,16.241096312702687,11.65233591907284,17.895123342355525
3930163,324d0d4e-9b6e-4cb3-bb44-7f876c0236ac,49,Carry,26,35.6,36.4,8,27.986737984297484,40.80648543690448,12.819747452606997,32.93708746108768,47.96894390608502,39.061367326887265,25.676623651064496,7.018463199858687,2.3340061973545865,0.4543524950398421,16.241096312702687,11.65233591907284,17.895123342355525
3930163,58291443-85a5-4f6a-925f-458ef4b2f70b,49,Pass,27,30.7,35.5,8,29.03649760462755,41.23346033961792,12.196962734990372,32.745789577948955,45.14154267056495,38.656722672997304,31.553454948897368,5.697002672354756,2.340996179504754,3.330208371956431,16.94180649193813,13.773365513049214,18.615504542880203
3930163,81036c36-1135-4f95-90cf-3d2b3cf337bd,49,Ball Receipt*,28,26.4,32.0,8,29.098117902075444,41.24633206629446,12.148214164219013,30.176755383569706,41.55705503688544,37.667488281596945,32.881578932424866,5.161901109093404,2.1770046982953803,3.431531695764612,17.591572472431995,14.627176112904415,15.695904725556979
3930163,5da0674b-ac08-4b32-8f2d-aeb58c19f1fe,49,Carry,28,26.4,32.0,8,29.098117902075444,41.24633206629446,12.148214164219013,30.176755383569706,41.55705503688544,37.667488281596945,32.881578932424866,5.161901109093404,2.1770046982953803,3.431531695764612,17.591572472431995,14.627176112904415,15.695904725556979
3930163,6ab9e371-cd8f-4746-9f98-80f8d688bb5d,49,Pass,28,25.0,32.0,8,27.69811828354517,39.84633244776418,12.148214164219013,30.176755383569706,41.55705503688544,37.667488281596945,32.881578932424866,5.161901109093404,2.1770046982953803,3.431531695764612,17.591572472431995,14.627176112904415,14.295905107026705
3930163,ab221e8f-dc4d-4042-b390-15de17c4f200,49,Ball Receipt*,10,50.3,55.5,8,44.650084139771664,61.846392481205555,17.19630834143389,46.85089233106247,44.60300814066371,42.7886392521455,24.2428857113715,6.916864725376838,3.2709105831521765,0.09253438953303572,24.22577834852958,0.8238216082040637,34.40482322413391
3930163,685bd451-f430-4134-ae9c-c575e075504c,49,Pass,10,50.3,55.5,8,44.650084139771664,61.846392481205555,17.19630834143389,46.85089233106247,44.60300814066371,42.7886392521455,24.2428857113715,6.916864725376838,3.2709105831521765,0.09253438953303572,24.22577834852958,0.8238216082040637,34.40482322413391
3930163,1d2099b2-0293-4873-a8ae-ec3d8b60f8bc,49,Ball Receipt*,13,43.4,71.0,9,53.04225884488985,66.14914795450824,13.106889109618386,52.738245891814415,57.694179383908946,46.26601928533698,38.09378765503548,7.933764607516994,3.691553490120371,6.098822386183997,20.250883657711483,1.2845657535611679,40.654164147466915
3930163,3f425b66-2782-4a0d-83da-c184d7dea987,49,Carry,13,43.4,71.0,9,53.04225884488985,66.14914795450824,13.106889109618386,52.738245891814415,57.694179383908946,46.26601928533698,38.09378765503548,7.933764607516994,3.691553490120371,6.098822386183997,20.250883657711483,1.2845657535611679,40.654164147466915
3930163,6d2850a9-fb2d-423d-b52a-4bca8c1c341e,49,Pass,15,42.2,69.9,8,48.89189952030706,62.522493918130614,13.630594397823558,58.66418072416849,46.21531400490591,23.723400368532126,49.64719168691867,7.249041949137287,1.6619223736511148,0.8885409455064632,13.292732032099579,14.840019162922808,36.47272311181577
3930163,a272ca0a-5b06-4827-bdeb-ae3e66879b72,50,Pass,33,42.8,33.8,8,38.095856300960975,60.15221748236152,22.056361181400547,37.35533860029068,39.03523127416937,41.62950327249017,32.651482013304296,10.217818562719366,4.441769578585784,2.3021472802560012,15.528391520618317,2.4456826063313883,26.928669084295684
3930163,f659117e-f0f4-4cde-a61d-68931bdf8260,50,Ball Receipt*,34,53.2,46.1,9,42.80746035815757,62.45976348088747,19.652303122729897,35.774114435499314,43.83448928979453,26.077107614053972,42.26550039031077,9.83243494708436,4.841226100153488,0.49819409680534577,12.352131217432014,9.330776365075799,31.510539117147573
3930163,a22776b8-b187-4731-9f28-3025b63766a9,50,Carry,34,53.2,46.1,9,42.80746035815757,62.45976348088747,19.652303122729897,35.774114435499314,43.83448928979453,26.077107614053972,42.26550039031077,9.83243494708436,4.841226100153488,0.49819409680534577,12.352131217432014,9.330776365075799,31.510539117147573
3930163,ac33145c-2d91-46ef-b846-5b34a5ac0c0d,50,Pass,35,52.3,47.7,9,44.79720250558604,63.18998358392513,18.392781078339084,36.16393375404026,43.65166447097985,24.238316055915213,41.49825619009382,8.9936033819688,4.892075524151855,0.22980380931561228,13.053536488942228,9.007895134660657,32.36532165742302
3930163,beef27bf-9eaf-4176-984f-a51a6803a2cc,50,Ball Receipt*,35,44.5,46.7,9,39.6806694380229,58.49734107904219,18.816671641019283,35.97636647335462,46.99904909986811,24.522906424605484,22.414253826817472,8.530684506106763,4.6454689287035755,0.3427637681388376,11.930864827972492,2.6009620609817787,32.06603019787643
3930163,9b81338a-e9f0-4310-b43c-6073cc8cd089,50,Carry,35,44.5,46.7,9,39.6806694380229,58.49734107904219,18.816671641019283,35.97636647335462,46.99904909986811,24.522906424605484,22.414253826817472,8.530684506106763,4.6454689287035755,0.3427637681388376,11.930864827972492,2.6009620609817787,32.06603019787643
3930163,e946a99d-740f-4f5e-a8ac-124e54aa72a5,51,Pass,8,23.1,18.6,8,24.657794544782206,34.9907230020781,10.332928457295893,26.66511618916609,19.301751047077804,49.48474162817341,22.40878970681746,3.71698040745582,4.965530546735659,9.268457397914354,18.059188013330214,7.589239386627558,11.22995841499798
3930163,32c5dd0d-cb41-4d58-89cb-d3bb321051e6,52,Pass,21,36.5,50.3,8,42.224380560970836,56.67521224887444,14.450831687903602,47.029724749554404,46.07542436699688,22.415880498023625,45.848442322214275,8.278984748053995,1.0123463161578177,1.944941419747039,11.865078366091062,16.61981557589231,26.766627372998236
3930163,fc69ce6b-370c-4edf-ae3f-45fb902c7b56,52,Ball Receipt*,21,35.9,38.5,8,43.26647104342857,57.18326757071086,13.916796527282294,46.57082850205426,45.93307075644523,23.950386471061627,46.7721950622822,8.036229024842706,1.3530875573459662,2.4655966818947164,10.80987359833329,17.2245323841697,29.012561670400565
3930163,0e2ef84b-58b1-4875-a178-f7284d944df8,52,Carry,21,35.9,38.5,8,43.26647104342857,57.18326757071086,13.916796527282294,46.57082850205426,45.93307075644523,23.950386471061627,46.7721950622822,8.036229024842706,1.3530875573459662,2.4655966818947164,10.80987359833329,17.2245323841697,29.012561670400565
3930163,06940589-2fc5-45b8-a352-4345a2855006,52,Ball Receipt*,27,56.5,55.5,9,49.604553643035345,64.39145014472953,14.786896501694187,43.92559240436788,38.94298537987628,23.68568534443449,42.0001148401156,6.862236048853213,6.426272287679889,3.6491848083740663,10.05341324375624,1.2762302314259806,39.475016558244505
3930163,830783c3-25c7-43b2-bb79-903c882e1748,52,Carry,27,56.5,55.5,9,49.604553643035345,64.39145014472953,14.786896501694187,43.92559240436788,38.94298537987628,23.68568534443449,42.0001148401156,6.862236048853213,6.426272287679889,3.6491848083740663,10.05341324375624,1.2762302314259806,39.475016558244505
3930163,2863ca7e-76ba-457b-a4b9-4200b5dc3364,52,Pass,29,58.1,57.0,9,52.62101847614592,67.17630930293089,14.555290826784969,49.0957802698693,29.375572085879295,27.44225556369193,24.88407086496605,7.454201528162371,5.991679244817535,2.9265798740423747,11.005605821111224,4.455720440254513,41.302671219582585
3930163,b743881d-f72d-415c-9dc8-37ffa5b3800d,52,Pass,33,45.4,55.8,9,49.86825633683141,69.01289155056631,19.1446352137349,51.91762474734994,31.53212500754804,26.831361930183576,30.70052725353765,4.9227863177901,3.1030182293990705,0.515925636451982,17.403367537460994,3.442714346268396,28.71032531896959
3930163,3590ba9e-4c3a-4c6c-9939-b58009447d26,53,Ball Receipt*,58,51.1,61.1,8,36.24168114465459,55.60433586830567,19.362654723651076,53.76724294810897,45.614144198012276,40.44132341563645,36.42590144770488,9.335269742435365,5.22139248906655,5.499495402392476,18.479924812964924,17.489151361815146,23.041797053208676
3930163,0d61bc56-d48a-4114-bf6c-1456cc9ada7c,53,Pass,58,51.1,61.1,8,36.24168114465459,55.60433586830567,19.362654723651076,53.76724294810897,45.614144198012276,40.44132341563645,36.42590144770488,9.335269742435365,5.22139248906655,5.499495402392476,18.479924812964924,17.489151361815146,23.041797053208676
3930163,2c22a64c-6076-4c4d-a11a-e10c58e10805,54,Pressure,5,43.2,53.9,8,54.28590545054961,68.36356596718458,14.077660516634971,51.806306493033084,43.06958060746961,24.73591771332805,20.48377581225938,8.393431595411665,2.1588437945753607,1.3339364548887573,10.958804136421001,9.249607720961087,42.39043245093715
3930163,b19ee55c-ab2a-4282-9711-db73fb3852d3,54,Pass,8,44.8,43.5,8,48.31188420004655,62.76355997992809,14.45167577988154,45.64647973214329,47.03089500410857,40.521996105578296,9.467544072564017,7.163845556668587,2.14192674816856,0.6015319217682347,17.19653067359399,3.3036493605780635,33.84521551185967
3930163,bd4a636e-482e-4b38-a75e-f873467648eb,54,Ball Receipt*,10,49.3,55.5,8,45.538204352086254,58.7740205375533,13.235816185467044,47.93353921853063,49.016850223678176,43.13229052214582,9.787176669470682,5.290126365437246,5.1350289894020635,2.6212875939679847,22.4293140597746,2.2879356612767054,33.834234548837046
3930163,a6e06e33-2169-4f5d-be66-0b70162178b5,54,Carry,10,49.3,55.5,8,45.538204352086254,58.7740205375533,13.235816185467044,47.93353921853063,49.016850223678176,43.13229052214582,9.787176669470682,5.290126365437246,5.1350289894020635,2.6212875939679847,22.4293140597746,2.2879356612767054,33.834234548837046
3930163,b4699011-3175-40a5-8f71-a436454c054b,55,Ball Receipt*,15,29.3,13.5,8,47.83050344853454,64.24020132112234,16.4096978725878,28.33373332002492,36.85702874986481,40.746039532203724,47.4250367429476,8.123085482602558,4.302194251941158,1.5888089583307305,17.219238323122617,16.246903439359258,21.68668433193382
3930163,1c394684-9e21-4a66-a0ab-d4661398ce6f,55,Carry,15,29.3,13.5,8,47.83050344853454,64.24020132112234,16.4096978725878,28.33373332002492,36.85702874986481,40.746039532203724,47.4250367429476,8.123085482602558,4.302194251941158,1.5888089583307305,17.219238323122617,16.246903439359258,21.68668433193382
3930163,fe95897e-174b-41ed-84e3-55eeba758363,55,Pass,16,28.9,13.8,8,47.36325181441829,63.834769515616806,16.471517701198515,29.03714449497496,36.55174275098317,38.682100226248664,50.44804291366829,8.156794825013094,4.322980476908006,1.035485223881171,17.797061240485654,16.470849765502166,20.977765762081848
3930163,73acc3f9-e5d4-4fb2-b710-0f5a6f2eaef2,55,Ball Receipt*,17,43.2,7.2,8,49.6320931945846,65.39556439808409,15.763471203499492,27.706934182620365,34.881607049625444,36.79583333564672,52.81284183404322,7.90703024203179,3.197296944561966,0.06146643105586236,19.33766254274772,17.847657952021848,32.08963467874661
3930163,03b01d3e-493b-4ab1-a46c-686b9a479159,55,Carry,17,43.2,7.2,8,49.6320931945846,65.39556439808409,15.763471203499492,27.706934182620365,34.881607049625444,36.79583333564672,52.81284183404322,7.90703024203179,3.197296944561966,0.06146643105586236,19.33766254274772,17.847657952021848,32.08963467874661
3930163,45696807-0993-4425-969a-f2f474c96c3f,56,Ball Receipt*,7,22.0,70.4,8,20.77670526886969,42.98104406738717,22.204338798517476,47.25712166828998,41.15068686895144,40.59683047756457,30.786812638764303,4.862539882250877,2.214238031353579,2.449133365123771,17.99677879632631,10.611046590063147,14.340256998816827
3930163,dffc1b7d-fdf8-4877-a936-7a385bf309d9,56,Carry,7,22.0,70.4,8,20.77670526886969,42.98104406738717,22.204338798517476,47.25712166828998,41.15068686895144,40.59683047756457,30.786812638764303,4.862539882250877,2.214238031353579,2.449133365123771,17.99677879632631,10.611046590063147,14.340256998816827
3930163,a9687c34-7b0c-4e26-b95e-5609b0ecaca3,56,Pass,7,21.2,72.0,8,19.976706031809144,42.18104483032662,22.204338798517476,48.85712014241108,42.75068534307254,40.59683047756457,30.786812638764303,4.862539882250877,2.214238031353579,2.449133365123771,17.99677879632631,10.611046590063147,13.54025776175628
3930163,f98ae2d0-2741-4ce6-8330-5f34f3684879,57,Ball Receipt*,40,66.2,15.3,8,49.636203929560104,66.78896552290881,17.152761593348707,58.4260997919499,48.95830355831462,43.885788392017176,24.971887737248473,7.697435126800877,3.4150907179607866,1.4269956446894199,23.700242717981546,7.541768942048066,38.623829014743485
3930163,58bfd112-33bb-4a27-b741-d4989c80765c,58,Ball Receipt*,19,42.3,76.5,9,40.13612885912166,56.807180519796695,16.671051660675033,53.13032336785459,50.770420478826495,49.4152547770623,39.2028196159477,5.951879589696877,4.281894182491948,3.347418749025479,18.20213014637573,7.725847933685202,26.948893208348395
3930163,61e6b1ed-f38c-4cda-8105-e2760d03b057,58,Pass,19,42.3,76.5,9,40.13612885912166,56.807180519796695,16.671051660675033,53.13032336785459,50.770420478826495,49.4152547770623,39.2028196159477,5.951879589696877,4.281894182491948,3.347418749025479,18.20213014637573,7.725847933685202,26.948893208348395
3930163,bc6be404-65f8-4a2d-af70-4d442274366e,58,Ball Receipt*,20,43.4,67.3,9,40.06672182278112,55.78832811743648,15.72160629465536,54.39056847531634,52.72234878024649,46.48581372369125,37.870213085850494,5.753762179984527,4.814363999752321,2.5071923736444433,17.15239594898614,7.843163323698093,24.943837808777218
3930163,5554466e-a4cb-42f9-88cb-e59c32215f2e,58,Pass,20,43.1,67.4,9,39.76671877102331,55.488325065678666,15.72160629465536,54.49056694943744,52.822347254367585,46.48581372369125,37.870213085850494,5.753762179984527,4.814363999752321,2.5071923736444433,17.15239594898614,7.843163323698093,24.643834757019405
3930163,d9068c2f-bc51-4b65-954c-ea63872ae161,61,Ball Receipt*,21,61.7,48.8,8,46.78734192826295,68.56977813194908,21.78243620368613,35.95412759023386,43.207500994875005,46.47543658349404,29.31831306369608,6.060028081924828,4.365480839040591,0.4948134045064876,16.195551519473874,7.603688216835714,33.100771301648024
3930163,4078091e-8c8a-4eef-beb5-b6705e3cbcf2,61,Carry,21,61.7,48.8,8,46.78734192826295,68.56977813194908,21.78243620368613,35.95412759023386,43.207500994875005,46.47543658349404,29.31831306369608,6.060028081924828,4.365480839040591,0.4948134045064876,16.195551519473874,7.603688216835714,33.100771301648024
3930163,22cca2bb-41ca-4666-8512-7598f81455a0,61,Pass,6,35.6,51.9,8,49.540514301691815,69.85096046411785,20.310446162426032,53.119687963497725,25.169748761166005,33.932587331866166,18.375197797203356,6.993348913004914,4.038843017484385,0.8034872914331075,17.288337743952837,4.82706350080759,35.599998474121094
3930163,0bdcfb36-5362-4652-97b1-15d4be2d4ba0,61,Ball Receipt*,7,36.2,18.9,8,49.83686390950803,67.19760389387405,17.360739984366013,43.55533911812282,16.11669764297629,34.42095704130779,17.432380845736144,7.376471744203151,4.146859811917248,2.5469851083473287,14.154865056708086,6.82921957412778,21.869156936806
3930163,63624471-0c64-4337-897f-243eb8fcb239,61,Carry,7,36.2,18.9,8,49.83686390950803,67.19760389387405,17.360739984366013,43.55533911812282,16.11669764297629,34.42095704130779,17.432380845736144,7.376471744203151,4.146859811917248,2.5469851083473287,14.154865056708086,6.82921957412778,21.869156936806
3930163,dfe92274-8f04-4e63-a331-ae573026f31a,61,Pass,9,36.2,18.9,8,47.43833251929123,63.075314709475286,15.636982190184057,35.80712054525363,22.160288970805414,43.951191538633736,34.67251644303593,7.003279504191354,4.642088555757318,8.772586282219635,13.150694266888127,15.104337730369753,33.516027300883124
3930163,06e14f0f-60f4-46c2-96f9-eea4e9ff8730,61,Ball Receipt*,9,42.0,25.8,8,47.29121155326045,61.96957885026427,14.678367297003817,29.169491939044867,25.587322689275652,31.95503679345515,51.570784748890006,6.281607668144383,4.159899303086659,5.088077866606056,11.012520564570956,15.109702832196913,32.49966025535207
3930163,58581d4a-e69c-4fac-b8b7-724fc5759e45,61,Pass,9,42.2,25.3,8,47.491212316199906,62.16957961320372,14.678367297003817,28.669491939044867,25.087322689275652,31.95503679345515,51.570784748890006,6.281607668144383,4.159899303086659,5.088077866606056,11.012520564570956,15.109702832196913,32.69966101829152
3930163,c72a7021-ed96-4fd6-a82b-9ad6404ee4e9,61,Ball Receipt*,19,55.1,66.9,10,43.0930726997275,61.294336973584926,18.201264273857426,48.53986523212168,31.81341826772973,30.680762658566103,51.099865772293235,5.849440634384571,3.050752769567774,0.31196164809804827,14.257553447660783,3.865443495788881,26.025835385685028
3930163,7b5ea870-fce8-44cf-b1eb-8dbca089af02,61,Carry,19,55.1,66.9,10,43.0930726997275,61.294336973584926,18.201264273857426,48.53986523212168,31.81341826772973,30.680762658566103,51.099865772293235,5.849440634384571,3.050752769567774,0.31196164809804827,14.257553447660783,3.865443495788881,26.025835385685028
3930163,ed9df273-0e52-4c0c-9636-be11366e6c25,65,Foul Won,31,75.3,25.4,8,38.50020362886092,54.25020088698748,15.749997258126555,51.67326913111799,41.09763605737699,22.39293616504689,32.9746480153151,6.94808445491129,4.61488559213739,1.980389143266997,12.43678412025347,9.304354923912953,32.586775485843006
3930163,d8225b13-643d-4d00-ac59-9f3b0b2be260,71,Ball Receipt*,19,49.4,51.8,9,42.41010300660842,64.00626534043124,21.596162333822818,39.66520371195126,37.168990573432396,37.359190114917816,51.05497724722602,4.589209031829669,1.3367592988423844,2.429153600269686,18.01006659621561,13.513248510986088,25.21097828843915
3930163,6e8ff901-53be-425c-ac92-b23282af2ea4,71,Pass,19,49.4,51.6,9,42.41010300660842,64.00626534043124,21.596162333822818,39.465202949011804,36.96898981049294,37.359190114917816,51.05497724722602,4.589209031829669,1.3367592988423844,2.429153600269686,18.01006659621561,13.513248510986088,25.21097828843915
3930163,65b728ad-8df1-451d-a79e-2144ce3b8c2b,71,Pass,21,58.6,52.8,9,45.117208548596,61.89604708507502,16.77883853647902,41.630998861736124,40.26755811889024,39.914829539658484,46.74525288817751,4.499653870064859,1.824039888758484,3.9482243101970766,23.053513895552527,10.951695518442612,29.41168150906617
3930163,5f0307c1-4225-4fcb-aebb-e8c5cf951a61,74,Pass,6,53.8,11.9,9,47.37705654731654,62.30344200903583,14.926385461719285,23.91188179061566,28.921271364840553,38.32518303589638,36.264025472291216,6.431005448403194,3.306418762040212,1.6286070743472578,17.250981552910297,8.089998843393289,44.16637401230039
3930163,b64f2865-b14d-412c-b6f8-9744cfe27764,74,Ball Receipt*,7,50.2,1.8,9,50.33223615138161,65.72183866425294,15.389602512871335,18.550546955427365,25.65738173222513,37.33572952205432,37.06240736218197,5.180207815425822,3.231478452629201,1.202977022669124,18.116515561554664,9.112810323009239,50.20000076293945
3930163,0e96349f-c908-46fb-9306-3b917f651748,74,Carry,7,50.2,1.8,9,50.33223615138161,65.72183866425294,15.389602512871335,18.550546955427365,25.65738173222513,37.33572952205432,37.06240736218197,5.180207815425822,3.231478452629201,1.202977022669124,18.116515561554664,9.112810323009239,50.20000076293945
3930163,143314f6-53d7-4ec0-b5d8-9521f5ee0e6a,74,Dribble,7,50.2,2.0,9,50.33223615138161,65.72183866425294,15.389602512871335,18.75054700311108,25.857381779908845,37.33572952205432,37.06240736218197,5.180207815425822,3.231478452629201,1.202977022669124,18.116515561554664,9.112810323009239,50.20000076293945
3930163,98f7087d-e68e-44ab-a07e-46f4d7404912,74,Carry,7,50.2,2.0,9,50.33223615138161,65.72183866425294,15.389602512871335,18.75054700311108,25.857381779908845,37.33572952205432,37.06240736218197,5.180207815425822,3.231478452629201,1.202977022669124,18.116515561554664,9.112810323009239,50.20000076293945
3930163,f30b3b05-51e8-4eb5-8d66-b3d7fdba7dfd,75,Ball Receipt*,16,73.2,62.2,9,47.49069836558218,69.79657429415484,22.305875928572654,34.53357505438503,40.87563653726129,50.81947003985847,49.60361396674976,6.287560902067479,6.734629456955497,7.125058762809047,26.17391484710666,6.656306424911627,35.001669223651035
3930163,a6ded552-a52b-4fa8-ad91-4fa61b4358b7,75,Foul Won,21,78.4,68.8,9,34.962257615340015,54.15584286588076,19.193585250540742,28.898283703785165,27.350591784598066,43.094431078853226,29.494760416203057,3.665403039939137,8.728267025566314,3.1685049931067226,17.976807928312297,3.283981443390374,35.051177080365306
3930163,494f3d48-354c-4641-8e42-18772757c3ef,76,Ball Receipt*,5,34.1,43.1,8,53.73687763140903,67.01180593820686,13.274928306797833,40.252137524035284,39.930985063553784,34.57104864169776,47.4826231631729,5.03940680226038,2.876176325264113,6.174523437038175,15.41887677677532,23.71732324853798,34.099998474121094
3930163,4f3beb4e-f05b-486f-89cf-5396487d5381,76,Carry,5,34.1,43.1,8,53.73687763140903,67.01180593820686,13.274928306797833,40.252137524035284,39.930985063553784,34.57104864169776,47.4826231631729,5.03940680226038,2.876176325264113,6.174523437038175,15.41887677677532,23.71732324853798,34.099998474121094
3930163,b4963834-2581-46bd-86ce-955f160854da,77,Ball Receipt*,5,42.5,22.7,9,24.895466432783564,42.36956570649991,17.474099273716348,31.354091920405267,28.57669068439064,48.69457806635147,35.04559465718752,3.000555431223107,4.800461053419786,4.725054114693648,19.507231536426097,6.804502380908296,16.611944307331193
3930163,0c660414-d6e0-4557-b10e-08ef055bc23b,77,Carry,5,42.5,22.7,9,24.895466432783564,42.36956570649991,17.474099273716348,31.354091920405267,28.57669068439064,48.69457806635147,35.04559465718752,3.000555431223107,4.800461053419786,4.725054114693648,19.507231536426097,6.804502380908296,16.611944307331193
3930163,5fd94762-1879-4b98-b613-0754f44a8f6e,78,Pass,7,35.3,19.3,8,37.61670283986901,57.61713457897533,20.000431739106318,16.903485522476625,24.254761992157825,34.14331782996861,46.950579631796465,9.14423145573014,1.800405379741886,1.0048894807676447,17.661903319509463,16.475700295155356,16.83044916614925
3930163,21fb484a-f1e6-4972-886e-b4bdc04429ab,78,Ball Receipt*,8,42.2,26.0,8,41.44171601203261,59.68451508337037,18.242799071337764,19.671798818207247,27.403800551894648,35.378148135474426,46.01040610790746,7.890549069476047,2.2800961035751306,2.3364270487245307,13.084519958041192,15.681263937673254,17.854093030145634
3930163,a4560d30-012f-4f1b-b6c6-715e5e5e84b2,78,Carry,8,42.2,26.0,8,41.44171601203261,59.68451508337037,18.242799071337764,19.671798818207247,27.403800551894648,35.378148135474426,46.01040610790746,7.890549069476047,2.2800961035751306,2.3364270487245307,13.084519958041192,15.681263937673254,17.854093030145634
3930163,b19f6b19-74f6-47c3-9162-c44523dcb6f3,83,Ball Receipt*,6,57.0,16.4,10,48.71617222920146,61.2757457545549,12.559573525353436,21.83194448382621,16.79819126785305,21.755741843109412,13.065533410073343,5.72031677182366,3.543659597535279,0.08701240545090627,11.589786404393486,0.27187638396205926,35.12079904154369
3930163,68285816-2221-4383-944d-a5c13deec311,83,Pass,6,58.0,16.2,10,49.71617222920146,62.2757457545549,12.559573525353436,21.63194562823539,16.59819241226223,21.755741843109412,13.065533410073343,5.72031677182366,3.543659597535279,0.08701240545090627,11.589786404393486,0.27187638396205926,36.12079904154369
3930163,2bdc68d5-810f-4273-bf8d-42ea27943e73,83,Block,7,64.3,15.5,10,52.8126306357326,65.00757444599768,12.194943810265073,20.716206290384758,13.310503245824519,21.83046775781081,9.443539247655572,5.341506683493266,2.944643570538342,0.9129403129631015,11.26989474254156,0.4762315566847448,38.3187881974646
3930163,d76ea36a-5a17-49d7-a6c6-5aba1f67700f,83,Pass,6,41.0,49.6,9,51.78547183623516,66.84226147769269,15.056789641457527,43.729616387837034,44.60322735756579,31.367575188948265,35.741147524021684,6.027767943311832,4.877873329011097,2.798001830184191,16.95829233826663,1.684989963911896,41.0
3930163,09a42539-3664-46c0-9a99-125f89129e8b,86,Pass,10,33.6,14.3,9,51.5224920724646,69.22747705007899,17.704984977614387,25.54190360050273,32.38437977501682,30.32295080905164,38.00993862064358,7.452067804192559,3.2018583278666424,2.104390252411797,17.191408612077957,3.3288694838858923,33.599998474121094
3930163,6d8ade17-23fd-44b2-9f81-303a93564567,89,Foul Won,17,75.0,27.1,9,40.98139405399936,53.150579112345476,12.169185058346116,48.043562020722554,50.623320885647445,20.99733375426778,43.21736652059256,5.758366024614768,4.309915088709299,0.32553724642895077,10.258523610359475,2.8522771185825064,35.78154423894928
3930163,c8fa3d61-93c0-4f85-b7d8-8680f8d9e5f4,89,Carry,17,75.0,27.1,9,40.98139405399936,53.150579112345476,12.169185058346116,48.043562020722554,50.623320885647445,20.99733375426778,43.21736652059256,5.758366024614768,4.309915088709299,0.32553724642895077,10.258523610359475,2.8522771185825064,35.78154423894928
3930163,acb12edb-4cda-403e-bc35-f69d509b7718,89,Dispossessed,17,74.0,27.5,9,41.98139405399936,54.150579112345476,12.169185058346116,47.64356049484365,50.22331935976854,20.99733375426778,43.21736652059256,5.758366024614768,4.309915088709299,0.32553724642895077,10.258523610359475,2.8522771185825064,36.78154423894928
3930163,68710f21-9656-41a4-99bc-a1c28c8b1896,89,Pass,27,33.1,29.8,8,45.47570157158936,60.4352962897637,14.959594718174337,27.31827602731093,36.334574672561764,34.56950106328795,41.46810180165228,5.579247574103574,3.3947822375315995,6.212592514123763,14.397681674873557,6.674750207972735,29.974265007533564
3930163,83b8e815-3c7c-45ad-a7ff-5b8386a4839a,89,Ball Receipt*,36,62.2,44.3,8,45.93678797354088,67.57698107592489,21.64019310238401,35.79091078739687,42.43882616986783,49.81147611977046,28.822483912093418,5.556151508553624,3.311656575355498,5.36824634957275,19.50319189133606,11.976890912336259,31.23555294828683
3930163,43a629db-08a2-4a04-a886-c9c7bf636adb,89,Pass,36,62.8,45.7,8,46.536786447661974,68.17697955004598,21.64019310238401,37.190912313275774,43.83882769574674,49.81147611977046,28.822483912093418,5.556151508553624,3.311656575355498,5.36824634957275,19.50319189133606,11.976890912336259,31.835551422407924
3930163,4f40e2df-c8e9-48f9-9920-5eca3a698840,89,Ball Receipt*,38,66.6,62.7,8,53.09263714297977,70.69959221396805,17.606955070988278,39.72493840698838,48.98137197724691,51.136653667743246,26.007060836389613,7.091825368899193,2.116440810804992,8.875039608368773,16.671858146171772,12.23632249997712,38.57050091344253
3930163,0ef73317-5aba-4855-8561-fbf42a6f0b70,89,Carry,38,66.6,62.7,8,53.09263714297977,70.69959221396805,17.606955070988278,39.72493840698838,48.98137197724691,51.136653667743246,26.007060836389613,7.091825368899193,2.116440810804992,8.875039608368773,16.671858146171772,12.23632249997712,38.57050091344253
3930163,930a7fb2-1cbc-4713-a676-fd443752615b,90,Foul Won,26,68.9,71.3,10,36.22520068509537,49.616079686456274,13.3908790013609,27.590127749864273,13.157229858121925,44.79345988021151,14.29181131737132,2.4929507512426907,4.306012390168441,4.326297864817981,13.638587790525328,0.23040683884303803,36.535324120717135
3930163,6327a97d-c526-4b3a-9be2-e7dd4182459b,93,Ball Receipt*,6,40.7,71.7,10,21.382860870056675,39.99441566934695,18.611554799290275,54.055201709287076,65.29880545132495,29.45793665592737,25.56791497678654,4.224212237117431,5.737932786231978,4.7941495332801765,9.631210252713572,3.1860097599022623,6.157948822144519
3930163,78d2e619-f589-47ef-a1eb-b39f4d36540f,93,Carry,6,40.7,71.7,10,21.382860870056675,39.99441566934695,18.611554799290275,54.055201709287076,65.29880545132495,29.45793665592737,25.56791497678654,4.224212237117431,5.737932786231978,4.7941495332801765,9.631210252713572,3.1860097599022623,6.157948822144519
3930164,579dd0e9-55c7-4ce5-9f4d-6dc2d8eaed6d,0,Pass,20,32.0,36.7,10,38.64353970839934,61.60161999379737,22.958080285398033,37.2903721618213,30.53837877836723,22.253375322533472,46.16014895281012,8.404117753315383,4.024864390918901,0.9531277127798674,9.203635065452502,2.050677048797869,13.489482069446247
3930164,6b250f0f-aa32-4392-9c59-836baf8d2db3,0,Pass,14,24.4,48.9,10,52.1559962067726,63.817435672092074,11.661439465319475,54.41076953704565,38.060993406044204,27.349307130536914,26.455893221567564,3.4508201456799945,4.571122100242966,0.9701112534859107,10.576926032425874,5.729014956948717,24.399999618530273
3930164,dc0d2713-1a6e-4dd9-a90f-a0025e0699ae,0,Ball Receipt*,15,29.2,25.5,10,49.813875230813906,62.406598129684156,12.59272289887025,41.83261735631436,33.183929285384416,39.65173208268925,26.365710113783322,2.1987121065943653,4.777251793282926,8.552511672012436,11.671638618736857,2.808459074855662,22.342296056337872
3930164,9c4efeef-f1e2-4887-8d0d-dd1d9999796a,0,Carry,15,29.2,25.5,10,49.813875230813906,62.406598129684156,12.59272289887025,41.83261735631436,33.183929285384416,39.65173208268925,26.365710113783322,2.1987121065943653,4.777251793282926,8.552511672012436,11.671638618736857,2.808459074855662,22.342296056337872
3930164,61dcb011-a136-40f7-8d8b-736acf0ae253,0,Pass,16,28.2,23.2,10,47.08623851146396,60.75139990997107,13.66516139850711,38.49392252173017,40.29842274171183,40.068008959796344,26.937347151417,2.6244189216606078,5.105019884994645,6.6157010122560465,12.058019019422048,3.7006812142315226,18.625273045216346
3930164,57e7dbd2-c1ff-4ace-a317-d49ad3dc52e2,0,Ball Receipt*,18,40.4,4.4,10,47.83410660333508,62.93070490227598,15.096598298940897,34.49395097540278,37.04798459783193,44.59462145925212,27.713422787776068,3.7370468012909197,5.386535078251774,7.449477950098782,13.987728846319015,5.343605271428615,29.899346851433023
3930164,8d6f2a51-bff5-4aa8-84a1-a0b746efb17d,0,Carry,18,40.4,4.4,10,47.83410660333508,62.93070490227598,15.096598298940897,34.49395097540278,37.04798459783193,44.59462145925212,27.713422787776068,3.7370468012909197,5.386535078251774,7.449477950098782,13.987728846319015,5.343605271428615,29.899346851433023
3930164,ed2af431-a886-4a5e-8ccf-111693f6140f,0,Pass,19,38.5,4.6,10,44.887481669140364,61.91222816796045,17.024746498820086,24.020074773377093,37.27628506360365,33.98101179749523,49.44337223839486,4.601569437981469,5.5461453258594755,1.845177295420072,12.886880144169076,6.533303693011476,26.324300329697806
3930164,403503e1-0628-4d99-94d5-18ed0d732b27,0,Ball Receipt*,20,26.3,14.5,10,42.32685213807356,61.37779247092827,19.050940332854708,24.640920208717535,38.560138391247015,31.533464950814462,48.16097509392922,5.713712368008191,4.965112996077757,3.9906398327222092,12.12783134957725,5.086981265314492,12.949460822820441
3930164,03b47c53-fe2d-471a-9c78-a931168cc153,0,Carry,20,26.3,14.5,10,42.32685213807356,61.37779247092827,19.050940332854708,24.640920208717535,38.560138391247015,31.533464950814462,48.16097509392922,5.713712368008191,4.965112996077757,3.9906398327222092,12.12783134957725,5.086981265314492,12.949460822820441
3930164,6839823e-8351-4d24-aa4c-f42d3ec52f4c,1,Ball Receipt*,12,56.6,21.4,10,51.01415851804739,68.02137126134136,17.00721274329397,25.74332947528955,30.914129314486686,11.350571936784242,39.413625636203236,4.455915009413146,4.836740694620665,1.2724367056351547,3.9189551222976746,9.134326129916605,40.533429709287525
3930164,68546078-f061-4689-b1c6-ad45f51386c6,1,Ball Receipt*,18,30.4,43.0,10,50.55104184852549,67.527123000712,16.976081152186502,37.51905058343739,40.248217617286656,29.04830438040761,39.449999996801395,7.016432600495321,3.874819460825074,1.0089701514148146,14.286507733849888,8.018969208526869,30.399999618530273
3930164,ae55be8f-b3d1-4003-93d7-5edaf3321e3f,1,Carry,18,30.4,43.0,10,50.55104184852549,67.527123000712,16.976081152186502,37.51905058343739,40.248217617286656,29.04830438040761,39.449999996801395,7.016432600495321,3.874819460825074,1.0089701514148146,14.286507733849888,8.018969208526869,30.399999618530273
3930164,48e40ecc-5b1e-4d58-b9af-cbc179af808b,1,Pass,22,29.6,44.3,9,43.80260237721289,63.11450095858204,19.31189858136915,45.30664311518108,28.494618706964758,34.770142874250574,22.028109742168972,7.994333931093571,5.0539801866279115,2.833237935231196,13.272854461831372,0.6593311965312054,27.712720917727122
3930164,f1b8e409-63cc-4d81-a82f-c84be513c17e,1,Ball Receipt*,24,15.7,40.0,10,40.279258981845075,62.39717271025644,22.117913728411366,45.17750519955253,32.026634686743826,34.98717523159329,35.073112908983745,9.894023462000579,4.355007882554838,2.1560758401504074,12.190316005899447,0.10049506939571984,15.699999809265137
3930164,3496ee61-4600-4edb-ac36-692406bf1aa1,1,Carry,24,15.7,40.0,10,40.279258981845075,62.39717271025644,22.117913728411366,45.17750519955253,32.026634686743826,34.98717523159329,35.073112908983745,9.894023462000579,4.355007882554838,2.1560758401504074,12.190316005899447,0.10049506939571984,15.699999809265137
3930164,20128bf5-daa6-44b0-85df-a51527a63205,1,Pass,26,16.5,38.4,9,35.53534378692023,58.88375909564382,23.348415308723588,41.43964909580965,29.682346130345422,35.84214507972351,40.22672452740831,11.196626890856368,5.195064014425561,7.502652669807809,11.559894754310399,1.7423004814715028,16.5
3930164,8b1e3e09-8854-442f-8868-3f994c7f97f3,1,Pass,10,32.0,17.8,8,42.64217734935177,55.085209423406376,12.443032074054607,31.253677406581403,17.73819079060615,38.15816432338688,20.88141543788285,5.232295019875775,4.51832125097724,6.403259312640927,12.326036670076775,9.576941749269878,25.964939684005685
3930164,59f567d4-493d-49ea-a211-5076150bfc9d,1,Ball Receipt*,11,36.7,1.4,8,41.11217281371112,53.74099117903392,12.6288183653228,28.66543942500582,26.761318686048003,44.78319303692036,38.76583677427819,5.128779846537913,6.251629728107029,7.6849200792747325,15.719396624456358,17.41676617035202,24.012564353272424
3930164,e3906e21-bca3-44aa-bc68-210e8cfbbea3,1,Carry,11,36.7,1.4,8,41.11217281371112,53.74099117903392,12.6288183653228,28.66543942500582,26.761318686048003,44.78319303692036,38.76583677427819,5.128779846537913,6.251629728107029,7.6849200792747325,15.719396624456358,17.41676617035202,24.012564353272424
3930164,1c9082a8-aa89-49c1-bd42-d784d0e957d4,1,Pass,12,35.3,2.3,8,39.93898813346927,53.23515142889852,13.296163295429245,19.80680130052159,36.23992873469523,34.765336631744674,41.7297532708904,4.45226615601719,6.419273622866672,3.5466288355260858,15.763557932613729,7.400054912268004,22.44535672093015
3930164,18387a9f-cb37-473a-bd18-95e34971d152,2,Dribble,26,44.7,68.8,9,37.04438324019509,57.746636068157684,20.702252827962596,61.6812375963645,53.668655432135154,31.958062212652095,34.66874950323797,5.930517945501346,6.409849956818615,0.8473348467373825,15.514401602435207,3.2661163672964335,23.73542337354931
3930164,139d1ab1-cfe6-41b9-b615-a5a6e99eb7eb,2,Carry,26,44.7,68.8,9,37.04438324019509,57.746636068157684,20.702252827962596,61.6812375963645,53.668655432135154,31.958062212652095,34.66874950323797,5.930517945501346,6.409849956818615,0.8473348467373825,15.514401602435207,3.2661163672964335,23.73542337354931
3930164,4aaf28a9-c8a8-4fee-b326-22c890c6a7d5,2,Duel,62,70.6,75.7,8,37.60065724803577,56.46894482504671,18.86828757701094,33.264849029862354,30.768211405737116,50.200856114574066,50.23166807878861,5.208351016208416,4.970352275121202,6.749280592886851,17.880997366436432,21.358702226468168,35.27910696047738
3930164,c6b17271-d21f-4f95-9133-16e68ff522ef,2,Pass,69,36.7,74.7,9,47.828451682825474,64.73561914325082,16.90716746042534,56.85555025958131,54.249795699928,39.747361332036675,43.90930034751256,5.5461785852141965,4.869633228084831,0.9260050449760513,25.3996945744248,5.157533414930292,36.70000076293945
3930164,06b6a7c9-391d-4168-a207-f06e96e4e094,2,Ball Receipt*,70,41.4,69.0,8,45.139130854511606,61.683982964262434,16.544852109750828,60.22356367840801,65.57027294668383,41.54969865241124,20.456552039136568,5.848029385455435,5.3941817061171955,3.348816185452847,23.64115783329575,5.863716500803065,35.59765078413142
3930164,a13a985d-f2e9-425f-99cb-2ed42d327a88,2,Carry,70,41.4,69.0,8,45.139130854511606,61.683982964262434,16.544852109750828,60.22356367840801,65.57027294668383,41.54969865241124,20.456552039136568,5.848029385455435,5.3941817061171955,3.348816185452847,23.64115783329575,5.863716500803065,35.59765078413142
3930164,1924051f-d2ea-4a72-afac-04c8a6975bb8,2,Pass,70,41.6,70.2,8,45.411690598400355,62.06871043846877,16.657019840068415,61.902935212805986,66.40813064291262,41.11762615452023,19.67660784463881,5.9817878686207075,5.28188167117771,4.074913732427049,22.815167821392706,4.637629432852947,35.90886800168947
3930164,545c09fd-1ca9-445c-817e-78c226663127,2,Ball Receipt*,76,27.7,62.7,10,44.14161378299501,60.37692037463763,16.23530659164262,47.67536212355202,40.22322973464237,39.38154026020213,29.355594404077692,3.5188998146726593,5.747503926128518,8.056112725574756,11.726693108130632,5.183534480123129,17.071230635901088
3930164,60152b4a-5c51-4494-a103-2d414e1e346f,2,Carry,76,27.7,62.7,10,44.14161378299501,60.37692037463763,16.23530659164262,47.67536212355202,40.22322973464237,39.38154026020213,29.355594404077692,3.5188998146726593,5.747503926128518,8.056112725574756,11.726693108130632,5.183534480123129,17.071230635901088
3930164,857c5263-c9ad-42d6-b3ed-2adb1b310f85,2,Pass,79,41.4,61.6,10,50.6287692716208,64.57620889932528,13.947439627704483,51.031829979196225,52.92936996284577,33.597147006918334,24.468502649116985,5.21365434375261,5.143864622899205,0.8186274901360377,14.388629250554736,4.976084653192942,39.95879886801656
3930164,8a015878-bf99-45c0-bcff-f47a8ca68b6d,3,Ball Receipt*,9,40.5,3.1,8,33.193266001535314,55.44177823191504,22.248512230379724,24.235420425352984,33.71583683719981,34.56310778976477,49.576914382417414,7.000048122889053,1.841073415119334,3.2992990174867387,16.357936637959025,10.257182389768502,18.42618905916831
3930164,24a31917-0eba-44e8-b7df-b711f997c396,3,Carry,9,40.5,3.1,8,33.193266001535314,55.44177823191504,22.248512230379724,24.235420425352984,33.71583683719981,34.56310778976477,49.576914382417414,7.000048122889053,1.841073415119334,3.2992990174867387,16.357936637959025,10.257182389768502,18.42618905916831
3930164,b8ff22a2-b412-4055-90bd-052598ede87c,3,Pass,9,40.8,3.1,8,33.49326523859586,55.741777468975584,22.248512230379724,24.235420425352984,33.71583683719981,34.56310778976477,49.576914382417414,7.000048122889053,1.841073415119334,3.2992990174867387,16.357936637959025,10.257182389768502,18.726188296228855
3930164,6f9ce942-fca2-401f-8c75-84486f7c0ab4,4,Ball Receipt*,13,38.4,73.1,10,49.15734788483693,65.75320720789115,16.59585932305422,51.850304286298766,50.472979774947326,47.4892687918592,42.677939725114555,5.714387596194355,3.7031711967005285,1.6069035338013933,28.3487072250443,7.866746655240391,36.93321652592159
3930164,2747c2dc-8385-406c-a4cd-9c0d7fda8a68,4,Carry,13,38.4,73.1,10,49.15734788483693,65.75320720789115,16.59585932305422,51.850304286298766,50.472979774947326,47.4892687918592,42.677939725114555,5.714387596194355,3.7031711967005285,1.6069035338013933,28.3487072250443,7.866746655240391,36.93321652592159
3930164,850ef79b-9e38-4e3a-976b-3a35897c73e7,4,Pass,14,35.7,75.8,9,44.71691231424134,62.1017152049911,17.38480289074976,55.335794867412766,53.77636750278067,49.78498614932748,43.58710938331637,6.907173292684466,3.542727503578029,4.885991410443133,25.676088576772763,9.612459116678693,32.53889514387951
3930164,85d73543-a0a5-4840-9dd0-2534cb1d8d45,4,Ball Receipt*,16,40.0,2.2,10,40.06251306523816,59.897775799453484,19.835262734215327,29.867130060441717,21.969297291831523,45.95376790569095,24.126363966556085,5.646336101870536,4.454815437890492,6.332437492079009,17.426166774755913,5.929551850709736,21.035983693690113
3930164,10944277-83f1-4e65-b341-7393c908653c,4,Carry,16,40.0,2.2,10,40.06251306523816,59.897775799453484,19.835262734215327,29.867130060441717,21.969297291831523,45.95376790569095,24.126363966556085,5.646336101870536,4.454815437890492,6.332437492079009,17.426166774755913,5.929551850709736,21.035983693690113
3930164,7bc4bf07-d301-40f5-8547-82ee8c72d5f9,4,Pass,17,46.1,3.1,10,44.420723954810725,63.12968859967157,18.708964644860842,28.29640921328787,24.81699652570351,45.40278087778516,40.64732770347392,6.415641336703034,4.3355418499989655,3.603669693543509,18.548466243156938,3.6718543530418373,24.113923931536505
3930164,f7737b9d-fa91-4f2c-98f0-68774244348b,4,Ball Receipt*,18,59.0,11.9,9,52.491763025141985,67.12256222841884,14.630799203276858,26.841734645809833,26.822721402224055,48.55061120755153,36.709917135799664,3.849722139955734,2.1431708840296904,6.9009656574639,20.205260142655867,10.210944254147499,36.58462321081909
3930164,146fa097-f959-48a7-839f-793bdc7be2c8,4,Carry,18,59.0,11.9,9,52.491763025141985,67.12256222841884,14.630799203276858,26.841734645809833,26.822721402224055,48.55061120755153,36.709917135799664,3.849722139955734,2.1431708840296904,6.9009656574639,20.205260142655867,10.210944254147499,36.58462321081909
3930164,0c806f47-5458-4a19-975f-6ac5c3be4c0e,5,Ball Receipt*,17,9.1,31.6,8,31.77476121255445,53.99355199749683,22.21879078494238,26.273703305630256,35.07567302676817,28.445713317970007,39.31948070233631,8.331293959310194,5.164669318034365,1.1091773757704324,14.318146649160163,16.64592204799427,9.100000381469727
3930164,d41e67e7-bda9-481b-b01a-7993405cf728,5,Carry,17,9.1,31.6,8,31.77476121255445,53.99355199749683,22.21879078494238,26.273703305630256,35.07567302676817,28.445713317970007,39.31948070233631,8.331293959310194,5.164669318034365,1.1091773757704324,14.318146649160163,16.64592204799427,9.100000381469727
3930164,cf1a114a-c2e9-4248-8c6b-947b8f7e7269,5,Pass,29,44.2,66.4,10,46.767984906450884,68.67876199603855,21.91077708958766,40.49302248746106,55.611689461705566,38.172455779818165,41.70894872265917,8.756188921389002,4.7721314012775204,4.940708960509227,16.257982823716084,5.265266166033683,29.85421776298878
3930164,0b00bf61-cdba-4907-99ed-646f6fcd0606,7,Pass,5,48.2,53.7,10,47.50534160147991,63.78565044618134,16.28030884470143,40.155445361868594,46.24262572701809,41.82191608092126,27.04388535126273,6.713584114781487,5.42631557571852,5.695441666627403,15.03371104253717,4.1187978390502025,30.925052563644385
3930164,a303c2ec-f6a0-4139-926e-0f19783e9d39,7,Ball Receipt*,6,40.5,76.2,10,46.59173392674235,64.81387991338642,18.222145986644065,49.094233151127085,46.003437424042154,38.36271168109637,44.83070334882207,6.8480230548762995,4.845793767400239,3.2179364672156368,16.738484625336227,11.343440702177276,30.30949765015098
3930164,cfcee683-9724-4648-a8bd-b7019e26b6c9,7,Carry,6,40.5,76.2,10,46.59173392674235,64.81387991338642,18.222145986644065,49.094233151127085,46.003437424042154,38.36271168109637,44.83070334882207,6.8480230548762995,4.845793767400239,3.2179364672156368,16.738484625336227,11.343440702177276,30.30949765015098
3930164,cb14b604-1c38-4243-a68d-5ca122faa277,7,Pass,7,36.3,73.2,10,42.823761568481444,61.99347528390755,19.169713715426106,51.53383047460304,50.79803103098088,40.89774570136706,43.7235188761314,7.481622907769649,4.851933234015046,3.095565338197808,14.70464359245505,12.880755478847007,25.267518156333324
3930164,37fc8882-d989-416c-8051-086dc8608d11,7,Ball Receipt*,9,20.7,56.6,9,38.26193320815154,57.14364329952359,18.88171009137205,46.379514386738535,47.71139815956146,37.0275238938813,41.16588779823884,8.078989779088943,5.41419083417383,1.6266765558415628,12.455661240687832,11.076858557742682,20.700000762939453
3930164,1703c4c9-7b6e-41bc-985e-9be19482ef5f,7,Carry,9,20.7,56.6,9,38.26193320815154,57.14364329952359,18.88171009137205,46.379514386738535,47.71139815956146,37.0275238938813,41.16588779823884,8.078989779088943,5.41419083417383,1.6266765558415628,12.455661240687832,11.076858557742682,20.700000762939453
3930164,7f0160ce-0d2c-4506-ab9f-8dcc38218fd1,7,Pass,12,21.2,51.8,8,30.947430367659045,50.764015011241554,19.81658464358251,47.33219387855727,34.50730627361815,29.635569900603137,31.44282822627669,7.496455650054731,6.5919129209773955,2.7512836912574983,10.715828065929465,2.837784553625557,18.75544718664701
3930164,68ad17f8-1b9e-4940-868c-fcbe81ccc789,7,Ball Receipt*,15,47.4,2.1,9,39.53263430040592,61.83023261445521,22.297598314049296,30.33568316047848,36.67759908593974,46.36249013592169,40.99720455003332,8.80975620215122,4.176216376503801,3.3498160491760878,19.89336750651904,2.9354250293323716,23.541197795531524
3930164,b42a8122-7ef4-4608-b0f1-cd5538bf4c36,7,Pass,15,47.8,1.7,9,39.93263201158756,62.23023032563685,22.297598314049296,29.93568330352963,36.27759922899089,46.36249013592169,40.99720455003332,8.80975620215122,4.176216376503801,3.3498160491760878,19.89336750651904,2.9354250293323716,23.941195506713164
3930164,3303c755-543f-4f7d-9bc8-e82c826ded89,7,Ball Receipt*,16,60.1,1.7,8,51.07724451922459,66.0842156884117,15.00697116918711,27.84241080493694,25.065673617321938,51.42538918066203,45.748351181985726,7.103869738036992,3.795029015979176,9.079258096704265,16.944316944630135,18.464112017800314,40.564288448255915
3930164,7a0951f7-1fb6-4981-9a3b-1621392a3f7d,7,Carry,16,60.1,1.7,8,51.07724451922459,66.0842156884117,15.00697116918711,27.84241080493694,25.065673617321938,51.42538918066203,45.748351181985726,7.103869738036992,3.795029015979176,9.079258096704265,16.944316944630135,18.464112017800314,40.564288448255915
3930164,0937698f-ca76-4bc8-a656-241a4eb1ce21,7,Ball Receipt*,6,29.6,15.2,10,48.41121200041859,67.97849690220089,19.5672849017823,17.17670738294064,25.233120953432078,33.255048135494434,46.05293603304659,6.373735191360604,3.539948720802073,3.7377939755446015,13.652187571686913,12.645929054869868,29.600000381469727
3930164,0b1fe559-856c-4fb9-b2b9-828ba3e91a0b,7,Carry,6,29.6,15.2,10,48.41121200041859,67.97849690220089,19.5672849017823,17.17670738294064,25.233120953432078,33.255048135494434,46.05293603304659,6.373735191360604,3.539948720802073,3.7377939755446015,13.652187571686913,12.645929054869868,29.600000381469727
3930164,7d342795-b0fc-4ac0-ab91-fe481a1896ad,7,Pass,8,24.9,22.0,10,41.819535831263956,61.94244117351379,20.122905342249837,23.56938299608455,31.262544150400885,36.174949528699976,44.165014780899355,9.941674600500617,4.102791753066841,0.9145580588612567,14.481224002150427,12.077717425447993,24.899999618530273
3930164,153691a3-51b0-42e5-92a2-de0b053c5372,7,Ball Receipt*,11,10.0,41.8,10,30.534605000439008,55.98156873182309,25.44696373138408,43.89703240015173,28.858187013829337,31.777633989944988,37.528815523050646,10.804249300621393,4.695254105211207,5.313109187375275,11.176299763030535,4.4762515542663515,10.0
3930164,84887ddd-095a-4dab-bc65-13b23f187362,7,Carry,11,10.0,41.8,10,30.534605000439008,55.98156873182309,25.44696373138408,43.89703240015173,28.858187013829337,31.777633989944988,37.528815523050646,10.804249300621393,4.695254105211207,5.313109187375275,11.176299763030535,4.4762515542663515,10.0
3930164,1cc7aeb8-33b4-4577-ac21-a361d6f08f45,7,Pass,12,10.4,44.5,9,26.668812381733403,54.92813678706272,28.259324405329316,48.20051476097536,30.801146408876306,31.584921280078248,41.53964001834511,10.650543278710131,5.156326324323056,2.858120777218417,12.466629061406422,5.392794597381172,10.399999618530273
3930164,89a8581a-9245-444c-bb1e-619b2047eee4,8,Ball Receipt*,13,51.7,1.9,9,44.86634029486508,64.89000059755806,20.023660302692974,16.81073988196635,28.387909517563124,26.400398004426016,34.81319970824034,5.5385147645370125,5.612002516289759,0.8936779451800838,14.66950835841617,0.9275430587534146,36.52273974639061
3930164,402b8f03-4443-4fa8-95bc-ec70a6660354,8,Carry,13,51.7,1.9,9,44.86634029486508,64.89000059755806,20.023660302692974,16.81073988196635,28.387909517563124,26.400398004426016,34.81319970824034,5.5385147645370125,5.612002516289759,0.8936779451800838,14.66950835841617,0.9275430587534146,36.52273974639061
3930164,500766db-0987-4301-95a6-a3cc2ac1bea4,9,Ball Recovery,6,64.5,19.1,9,38.42968141211261,69.97613418087714,31.54645276876453,49.64318250126047,34.860298816503445,32.53774836988183,29.273451637065598,11.708214659771727,5.174108406485607,2.2676787756123318,18.396706848683166,5.893423175512957,32.656069267375884
3930164,8decd511-69b5-4a7b-b74f-3ff6e93ac296,9,Carry,6,64.5,19.1,9,38.42968141211261,69.97613418087714,31.54645276876453,49.64318250126047,34.860298816503445,32.53774836988183,29.273451637065598,11.708214659771727,5.174108406485607,2.2676787756123318,18.396706848683166,5.893423175512957,32.656069267375884
3930164,37afaf0e-c136-4af5-ab37-8424dd1ec1b8,13,Ball Receipt*,5,56.5,33.3,9,39.69569414545258,60.305993894721986,20.61029974926941,27.548540147137864,39.03376188771625,27.011197243909002,38.92487210470435,10.939414622799843,5.466057193277161,3.5407547730787954,9.86895594322922,6.9435011196150995,17.31409183358833
3930164,43c26cb4-cd4f-461b-aecb-89c0ad4b2cc9,13,Carry,5,56.5,33.3,9,39.69569414545258,60.305993894721986,20.61029974926941,27.548540147137864,39.03376188771625,27.011197243909002,38.92487210470435,10.939414622799843,5.466057193277161,3.5407547730787954,9.86895594322922,6.9435011196150995,17.31409183358833
3930164,3cf3a7cb-6424-4611-acaf-d16d54b581bc,13,Ball Receipt*,6,71.0,74.5,9,46.24374223092535,58.39420126465335,12.150459033727998,26.96931321685122,47.65354179314966,68.11987328785997,35.51628474575289,4.605746152871076,5.7010853513604935,0.3985708234419576,37.394759746816916,4.805239475429957,36.6325602874483
3930164,9485c661-ebcb-4322-bd10-a9a07e4ebbcc,14,Ball Receipt*,5,33.3,37.6,8,53.6148041324636,67.28390321948064,13.669099087017038,43.92750875195812,41.78241859870996,38.84698605572092,42.97601102588499,6.238350687710986,5.296929383573079,2.9339842373915985,15.565553265475874,11.08447060686305,33.29999923706055
3930164,97be06c2-96dd-4ccf-bdb6-dcbaafff3571,14,Carry,5,33.3,37.6,8,53.6148041324636,67.28390321948064,13.669099087017038,43.92750875195812,41.78241859870996,38.84698605572092,42.97601102588499,6.238350687710986,5.296929383573079,2.9339842373915985,15.565553265475874,11.08447060686305,33.29999923706055
3930164,0fa8ef97-d3b7-4beb-a907-eb4139caf4e6,14,Ball Receipt*,16,42.4,73.0,9,49.986346478269,66.97203157639902,16.98568509813002,62.70409142917756,70.53684627272838,38.18284548534152,21.936616089074327,7.260896578549991,3.766927404069945,5.595913027752665,15.72462421791414,2.4709655402609627,42.400001525878906
3930164,24cdd00b-0b0a-47b0-b7eb-defc3eb449f6,14,Carry,16,42.4,73.0,9,49.986346478269,66.97203157639902,16.98568509813002,62.70409142917756,70.53684627272838,38.18284548534152,21.936616089074327,7.260896578549991,3.766927404069945,5.595913027752665,15.72462421791414,2.4709655402609627,42.400001525878906
3930164,a653b403-c196-4765-89ab-ce2b08ccd849,14,Pass,17,42.4,73.4,9,48.29311093065955,66.35442904829348,18.06131811763393,63.84654476516224,71.11853952832641,38.606648180592536,24.1981005067301,7.233613625430785,3.6843645275828942,6.830530996492712,15.289936233198212,1.504156175522965,42.400001525878906
3930164,d5d10aa4-8e41-44eb-ad88-22730070c7d8,14,Ball Receipt*,18,40.4,78.8,9,45.95838276188841,64.99030805778801,19.031925295899605,59.38601009757825,65.58600034531983,39.65243245271472,23.750147559548758,7.087323083037674,3.6638779487140893,4.264694400141906,14.404555924942095,2.6880868394519837,40.400001525878906
3930164,bebd96e2-1e2e-4a18-b052-57e38f7014ff,14,Carry,18,40.4,78.8,9,45.95838276188841,64.99030805778801,19.031925295899605,59.38601009757825,65.58600034531983,39.65243245271472,23.750147559548758,7.087323083037674,3.6638779487140893,4.264694400141906,14.404555924942095,2.6880868394519837,40.400001525878906
3930164,5060b97b-6727-479b-b891-b51a7d09c579,14,Ball Receipt*,30,30.7,53.0,10,39.1950979947297,57.25423298011428,18.05913498538458,41.19988470281165,37.327069229771446,39.063079884160324,23.604358522222498,5.465920634568733,5.325177556593183,2.7386624585001442,13.09482295717995,3.277132778618416,30.700000762939453
3930164,b96a1d27-57de-4880-b373-377feecb55a2,14,Carry,30,30.7,53.0,10,39.1950979947297,57.25423298011428,18.05913498538458,41.19988470281165,37.327069229771446,39.063079884160324,23.604358522222498,5.465920634568733,5.325177556593183,2.7386624585001442,13.09482295717995,3.277132778618416,30.700000762939453
3930164,52f8a153-b237-45f8-a9e0-111e103ab2a8,14,Pass,31,35.6,52.2,10,42.46988485473141,60.77635164222373,18.30646678749232,40.963681144778846,37.142601968018965,38.287303305377854,24.561361852376272,5.67266399909859,5.141223365169621,1.3449758691099163,15.610318699379874,2.921721718640079,35.599998474121094
3930164,da95c002-efff-45ed-a530-22eba566fe8e,14,Ball Receipt*,32,42.4,47.9,9,47.62496211659158,65.18954969507323,17.564587578481643,47.99041808520965,44.277508326672276,37.3268882806241,37.1774266012161,5.350777719536143,1.0536233225858347,6.004954102837274,17.585085121244298,9.28986429233349,38.73427543084787
3930164,5cff1260-ae45-4fe0-8f88-cc84bdbae6a0,14,Carry,32,42.4,47.9,9,47.62496211659158,65.18954969507323,17.564587578481643,47.99041808520965,44.277508326672276,37.3268882806241,37.1774266012161,5.350777719536143,1.0536233225858347,6.004954102837274,17.585085121244298,9.28986429233349,38.73427543084787
3930164,7b849f38-407c-46b9-8737-dad826a95fd0,14,Pass,33,43.6,50.9,9,48.79510539605916,65.52068707268987,16.72558167663071,50.5609183724369,44.94901142458921,35.79765671451535,36.95715261534282,5.312955710771509,1.0560394716023294,1.4569505580484972,20.94205453889611,10.74703466156599,37.877977839190336
3930164,f1d3048b-723b-48a0-8973-dfec96fa96dd,16,Ball Recovery,5,30.6,16.2,8,33.859727583498284,51.28284658292059,17.423118999422307,19.237446652935898,29.94245541674641,20.855456174810676,39.2049310295574,9.215457310575353,4.656197918090452,0.055959728512746665,10.064265985639373,14.025944114152367,21.395971636238194
3930164,c30102b7-efb8-4d90-876a-89c0e97803f8,16,Carry,5,30.6,16.2,8,33.859727583498284,51.28284658292059,17.423118999422307,19.237446652935898,29.94245541674641,20.855456174810676,39.2049310295574,9.215457310575353,4.656197918090452,0.055959728512746665,10.064265985639373,14.025944114152367,21.395971636238194
3930164,80824c58-922d-47fd-aa80-77dc8b976e4d,16,Ball Receipt*,13,7.5,33.4,8,30.586845001452037,52.026693390985436,21.4398483895334,23.86657810755325,36.92577805544058,33.8551468087972,36.853521066291904,8.193574669420295,5.626737879716049,4.118426327609367,16.133463194149314,14.647678115865652,7.5
3930164,0b75f2c0-7c34-4800-af04-afc5a8382879,16,Carry,13,7.5,33.4,8,30.586845001452037,52.026693390985436,21.4398483895334,23.86657810755325,36.92577805544058,33.8551468087972,36.853521066291904,8.193574669420295,5.626737879716049,4.118426327609367,16.133463194149314,14.647678115865652,7.5
3930164,a554214c-a501-4de9-9ec1-d25232b09482,16,Pass,25,33.1,54.6,10,41.04711117564311,56.484433397365436,15.437322221722326,42.667999093973776,56.46763663144095,40.41237132678755,28.47547443741516,6.909810315059088,4.692029661717526,0.7088858874633104,24.309413237199426,6.304159048576487,32.68207433887162
3930164,de0107c8-c74d-4e96-9535-71164d1fff4e,16,Clearance,29,32.5,29.1,9,38.1617467794387,55.205583769471005,17.043836990032304,31.44388328440162,35.889710372081524,30.642732879589115,34.37373855745723,5.579207708736275,4.290271319056704,1.2936718806689314,11.150992151715247,4.640877246565985,27.7103674839528
3930164,972766f3-860e-4a93-b950-b111119dc6d9,16,Pass,31,37.3,21.1,8,34.503615721514954,52.40412366833514,17.900507946820184,31.041467085429815,35.52296654721661,26.573567019085647,33.764159444312526,5.24156234765432,3.5150221743155337,0.8589094411446965,11.679263986663571,12.784429560451773,22.653467262630883
3930164,8b2cd05c-df63-4234-b3e4-a02a9497f4db,17,Pass,5,21.6,15.9,8,41.7784602552678,60.09717316713675,18.31871291186895,15.598129219020453,32.72705492923371,20.126310373368074,43.584255478670144,9.804080017355664,2.874453042576698,1.345274488604403,7.377291163642187,13.609178514983796,21.600000381469727
3930164,8ea0b73d-6a98-4bdb-a859-f51e745795ad,17,Ball Receipt*,7,20.0,22.9,10,41.984804420404224,56.458361162516866,14.473556742112642,36.77210655025052,30.12693485894306,38.90377734000525,33.49044103632038,5.345227575338782,4.8302613997377675,7.0810583271789085,13.571066360332289,4.857035011777519,12.604165349171637
3930164,325ec5fa-5148-4621-a84d-778ec123cee1,17,Pass,9,28.1,21.1,10,40.39285533532659,57.48346257930035,17.090607243973764,29.664221700099176,32.283852023403995,25.670790154911757,49.80079959549296,6.823757129023913,5.631187334912512,0.9292266142564785,11.241209161106148,15.280697933333002,11.880171963949849
3930164,ba7716e6-a133-4f1c-9c50-bc282f6b8fa3,18,Ball Receipt*,12,57.9,11.3,10,41.23583510166895,55.762447466995724,14.526612365326777,18.005983988846747,36.41864930605328,34.04036721441968,46.00765810100471,3.7070495852476197,5.356969154130704,0.9399534517043975,21.06273383791342,6.907956452053398,25.613624695924834
3930164,ffdb8550-ca50-4a52-aad1-3ebbdf847a1c,18,Carry,12,57.9,11.3,10,41.23583510166895,55.762447466995724,14.526612365326777,18.005983988846747,36.41864930605328,34.04036721441968,46.00765810100471,3.7070495852476197,5.356969154130704,0.9399534517043975,21.06273383791342,6.907956452053398,25.613624695924834
3930164,64a66475-44c8-49a8-b1f7-a3e7c1a6e22f,18,Pass,13,52.2,8.0,10,44.82085600550367,56.91352872661078,12.092672721107107,27.96690945843078,22.827291004949615,47.63946649195401,41.328206689967715,4.583264764483852,5.462108405901555,4.55635550018836,19.042725723123482,3.036357138003652,27.612052298505944
3930164,c9adf743-484b-4343-a7f5-1a61ea35ebfe,19,Pass,8,23.2,31.1,10,43.747248242634384,67.43233491726556,23.68508667463118,37.83555199480005,17.18922985538009,43.38912099677366,33.09838655048146,10.820583770719741,3.929802631439703,0.9983055100618756,18.931547126891786,1.215498086475943,23.200000762939453
3930164,bc417d06-1043-4def-b33e-5151ef1b7c10,20,Ball Receipt*,10,27.3,56.6,10,40.255637617913436,65.30637191883596,25.050734300922528,44.508371091775025,21.93998184053606,45.41664333358143,34.44424393910929,9.437139785153644,4.188589552938563,5.973761080621401,14.01438112319337,3.8108688216346422,19.401110122312765
3930164,fb68955b-4772-415a-83d6-7c67acccb520,20,Carry,10,27.3,56.6,10,40.255637617913436,65.30637191883596,25.050734300922528,44.508371091775025,21.93998184053606,45.41664333358143,34.44424393910929,9.437139785153644,4.188589552938563,5.973761080621401,14.01438112319337,3.8108688216346422,19.401110122312765
3930164,9ebb091c-1b86-46b3-b8b5-b45fba7702ed,20,Pass,10,27.2,60.1,10,40.26049959303308,65.29619497041878,25.0356953773857,49.21058553592103,26.290847917384994,44.167960968390105,35.05112854028897,9.158832823851938,4.16686413528857,6.649499347855333,13.21858553377097,2.581868684117051,18.87042079891137
3930164,69f0072a-c76a-4902-a386-3f20d1f87f0a,20,Ball Receipt*,11,18.8,42.8,10,35.59935696135018,61.948201226184175,26.348844264833993,46.86188831741604,33.2720334855652,42.963194863543805,58.21555851072567,10.423130340187956,4.358598726073138,6.047960449834264,15.350494091665638,15.110580172131282,18.799999237060547
3930164,6cc15ef0-55a1-4bf3-8a3b-f2da2b587b54,20,Carry,11,18.8,42.8,10,35.59935696135018,61.948201226184175,26.348844264833993,46.86188831741604,33.2720334855652,42.963194863543805,58.21555851072567,10.423130340187956,4.358598726073138,6.047960449834264,15.350494091665638,15.110580172131282,18.799999237060547
3930164,5d7889c1-7e3e-44e0-aab7-322fffd7463f,20,Pass,12,19.2,48.1,8,34.09411686346368,58.36921012828875,24.275093264825067,50.92146693885654,26.960009829502695,40.37120499352823,36.740796233305176,11.967472887749278,4.37343240478669,3.4898199342650855,19.323786298352694,14.485391541904768,19.200000762939453
3930164,df38fd6f-46ab-4054-b55f-a77c5e01eb9a,20,Ball Receipt*,5,37.1,4.0,8,37.12512910562123,56.609957578614136,19.48482847299291,20.178093498286152,29.77985913878747,22.81960970036186,31.27017859649705,6.312866796726495,0.7386170140859929,0.6338999686684659,16.06261162687884,6.339683667256313,29.13508032155346
3930164,8b5c0188-0ab5-49c1-b685-2aee1539e48b,20,Carry,5,37.1,4.0,8,37.12512910562123,56.609957578614136,19.48482847299291,20.178093498286152,29.77985913878747,22.81960970036186,31.27017859649705,6.312866796726495,0.7386170140859929,0.6338999686684659,16.06261162687884,6.339683667256313,29.13508032155346
3930164,12067181-0eca-4a59-8553-308ea04bb2ba,20,Pass,6,37.3,2.1,8,37.574343607856136,56.81319967701537,19.238856069159233,19.9625897525924,29.583263545730045,27.308891048007652,29.88104966463382,6.515043207895301,1.3477654514772677,2.2832648829880426,16.3777462578151,3.296195209693522,28.76716527872182
3930164,2f17b820-145a-4305-9f72-88f8bea4affc,22,Ball Receipt*,12,46.4,74.9,8,35.182422015279414,50.003901674525075,14.82147965924566,57.69011096741266,59.45965357905161,39.484765851205765,33.72034954212032,5.915616325740416,5.829894207163989,8.526693186845918,10.644884014369353,12.402406101425385,26.883858171488356
3930164,87703bf8-3bac-48c4-ad98-51a68e5877ae,22,Carry,12,46.4,74.9,8,35.182422015279414,50.003901674525075,14.82147965924566,57.69011096741266,59.45965357905161,39.484765851205765,33.72034954212032,5.915616325740416,5.829894207163989,8.526693186845918,10.644884014369353,12.402406101425385,26.883858171488356
3930164,ad90d9a5-28bc-48d1-a410-d80b8cc6495f,22,Miscontrol,12,46.7,74.5,9,37.93405998896312,54.145909101381015,16.211849112417895,61.86936227046289,48.457464009673444,38.88658648960822,46.430156872836434,5.341325328190487,6.763713754782325,2.301170544839252,21.77462211777909,5.912058538309751,31.23451223227555
3930164,eb1bc49b-0961-4b5b-9f62-ffc857d456c6,23,Ball Receipt*,25,20.1,42.5,10,47.290240508205805,61.895498834902476,14.60525832669667,33.83594239004553,44.35868570530124,23.816999683328596,46.01052997895487,5.405366397197768,4.723896361286481,2.68572928535869,8.50191837604153,2.611913953446418,20.100000381469727
3930164,448fa874-74c9-4196-aa5e-70c93e42f52f,23,Carry,25,20.1,42.5,10,47.290240508205805,61.895498834902476,14.60525832669667,33.83594239004553,44.35868570530124,23.816999683328596,46.01052997895487,5.405366397197768,4.723896361286481,2.68572928535869,8.50191837604153,2.611913953446418,20.100000381469727
3930164,23860534-5c48-4d4d-8c4e-5507a4ebae1f,23,Pass,26,19.1,39.2,10,43.50288848203898,59.00940074075454,15.50651225871556,38.1998988474569,41.51846310976001,40.35760885304235,31.014745009509873,4.473531224867422,4.81694203274544,8.040572269437547,14.477924492587327,5.563477911083773,19.100000381469727
3930164,5b76a6b1-31cb-4db5-b43b-9b5b55ad795b,23,Ball Receipt*,27,26.5,54.6,10,41.95408439293213,58.046899064834236,16.092814671902104,45.06268246521229,38.49439397448498,40.57263544555102,27.145585842635093,4.228642804395109,4.382367331624787,7.612068600326879,15.231616504617747,4.493095444819524,18.291035746623436
3930164,011710d3-260d-4109-8ea2-0bce76e2e511,23,Carry,27,26.5,54.6,10,41.95408439293213,58.046899064834236,16.092814671902104,45.06268246521229,38.49439397448498,40.57263544555102,27.145585842635093,4.228642804395109,4.382367331624787,7.612068600326879,15.231616504617747,4.493095444819524,18.291035746623436
3930164,90259215-1a9e-45bd-86fa-b906980f8b2d,23,Pass,30,26.5,54.6,10,39.4029984264652,57.32697626609206,17.923977839626858,46.17435237938838,41.2446134272181,36.06196585486011,30.65850952784016,6.139784176456217,4.5436454955134975,1.6280194247952124,12.646739034905607,6.453334485044287,26.5
3930164,cc881aea-b452-4463-8233-72b4ec835279,23,Ball Receipt*,30,35.3,48.6,9,39.69729972648184,58.64798694639265,18.95068721991081,47.29069553503016,41.947246932713234,35.20004675903965,30.41107609073657,6.30479461276488,4.735561539073389,1.81499311055844,11.689462678188164,6.459330312066804,28.447914938514486
3930164,25a7deec-9860-49ee-bc0e-9718f0e8899c,23,Carry,30,35.3,48.6,9,39.69729972648184,58.64798694639265,18.95068721991081,47.29069553503016,41.947246932713234,35.20004675903965,30.41107609073657,6.30479461276488,4.735561539073389,1.81499311055844,11.689462678188164,6.459330312066804,28.447914938514486
3930164,109af635-8059-4749-bce2-934e7a0c6ccf,24,Ball Receipt*,36,37.1,4.7,9,38.13112991573137,59.46805766051145,21.336927744780077,35.58081937992141,42.72766369362976,46.86976915916372,25.370827547672427,5.150104356713798,5.233924924774511,5.730320460273646,13.840665347783649,5.295859828836029,22.303332061208167
3930164,b477ca2c-b353-4386-b8af-d0e9afa19e89,24,Carry,36,37.1,4.7,9,38.13112991573137,59.46805766051145,21.336927744780077,35.58081937992141,42.72766369362976,46.86976915916372,25.370827547672427,5.150104356713798,5.233924924774511,5.730320460273646,13.840665347783649,5.295859828836029,22.303332061208167
3930164,fd7244d2-55db-4dec-b1d9-3da6fe2ffc6c,24,Pass,37,37.1,4.5,9,39.307196621653574,60.24793883800717,20.9407422163536,33.41741908253519,41.695772673815426,47.99396075539818,25.268242650614773,5.425984347805505,5.297044014271373,5.5650581144724285,14.808915102396163,4.491274516063918,22.50422223891175
3930164,1b2bd821-fe86-4a08-91b4-3657b54aeac9,24,Ball Receipt*,53,30.9,74.0,10,40.38637195924752,59.785926206863536,19.399554247616017,50.48137283566244,58.45058769640892,37.13230914580335,25.90443254454601,3.746438746279406,4.262666190981383,6.138336219184289,13.479473704926711,5.695675130996243,24.30586910201984
3930164,d2d1eb6a-1469-45f7-99bb-2563b1d56b4f,24,Carry,53,30.9,74.0,10,40.38637195924752,59.785926206863536,19.399554247616017,50.48137283566244,58.45058769640892,37.13230914580335,25.90443254454601,3.746438746279406,4.262666190981383,6.138336219184289,13.479473704926711,5.695675130996243,24.30586910201984
3930164,610269b8-3bd7-4e07-a58c-1c0c17017ced,24,Pass,59,32.3,38.1,10,42.4618742766057,61.36182679414746,18.899952517541763,42.442754185609964,50.9443490980192,39.392601602465774,24.11852862305561,3.6268141475733753,4.751032834955928,7.032806916178181,11.67329237211797,4.58400211145586,26.717460558133382
3930164,99695697-485b-4566-a637-ac27f1afdf32,24,Ball Receipt*,61,32.1,59.5,10,45.15879829588876,62.83263181249427,17.673833516605512,49.394173305172195,48.6107847759485,36.597974375002494,29.05953451002877,4.247989674916004,4.718955548547939,7.292972804740977,10.722404777539502,5.5058505059344895,32.099998474121094
3930164,f2c335da-e892-4c20-8ca1-5f3c9606b59b,24,Carry,61,32.1,59.5,10,45.15879829588876,62.83263181249427,17.673833516605512,49.394173305172195,48.6107847759485,36.597974375002494,29.05953451002877,4.247989674916004,4.718955548547939,7.292972804740977,10.722404777539502,5.5058505059344895,32.099998474121094
3930164,1cbc394f-dc21-4bd3-a5d4-99a0c7273989,24,Pass,61,33.6,55.8,10,46.05901829127967,63.70318107695337,17.6441627856737,44.22748333342257,43.6445843369185,37.67813893132052,29.452890284237903,4.615197181204443,4.897262370242884,7.071866702884847,12.153312476604711,4.299146230520435,33.599998474121094
3930164,6a375776-1088-4279-bc99-139fd4648be8,24,Ball Receipt*,62,45.4,51.8,10,47.10224734066588,64.57380418982926,17.471556849163377,48.07946368761087,47.52469488448943,38.23700976891444,30.710556230743165,4.9638224457544435,4.921302786424047,6.093162594050433,13.384819481695267,3.581294331133954,36.30340644714576
3930164,d1417896-421c-4f83-9278-a554541219b4,24,Carry,62,45.4,51.8,10,47.10224734066588,64.57380418982926,17.471556849163377,48.07946368761087,47.52469488448943,38.23700976891444,30.710556230743165,4.9638224457544435,4.921302786424047,6.093162594050433,13.384819481695267,3.581294331133954,36.30340644714576
3930164,a2483915-2f7f-454c-af62-f48facf99541,24,Ball Receipt*,67,75.4,4.4,8,39.34271466993658,57.78009493364247,18.437380263705883,40.28864573076489,38.260588179410576,69.94721606951177,35.8041207928072,4.437683060581403,1.8623704473959841,3.9995928255821838,25.844722509235055,8.583074379574647,34.46542328038503
3930164,58fa451d-d7f1-4172-aad4-4559de77e7c9,24,Ball Receipt*,71,76.9,51.0,8,41.79750806011124,59.43140230471618,17.63389424460494,25.260285043205748,27.18387389991319,44.02945240480092,26.28719129863631,6.826927987583129,2.1728027110663306,1.8827502787393087,18.279884812449723,10.33652427418972,33.93986770378032
3930164,bbe26051-badf-4910-9026-9e5c7527d84f,24,Ball Receipt*,7,15.4,47.0,8,40.34997840608871,55.925786393310716,15.575807987222007,42.74724627825447,36.362048180772256,49.58093967316912,30.202366667156536,5.752539588312572,4.584077101235798,9.28909688409236,17.489375362486676,14.233809988295093,15.399999618530273
3930164,42324720-439a-4d7c-887e-32b2cac84746,24,Carry,7,15.4,47.0,8,40.34997840608871,55.925786393310716,15.575807987222007,42.74724627825447,36.362048180772256,49.58093967316912,30.202366667156536,5.752539588312572,4.584077101235798,9.28909688409236,17.489375362486676,14.233809988295093,15.399999618530273
3930164,7772c9a4-88ff-4584-aeee-67b12425bd24,24,Pass,14,27.2,65.2,8,34.280948148799865,52.316186809066835,18.03523866026697,42.53537282519834,48.95411592006807,44.65948560760356,36.60064712301553,8.368258210391605,4.871386022792642,5.858612003162094,16.156162268967766,10.394530467738605,20.009401840443267
3930164,4d696fbf-5b8f-4c19-ae62-0449e7492c1e,24,Ball Receipt*,15,53.5,43.1,10,39.23409490132556,57.30061205059755,18.066517149271988,41.73745505764411,43.41081544970725,46.53372780546691,39.591502037334784,8.716622886039813,5.566122841685074,8.29903172264353,16.40372115883628,5.669764907709244,25.32314234358148
3930164,6a5c8550-0c86-4f35-b4da-32a8fde9b4e3,24,Carry,15,53.5,43.1,10,39.23409490132556,57.30061205059755,18.066517149271988,41.73745505764411,43.41081544970725,46.53372780546691,39.591502037334784,8.716622886039813,5.566122841685074,8.29903172264353,16.40372115883628,5.669764907709244,25.32314234358148
3930164,1bb47f63-b2e2-41c0-8ec4-2d5f8e5ac1d2,24,Miscontrol,15,54.6,43.6,10,40.334093375446656,58.400610524718644,18.066517149271988,42.23745505764411,43.91081544970725,46.53372780546691,39.591502037334784,8.716622886039813,5.566122841685074,8.29903172264353,16.40372115883628,5.669764907709244,26.423140817702574
3930164,f5a0c53f-ab06-4d5a-938e-ed64db032607,26,Ball Receipt*,9,14.5,40.4,10,44.67402360468904,62.28384230235387,17.609818697664828,44.242717230793254,43.634944326770004,37.900421217693044,36.08982288820918,6.790835512896319,3.2187091382258086,2.8262777703543165,15.59257745140792,10.254329814838854,14.5
3930164,6bb103fa-e59c-4231-83de-ec562615d25e,26,Carry,9,14.5,40.4,10,44.67402360468904,62.28384230235387,17.609818697664828,44.242717230793254,43.634944326770004,37.900421217693044,36.08982288820918,6.790835512896319,3.2187091382258086,2.8262777703543165,15.59257745140792,10.254329814838854,14.5
3930164,d83a101b-c84a-4572-a040-7f7ca64598c1,26,Pass,11,13.3,37.6,10,39.58567013648816,56.29999681901808,16.714326682529915,41.87681674893737,32.105583716764315,37.8682633164688,25.788928819500562,6.622704981626438,4.40718184998022,1.197474349970669,14.990103646856866,5.5566704340071595,13.300000190734863
3930164,9ae3a257-c254-4c29-af33-8194ffc7f59c,26,Ball Receipt*,12,19.3,50.8,10,38.424916833679205,56.49491873783059,18.070001904151383,42.16314869288082,37.843458825933446,37.74635489667502,28.213563918111184,5.635893505747561,4.61239276915781,5.497644991782607,13.867320808405061,4.8609418445044525,13.92619396334338
3930164,990458e7-eeee-4334-8305-73d822003cb9,26,Carry,12,19.3,50.8,10,38.424916833679205,56.49491873783059,18.070001904151383,42.16314869288082,37.843458825933446,37.74635489667502,28.213563918111184,5.635893505747561,4.61239276915781,5.497644991782607,13.867320808405061,4.8609418445044525,13.92619396334338
3930164,c4ae4a29-6961-4fc1-bce1-9133d0f319a5,26,Pass,16,24.8,53.2,10,41.66485134782041,58.61398300397545,16.94913165615504,48.306862546849054,40.08136286439377,34.78047921083958,29.127136549041246,5.02486927309815,6.035715695006675,4.308454404390332,13.78345730336401,5.028872640823096,24.799999237060547
3930164,da3adb02-df3e-460c-9c83-7b43b6a3b510,26,Ball Receipt*,19,23.7,21.9,10,40.79045248410854,58.928269071436766,18.137816587328224,37.04217361963132,44.08235557928535,36.233634451200324,22.434627676635827,5.436394832441069,6.753662054259196,4.211797221000445,12.552135700270703,2.3314946430827916,23.700000762939453
3930164,5969497d-d4d6-4a31-aa88-7b3e2613f437,26,Carry,19,23.7,21.9,10,40.79045248410854,58.928269071436766,18.137816587328224,37.04217361963132,44.08235557928535,36.233634451200324,22.434627676635827,5.436394832441069,6.753662054259196,4.211797221000445,12.552135700270703,2.3314946430827916,23.700000762939453
3930164,58ee3ecb-d0f5-4570-8712-3c704bc6389a,26,Pass,20,31.3,21.3,10,42.56862212372373,60.95402734313087,18.38540521940714,34.72628136451742,44.0535824983409,39.7499158661902,22.513867143858597,5.28381978826243,6.430008338740271,0.6677514447243311,18.403715786134676,1.1182363528427075,26.236621030335357
3930164,23891300-712a-4731-b5d9-2a6cf763d699,26,Ball Receipt*,21,40.5,6.9,9,43.450225472558294,61.480451446299014,18.03022597374072,34.35683626093233,44.5182919905973,43.807288311346184,24.23696684250671,4.545448375985505,5.726761447507038,1.1300232261828072,21.318678060292974,0.398285772354086,25.78425812954592
3930164,6e5ec751-09a8-41a9-968e-e5ab5c05406d,26,Carry,21,40.5,6.9,9,43.450225472558294,61.480451446299014,18.03022597374072,34.35683626093233,44.5182919905973,43.807288311346184,24.23696684250671,4.545448375985505,5.726761447507038,1.1300232261828072,21.318678060292974,0.398285772354086,25.78425812954592
3930164,b1738ff1-ef1c-48a5-8436-064d0bbd3de5,26,Pass,22,41.6,4.2,9,44.80260364038756,63.11795350597731,18.315349865589752,29.24504257357207,40.353989176167254,48.38087577879632,24.8857400205504,4.526648526890892,5.6283689935720735,0.6765764296850421,22.705948960581615,0.5340441517989802,26.577394189002632
3930164,cf4721ef-2279-4172-83d6-477203ec9b5d,26,Ball Receipt*,23,63.6,8.3,10,49.72238391112218,65.76474259316817,16.042358682045986,26.98228859877844,33.01675583884117,50.25967350758193,47.220765659273255,5.073638418139039,4.811151268292354,0.6709927820891153,23.892967549095808,9.881195114066024,29.122297573663026
3930164,ceea6ba7-0c94-4cd6-8b06-9f0b9bd89849,26,Carry,23,63.6,8.3,10,49.72238391112218,65.76474259316817,16.042358682045986,26.98228859877844,33.01675583884117,50.25967350758193,47.220765659273255,5.073638418139039,4.811151268292354,0.6709927820891153,23.892967549095808,9.881195114066024,29.122297573663026
3930164,c0749df0-8456-4c9b-b253-e753e5f502d2,27,Ball Receipt*,5,43.5,28.8,10,44.46447167570875,62.05055443098999,17.58608275528124,32.3763730589237,27.5682435411266,37.71270974450628,28.652564863262825,6.314076944781311,4.673635522769046,4.54216584580729,17.297592957116976,5.626929531019073,35.326665288222216
3930164,35f9a6a4-23d6-4061-869f-4e5250dd82b2,27,Carry,5,43.5,28.8,10,44.46447167570875,62.05055443098999,17.58608275528124,32.3763730589237,27.5682435411266,37.71270974450628,28.652564863262825,6.314076944781311,4.673635522769046,4.54216584580729,17.297592957116976,5.626929531019073,35.326665288222216
3930164,6a231199-1c46-4fcf-aa8a-083819d07d5b,27,Pass,7,44.6,31.0,10,46.3149239320826,63.254891270925704,16.939967338843104,37.442464859558626,40.109647348339024,26.42111578365212,36.56366338052473,5.950941325828326,4.480901063239348,1.3313347950267627,12.90282345215445,11.622857275429453,34.98035995367354
3930164,e23a4088-8ba4-40f4-b5fe-653c6013d873,27,Ball Receipt*,8,36.1,12.1,10,46.706358156811646,62.2764972039915,15.57013904717985,29.75704646068765,36.55323504041222,35.44418114449493,30.073817687110157,5.71274099647433,5.106454459198825,3.1696181328341737,11.632343236765934,4.3547036536414865,33.10356208416691
3930164,4b55e818-0073-4295-a74a-ed054864ae25,27,Carry,8,36.1,12.1,10,46.706358156811646,62.2764972039915,15.57013904717985,29.75704646068765,36.55323504041222,35.44418114449493,30.073817687110157,5.71274099647433,5.106454459198825,3.1696181328341737,11.632343236765934,4.3547036536414865,33.10356208416691
3930164,364dc0a5-8654-437a-99f8-cd234055804d,27,Pass,9,34.7,7.7,10,45.382297082554906,61.37847031190917,15.996173229354262,25.776041326938593,28.875257187072553,41.01949492010346,44.18207141517924,5.607205643275748,4.958155923183128,0.8097122119272342,18.456410847152767,11.94258884586111,31.073331460973137
3930164,cc1b3f83-89a9-4d6d-a6e2-3a1583367d40,27,Pass,19,32.1,55.8,10,46.183931562837735,61.864968853255405,15.68103729041767,53.533885124185815,49.96174264863578,37.04903623815878,44.195151756425986,5.833932200828418,5.493034804721859,2.3987144194114833,20.23082656032151,11.117400738021239,32.099998474121094
3930164,183533f2-c8e5-478e-b599-a064b82d32df,27,Ball Receipt*,21,32.8,23.9,10,45.337952254753944,61.08110209466241,15.743149839908469,34.125557137688304,42.06254810842116,26.47117847702426,43.37732400677197,5.214080611073945,5.65985056732969,1.939191759770729,10.282125231917917,0.2928514573072363,32.2675090634702
3930164,7806c406-604d-4de0-9ccb-57841088fe7d,27,Carry,21,32.8,23.9,10,45.337952254753944,61.08110209466241,15.743149839908469,34.125557137688304,42.06254810842116,26.47117847702426,43.37732400677197,5.214080611073945,5.65985056732969,1.939191759770729,10.282125231917917,0.2928514573072363,32.2675090634702
3930164,7c7cef5b-c372-41d8-909e-efba47b82ad0,27,Pass,22,37.2,21.5,10,47.391910329713696,63.89837727509851,16.506466945384815,30.258987058382655,42.46697487441582,22.797920184313895,29.516645466100435,4.937348742905515,5.625794548750231,3.348610551274213,9.166472166911134,0.33655986621798917,34.38182271761579
3930164,dc0b9b8a-ee0b-4433-93b9-b7c19a78e334,28,Ball Receipt*,37,33.9,53.4,8,52.080063277284935,68.14191739584417,16.06185411855924,52.5791398731125,61.28785281361153,34.221196381073675,16.403405546419158,6.435502580013188,4.6925004689958145,3.576882058383781,16.829575732313536,1.6174139967931964,33.900001525878906
3930164,e4cb11e8-79fa-4b9e-9c91-6366696ae140,28,Carry,37,33.9,53.4,8,52.080063277284935,68.14191739584417,16.06185411855924,52.5791398731125,61.28785281361153,34.221196381073675,16.403405546419158,6.435502580013188,4.6925004689958145,3.576882058383781,16.829575732313536,1.6174139967931964,33.900001525878906
3930164,d8f4bcba-9052-49e6-ad1b-b5f03f32c960,28,Ball Receipt*,40,30.6,20.9,9,44.71397007206133,61.64222228303447,16.92825221097314,38.86466336131643,40.13400837545146,39.123565859580445,31.11076606677375,8.24947206717656,5.304689845836475,7.896994254145483,12.833807530354704,5.190026910826255,25.04394375515409
3930164,82c4f93d-60ce-4015-8876-fa66782b1abf,28,Carry,40,30.6,20.9,9,44.71397007206133,61.64222228303447,16.92825221097314,38.86466336131643,40.13400837545146,39.123565859580445,31.11076606677375,8.24947206717656,5.304689845836475,7.896994254145483,12.833807530354704,5.190026910826255,25.04394375515409
3930164,97c84780-d289-48d9-8047-42a402e16aad,31,Ball Receipt*,17,49.4,26.9,9,33.22482299340474,57.528911630360284,24.30408863695554,43.73456630555313,44.17443172570659,36.899206704026064,29.128337057882113,4.865260836488115,4.67418944897347,4.3479481329656835,14.077081471516678,3.230425823667069,21.420633479865273
3930164,94af88ab-c6f8-4a79-a3de-60edbf29ba75,31,Carry,17,49.4,26.9,9,33.22482299340474,57.528911630360284,24.30408863695554,43.73456630555313,44.17443172570659,36.899206704026064,29.128337057882113,4.865260836488115,4.67418944897347,4.3479481329656835,14.077081471516678,3.230425823667069,21.420633479865273
3930164,28e8abb3-c64a-4252-87d6-15dd559cde70,31,Pass,18,53.8,20.5,10,39.44072958099905,63.88441353799987,24.44368395700082,41.589711292979686,40.89350573230292,37.87999235571484,28.820668662045463,5.970718361994794,3.886863555010711,6.419665056858868,12.273327560532806,2.670446773144441,28.83708076793738
3930164,fcaf60f8-9f02-4efb-b460-f0f45cdf8899,32,Ball Receipt*,6,28.2,3.1,8,23.029101342919184,37.35764512801297,14.328543785093785,24.669835063364115,27.44275177352073,28.579833441974323,47.1586768673588,4.1226021390102385,5.670042872649643,4.918735408332932,10.956237858521966,19.992912001533327,16.834518095031335
3930164,5f864cfc-7ac4-4c0e-920c-41c38cef7a4d,32,Carry,6,28.2,3.1,8,23.029101342919184,37.35764512801297,14.328543785093785,24.669835063364115,27.44275177352073,28.579833441974323,47.1586768673588,4.1226021390102385,5.670042872649643,4.918735408332932,10.956237858521966,19.992912001533327,16.834518095031335
3930164,d36a45f4-7f1d-4e4f-a533-d82cbbee6c65,32,Pass,7,29.3,5.2,8,25.4443249007638,39.451546170785285,14.007221270021486,25.47737529545318,28.56368939825337,30.09586134995299,47.019674434342214,3.9217198722567774,6.411183178196248,4.43304485894296,11.457402123194942,20.434704588865493,18.853340367910285
3930164,4c11f5af-d94e-4f04-8085-8a8239d2a561,32,Ball Receipt*,8,22.7,17.3,8,25.822997425634718,39.93853245468004,14.115535029045326,23.46526198195788,26.299111759512886,28.374907651461303,44.480991763478315,4.074728943946398,5.645106028995604,2.324864546941761,11.481586805754095,20.38584516354565,18.07910037258509
3930164,d79a5a15-3ddb-4655-8bef-8a635e5d36e5,32,Carry,8,22.7,17.3,8,25.822997425634718,39.93853245468004,14.115535029045326,23.46526198195788,26.299111759512886,28.374907651461303,44.480991763478315,4.074728943946398,5.645106028995604,2.324864546941761,11.481586805754095,20.38584516354565,18.07910037258509
3930164,a3500d97-d4b0-4428-8c21-9bdd9c4bba8e,32,Pass,9,25.0,17.6,8,26.537432996638596,43.1240347418065,16.5866017451679,22.14523281390525,22.361165727101326,22.385293621464474,40.94556428282111,5.3093500661057655,1.6088741981292554,1.6780999526965417,10.281220525260334,18.822038156646798,17.686076253966007
3930164,06046e2c-dd68-4a9a-949b-51aba0233052,32,Ball Receipt*,10,41.8,41.1,9,35.19294395640731,53.87306300832272,18.680119051915405,34.47276135853782,33.91059872964814,20.869273321130294,39.89068104545184,6.298699938339641,5.821909836223198,1.336551963214312,9.48370258210538,7.844224171615615,20.77017054855707
3930164,e1f01f29-2ac1-4624-a673-cb30ca546f39,32,Carry,10,41.8,41.1,9,35.19294395640731,53.87306300832272,18.680119051915405,34.47276135853782,33.91059872964814,20.869273321130294,39.89068104545184,6.298699938339641,5.821909836223198,1.336551963214312,9.48370258210538,7.844224171615615,20.77017054855707
3930164,acaa25b4-f6ee-4e7d-8e21-8e639a170228,32,Pass,11,41.8,40.9,8,37.2729614786894,55.58683138510091,18.313869906411504,35.59456913955879,30.730146123957013,19.015231666899485,40.327880322805896,4.979409274462319,4.376975556734398,1.7831652887737448,7.140967499121764,20.036559006942973,22.784605398664866
3930164,2984e914-5a38-4d66-a812-d8b86c890820,32,Ball Receipt*,12,41.1,62.8,10,35.113906814961034,56.1318941288997,21.01798731393867,41.28537073934514,42.29325835068569,19.867241764434127,39.53188037991961,7.552904734240835,6.88502891761832,0.5847091410015537,8.64540125014463,9.614082170695461,25.231820661990263
3930164,0f9dab8e-6650-4238-9103-a6aacc94caa2,32,Carry,12,41.1,62.8,10,35.113906814961034,56.1318941288997,21.01798731393867,41.28537073934514,42.29325835068569,19.867241764434127,39.53188037991961,7.552904734240835,6.88502891761832,0.5847091410015537,8.64540125014463,9.614082170695461,25.231820661990263
3930164,64f82229-0a32-4ce5-a7bb-c4569cd58f87,32,Pass,14,43.2,65.3,9,44.49535934171106,65.86680722226895,21.371447880557888,42.699202507390176,43.36283521061033,24.004556652958563,41.45222496683485,5.903765577621842,3.7198800698557823,4.088683032637782,9.500806623870915,9.252782553456314,29.07459006348584
3930164,0c3a6086-2920-4596-82ba-530bd063396a,33,Ball Receipt*,78,57.3,66.8,8,52.394967270294536,66.6669086353932,14.271941365098662,52.10360448107417,50.44777667124921,52.07844215108774,39.992600231503076,4.92052114403838,0.40400430411643445,5.435926206784444,19.001624792032125,17.984165478254425,25.889060481182476
3930164,f1b48c3c-458c-42c1-96e6-f6c1cfaf0b26,33,Pass,78,56.7,66.8,8,51.79496879617344,66.0669101612721,14.271941365098662,52.10360448107417,50.44777667124921,52.07844215108774,39.992600231503076,4.92052114403838,0.40400430411643445,5.435926206784444,19.001624792032125,17.984165478254425,25.289062007061382
3930164,a7d3a8ea-9a30-4789-892f-b9bd0e4c981b,37,Pass,6,34.9,58.1,9,28.489457111885553,40.782891988916916,12.293434877031363,53.64774380916814,49.349798129613575,15.362741069619155,28.6424056025229,3.4905942517060398,7.656952727464993,0.43069513057609754,10.202680212218823,3.1314724560050493,17.807691535692612
3930164,ea0d3f5b-3c38-414f-a836-0371530a6b53,38,Pass,20,25.6,29.9,8,50.381540223755124,63.45809393956416,13.076553715809034,29.86683521713088,43.72879846686046,25.645063055654276,35.68392943342391,5.151520044536977,3.3127904485677417,3.608212977380923,11.860938247508422,14.166113586191926,25.600000381469727
3930164,fb52f75f-4dcd-47b6-9348-ce4b50436ab2,38,Ball Receipt*,22,44.3,8.8,10,49.359942518973,63.73806105942862,14.378118540455617,31.87416904001687,50.82084960784839,30.185596879228626,34.78666957072428,4.835039491216587,3.6193642232749115,1.7011994224691733,12.48482353323324,5.293496575555949,23.040917428248306
3930164,68af418e-f9e6-462a-b12b-05e64a3b2b39,38,Carry,22,44.3,8.8,10,49.359942518973,63.73806105942862,14.378118540455617,31.87416904001687,50.82084960784839,30.185596879228626,34.78666957072428,4.835039491216587,3.6193642232749115,1.7011994224691733,12.48482353323324,5.293496575555949,23.040917428248306
3930164,0bdfd021-9699-42a3-9ef7-c5269c5f8c72,38,Pass,24,46.2,6.1,10,50.81876388166695,65.73778178999981,14.919017908332862,22.78253600018857,31.054251768929646,35.68251989743593,50.487920001716006,5.59052176516298,3.7624503293348646,2.758237886148663,14.525531839581966,12.368571649912681,34.11958889059798
3930164,cee5edae-ca89-4a57-b0bc-7e532e48e25f,38,Ball Receipt*,25,25.6,8.9,10,46.86762512884586,61.6870522522538,14.81942712340794,21.62535368185429,29.886023169398328,35.29111756077312,49.31947068472566,7.415890670854286,2.895977500171418,0.36128343956643505,15.977197473591389,10.409113441509774,12.372030745834053
3930164,9fb276a6-8f6d-40b2-b777-0442068319ff,38,Carry,25,25.6,8.9,10,46.86762512884586,61.6870522522538,14.81942712340794,21.62535368185429,29.886023169398328,35.29111756077312,49.31947068472566,7.415890670854286,2.895977500171418,0.36128343956643505,15.977197473591389,10.409113441509774,12.372030745834053
3930164,3f25d94b-c1d9-4731-a5e1-843db02685b6,38,Pass,40,30.5,62.8,10,45.10700059667516,62.417077227362356,17.3100766306872,55.561596798181675,58.625580812431274,37.586260663348746,23.923005527671215,6.179979890045733,4.7114625392823175,3.8743724206327954,12.186774562430315,3.783955677179783,30.5
3930164,97ebb3f5-f340-4289-86fe-f709d7386049,38,Ball Receipt*,42,27.1,25.8,10,44.27495117383073,61.51967903801786,17.244727864187134,40.41852970000941,43.66256529925823,41.3987695445478,24.64506187284433,6.347871826106707,5.312876304251642,3.4553176847829974,15.332190253799574,4.293229507834731,27.100000381469727
3930164,470ae05d-3a02-415e-a77b-b317da0eced9,38,Carry,42,27.1,25.8,10,44.27495117383073,61.51967903801786,17.244727864187134,40.41852970000941,43.66256529925823,41.3987695445478,24.64506187284433,6.347871826106707,5.312876304251642,3.4553176847829974,15.332190253799574,4.293229507834731,27.100000381469727
3930164,c94ccda6-82a3-41b8-a2d5-9cb8efe717be,38,Pass,44,32.3,22.5,10,44.03747435647163,61.67160826741791,17.634133910946282,30.767322941180698,45.83405442576897,26.978940403903607,28.53236458532971,5.654405716496683,5.700603778708018,1.3395209288055483,9.802487738301096,2.446882112628032,30.846061460102817
3930164,058c36df-8479-4070-9549-d3cbce3644b3,38,Ball Receipt*,47,57.2,8.3,10,48.58726323513741,62.13313341747968,13.54587018234227,26.638720654430944,40.38015773094556,36.272959884993284,51.67971903020053,4.745351167550313,5.230310942385642,0.21137236397791526,14.932617419346215,7.493001116837391,29.34034163286534
3930164,eb42a911-5afe-4924-9e86-f0aa7f45d346,38,Carry,47,57.2,8.3,10,48.58726323513741,62.13313341747968,13.54587018234227,26.638720654430944,40.38015773094556,36.272959884993284,51.67971903020053,4.745351167550313,5.230310942385642,0.21137236397791526,14.932617419346215,7.493001116837391,29.34034163286534
3930164,f201a69a-719c-42d0-9bee-0892b4d07e94,38,Miscontrol,47,57.2,8.3,10,48.58726323513741,62.13313341747968,13.54587018234227,26.638720654430944,40.38015773094556,36.272959884993284,51.67971903020053,4.745351167550313,5.230310942385642,0.21137236397791526,14.932617419346215,7.493001116837391,29.34034163286534
3930164,869c8cb0-efb1-419f-9ceb-aa2331a10bbc,40,Ball Receipt*,6,41.0,39.8,10,50.71224272600715,64.06338678021487,13.351144054207722,48.34609171068847,56.773992640148826,38.927409623652046,25.86483731385036,5.363730355870203,5.25258310538297,2.0114136715867303,20.066113000679465,0.674833345728274,31.15848859782055
3930164,2f0b3260-36eb-4f5b-9050-a657983ff34d,40,Carry,6,41.0,39.8,10,50.71224272600715,64.06338678021487,13.351144054207722,48.34609171068847,56.773992640148826,38.927409623652046,25.86483731385036,5.363730355870203,5.25258310538297,2.0114136715867303,20.066113000679465,0.674833345728274,31.15848859782055
3930164,29054226-4333-46a4-ba20-9af33bb0ed8a,40,Dribble,7,43.1,32.1,10,49.659259095822115,65.46135822641475,15.80209913059263,37.69301259380734,49.693869880777285,32.586551148634115,32.181497979440195,5.566767942337286,5.244366771177827,1.3476529669302906,16.571080305945962,3.698971823860468,33.197676379568264
3930164,8f86d7b7-bb7c-4295-a2df-12ba0ded2559,40,Carry,7,43.1,32.1,10,49.659259095822115,65.46135822641475,15.80209913059263,37.69301259380734,49.693869880777285,32.586551148634115,32.181497979440195,5.566767942337286,5.244366771177827,1.3476529669302906,16.571080305945962,3.698971823860468,33.197676379568264
3930164,90109ec8-d35f-4745-aad8-7425e42e83bc,41,Pass,23,34.9,52.4,10,48.490656336167305,63.426288973789056,14.935632637621751,51.93911344406727,39.11115597016827,34.32655780370936,30.911948547105574,6.43973121772732,4.910391083409286,1.3627818055428804,20.661498077754857,4.709561284203254,34.900001525878906
3930164,ad2aae02-7bbb-4247-9c73-b1ca0158f8ec,41,Ball Receipt*,25,36.9,19.7,10,49.296924015157465,62.797919719302,13.500995704144536,39.87442387033273,39.46544728777377,36.392379555040606,40.22440010849479,4.675653947170551,4.667938673937435,3.4274187640446527,20.204914065120484,11.223191072049275,34.583620397611185
3930164,c567447a-df2c-42ce-ad7a-a04cc28a692c,41,Carry,25,36.9,19.7,10,49.296924015157465,62.797919719302,13.500995704144536,39.87442387033273,39.46544728777377,36.392379555040606,40.22440010849479,4.675653947170551,4.667938673937435,3.4274187640446527,20.204914065120484,11.223191072049275,34.583620397611185
3930164,f7b0fc72-c0a0-4bab-867d-f01eda02a9a8,41,Pass,27,39.6,17.3,10,49.89062764801443,63.26631899177362,13.375691343759193,31.45258342947062,36.2363842374458,44.304472694412,34.5155685477673,4.793245872663789,4.256494068862971,0.46938920986305277,19.162005275318663,6.135913867226797,32.21272894777303
3930164,28f01fcd-5f6b-4ce1-861c-4253f8bc94f6,42,Pass,24,25.9,23.3,9,37.474040165859904,57.93987402344931,20.46583385758941,31.546625446447656,45.83530395297733,27.10626012080192,32.22108098281127,6.349796060501795,5.0628836256515015,5.014729978365899,9.26178494385973,5.404885256395367,21.21643322991676
3930164,ab247fc8-c23a-4a12-b454-ba9b91b0f389,42,Ball Receipt*,26,39.3,4.2,10,42.567016552412284,61.485760716078026,18.918744163665743,27.301321242769355,35.77452854623763,33.24184644862575,46.61117814111557,5.843438288913058,4.35685867893188,5.317456766027334,11.773009570319665,8.139285515468003,24.616462991037906
3930164,2c39b614-d95d-4296-a4f0-9ae272e101e9,42,Carry,26,39.3,4.2,10,42.567016552412284,61.485760716078026,18.918744163665743,27.301321242769355,35.77452854623763,33.24184644862575,46.61117814111557,5.843438288913058,4.35685867893188,5.317456766027334,11.773009570319665,8.139285515468003,24.616462991037906
3930164,3bf36eb0-af6c-4b40-a9c8-95bf4945b097,42,Pass,27,39.9,5.5,10,45.16107371781892,60.06366059589432,14.902586878075397,21.92859564680266,31.073731560120684,33.74520772461551,47.442178162653164,4.7572382965185716,3.6483115336756735,3.7232853726644635,13.380182691019556,6.61396331893701,25.025024423999355
3930164,797d16cd-c1f5-404a-b523-9bde2f05c4b6,42,Ball Receipt*,29,25.6,17.3,8,46.1190372328742,59.313260000446974,13.194222767572775,22.213899296458116,36.9983125984567,32.97935277664902,47.04623825272451,5.2468103695184265,3.8649135476140133,5.2159355773299865,12.46088520706811,13.547964674831768,8.455402791290453
3930164,02fdcc28-e39a-4675-ba67-120ad8d1bc96,42,Carry,29,25.6,17.3,8,46.1190372328742,59.313260000446974,13.194222767572775,22.213899296458116,36.9983125984567,32.97935277664902,47.04623825272451,5.2468103695184265,3.8649135476140133,5.2159355773299865,12.46088520706811,13.547964674831768,8.455402791290453
3930164,01437bca-d86c-4930-ac78-63ba7294b05d,42,Ball Receipt*,33,36.6,58.1,9,47.22068748809553,62.45805503714203,15.237367549046503,32.431963014349364,45.567797416071954,31.607679404394368,35.289870108039025,5.523030350750868,4.880396301399351,0.6248741315745505,13.877929963968846,9.848969358500014,28.22934154051586
3930164,45a36f4b-1aec-4518-b1fe-c89be4ac772a,42,Carry,33,36.6,58.1,9,47.22068748809553,62.45805503714203,15.237367549046503,32.431963014349364,45.567797416071954,31.607679404394368,35.289870108039025,5.523030350750868,4.880396301399351,0.6248741315745505,13.877929963968846,9.848969358500014,28.22934154051586
3930164,41bb2f1d-4789-448d-8a77-0a48a078a516,42,Pass,37,39.6,59.4,10,50.607280580853924,64.80118714544723,14.193906564593306,51.650374644371894,43.242621705648375,22.065702547808016,38.04435340463057,4.0502386165167925,4.539999596814484,1.7156923045279342,8.421366015370275,2.0073127807662345,39.599998474121094
3930164,1857e063-95e3-4c43-acc3-7e6ec14c6ab7,42,Ball Receipt*,39,54.6,78.3,10,52.49865072233136,65.7238463873637,13.22519566503233,52.51116112514495,42.86902356276771,27.28958638264359,40.933539394353815,4.297927981910032,4.647257353020484,0.5962731028612893,9.043771024285,3.029698657649419,42.007014577108535
3930164,94f3c42b-6a3f-4854-9832-5f073de84749,42,Carry,39,54.6,78.3,10,52.49865072233136,65.7238463873637,13.22519566503233,52.51116112514495,42.86902356276771,27.28958638264359,40.933539394353815,4.297927981910032,4.647257353020484,0.5962731028612893,9.043771024285,3.029698657649419,42.007014577108535
3930164,1e931186-08b4-4358-b59d-8147b107a454,43,Ball Receipt*,48,36.1,23.7,10,50.673608222899745,66.69707197629592,16.02346375339617,39.10533866778639,50.31883189404235,30.691869414386083,24.32971279548974,5.097096550279526,4.181899613039732,1.8157039023903252,12.47615411147249,1.5394364730642707,36.099998474121094
3930164,df69c0b3-b687-4a17-8cf8-30510d47898c,43,Carry,48,36.1,23.7,10,50.673608222899745,66.69707197629592,16.02346375339617,39.10533866778639,50.31883189404235,30.691869414386083,24.32971279548974,5.097096550279526,4.181899613039732,1.8157039023903252,12.47615411147249,1.5394364730642707,36.099998474121094
3930164,96fce650-4351-40b8-85b0-436fae76f9c3,43,Pass,50,36.3,21.7,10,49.8042306916943,66.11316260187903,16.308931910184725,35.09681565406886,47.905720496616716,31.008769336415646,28.906078340353453,5.481749552646865,3.7901912991187356,5.401688248538541,12.561134423405555,4.000691480299835,36.29999923706055
3930164,1402718c-8653-4596-8e20-909adb2b18bd,43,Ball Recovery,6,28.0,39.5,9,26.054072834496026,42.251101957074845,16.19702912257882,32.161830946017766,34.76215361958809,34.458608440041345,21.506715720588808,8.30936950602693,3.598496694853,1.2197209590700204,14.127431954413339,1.430506709395921,17.128176030908982
3930164,b20424e3-02eb-49a9-90bc-8820df8f4bcc,43,Carry,6,28.0,39.5,9,26.054072834496026,42.251101957074845,16.19702912257882,32.161830946017766,34.76215361958809,34.458608440041345,21.506715720588808,8.30936950602693,3.598496694853,1.2197209590700204,14.127431954413339,1.430506709395921,17.128176030908982
3930164,0013c473-aad5-4068-9800-7605c3d379c7,43,Pass,7,28.0,41.1,9,28.682815577605243,45.397393886237865,16.71457830863262,38.573151693181785,31.800458624088918,35.83745443347631,28.680229553523166,6.884377861979074,3.1602155408982266,2.3129200408479775,17.596878959826437,6.536739527784604,20.04193600292961
3930164,7312f915-63e0-4f79-865c-9efb78c6c526,45,Pass,27,47.6,11.2,10,51.190170762688965,67.13138248194811,15.941211719259144,18.274059472045003,29.02020478202974,25.702607648282427,44.52151908763952,5.877251107974018,4.47742499749453,0.5960493714111905,10.389295434663367,9.019583649414656,33.307212114862075
3930164,17958fd4-a980-49ec-bce7-fe9e634520f5,45,Ball Receipt*,29,22.0,35.0,10,45.73279812431275,60.69440820338374,14.961610079070987,30.40126568364347,31.40397962551618,36.39935462221406,38.63492751963905,5.205696426021742,4.135135840370386,0.16403081525405483,15.045706073997046,10.301756684119301,22.0
3930164,7823b204-11bd-4c95-a900-aa4be3ebb075,45,Carry,29,22.0,35.0,10,45.73279812431275,60.69440820338374,14.961610079070987,30.40126568364347,31.40397962551618,36.39935462221406,38.63492751963905,5.205696426021742,4.135135840370386,0.16403081525405483,15.045706073997046,10.301756684119301,22.0
3930164,d64e9657-c951-45b0-915a-c25318fbc446,45,Pass,30,24.2,36.4,10,46.981288537732794,61.60467101985316,14.623382482120363,32.88198597885175,32.997639902633445,36.570190786240616,38.980235980272255,4.961334909560594,3.691569679447386,1.1649489099730133,14.664764911628723,10.775802645053368,24.200000762939453
3930164,e106eb41-46c5-4356-8c76-403555eb3f90,45,Ball Receipt*,31,30.9,51.4,10,46.46356017700539,59.913820574791245,13.450260397785854,37.98443878901459,27.023072310702368,36.22629661738454,26.734623772498388,4.750754307795971,3.910134720036751,2.537644098757127,14.487192500837416,1.0665828773105233,20.91123978783793
3930164,0f9b1168-4a68-4f17-aff9-8fa3c3581ff8,45,Carry,31,30.9,51.4,10,46.46356017700539,59.913820574791245,13.450260397785854,37.98443878901459,27.023072310702368,36.22629661738454,26.734623772498388,4.750754307795971,3.910134720036751,2.537644098757127,14.487192500837416,1.0665828773105233,20.91123978783793
3930164,a66a10cf-4918-4d72-961e-2e7d245d41af,45,Pass,33,35.7,51.2,10,50.30980733290022,63.99873159136979,13.68892425846957,43.908204630651085,30.531399975703955,31.12156336635347,26.955360468349653,5.352319736121736,5.007328383696123,5.402396331025145,10.241844347460912,1.2237467108417448,30.451697426080997
3930164,d0048ac1-8e9a-435b-8723-bd6196dc6a67,46,Pass,14,49.9,42.9,9,45.384204466517666,66.91587267511895,21.531668208601282,58.42263146197291,50.640784644052516,27.575597025232582,39.33313626457581,11.157094265941712,2.847251596869917,2.2658412096831597,11.491915094891212,8.76424876479664,34.890147907316134
3930164,4b5839dd-0b75-4dd1-bc34-5cd3e439a414,46,Ball Receipt*,15,51.5,24.4,10,45.71758009687254,68.9168631007947,23.19928300392216,52.424351145409275,42.70751356226225,35.588426149797776,38.10572475163261,9.229710956255952,4.606927931540145,1.1937222071777356,13.075823634701955,10.835078643520959,39.643802729691245
3930164,297d9503-64ce-4842-b79b-ccfa30baaa37,46,Carry,15,51.5,24.4,10,45.71758009687254,68.9168631007947,23.19928300392216,52.424351145409275,42.70751356226225,35.588426149797776,38.10572475163261,9.229710956255952,4.606927931540145,1.1937222071777356,13.075823634701955,10.835078643520959,39.643802729691245
3930164,389d0679-175e-4148-8d3e-4426131569c0,47,Ball Receipt*,13,50.7,3.6,8,31.881085332506576,57.25639744669801,25.375312114191434,21.178354490344816,21.224130031321035,41.23300161172749,33.43524053745361,8.372107695709035,4.248741584191213,2.0320344177474894,18.768551429720308,15.350717200310278,23.05764455957337
3930164,65b3edc4-934e-48f7-a775-def4227156b1,47,Carry,13,50.7,3.6,8,31.881085332506576,57.25639744669801,25.375312114191434,21.178354490344816,21.224130031321035,41.23300161172749,33.43524053745361,8.372107695709035,4.248741584191213,2.0320344177474894,18.768551429720308,15.350717200310278,23.05764455957337
3930164,6795097d-f480-44c4-8076-830855abd8d7,47,Ball Receipt*,17,33.5,67.6,10,42.63475646774963,62.114148874788235,19.479392407038603,33.726623951015355,39.22875071278316,31.835383584752137,40.516142925225324,6.214500965665072,4.988261944948285,4.765179268205781,11.212927123172367,9.430010771141689,24.679320865960115
3930164,c885c866-8b74-4f0a-80a1-1e873a982840,47,Carry,17,33.5,67.6,10,42.63475646774963,62.114148874788235,19.479392407038603,33.726623951015355,39.22875071278316,31.835383584752137,40.516142925225324,6.214500965665072,4.988261944948285,4.765179268205781,11.212927123172367,9.430010771141689,24.679320865960115
3930164,9ad80ba2-784c-4cac-a15f-71734ec11af1,48,Pass,10,40.8,9.3,9,53.20333516989815,67.10018516629759,13.896849996399439,24.484924668879735,17.631411131260272,40.6629134207425,23.542059833453045,6.075550348443543,4.003903857262671,0.8668030668422695,20.41804777245702,5.3610972978305504,40.79999923706055
3930164,bf1956db-7aba-43d6-a270-602546f838c7,48,Ball Receipt*,12,21.1,29.9,10,48.90521103250093,63.11742502904604,14.21221399654511,32.87140383907199,19.276293707125067,34.541424263473594,23.712356464439896,6.2851376381181305,4.029315162105111,1.192636247343966,15.521754236035989,5.560916162817559,21.100000381469727
3930164,26af0e37-2575-4b7f-970a-b3279c94b90d,48,Carry,12,21.1,29.9,10,48.90521103250093,63.11742502904604,14.21221399654511,32.87140383907199,19.276293707125067,34.541424263473594,23.712356464439896,6.2851376381181305,4.029315162105111,1.192636247343966,15.521754236035989,5.560916162817559,21.100000381469727
3930164,94fb8bb0-611d-4691-a5a4-7d4d12424bf4,48,Pass,13,21.8,29.9,10,47.100134248913825,61.51803922278782,14.417904973873995,35.05278613414548,32.06735627554751,33.277035839709235,38.01707603870737,5.584164587378262,4.759457436063105,2.215158610002902,16.23445802889003,8.795657849805632,21.799999237060547
3930164,92d278ce-03d5-4065-b50b-f304ebc1b637,48,Ball Receipt*,15,30.2,7.3,10,46.83107806882125,61.69498714137075,14.863909072549504,27.56576754167936,32.92533515420246,43.76096439658306,28.767162884860998,5.633897948069063,5.421977188210357,1.9742285140564704,17.836128272125677,3.8825692128542855,30.200000762939453
3930164,5f3a135b-aa99-4356-b154-dfc4f686b6ac,48,Carry,15,30.2,7.3,10,46.83107806882125,61.69498714137075,14.863909072549504,27.56576754167936,32.92533515420246,43.76096439658306,28.767162884860998,5.633897948069063,5.421977188210357,1.9742285140564704,17.836128272125677,3.8825692128542855,30.200000762939453
3930164,2ef00fca-8a29-429a-b061-f3b0731193d1,48,Pass,17,33.8,7.7,10,47.43375304043637,63.78024282029897,16.3464897798626,24.115930851755913,30.738484244031,42.470264886164586,27.99769402403243,6.273169643020236,5.995015896760747,1.23156175649261,21.851120236643155,2.901932735001047,33.79999923706055
3930164,e6480d6d-245e-4b35-90d9-8888844bc6b6,48,Ball Receipt*,17,42.9,1.4,10,45.18468325576522,61.7423619870519,16.55767873128668,24.848571252588076,31.303040646121083,44.66761436655557,29.885900521719982,6.246181315778112,6.129015834189894,1.9032170884926956,22.539860360494437,3.0816418517407627,30.6983436016133
3930164,3793f843-a3c6-4087-8baa-c5a347bc3190,48,Carry,17,42.9,1.4,10,45.18468325576522,61.7423619870519,16.55767873128668,24.848571252588076,31.303040646121083,44.66761436655557,29.885900521719982,6.246181315778112,6.129015834189894,1.9032170884926956,22.539860360494437,3.0816418517407627,30.6983436016133
3930164,9581c3d1-042c-46ee-9e70-7ed1bae0df53,48,Pass,19,41.2,1.6,9,44.12285853828704,60.82645796646885,16.70359942818181,24.315181945566998,13.77814520314304,47.752674504755426,25.232331960557655,4.493015011402577,5.412373319958591,8.491453024885214,15.644997593897926,3.8435084296700026,24.197561926084475
3930164,006fd4a7-3531-46b2-abcd-6e95a8768d78,48,Ball Receipt*,20,27.0,10.6,9,47.04150272991369,62.53942358787556,15.497920857961873,25.958904566968762,15.519146313991559,46.08363024568695,23.607752389864824,3.9126155290237903,5.135882642080046,5.8936912952545235,14.209512106833984,2.556779903906186,27.0
3930164,46542a72-8624-4384-aca0-a5e14d31a4ff,48,Carry,20,27.0,10.6,9,47.04150272991369,62.53942358787556,15.497920857961873,25.958904566968762,15.519146313991559,46.08363024568695,23.607752389864824,3.9126155290237903,5.135882642080046,5.8936912952545235,14.209512106833984,2.556779903906186,27.0
3930164,8b1db872-2471-4930-b740-1d050f96cd94,48,Pass,23,33.5,12.1,10,47.24014117344218,63.33072472431239,16.090583550870207,26.696791408045055,27.42377326486519,42.43142367741913,30.94071491880252,5.566183956411639,5.045147296354341,5.105660001499409,17.425280210821988,5.806900258021756,33.5
3930164,e74e7383-6843-42e4-ac7e-d09e2979c763,48,Ball Receipt*,24,44.3,0.9,10,45.00129868597581,61.69321135948003,16.69191267350422,26.898143514581687,28.233285649646856,47.30379592949194,31.185012696155265,5.736877476454033,5.161015000788874,7.95961866063266,19.783956184189798,6.0127095234577155,29.544632472326928
3930164,1cf31526-6d81-464b-81b5-7f9c036e6687,48,Carry,24,44.3,0.9,10,45.00129868597581,61.69321135948003,16.69191267350422,26.898143514581687,28.233285649646856,47.30379592949194,31.185012696155265,5.736877476454033,5.161015000788874,7.95961866063266,19.783956184189798,6.0127095234577155,29.544632472326928
3930164,a233725e-e935-46ef-8f32-1ef162bf7f20,48,Pass,25,44.8,1.1,10,45.04888142911951,61.60125959026524,16.552378161145725,26.054422415219527,17.511139714544825,50.579841934442136,23.705807453740725,5.341632161946233,4.972316118868848,9.490413132586617,20.617224702103115,5.603044096265172,27.816011669185855
3930164,b9a83a10-ca01-47cf-960b-1529edaca060,48,Ball Receipt*,26,59.5,2.0,10,46.5223931019676,60.99796909877477,14.475575996807166,24.37380145395677,21.9460056384919,51.502880992866444,41.639979970966245,4.859779386211371,4.639969004320999,7.593490911906311,20.349420512597497,10.236575591134663,41.647412373355046
3930164,3de7226b-6dcb-403e-ad06-c8dcd7a47aca,48,Carry,26,59.5,2.0,10,46.5223931019676,60.99796909877477,14.475575996807166,24.37380145395677,21.9460056384919,51.502880992866444,41.639979970966245,4.859779386211371,4.639969004320999,7.593490911906311,20.349420512597497,10.236575591134663,41.647412373355046
3930164,298cc1d7-241f-4ff1-93ac-9991608ffc96,48,Pass,28,50.4,7.1,10,49.39344272586491,61.775683284922394,12.382240559057486,26.393438309973625,19.82134608835236,39.955002602942784,41.30438115971137,5.04570880150616,4.0352103244131206,5.046890190299976,18.671312058929118,0.07549207038331218,44.63209850203493
3930164,ee59d622-1cfc-46d3-b63e-b640cc28a678,48,Pass,32,36.0,11.4,10,50.6266592388862,65.03647312322477,14.409813884338568,27.0287554928858,22.066289453144556,40.50035463863985,40.33302153260473,5.356513043567581,3.7252535470455643,3.823305546693888,14.962502305866309,1.7365563282100531,36.0
3930164,4a63eff3-46ff-4410-9aec-6c93f537db47,48,Ball Receipt*,33,38.2,29.4,10,50.899743708941436,65.71925356845009,14.81950985950865,27.716980645678284,23.629353207453413,40.293196263187184,40.90034628363658,5.580909194223549,4.487943409928912,1.7281968412363433,18.419293101024934,1.5755901714288498,37.94055893101975
3930164,2a482de7-bc58-492a-a1c8-5cac49682381,48,Carry,33,38.2,29.4,10,50.899743708941436,65.71925356845009,14.81950985950865,27.716980645678284,23.629353207453413,40.293196263187184,40.90034628363658,5.580909194223549,4.487943409928912,1.7281968412363433,18.419293101024934,1.5755901714288498,37.94055893101975
3930164,d04a9e34-8ad7-48c7-bd42-cf7f628bf2fa,48,Pass,34,38.2,29.4,10,49.09369492755123,65.55032151040984,16.45662658285861,29.668541348557437,25.609646510353976,37.35143090178795,40.59321481450968,5.584719740034436,4.620820454857861,0.800444804072292,19.01359716680181,0.7146215591781093,36.85533652847594
3930164,02ff400b-73c8-4f10-ab93-5ee2a7c5ac19,48,Ball Receipt*,35,44.1,24.0,10,48.085211894222894,64.92272251593089,16.83751062170799,29.837156817157997,19.829671693193212,34.645664070590456,25.344682401027146,5.695647256147607,4.456668617253699,0.10363126312160276,18.91786296193058,0.8533172210395854,35.638170213280915
3930164,e80924e3-c3ea-430c-aafe-618aec6cac59,48,Pass,35,44.1,24.0,10,48.085211894222894,64.92272251593089,16.83751062170799,29.837156817157997,19.829671693193212,34.645664070590456,25.344682401027146,5.695647256147607,4.456668617253699,0.10363126312160276,18.91786296193058,0.8533172210395854,35.638170213280915
3930164,f51df93f-56ce-413c-b67d-33d7de243698,48,Ball Receipt*,35,35.1,28.8,10,47.678674346860674,64.9412337232024,17.262559376341727,29.10294140579773,18.65260618587692,31.057265018121342,25.161648167416754,5.876091808376372,4.127508972693708,0.17812791143957085,16.1589578258885,0.8155139483180953,34.8947199449117
3930164,ed01405e-12d4-4469-8a47-03cc601ff8b2,48,Carry,35,35.1,28.8,10,47.678674346860674,64.9412337232024,17.262559376341727,29.10294140579773,18.65260618587692,31.057265018121342,25.161648167416754,5.876091808376372,4.127508972693708,0.17812791143957085,16.1589578258885,0.8155139483180953,34.8947199449117
3930164,1143a3d0-1f13-4c2a-85af-42c97aa58459,48,Pass,39,30.5,35.6,10,49.0813598434798,66.5877486930805,17.506388849600697,37.53316330800343,35.191244642603394,24.437940932759247,41.02509918602213,7.305351321472316,3.3832393373565104,0.4040809980700999,10.992771053587887,11.381935354074706,30.5
3930164,6cbc23fa-3cae-4044-a9ba-2fb4e5f64fe6,48,Ball Receipt*,42,40.8,19.2,10,48.00980131663025,64.84037107171827,16.830569755088014,37.13881993902938,38.87992398340833,39.11058746863981,32.269899775528394,4.418331060070216,4.409071135517818,0.8168590152333692,15.150884288895078,3.5616888524715264,40.79999923706055
3930164,58efb6b2-bb9c-4054-a817-937e69ed660b,48,Carry,42,40.8,19.2,10,48.00980131663025,64.84037107171827,16.830569755088014,37.13881993902938,38.87992398340833,39.11058746863981,32.269899775528394,4.418331060070216,4.409071135517818,0.8168590152333692,15.150884288895078,3.5616888524715264,40.79999923706055
3930164,73d265f1-6e36-4b5a-9423-9cc557717964,48,Pass,44,44.3,26.1,10,51.53540188229947,66.8122503089758,15.276848426676338,36.422810976054535,24.128352311811167,28.19193703147052,23.958559729378425,3.668515399327576,5.1069508836699224,0.043960372195570585,14.39509261877113,4.041820219037287,39.11602838630564
3930164,a24f4974-516c-41c7-84f4-e16bf1d63749,49,Pressure,18,48.8,6.4,8,36.28317296605741,51.539671857445256,15.25649889138785,29.19420045750586,40.52666111538206,56.5957786766829,52.806564265628566,7.751075758521027,3.2231412391136387,1.7722229138846473,30.90164780425694,9.64949015582711,7.725612314846217
3930164,ce1c55e8-3502-4914-a9b8-502fbda58044,49,Pressure,24,62.0,12.3,10,37.00738039691,53.61729514912182,16.60991475221182,23.03940944323022,29.569300318859725,58.00222315924888,42.44046582800351,5.995582625088882,6.369138536858719,5.596364015413215,26.637101215017125,5.432396305848258,28.139907022499848
3930164,d21bfaff-2f86-4703-a173-3349ee27d690,49,Pass,27,38.7,28.9,8,40.17786174352568,52.09839874675879,11.920537003233107,24.89863472352601,35.88917659568278,54.61566443449154,35.23284917449387,5.000149760272657,2.4089510220063786,6.4996098567977185,27.792378336250216,17.46505867690111,31.33417340846239
3930164,70127f65-713c-44e9-b547-fa729d243186,52,Pass,5,30.7,55.3,10,42.90346699948854,58.567606104229256,15.664139104740713,48.68281639105735,52.643305354379685,40.87823221720991,22.531444878344608,4.895991383423715,6.578341282333636,6.448248591674499,12.665071633474433,0.07338531407710036,23.605119060393896
3930164,5530f794-bec5-469b-9bc6-5e7fbd546a5a,52,Ball Receipt*,7,30.9,31.7,10,42.07726277929639,58.8737547668692,16.796491987572807,38.62969016526721,50.93277527869581,29.231932747857968,26.211783050389712,5.508493312394669,6.439778037685559,1.644611197879776,12.34651481003091,3.0917570556705627,24.746996665794132
3930164,69ca6d91-10f9-4ea9-b04a-ce68a82c2c6c,52,Carry,7,30.9,31.7,10,42.07726277929639,58.8737547668692,16.796491987572807,38.62969016526721,50.93277527869581,29.231932747857968,26.211783050389712,5.508493312394669,6.439778037685559,1.644611197879776,12.34651481003091,3.0917570556705627,24.746996665794132
3930164,a92af2a8-fb5f-4f28-b1b1-eea0bd2ad6e4,52,Pass,10,37.3,30.9,10,45.92562500801488,63.455585152572795,17.52996014455791,36.55468432421917,44.14265958916708,25.421115443208034,48.52930594765496,4.229812876128732,6.03596881201946,2.558954554092722,8.902332766087614,3.5960506023883383,31.371894927945803
3930164,e48c85b0-c4e9-4d2c-994d-54a833f2b82f,52,Ball Receipt*,11,36.0,16.1,10,49.80053276038027,67.81757367582037,18.0170409154401,30.976378501235843,42.67163718385836,26.368271522162228,48.92023718953497,4.278662191532458,5.784575831710565,3.510767887571504,8.761146350461953,2.7340405145441338,36.0
3930164,89b168a2-102c-4757-8d4f-6ccedb4cdaa0,52,Carry,11,36.0,16.1,10,49.80053276038027,67.81757367582037,18.0170409154401,30.976378501235843,42.67163718385836,26.368271522162228,48.92023718953497,4.278662191532458,5.784575831710565,3.510767887571504,8.761146350461953,2.7340405145441338,36.0
3930164,b8041265-a0f2-4ba5-aeca-25249489ef35,52,Dribble,18,71.1,0.9,9,46.05340293342582,59.425107458019056,13.371704524593234,55.95190183018519,58.09088596967476,46.98082571198021,47.3597606004318,4.845414787439315,3.1940134608245954,2.9644112469604664,19.119920550676895,8.32211291966594,43.66381383859148
3930164,29551b85-5ff8-49bc-8b99-fdd954402b2a,52,Pass,8,37.3,40.3,10,50.43812449049147,65.66597279213438,15.227848301642915,37.7408109337886,26.60287009300958,35.49532634318851,27.91484461782011,5.327161264068603,4.3719908514212715,2.3061908439529475,16.74881729829245,7.183319620741592,35.79856553985244
3930164,574981d5-84df-46e0-ac0b-a7f1bd12e7eb,53,Pass,6,41.3,3.3,8,35.88924309090627,50.38609370103424,14.496850610127971,16.666548074668626,10.673345418138993,36.4900334367166,6.721238023284926,5.248862299770299,4.8811459646448645,0.9266862346463824,22.255544730604512,3.0254795445562905,7.548212605576154
3930164,cdcdff99-f5a9-449b-9029-b8101880c120,53,Ball Receipt*,7,43.7,30.2,9,38.06758040812721,54.57046679968073,16.502886391553517,18.67524387718832,21.124022303336574,32.072574140857164,34.467348782557245,5.624374175437681,5.163971107632045,0.8966859773502662,17.74121768633014,5.727325925047509,26.262484253434323
3930164,43a389f5-a86d-495b-9cac-4b8e47d8f1c4,53,Carry,7,43.7,30.2,9,38.06758040812721,54.57046679968073,16.502886391553517,18.67524387718832,21.124022303336574,32.072574140857164,34.467348782557245,5.624374175437681,5.163971107632045,0.8966859773502662,17.74121768633014,5.727325925047509,26.262484253434323
3930164,c57e218c-8a68-437a-92a2-4dd1cd60ad34,53,Pass,9,43.3,21.1,10,39.0395128279794,58.69538594258749,19.65587311460809,22.39693527732124,26.922883619375234,24.255169658499838,36.03919095710437,5.334389694924541,4.655230164624579,1.7230697767797238,9.871654727130682,9.905297456317456,28.115583109803424
3930164,08572191-c670-4af8-af91-c1ea26c87451,53,Ball Receipt*,16,56.7,16.7,10,32.97793896483989,55.5546572573922,22.576718292552307,24.733310277690915,27.429245452883794,43.05547105141614,44.58492648014631,5.653739484984971,4.463110438292478,2.657882423206054,20.141357407014652,12.278334137109795,22.7232510921893
3930164,cd2f5f8d-a6f0-449b-94d4-1223e2d9a28d,53,Carry,16,56.7,16.7,10,32.97793896483989,55.5546572573922,22.576718292552307,24.733310277690915,27.429245452883794,43.05547105141614,44.58492648014631,5.653739484984971,4.463110438292478,2.657882423206054,20.141357407014652,12.278334137109795,22.7232510921893
3930164,db13dd97-8607-4518-b216-e3c570b6c4b5,53,Pass,16,56.7,16.7,10,32.97793896483989,55.5546572573922,22.576718292552307,24.733310277690915,27.429245452883794,43.05547105141614,44.58492648014631,5.653739484984971,4.463110438292478,2.657882423206054,20.141357407014652,12.278334137109795,22.7232510921893
3930164,a231e979-69f5-42e0-b605-82c1a3c2113d,53,Ball Receipt*,17,63.5,29.0,10,37.18568244712203,60.2029783661862,23.017295919064168,25.928154919257622,27.60325992747368,43.27704018126537,41.399052747544516,6.305387295669782,3.6161409321348534,1.288297487944,20.641306466107032,8.561739206818856,27.4748120297032
3930164,c4d6787d-96d4-4571-9596-b8b425e092fe,53,Carry,17,63.5,29.0,10,37.18568244712203,60.2029783661862,23.017295919064168,25.928154919257622,27.60325992747368,43.27704018126537,41.399052747544516,6.305387295669782,3.6161409321348534,1.288297487944,20.641306466107032,8.561739206818856,27.4748120297032
3930164,d348b6b6-a817-4f65-9364-c7e0237195a3,53,Pass,17,63.5,29.0,10,37.18568244712203,60.2029783661862,23.017295919064168,25.928154919257622,27.60325992747368,43.27704018126537,41.399052747544516,6.305387295669782,3.6161409321348534,1.288297487944,20.641306466107032,8.561739206818856,27.4748120297032
3930164,bfd955a3-abbd-41cf-be19-5040e3536986,53,Ball Receipt*,18,53.6,24.8,8,52.763091504383716,68.89391898712374,16.130827482740024,26.985876865017264,33.402662208486326,36.93047980567737,23.19171630357662,8.079878131641294,1.7137314473948075,0.8203419811136143,18.519457013701377,8.432381966956846,44.11544971659207
3930164,010965db-9f19-4633-8432-2e1152362977,53,Carry,18,53.6,24.8,8,52.763091504383716,68.89391898712374,16.130827482740024,26.985876865017264,33.402662208486326,36.93047980567737,23.19171630357662,8.079878131641294,1.7137314473948075,0.8203419811136143,18.519457013701377,8.432381966956846,44.11544971659207
3930164,52a97474-2db6-4ebe-aabd-e708a71c297e,57,Ball Recovery,11,41.6,41.3,10,41.150744819996135,62.75664213834957,21.605897318353435,46.13108742737316,46.34193376658516,27.38906769886308,32.71712533009491,8.36705968619535,5.864378808902116,2.7409823252845413,12.800125407015194,0.6704746270917568,29.214901097679032
3930164,08d401af-3416-46b1-905b-24c2a6ffb07d,57,Carry,11,41.6,41.3,10,41.150744819996135,62.75664213834957,21.605897318353435,46.13108742737316,46.34193376658516,27.38906769886308,32.71712533009491,8.36705968619535,5.864378808902116,2.7409823252845413,12.800125407015194,0.6704746270917568,29.214901097679032
3930164,705ccf00-1c4d-499c-940d-b564914a5844,57,Pass,15,29.5,48.7,8,36.49228279112599,54.574413536211814,18.082130745085827,40.49159816251413,51.18743759603302,24.250635623312476,23.489887674866097,5.250076753194158,6.332114842196167,1.6867544068430718,11.583323458658647,9.533714198667006,27.431305659937948
3930164,16902ee4-3730-4b2c-9988-c57630dba174,57,Ball Receipt*,16,56.7,35.5,10,38.49001649970796,57.528919492211564,19.0389029925036,45.37232883562775,33.28315728026936,24.565957314936107,26.99352227807755,6.579689608285516,5.3490799394412125,1.076043932545815,13.021248711168816,1.1833123454280567,29.210281651255684
3930164,a51cb14f-565b-43f8-af8b-10d0cd1e0687,57,Carry,16,56.7,35.5,10,38.49001649970796,57.528919492211564,19.0389029925036,45.37232883562775,33.28315728026936,24.565957314936107,26.99352227807755,6.579689608285516,5.3490799394412125,1.076043932545815,13.021248711168816,1.1833123454280567,29.210281651255684
3930164,2e98520b-8fb4-437a-b485-95fe8d184219,57,Pass,18,53.6,36.9,10,43.64647881843056,58.40313754053824,14.75665872210768,44.74447389901345,42.09610122772152,23.828020085610774,26.179241605503393,8.165089218164642,5.339677641261627,0.9937034509853504,10.8788811790427,6.721240272642305,32.84076272511409
3930164,e4b04f9c-0cba-4123-95d0-342284862c81,57,Ball Receipt*,19,53.8,45.4,10,44.42368344493002,57.78869063555046,13.365007190620439,38.9287471256137,48.18380656235915,19.33529368752714,21.858412330967305,8.603878595679388,5.580114076565053,2.9435674158375633,8.53661316166967,3.9548288078766234,33.388239610269466
3930164,7c0015de-3399-4d38-9baa-81d0e9c2ae00,57,Carry,19,53.8,45.4,10,44.42368344493002,57.78869063555046,13.365007190620439,38.9287471256137,48.18380656235915,19.33529368752714,21.858412330967305,8.603878595679388,5.580114076565053,2.9435674158375633,8.53661316166967,3.9548288078766234,33.388239610269466
3930164,872d4228-dcd6-49db-b7a9-22681b74bbc1,57,Pass,19,53.2,45.3,10,43.988497028453494,57.027576570970005,13.039079542516511,39.4690498792972,48.73161033580775,19.8644789159222,21.880693400248695,8.504459495772341,5.705499355099418,2.932202714689339,6.473538232537059,3.965890294173626,33.00903116678877
3930164,94ab3186-c0c5-484a-a3bd-c29872ae601f,59,Ball Receipt*,10,33.1,49.4,9,46.2617642307418,62.88142088102111,16.61965665027931,36.411610457342164,40.02397069660387,28.77803971367496,42.16602906559885,4.883547232193165,6.146240133012884,1.1446712693058387,11.315879748938087,11.434275382932853,31.645578684446193
3930164,7bfc82fe-c0e1-4b67-b565-8b471030f0f7,59,Carry,10,33.1,49.4,9,46.2617642307418,62.88142088102111,16.61965665027931,36.411610457342164,40.02397069660387,28.77803971367496,42.16602906559885,4.883547232193165,6.146240133012884,1.1446712693058387,11.315879748938087,11.434275382932853,31.645578684446193
3930164,be327817-b986-430e-a567-5d32d901b7c2,59,Pass,12,31.2,51.6,10,46.206606899732385,64.35551090488426,18.14890400515187,44.07704678591912,39.667673016457826,38.80963077534242,30.278536587434168,7.314772595674294,5.180074771821408,3.985036591930374,14.682077032420167,4.287392801111508,30.470298506290522
3930164,a913bc53-32b1-4263-91db-f6ee1f12f030,59,Ball Receipt*,13,36.2,62.1,10,45.5591105295577,64.94815965635934,19.389049126801638,49.109263478556954,45.98264864413599,40.12438427252272,39.541808879198676,5.939423519067523,5.402845392977489,4.016615280796863,14.45738513239447,4.517425191193375,31.136962677184265
3930164,7f25798b-90fd-415d-9ec4-54a6c971e7ef,59,Carry,13,36.2,62.1,10,45.5591105295577,64.94815965635934,19.389049126801638,49.109263478556954,45.98264864413599,40.12438427252272,39.541808879198676,5.939423519067523,5.402845392977489,4.016615280796863,14.45738513239447,4.517425191193375,31.136962677184265
3930164,018f0519-fb2d-4375-bd32-6ff4e7f7cc5c,59,Pass,15,39.3,66.7,10,48.21179423544724,66.76396346122979,18.55216922578255,52.83527443929288,52.25596535091073,40.186307684656015,40.884281903579854,3.648599187446632,4.492278008917535,5.316920734283315,18.318821913524083,2.7155180290447873,33.77014300403252
3930164,0b544cf8-7d69-476c-ba6b-c4b8ce88a7eb,59,Ball Receipt*,16,43.7,77.0,10,48.27934421044497,65.37777280500964,17.098428594564673,54.856493341242924,54.661235775511976,40.55464211869697,42.176986154241135,3.4603526307024146,4.734855847752128,2.931793315130804,17.789914807472684,2.2866077826236975,33.783330568288974
3930164,81db2169-bfe3-4123-ae3c-0efa6c537a29,59,Carry,16,43.7,77.0,10,48.27934421044497,65.37777280500964,17.098428594564673,54.856493341242924,54.661235775511976,40.55464211869697,42.176986154241135,3.4603526307024146,4.734855847752128,2.931793315130804,17.789914807472684,2.2866077826236975,33.783330568288974
3930164,5b01e2eb-5f47-4def-b5cd-73870d63ada4,59,Pass,17,42.9,76.6,10,48.33472430182632,63.32935184788222,14.994627546055902,56.74053801731104,57.22016544292504,40.844205132644724,44.053718797921256,2.793614176059842,4.503401697080843,3.985468342906586,16.165452792583253,2.651529638926661,32.64461134624286
3930164,f33774c7-2afb-49dc-8103-5550973d1df6,59,Ball Receipt*,19,28.0,64.8,9,44.92607022576425,61.22401606760221,16.297945841837958,54.441368035877986,51.84735466484433,39.74772469772766,44.31743207259124,4.981367917045468,4.26941729579655,4.682433790187446,14.6319123521806,6.4858710355253635,15.019656754664066
3930164,e11a9560-49d5-4b5a-9186-abcbf8763e45,59,Carry,19,28.0,64.8,9,44.92607022576425,61.22401606760221,16.297945841837958,54.441368035877986,51.84735466484433,39.74772469772766,44.31743207259124,4.981367917045468,4.26941729579655,4.682433790187446,14.6319123521806,6.4858710355253635,15.019656754664066
3930164,7090259f-fb4f-4f1d-9845-9b9575807789,59,Pass,41,44.3,16.3,10,51.45924117913165,66.46736116782864,15.00811998869699,29.517632398688193,19.310120294585907,36.42047937969411,30.312339859340867,4.889127495047316,3.7534336470217795,4.610088664184541,13.279567031905724,5.655151977468577,44.29999923706055
3930164,2b85dc2a-f8f2-4e66-9378-95a04a20bdb1,60,Ball Recovery,6,57.0,54.9,8,51.485602652652595,64.10345714430262,12.617854491650029,55.21445768336086,43.722776330246035,24.195577395418304,18.264666725386782,5.663450369486087,4.801614191081296,4.880187090375159,7.20837553685287,1.4119917162789193,37.46182649224624
3930164,b41d0fa2-0c91-4f9e-ad2f-7c70593a4951,60,Carry,6,57.0,54.9,8,51.485602652652595,64.10345714430262,12.617854491650029,55.21445768336086,43.722776330246035,24.195577395418304,18.264666725386782,5.663450369486087,4.801614191081296,4.880187090375159,7.20837553685287,1.4119917162789193,37.46182649224624
3930164,25418fde-6eee-4813-8e9c-4ce6e5743be5,60,Dribble,6,58.9,56.1,8,53.34951186223664,66.11802325464025,12.76851139240361,58.43313019279459,43.73018848785699,22.677869322546577,12.328950697248608,5.5538546738141275,4.899136335558863,1.7586486385947637,10.450098131908582,1.9168095382723678,39.61082012497543
3930164,f56a4ac5-34c6-4464-9c93-2099e344d95e,65,Ball Receipt*,15,15.1,31.9,10,43.65769120036367,61.871458077557065,18.213766877193393,39.823125868696714,26.053224815914817,32.832274555793056,26.25482751369402,6.940546396936597,3.529105816140864,0.3582329224717853,19.385383890734957,2.323102600121821,15.100000381469727
3930164,86701acb-a9ed-40e6-b773-307092c842d9,65,Carry,15,15.1,31.9,10,43.65769120036367,61.871458077557065,18.213766877193393,39.823125868696714,26.053224815914817,32.832274555793056,26.25482751369402,6.940546396936597,3.529105816140864,0.3582329224717853,19.385383890734957,2.323102600121821,15.100000381469727
3930164,3e2fdc52-26c5-4183-ba67-11a4e40cedcd,65,Pass,13,46.9,16.7,8,50.398360418332786,69.99725693727292,19.598896518940137,24.96091736095404,34.204944418133415,43.92306083495668,42.233699173592896,6.58910374597563,2.0772589764629315,3.8808385429215804,20.034503175533516,10.352582641217573,30.148278928790916
3930164,a359865a-c1bd-4301-b721-04fedf9ecce7,65,Ball Receipt*,13,44.2,7.0,9,44.717439995518184,68.88762303475386,24.170183039235674,21.897546516081782,32.29875552917098,43.751187288836405,41.80511664628068,8.002623971338439,3.6154763322736394,4.47299615651815,26.063279236679726,9.872966367571223,31.886203367919606
3930164,9c8d0847-2893-400a-a711-e8221d69c84c,65,Carry,13,44.2,7.0,9,44.717439995518184,68.88762303475386,24.170183039235674,21.897546516081782,32.29875552917098,43.751187288836405,41.80511664628068,8.002623971338439,3.6154763322736394,4.47299615651815,26.063279236679726,9.872966367571223,31.886203367919606
3930164,227bf125-cb64-40a8-b111-aca62ba1dc04,65,Pass,16,46.9,7.1,9,50.71232782647775,69.7614036127386,19.049075786260858,23.22778840551252,29.173869641322646,43.86102570890291,38.73956320775958,6.55731637447638,2.511617120932026,3.8826410770446955,16.394632117644413,2.798559811346081,30.16544743039053
3930164,cd63269b-3e3c-4b50-8c71-fdb22302d2ec,68,Ball Receipt*,17,38.6,21.5,10,53.20911319705575,65.33945984376362,12.13034664670787,40.323475612111245,34.102482074623,35.174523574508314,32.87809128062652,6.6527867980386635,2.8399913192144157,3.7964155443892977,11.632262924474873,9.947229497229078,27.670928369337354
3930164,c9daeb6b-a1ae-4a69-8f2c-66edfbc043fd,68,Carry,17,38.6,21.5,10,53.20911319705575,65.33945984376362,12.13034664670787,40.323475612111245,34.102482074623,35.174523574508314,32.87809128062652,6.6527867980386635,2.8399913192144157,3.7964155443892977,11.632262924474873,9.947229497229078,27.670928369337354
3930164,0b740c7a-5228-4b4e-8ef5-60c43129a48d,68,Ball Receipt*,6,65.9,43.6,9,31.53928945524937,63.636887147263636,32.09759769201426,45.34952197452474,41.67028515131272,39.2219862498013,30.71499184716904,4.517592874597387,3.4840477494898643,5.582431846607626,12.717419175781934,2.3483402686024917,27.030463539973027
3930164,a597bec4-e3c8-4514-b134-1f92ffee4759,68,Miscontrol,6,65.5,42.9,9,31.30491874652797,63.210936828217285,31.906018081689314,45.05126495680885,41.01511618037893,39.213236433418544,28.553008731067692,4.522889752812354,3.3505375174062206,5.904553424346858,11.68393246712077,2.4941080072516826,26.859427860276526
3930164,8ce4a718-9214-4c47-a635-dd5ed7f964b3,69,Ball Recovery,5,42.9,59.3,9,34.231409458062885,54.644349659617745,20.41294020155486,60.48306983601308,62.7770820306713,37.77865070317904,32.34239320188851,5.783253777841401,7.1824401838828225,4.922920697479157,15.859337978014032,3.8008474108803654,25.679507378206253
3930164,28541033-9e58-4dd1-9ca0-9c5895217bcc,69,Pass,6,40.5,61.4,8,36.249670388505514,52.58214964353777,16.332479255032254,57.60556823823963,57.05092182172487,37.1074004453276,30.83900409518545,5.741038262145585,6.003315849538533,2.3209230866710584,13.558332338989246,14.529083669153252,27.915213755280035
3930164,282d9631-776a-4e3b-ad72-43df33bd731c,69,Ball Receipt*,7,56.5,60.9,10,37.61747489082882,55.53160770929455,17.91413281846573,56.481533484589804,57.449254516496396,34.11558206346195,30.2278821276647,5.565931459115543,4.8899033596139745,0.2068142033369611,13.708950262870168,5.166958339228259,29.689570282326343
3930164,b9e2c9bb-e275-4245-9e1f-4cdb1270a4cc,69,Carry,7,56.5,60.9,10,37.61747489082882,55.53160770929455,17.91413281846573,56.481533484589804,57.449254516496396,34.11558206346195,30.2278821276647,5.565931459115543,4.8899033596139745,0.2068142033369611,13.708950262870168,5.166958339228259,29.689570282326343
3930164,9fbaaaa2-0bb4-4be3-a64e-7e6d2bafc61d,69,Pass,8,55.6,59.7,10,40.4042186471137,57.021133246554214,16.616914599440513,57.50232395996848,56.881855057369734,34.697401824811834,31.015057141085904,6.606352513272399,3.6690448575201535,0.026246225243482968,13.221380804154641,2.0339832384990117,31.739783347881392
3930164,03a4e205-0ab0-4304-8489-dfb10b506442,69,Ball Receipt*,9,55.4,44.8,9,50.794076847216346,65.31464719440257,14.520570347186222,54.54089341312979,50.715883868094075,31.05894056229512,31.335958590964083,7.275502471457021,3.151082203533499,2.598596843805936,13.450248351935322,6.044091232934697,36.5630931609098
3930164,4df3b7f7-efa2-4670-ac73-6907a25b7476,69,Carry,9,55.4,44.8,9,50.794076847216346,65.31464719440257,14.520570347186222,54.54089341312979,50.715883868094075,31.05894056229512,31.335958590964083,7.275502471457021,3.151082203533499,2.598596843805936,13.450248351935322,6.044091232934697,36.5630931609098
3930164,0d35afa3-4832-4764-8dc8-f33da2ecbb81,70,Pass,12,22.4,20.8,8,36.5092586687719,57.94159015294875,21.43233148417685,33.56654064561144,28.140831899556513,38.07559614480763,28.04222256920676,6.765400212424938,7.127267365819369,2.805115942364779,15.958433491896653,8.614507858833814,22.399999618530273
3930164,177dfbdf-827b-4c9f-921a-5298ec1ecbd6,70,Ball Receipt*,14,9.5,35.0,9,35.47261454679936,56.89507465221274,21.42246010541338,35.334153054485256,28.47472974747848,35.522499529480555,27.39096025630489,5.591123934321199,6.742784784304997,3.067642498506057,13.429616508504203,4.902452415569861,9.5
3930164,23ffb789-71bd-41eb-b19d-240dcd596ffb,70,Carry,14,9.5,35.0,9,35.47261454679936,56.89507465221274,21.42246010541338,35.334153054485256,28.47472974747848,35.522499529480555,27.39096025630489,5.591123934321199,6.742784784304997,3.067642498506057,13.429616508504203,4.902452415569861,9.5
3930164,9533fd8f-5822-41a6-9a47-12783a39fa32,70,Pass,16,11.4,34.7,10,37.73136459344916,57.54885535014744,19.817490756698284,37.31082088171798,31.4068587640146,36.30005579717407,29.932393032498958,3.7028784812156865,6.254818419707602,2.7151573929631496,12.337473034348537,3.2821049992530718,11.399999618530273
3930164,465e6fe9-1e23-4cc3-8b50-785591172b7c,70,Ball Receipt*,17,20.1,22.4,9,39.74978607197387,59.754397667630684,20.00461159565681,37.80531725614689,31.40781229572024,40.00605569787611,31.89505318397977,2.904974651343068,5.761887476650855,6.7025489676368935,11.869772144927552,1.92682174452748,20.100000381469727
3930164,56d3494d-5ebb-4a0d-8320-39204514d595,70,Carry,17,20.1,22.4,9,39.74978607197387,59.754397667630684,20.00461159565681,37.80531725614689,31.40781229572024,40.00605569787611,31.89505318397977,2.904974651343068,5.761887476650855,6.7025489676368935,11.869772144927552,1.92682174452748,20.100000381469727
3930164,6fe98197-1e0e-4d18-8e2e-841dea2386f6,71,Ball Receipt*,21,23.3,51.6,8,37.05439240402397,57.71256699959645,20.658174595572476,38.02685515355788,37.370523127062945,42.22809934700338,41.433774815922504,5.984230548654366,5.927845786705855,2.3713264249180526,14.89787277227095,17.242496425935848,22.725454644715953
3930164,25d2a844-e33b-4178-8ffe-138b56fe14ff,71,Carry,21,23.3,51.6,8,37.05439240402397,57.71256699959645,20.658174595572476,38.02685515355788,37.370523127062945,42.22809934700338,41.433774815922504,5.984230548654366,5.927845786705855,2.3713264249180526,14.89787277227095,17.242496425935848,22.725454644715953
3930164,0bebca3e-0ae1-4d45-b3a7-e2ad9523cb1d,71,Pass,23,26.6,56.7,10,39.477372403969376,59.21465958768137,19.73728718371199,42.94383644965388,43.64140565850451,35.514874470068904,40.32689231982399,5.24800289448001,5.528983259301179,3.498969217242724,14.639705656138311,10.760528529231458,25.38004288825271
3930164,fed9123e-edd0-4dd4-b54d-3fc3fc783aab,71,Ball Receipt*,25,35.8,75.2,10,40.95985319733994,59.95682573320657,18.996972535866632,45.870960198000674,46.42682120226451,38.870849163870304,41.41385066203753,4.605913190561277,5.153626272332086,4.255056312304177,14.160066079134381,8.803980610090896,26.043127539230845
3930164,c593e3e3-b3d5-4ff1-99d1-c832baf15ee3,71,Carry,25,35.8,75.2,10,40.95985319733994,59.95682573320657,18.996972535866632,45.870960198000674,46.42682120226451,38.870849163870304,41.41385066203753,4.605913190561277,5.153626272332086,4.255056312304177,14.160066079134381,8.803980610090896,26.043127539230845
3930164,7e1687c7-1c77-4bc2-9131-62b2b2fbf651,71,Pass,25,36.6,75.2,10,42.19343377550647,60.89897366601171,18.705539890505243,47.88990635776172,48.074966817512006,42.01391391183477,41.87943713034405,4.800774277579483,5.126162593275873,5.299406882475253,13.779479617577195,7.554244079424777,26.235270413411023
3930164,9e38ea19-05bc-4c8d-8612-b64c8b4ef4ca,71,Ball Receipt*,26,48.5,70.6,10,41.572438413718054,59.048495380485114,17.47605696676706,50.31820758836146,52.11935798246671,44.13052402301706,44.50928523325141,4.944771247640942,5.461565220819164,5.084887691495638,14.362021387707657,4.249572072302755,24.357001733436533
3930164,6e127440-0978-47dd-aeaf-9da1305e0b15,71,Carry,26,48.5,70.6,10,41.572438413718054,59.048495380485114,17.47605696676706,50.31820758836146,52.11935798246671,44.13052402301706,44.50928523325141,4.944771247640942,5.461565220819164,5.084887691495638,14.362021387707657,4.249572072302755,24.357001733436533
3930164,e69285d3-09d9-42ab-9b3d-a16afb25a705,72,Dispossessed,12,74.8,14.5,10,33.97280064169584,46.00882274575338,12.036022104057537,59.46792370120204,56.573091958710265,38.33126118147672,35.508871798621776,3.631447132239676,1.3448875262569158,2.2758637600637144,14.058311999265527,7.813519385091595,31.90377536848692
3930164,423d77c5-3b5b-45da-9880-6e16c48e6d03,73,Ball Receipt*,24,41.3,53.7,9,41.46049175021013,60.594568964931085,19.134077214720953,48.394208108985296,51.27418929905579,25.623667902575335,44.97927691037446,7.0013498412501916,5.732198131368405,0.49820072416470396,13.323742576513915,1.6067374272349753,27.94644567954643
3930164,7c783dff-e551-45e1-9831-26637fda194f,73,Carry,24,41.3,53.7,9,41.46049175021013,60.594568964931085,19.134077214720953,48.394208108985296,51.27418929905579,25.623667902575335,44.97927691037446,7.0013498412501916,5.732198131368405,0.49820072416470396,13.323742576513915,1.6067374272349753,27.94644567954643
3930164,59345419-41fd-4880-b599-5ffcf2c4c793,73,Pass,31,49.5,49.2,9,51.01060814635891,68.50873100499548,17.49812285863657,53.27457551748387,42.3336107956265,25.196757317810125,43.69895803180803,5.884363970565194,4.138824191842501,0.8853679978478581,9.664504999525008,5.357808585913148,49.5
3930164,ae42a7a6-529d-4efb-a4d3-d449213e2f45,73,Ball Recovery,35,37.5,50.0,8,49.54891168666711,65.7964785306075,16.24756684394039,39.6753547786134,60.507853928730405,40.673696200014206,22.3497324728392,5.1228804666627,3.2327971188953466,4.218603682321238,19.670779804374945,9.525781942767054,37.5
3930164,3df4c5f3-e2f8-435c-aef6-9fbaa1db62e6,73,Carry,35,37.5,50.0,8,49.54891168666711,65.7964785306075,16.24756684394039,39.6753547786134,60.507853928730405,40.673696200014206,22.3497324728392,5.1228804666627,3.2327971188953466,4.218603682321238,19.670779804374945,9.525781942767054,37.5
3930164,edface8e-6e2b-4e58-94fa-68966e07fa5b,73,Pass,40,49.5,45.4,9,50.62195084573226,67.67755485514242,17.05560400941016,42.24005843778093,54.61558543404252,32.34871024252038,23.16147997620734,5.743267197035159,4.408907774296615,5.009637217367235,11.982810379209312,1.427450425467903,39.31560473624879
3930164,22ccf634-153e-4ed4-86b2-72024326b512,73,Ball Receipt*,41,44.0,44.8,9,50.374579594388926,67.88113816369021,17.506558569301284,40.47717733699067,51.72878967257091,31.335666086807663,22.876808724375593,5.855244900141966,4.341827186144131,2.2436648159388213,11.738820040266702,2.007804685343082,35.07429569945134
3930164,fe45cb46-d4ee-4d81-a1c3-cc41532b3250,73,Carry,41,44.0,44.8,9,50.374579594388926,67.88113816369021,17.506558569301284,40.47717733699067,51.72878967257091,31.335666086807663,22.876808724375593,5.855244900141966,4.341827186144131,2.2436648159388213,11.738820040266702,2.007804685343082,35.07429569945134
3930164,664e5d9e-ae69-4420-838d-00977299f13c,73,Pass,42,42.0,43.9,8,48.117918037746236,66.08407203381118,17.966153996064946,40.252821933766015,54.626395075076005,31.29832326520166,23.058029788666907,6.737745098865623,3.8500825047975042,2.9491862569258274,9.856671389169314,10.967017489600188,34.28609912160104
3930164,830eccd1-09e6-41ab-ae17-62aa00af6358,73,Pass,44,33.5,52.2,8,42.41330389967942,61.35146433424932,18.9381604345699,43.206896146653065,56.47101454839582,37.31493539546926,28.83267876308512,7.769701635113735,2.551420322426687,7.130281917371718,13.672603095740975,11.133002995667987,29.12487763286026
3930164,b41c1ca7-78fe-4101-84bf-b4d5a35b23d8,73,Ball Receipt*,46,53.0,57.6,9,45.540270665839444,63.06437436535121,17.52410369951177,50.8399468338866,48.15029461469789,41.46388339168586,40.731855087281666,6.340620647988897,4.799319759302944,1.4019301811088098,21.2875806430468,8.752185851976776,31.089400485364934
3930164,3d58e3d1-2dcd-4345-8f70-816b4a0756c4,73,Carry,46,53.0,57.6,9,45.540270665839444,63.06437436535121,17.52410369951177,50.8399468338866,48.15029461469789,41.46388339168586,40.731855087281666,6.340620647988897,4.799319759302944,1.4019301811088098,21.2875806430468,8.752185851976776,31.089400485364934
3930164,602c4d4a-c468-48fa-a218-1444741ffced,78,Ball Receipt*,14,27.0,47.5,8,42.64202301952735,59.27146782435838,16.62944480483103,44.04433271243217,49.07324938568954,39.83873991501086,21.54065621563153,3.8562529120363562,3.3627000659706168,8.789684996509457,12.436660141801205,1.2919231779569245,23.77413187174067
3930164,4d266f9c-3e4e-4aed-9f61-8bff989bcfdc,78,Carry,14,27.0,47.5,8,42.64202301952735,59.27146782435838,16.62944480483103,44.04433271243217,49.07324938568954,39.83873991501086,21.54065621563153,3.8562529120363562,3.3627000659706168,8.789684996509457,12.436660141801205,1.2919231779569245,23.77413187174067
3930164,fd971864-c894-4b69-94c3-6c4c3c844218,78,Pass,15,34.0,48.1,10,47.11356637199596,63.78177632478587,16.66820995278991,41.43768929695362,48.20531820324172,38.55386142425067,21.15999006059691,4.372847186488126,3.9368130011086317,6.177000094489024,12.479303561921121,4.973454966203583,28.63329948182422
3930164,b0fb1131-8ef7-4e6e-aa76-6f774466df29,78,Ball Receipt*,16,36.9,55.3,10,48.07633765295687,64.52325506903105,16.44691741607418,43.64743634264729,50.24696771080827,37.77625433126324,21.770501719956002,4.712547553961695,4.074562210224506,5.14068684543593,12.118458840178477,3.0444239993530715,30.026343379256662
3930164,977e8a24-5f8c-41f1-9e62-8c3a75988150,78,Carry,16,36.9,55.3,10,48.07633765295687,64.52325506903105,16.44691741607418,43.64743634264729,50.24696771080827,37.77625433126324,21.770501719956002,4.712547553961695,4.074562210224506,5.14068684543593,12.118458840178477,3.0444239993530715,30.026343379256662
3930164,22e1370f-ab04-4d43-aa69-61d0637c3c54,78,Pass,17,41.5,56.4,10,50.57992870855209,66.36234516349477,15.782416454942677,45.72308153764307,52.49898144320186,36.98108290891694,22.846804939010298,4.590241077547877,4.1441629115861005,6.0978973325211285,13.145305327598592,0.28941376964763776,32.51820160834649
3930164,24b78f28-3adf-402d-a956-6fa5ce1434f5,81,Dispossessed,19,63.3,16.5,9,43.36767012516901,60.37457232126808,17.00690219609907,50.75429475878305,51.62336287249522,34.20711133287637,33.5539598192012,4.6496947750104365,3.9183272569191065,5.667044518149794,11.745993482871569,0.059529406241040306,40.900545664007915
3930164,130f887b-c703-445d-9eed-e99965a9196c,81,Pass,10,45.2,4.4,9,53.841964455284575,66.17197266832883,12.330008213044259,26.171763315203748,27.88131642016463,43.61146316336751,16.273815653837406,4.783640592204975,4.759956876589929,2.131020674991305,24.82471437715475,0.2757984223207046,34.965256906509204
3930164,38b41095-60eb-439d-ab78-e8db041c1556,81,Ball Receipt*,11,37.9,17.2,9,53.67211803251663,65.58246542678677,11.91034739427014,29.61399992534126,24.265992397396815,39.53008965768824,30.855672697244323,4.3541240898057065,4.334815025586124,4.100643262212529,16.030798667906488,2.4848888648576732,37.900001525878906
3930164,009328ee-7377-4168-b1da-135222461755,81,Carry,11,37.9,17.2,9,53.67211803251663,65.58246542678677,11.91034739427014,29.61399992534126,24.265992397396815,39.53008965768824,30.855672697244323,4.3541240898057065,4.334815025586124,4.100643262212529,16.030798667906488,2.4848888648576732,37.900001525878906
3930164,e62a56ae-7d88-4ea8-a63f-5b689b1dad71,89,Pass,20,25.5,56.1,10,49.604499963492444,67.38165307530846,17.77715311181602,53.934074766080116,43.752292667533304,41.44914498433625,24.400255059376796,10.960245720265283,0.8567837439638724,0.9503234674694312,23.600211097391274,4.007512583634465,25.5
3930164,db431fbc-d040-4fb8-91d0-663ee3676fbb,89,Ball Receipt*,6,28.1,37.9,10,52.74968525679496,65.37642645555695,12.62674119876199,33.61406976516959,27.90444637732245,37.257239741666666,23.602936227893302,4.010201379075436,3.8809037124831347,5.562634392645123,11.652357904009428,5.488683383400012,28.100000381469727
3930164,623d07cf-4f3a-4349-948c-d67b0249fece,91,Ball Receipt*,5,70.4,60.6,10,46.490296781823396,68.21791568688946,21.72761890506606,45.9406965303229,43.52626914808132,23.753797998062197,35.991099900024736,5.790590818103449,4.379907141181802,2.0598806322316108,13.32497097760119,9.032132566909091,32.62873506694049
3930164,5e0a9668-4429-4d70-9206-2813a2379133,91,Carry,5,70.4,60.6,10,46.490296781823396,68.21791568688946,21.72761890506606,45.9406965303229,43.52626914808132,23.753797998062197,35.991099900024736,5.790590818103449,4.379907141181802,2.0598806322316108,13.32497097760119,9.032132566909091,32.62873506694049
3930164,6436c79d-6b84-4228-adcd-dc2eb53c11a5,92,Pass,11,30.2,2.0,10,42.12251735399228,65.72626343472625,23.60374608073397,15.246639095014455,20.40244058096133,27.533019809821155,36.80867805219281,7.930588926845016,2.8881298207407977,3.6509420091635576,9.72750768407571,7.681801140738337,30.200000762939453
3930164,061fd2fe-6cde-4689-b244-d40624cbd036,96,Pass,6,20.9,15.3,8,18.660181200325756,32.43665117537894,13.776469975053185,25.294047573696133,21.704915367072516,41.89440235158978,23.582523546381758,3.8755006732015618,5.731560221618764,7.0310711937472234,12.780854811618937,5.553933294588447,4.469053664445795
3930164,ba8014e3-f27c-4900-8d66-376613c2d78f,96,Ball Receipt*,7,44.5,14.1,9,19.145929002586264,36.217511249566314,17.07158224698005,25.897083479109096,19.83762445810464,42.02375439803788,22.90068632956097,3.2074798931590816,7.485016059573785,9.007132091723918,12.15322767693597,2.870609561867468,3.8111219287279283
3930164,12a90d0e-38e4-4433-94e3-8e64bc61f4be,96,Carry,7,44.5,14.1,9,19.145929002586264,36.217511249566314,17.07158224698005,25.897083479109096,19.83762445810464,42.02375439803788,22.90068632956097,3.2074798931590816,7.485016059573785,9.007132091723918,12.15322767693597,2.870609561867468,3.8111219287279283
3930164,626d157b-5f37-4e3d-9845-f690614c4d26,96,Miscontrol,7,43.5,14.5,9,18.94932073826232,35.50982826610695,16.56050752784463,26.62200131812738,20.87670641607266,42.05087519284585,22.40300205101309,3.18661246943213,7.275135380469571,8.29763348310167,11.85611798435039,2.4886417929533877,3.2135103017267284
3930164,d6a97466-0793-41c7-b05e-def542262c19,96,Pressure,8,35.4,10.1,9,24.30002008832445,39.751356696588665,15.451336608264214,27.551822129983417,19.47853283427207,43.56538131813641,23.93339779760717,3.7049961285563953,5.5648621498299455,7.844049854411864,12.832792798882899,2.064732047236106,7.380075135742757
3930164,633679f0-7137-4a5a-9cdd-bef40983a622,96,Block,9,36.3,10.9,9,21.818515355972725,37.020719944241044,15.20220458826832,31.362144961566962,22.218031723853603,46.8396275572979,25.910915817127048,3.8617783053598096,6.176813833699299,7.693223753496575,14.33795480872871,1.972304636863484,4.33260748638763
3930164,da4e5bd0-dc82-481d-833e-3af767f793be,96,Ball Recovery,11,46.6,5.9,9,26.0772218306808,43.086234281774985,17.009012451094186,29.33296827626675,15.69159202625176,46.32430135047667,26.65502238692323,3.8220919762022842,4.406938352764929,7.004477437474108,18.26723694295061,1.5578592778757212,7.235670650442231
3930164,9804ed23-8160-4819-99cc-49c0a0e50b28,96,Carry,11,46.6,5.9,9,26.0772218306808,43.086234281774985,17.009012451094186,29.33296827626675,15.69159202625176,46.32430135047667,26.65502238692323,3.8220919762022842,4.406938352764929,7.004477437474108,18.26723694295061,1.5578592778757212,7.235670650442231
3930164,abf1b5b2-d3f0-4eb5-b541-e95edcc835f9,96,Dribble,11,48.3,7.6,9,29.46037129225457,51.00931170939691,21.54894041714234,30.93905974431026,20.852802546536356,39.3311595496201,30.92288616596104,6.635702936780776,7.211088911733653,7.209614392363925,14.041627423733388,3.582690793612656,25.193730959826325
3930164,8d5cf021-279f-4f91-ae8e-14455936a825,96,Carry,11,48.3,7.6,9,29.46037129225457,51.00931170939691,21.54894041714234,30.93905974431026,20.852802546536356,39.3311595496201,30.92288616596104,6.635702936780776,7.211088911733653,7.209614392363925,14.041627423733388,3.582690793612656,25.193730959826325
3930164,5f9fce9f-ba66-482f-aba9-cbb0ea55423a,96,Pass,9,43.9,42.0,10,46.8096144031888,67.33678083005951,20.527166426870707,43.05784349697383,43.788163082508476,22.234336497853604,36.619089016332616,4.154270411954172,0.706541675549065,3.8168597999047975,7.755930839683039,6.106903731173816,33.92584128206937
3930164,4b12631d-7ed2-4562-98a7-b34accbc1c13,97,Ball Recovery,7,54.5,28.9,8,52.42995019406381,70.06275671665692,17.632806522593114,34.36332445425661,33.12475213546231,35.45051678042993,34.29769994758608,7.129616731226231,3.834504080381997,2.286548491192825,21.48179282118059,16.13203827262722,41.92894265275828
3930164,c39b3d13-9815-49d1-9194-53b198da7ba6,97,Carry,7,54.5,28.9,8,52.42995019406381,70.06275671665692,17.632806522593114,34.36332445425661,33.12475213546231,35.45051678042993,34.29769994758608,7.129616731226231,3.834504080381997,2.286548491192825,21.48179282118059,16.13203827262722,41.92894265275828
3930164,14fca45e-7ff1-45e6-a788-bec7ca311343,97,Ball Receipt*,13,54.6,16.5,10,48.43613772015182,68.75861261000543,20.32247488985361,34.48443630876241,27.344176294806275,37.16089496454598,39.887506994610796,5.40554673629058,7.637373475299846,3.214022973168781,22.649326281382308,7.272141599085046,38.04577671587983
3930164,c4540937-b206-49c9-8fde-66562249690a,97,Carry,13,54.6,16.5,10,48.43613772015182,68.75861261000543,20.32247488985361,34.48443630876241,27.344176294806275,37.16089496454598,39.887506994610796,5.40554673629058,7.637373475299846,3.214022973168781,22.649326281382308,7.272141599085046,38.04577671587983
3930164,d47004b3-dccc-4297-95a6-597006b36f03,97,Pass,16,43.7,14.8,9,46.35155389979202,65.66073890091752,19.3091850011255,25.959630373680586,30.185533006836614,34.36594921090276,42.43144826587983,5.891266082079168,8.295874881266993,6.097979509729463,12.912994254918829,6.1865875830729,35.47807758319965
3930164,073c0a3b-569e-43cd-9995-bf0ddb639705,97,Ball Receipt*,17,57.2,8.1,10,45.701430518624946,63.14783348324889,17.446402964623942,24.984619110364513,30.112306695941257,37.30132230083911,41.38231180717789,5.758948593216341,7.689111358356539,4.733085459394594,14.896556347142386,9.4655251809057,33.62525488211038
3930164,df9d67dd-c77f-4e84-a217-30dcd12b3567,97,Carry,17,57.2,8.1,10,45.701430518624946,63.14783348324889,17.446402964623942,24.984619110364513,30.112306695941257,37.30132230083911,41.38231180717789,5.758948593216341,7.689111358356539,4.733085459394594,14.896556347142386,9.4655251809057,33.62525488211038
3930164,f09d5d96-d249-497d-b6ca-60d1d0c79830,97,Pass,17,56.5,8.5,10,45.00142975568549,62.447832720309435,17.446402964623942,25.384618728894786,30.51230631447153,37.30132230083911,41.38231180717789,5.758948593216341,7.689111358356539,4.733085459394594,14.896556347142386,9.4655251809057,32.92525411917093
3930165,3ec50551-9323-4da0-b447-cc12e8e53016,2,Ball Receipt*,12,79.7,65.7,10,39.25784149217226,58.12424659903816,18.866405106865898,29.486098000591426,36.55609531964109,50.55801639350499,52.53597206783647,5.542199999477158,6.454594534265022,9.765620955854054,15.363301409925569,0.2502547511968487,32.772894067278344
3930165,d965da71-6f10-43e1-952e-8fa9b3667e3c,3,Pass,15,43.7,27.8,9,52.02120059378492,69.49792261239821,17.476722018613295,28.166208278407503,30.74347860689364,35.358952003810316,21.523917019961694,5.356972498393435,5.360662371190383,1.794668798145306,19.64514126750794,4.769144877613883,37.07600867106873
3930165,fbd7fd34-c883-45a5-a228-d7ec31d1b237,3,Ball Receipt*,15,39.9,17.5,9,49.58285441767974,68.45110754662163,18.868253128941888,24.89263142200074,28.692614138703192,33.50291199727033,23.84944383095255,5.075428971987085,5.05697627095256,1.0110992414553195,23.616564304565834,5.595120541454243,35.32005633791038
3930165,27d11496-a4f1-4cf0-b8f4-30d3b44ee3ae,3,Pass,15,39.9,17.5,9,49.58285441767974,68.45110754662163,18.868253128941888,24.89263142200074,28.692614138703192,33.50291199727033,23.84944383095255,5.075428971987085,5.05697627095256,1.0110992414553195,23.616564304565834,5.595120541454243,35.32005633791038
3930165,95f8eb14-09f5-4c50-9d08-3ca2a35e2192,3,Ball Receipt*,17,35.3,36.4,8,49.14822260334911,66.83024843569795,17.68202583234884,26.984873493729413,25.681555559259838,30.575844667154893,19.64519492152027,4.705607937498272,5.145304040086101,0.9675936776011582,22.428714826811245,6.802454496282188,35.29999923706055
3930165,1562e1a1-091b-4644-96e0-ede236012b87,3,Carry,17,35.3,36.4,8,49.14822260334911,66.83024843569795,17.68202583234884,26.984873493729413,25.681555559259838,30.575844667154893,19.64519492152027,4.705607937498272,5.145304040086101,0.9675936776011582,22.428714826811245,6.802454496282188,35.29999923706055
3930165,ff6cb5d4-6526-403d-a3c5-2bec772b9735,3,Pass,23,46.2,74.7,8,52.56453509935733,67.33424633438479,14.769711235027458,50.55375960549304,59.54683737961549,45.295949406798215,46.23995245182398,6.570330503251703,5.9425728781452305,7.911921167132476,14.567902572308519,11.221066734677649,34.80491034843529
3930165,4c5ee38c-ad0e-439f-991c-f56df3d25b70,3,Ball Receipt*,24,51.4,78.1,8,50.73716673733495,65.9795933771044,15.242426639769441,61.58798674486319,45.003745354218346,38.24838422686052,43.00876873925846,5.463620336012382,6.215122809776749,2.0299189145099916,14.401195069636202,5.0708988858815225,37.21765734912343
3930165,f478e816-b260-420f-87b4-501b72a71b74,3,Pass,24,51.4,78.1,8,50.73716673733495,65.9795933771044,15.242426639769441,61.58798674486319,45.003745354218346,38.24838422686052,43.00876873925846,5.463620336012382,6.215122809776749,2.0299189145099916,14.401195069636202,5.0708988858815225,37.21765734912343
3930165,89de3ad3-b644-47d3-839c-aa19efa1eac2,3,Dribble,27,67.7,69.8,10,45.54016759047867,59.31736393567058,13.77719634519191,25.812839815835105,12.647833756314359,37.435879098700184,10.702578515852935,6.718333846394118,5.686102593764422,1.324082665979418,25.6165526909,2.7765533437179357,38.30731905124517
3930165,80d3b137-9334-4a2c-b2d4-2511a41b1a8f,3,Ball Receipt*,7,53.4,7.7,8,33.40363537819419,54.21693440616459,20.8132990279704,23.580475969794815,19.19518777994361,30.180804535431108,33.616131205754854,7.114441279951605,2.856868522679555,4.178139625051891,10.68368554008643,2.767350652386682,10.947168510197372
3930165,3261f6db-5d90-4e54-9d71-eb2686d3e847,3,Carry,7,53.4,7.7,8,33.40363537819419,54.21693440616459,20.8132990279704,23.580475969794815,19.19518777994361,30.180804535431108,33.616131205754854,7.114441279951605,2.856868522679555,4.178139625051891,10.68368554008643,2.767350652386682,10.947168510197372
3930165,67173a3a-7aeb-4720-9c4e-95d046ca0dad,3,Pass,7,53.8,8.0,8,33.80363308937583,54.61693211734623,20.8132990279704,23.88047616052968,19.495187970678472,30.180804535431108,33.616131205754854,7.114441279951605,2.856868522679555,4.178139625051891,10.68368554008643,2.767350652386682,11.347166221379013
3930165,0dce4a33-4224-4012-a09b-ccf410237a47,3,Ball Receipt*,8,59.2,18.4,10,37.918210855167,57.407434439706584,19.489223584539587,27.75109062401497,22.378839328634577,31.27277577461127,33.571536690641175,7.346009779337875,3.2923141071482718,5.632512946412504,10.141828218634807,2.460720827415045,27.186141295317483
3930165,43191227-7288-4761-8061-80a1a9de1f70,3,Foul Committed,8,59.2,17.9,10,37.918210855167,57.407434439706584,19.489223584539587,27.75109062401497,22.378839328634577,31.27277577461127,33.571536690641175,7.346009779337875,3.2923141071482718,5.632512946412504,10.141828218634807,2.460720827415045,27.186141295317483
3930165,fdf0d49b-4213-4ccf-bb4c-bd47d003122b,4,Pass,34,42.3,42.7,8,51.39170314606919,68.63071028232558,17.23900713625639,48.02241846759952,46.81115414247987,31.085008430339087,35.61928541214557,5.936970858961923,4.685595094427488,0.02071271854664758,13.528947718416582,16.38493391443069,35.73663688862312
3930165,527976f8-d856-4cad-89c2-b2ffc71b79ad,4,Ball Receipt*,41,48.9,12.2,8,49.96195243778513,64.77346926456137,14.811516826776241,31.850681578711182,16.722532438836367,34.14844333953353,17.104440066140533,6.1349265032936495,4.668498833184127,5.017823828898621,12.310065745032993,5.958905252827758,35.324882121698955
3930165,1940e417-da5e-4a85-aa36-134020f70384,4,Carry,41,48.9,12.2,8,49.96195243778513,64.77346926456137,14.811516826776241,31.850681578711182,16.722532438836367,34.14844333953353,17.104440066140533,6.1349265032936495,4.668498833184127,5.017823828898621,12.310065745032993,5.958905252827758,35.324882121698955
3930165,95084f1b-53d4-4596-a355-8251038bdec3,4,Pass,43,54.3,5.3,10,50.66428106300733,66.49441495958317,15.830133896575838,24.0606831352821,25.680356612694574,40.63860982987626,20.68818651596816,6.913198537204477,4.226375232440569,2.327438701366706,17.328249448493054,4.830739114018989,32.87583289162313
3930165,b1c96c42-50b7-4303-9d7c-f917204dee2d,5,Pass,12,38.4,47.5,8,50.88281667355459,70.22981091614521,19.34699424259062,46.596745598723786,26.979551801472354,24.800089428333948,14.182836377079383,7.992702390611904,4.400006884738709,2.787089545348877,13.315838722735592,3.15616655675165,38.400001525878906
3930165,93a7cf3e-584c-4410-a4ad-77c70fe31381,6,Ball Recovery,23,43.3,43.3,10,42.668476013337845,62.68885835002545,20.020382336687604,47.574064751086624,45.432148474823244,28.03320361996813,21.265619608910825,8.19362354157539,5.682168695829921,2.5908863070139816,17.28451724443153,4.189722476052893,30.23625764820863
3930165,24918545-6e89-47fd-b635-d1d3d4ca373f,6,Carry,23,43.3,43.3,10,42.668476013337845,62.68885835002545,20.020382336687604,47.574064751086624,45.432148474823244,28.03320361996813,21.265619608910825,8.19362354157539,5.682168695829921,2.5908863070139816,17.28451724443153,4.189722476052893,30.23625764820863
3930165,37c0109d-6476-4d00-ac18-972686c27fb7,6,Pass,25,45.2,31.8,10,46.00366382181831,63.35581119905148,17.352147377233173,37.86162223382331,41.28369071415677,23.123124940658744,35.480223429809826,6.746086899736142,6.436668767299975,0.591391799710486,9.075021963103701,7.188835528052074,34.441702840638996
3930165,67884f1c-4ee9-40c7-98d5-1eaa31a74756,6,Dispossessed,33,76.0,1.4,9,39.775981987875994,53.1532117901874,13.377229802311405,59.71633984293944,50.35327494270646,48.20769877880809,31.427541442428925,4.735081839437703,5.458833904054879,1.9604333668237075,22.536344828650577,1.2575008584460363,41.58997081671218
3930165,047dcd97-ba00-464b-bf3f-e142faf3a0c6,7,Ball Recovery,15,43.0,28.3,10,37.0911058369492,56.804583507539874,19.713477670590677,21.187842132361922,21.729733569860308,16.08865298754428,17.726301864207517,8.025303685759674,5.158571065838142,2.3905289754328187,6.526078315521623,1.9732869393714871,29.534396376918515
3930165,ee187835-f655-49cf-8160-88c82d6eade9,7,Carry,15,43.0,28.3,10,37.0911058369492,56.804583507539874,19.713477670590677,21.187842132361922,21.729733569860308,16.08865298754428,17.726301864207517,8.025303685759674,5.158571065838142,2.3905289754328187,6.526078315521623,1.9732869393714871,29.534396376918515
3930165,e7db2bed-293b-472b-8bed-a94c01b219fc,7,Pass,17,43.3,20.9,9,39.50128116486208,59.37238180742577,19.87110064256369,23.264946608816008,23.602231778250395,17.287891733813744,20.75382628423201,6.161723622291516,7.057831933246716,1.2286435391992327,6.850419794258471,4.873772629351635,32.372470943829626
3930165,a36f144c-57ac-4606-97b7-c49e18708c61,7,Ball Receipt*,19,57.0,6.8,9,49.26491617608214,66.92044642285421,17.655530246772074,21.213750495042444,28.364680446201774,20.81933072339863,41.27249724056794,5.714169280298359,3.9239326919486417,3.1424367798166237,9.903284115591354,9.267139795172724,35.41691716346873
3930165,f36d0c2e-c770-4f0a-b92c-fb5c184b2b7e,7,Carry,19,57.0,6.8,9,49.26491617608214,66.92044642285421,17.655530246772074,21.213750495042444,28.364680446201774,20.81933072339863,41.27249724056794,5.714169280298359,3.9239326919486417,3.1424367798166237,9.903284115591354,9.267139795172724,35.41691716346873
3930165,23cdc1a1-d7a1-4f78-8fe8-e0255e6a509a,7,Dribble,19,59.3,8.4,9,51.29478923672097,68.20825748932072,16.913468252599742,21.908310515803812,28.47162988594399,20.333816210899,40.4528492845143,6.074260298250715,5.006862653563406,2.790235014540979,9.421453937608213,9.979348199488449,37.086401733786516
3930165,2043c12e-0b8a-4cad-b9d0-bf13ee079446,7,Carry,19,59.3,8.4,9,51.29478923672097,68.20825748932072,16.913468252599742,21.908310515803812,28.47162988594399,20.333816210899,40.4528492845143,6.074260298250715,5.006862653563406,2.790235014540979,9.421453937608213,9.979348199488449,37.086401733786516
3930165,c40a3158-824a-4bf2-a6a7-c1d11b768f59,9,Pass,7,27.0,49.7,9,48.49355646918225,64.8189102794038,16.325353810221543,42.83663169902927,40.599599328833314,41.08320576721947,31.600528556761773,8.752748116692512,1.3052175670631931,3.459523823025428,15.586484451234924,4.06424344257087,18.71642022589056
3930165,9e3a2d13-1f26-4472-87f7-71c78c750bd5,9,Ball Receipt*,8,36.7,55.7,10,45.531978246364545,62.092949954475245,16.5609717081107,46.83074063276683,44.420972258418914,42.02075629988039,31.576834584229452,9.098779905695313,1.5880929573409277,6.100613211696988,13.508455350424867,3.2842747828771977,16.835552796934522
3930165,151edd63-16ee-45be-baff-9ea32d8a7a4d,9,Carry,8,36.7,55.7,10,45.531978246364545,62.092949954475245,16.5609717081107,46.83074063276683,44.420972258418914,42.02075629988039,31.576834584229452,9.098779905695313,1.5880929573409277,6.100613211696988,13.508455350424867,3.2842747828771977,16.835552796934522
3930165,dc6958c1-74ff-4af5-becb-befb29483235,9,Pass,9,36.7,55.7,10,46.67734235377045,63.3309859953522,16.653643641581752,47.76616789360449,47.54411623263016,42.52513037403187,30.213636698673966,9.91191257452433,1.805395146298959,6.919806689277827,13.29094607280578,5.595285834543169,18.520585566942515
3930165,3215b4f0-787b-4518-ab4d-acd139ef3fed,9,Ball Receipt*,9,24.5,60.9,10,43.99390804283729,60.64763453414999,16.653726491312696,47.26346251873398,46.43867759856643,43.38209850923518,28.943617319814642,10.770975477589934,1.7804410673109665,6.6047038239791505,12.591808343201748,7.237893856130761,15.714993249586854
3930165,592907c5-a533-4df4-a501-c218dc04468d,9,Carry,9,24.5,60.9,10,43.99390804283729,60.64763453414999,16.653726491312696,47.26346251873398,46.43867759856643,43.38209850923518,28.943617319814642,10.770975477589934,1.7804410673109665,6.6047038239791505,12.591808343201748,7.237893856130761,15.714993249586854
3930165,d1dc8ab2-a03a-4f14-81d6-4f1b1931b6ee,9,Pass,12,26.4,67.3,10,40.80116274446592,60.14478462290942,19.3436218784435,59.14378281805521,40.6313165353772,32.98854344356182,27.125091266111397,10.84922571098529,2.4851720685519685,3.5663691562288165,11.776418922067187,5.453576636632633,26.399999618530273
3930165,7e14a688-34c3-4ffa-995a-3e79936d2d8b,9,Ball Receipt*,23,38.9,62.2,8,36.92377985683048,52.264445996986744,15.340666140156266,59.216371260295865,47.56042579193957,27.666906257608687,43.9916774270767,8.121836624321222,5.439477459669312,4.154943201130223,9.46627795200412,8.80936734679505,25.50641071181404
3930165,ea18a331-5952-423e-9a11-581b7849b7a2,9,Pass,23,38.9,62.2,8,36.92377985683048,52.264445996986744,15.340666140156266,59.216371260295865,47.56042579193957,27.666906257608687,43.9916774270767,8.121836624321222,5.439477459669312,4.154943201130223,9.46627795200412,8.80936734679505,25.50641071181404
3930165,6532be44-a10c-4fce-bd11-151d3ca406a3,10,Ball Receipt*,10,52.8,78.0,8,39.34261885095102,62.40612894039435,23.063510089443334,51.250493360302585,49.417287584743214,41.55654815828946,49.40323156293375,7.711719945918083,7.3023239368489525,2.952715899046737,19.28717638773425,18.940506129788496,22.023787106796455
3930165,c33c4e0d-fd0e-43cd-9e4c-6af62ea7800d,10,Carry,10,52.8,78.0,8,39.34261885095102,62.40612894039435,23.063510089443334,51.250493360302585,49.417287584743214,41.55654815828946,49.40323156293375,7.711719945918083,7.3023239368489525,2.952715899046737,19.28717638773425,18.940506129788496,22.023787106796455
3930165,a1e83c4f-07a6-4f0f-a5c5-08d86a080bcf,10,Pass,12,51.6,77.0,10,42.027474011995004,63.73404923868642,21.706575226691413,62.59909417817386,43.94675328704521,36.70149741728838,46.79115697410923,8.174678539424368,6.722854839964712,2.188172811755649,20.97703357311248,3.372109047502839,23.501883623015885
3930165,7ed737ef-324c-4e85-85a7-217888a603ea,11,Pass,55,34.2,50.6,10,41.66025964872938,58.026594728201246,16.366335079471867,47.02521022825905,40.290827972102974,40.35517984309809,33.311543926402734,5.575981260781161,2.337798615019068,6.2267446466455,13.289223470419849,4.748894076764358,30.923255540937006
3930165,157ecccf-d3d2-423b-a205-5b7ff25f31f5,11,Ball Receipt*,56,40.4,40.2,10,42.08422378895077,57.400243632873696,15.316019843922923,45.677160457751086,39.73619307842059,38.59539399687926,31.10600422554642,5.265784562471017,2.2594404831409536,4.823371521091005,15.162911280106599,5.998646072352642,30.572261226109234
3930165,6ff00230-f012-4eb1-af42-3a80a68c35a1,11,Carry,56,40.4,40.2,10,42.08422378895077,57.400243632873696,15.316019843922923,45.677160457751086,39.73619307842059,38.59539399687926,31.10600422554642,5.265784562471017,2.2594404831409536,4.823371521091005,15.162911280106599,5.998646072352642,30.572261226109234
3930165,be139595-4116-402d-ad3f-b6a237450a9c,11,Pass,56,42.2,39.0,10,43.58202645434535,58.59476954371961,15.012743089374254,44.778436824499366,38.77069489350747,34.55053190987965,30.71132467927479,5.3830405137837065,2.520835269860706,1.3878781018668533,15.124811249397368,7.672481743240525,31.75771138951437
3930165,5864e1bf-4918-41aa-bc74-2259fbdb4e02,11,Ball Receipt*,57,55.6,27.1,10,46.22875141515162,59.57251850444224,13.343767089290623,42.02128500159496,34.262379832726836,30.77366717880969,28.008523721421106,6.050248953811011,3.4674240337727866,0.3593702855317531,14.591731125856995,8.473560732785643,33.198026541590934
3930165,0b0a51cf-0802-4ba7-a471-c5264ce41045,11,Carry,57,55.6,27.1,10,46.22875141515162,59.57251850444224,13.343767089290623,42.02128500159496,34.262379832726836,30.77366717880969,28.008523721421106,6.050248953811011,3.4674240337727866,0.3593702855317531,14.591731125856995,8.473560732785643,33.198026541590934
3930165,9db76b14-7891-475f-af29-7af58df430a6,11,Pass,59,51.3,26.6,10,46.9764774483089,60.195039329254584,13.218561880945686,35.64841312992611,38.295291309667284,24.564574951927725,38.4366274607004,5.748143029686554,5.221623613924015,2.1715535097211003,10.65239330977164,3.3128443276999278,34.54518732154513
3930165,07f53639-02f3-40cc-98ff-f3bdb8f475a0,11,Ball Receipt*,60,44.9,17.5,10,46.13943164736002,61.47268164313349,15.333249995773471,30.19955579235087,36.477066671821596,27.28887693237617,39.8445384574068,4.963705838619792,5.89447255127234,0.7298466152512333,12.017333871725803,3.5025421763067754,35.810970667722884
3930165,0bd0f05d-ad87-4dbb-b868-d819c9d3491f,11,Pass,60,44.9,17.5,10,46.13943164736002,61.47268164313349,15.333249995773471,30.19955579235087,36.477066671821596,27.28887693237617,39.8445384574068,4.963705838619792,5.89447255127234,0.7298466152512333,12.017333871725803,3.5025421763067754,35.810970667722884
3930165,1e951652-603a-4cc6-8252-6e2b6be39593,11,Ball Receipt*,61,53.8,2.7,10,47.45807293323407,64.12360039303746,16.665527459803393,26.278847457243096,32.02834825338888,30.67920480021688,37.83023469031595,5.72049508609192,5.897900982359459,1.0511242367389144,14.552592585066279,2.7404873333791144,36.587033173821624
3930165,35342487-38af-4642-b9e7-bccf259d3f6a,11,Carry,61,53.8,2.7,10,47.45807293323407,64.12360039303746,16.665527459803393,26.278847457243096,32.02834825338888,30.67920480021688,37.83023469031595,5.72049508609192,5.897900982359459,1.0511242367389144,14.552592585066279,2.7404873333791144,36.587033173821624
3930165,15fe693f-231e-43c7-966e-faa5457a480f,11,Pass,19,40.9,42.9,8,51.83796153551585,65.83326500348225,13.995303467966401,35.61974736124281,35.37311285711433,36.13567229146605,27.48922900871872,4.874164581914169,5.078882484510114,2.717656747807382,13.767728060405254,11.621711075082303,31.917559761205574
3930165,c83eab62-1ee8-41d7-be1c-d3b0c82c9aa2,11,Ball Receipt*,20,35.5,24.4,9,50.3751888915004,68.4407996390682,18.065610747567803,29.62610802082538,32.13893947692976,37.95294664240389,26.984063386530984,6.373810732544359,4.48098216417976,0.9641480124725206,15.58893392045865,3.6556740071652882,35.39627889971369
3930165,9001713c-37a2-4057-a012-648eafcac771,11,Pass,20,35.5,24.4,9,50.3751888915004,68.4407996390682,18.065610747567803,29.62610802082538,32.13893947692976,37.95294664240389,26.984063386530984,6.373810732544359,4.48098216417976,0.9641480124725206,15.58893392045865,3.6556740071652882,35.39627889971369
3930165,2112d7fd-d857-47f1-8380-cc27d12e30ed,12,Block,27,50.2,76.8,8,41.59641622835504,55.12679725616123,13.530381027806193,66.00006508689327,54.68528846698658,30.447813527315546,50.5387178056408,7.026887782535009,4.763542481307329,0.03494642658081659,15.76212783052059,24.630582660393234,11.403600772346692
3930165,31096731-371e-4839-b926-1ff897f2d379,12,Foul Won,35,76.4,32.2,10,39.689022504937206,50.73689945689204,11.047876951954834,35.2032028058815,31.23353815840168,22.46346878450553,24.18334759627485,3.350173034806445,3.5403624848867783,1.7158822370394375,8.246619753452698,4.738874178842281,36.940817195457186
3930165,fc3a2e75-7f1d-4db5-983a-b726915a4bd3,14,Ball Receipt*,6,50.4,50.9,8,34.88918608130997,53.3035461449914,18.41436006368143,51.90853535746542,62.10383201393605,25.08443178874836,22.19161089246507,11.285721707822326,3.4678172053736867,0.030143601042176726,10.277129116879976,10.496793421325464,18.841124764359563
3930165,81b44a92-81db-4082-b18c-9b8bf2611313,15,Pass,31,37.7,29.5,8,38.14382563007613,55.62184997221192,17.47802434213579,24.213767607534603,19.211358167045073,22.18940841848262,6.829271570563726,7.374973456763077,7.892721074401989,0.46609745062823293,8.810590681827879,2.1665648830039714,28.01484766640963
3930165,29f68389-f86d-43b8-8c67-4512c801f5d0,15,Ball Receipt*,32,47.9,57.2,10,43.817959245285216,64.08511593884334,20.267156693558128,33.96675487475885,38.16577183179949,23.82937845803393,36.30653411980856,8.037491017304577,7.387427590207265,0.42686270190282016,9.093118380503189,1.326212458950529,34.00021539158431
3930165,cc8d193c-66e0-4bdd-b066-3d9ca3ab9241,15,Carry,32,47.9,57.2,10,43.817959245285216,64.08511593884334,20.267156693558128,33.96675487475885,38.16577183179949,23.82937845803393,36.30653411980856,8.037491017304577,7.387427590207265,0.42686270190282016,9.093118380503189,1.326212458950529,34.00021539158431
3930165,2a234df9-ca56-4805-92bb-f2d1b56311e5,16,Ball Receipt*,8,30.3,73.1,8,35.15281041045899,54.080192154282145,18.927381743823155,40.427744238611766,47.37956543833909,30.191266405124196,27.5263691114434,6.427674143065201,2.84858096667254,0.21875920401949145,18.790455846278064,7.172375032284492,24.899861165413952
3930165,56a3326b-dc94-4d4c-b5b2-9a99fdec988e,16,Carry,8,30.3,73.1,8,35.15281041045899,54.080192154282145,18.927381743823155,40.427744238611766,47.37956543833909,30.191266405124196,27.5263691114434,6.427674143065201,2.84858096667254,0.21875920401949145,18.790455846278064,7.172375032284492,24.899861165413952
3930165,5439add3-646d-4e4d-b0d1-125afdaba195,16,Pass,13,46.1,73.9,8,53.39313839876387,70.2736197313457,16.880481332581837,53.6809177861589,55.486903426748114,38.074767428791276,9.64309113218411,3.684970297318372,2.5455868615847588,2.4667004027707122,21.822539921587506,4.729881770913501,41.08630937908484
3930165,f57146a8-3c0a-4093-8f1c-9aed871a5832,17,Foul Won,45,77.5,63.8,10,27.66699234223639,40.47023550198504,12.803243159748646,26.708429034668463,28.730757424033413,25.382451196473188,37.05582883757654,2.6732391928091808,2.9886541512595066,3.799954539807267,8.803843749775957,1.2313403973690598,23.820351976895324
3930165,5a6f3beb-d017-48f1-bd5a-8f7160c981b5,18,Ball Receipt*,12,75.3,31.4,10,36.43245176442824,53.09740339595782,16.664951631529583,49.19119393455772,35.5074788445011,56.20624681821777,42.95654409871645,5.053867370342137,4.360803221311967,1.7947818285458084,29.534183253760176,12.252686571747176,29.59369621800785
3930165,d08cca71-dc67-401c-b8f7-20e786e64285,19,Pass,23,42.9,10.7,8,54.4487456429221,69.15931207593175,14.710566433009653,28.94747412865167,23.651285825932884,40.78075956626368,37.45929800066904,3.704855410621288,3.483188542154153,4.470257007960491,12.513363530068702,18.28578667482968,34.25122075350828
3930165,506ba177-9e6f-45bf-97b9-657d505214af,19,Ball Receipt*,24,50.6,12.6,8,53.23657615492613,68.95058168677967,15.714005531853545,26.049403664445755,21.643114546878625,42.3219223552354,36.76256733467051,3.042629233078592,3.7862364748010546,6.212798404212702,12.515822199854522,17.33136710383666,33.796199804525415
3930165,552d6428-b9c1-4e25-94e9-853827707e2a,19,Carry,24,50.6,12.6,8,53.23657615492613,68.95058168677967,15.714005531853545,26.049403664445755,21.643114546878625,42.3219223552354,36.76256733467051,3.042629233078592,3.7862364748010546,6.212798404212702,12.515822199854522,17.33136710383666,33.796199804525415
3930165,c90cfc08-63e8-4b9f-88e9-8104d0bbc5cd,19,Pass,6,47.2,61.4,9,39.20477650253868,61.08174839494265,21.876971892403972,56.88091253113057,53.49173519184336,18.055026160902273,24.45353001798715,8.399628620836058,3.951561795820546,0.24133408709695203,8.709335932491925,5.722981127206708,28.258030496727443
3930165,b9c675ae-cc65-4d49-8abd-8dadd757a1f8,19,Ball Receipt*,7,56.0,73.1,8,50.96070533656966,70.17312274942408,19.21241741285442,57.09930082289161,48.313571539777705,24.293242766036343,15.901477623836008,7.959493458111066,3.950325435034361,0.8380177941529752,10.08587260950582,5.854183296160194,54.469803423967775
3930165,725e0c79-d5e3-44bb-ba8b-bfac75e0c9d8,19,Carry,7,56.0,73.1,8,50.96070533656966,70.17312274942408,19.21241741285442,57.09930082289161,48.313571539777705,24.293242766036343,15.901477623836008,7.959493458111066,3.950325435034361,0.8380177941529752,10.08587260950582,5.854183296160194,54.469803423967775
3930165,f1aa77d7-79f5-4f5a-a27e-89f3c350a0b9,19,Pass,7,35.3,19.1,10,39.936213545943495,61.09530163813388,21.159088092190387,26.73821566744001,27.689042616461315,32.285019932082044,41.37797793468471,5.320895554040084,3.963596544913925,6.929457615404093,10.376829171565966,6.238894892957532,35.29999923706055
3930165,131163f1-203f-4d0d-b950-199d757b62a4,19,Ball Receipt*,7,38.2,28.1,10,40.10483445025346,60.38883818801551,20.28400373776205,28.609176879722412,29.54803239825206,30.280587026235903,41.68783704376584,3.600204970245759,4.333195798153749,6.917732135660735,8.609603830722186,3.9942603114320185,35.818051763977785
3930165,6c8a6202-b81a-422a-b675-1243ba84c424,19,Carry,7,38.2,28.1,10,40.10483445025346,60.38883818801551,20.28400373776205,28.609176879722412,29.54803239825206,30.280587026235903,41.68783704376584,3.600204970245759,4.333195798153749,6.917732135660735,8.609603830722186,3.9942603114320185,35.818051763977785
3930165,6c946063-22c7-4470-8d1a-8fafc6b49b6f,19,Pass,9,32.6,23.5,9,38.92822549748662,60.458571785356,21.530346287869378,27.54419518585079,25.04334579261679,30.298967157495326,23.003365447221032,4.561475298695714,4.893577517651411,4.012985926343227,11.851333452580217,2.8303260421637653,32.23264869557828
3930165,3a3939f7-ae29-410c-8256-08dc05f867a1,23,Ball Receipt*,7,37.4,57.6,9,26.25350712619043,47.443000542620794,21.189493416430363,39.87651074820533,42.14793909162441,35.064206128903,41.31208936651705,6.641984622332675,7.230135413262309,0.36464387076804883,24.460061216930825,7.776996241977244,15.949939200141628
3930165,9c28b0ee-1f27-429a-b6ce-085b53ef8bfc,23,Carry,7,37.4,57.6,9,26.25350712619043,47.443000542620794,21.189493416430363,39.87651074820533,42.14793909162441,35.064206128903,41.31208936651705,6.641984622332675,7.230135413262309,0.36464387076804883,24.460061216930825,7.776996241977244,15.949939200141628
3930165,dfdf1d49-7ba7-4580-a604-03ed5864631e,23,Pass,7,36.5,59.0,9,29.842961083358876,48.79035369513075,18.94739261177187,41.72830532801582,46.414577958881054,33.170489626853126,42.86527963532381,7.724001287778739,7.128860344884718,1.2006091769953358,20.01993239895259,7.499815362050995,15.7359583028585
3930165,e516b5d5-e1a8-4c61-ac65-9f88ff4e4ed9,23,Ball Receipt*,10,22.7,60.9,8,36.29732559165562,56.71096077722246,20.41363518556684,45.319355242625285,37.1898839261825,38.0638963358644,20.88571541200355,8.46969245431307,4.006690691329644,4.992749495838389,12.909203579555626,8.051291734947313,13.06617179782441
3930165,4461e1c0-1d68-4e15-be11-27fd48fb791f,23,Carry,10,22.7,60.9,8,36.29732559165562,56.71096077722246,20.41363518556684,45.319355242625285,37.1898839261825,38.0638963358644,20.88571541200355,8.46969245431307,4.006690691329644,4.992749495838389,12.909203579555626,8.051291734947313,13.06617179782441
3930165,4eccce53-da19-430b-ad96-2d2031975d52,23,Ball Receipt*,22,34.3,1.2,8,35.52278345669695,57.449494644971075,21.926711188274126,21.380332216642817,25.564541115969632,42.7109017175832,32.02157902196472,5.9378566486746545,7.934044033187978,6.7073496178729215,20.24841086436378,15.177801726750992,29.896092153422423
3930165,7c55d317-3462-4486-880c-231c96d8e2cc,23,Carry,22,34.3,1.2,8,35.52278345669695,57.449494644971075,21.926711188274126,21.380332216642817,25.564541115969632,42.7109017175832,32.02157902196472,5.9378566486746545,7.934044033187978,6.7073496178729215,20.24841086436378,15.177801726750992,29.896092153422423
3930165,690ffc28-766d-4496-a2b5-8a8e9c3426a8,23,Pass,22,34.3,1.2,8,35.52278345669695,57.449494644971075,21.926711188274126,21.380332216642817,25.564541115969632,42.7109017175832,32.02157902196472,5.9378566486746545,7.934044033187978,6.7073496178729215,20.24841086436378,15.177801726750992,29.896092153422423
3930165,28881e40-57cb-4630-a6c3-082c0e4a1cbd,23,Ball Receipt*,23,52.5,3.7,10,39.88154722052337,55.82054560733404,15.938998386810667,19.763653840350653,28.833793844571645,37.796641065498534,51.78440475133046,5.50973036364623,7.294586688374377,1.6170696919594398,18.11804562408634,14.937581775476886,31.7622670990283
3930165,d9afed43-cb18-4fd9-a3e7-5b0fd7b88374,23,Carry,23,52.5,3.7,10,39.88154722052337,55.82054560733404,15.938998386810667,19.763653840350653,28.833793844571645,37.796641065498534,51.78440475133046,5.50973036364623,7.294586688374377,1.6170696919594398,18.11804562408634,14.937581775476886,31.7622670990283
3930165,20622418-d06e-4ffe-a7ed-92c8205daa67,23,Pass,23,52.2,3.5,10,39.581547983462826,55.52054637027349,15.938998386810667,19.563653792666937,28.63379379688793,37.796641065498534,51.78440475133046,5.50973036364623,7.294586688374377,1.6170696919594398,18.11804562408634,14.937581775476886,31.462267861967753
3930165,575c3bb1-aace-42be-89b4-0a02e3ecf2db,23,Ball Receipt*,24,51.4,8.5,10,42.80633337904224,56.67080381482823,13.86447043578599,20.66960259024295,12.328811450969217,33.3886681651405,31.11712790993643,5.845028295056424,5.8214898117632154,4.458405277958793,11.755598955418161,1.101505453172635,29.68993630076228
3930165,b76f3cd4-6447-4515-b5cc-1ba19f67ed7e,23,Carry,24,51.4,8.5,10,42.80633337904224,56.67080381482823,13.86447043578599,20.66960259024295,12.328811450969217,33.3886681651405,31.11712790993643,5.845028295056424,5.8214898117632154,4.458405277958793,11.755598955418161,1.101505453172635,29.68993630076228
3930165,e36feccd-5b3c-4e14-82c3-dbbe5c5806f5,23,Pass,5,41.4,36.3,10,33.3114579051366,55.54030830931116,22.22885040417456,41.74773900094618,42.47325014293714,39.80741787422439,33.11239127976372,8.727538395824423,3.0514030035206345,4.173049813386498,24.169249619622697,1.933835313275246,28.429592068441025
3930165,3fa9e5ce-09f1-4f81-abb3-e6ae9f2bab5a,23,Ball Receipt*,6,41.4,52.9,10,37.9399894330909,60.07710230008347,22.137112866992567,44.22965719646243,44.200859529793014,36.763431811203574,31.26985469064259,9.027066809658253,3.308327972530415,2.9056300720017063,25.683669805548334,2.248458277010684,32.92791905479261
3930165,4b15bb0c-335d-442b-b299-52f6ebc740f1,23,Carry,6,41.4,52.9,10,37.9399894330909,60.07710230008347,22.137112866992567,44.22965719646243,44.200859529793014,36.763431811203574,31.26985469064259,9.027066809658253,3.308327972530415,2.9056300720017063,25.683669805548334,2.248458277010684,32.92791905479261
3930165,c2eadf99-4f4b-4122-8458-07d2c2245674,23,Pass,7,44.9,54.1,9,44.77555625589602,64.77888989778191,20.003333641885888,43.90428283328678,46.24246772339322,35.993041629603255,29.556131831318332,7.4861155030635445,1.4434293016333122,2.6806378464905407,24.288570939525485,9.029743374223663,36.37951671260676
3930165,a067f3dd-44d7-4cae-a434-efc151d553dc,24,Interception,6,41.3,34.7,10,23.96236793519265,48.056064760277415,24.093696825084766,41.49120126792724,43.78905265515984,14.253389524594056,25.339379445735595,5.7704804380347445,8.894699150076704,2.8063189155417376,4.602762678630484,3.728252388406119,8.164460679005892
3930165,b2111120-443a-4e30-92bc-b76c8d19697e,24,Carry,6,41.3,34.7,10,23.96236793519265,48.056064760277415,24.093696825084766,41.49120126792724,43.78905265515984,14.253389524594056,25.339379445735595,5.7704804380347445,8.894699150076704,2.8063189155417376,4.602762678630484,3.728252388406119,8.164460679005892
3930165,3ff7f194-cd88-41ea-9586-2267059096bb,24,Pass,7,41.9,41.3,10,25.618610681870706,49.214397030572115,23.59578634870141,45.02895875339878,47.74194131934852,14.81828724035607,22.222386613538575,6.1706336769096835,7.5747747310514795,1.8821916197166146,6.108814602816231,1.855744794385032,7.010380851538912
3930165,2f1dde00-c363-40c6-8f72-e6da34172b3c,24,Ball Receipt*,8,34.5,38.6,10,26.005504558669987,48.68858636557631,22.683081806906326,43.22331675988888,45.2244973975672,16.19142503215309,22.056986852186107,6.020930850651111,7.26936267747761,1.2513320417487108,7.406686554192881,1.4694324237415302,5.80387698290928
3930165,e2cb64bd-305b-4208-a79b-c8a11cdb6c8b,24,Pass,8,35.7,37.8,10,27.20550532160944,49.888587128515766,22.683081806906326,42.423317522828334,44.42449816050665,16.19142503215309,22.056986852186107,6.020930850651111,7.26936267747761,1.2513320417487108,7.406686554192881,1.4694324237415302,7.003877745848733
3930165,bbb7a3dd-31c1-4438-8c7e-76a827d226ee,24,Ball Receipt*,9,49.3,27.4,10,35.9737926392926,57.20751721230252,21.233724573009923,42.99763009022164,42.234135985030335,18.753793652708495,26.79244705508291,6.849192007041384,6.395348597603483,1.3968035599831126,9.835396330702011,1.8476485935846796,30.709525882047974
3930165,d47ff0d2-5d04-409d-ab33-eb518a083e9f,24,Carry,9,49.3,27.4,10,35.9737926392926,57.20751721230252,21.233724573009923,42.99763009022164,42.234135985030335,18.753793652708495,26.79244705508291,6.849192007041384,6.395348597603483,1.3968035599831126,9.835396330702011,1.8476485935846796,30.709525882047974
3930165,657fc40c-0f4a-4362-97b1-dccf56cd2e10,24,Pass,11,51.6,18.8,10,41.21299899144465,62.69936190607184,21.486362914627193,35.59451039506458,39.394957009709834,28.347512781164834,23.736907125848713,7.8705829152114495,6.251574503994958,4.2967430985361865,9.293676361235242,0.7188030889543597,33.95544124688006
3930165,28360cd5-c26c-4702-9fc9-adc0898a8a3c,24,Ball Receipt*,12,42.3,17.9,10,42.455908171692876,63.85616958894211,21.400261417249233,31.580446234896396,33.80954033365063,32.05455882391222,32.31131046579343,7.716557987445544,6.116018579087187,5.031937828955165,11.469190041841077,2.782529656265318,32.73721704913502
3930165,d42c434e-7ee3-4247-9c6f-2e78948b3ffa,24,Pass,12,42.3,17.9,10,42.455908171692876,63.85616958894211,21.400261417249233,31.580446234896396,33.80954033365063,32.05455882391222,32.31131046579343,7.716557987445544,6.116018579087187,5.031937828955165,11.469190041841077,2.782529656265318,32.73721704913502
3930165,dba9b591-8af2-4e01-9e17-cb5d5ced768d,24,Ball Receipt*,13,60.1,23.5,10,48.10896408676602,68.19233641015082,20.083372323384793,30.80227663817168,33.4773658506594,32.21025228796854,31.903041356210178,7.8112282966470765,5.434654173845003,3.3191848889594233,12.526516596173046,4.134578612438407,36.36535169849103
3930165,b3d6b512-edf0-4b1a-ac19-72f681b5c9dc,24,Carry,13,60.1,23.5,10,48.10896408676602,68.19233641015082,20.083372323384793,30.80227663817168,33.4773658506594,32.21025228796854,31.903041356210178,7.8112282966470765,5.434654173845003,3.3191848889594233,12.526516596173046,4.134578612438407,36.36535169849103
3930165,0a1aab91-c29c-4d54-9ea5-9da60246bd3b,26,Interception,14,21.7,17.2,8,18.488640966021613,32.9441561386497,14.45551517262809,20.446246754551527,27.53699008370516,30.686427032042616,46.52859512407953,1.3848341761634977,7.812958328300528,2.060650442453351,10.325979622307905,12.771919013461844,16.267419780344994
3930165,d320eb8f-be85-4e46-a02c-e970a3a9091d,26,50/50,15,23.5,20.4,8,18.35210684066351,32.66512165093538,14.313014810271874,22.07673945109742,29.090277561481617,30.845625489649404,47.55340103725584,1.3388563332396053,7.68797172936892,1.7882488455071943,10.576792057958702,11.677264026065142,15.35029999499308
3930165,b39b5fc8-7cec-4bb1-af8d-edad16df166d,26,Ball Recovery,16,21.3,19.6,8,19.982500711904333,33.297606787005215,13.315106075100882,17.30442323550826,33.733728798133455,23.443956545848273,43.91747070571677,1.537037049918879,8.122292043967516,1.1161317224530762,9.848062624920072,15.27616098716161,15.823707275943626
3930165,949f9af1-21ad-49d5-a6a6-bda87f2e2183,26,Carry,16,21.3,19.6,8,19.982500711904333,33.297606787005215,13.315106075100882,17.30442323550826,33.733728798133455,23.443956545848273,43.91747070571677,1.537037049918879,8.122292043967516,1.1161317224530762,9.848062624920072,15.27616098716161,15.823707275943626
3930165,dc52bd92-c8ea-4cc4-94f1-486832d9b0c0,26,Ball Recovery,18,21.1,26.2,8,20.72665954577719,35.5573932326453,14.830733686868115,20.39962450605037,32.506985702454095,20.417401178713536,40.06866172559189,2.2157869913692236,6.626961689501903,0.21691217651831352,9.40486841545314,16.365965854231447,15.975146426971492
3930165,320ec6e7-394d-4e6f-a0da-9fd3824ce335,26,Carry,18,21.1,26.2,8,20.72665954577719,35.5573932326453,14.830733686868115,20.39962450605037,32.506985702454095,20.417401178713536,40.06866172559189,2.2157869913692236,6.626961689501903,0.21691217651831352,9.40486841545314,16.365965854231447,15.975146426971492
3930165,b1e1fa70-99ab-4f79-b3ae-5577fd56ede8,26,Pass,19,22.9,23.7,8,22.919129599349997,38.50579336256877,15.58666376321877,22.81530750176761,34.61066184436361,16.910550607625584,35.54745639145815,1.7915973812644994,5.266711478371044,1.1317575294705406,8.980675722329238,17.470184521360657,17.94133029015213
3930165,c1df574d-1e24-4fa2-8ecf-39c2eee52164,26,Ball Receipt*,20,33.8,24.7,8,25.738089273911942,41.408359328178356,15.670270054266414,24.037760068345698,37.44240641018991,17.5237876991596,31.41826904735463,2.372178133523834,5.249496042493543,0.5998297481874317,7.485141062781185,12.874543256867245,19.96468191982234
3930165,f7da32b2-2fdd-4b64-b412-08e19ea1e8e3,26,Carry,20,33.8,24.7,8,25.738089273911942,41.408359328178356,15.670270054266414,24.037760068345698,37.44240641018991,17.5237876991596,31.41826904735463,2.372178133523834,5.249496042493543,0.5998297481874317,7.485141062781185,12.874543256867245,19.96468191982234
3930165,458bfbfa-d7ca-4134-97b8-2c862d47510f,26,Pass,22,28.3,40.6,8,32.35307280640622,46.50078190262036,14.147709096214143,27.36044825058007,38.79788647101156,19.42917713490964,28.669931906591465,4.861732434539268,6.590799801239942,0.4358301286960433,9.648593779731435,4.455716974752065,24.234946413902957
3930165,7d75a63c-e885-4884-b0c7-580c3bc45a6d,26,Dribble,28,75.2,76.2,10,39.25670194299674,56.5238175998531,17.26711565685636,33.38936998666141,42.277514252454196,52.96706627603535,36.74959774929469,6.290846661084387,7.458171463467545,3.8017847061947023,22.89567817896257,4.754111067690182,35.734806526753715
3930165,2d1014cd-aaac-4854-9277-824fc5951832,27,Pass,5,37.3,36.0,10,39.580906965883294,55.85970609018649,16.278799124303198,38.48721583450841,34.32890382891827,24.993835515295565,34.02846131244847,4.392748286939471,4.337903548749313,4.219732078213923,9.813745121878426,4.886671254145341,32.17421767775747
3930165,4d4bd3d8-d672-43f2-b413-97048279a87f,27,Ball Receipt*,7,12.5,37.2,10,38.88378220907274,59.5869880756419,20.703205866569157,37.58019730503639,30.710823107792365,29.30769240506963,36.027897328147574,5.753649789881922,2.2202526550409414,3.7983640373712504,11.753326441211136,4.984474639959238,12.5
3930165,cc01f820-e5b1-4c0d-8410-267b47f28f9d,27,Carry,7,12.5,37.2,10,38.88378220907274,59.5869880756419,20.703205866569157,37.58019730503639,30.710823107792365,29.30769240506963,36.027897328147574,5.753649789881922,2.2202526550409414,3.7983640373712504,11.753326441211136,4.984474639959238,12.5
3930165,b966347e-8aae-465f-b994-d021647b9c9e,27,Pass,18,35.8,51.6,9,47.35110088865336,60.388281033982054,13.03718014532869,49.655169714061586,49.47265672950936,40.427821816680314,24.206814837009993,3.6334540029824236,3.4321022914786283,6.226653235467012,13.147032306562032,0.02650919672355201,30.89863608183167
3930165,336b3a24-a8e6-434c-996a-08eb416c4fd9,27,Ball Receipt*,20,37.7,27.7,8,51.98887671893156,63.817985159286174,11.829108440354617,45.81183637681028,48.71235663902301,42.703666890404364,25.12065808838166,3.481706569362943,3.2582777714131987,7.639873107691898,14.043663520283538,9.476304810102299,37.70000076293945
3930165,9401d207-70ed-48fb-8384-de7d1930319d,27,Carry,20,37.7,27.7,8,51.98887671893156,63.817985159286174,11.829108440354617,45.81183637681028,48.71235663902301,42.703666890404364,25.12065808838166,3.481706569362943,3.2582777714131987,7.639873107691898,14.043663520283538,9.476304810102299,37.70000076293945
3930165,9a3dfa8e-d119-4e21-b59e-2ad215f8e395,32,Ball Receipt*,18,50.4,44.1,9,41.517328662614055,61.41518002568604,19.897851363071986,39.06134903024872,39.52362134947245,42.90616435602426,35.578543057926616,5.223177380330339,5.8437107264804995,0.30715593981427247,17.3393327931348,4.831198728392735,20.765640088472892
3930165,0e1e7105-c658-421c-8e97-55873815ce83,32,Carry,18,50.4,44.1,9,41.517328662614055,61.41518002568604,19.897851363071986,39.06134903024872,39.52362134947245,42.90616435602426,35.578543057926616,5.223177380330339,5.8437107264804995,0.30715593981427247,17.3393327931348,4.831198728392735,20.765640088472892
3930165,75389987-1b3d-4eb8-9137-b588aa63cffe,32,Pass,19,55.4,34.2,9,49.003254079070174,68.33780630434174,19.334552225271565,35.12472208064643,33.537747095558295,39.42273575629189,35.01795978684918,6.254223068874527,7.034475858586239,2.966078617405479,13.48777537489186,0.559651290258742,28.477227221236078
3930165,c9879b2e-e6c3-44d5-9575-3febcc992bfe,34,Ball Receipt*,6,23.1,17.1,8,25.554398310549942,46.91913639606289,21.364738085512947,43.69872574535771,51.38945018250149,39.98113492617317,20.488473388427508,5.404403166408656,5.0731376895571,1.9157174209632188,22.42771871889966,6.517354687952917,17.85297894466676
3930165,e603ba6f-dc32-4230-998f-b07f19698202,34,Pass,7,28.9,1.4,8,32.79878057856744,55.01400078717116,22.215220208603725,29.334278715349956,34.58761071045606,39.59359188391372,49.017330174271585,8.386801673980255,3.5164322146047637,3.1640848713304806,22.93905517787472,8.173306477466284,19.510371291948996
3930165,bdd93e87-72c1-4227-b4d7-d2df5b45a841,34,Ball Receipt*,9,46.0,1.8,8,42.78113104988863,61.52793416745672,18.746803117568092,20.821052322885066,40.03614721856837,44.91903877263223,32.847564028142216,5.109794505430745,3.6142715874655007,4.20744665420407,18.936026120258642,9.385933738176554,27.497956123933015
3930165,0295f918-ef38-4395-aa3d-46fb438fc795,34,Carry,9,46.0,1.8,8,42.78113104988863,61.52793416745672,18.746803117568092,20.821052322885066,40.03614721856837,44.91903877263223,32.847564028142216,5.109794505430745,3.6142715874655007,4.20744665420407,18.936026120258642,9.385933738176554,27.497956123933015
3930165,43ca1b23-fd6c-4b23-8071-8e0d3dfde7b0,34,Pass,10,45.8,5.4,9,40.786606195729775,60.865788363724995,20.07918216799522,23.56019461423045,26.660229026713456,36.19789557682915,50.16774702007363,8.910935493075783,6.716190050599482,4.115025530559652,18.96829968103039,11.22135832572793,21.178165998686595
3930165,5dbd98a4-0b55-44a5-a762-3da05af83da2,34,Ball Receipt*,11,57.4,6.4,8,52.054741909506184,68.71293389078615,16.658191981279963,17.75584402430603,30.102609221233834,33.72416152719288,43.069539873693365,4.238430655748197,1.733903099947671,0.6758485676729116,23.262748425364176,14.516980917001547,35.41195326109262
3930165,97aa1f02-bce3-4fb8-99ca-b501496a0355,34,Pass,11,58.4,6.1,8,52.054741909506184,68.71293389078615,16.658191981279963,17.75584402430603,30.102609221233834,33.72416152719288,43.069539873693365,4.238430655748197,1.733903099947671,0.6758485676729116,23.262748425364176,14.516980917001547,35.41195326109262
3930165,4f9c9dd7-a7b6-404e-998f-faf4dd02423b,34,Pressure,14,57.6,3.7,8,50.52241613570017,66.19585620302155,15.67344006732138,24.56782543814291,20.61834318257471,43.354258451975674,19.140492772401757,6.88245227630531,4.371388054132788,3.3831210580085056,23.416380663366017,2.8855632167673733,38.974647472204715
3930165,f0495ff0-8996-4a11-be74-8aa3e8121c24,34,Ball Receipt*,27,77.0,61.8,10,39.69720314696321,56.68261810567701,16.985414958713797,48.344609248096525,36.76814916087241,56.16161321764971,47.08486541983261,5.62679394495897,4.240050240439624,1.722963361077376,22.186280683310642,11.006996866645146,31.027071419674527
3930165,500e9330-592c-4b61-8d9b-f0ce642ced28,34,Pass,6,46.2,3.5,10,42.62325390272756,60.7756269414443,18.15237303871674,30.578721599765704,30.981561441032845,49.18592771058583,48.33390359169469,7.123887044206363,4.455319581059816,5.872470417061088,17.85960268337132,8.16855684415465,33.056784647323255
3930165,a8c22634-6789-464d-856d-04bcf184f6f6,34,Ball Receipt*,7,43.1,20.8,10,40.218552329698404,59.964854888199596,19.746302558501192,26.25671861555508,40.2308381491342,49.60775415630526,44.8621924611229,6.2678014168355105,4.5109852437969735,4.495548370913099,21.393876086636567,8.933487123201274,30.584938111760408
3930165,3849e38d-a949-4b58-b01b-60a6af2457c2,34,Carry,7,43.1,20.8,10,40.218552329698404,59.964854888199596,19.746302558501192,26.25671861555508,40.2308381491342,49.60775415630526,44.8621924611229,6.2678014168355105,4.5109852437969735,4.495548370913099,21.393876086636567,8.933487123201274,30.584938111760408
3930165,e13d2ecd-9618-452a-9593-b6e62ad05e08,34,Pass,7,43.3,20.9,10,40.68385495123218,60.49097362420082,19.80711867296864,25.600874070054697,38.23019829051362,48.46654054338832,43.002427930363496,5.666309403772704,4.4760429276033005,4.690245148565829,20.540984915562873,9.497979055494511,30.994401429061483
3930165,52f7bbcd-af41-4344-8f31-e6d6a68728ec,34,Ball Receipt*,8,49.3,30.8,10,45.14602813828596,64.61229840208387,19.466270263797902,27.569877949623425,38.166918410160534,47.55210092000538,41.91996942994851,5.663972360298527,4.338231251272039,6.269552201688093,19.101634690292222,8.946880974747295,34.8021451415803
3930165,bbe1b2a0-a59d-4d8d-a451-066dd784885f,34,Carry,8,49.3,30.8,10,45.14602813828596,64.61229840208387,19.466270263797902,27.569877949623425,38.166918410160534,47.55210092000538,41.91996942994851,5.663972360298527,4.338231251272039,6.269552201688093,19.101634690292222,8.946880974747295,34.8021451415803
3930165,a1d6591c-f66b-4946-8ced-04c06d47295c,36,Foul Won,17,76.6,3.5,10,41.55920728743939,55.0441180299413,13.48491074250191,54.31532254697574,41.10267511684488,50.99696565315606,37.208856994398595,3.1772463722474544,4.977212548535205,4.426681968775696,19.080059771889687,0.01488244847506337,44.005765628334274
3930165,c905af2f-ecd8-42b7-aa5a-fa2b3038da2c,37,Pass,7,26.8,45.4,9,28.972664234062997,46.569202277814284,17.596538043751288,57.16608117954404,51.54404910371827,36.81326999214733,14.40937013104805,6.828182450692611,5.107324379450565,2.500361280560469,17.499550585355244,2.341944918622275,22.915073707950498
3930165,22a9e10a-8cfd-4137-912f-30cc0b7cd1a2,40,Ball Receipt*,7,56.8,30.1,10,36.56524735531582,56.204813059012196,19.639565703696377,18.735671726395235,30.288157448240426,24.801870973976506,25.229685069814074,7.559872165824999,7.122125955225171,3.256892964500299,9.787322490588501,5.372134060224198,25.68269684365783
3930165,597d18fa-d545-4cd7-b881-aa7c3df622b6,40,Miscontrol,7,56.8,29.9,10,36.56524735531582,56.204813059012196,19.639565703696377,18.535670963455782,30.088156685300973,24.801870973976506,25.229685069814074,7.559872165824999,7.122125955225171,3.256892964500299,9.787322490588501,5.372134060224198,25.68269684365783
3930165,312ccfd7-cfc9-44d3-adfc-b82880be8ece,42,Pass,5,16.7,43.8,8,27.90071416203677,44.326636510921674,16.425922348884903,38.52834373289223,44.89736207892985,35.245932938471036,26.140259684157535,6.842507461025526,1.6883532039572102,4.909785813634535,15.616044953955665,8.3137265840367,4.532762339793727
3930165,169fd80f-b206-49f1-b309-65f7e7817322,42,Dribble,36,74.7,77.6,8,41.029649719523306,53.57714914091863,12.547499421395322,23.02624638904684,16.988262831709335,50.31837283871818,23.192042383098368,6.513919506207829,4.525457504533187,0.9011681975085253,24.38525314148908,1.4770181028545153,39.09294254274168
3930165,2b2888d2-24bf-4374-a698-ffad612242c4,50,Pass,18,46.2,27.0,8,50.040723129403965,65.49228876871386,15.451565639309898,34.30547134090277,47.65373101774511,33.72557081081816,39.688297089323555,2.462001870871327,2.9713473612453574,1.7327232986683612,16.6051810240402,15.315785761554835,32.46641507026416
3930165,50797e9e-472c-4653-9b37-2617ae012bfd,50,Ball Receipt*,20,46.6,6.1,9,48.48029309970508,66.99023091339836,18.509937813693284,26.555912652047436,33.2448006913411,41.24893015675809,54.69588293565121,2.5754862095193287,3.695093885014936,3.849484919057062,15.849764375302485,10.23534476112981,33.81025704846303
3930165,262039ec-bd73-4624-9d83-3b211d2ee9a5,50,Carry,20,46.6,6.1,9,48.48029309970508,66.99023091339836,18.509937813693284,26.555912652047436,33.2448006913411,41.24893015675809,54.69588293565121,2.5754862095193287,3.695093885014936,3.849484919057062,15.849764375302485,10.23534476112981,33.81025704846303
3930165,e0f94070-64cb-416f-a071-f4047c698be8,51,Miscontrol,22,56.1,46.7,10,33.68259832050272,57.40620560935296,23.72360728885024,52.114938325781495,49.96107329271841,18.743108397072774,28.180781586695147,7.221001376826125,5.917278021352721,2.175422290974005,6.541839148542046,5.764304594880436,28.069195545576505
3930165,eefbfdce-65da-4078-81be-d4899e70e7b0,53,Pass,15,22.3,51.2,9,42.616832322789165,58.20358389808426,15.586751575295096,41.79568719026046,38.2220711251898,41.92096275954644,33.48328974395451,8.73713079966963,4.04664038868284,2.8270062337074933,16.100756344054595,4.0542167289874484,16.45939479505104
3930165,34f17c38-a98c-4da2-ac4c-e140b28bd863,53,Ball Receipt*,16,17.0,38.9,10,43.750454160139824,59.0447073092534,15.294253149113572,40.88136021052297,37.421272192871015,40.77541026003317,32.88913392280311,9.122586808941028,4.244791069568279,2.1611735675481185,14.560046593864087,2.1482332443351595,17.0
3930165,be9edf41-3240-4048-a527-765fb13951bc,53,Carry,16,17.0,38.9,10,43.750454160139824,59.0447073092534,15.294253149113572,40.88136021052297,37.421272192871015,40.77541026003317,32.88913392280311,9.122586808941028,4.244791069568279,2.1611735675481185,14.560046593864087,2.1482332443351595,17.0
3930165,26227968-e639-4d92-a24e-e3911fa7e298,53,Pass,22,43.0,59.4,10,49.48874209087592,66.49926236416985,17.010520273293935,48.23128828948764,37.06307429952287,29.046834242559108,39.785947618540504,7.555419161345462,4.1676285271128215,4.915854241241483,11.356190986870104,4.607377072327367,34.32102639361025
3930165,ba5f7c0e-5a9e-4c82-b811-dde989dd755e,53,Ball Receipt*,26,47.0,59.3,10,49.44104159344696,60.67263592727078,11.231594333823821,57.58278076221643,52.40004600407435,25.095408793150703,41.945083316423705,3.241604431064527,2.6166603994041306,3.037671537900785,9.53811563288886,9.32174216385527,32.35338338375617
3930165,aaa8c910-0e5b-4c2f-b90a-d6bbf8c61cf0,53,Pass,26,47.8,57.0,10,50.24104083050751,61.47263516433133,11.231594333823821,55.28278152515588,50.1000467670138,25.095408793150703,41.945083316423705,3.241604431064527,2.6166603994041306,3.037671537900785,9.53811563288886,9.32174216385527,33.153382620816714
3930165,087d1f8d-d83e-47c9-a15e-ac9c9140e972,53,Ball Receipt*,28,34.3,70.9,10,50.628285018712724,61.831059840338995,11.20277482162627,57.97546344827525,54.06631159707088,23.862512831538425,42.56125261217972,3.3471510358845054,2.016622701419747,2.4291125208206665,9.391192148049022,9.319258616701674,19.69044293087824
3930165,65b38934-673d-4ddd-ba28-cca6878d95be,53,Carry,28,34.3,70.9,10,50.628285018712724,61.831059840338995,11.20277482162627,57.97546344827525,54.06631159707088,23.862512831538425,42.56125261217972,3.3471510358845054,2.016622701419747,2.4291125208206665,9.391192148049022,9.319258616701674,19.69044293087824
3930165,e5042830-d9de-42df-a86a-986b50bb2020,54,Ball Receipt*,31,35.9,24.7,10,50.472149660021316,65.50393136241026,15.03178170238894,43.439493696981955,34.65708730220301,31.406448150236198,42.10617854308386,5.9427578441497095,2.103066260009968,6.116494019194292,10.054760641550953,6.15776242980899,35.900001525878906
3930165,244182bc-8160-4dd5-b9b2-ebaa61c0e1a8,54,Pass,31,35.9,24.7,10,50.472149660021316,65.50393136241026,15.03178170238894,43.439493696981955,34.65708730220301,31.406448150236198,42.10617854308386,5.9427578441497095,2.103066260009968,6.116494019194292,10.054760641550953,6.15776242980899,35.900001525878906
3930165,e6636465-c532-48d6-b220-ce075e14cc74,54,Ball Receipt*,33,20.7,41.5,10,46.23732605365366,61.980124377070155,15.742798323416494,47.57211120540173,35.81297350796274,30.382925912878136,38.33456205116171,7.247440503046696,3.0160458645937775,1.9333793581282421,11.883508274034838,3.0472510351873403,20.700000762939453
3930165,020c9ae7-a69a-4e23-b8d5-2ab9214deac7,54,Carry,33,20.7,41.5,10,46.23732605365366,61.980124377070155,15.742798323416494,47.57211120540173,35.81297350796274,30.382925912878136,38.33456205116171,7.247440503046696,3.0160458645937775,1.9333793581282421,11.883508274034838,3.0472510351873403,20.700000762939453
3930165,b664a790-72e9-48d4-a1f1-eb7ea80a9913,54,Pass,34,21.2,41.5,10,44.48985730052745,60.221742973446574,15.731885672919127,46.49672953031093,34.105950980244074,29.52778454967929,37.82465069185308,7.040146268181577,2.8548203970955965,0.3755235633725391,12.22664915449409,2.0361562412500227,21.200000762939453
3930165,857fee53-cd0d-42e5-9986-20e490027903,54,Pass,39,30.5,66.1,8,42.689842869394575,60.178124237584534,17.48828136818996,51.62356710031436,34.1642508788028,24.119872226250045,41.7175445545153,8.43719047100134,1.3891348620512467,0.28118515948304434,11.536360924276401,7.543883061559804,14.238164901164701
3930165,35fbaa28-150c-4c36-9eb3-951aebca9d15,60,Pass,5,43.2,52.8,9,44.352063400506225,58.75151522939217,14.399451828885944,54.225891015502995,48.08092044177435,22.31403451358483,28.094487201713875,5.013182403692962,3.637855142099505,1.5172702996575538,11.275865871509708,3.950493383920893,31.150631537970142
3930165,6889d1be-625f-4f3c-9ec7-9ae2c0b8e3a5,61,Pass,9,53.8,43.7,9,51.966086896903576,69.2173011541435,17.251214257239923,39.34531241769702,35.52719096687316,32.64282564443103,28.185273950069263,4.492137382188452,0.7300718650137206,2.7440072491366934,13.40352769684418,5.929439307069206,33.703018514041204
3930165,6ea1bf4c-ef2b-448a-93b0-7c38fe51d136,63,Ball Recovery,5,53.0,25.5,10,49.77960672424645,66.70436233195932,16.924755607712868,21.125960692412953,19.23006511160633,26.97866328305217,21.95424739723431,5.573039417872641,2.787711638476535,1.0689812464683115,13.148187975265898,4.635910733283261,39.21108651015872
3930165,325076d4-b27b-4a07-9f58-dace94e2c276,63,Carry,5,53.0,25.5,10,49.77960672424645,66.70436233195932,16.924755607712868,21.125960692412953,19.23006511160633,26.97866328305217,21.95424739723431,5.573039417872641,2.787711638476535,1.0689812464683115,13.148187975265898,4.635910733283261,39.21108651015872
3930165,19969658-577c-4b93-8317-3a6dc5fb46f4,65,Duel,29,64.3,47.8,10,30.545842327966785,46.62522825861389,16.079385930647103,32.62085078933591,30.25735486054198,32.226801297448276,11.217798499631037,3.4637837358306407,6.7764210605178485,5.278130003218795,10.358021050861353,3.445663276667794,27.944863795328775
3930165,4609dce5-5963-4c24-b8bf-7e08168239a8,69,Pass,5,38.5,46.7,10,40.959332418664125,56.44193673045465,15.482604311790524,48.935100835668976,47.29525888513061,15.356016902419505,40.74518790191584,3.7746779175526126,4.788989663994978,0.8948423909604983,8.602609610705898,3.7879026981758486,30.808854777331973
3930165,1d91bc86-96f8-4cff-b9c4-49784fac292d,69,Ball Receipt*,7,26.0,37.6,10,40.87920658908922,58.43005007303747,17.55084348394825,43.599671137305236,41.52993609002568,17.781117949720702,38.73537199634621,3.6110050588811093,3.5995476455067004,1.5998077489731202,6.931099026384253,1.5876163892508401,26.0
3930165,4ae9e435-7bcb-4b00-938e-4fa28bc3e418,69,Carry,7,26.0,37.6,10,40.87920658908922,58.43005007303747,17.55084348394825,43.599671137305236,41.52993609002568,17.781117949720702,38.73537199634621,3.6110050588811093,3.5995476455067004,1.5998077489731202,6.931099026384253,1.5876163892508401,26.0
3930165,1c4ae2b3-1ac9-4765-89c1-a251ef5b34f0,69,Pass,8,21.2,32.2,10,41.83427209296857,60.85910742945056,19.024835336481992,40.85482311859273,37.69921319191014,22.632830292200694,39.47429400613154,4.321393046733341,2.2342106743437458,1.8952103762947416,7.828718803886083,2.5530631642085524,10.476441634590032
3930165,0654f4dc-0ee4-4ab6-8cbc-22636862db5b,69,Ball Receipt*,11,34.4,19.2,10,45.105611461120944,64.29311003364755,19.187498572526607,40.961890797022434,37.87806847104522,26.85349430024843,42.057125760627805,4.850125496116641,1.259251697346707,1.2082768925992724,12.563923401726896,8.651300693098491,12.295675736942414
3930165,66d83f65-fc4c-4ab1-a347-4de9e37c3fbf,69,Carry,11,34.4,19.2,10,45.105611461120944,64.29311003364755,19.187498572526607,40.961890797022434,37.87806847104522,26.85349430024843,42.057125760627805,4.850125496116641,1.259251697346707,1.2082768925992724,12.563923401726896,8.651300693098491,12.295675736942414
3930165,c6c6b344-2fa8-47e1-a429-a70d84c9d463,69,Pass,15,28.0,29.2,10,46.64278399674326,66.38994135619144,19.74715735944818,35.96188016615057,38.079317288096796,33.299196097052146,46.21712172634286,3.1635330913171864,1.4440465055886758,1.8586112720149472,12.874871920457117,8.4191063846025,16.10779831468004
3930165,754eafb2-9d5f-48d9-b80c-28ff074d3d9e,69,Ball Receipt*,16,31.1,52.8,10,47.747532117405896,67.17241632477638,19.424884207370482,41.964010803599976,46.55953896835484,36.619775777248265,47.63687137570888,3.4536538776813774,2.0393881167358527,3.5498273764799606,12.255578327440737,9.90650624485545,17.2141122961756
3930165,c151c0a2-f9de-478a-b384-651656d48817,69,Carry,16,31.1,52.8,10,47.747532117405896,67.17241632477638,19.424884207370482,41.964010803599976,46.55953896835484,36.619775777248265,47.63687137570888,3.4536538776813774,2.0393881167358527,3.5498273764799606,12.255578327440737,9.90650624485545,17.2141122961756
3930165,386c65c2-ecf6-404c-ad76-53c6fc60c9ca,69,Pass,17,31.1,53.6,10,46.72394622752322,66.0546107312335,19.330664503710274,41.967976990461416,47.06122313241972,37.67504471291605,48.85836673933978,4.0444383757141305,2.4685153963232787,5.212771301514152,12.794286264104883,9.081398847021063,15.23951595332693
3930165,385bf8f1-fc3e-4771-90ac-94fb5d3839a9,69,Ball Receipt*,22,54.0,76.9,10,47.266169114843976,65.27282210544423,18.00665299060026,61.037766191429185,39.09995058213201,40.68335137741121,37.47804242695749,8.661152249165328,4.098965116672436,0.6794333780952684,19.957328144640883,3.8396969960799012,25.221601031239288
3930165,6da0e7db-b34c-43c6-96ab-cc7894f8115a,69,Carry,22,54.0,76.9,10,47.266169114843976,65.27282210544423,18.00665299060026,61.037766191429185,39.09995058213201,40.68335137741121,37.47804242695749,8.661152249165328,4.098965116672436,0.6794333780952684,19.957328144640883,3.8396969960799012,25.221601031239288
3930165,9a84668a-95d0-48b4-91f8-ce744d5b6e13,69,Pass,23,47.4,73.8,10,46.74891848370423,65.37198834438364,18.623069860679408,63.623199447776315,43.763297472137474,31.51318926943982,39.376839952257946,7.092421779390224,3.942662887790218,0.008314791180794145,17.666677012602527,3.232596636152415,27.508819065751226
3930165,756cd607-1c6b-4239-babe-f56d1e8c173d,69,Ball Receipt*,25,34.4,32.5,10,48.82072465593743,65.73731039982538,16.916585743887943,54.78218104703261,36.55828551205349,24.774590117242923,36.556003335465945,5.845639688531045,3.7234004210814304,0.18263329464231504,17.092427650720794,3.836226260140748,30.655035237818467
3930165,0dd6e017-e27e-4fe9-b3c1-7c9546b61967,69,Carry,25,34.4,32.5,10,48.82072465593743,65.73731039982538,16.916585743887943,54.78218104703261,36.55828551205349,24.774590117242923,36.556003335465945,5.845639688531045,3.7234004210814304,0.18263329464231504,17.092427650720794,3.836226260140748,30.655035237818467
3930165,42c9ff98-51f0-4a8b-aee6-7213de028fb6,71,Pass,17,34.1,21.6,10,52.20948222924302,64.28863257192687,12.079150342683846,27.432561108763274,32.7527710718674,26.461559368604206,39.505918889072476,4.951248163481359,2.916031688270443,3.0222967482273617,7.989302047394894,12.803547953063685,20.600074692836166
3930165,b247c20b-357c-4ce2-89f3-f99e61d1452e,71,Ball Receipt*,19,48.0,19.3,10,50.985643216225256,64.59103092087203,13.605387704646773,26.712201334520547,31.42464918147414,22.006735793148074,39.6469885795737,4.095223480011639,2.7773735928150955,1.4078827523220312,9.254235787388296,12.571573137325537,34.190291296535705
3930165,7f730cca-90a8-462b-9c87-1e4dd88c15f4,71,Carry,19,48.0,19.3,10,50.985643216225256,64.59103092087203,13.605387704646773,26.712201334520547,31.42464918147414,22.006735793148074,39.6469885795737,4.095223480011639,2.7773735928150955,1.4078827523220312,9.254235787388296,12.571573137325537,34.190291296535705
3930165,0fcf4dda-3c0f-43f3-807b-3f61557addeb,71,Pass,19,48.0,19.3,10,50.985643216225256,64.59103092087203,13.605387704646773,26.712201334520547,31.42464918147414,22.006735793148074,39.6469885795737,4.095223480011639,2.7773735928150955,1.4078827523220312,9.254235787388296,12.571573137325537,34.190291296535705
3930165,101374ff-bffd-47ea-80a8-2599c5688b60,71,Ball Receipt*,20,36.0,28.6,10,50.98437002085793,65.458015206934,14.473645186076062,30.600666088971185,40.10821048845751,22.84789618223317,41.188523023889516,4.2717079081352205,2.78938254497526,1.4615920280349712,8.97908254492646,4.59958347247796,35.15476755874012
3930165,61bbe2c6-b909-4466-acf6-3f27ebda3b21,71,Carry,20,36.0,28.6,10,50.98437002085793,65.458015206934,14.473645186076062,30.600666088971185,40.10821048845751,22.84789618223317,41.188523023889516,4.2717079081352205,2.78938254497526,1.4615920280349712,8.97908254492646,4.59958347247796,35.15476755874012
3930165,e317c3c2-d7a5-48ee-b3c9-34386820673b,71,Pass,21,33.8,26.3,10,50.434505724887835,65.2110961937973,14.776590468909468,25.97147095649074,29.206966882582908,23.623170494269523,41.88104822980934,3.9963306933820673,3.32472023873804,1.4178070701550425,9.611570119660037,10.68934213256081,33.79999923706055
3930165,5b242ebe-5b9c-4398-9e31-90e546b53af8,76,Ball Receipt*,5,52.7,15.7,10,39.05639837719324,60.78383877797373,21.727440400780488,25.878837350944288,26.290035222874728,44.237086053785575,23.84504081014603,7.767453670186427,3.2540243312669253,8.400491622026962,16.99722027985416,0.3978190412085709,20.88572332085525
3930165,b5f7643d-7e02-493b-9091-80d23e581c77,76,Carry,5,52.7,15.7,10,39.05639837719324,60.78383877797373,21.727440400780488,25.878837350944288,26.290035222874728,44.237086053785575,23.84504081014603,7.767453670186427,3.2540243312669253,8.400491622026962,16.99722027985416,0.3978190412085709,20.88572332085525
3930165,c64721ca-46cd-4368-9dcf-fed393019496,76,Ball Recovery,12,49.8,55.7,8,40.96567694968001,54.53142093370209,13.565743984022077,39.276244738162106,43.84073976825383,37.75252137715874,34.682624839193316,4.3289937044626,2.2343062045102173,1.4790673760380173,20.6656600781033,6.674532877143108,33.72120675809542
3930165,a2b24716-e370-4795-bb97-199d44f4c98c,76,Carry,12,49.8,55.7,8,40.96567694968001,54.53142093370209,13.565743984022077,39.276244738162106,43.84073976825383,37.75252137715874,34.682624839193316,4.3289937044626,2.2343062045102173,1.4790673760380173,20.6656600781033,6.674532877143108,33.72120675809542
3930165,ee984f00-97e5-41f2-acbc-a13818640c15,76,Pass,13,49.3,58.0,9,41.408522209292286,57.39211228785378,15.983590078561491,43.31543581550229,48.66326327072387,36.98714442254888,34.6385313863604,4.412908200939956,6.171897174635087,1.0945633904183012,19.041720970374833,4.852586553167733,33.39057181679968
3930165,c4559144-2db3-4d07-aea9-41fe424819f3,76,Ball Receipt*,14,61.9,47.8,9,48.394930644150236,64.81892920264667,16.423998558496436,45.38024458175779,42.066735316644355,38.05833540240733,35.49359916300719,5.876455681747157,4.070230782189751,0.1459990997089733,29.677542574381768,11.498095023573953,35.72748229323108
3930165,df86cdc5-09a4-4fe6-8b9e-1b1ba3524c2a,76,Carry,14,61.9,47.8,9,48.394930644150236,64.81892920264667,16.423998558496436,45.38024458175779,42.066735316644355,38.05833540240733,35.49359916300719,5.876455681747157,4.070230782189751,0.1459990997089733,29.677542574381768,11.498095023573953,35.72748229323108
3930165,851d5312-66e3-4091-8776-01a306e1d682,76,Pass,15,61.8,52.8,9,51.11461971018146,66.88202712745331,15.767407417271855,48.317630000048965,46.07236388446998,37.26839203016541,35.49578480791938,6.426826567350554,3.0773048408708306,0.4398865767923823,29.241741214914555,10.26149887398482,49.68855307443058
3930165,7efb59e8-2498-40e5-b912-35fe682e2dfe,77,Ball Receipt*,33,75.0,41.8,10,34.93727704111113,53.546482372569166,18.609205331458035,46.80136284484314,50.419896744249385,62.120198968904816,54.58063338228462,7.062218875015951,4.191959041571634,1.2904939478820197,25.27331756463078,10.435872749388544,25.71457997085018
3930165,688881fa-175b-4a79-a7bf-3a1b5e23a2d1,80,Ball Receipt*,23,61.0,72.4,8,52.4806143776662,64.46502001944985,11.984405641783653,61.42111173966735,62.34337517792255,40.1477784461057,19.595759399171826,5.6547383293954265,5.979906013189483,3.878460239861795,22.65182504735447,7.950845345612727,38.11028980784082
3930165,3d0a7759-ff4d-4ab9-ab74-86f584ceb781,80,Pass,23,61.0,72.4,8,52.4806143776662,64.46502001944985,11.984405641783653,61.42111173966735,62.34337517792255,40.1477784461057,19.595759399171826,5.6547383293954265,5.979906013189483,3.878460239861795,22.65182504735447,7.950845345612727,38.11028980784082
3930165,964edd59-dc54-4552-ab5d-640021b3af19,81,Pass,15,47.2,7.1,9,46.67968662819219,65.84836587791179,19.168679249719602,27.652650753284483,33.73689705004826,44.44622022101269,28.09396664393985,7.209353160092827,2.4891153228591523,1.2646210651947243,18.93491690240475,0.41695445818449883,30.247773692105312
3930165,816d43b8-e9cf-4f07-b7b1-938c18d6e4e5,81,Ball Receipt*,16,48.8,18.3,10,44.63979465098979,63.49670309613068,18.85690844514089,29.46958549865146,24.545275857078074,34.06582497262599,26.68258632543742,7.771920938088199,6.525304847444857,0.47865006165504553,19.41212643498382,0.5170908805914891,33.06811873207096
3930165,ffb8c3b1-8f3f-4d05-8ad6-d72601965f5c,81,Pass,16,48.8,18.3,10,44.63979465098979,63.49670309613068,18.85690844514089,29.46958549865146,24.545275857078074,34.06582497262599,26.68258632543742,7.771920938088199,6.525304847444857,0.47865006165504553,19.41212643498382,0.5170908805914891,33.06811873207096
3930165,d4ed0e7b-99dc-4f74-9cda-fe9a32e9af91,81,Pass,7,47.5,59.6,8,47.07426129040489,65.92627569307302,18.852014402668132,40.41404897924518,49.64601538090246,33.339632130534206,21.31727236038582,8.702136097215645,4.531228760826372,1.6049538999073079,10.888138337271151,7.231254034995793,45.78611190176166
3930165,9ea73e81-7b12-4a10-9b8e-46ed38598a2e,81,Dispossessed,10,65.0,53.1,8,50.02304301148713,65.19222940725193,15.169186395764797,33.183890262880844,40.16356490978071,31.565758427777894,20.768557090923302,5.669954620269754,3.646247114126139,2.5857920067520013,13.27035909246819,9.925769173464992,44.38417597050881
3930165,46950921-ee75-4265-8b8d-8f16550b8b7d,92,Ball Receipt*,6,79.9,17.9,8,42.81905746890536,62.147249761556985,19.32819229265162,50.65605115832686,41.398929446960246,44.656960936136116,28.87362644082657,6.6385550601555146,3.58808231646673,2.000285546728776,18.791891999345548,10.885879625335718,31.970250441549034
3930165,fca99e90-6679-4327-a1a7-1a65a7ac0cc1,93,Foul Won,13,75.3,1.9,9,37.77356348719595,50.14871240422569,12.37514891702974,54.07725189083851,58.996722657924046,37.43483766812732,46.41858229480234,3.365223046456302,4.001597440875888,5.294683746001823,13.280779103936801,8.231835427417991,35.83116104232236
3930165,917d567f-2af6-4918-97a8-5b015a947e1d,95,Pass,64,35.7,4.3,10,49.91327751521355,68.82599621968647,18.912718704472923,21.278253909043798,27.167970317632474,41.54760003421638,35.26055837065945,6.233080441133124,2.97210636270178,2.165956512254489,20.29203163149034,9.623360820816547,35.70000076293945
3930165,0fdd40d6-f98b-4466-b266-f6666b3fea22,96,Ball Receipt*,7,33.1,44.1,9,33.27554053184724,52.743934007380766,19.468393475533524,45.59051967292335,50.17452441827304,23.75091943380619,30.273846065562772,5.316754473697426,6.397577632658721,1.744433782009402,8.6217732833193,4.325001734419146,21.161756247352926
3930165,57137dac-d378-4548-a714-a920214f4fc3,96,Carry,7,33.1,44.1,9,33.27554053184724,52.743934007380766,19.468393475533524,45.59051967292335,50.17452441827304,23.75091943380619,30.273846065562772,5.316754473697426,6.397577632658721,1.744433782009402,8.6217732833193,4.325001734419146,21.161756247352926
3930165,9e343c47-4b8c-4a7d-9be3-740adbb9ad63,96,Pass,9,34.9,37.8,10,38.37108696221801,54.27123562199272,15.900148659774715,39.93031700548092,43.331715664861726,25.400752620206703,30.029072897009065,4.746209088261899,3.847425229801709,3.4188610321085022,10.75608637294026,3.815398284863093,22.305446462159125
3930165,73abf28c-9c0f-431d-8108-062b080a2782,96,Ball Receipt*,10,25.5,28.9,10,40.578338214069944,56.2547158749461,15.676377660876156,42.05043347231607,43.90053833469479,27.923186703211975,28.96351714160108,6.067316973182877,3.4735268826643195,1.4542276362846636,13.94260230767133,1.9480565454908287,23.745962152299
3930165,a847b064-7817-4fe1-ae83-358ff29d6f11,96,Carry,10,25.5,28.9,10,40.578338214069944,56.2547158749461,15.676377660876156,42.05043347231607,43.90053833469479,27.923186703211975,28.96351714160108,6.067316973182877,3.4735268826643195,1.4542276362846636,13.94260230767133,1.9480565454908287,23.745962152299
3930165,68273ab0-ff72-44df-ba8e-2b2f4ca681b0,96,Pass,13,35.7,26.0,10,46.09832406000553,62.92910951818189,16.830785458176358,32.99412466080956,39.61410785269943,28.95236267198113,37.49526190717525,5.05429056391297,2.176161675238199,0.2716551318484264,14.789113935594543,4.621636608835772,27.657689204994178
3930165,81fbfbfc-96cd-41e3-b52a-e57343d8074d,96,Ball Receipt*,14,54.8,13.5,10,49.543020680882016,66.95453911399585,17.411518433113834,27.156398267573373,33.98204544097979,29.492765271291592,35.0429729760393,5.357312119399823,2.5132078405803364,0.04118389732918715,15.284941463420108,1.0843104009917255,40.54625467716957
3930165,a0b2a062-6699-4ef9-837f-793d2f043a9f,96,Carry,14,54.8,13.5,10,49.543020680882016,66.95453911399585,17.411518433113834,27.156398267573373,33.98204544097979,29.492765271291592,35.0429729760393,5.357312119399823,2.5132078405803364,0.04118389732918715,15.284941463420108,1.0843104009917255,40.54625467716957
3930165,06c63e86-fefc-414d-9a13-bbd8c0d944a0,97,Foul Won,40,69.8,62.2,9,31.880049881463446,46.21219896327734,14.332149081813892,36.41288112795162,32.96169105117777,32.771165779799766,32.129167093768444,2.7637754310402145,6.342255099502961,3.7551951466095304,15.468060780037803,0.24982101984831928,26.86258960948082
3930165,19b7eba2-4474-4c8e-a4c8-784605695b28,97,Carry,40,69.8,62.2,9,31.880049881463446,46.21219896327734,14.332149081813892,36.41288112795162,32.96169105117777,32.771165779799766,32.129167093768444,2.7637754310402145,6.342255099502961,3.7551951466095304,15.468060780037803,0.24982101984831928,26.86258960948082
3930165,d1467649-4163-45ea-acf9-0bf5e309ad44,98,Ball Receipt*,7,21.3,46.7,9,22.351427882770107,45.5019977724032,23.150569889633093,50.97119660625393,45.21268208107128,34.186815292630314,38.505788317275105,6.940166174511262,4.352112001117336,1.085710999364423,12.336895465050944,11.148612765499767,2.912926770966642
3930165,baa53f05-2cc6-4f4d-aa63-ef225bb40793,98,Carry,7,21.3,46.7,9,22.351427882770107,45.5019977724032,23.150569889633093,50.97119660625393,45.21268208107128,34.186815292630314,38.505788317275105,6.940166174511262,4.352112001117336,1.085710999364423,12.336895465050944,11.148612765499767,2.912926770966642
3930165,4f7c3f72-0f54-4d73-8a5d-e22feaae4f03,98,Pass,9,26.3,45.5,10,25.085646663499794,48.62283561286559,23.5371889493658,50.179917000528235,42.63051061240175,34.94242943208444,38.161891686705204,4.756408626047322,4.716525743870793,0.7040598950085055,11.874757040922589,2.2725790307875258,16.428942416882386
3930165,b0ebcf2e-d041-4764-9d04-2fe17521f16d,98,Ball Receipt*,10,44.0,57.3,9,31.834281441267933,57.36979801623698,25.535516574969044,42.661807222629974,44.660197903309786,21.19993155798823,36.42561031069235,7.306557148450219,2.999010729363742,3.2605025619588233,6.978349935001987,10.580470768654223,19.2090080816821
3930165,8cbdc5f7-4d1f-4483-8603-c413ba77d8c9,98,Carry,10,44.0,57.3,9,31.834281441267933,57.36979801623698,25.535516574969044,42.661807222629974,44.660197903309786,21.19993155798823,36.42561031069235,7.306557148450219,2.999010729363742,3.2605025619588233,6.978349935001987,10.580470768654223,19.2090080816821
