adv_floor,adv_exp,n_events,lam_max,logL,dlogL
0.01,0.4,48,0.2353,-430.1665,-4.5906
0.01,0.6,48,0.2649,-429.3653,-3.7895
0.01,0.8,48,0.297,-428.7472,-3.1714
0.01,1.0,48,0.3318,-428.2973,-2.7215
0.01,1.2,48,0.3693,-428.0023,-2.4265
0.01,1.4,48,0.4096,-427.8498,-2.274
0.01,1.6,48,0.4529,-427.8279,-2.2521
0.01,1.8,48,0.4992,-427.9248,-2.3489
0.01,2.0,48,0.5487,-428.1286,-2.5528
0.01,2.2,48,0.6013,-428.4274,-2.8516
0.01,2.4,48,0.6571,-428.8087,-3.2329
0.01,2.6,48,0.7162,-429.2599,-3.6841
0.01,2.8,48,0.7785,-429.7682,-4.1924
0.01,3.0,48,0.8442,-430.3211,-4.7453
0.01,3.2,48,0.9133,-430.9066,-5.3307
0.01,3.4,48,0.9856,-431.5134,-5.9376
0.01,3.6,48,1.0612,-432.1319,-6.5561
0.01,3.8,48,1.1401,-432.7534,-7.1776
0.01,4.0,48,1.2221,-433.3707,-7.7949
0.01,4.2,48,1.3073,-433.978,-8.4022
0.01,4.4,48,1.3955,-434.5704,-8.9946
0.01,4.6,48,1.4867,-435.1438,-9.5679
0.01,4.8,48,1.5807,-435.6948,-10.119
0.01,5.0,48,1.6774,-436.2207,-10.6449
0.01,5.2,48,1.7768,-436.7194,-11.1436
0.01,5.4,48,1.8785,-437.1892,-11.6134
0.01,5.6,48,1.9826,-437.6291,-12.0532
0.01,5.8,48,2.0888,-438.0383,-12.4625
0.01,6.0,48,2.1969,-438.417,-12.8412
0.01,6.2,48,2.3069,-438.7654,-13.1896
0.01,6.4,48,2.4184,-439.0844,-13.5085
0.01,6.6,48,2.5315,-439.3749,-13.7991
0.01,6.8,48,2.6458,-439.6385,-14.0626
0.01,7.0,48,2.7611,-439.8764,-14.3006
0.01,7.2,48,2.8774,-440.0905,-14.5147
0.01,7.4,48,2.9944,-440.2824,-14.7066
0.01,7.6,48,3.1119,-440.4538,-14.878
0.01,7.8,48,3.2298,-440.6065,-15.0307
0.01,8.0,48,3.3479,-440.7421,-15.1663
0.01,8.2,48,3.466,-440.8623,-15.2865
0.01,8.4,48,3.584,-440.9687,-15.3929
0.01,8.6,48,3.7017,-441.0628,-15.487
0.01,8.8,48,3.819,-441.1461,-15.5703
0.01,9.0,48,3.9357,-441.2199,-15.6441
0.01,9.2,48,4.0517,-441.2856,-15.7098
0.01,9.4,48,4.1669,-441.3443,-15.7685
0.01,9.6,48,4.2812,-441.3972,-15.8214
0.01,9.8,48,4.3944,-441.4453,-15.8695
0.01,10.0,48,4.5065,-441.4896,-15.9138
0.01,10.2,48,4.6173,-441.5309,-15.9551
0.01,10.4,48,4.7268,-441.57,-15.9942
0.01,10.6,48,4.8349,-441.6076,-16.0318
0.01,10.8,48,4.9416,-441.6444,-16.0686
0.01,11.0,48,5.0467,-441.681,-16.1051
0.01,11.2,48,5.1502,-441.7177,-16.1419
0.01,11.4,48,5.2521,-441.7552,-16.1793
0.01,11.6,48,5.3524,-441.7937,-16.2178
0.01,11.8,48,5.4509,-441.8335,-16.2577
0.01,12.0,48,5.5477,-441.8751,-16.2992
0.01,12.2,48,5.6428,-441.9185,-16.3427
0.01,12.4,48,5.736,-441.964,-16.3882
0.01,12.6,48,5.8275,-442.0118,-16.436
0.01,12.8,48,5.9172,-442.062,-16.4861
0.01,13.0,48,6.0051,-442.1146,-16.5387
0.01,13.2,48,6.0912,-442.1697,-16.5939
0.01,13.4,48,6.1755,-442.2273,-16.6515
0.01,13.6,48,6.2581,-442.2876,-16.7117
0.01,13.8,48,6.3388,-442.3503,-16.7745
0.01,14.0,48,6.4178,-442.4155,-16.8397
0.01,14.2,48,6.4951,-442.4832,-16.9074
0.01,14.4,48,6.5706,-442.5533,-16.9775
0.01,14.6,48,6.6445,-442.6256,-17.0498
0.01,14.8,48,6.7166,-442.7002,-17.1244
0.01,15.0,48,6.7871,-442.7768,-17.201
0.01,15.2,48,6.856,-442.8555,-17.2797
0.01,15.4,48,6.9233,-442.936,-17.3602
0.01,15.6,48,6.989,-443.0182,-17.4424
0.01,15.8,48,7.0531,-443.1021,-17.5262
0.01,16.0,48,7.1157,-443.1874,-17.6116
0.02,0.4,48,0.2346,-430.1905,-4.6147
0.02,0.6,48,0.2637,-429.3963,-3.8205
0.02,0.8,48,0.2951,-428.7802,-3.2044
0.02,1.0,48,0.3291,-428.3257,-2.7499
0.02,1.2,48,0.3655,-428.0172,-2.4414
0.02,1.4,48,0.4046,-427.84,-2.2642
0.02,1.6,48,0.4463,-427.7795,-2.2037
0.02,1.8,48,0.4907,-427.8211,-2.2452
0.02,2.0,48,0.5378,-427.95,-2.3742
0.02,2.2,48,0.5877,-428.1516,-2.5758
0.02,2.4,48,0.6403,-428.4114,-2.8356
0.02,2.6,48,0.6957,-428.7154,-3.1396
0.02,2.8,48,0.7537,-429.0507,-3.4748
0.02,3.0,48,0.8145,-429.4053,-3.8295
0.02,3.2,48,0.8778,-429.7693,-4.1934
0.02,3.4,48,0.9437,-430.1339,-4.5581
0.02,3.6,48,1.0121,-430.4922,-4.9164
0.02,3.8,48,1.0828,-430.8387,-5.2629
0.02,4.0,48,1.1558,-431.169,-5.5932
0.02,4.2,48,1.2308,-431.4797,-5.9039
0.02,4.4,48,1.3079,-431.7684,-6.1925
0.02,4.6,48,1.3868,-432.0333,-6.4574
0.02,4.8,48,1.4674,-432.2733,-6.6975
0.02,5.0,48,1.5495,-432.4881,-6.9122
0.02,5.2,48,1.6329,-432.6776,-7.1017
0.02,5.4,48,1.7176,-432.8424,-7.2665
0.02,5.6,48,1.8033,-432.9834,-7.4076
0.02,5.8,48,1.8898,-433.102,-7.5261
0.02,6.0,48,1.9769,-433.1995,-7.6237
0.02,6.2,48,2.0646,-433.2777,-7.7019
0.02,6.4,48,2.1526,-433.3383,-7.7625
0.02,6.6,48,2.2407,-433.3831,-7.8073
0.02,6.8,48,2.3288,-433.414,-7.8381
0.02,7.0,48,2.4168,-433.4326,-7.8568
0.02,7.2,48,2.5045,-433.4408,-7.865
0.02,7.4,48,2.5917,-433.4401,-7.8643
0.02,7.6,48,2.6784,-433.4322,-7.8564
0.02,7.8,48,2.7644,-433.4183,-7.8425
0.02,8.0,48,2.8495,-433.4,-7.8242
0.02,8.2,48,2.9338,-433.3783,-7.8025
0.02,8.4,48,3.017,-433.3545,-7.7787
0.02,8.6,48,3.0991,-433.3295,-7.7536
0.02,8.8,48,3.1801,-433.3041,-7.7283
0.02,9.0,48,3.2598,-433.2794,-7.7035
0.02,9.2,48,3.3381,-433.2558,-7.68
0.02,9.4,48,3.4151,-433.2341,-7.6582
0.02,9.6,48,3.4907,-433.2147,-7.6389
0.02,9.8,48,3.5649,-433.1981,-7.6223
0.02,10.0,48,3.6375,-433.1847,-7.6089
0.02,10.2,48,3.7086,-433.1748,-7.599
0.02,10.4,48,3.7782,-433.1686,-7.5928
0.02,10.6,48,3.8463,-433.1663,-7.5905
0.02,10.8,48,3.9128,-433.168,-7.5922
0.02,11.0,48,3.9777,-433.1739,-7.5981
0.02,11.2,48,4.0411,-433.1839,-7.6081
0.02,11.4,48,4.1029,-433.1981,-7.6223
0.02,11.6,48,4.1632,-433.2165,-7.6407
0.02,11.8,48,4.222,-433.2389,-7.6631
0.02,12.0,48,4.2792,-433.2654,-7.6896
0.02,12.2,48,4.335,-433.2958,-7.72
0.02,12.4,48,4.3893,-433.33,-7.7542
0.02,12.6,48,4.4421,-433.3679,-7.792
0.02,12.8,48,4.4935,-433.4092,-7.8334
0.02,13.0,48,4.5435,-433.4539,-7.8781
0.02,13.2,48,4.5921,-433.5019,-7.926
0.02,13.4,48,4.6394,-433.5528,-7.977
0.02,13.6,48,4.6853,-433.6065,-8.0307
0.02,13.8,48,4.73,-433.6629,-8.0871
0.02,14.0,48,4.7734,-433.7218,-8.1459
0.02,14.2,48,4.8156,-433.7829,-8.2071
0.02,14.4,48,4.8565,-433.8461,-8.2703
0.02,14.6,48,4.8964,-433.9112,-8.3354
0.02,14.8,48,4.935,-433.978,-8.4022
0.02,15.0,48,4.9726,-434.0463,-8.4705
0.02,15.2,48,5.0091,-434.1161,-8.5402
0.02,15.4,48,5.0445,-434.1869,-8.6111
0.02,15.6,48,5.079,-434.2589,-8.683
0.02,15.8,48,5.1124,-434.3316,-8.7558
0.02,16.0,48,5.1449,-434.4051,-8.8293
0.03,0.4,48,0.2339,-430.2145,-4.6387
0.03,0.6,48,0.2625,-429.4275,-3.8516
0.03,0.8,48,0.2933,-428.8138,-3.238
0.03,1.0,48,0.3264,-428.3555,-2.7796
0.03,1.2,48,0.3618,-428.0353,-2.4595
0.03,1.4,48,0.3996,-427.8367,-2.2609
0.03,1.6,48,0.4398,-427.7433,-2.1674
0.03,1.8,48,0.4824,-427.7387,-2.1629
0.03,2.0,48,0.5273,-427.807,-2.2312
0.03,2.2,48,0.5747,-427.9326,-2.3568
0.03,2.4,48,0.6243,-428.101,-2.5252
0.03,2.6,48,0.6763,-428.2989,-2.723
0.03,2.8,48,0.7304,-428.5144,-2.9386
0.03,3.0,48,0.7867,-428.7377,-3.1619
0.03,3.2,48,0.845,-428.9607,-3.3848
0.03,3.4,48,0.9053,-429.1769,-3.6011
0.03,3.6,48,0.9673,-429.3815,-3.8056
0.03,3.8,48,1.031,-429.5708,-3.9949
0.03,4.0,48,1.0962,-429.7422,-4.1663
0.03,4.2,48,1.1628,-429.894,-4.3181
0.03,4.4,48,1.2306,-430.0253,-4.4494
0.03,4.6,48,1.2995,-430.1357,-4.5599
0.03,4.8,48,1.3692,-430.2257,-4.6498
0.03,5.0,48,1.4397,-430.2958,-4.7199
0.03,5.2,48,1.5107,-430.3471,-4.7713
0.03,5.4,48,1.5821,-430.3811,-4.8053
0.03,5.6,48,1.6537,-430.3993,-4.8235
0.03,5.8,48,1.7254,-430.4034,-4.8276
0.03,6.0,48,1.797,-430.3951,-4.8193
0.03,6.2,48,1.8683,-430.3763,-4.8005
0.03,6.4,48,1.9393,-430.3487,-4.7729
0.03,6.6,48,2.0098,-430.3139,-4.738
0.03,6.8,48,2.0797,-430.2734,-4.6976
0.03,7.0,48,2.1489,-430.2289,-4.6531
0.03,7.2,48,2.2172,-430.1816,-4.6058
0.03,7.4,48,2.2846,-430.1327,-4.5569
0.03,7.6,48,2.3509,-430.0834,-4.5076
0.03,7.8,48,2.4162,-430.0347,-4.4589
0.03,8.0,48,2.4803,-429.9874,-4.4116
0.03,8.2,48,2.5433,-429.9424,-4.3665
0.03,8.4,48,2.6049,-429.9001,-4.3243
0.03,8.6,48,2.6653,-429.8612,-4.2854
0.03,8.8,48,2.7243,-429.8262,-4.2504
0.03,9.0,48,2.782,-429.7955,-4.2196
0.03,9.2,48,2.8383,-429.7692,-4.1934
0.03,9.4,48,2.8932,-429.7476,-4.1718
0.03,9.6,48,2.9467,-429.731,-4.1551
0.03,9.8,48,2.9988,-429.7193,-4.1435
0.03,10.0,48,3.0495,-429.7126,-4.1368
0.03,10.2,48,3.0988,-429.711,-4.1352
0.03,10.4,48,3.1467,-429.7143,-4.1385
0.03,10.6,48,3.1933,-429.7226,-4.1467
0.03,10.8,48,3.2385,-429.7356,-4.1598
0.03,11.0,48,3.2824,-429.7533,-4.1775
0.03,11.2,48,3.325,-429.7755,-4.1997
0.03,11.4,48,3.3664,-429.8021,-4.2262
0.03,11.6,48,3.4064,-429.8328,-4.257
0.03,11.8,48,3.4452,-429.8675,-4.2916
0.03,12.0,48,3.4829,-429.9059,-4.3301
0.03,12.2,48,3.5193,-429.9478,-4.372
0.03,12.4,48,3.5547,-429.9931,-4.4173
0.03,12.6,48,3.5889,-430.0415,-4.4657
0.03,12.8,48,3.622,-430.0928,-4.517
0.03,13.0,48,3.6541,-430.1467,-4.5709
0.03,13.2,48,3.6851,-430.2031,-4.6272
0.03,13.4,48,3.7152,-430.2617,-4.6858
0.03,13.6,48,3.7443,-430.3223,-4.7464
0.03,13.8,48,3.7725,-430.3847,-4.8089
0.03,14.0,48,3.7998,-430.4487,-4.8729
0.03,14.2,48,3.8262,-430.5142,-4.9383
0.03,14.4,48,3.8517,-430.5808,-5.005
0.03,14.6,48,3.8765,-430.6485,-5.0727
0.03,14.8,48,3.9004,-430.7171,-5.1413
0.03,15.0,48,3.9236,-430.7865,-5.2106
0.03,15.2,48,3.9461,-430.8563,-5.2805
0.03,15.4,48,3.9678,-430.9266,-5.3508
0.03,15.6,48,3.9889,-430.9971,-5.4213
0.03,15.8,48,4.0093,-431.0678,-5.4919
0.03,16.0,48,4.029,-431.1384,-5.5626
0.04,0.4,48,0.2332,-430.2386,-4.6627
0.04,0.6,48,0.2613,-429.4587,-3.8829
0.04,0.8,48,0.2915,-428.8479,-3.272
0.04,1.0,48,0.3238,-428.3865,-2.8107
0.04,1.2,48,0.3582,-428.0563,-2.4805
0.04,1.4,48,0.3948,-427.8392,-2.2634
0.04,1.6,48,0.4335,-427.7176,-2.1418
0.04,1.8,48,0.4744,-427.6744,-2.0986
0.04,2.0,48,0.5173,-427.6932,-2.1173
0.04,2.2,48,0.5623,-427.7584,-2.1826
0.04,2.4,48,0.6092,-427.8563,-2.2805
0.04,2.6,48,0.658,-427.9747,-2.3989
0.04,2.8,48,0.7086,-428.1034,-2.5276
0.04,3.0,48,0.7608,-428.2342,-2.6583
0.04,3.2,48,0.8146,-428.3606,-2.7848
0.04,3.4,48,0.8698,-428.478,-2.9022
0.04,3.6,48,0.9263,-428.5828,-3.007
0.04,3.8,48,0.9839,-428.6729,-3.097
0.04,4.0,48,1.0425,-428.7467,-3.1708
0.04,4.2,48,1.1019,-428.8037,-3.2279
0.04,4.4,48,1.162,-428.8439,-3.2681
0.04,4.6,48,1.2225,-428.8679,-3.292
0.04,4.8,48,1.2834,-428.8765,-3.3007
0.04,5.0,48,1.3444,-428.8711,-3.2953
0.04,5.2,48,1.4054,-428.8531,-3.2773
0.04,5.4,48,1.4664,-428.8241,-3.2483
0.04,5.6,48,1.527,-428.7858,-3.21
0.04,5.8,48,1.5873,-428.7398,-3.164
0.04,6.0,48,1.647,-428.6878,-3.112
0.04,6.2,48,1.7062,-428.6314,-3.0556
0.04,6.4,48,1.7646,-428.572,-2.9962
0.04,6.6,48,1.8221,-428.5109,-2.9351
0.04,6.8,48,1.8787,-428.4495,-2.8737
0.04,7.0,48,1.9344,-428.3887,-2.8129
0.04,7.2,48,1.989,-428.3297,-2.7538
0.04,7.4,48,2.0425,-428.2731,-2.6973
0.04,7.6,48,2.0948,-428.2198,-2.6439
0.04,7.8,48,2.1459,-428.1703,-2.5944
0.04,8.0,48,2.1958,-428.1251,-2.5493
0.04,8.2,48,2.2445,-428.0847,-2.5089
0.04,8.4,48,2.2919,-428.0494,-2.4736
0.04,8.6,48,2.338,-428.0194,-2.4436
0.04,8.8,48,2.3828,-427.9948,-2.419
0.04,9.0,48,2.4263,-427.9758,-2.4
0.04,9.2,48,2.4686,-427.9623,-2.3865
0.04,9.4,48,2.5096,-427.9544,-2.3786
0.04,9.6,48,2.5493,-427.952,-2.3762
0.04,9.8,48,2.5878,-427.9549,-2.3791
0.04,10.0,48,2.6251,-427.9631,-2.3873
0.04,10.2,48,2.6612,-427.9764,-2.4006
0.04,10.4,48,2.6961,-427.9946,-2.4188
0.04,10.6,48,2.7299,-428.0175,-2.4417
0.04,10.8,48,2.7625,-428.0449,-2.4691
0.04,11.0,48,2.7941,-428.0765,-2.5007
0.04,11.2,48,2.8245,-428.1122,-2.5364
0.04,11.4,48,2.854,-428.1516,-2.5758
0.04,11.6,48,2.8824,-428.1945,-2.6187
0.04,11.8,48,2.9099,-428.2408,-2.6649
0.04,12.0,48,2.9364,-428.29,-2.7142
0.04,12.2,48,2.962,-428.3421,-2.7662
0.04,12.4,48,2.9867,-428.3967,-2.8208
0.04,12.6,48,3.0106,-428.4536,-2.8777
0.04,12.8,48,3.0337,-428.5126,-2.9368
0.04,13.0,48,3.0559,-428.5735,-2.9976
0.04,13.2,48,3.0774,-428.636,-3.0602
0.04,13.4,48,3.0981,-428.6999,-3.1241
0.04,13.6,48,3.1181,-428.7652,-3.1893
0.04,13.8,48,3.1374,-428.8314,-3.2556
0.04,14.0,48,3.156,-428.8986,-3.3228
0.04,14.2,48,3.174,-428.9664,-3.3906
0.04,14.4,48,3.1914,-429.0348,-3.459
0.04,14.6,48,3.2082,-429.1036,-3.5278
0.04,14.8,48,3.2244,-429.1726,-3.5968
0.04,15.0,48,3.2401,-429.2417,-3.6659
0.04,15.2,48,3.2553,-429.3108,-3.735
0.04,15.4,48,3.2699,-429.3798,-3.8039
0.04,15.6,48,3.284,-429.4485,-3.8726
0.04,15.8,48,3.2977,-429.5168,-3.941
0.04,16.0,48,3.3109,-429.5847,-4.0088
0.05,0.4,48,0.2326,-430.2626,-4.6868
0.05,0.6,48,0.2602,-429.4901,-3.9143
0.05,0.8,48,0.2897,-428.8824,-3.3065
0.05,1.0,48,0.3212,-428.4188,-2.843
0.05,1.2,48,0.3547,-428.08,-2.5042
0.05,1.4,48,0.3901,-427.8469,-2.2711
0.05,1.6,48,0.4274,-427.7013,-2.1255
0.05,1.8,48,0.4666,-427.6256,-2.0498
0.05,2.0,48,0.5076,-427.6036,-2.0278
0.05,2.2,48,0.5504,-427.6203,-2.0445
0.05,2.4,48,0.5947,-427.6629,-2.0871
0.05,2.6,48,0.6406,-427.7206,-2.1447
0.05,2.8,48,0.688,-427.7845,-2.2086
0.05,3.0,48,0.7366,-427.8478,-2.272
0.05,3.2,48,0.7863,-427.9056,-2.3298
0.05,3.4,48,0.8371,-427.9543,-2.3785
0.05,3.6,48,0.8887,-427.9916,-2.4157
0.05,3.8,48,0.941,-428.016,-2.4402
0.05,4.0,48,0.9938,-428.0271,-2.4513
0.05,4.2,48,1.0471,-428.0249,-2.4491
0.05,4.4,48,1.1006,-428.01,-2.4342
0.05,4.6,48,1.1541,-427.9834,-2.4076
0.05,4.8,48,1.2076,-427.9463,-2.3705
0.05,5.0,48,1.2609,-427.9002,-2.3243
0.05,5.2,48,1.3139,-427.8465,-2.2707
0.05,5.4,48,1.3664,-427.7868,-2.211
0.05,5.6,48,1.4184,-427.7228,-2.147
0.05,5.8,48,1.4697,-427.6558,-2.08
0.05,6.0,48,1.5202,-427.5873,-2.0114
0.05,6.2,48,1.5699,-427.5185,-1.9426
0.05,6.4,48,1.6187,-427.4506,-1.8747
0.05,6.6,48,1.6665,-427.3846,-1.8088
0.05,6.8,48,1.7132,-427.3214,-1.7456
0.05,7.0,48,1.7589,-427.2618,-1.686
0.05,7.2,48,1.8034,-427.2065,-1.6306
0.05,7.4,48,1.8468,-427.1559,-1.58
0.05,7.6,48,1.889,-427.1104,-1.5346
0.05,7.8,48,1.9301,-427.0705,-1.4947
0.05,8.0,48,1.9699,-427.0363,-1.4604
0.05,8.2,48,2.0085,-427.0079,-1.4321
0.05,8.4,48,2.046,-426.9855,-1.4097
0.05,8.6,48,2.0823,-426.969,-1.3932
0.05,8.8,48,2.1174,-426.9585,-1.3827
0.05,9.0,48,2.1513,-426.9538,-1.378
0.05,9.2,48,2.1841,-426.9548,-1.379
0.05,9.4,48,2.2158,-426.9613,-1.3855
0.05,9.6,48,2.2464,-426.9732,-1.3974
0.05,9.8,48,2.2759,-426.9902,-1.4144
0.05,10.0,48,2.3044,-427.0122,-1.4363
0.05,10.2,48,2.3319,-427.0388,-1.4629
0.05,10.4,48,2.3584,-427.0697,-1.4939
0.05,10.6,48,2.3839,-427.1049,-1.529
0.05,10.8,48,2.4085,-427.1439,-1.568
0.05,11.0,48,2.4322,-427.1865,-1.6106
0.05,11.2,48,2.455,-427.2324,-1.6566
0.05,11.4,48,2.477,-427.2814,-1.7056
0.05,11.6,48,2.4982,-427.3333,-1.7575
0.05,11.8,48,2.5185,-427.3877,-1.8119
0.05,12.0,48,2.5382,-427.4444,-1.8686
0.05,12.2,48,2.5571,-427.5032,-1.9274
0.05,12.4,48,2.5753,-427.5638,-1.988
0.05,12.6,48,2.5928,-427.626,-2.0502
0.05,12.8,48,2.6097,-427.6897,-2.1139
0.05,13.0,48,2.626,-427.7545,-2.1787
0.05,13.2,48,2.6417,-427.8204,-2.2446
0.05,13.4,48,2.6568,-427.887,-2.3112
0.05,13.6,48,2.6713,-427.9543,-2.3785
0.05,13.8,48,2.6853,-428.0221,-2.4463
0.05,14.0,48,2.6988,-428.0902,-2.5144
0.05,14.2,48,2.7118,-428.1585,-2.5827
0.05,14.4,48,2.7244,-428.2268,-2.651
0.05,14.6,48,2.7365,-428.295,-2.7192
0.05,14.8,48,2.7482,-428.363,-2.7872
0.05,15.0,48,2.7594,-428.4307,-2.8549
0.05,15.2,48,2.7703,-428.498,-2.9222
0.05,15.4,48,2.7807,-428.5647,-2.9889
0.05,15.6,48,2.7909,-428.6309,-3.0551
0.05,15.8,48,2.8006,-428.6964,-3.1206
0.05,16.0,48,2.81,-428.7611,-3.1853
0.06,0.4,48,0.2319,-430.2867,-4.7108
0.06,0.6,48,0.259,-429.5216,-3.9458
0.06,0.8,48,0.2879,-428.9173,-3.3415
0.06,1.0,48,0.3187,-428.4522,-2.8764
0.06,1.2,48,0.3512,-428.1061,-2.5303
0.06,1.4,48,0.3855,-427.8593,-2.2835
0.06,1.6,48,0.4215,-427.6932,-2.1173
0.06,1.8,48,0.4591,-427.5902,-2.0143
0.06,2.0,48,0.4983,-427.5344,-1.9586
0.06,2.2,48,0.539,-427.5119,-1.936
0.06,2.4,48,0.581,-427.5106,-1.9348
0.06,2.6,48,0.6242,-427.5211,-1.9453
0.06,2.8,48,0.6685,-427.5358,-1.96
0.06,3.0,48,0.7138,-427.5491,-1.9733
0.06,3.2,48,0.7599,-427.557,-1.9812
0.06,3.4,48,0.8067,-427.557,-1.9812
0.06,3.6,48,0.854,-427.5474,-1.9716
0.06,3.8,48,0.9016,-427.5276,-1.9518
0.06,4.0,48,0.9495,-427.4975,-1.9217
0.06,4.2,48,0.9974,-427.4578,-1.8819
0.06,4.4,48,1.0453,-427.4091,-1.8333
0.06,4.6,48,1.093,-427.3528,-1.7769
0.06,4.8,48,1.1403,-427.2901,-1.7142
0.06,5.0,48,1.1872,-427.2224,-1.6466
0.06,5.2,48,1.2336,-427.1512,-1.5754
0.06,5.4,48,1.2792,-427.0779,-1.5021
0.06,5.6,48,1.3242,-427.0038,-1.428
0.06,5.8,48,1.3683,-426.9302,-1.3544
0.06,6.0,48,1.4115,-426.8582,-1.2824
0.06,6.2,48,1.4538,-426.7887,-1.2129
0.06,6.4,48,1.4951,-426.7228,-1.1469
0.06,6.6,48,1.5353,-426.661,-1.0851
0.06,6.8,48,1.5745,-426.6039,-1.0281
0.06,7.0,48,1.6125,-426.5522,-0.9764
0.06,7.2,48,1.6495,-426.5061,-0.9303
0.06,7.4,48,1.6853,-426.466,-0.8902
0.06,7.6,48,1.72,-426.432,-0.8562
0.06,7.8,48,1.7536,-426.4042,-0.8284
0.06,8.0,48,1.7861,-426.3827,-0.8069
0.06,8.2,48,1.8175,-426.3674,-0.7916
0.06,8.4,48,1.8478,-426.3583,-0.7825
0.06,8.6,48,1.877,-426.3552,-0.7794
0.06,8.8,48,1.9052,-426.358,-0.7821
0.06,9.0,48,1.9323,-426.3664,-0.7905
0.06,9.2,48,1.9585,-426.3802,-0.8044
0.06,9.4,48,1.9836,-426.3992,-0.8234
0.06,9.6,48,2.0078,-426.4231,-0.8473
0.06,9.8,48,2.0311,-426.4517,-0.8759
0.06,10.0,48,2.0536,-426.4847,-0.9088
0.06,10.2,48,2.0751,-426.5217,-0.9459
0.06,10.4,48,2.0958,-426.5625,-0.9867
0.06,10.6,48,2.1157,-426.6068,-1.031
0.06,10.8,48,2.1349,-426.6544,-1.0786
0.06,11.0,48,2.1533,-426.7049,-1.1291
0.06,11.2,48,2.171,-426.7581,-1.1823
0.06,11.4,48,2.188,-426.8137,-1.2379
0.06,11.6,48,2.2043,-426.8715,-1.2957
0.06,11.8,48,2.22,-426.9312,-1.3554
0.06,12.0,48,2.2351,-426.9926,-1.4168
0.06,12.2,48,2.2496,-427.0555,-1.4797
0.06,12.4,48,2.2635,-427.1196,-1.5438
0.06,12.6,48,2.2769,-427.1847,-1.6089
0.06,12.8,48,2.2898,-427.2507,-1.6749
0.06,13.0,48,2.3021,-427.3174,-1.7415
0.06,13.2,48,2.314,-427.3845,-1.8087
0.06,13.4,48,2.3255,-427.452,-1.8762
0.06,13.6,48,2.3365,-427.5197,-1.9439
0.06,13.8,48,2.3471,-427.5874,-2.0116
0.06,14.0,48,2.3573,-427.655,-2.0792
0.06,14.2,48,2.3671,-427.7225,-2.1466
0.06,14.4,48,2.3766,-427.7895,-2.2137
0.06,14.6,48,2.3857,-427.8562,-2.2804
0.06,14.8,48,2.3945,-427.9224,-2.3465
0.06,15.0,48,2.4029,-427.9879,-2.4121
0.06,15.2,48,2.4111,-428.0528,-2.4769
0.06,15.4,48,2.4189,-428.1169,-2.541
0.06,15.6,48,2.4265,-428.1801,-2.6043
0.06,15.8,48,2.4338,-428.2425,-2.6667
0.06,16.0,48,2.4408,-428.304,-2.7282
0.07,0.4,48,0.2312,-430.3107,-4.7349
0.07,0.6,48,0.2579,-429.5532,-3.9774
0.07,0.8,48,0.2862,-428.9526,-3.3768
0.07,1.0,48,0.3162,-428.4867,-2.9109
0.07,1.2,48,0.3478,-428.1345,-2.5587
0.07,1.4,48,0.381,-427.8759,-2.3001
0.07,1.6,48,0.4157,-427.6923,-2.1165
0.07,1.8,48,0.4518,-427.5663,-1.9905
0.07,2.0,48,0.4893,-427.4826,-1.9068
0.07,2.2,48,0.528,-427.4281,-1.8522
0.07,2.4,48,0.5678,-427.3919,-1.816
0.07,2.6,48,0.6086,-427.3655,-1.7896
0.07,2.8,48,0.6501,-427.3424,-1.7666
0.07,3.0,48,0.6924,-427.3181,-1.7423
0.07,3.2,48,0.7352,-427.2894,-1.7136
0.07,3.4,48,0.7784,-427.2543,-1.6785
0.07,3.6,48,0.8219,-427.212,-1.6362
0.07,3.8,48,0.8654,-427.1621,-1.5863
0.07,4.0,48,0.909,-427.105,-1.5292
0.07,4.2,48,0.9523,-427.0415,-1.4657
0.07,4.4,48,0.9954,-426.9725,-1.3966
0.07,4.6,48,1.038,-426.8991,-1.3233
0.07,4.8,48,1.0801,-426.8229,-1.247
0.07,5.0,48,1.1217,-426.7449,-1.1691
0.07,5.2,48,1.1625,-426.6665,-1.0907
0.07,5.4,48,1.2025,-426.5889,-1.0131
0.07,5.6,48,1.2417,-426.5133,-0.9374
0.07,5.8,48,1.28,-426.4405,-0.8647
0.07,6.0,48,1.3173,-426.3715,-0.7957
0.07,6.2,48,1.3537,-426.307,-0.7312
0.07,6.4,48,1.389,-426.2476,-0.6718
0.07,6.6,48,1.4233,-426.1938,-0.618
0.07,6.8,48,1.4565,-426.146,-0.5701
0.07,7.0,48,1.4887,-426.1044,-0.5285
0.07,7.2,48,1.5198,-426.0692,-0.4934
0.07,7.4,48,1.5498,-426.0405,-0.4647
0.07,7.6,48,1.5788,-426.0183,-0.4425
0.07,7.8,48,1.6068,-426.0026,-0.4268
0.07,8.0,48,1.6337,-425.9932,-0.4174
0.07,8.2,48,1.6596,-425.9901,-0.4143
0.07,8.4,48,1.6846,-425.9929,-0.4171
0.07,8.6,48,1.7086,-426.0016,-0.4257
0.07,8.8,48,1.7316,-426.0157,-0.4399
0.07,9.0,48,1.7538,-426.0352,-0.4593
0.07,9.2,48,1.775,-426.0596,-0.4838
0.07,9.4,48,1.7955,-426.0887,-0.5129
0.07,9.6,48,1.8151,-426.1222,-0.5464
0.07,9.8,48,1.8339,-426.1598,-0.584
0.07,10.0,48,1.852,-426.2012,-0.6254
0.07,10.2,48,1.8693,-426.2461,-0.6702
0.07,10.4,48,1.8859,-426.2941,-0.7183
0.07,10.6,48,1.9018,-426.3451,-0.7693
0.07,10.8,48,1.9171,-426.3987,-0.8229
0.07,11.0,48,1.9318,-426.4547,-0.8789
0.07,11.2,48,1.9458,-426.5128,-0.9369
0.07,11.4,48,1.9593,-426.5727,-0.9969
0.07,11.6,48,1.9723,-426.6342,-1.0584
0.07,11.8,48,1.9847,-426.6971,-1.1213
0.07,12.0,48,1.9966,-426.7612,-1.1854
0.07,12.2,48,2.0081,-426.8262,-1.2504
0.07,12.4,48,2.019,-426.892,-1.3162
0.07,12.6,48,2.0296,-426.9584,-1.3826
0.07,12.8,48,2.0397,-427.0252,-1.4494
0.07,13.0,48,2.0494,-427.0923,-1.5165
0.07,13.2,48,2.0587,-427.1595,-1.5836
0.07,13.4,48,2.0677,-427.2266,-1.6508
0.07,13.6,48,2.0763,-427.2936,-1.7177
0.07,13.8,48,2.0846,-427.3603,-1.7844
0.07,14.0,48,2.0925,-427.4266,-1.8507
0.07,14.2,48,2.1002,-427.4924,-1.9166
0.07,14.4,48,2.1075,-427.5576,-1.9818
0.07,14.6,48,2.1146,-427.6222,-2.0464
0.07,14.8,48,2.1214,-427.6861,-2.1102
0.07,15.0,48,2.128,-427.7491,-2.1733
0.07,15.2,48,2.1343,-427.8113,-2.2354
0.07,15.4,48,2.1404,-427.8725,-2.2967
0.07,15.6,48,2.1463,-427.9328,-2.357
0.07,15.8,48,2.1519,-427.9921,-2.4163
0.07,16.0,48,2.1573,-428.0503,-2.4745
0.08,0.4,48,0.2306,-430.3348,-4.7589
0.08,0.6,48,0.2567,-429.5849,-4.0091
0.08,0.8,48,0.2844,-428.9883,-3.4125
0.08,1.0,48,0.3137,-428.5221,-2.9463
0.08,1.2,48,0.3444,-428.1649,-2.5891
0.08,1.4,48,0.3766,-427.8964,-2.3205
0.08,1.6,48,0.4101,-427.6978,-2.122
0.08,1.8,48,0.4448,-427.5525,-1.9767
0.08,2.0,48,0.4807,-427.4457,-1.8698
0.08,2.2,48,0.5175,-427.365,-1.7892
0.08,2.4,48,0.5552,-427.3008,-1.725
0.08,2.6,48,0.5937,-427.2454,-1.6696
0.08,2.8,48,0.6327,-427.1933,-1.6175
0.08,3.0,48,0.6723,-427.1406,-1.5648
0.08,3.2,48,0.7121,-427.0848,-1.509
0.08,3.4,48,0.7521,-427.0246,-1.4488
0.08,3.6,48,0.7921,-426.9594,-1.3836
0.08,3.8,48,0.832,-426.8893,-1.3135
0.08,4.0,48,0.8717,-426.8147,-1.2389
0.08,4.2,48,0.9111,-426.7365,-1.1607
0.08,4.4,48,0.95,-426.6557,-1.0799
0.08,4.6,48,0.9883,-426.5736,-0.9977
0.08,4.8,48,1.026,-426.4911,-0.9153
0.08,5.0,48,1.063,-426.4096,-0.8338
0.08,5.2,48,1.0991,-426.3301,-0.7543
0.08,5.4,48,1.1345,-426.2536,-0.6777
0.08,5.6,48,1.1689,-426.1809,-0.605
0.08,5.8,48,1.2024,-426.1128,-0.537
0.08,6.0,48,1.2349,-426.05,-0.4742
0.08,6.2,48,1.2665,-425.993,-0.4172
0.08,6.4,48,1.297,-425.9421,-0.3663
0.08,6.6,48,1.3265,-425.8977,-0.3219
0.08,6.8,48,1.355,-425.8599,-0.284
0.08,7.0,48,1.3825,-425.8288,-0.2529
0.08,7.2,48,1.409,-425.8044,-0.2286
0.08,7.4,48,1.4345,-425.7867,-0.2109
0.08,7.6,48,1.459,-425.7756,-0.1998
0.08,7.8,48,1.4826,-425.7708,-0.195
0.08,8.0,48,1.5052,-425.7723,-0.1965
0.08,8.2,48,1.527,-425.7797,-0.2039
0.08,8.4,48,1.5478,-425.7928,-0.217
0.08,8.6,48,1.5679,-425.8113,-0.2355
0.08,8.8,48,1.587,-425.8349,-0.2591
0.08,9.0,48,1.6054,-425.8633,-0.2875
0.08,9.2,48,1.623,-425.8962,-0.3204
0.08,9.4,48,1.6399,-425.9333,-0.3575
0.08,9.6,48,1.6561,-425.9742,-0.3984
0.08,9.8,48,1.6716,-426.0187,-0.4428
0.08,10.0,48,1.6864,-426.0663,-0.4905
0.08,10.2,48,1.7006,-426.117,-0.5412
0.08,10.4,48,1.7142,-426.1703,-0.5944
0.08,10.6,48,1.7272,-426.2259,-0.6501
0.08,10.8,48,1.7397,-426.2837,-0.7078
0.08,11.0,48,1.7516,-426.3432,-0.7674
0.08,11.2,48,1.763,-426.4044,-0.8286
0.08,11.4,48,1.774,-426.467,-0.8912
0.08,11.6,48,1.7845,-426.5307,-0.9549
0.08,11.8,48,1.7945,-426.5953,-1.0195
0.08,12.0,48,1.8041,-426.6607,-1.0849
0.08,12.2,48,1.8134,-426.7266,-1.1508
0.08,12.4,48,1.8222,-426.7929,-1.2171
0.08,12.6,48,1.8307,-426.8594,-1.2836
0.08,12.8,48,1.8388,-426.9261,-1.3502
0.08,13.0,48,1.8467,-426.9926,-1.4168
0.08,13.2,48,1.8541,-427.0589,-1.4831
0.08,13.4,48,1.8613,-427.125,-1.5492
0.08,13.6,48,1.8682,-427.1906,-1.6148
0.08,13.8,48,1.8749,-427.2557,-1.6799
0.08,14.0,48,1.8812,-427.3202,-1.7444
0.08,14.2,48,1.8873,-427.384,-1.8082
0.08,14.4,48,1.8932,-427.4471,-1.8713
0.08,14.6,48,1.8989,-427.5093,-1.9335
0.08,14.8,48,1.9043,-427.5706,-1.9948
0.08,15.0,48,1.9095,-427.631,-2.0552
0.08,15.2,48,1.9146,-427.6905,-2.1146
0.08,15.4,48,1.9194,-427.7489,-2.173
0.08,15.6,48,1.9241,-427.8062,-2.2304
0.08,15.8,48,1.9285,-427.8624,-2.2866
0.08,16.0,48,1.9329,-427.9175,-2.3417
0.09,0.4,48,0.2299,-430.3588,-4.783
0.09,0.6,48,0.2556,-429.6167,-4.0409
0.09,0.8,48,0.2827,-429.0243,-3.4485
0.09,1.0,48,0.3113,-428.5584,-2.9826
0.09,1.2,48,0.3412,-428.1972,-2.6213
0.09,1.4,48,0.3723,-427.9202,-2.3444
0.09,1.6,48,0.4046,-427.7091,-2.1333
0.09,1.8,48,0.438,-427.5476,-1.9717
0.09,2.0,48,0.4723,-427.4216,-1.8457
0.09,2.2,48,0.5074,-427.3197,-1.7439
0.09,2.4,48,0.5432,-427.233,-1.6572
0.09,2.6,48,0.5795,-427.1548,-1.5789
0.09,2.8,48,0.6163,-427.0802,-1.5044
0.09,3.0,48,0.6532,-427.0061,-1.4303
0.09,3.2,48,0.6904,-426.9305,-1.3546
0.09,3.4,48,0.7275,-426.8523,-1.2765
0.09,3.6,48,0.7644,-426.7713,-1.1955
0.09,3.8,48,0.8011,-426.6878,-1.1119
0.09,4.0,48,0.8374,-426.6023,-1.0264
0.09,4.2,48,0.8733,-426.5157,-0.9398
0.09,4.4,48,0.9085,-426.4289,-0.8531
0.09,4.6,48,0.9431,-426.3431,-0.7673
0.09,4.8,48,0.977,-426.2592,-0.6834
0.09,5.0,48,1.0101,-426.1783,-0.6024
0.09,5.2,48,1.0424,-426.1012,-0.5253
0.09,5.4,48,1.0737,-426.0286,-0.4528
0.09,5.6,48,1.1042,-425.9614,-0.3856
0.09,5.8,48,1.1337,-425.9,-0.3242
0.09,6.0,48,1.1622,-425.8448,-0.269
0.09,6.2,48,1.1898,-425.7962,-0.2204
0.09,6.4,48,1.2164,-425.7544,-0.1786
0.09,6.6,48,1.242,-425.7195,-0.1437
0.09,6.8,48,1.2667,-425.6915,-0.1157
0.09,7.0,48,1.2904,-425.6705,-0.0946
0.09,7.2,48,1.3132,-425.6561,-0.0803
0.09,7.4,48,1.3351,-425.6484,-0.0726
0.09,7.6,48,1.3561,-425.6472,-0.0713
0.09,7.8,48,1.3762,-425.652,-0.0762
0.09,8.0,48,1.3955,-425.6628,-0.087
0.09,8.2,48,1.414,-425.6792,-0.1034
0.09,8.4,48,1.4317,-425.7009,-0.125
0.09,8.6,48,1.4486,-425.7275,-0.1517
0.09,8.8,48,1.4647,-425.7588,-0.1829
0.09,9.0,48,1.4802,-425.7943,-0.2185
0.09,9.2,48,1.495,-425.8339,-0.2581
0.09,9.4,48,1.5092,-425.8771,-0.3013
0.09,9.6,48,1.5227,-425.9237,-0.3479
0.09,9.8,48,1.5356,-425.9733,-0.3975
0.09,10.0,48,1.548,-426.0256,-0.4498
0.09,10.2,48,1.5598,-426.0804,-0.5045
0.09,10.4,48,1.5711,-426.1373,-0.5614
0.09,10.6,48,1.5819,-426.1961,-0.6203
0.09,10.8,48,1.5923,-426.2565,-0.6807
0.09,11.0,48,1.6022,-426.3184,-0.7426
0.09,11.2,48,1.6116,-426.3814,-0.8056
0.09,11.4,48,1.6207,-426.4454,-0.8696
0.09,11.6,48,1.6293,-426.5101,-0.9343
0.09,11.8,48,1.6376,-426.5754,-0.9996
0.09,12.0,48,1.6455,-426.6411,-1.0653
0.09,12.2,48,1.6531,-426.7071,-1.1313
0.09,12.4,48,1.6604,-426.7731,-1.1973
0.09,12.6,48,1.6673,-426.839,-1.2632
0.09,12.8,48,1.674,-426.9048,-1.329
0.09,13.0,48,1.6804,-426.9702,-1.3944
0.09,13.2,48,1.6865,-427.0353,-1.4594
0.09,13.4,48,1.6924,-427.0998,-1.5239
0.09,13.6,48,1.6981,-427.1636,-1.5878
0.09,13.8,48,1.7035,-427.2268,-1.651
0.09,14.0,48,1.7087,-427.2893,-1.7135
0.09,14.2,48,1.7137,-427.3509,-1.7751
0.09,14.4,48,1.7185,-427.4116,-1.8358
0.09,14.6,48,1.7231,-427.4714,-1.8955
0.09,14.8,48,1.7275,-427.5301,-1.9543
0.09,15.0,48,1.7317,-427.5879,-2.0121
0.09,15.2,48,1.7358,-427.6446,-2.0688
0.09,15.4,48,1.7398,-427.7002,-2.1244
0.09,15.6,48,1.7436,-427.7547,-2.1788
0.09,15.8,48,1.7472,-427.808,-2.2322
0.09,16.0,48,1.7507,-427.8602,-2.2844
0.1,0.4,48,0.2293,-430.3829,-4.8071
0.1,0.6,48,0.2545,-429.6485,-4.0727
0.1,0.8,48,0.281,-429.0607,-3.4849
0.1,1.0,48,0.3089,-428.5956,-3.0198
0.1,1.2,48,0.3379,-428.2312,-2.6554
0.1,1.4,48,0.3681,-427.9472,-2.3714
0.1,1.6,48,0.3993,-427.7256,-2.1498
0.1,1.8,48,0.4314,-427.5505,-1.9746
0.1,2.0,48,0.4642,-427.4086,-1.8328
0.1,2.2,48,0.4977,-427.2894,-1.7136
0.1,2.4,48,0.5317,-427.1848,-1.6089
0.1,2.6,48,0.566,-427.0886,-1.5128
0.1,2.8,48,0.6006,-426.9968,-1.421
0.1,3.0,48,0.6353,-426.9067,-1.3308
0.1,3.2,48,0.6699,-426.8165,-1.2407
0.1,3.4,48,0.7044,-426.7258,-1.1499
0.1,3.6,48,0.7386,-426.6342,-1.0584
0.1,3.8,48,0.7724,-426.5422,-0.9664
0.1,4.0,48,0.8057,-426.4504,-0.8746
0.1,4.2,48,0.8385,-426.3596,-0.7838
0.1,4.4,48,0.8705,-426.2708,-0.6949
0.1,4.6,48,0.9019,-426.1847,-0.6089
0.1,4.8,48,0.9325,-426.1024,-0.5265
0.1,5.0,48,0.9623,-426.0245,-0.4487
0.1,5.2,48,0.9911,-425.9518,-0.376
0.1,5.4,48,1.0191,-425.885,-0.3092
0.1,5.6,48,1.0462,-425.8244,-0.2486
0.1,5.8,48,1.0724,-425.7704,-0.1946
0.1,6.0,48,1.0976,-425.7234,-0.1476
0.1,6.2,48,1.1219,-425.6834,-0.1076
0.1,6.4,48,1.1452,-425.6505,-0.0747
0.1,6.6,48,1.1677,-425.6247,-0.0489
0.1,6.8,48,1.1892,-425.6059,-0.0301
0.1,7.0,48,1.2099,-425.594,-0.0182
0.1,7.2,48,1.2297,-425.5888,-0.0129
0.1,7.4,48,1.2486,-425.5899,-0.0141
0.1,7.6,48,1.2668,-425.5972,-0.0214
0.1,7.8,48,1.2841,-425.6104,-0.0345
0.1,8.0,48,1.3007,-425.629,-0.0532
0.1,8.2,48,1.3165,-425.6529,-0.0771
0.1,8.4,48,1.3317,-425.6816,-0.1058
0.1,8.6,48,1.3461,-425.7149,-0.139
0.1,8.8,48,1.36,-425.7523,-0.1764
0.1,9.0,48,1.3731,-425.7935,-0.2177
0.1,9.2,48,1.3857,-425.8383,-0.2624
0.1,9.4,48,1.3977,-425.8862,-0.3104
0.1,9.6,48,1.4092,-425.937,-0.3612
0.1,9.8,48,1.4202,-425.9903,-0.4145
0.1,10.0,48,1.4306,-426.046,-0.4701
0.1,10.2,48,1.4406,-426.1036,-0.5278
0.1,10.4,48,1.4501,-426.163,-0.5871
0.1,10.6,48,1.4592,-426.2238,-0.648
0.1,10.8,48,1.4679,-426.2859,-0.7101
0.1,11.0,48,1.4762,-426.349,-0.7732
0.1,11.2,48,1.4841,-426.4129,-0.8371
0.1,11.4,48,1.4917,-426.4775,-0.9017
0.1,11.6,48,1.499,-426.5425,-0.9667
0.1,11.8,48,1.5059,-426.6077,-1.0319
0.1,12.0,48,1.5125,-426.6731,-1.0973
0.1,12.2,48,1.5189,-426.7385,-1.1626
0.1,12.4,48,1.5249,-426.8036,-1.2278
0.1,12.6,48,1.5308,-426.8685,-1.2927
0.1,12.8,48,1.5363,-426.933,-1.3572
0.1,13.0,48,1.5416,-426.997,-1.4211
0.1,13.2,48,1.5467,-427.0604,-1.4845
0.1,13.4,48,1.5516,-427.1231,-1.5472
0.1,13.6,48,1.5563,-427.185,-1.6092
0.1,13.8,48,1.5608,-427.2461,-1.6703
0.1,14.0,48,1.5651,-427.3064,-1.7306
0.1,14.2,48,1.5693,-427.3657,-1.7899
0.1,14.4,48,1.5732,-427.424,-1.8482
0.1,14.6,48,1.5771,-427.4813,-1.9055
0.1,14.8,48,1.5807,-427.5376,-1.9618
0.1,15.0,48,1.5842,-427.5927,-2.0169
0.1,15.2,48,1.5876,-427.6468,-2.071
0.1,15.4,48,1.5909,-427.6997,-2.1239
0.1,15.6,48,1.594,-427.7515,-2.1756
0.1,15.8,48,1.597,-427.8021,-2.2263
0.1,16.0,48,1.5999,-427.8515,-2.2757
0.11,0.4,48,0.2286,-430.4069,-4.8311
0.11,0.6,48,0.2534,-429.6805,-4.1047
0.11,0.8,48,0.2794,-429.0973,-3.5215
0.11,1.0,48,0.3065,-428.6335,-3.0577
0.11,1.2,48,0.3348,-428.2668,-2.6909
0.11,1.4,48,0.364,-427.9771,-2.4013
0.11,1.6,48,0.3941,-427.7466,-2.1708
0.11,1.8,48,0.4249,-427.5602,-1.9844
0.11,2.0,48,0.4564,-427.4054,-1.8296
0.11,2.2,48,0.4883,-427.2722,-1.6964
0.11,2.4,48,0.5206,-427.1532,-1.5774
0.11,2.6,48,0.5531,-427.0431,-1.4673
0.11,2.8,48,0.5857,-426.9382,-1.3623
0.11,3.0,48,0.6183,-426.8361,-1.2603
0.11,3.2,48,0.6507,-426.7356,-1.1598
0.11,3.4,48,0.6828,-426.6363,-1.0604
0.11,3.6,48,0.7145,-426.5379,-0.9621
0.11,3.8,48,0.7457,-426.4411,-0.8653
0.11,4.0,48,0.7763,-426.3463,-0.7705
0.11,4.2,48,0.8063,-426.2543,-0.6785
0.11,4.4,48,0.8356,-426.1659,-0.5901
0.11,4.6,48,0.8641,-426.0819,-0.506
0.11,4.8,48,0.8919,-426.0029,-0.4271
0.11,5.0,48,0.9187,-425.9296,-0.3538
0.11,5.2,48,0.9447,-425.8626,-0.2867
0.11,5.4,48,0.9698,-425.8021,-0.2263
0.11,5.6,48,0.9941,-425.7487,-0.1729
0.11,5.8,48,1.0174,-425.7024,-0.1266
0.11,6.0,48,1.0398,-425.6634,-0.0876
0.11,6.2,48,1.0613,-425.6317,-0.0559
0.11,6.4,48,1.082,-425.6073,-0.0314
0.11,6.6,48,1.1017,-425.5899,-0.0141
0.11,6.8,48,1.1207,-425.5795,-0.0037
0.11,7.0,48,1.1388,-425.5758,0.0
0.11,7.2,48,1.1561,-425.5786,-0.0027
0.11,7.4,48,1.1727,-425.5874,-0.0116
0.11,7.6,48,1.1885,-425.6021,-0.0263
0.11,7.8,48,1.2036,-425.6223,-0.0465
0.11,8.0,48,1.2179,-425.6476,-0.0717
0.11,8.2,48,1.2317,-425.6776,-0.1018
0.11,8.4,48,1.2448,-425.7121,-0.1363
0.11,8.6,48,1.2573,-425.7507,-0.1749
0.11,8.8,48,1.2692,-425.793,-0.2171
0.11,9.0,48,1.2805,-425.8386,-0.2628
0.11,9.2,48,1.2913,-425.8874,-0.3115
0.11,9.4,48,1.3016,-425.9388,-0.363
0.11,9.6,48,1.3115,-425.9927,-0.4169
0.11,9.8,48,1.3208,-426.0488,-0.473
0.11,10.0,48,1.3298,-426.1067,-0.5309
0.11,10.2,48,1.3383,-426.1662,-0.5904
0.11,10.4,48,1.3464,-426.2271,-0.6513
0.11,10.6,48,1.3542,-426.2892,-0.7133
0.11,10.8,48,1.3616,-426.3521,-0.7763
0.11,11.0,48,1.3686,-426.4158,-0.8399
0.11,11.2,48,1.3754,-426.4799,-0.9041
0.11,11.4,48,1.3818,-426.5444,-0.9686
0.11,11.6,48,1.3879,-426.6091,-1.0333
0.11,11.8,48,1.3938,-426.6738,-1.098
0.11,12.0,48,1.3994,-426.7384,-1.1625
0.11,12.2,48,1.4048,-426.8027,-1.2269
0.11,12.4,48,1.4099,-426.8667,-1.2909
0.11,12.6,48,1.4148,-426.9302,-1.3544
0.11,12.8,48,1.4195,-426.9931,-1.4173
0.11,13.0,48,1.424,-427.0554,-1.4796
0.11,13.2,48,1.4283,-427.117,-1.5412
0.11,13.4,48,1.4325,-427.1778,-1.6019
0.11,13.6,48,1.4364,-427.2377,-1.6619
0.11,13.8,48,1.4402,-427.2967,-1.7208
0.11,14.0,48,1.4438,-427.3547,-1.7789
0.11,14.2,48,1.4473,-427.4117,-1.8359
0.11,14.4,48,1.4506,-427.4677,-1.8918
0.11,14.6,48,1.4539,-427.5226,-1.9467
0.11,14.8,48,1.4569,-427.5764,-2.0005
0.11,15.0,48,1.4599,-427.629,-2.0532
0.11,15.2,48,1.4627,-427.6805,-2.1047
0.11,15.4,48,1.4655,-427.7309,-2.1551
0.11,15.6,48,1.4681,-427.7801,-2.2043
0.11,15.8,48,1.4706,-427.8282,-2.2524
0.11,16.0,48,1.473,-427.8751,-2.2992
0.12,0.4,48,0.228,-430.431,-4.8552
0.12,0.6,48,0.2523,-429.7125,-4.1367
0.12,0.8,48,0.2777,-429.1343,-3.5585
0.12,1.0,48,0.3042,-428.6721,-3.0963
0.12,1.2,48,0.3317,-428.3038,-2.728
0.12,1.4,48,0.36,-428.0095,-2.4337
0.12,1.6,48,0.3891,-427.7718,-2.196
0.12,1.8,48,0.4187,-427.5761,-2.0003
0.12,2.0,48,0.4489,-427.4107,-1.8348
0.12,2.2,48,0.4793,-427.2662,-1.6904
0.12,2.4,48,0.51,-427.1359,-1.5601
0.12,2.6,48,0.5408,-427.015,-1.4392
0.12,2.8,48,0.5716,-426.9002,-1.3244
0.12,3.0,48,0.6022,-426.7895,-1.2137
0.12,3.2,48,0.6325,-426.6819,-1.1061
0.12,3.4,48,0.6624,-426.577,-1.0012
0.12,3.6,48,0.6919,-426.4748,-0.899
0.12,3.8,48,0.7207,-426.3757,-0.7999
0.12,4.0,48,0.749,-426.2802,-0.7044
0.12,4.2,48,0.7766,-426.1891,-0.6133
0.12,4.4,48,0.8034,-426.1029,-0.5271
0.12,4.6,48,0.8294,-426.0223,-0.4465
0.12,4.8,48,0.8546,-425.9478,-0.372
0.12,5.0,48,0.879,-425.88,-0.3042
0.12,5.2,48,0.9025,-425.8191,-0.2433
0.12,5.4,48,0.9251,-425.7655,-0.1896
0.12,5.6,48,0.9469,-425.7192,-0.1434
0.12,5.8,48,0.9677,-425.6805,-0.1046
0.12,6.0,48,0.9878,-425.6492,-0.0734
0.12,6.2,48,1.0069,-425.6253,-0.0495
0.12,6.4,48,1.0253,-425.6086,-0.0328
0.12,6.6,48,1.0428,-425.599,-0.0231
0.12,6.8,48,1.0596,-425.5961,-0.0202
0.12,7.0,48,1.0756,-425.5996,-0.0238
0.12,7.2,48,1.0909,-425.6093,-0.0335
0.12,7.4,48,1.1054,-425.6249,-0.049
0.12,7.6,48,1.1193,-425.6458,-0.07
0.12,7.8,48,1.1325,-425.6719,-0.0961
0.12,8.0,48,1.1451,-425.7027,-0.1269
0.12,8.2,48,1.1571,-425.7379,-0.162
0.12,8.4,48,1.1685,-425.777,-0.2012
0.12,8.6,48,1.1794,-425.8198,-0.244
0.12,8.8,48,1.1897,-425.8659,-0.2901
0.12,9.0,48,1.1996,-425.915,-0.3392
0.12,9.2,48,1.2089,-425.9667,-0.3909
0.12,9.4,48,1.2179,-426.0208,-0.445
0.12,9.6,48,1.2264,-426.077,-0.5011
0.12,9.8,48,1.2345,-426.1349,-0.559
0.12,10.0,48,1.2422,-426.1943,-0.6185
0.12,10.2,48,1.2495,-426.255,-0.6792
0.12,10.4,48,1.2565,-426.3167,-0.7409
0.12,10.6,48,1.2632,-426.3793,-0.8035
0.12,10.8,48,1.2696,-426.4425,-0.8667
0.12,11.0,48,1.2757,-426.5061,-0.9303
0.12,11.2,48,1.2814,-426.57,-0.9942
0.12,11.4,48,1.287,-426.634,-1.0582
0.12,11.6,48,1.2922,-426.698,-1.1222
0.12,11.8,48,1.2973,-426.7618,-1.186
0.12,12.0,48,1.3021,-426.8253,-1.2494
0.12,12.2,48,1.3067,-426.8883,-1.3125
0.12,12.4,48,1.3111,-426.9509,-1.3751
0.12,12.6,48,1.3152,-427.0128,-1.437
0.12,12.8,48,1.3193,-427.0741,-1.4983
0.12,13.0,48,1.3231,-427.1346,-1.5587
0.12,13.2,48,1.3268,-427.1942,-1.6184
0.12,13.4,48,1.3303,-427.253,-1.6772
0.12,13.6,48,1.3337,-427.3108,-1.735
0.12,13.8,48,1.3369,-427.3677,-1.7918
0.12,14.0,48,1.34,-427.4235,-1.8476
0.12,14.2,48,1.3429,-427.4782,-1.9024
0.12,14.4,48,1.3458,-427.5319,-1.9561
0.12,14.6,48,1.3485,-427.5844,-2.0086
0.12,14.8,48,1.3511,-427.6359,-2.0601
0.12,15.0,48,1.3536,-427.6862,-2.1103
0.12,15.2,48,1.3561,-427.7353,-2.1595
0.12,15.4,48,1.3584,-427.7833,-2.2075
0.12,15.6,48,1.3606,-427.8301,-2.2543
0.12,15.8,48,1.3628,-427.8757,-2.2999
0.12,16.0,48,1.3648,-427.9202,-2.3444
0.13,0.4,48,0.2274,-430.455,-4.8792
0.13,0.6,48,0.2512,-429.7446,-4.1687
0.13,0.8,48,0.2761,-429.1715,-3.5957
0.13,1.0,48,0.3019,-428.7114,-3.1356
0.13,1.2,48,0.3286,-428.3422,-2.7664
0.13,1.4,48,0.3561,-428.0442,-2.4684
0.13,1.6,48,0.3841,-427.8007,-2.2249
0.13,1.8,48,0.4127,-427.5975,-2.0217
0.13,2.0,48,0.4416,-427.4234,-1.8476
0.13,2.2,48,0.4707,-427.27,-1.6942
0.13,2.4,48,0.4999,-427.1309,-1.5551
0.13,2.6,48,0.5291,-427.0018,-1.426
0.13,2.8,48,0.5581,-426.8798,-1.304
0.13,3.0,48,0.5869,-426.7631,-1.1873
0.13,3.2,48,0.6153,-426.6508,-1.075
0.13,3.4,48,0.6432,-426.5427,-0.9668
0.13,3.6,48,0.6706,-426.4387,-0.8629
0.13,3.8,48,0.6974,-426.3393,-0.7634
0.13,4.0,48,0.7235,-426.2448,-0.669
0.13,4.2,48,0.7489,-426.156,-0.5801
0.13,4.4,48,0.7735,-426.0731,-0.4973
0.13,4.6,48,0.7974,-425.9969,-0.421
0.13,4.8,48,0.8204,-425.9276,-0.3517
0.13,5.0,48,0.8425,-425.8655,-0.2897
0.13,5.2,48,0.8638,-425.811,-0.2352
0.13,5.4,48,0.8843,-425.7641,-0.1883
0.13,5.6,48,0.9039,-425.7249,-0.1491
0.13,5.8,48,0.9227,-425.6934,-0.1175
0.13,6.0,48,0.9407,-425.6693,-0.0935
0.13,6.2,48,0.9579,-425.6526,-0.0768
0.13,6.4,48,0.9743,-425.643,-0.0672
0.13,6.6,48,0.9899,-425.6403,-0.0644
0.13,6.8,48,1.0048,-425.644,-0.0682
0.13,7.0,48,1.0191,-425.654,-0.0781
0.13,7.2,48,1.0326,-425.6697,-0.0939
0.13,7.4,48,1.0455,-425.6909,-0.1151
0.13,7.6,48,1.0577,-425.7173,-0.1414
0.13,7.8,48,1.0694,-425.7483,-0.1724
0.13,8.0,48,1.0805,-425.7836,-0.2078
0.13,8.2,48,1.091,-425.8229,-0.2471
0.13,8.4,48,1.101,-425.8658,-0.29
0.13,8.6,48,1.1106,-425.912,-0.3362
0.13,8.8,48,1.1196,-425.9611,-0.3852
0.13,9.0,48,1.1283,-426.0127,-0.4369
0.13,9.2,48,1.1365,-426.0667,-0.4908
0.13,9.4,48,1.1443,-426.1226,-0.5468
0.13,9.6,48,1.1517,-426.1803,-0.6044
0.13,9.8,48,1.1587,-426.2394,-0.6636
0.13,10.0,48,1.1654,-426.2997,-0.7239
0.13,10.2,48,1.1718,-426.361,-0.7852
0.13,10.4,48,1.1779,-426.4231,-0.8472
0.13,10.6,48,1.1837,-426.4857,-0.9099
0.13,10.8,48,1.1892,-426.5487,-0.9729
0.13,11.0,48,1.1945,-426.6119,-1.0361
0.13,11.2,48,1.1995,-426.6752,-1.0994
0.13,11.4,48,1.2043,-426.7384,-1.1625
0.13,11.6,48,1.2089,-426.8013,-1.2255
0.13,11.8,48,1.2132,-426.864,-1.2881
0.13,12.0,48,1.2174,-426.9261,-1.3503
0.13,12.2,48,1.2213,-426.9877,-1.4119
0.13,12.4,48,1.2251,-427.0487,-1.4729
0.13,12.6,48,1.2288,-427.109,-1.5332
0.13,12.8,48,1.2322,-427.1685,-1.5926
0.13,13.0,48,1.2355,-427.2271,-1.6513
0.13,13.2,48,1.2387,-427.2848,-1.709
0.13,13.4,48,1.2417,-427.3415,-1.7657
0.13,13.6,48,1.2446,-427.3973,-1.8215
0.13,13.8,48,1.2474,-427.452,-1.8762
0.13,14.0,48,1.2501,-427.5057,-1.9298
0.13,14.2,48,1.2526,-427.5582,-1.9824
0.13,14.4,48,1.2551,-427.6097,-2.0339
0.13,14.6,48,1.2574,-427.66,-2.0842
0.13,14.8,48,1.2597,-427.7092,-2.1334
0.13,15.0,48,1.2618,-427.7572,-2.1814
0.13,15.2,48,1.2639,-427.8041,-2.2283
0.13,15.4,48,1.2659,-427.8498,-2.274
0.13,15.6,48,1.2678,-427.8944,-2.3186
0.13,15.8,48,1.2696,-427.9378,-2.362
0.13,16.0,48,1.2714,-427.9801,-2.4042
0.14,0.4,48,0.2267,-430.4791,-4.9033
0.14,0.6,48,0.2501,-429.7767,-4.2009
0.14,0.8,48,0.2745,-429.2089,-3.6331
0.14,1.0,48,0.2997,-428.7513,-3.1755
0.14,1.2,48,0.3257,-428.3818,-2.806
0.14,1.4,48,0.3522,-428.0811,-2.5053
0.14,1.6,48,0.3793,-427.8329,-2.2571
0.14,1.8,48,0.4068,-427.6237,-2.0478
0.14,2.0,48,0.4345,-427.4428,-1.867
0.14,2.2,48,0.4623,-427.2824,-1.7065
0.14,2.4,48,0.4901,-427.1366,-1.5607
0.14,2.6,48,0.5178,-427.0014,-1.4255
0.14,2.8,48,0.5452,-426.8742,-1.2984
0.14,3.0,48,0.5723,-426.7535,-1.1777
0.14,3.2,48,0.599,-426.6385,-1.0627
0.14,3.4,48,0.6251,-426.5289,-0.9531
0.14,3.6,48,0.6507,-426.4248,-0.849
0.14,3.8,48,0.6756,-426.3265,-0.7507
0.14,4.0,48,0.6998,-426.2343,-0.6584
0.14,4.2,48,0.7232,-426.1486,-0.5728
0.14,4.4,48,0.7458,-426.0699,-0.4941
0.14,4.6,48,0.7677,-425.9985,-0.4227
0.14,4.8,48,0.7887,-425.9347,-0.3589
0.14,5.0,48,0.809,-425.8786,-0.3028
0.14,5.2,48,0.8284,-425.8304,-0.2546
0.14,5.4,48,0.8469,-425.7901,-0.2143
0.14,5.6,48,0.8647,-425.7576,-0.1818
0.14,5.8,48,0.8817,-425.7328,-0.157
0.14,6.0,48,0.8979,-425.7154,-0.1396
0.14,6.2,48,0.9134,-425.7053,-0.1295
0.14,6.4,48,0.9281,-425.7021,-0.1263
0.14,6.6,48,0.9421,-425.7055,-0.1296
0.14,6.8,48,0.9555,-425.7151,-0.1393
0.14,7.0,48,0.9681,-425.7306,-0.1548
0.14,7.2,48,0.9802,-425.7516,-0.1757
0.14,7.4,48,0.9917,-425.7777,-0.2018
0.14,7.6,48,1.0026,-425.8085,-0.2326
0.14,7.8,48,1.0129,-425.8436,-0.2678
0.14,8.0,48,1.0227,-425.8827,-0.3068
0.14,8.2,48,1.0321,-425.9253,-0.3495
0.14,8.4,48,1.0409,-425.9712,-0.3954
0.14,8.6,48,1.0494,-426.02,-0.4441
0.14,8.8,48,1.0574,-426.0713,-0.4955
0.14,9.0,48,1.065,-426.1249,-0.5491
0.14,9.2,48,1.0722,-426.1804,-0.6046
0.14,9.4,48,1.079,-426.2376,-0.6618
0.14,9.6,48,1.0855,-426.2963,-0.7204
0.14,9.8,48,1.0917,-426.356,-0.7802
0.14,10.0,48,1.0976,-426.4168,-0.8409
0.14,10.2,48,1.1032,-426.4782,-0.9024
0.14,10.4,48,1.1086,-426.5402,-0.9644
0.14,10.6,48,1.1136,-426.6025,-1.0267
0.14,10.8,48,1.1185,-426.665,-1.0892
0.14,11.0,48,1.1231,-426.7275,-1.1517
0.14,11.2,48,1.1275,-426.7899,-1.2141
0.14,11.4,48,1.1316,-426.8521,-1.2762
0.14,11.6,48,1.1356,-426.9138,-1.338
0.14,11.8,48,1.1394,-426.9751,-1.3993
0.14,12.0,48,1.143,-427.0358,-1.46
0.14,12.2,48,1.1465,-427.0959,-1.5201
0.14,12.4,48,1.1498,-427.1552,-1.5794
0.14,12.6,48,1.1529,-427.2137,-1.6379
0.14,12.8,48,1.1559,-427.2714,-1.6956
0.14,13.0,48,1.1588,-427.3281,-1.7523
0.14,13.2,48,1.1616,-427.3839,-1.8081
0.14,13.4,48,1.1642,-427.4387,-1.8628
0.14,13.6,48,1.1667,-427.4924,-1.9165
0.14,13.8,48,1.1691,-427.545,-1.9692
0.14,14.0,48,1.1715,-427.5966,-2.0208
0.14,14.2,48,1.1737,-427.647,-2.0712
0.14,14.4,48,1.1758,-427.6963,-2.1205
0.14,14.6,48,1.1778,-427.7445,-2.1687
0.14,14.8,48,1.1798,-427.7916,-2.2158
0.14,15.0,48,1.1816,-427.8375,-2.2616
0.14,15.2,48,1.1834,-427.8822,-2.3064
0.14,15.4,48,1.1852,-427.9258,-2.35
0.14,15.6,48,1.1868,-427.9683,-2.3925
0.14,15.8,48,1.1884,-428.0096,-2.4338
0.14,16.0,48,1.19,-428.0498,-2.474
0.15,0.4,48,0.2261,-430.5031,-4.9273
0.15,0.6,48,0.2491,-429.8089,-4.233
0.15,0.8,48,0.2729,-429.2466,-3.6708
0.15,1.0,48,0.2975,-428.7918,-3.2159
0.15,1.2,48,0.3227,-428.4225,-2.8467
0.15,1.4,48,0.3485,-428.12,-2.5441
0.15,1.6,48,0.3746,-427.8681,-2.2923
0.15,1.8,48,0.4011,-427.6541,-2.0783
0.15,2.0,48,0.4276,-427.468,-1.8922
0.15,2.2,48,0.4542,-427.3022,-1.7264
0.15,2.4,48,0.4807,-427.1514,-1.5755
0.15,2.6,48,0.507,-427.0119,-1.436
0.15,2.8,48,0.5329,-426.8813,-1.3055
0.15,3.0,48,0.5585,-426.7583,-1.1825
0.15,3.2,48,0.5835,-426.6421,-1.0663
0.15,3.4,48,0.608,-426.5324,-0.9566
0.15,3.6,48,0.6319,-426.4294,-0.8536
0.15,3.8,48,0.655,-426.3331,-0.7573
0.15,4.0,48,0.6775,-426.2439,-0.6681
0.15,4.2,48,0.6992,-426.1621,-0.5863
0.15,4.4,48,0.7201,-426.088,-0.5122
0.15,4.6,48,0.7402,-426.0218,-0.4459
0.15,4.8,48,0.7595,-425.9635,-0.3877
0.15,5.0,48,0.778,-425.9134,-0.3376
0.15,5.2,48,0.7957,-425.8714,-0.2956
0.15,5.4,48,0.8126,-425.8373,-0.2615
0.15,5.6,48,0.8288,-425.8111,-0.2353
0.15,5.8,48,0.8442,-425.7926,-0.2167
0.15,6.0,48,0.8588,-425.7813,-0.2055
0.15,6.2,48,0.8728,-425.7771,-0.2013
0.15,6.4,48,0.8861,-425.7796,-0.2038
0.15,6.6,48,0.8987,-425.7884,-0.2126
0.15,6.8,48,0.9107,-425.8032,-0.2274
0.15,7.0,48,0.9221,-425.8235,-0.2477
0.15,7.2,48,0.9329,-425.849,-0.2731
0.15,7.4,48,0.9432,-425.8792,-0.3033
0.15,7.6,48,0.9529,-425.9137,-0.3379
0.15,7.8,48,0.9621,-425.9522,-0.3764
0.15,8.0,48,0.9709,-425.9944,-0.4185
0.15,8.2,48,0.9792,-426.0397,-0.4639
0.15,8.4,48,0.9871,-426.0879,-0.5121
0.15,8.6,48,0.9945,-426.1387,-0.5629
0.15,8.8,48,1.0016,-426.1917,-0.6159
0.15,9.0,48,1.0084,-426.2467,-0.6708
0.15,9.2,48,1.0148,-426.3033,-0.7275
0.15,9.4,48,1.0208,-426.3613,-0.7854
0.15,9.6,48,1.0266,-426.4204,-0.8446
0.15,9.8,48,1.0321,-426.4805,-0.9046
0.15,10.0,48,1.0373,-426.5412,-0.9654
0.15,10.2,48,1.0422,-426.6025,-1.0267
0.15,10.4,48,1.0469,-426.6641,-1.0882
0.15,10.6,48,1.0514,-426.7258,-1.15
0.15,10.8,48,1.0556,-426.7875,-1.2117
0.15,11.0,48,1.0597,-426.8491,-1.2733
0.15,11.2,48,1.0636,-426.9105,-1.3346
0.15,11.4,48,1.0672,-426.9714,-1.3956
0.15,11.6,48,1.0707,-427.0318,-1.456
0.15,11.8,48,1.0741,-427.0917,-1.5159
0.15,12.0,48,1.0772,-427.1509,-1.5751
0.15,12.2,48,1.0803,-427.2093,-1.6335
0.15,12.4,48,1.0832,-427.2669,-1.6911
0.15,12.6,48,1.0859,-427.3237,-1.7479
0.15,12.8,48,1.0886,-427.3795,-1.8037
0.15,13.0,48,1.0911,-427.4344,-1.8585
0.15,13.2,48,1.0935,-427.4882,-1.9124
0.15,13.4,48,1.0958,-427.541,-1.9652
0.15,13.6,48,1.098,-427.5928,-2.0169
0.15,13.8,48,1.1001,-427.6434,-2.0676
0.15,14.0,48,1.1021,-427.693,-2.1171
0.15,14.2,48,1.1041,-427.7414,-2.1655
0.15,14.4,48,1.1059,-427.7887,-2.2128
0.15,14.6,48,1.1077,-427.8348,-2.259
0.15,14.8,48,1.1094,-427.8798,-2.304
0.15,15.0,48,1.1111,-427.9237,-2.3479
0.15,15.2,48,1.1126,-427.9665,-2.3906
0.15,15.4,48,1.1141,-428.0081,-2.4322
0.15,15.6,48,1.1156,-428.0486,-2.4727
0.15,15.8,48,1.117,-428.0879,-2.5121
0.15,16.0,48,1.1183,-428.1262,-2.5504
0.16,0.4,48,0.2255,-430.5271,-4.9513
0.16,0.6,48,0.248,-429.8411,-4.2653
0.16,0.8,48,0.2713,-429.2845,-3.7087
0.16,1.0,48,0.2953,-428.8328,-3.2569
0.16,1.2,48,0.3198,-428.4643,-2.8885
0.16,1.4,48,0.3448,-428.1605,-2.5847
0.16,1.6,48,0.3701,-427.9061,-2.3302
0.16,1.8,48,0.3955,-427.6885,-2.1127
0.16,2.0,48,0.421,-427.4983,-1.9225
0.16,2.2,48,0.4464,-427.3286,-1.7528
0.16,2.4,48,0.4717,-427.1742,-1.5984
0.16,2.6,48,0.4966,-427.0318,-1.456
0.16,2.8,48,0.5212,-426.8992,-1.3234
0.16,3.0,48,0.5453,-426.7752,-1.1994
0.16,3.2,48,0.5689,-426.659,-1.0832
0.16,3.4,48,0.5918,-426.5503,-0.9745
0.16,3.6,48,0.6141,-426.4492,-0.8734
0.16,3.8,48,0.6357,-426.3558,-0.78
0.16,4.0,48,0.6566,-426.2702,-0.6944
0.16,4.2,48,0.6767,-426.1927,-0.6168
0.16,4.4,48,0.696,-426.1233,-0.5475
0.16,4.6,48,0.7145,-426.0623,-0.4865
0.16,4.8,48,0.7323,-426.0097,-0.4339
0.16,5.0,48,0.7493,-425.9653,-0.3895
0.16,5.2,48,0.7655,-425.9292,-0.3534
0.16,5.4,48,0.781,-425.9011,-0.3252
0.16,5.6,48,0.7957,-425.8807,-0.3049
0.16,5.8,48,0.8097,-425.8679,-0.2921
0.16,6.0,48,0.823,-425.8622,-0.2864
0.16,6.2,48,0.8357,-425.8634,-0.2875
0.16,6.4,48,0.8477,-425.8709,-0.2951
0.16,6.6,48,0.8591,-425.8846,-0.3087
0.16,6.8,48,0.87,-425.9038,-0.328
0.16,7.0,48,0.8802,-425.9283,-0.3525
0.16,7.2,48,0.8899,-425.9576,-0.3817
0.16,7.4,48,0.8992,-425.9912,-0.4154
0.16,7.6,48,0.9079,-426.0289,-0.4531
0.16,7.8,48,0.9162,-426.0702,-0.4944
0.16,8.0,48,0.924,-426.1148,-0.539
0.16,8.2,48,0.9315,-426.1623,-0.5864
0.16,8.4,48,0.9385,-426.2123,-0.6365
0.16,8.6,48,0.9452,-426.2646,-0.6887
0.16,8.8,48,0.9515,-426.3188,-0.7429
0.16,9.0,48,0.9575,-426.3746,-0.7988
0.16,9.2,48,0.9632,-426.4319,-0.8561
0.16,9.4,48,0.9686,-426.4903,-0.9145
0.16,9.6,48,0.9737,-426.5496,-0.9738
0.16,9.8,48,0.9786,-426.6096,-1.0338
0.16,10.0,48,0.9832,-426.6701,-1.0943
0.16,10.2,48,0.9876,-426.7309,-1.1551
0.16,10.4,48,0.9918,-426.7919,-1.216
0.16,10.6,48,0.9957,-426.8528,-1.277
0.16,10.8,48,0.9995,-426.9136,-1.3378
0.16,11.0,48,1.0031,-426.9741,-1.3983
0.16,11.2,48,1.0065,-427.0342,-1.4584
0.16,11.4,48,1.0098,-427.0938,-1.518
0.16,11.6,48,1.0128,-427.1529,-1.5771
0.16,11.8,48,1.0158,-427.2112,-1.6354
0.16,12.0,48,1.0186,-427.2688,-1.693
0.16,12.2,48,1.0213,-427.3256,-1.7498
0.16,12.4,48,1.0238,-427.3815,-1.8057
0.16,12.6,48,1.0263,-427.4365,-1.8607
0.16,12.8,48,1.0286,-427.4905,-1.9147
0.16,13.0,48,1.0308,-427.5435,-1.9677
0.16,13.2,48,1.033,-427.5955,-2.0197
0.16,13.4,48,1.035,-427.6464,-2.0706
0.16,13.6,48,1.0369,-427.6962,-2.1204
0.16,13.8,48,1.0388,-427.7449,-2.1691
0.16,14.0,48,1.0406,-427.7925,-2.2167
0.16,14.2,48,1.0423,-427.839,-2.2632
0.16,14.4,48,1.0439,-427.8844,-2.3086
0.16,14.6,48,1.0455,-427.9286,-2.3528
0.16,14.8,48,1.047,-427.9717,-2.3959
0.16,15.0,48,1.0484,-428.0137,-2.4379
0.16,15.2,48,1.0498,-428.0546,-2.4787
0.16,15.4,48,1.0511,-428.0943,-2.5185
0.16,15.6,48,1.0524,-428.1329,-2.5571
0.16,15.8,48,1.0536,-428.1705,-2.5947
0.16,16.0,48,1.0548,-428.207,-2.6312
0.17,0.4,48,0.2248,-430.5512,-4.9753
0.17,0.6,48,0.247,-429.8734,-4.2976
0.17,0.8,48,0.2698,-429.3226,-3.7467
0.17,1.0,48,0.2932,-428.8742,-3.2984
0.17,1.2,48,0.317,-428.507,-2.9312
0.17,1.4,48,0.3412,-428.2027,-2.6269
0.17,1.6,48,0.3656,-427.9464,-2.3706
0.17,1.8,48,0.3901,-427.7263,-2.1505
0.17,2.0,48,0.4146,-427.5333,-1.9574
0.17,2.2,48,0.4389,-427.3607,-1.7849
0.17,2.4,48,0.463,-427.204,-1.6282
0.17,2.6,48,0.4867,-427.0599,-1.4841
0.17,2.8,48,0.51,-426.9265,-1.3507
0.17,3.0,48,0.5327,-426.8025,-1.2266
0.17,3.2,48,0.5549,-426.6872,-1.1113
0.17,3.4,48,0.5765,-426.5803,-1.0045
0.17,3.6,48,0.5973,-426.4818,-0.906
0.17,3.8,48,0.6175,-426.3917,-0.8159
0.17,4.0,48,0.6369,-426.3101,-0.7343
0.17,4.2,48,0.6556,-426.2371,-0.6612
0.17,4.4,48,0.6735,-426.1726,-0.5968
0.17,4.6,48,0.6906,-426.1169,-0.541
0.17,4.8,48,0.707,-426.0696,-0.4938
0.17,5.0,48,0.7226,-426.0308,-0.455
0.17,5.2,48,0.7375,-426.0003,-0.4244
0.17,5.4,48,0.7517,-425.9777,-0.4018
0.17,5.6,48,0.7652,-425.9627,-0.3869
0.17,5.8,48,0.778,-425.9552,-0.3793
0.17,6.0,48,0.7901,-425.9545,-0.3787
0.17,6.2,48,0.8016,-425.9605,-0.3846
0.17,6.4,48,0.8125,-425.9726,-0.3967
0.17,6.6,48,0.8229,-425.9904,-0.4146
0.17,6.8,48,0.8327,-426.0135,-0.4377
0.17,7.0,48,0.842,-426.0416,-0.4657
0.17,7.2,48,0.8508,-426.0741,-0.4983
0.17,7.4,48,0.8591,-426.1107,-0.5348
0.17,7.6,48,0.867,-426.1509,-0.5751
0.17,7.8,48,0.8744,-426.1945,-0.6187
0.17,8.0,48,0.8815,-426.241,-0.6652
0.17,8.2,48,0.8882,-426.2901,-0.7143
0.17,8.4,48,0.8945,-426.3415,-0.7657
0.17,8.6,48,0.9005,-426.3949,-0.819
0.17,8.8,48,0.9061,-426.4499,-0.874
0.17,9.0,48,0.9115,-426.5063,-0.9305
0.17,9.2,48,0.9166,-426.5639,-0.988
0.17,9.4,48,0.9215,-426.6224,-1.0465
0.17,9.6,48,0.926,-426.6816,-1.1057
0.17,9.8,48,0.9304,-426.7412,-1.1654
0.17,10.0,48,0.9345,-426.8012,-1.2254
0.17,10.2,48,0.9384,-426.8614,-1.2856
0.17,10.4,48,0.9421,-426.9215,-1.3457
0.17,10.6,48,0.9457,-426.9815,-1.4057
0.17,10.8,48,0.949,-427.0413,-1.4654
0.17,11.0,48,0.9522,-427.1006,-1.5248
0.17,11.2,48,0.9553,-427.1594,-1.5836
0.17,11.4,48,0.9582,-427.2176,-1.6418
0.17,11.6,48,0.9609,-427.2752,-1.6994
0.17,11.8,48,0.9635,-427.332,-1.7562
0.17,12.0,48,0.966,-427.388,-1.8122
0.17,12.2,48,0.9684,-427.4431,-1.8673
0.17,12.4,48,0.9707,-427.4973,-1.9215
0.17,12.6,48,0.9728,-427.5505,-1.9747
0.17,12.8,48,0.9749,-427.6028,-2.027
0.17,13.0,48,0.9769,-427.654,-2.0782
0.17,13.2,48,0.9788,-427.7041,-2.1283
0.17,13.4,48,0.9806,-427.7532,-2.1774
0.17,13.6,48,0.9823,-427.8012,-2.2253
0.17,13.8,48,0.984,-427.848,-2.2722
0.17,14.0,48,0.9855,-427.8938,-2.318
0.17,14.2,48,0.987,-427.9384,-2.3626
0.17,14.4,48,0.9885,-427.9819,-2.4061
0.17,14.6,48,0.9899,-428.0243,-2.4485
0.17,14.8,48,0.9912,-428.0656,-2.4898
0.17,15.0,48,0.9925,-428.1058,-2.53
0.17,15.2,48,0.9937,-428.1449,-2.5691
0.17,15.4,48,0.9949,-428.1829,-2.6071
0.17,15.6,48,0.996,-428.2198,-2.644
0.17,15.8,48,0.9971,-428.2557,-2.6798
0.17,16.0,48,0.9981,-428.2905,-2.7146
0.18,0.4,48,0.2242,-430.5752,-4.9994
0.18,0.6,48,0.2459,-429.9057,-4.3299
0.18,0.8,48,0.2682,-429.3608,-3.785
0.18,1.0,48,0.291,-428.9162,-3.3403
0.18,1.2,48,0.3142,-428.5506,-2.9748
0.18,1.4,48,0.3377,-428.2464,-2.6706
0.18,1.6,48,0.3613,-427.989,-2.4132
0.18,1.8,48,0.3849,-427.7672,-2.1914
0.18,2.0,48,0.4083,-427.5722,-1.9964
0.18,2.2,48,0.4316,-427.3979,-1.8221
0.18,2.4,48,0.4546,-427.2399,-1.6641
0.18,2.6,48,0.4771,-427.0951,-1.5193
0.18,2.8,48,0.4992,-426.9617,-1.3859
0.18,3.0,48,0.5207,-426.8385,-1.2627
0.18,3.2,48,0.5416,-426.7249,-1.1491
0.18,3.4,48,0.5619,-426.6204,-1.0446
0.18,3.6,48,0.5815,-426.525,-0.9492
0.18,3.8,48,0.6003,-426.4386,-0.8628
0.18,4.0,48,0.6184,-426.3612,-0.7854
0.18,4.2,48,0.6358,-426.2928,-0.7169
0.18,4.4,48,0.6524,-426.2333,-0.6575
0.18,4.6,48,0.6683,-426.1826,-0.6068
0.18,4.8,48,0.6834,-426.1406,-0.5648
0.18,5.0,48,0.6978,-426.1071,-0.5313
0.18,5.2,48,0.7115,-426.0818,-0.5059
0.18,5.4,48,0.7245,-426.0643,-0.4885
0.18,5.6,48,0.7369,-426.0543,-0.4785
0.18,5.8,48,0.7486,-426.0515,-0.4757
0.18,6.0,48,0.7597,-426.0554,-0.4796
0.18,6.2,48,0.7702,-426.0656,-0.4898
0.18,6.4,48,0.7802,-426.0817,-0.5059
0.18,6.6,48,0.7896,-426.1032,-0.5274
0.18,6.8,48,0.7985,-426.1298,-0.5539
0.18,7.0,48,0.8069,-426.1608,-0.585
0.18,7.2,48,0.8149,-426.1961,-0.6203
0.18,7.4,48,0.8224,-426.2351,-0.6593
0.18,7.6,48,0.8296,-426.2775,-0.7017
0.18,7.8,48,0.8363,-426.3229,-0.747
0.18,8.0,48,0.8427,-426.3709,-0.7951
0.18,8.2,48,0.8487,-426.4213,-0.8454
0.18,8.4,48,0.8544,-426.4736,-0.8978
0.18,8.6,48,0.8598,-426.5277,-0.9519
0.18,8.8,48,0.8649,-426.5832,-1.0074
0.18,9.0,48,0.8698,-426.6399,-1.064
0.18,9.2,48,0.8743,-426.6975,-1.1216
0.18,9.4,48,0.8787,-426.7558,-1.18
0.18,9.6,48,0.8828,-426.8147,-1.2388
0.18,9.8,48,0.8867,-426.8738,-1.298
0.18,10.0,48,0.8904,-426.9332,-1.3573
0.18,10.2,48,0.8939,-426.9925,-1.4167
0.18,10.4,48,0.8972,-427.0517,-1.4759
0.18,10.6,48,0.9004,-427.1106,-1.5348
0.18,10.8,48,0.9034,-427.1692,-1.5934
0.18,11.0,48,0.9063,-427.2272,-1.6514
0.18,11.2,48,0.909,-427.2847,-1.7089
0.18,11.4,48,0.9116,-427.3415,-1.7657
0.18,11.6,48,0.914,-427.3976,-1.8217
0.18,11.8,48,0.9164,-427.4528,-1.877
0.18,12.0,48,0.9186,-427.5072,-1.9314
0.18,12.2,48,0.9207,-427.5607,-1.9848
0.18,12.4,48,0.9228,-427.6132,-2.0373
0.18,12.6,48,0.9247,-427.6647,-2.0889
0.18,12.8,48,0.9265,-427.7152,-2.1394
0.18,13.0,48,0.9283,-427.7646,-2.1888
0.18,13.2,48,0.93,-427.813,-2.2372
0.18,13.4,48,0.9316,-427.8603,-2.2845
0.18,13.6,48,0.9331,-427.9065,-2.3307
0.18,13.8,48,0.9346,-427.9516,-2.3758
0.18,14.0,48,0.936,-427.9956,-2.4197
0.18,14.2,48,0.9374,-428.0384,-2.4626
0.18,14.4,48,0.9387,-428.0802,-2.5044
0.18,14.6,48,0.9399,-428.1209,-2.5451
0.18,14.8,48,0.9411,-428.1605,-2.5846
0.18,15.0,48,0.9422,-428.1989,-2.6231
0.18,15.2,48,0.9433,-428.2364,-2.6605
0.18,15.4,48,0.9443,-428.2727,-2.6969
0.18,15.6,48,0.9453,-428.308,-2.7322
0.18,15.8,48,0.9463,-428.3422,-2.7664
0.18,16.0,48,0.9472,-428.3755,-2.7997
0.19,0.4,48,0.2236,-430.5992,-5.0234
0.19,0.6,48,0.2449,-429.9381,-4.3622
0.19,0.8,48,0.2667,-429.3992,-3.8234
0.19,1.0,48,0.289,-428.9585,-3.3827
0.19,1.2,48,0.3115,-428.595,-3.0192
0.19,1.4,48,0.3342,-428.2914,-2.7156
0.19,1.6,48,0.357,-428.0336,-2.4578
0.19,1.8,48,0.3797,-427.8108,-2.235
0.19,2.0,48,0.4023,-427.6148,-2.039
0.19,2.2,48,0.4246,-427.4396,-1.8638
0.19,2.4,48,0.4465,-427.2811,-1.7053
0.19,2.6,48,0.4679,-427.1365,-1.5606
0.19,2.8,48,0.4889,-427.0039,-1.4281
0.19,3.0,48,0.5092,-426.8822,-1.3064
0.19,3.2,48,0.529,-426.7708,-1.1949
0.19,3.4,48,0.548,-426.6691,-1.0933
0.19,3.6,48,0.5664,-426.5772,-1.0013
0.19,3.8,48,0.584,-426.4947,-0.9188
0.19,4.0,48,0.601,-426.4216,-0.8457
0.19,4.2,48,0.6171,-426.3578,-0.7819
0.19,4.4,48,0.6326,-426.3031,-0.7273
0.19,4.6,48,0.6473,-426.2574,-0.6816
0.19,4.8,48,0.6613,-426.2204,-0.6446
0.19,5.0,48,0.6746,-426.1919,-0.616
0.19,5.2,48,0.6873,-426.1714,-0.5956
0.19,5.4,48,0.6993,-426.1587,-0.5829
0.19,5.6,48,0.7106,-426.1533,-0.5775
0.19,5.8,48,0.7214,-426.1548,-0.579
0.19,6.0,48,0.7315,-426.1628,-0.5869
0.19,6.2,48,0.7412,-426.1768,-0.601
0.19,6.4,48,0.7503,-426.1964,-0.6205
0.19,6.6,48,0.7589,-426.2211,-0.6453
0.19,6.8,48,0.767,-426.2505,-0.6747
0.19,7.0,48,0.7747,-426.2842,-0.7084
0.19,7.2,48,0.7819,-426.3218,-0.7459
0.19,7.4,48,0.7888,-426.3628,-0.7869
0.19,7.6,48,0.7952,-426.4069,-0.831
0.19,7.8,48,0.8014,-426.4537,-0.8778
0.19,8.0,48,0.8071,-426.5029,-0.927
0.19,8.2,48,0.8126,-426.5541,-0.9783
0.19,8.4,48,0.8178,-426.6071,-1.0313
0.19,8.6,48,0.8227,-426.6616,-1.0858
0.19,8.8,48,0.8273,-426.7173,-1.1415
0.19,9.0,48,0.8316,-426.774,-1.1982
0.19,9.2,48,0.8358,-426.8314,-1.2556
0.19,9.4,48,0.8397,-426.8894,-1.3136
0.19,9.6,48,0.8434,-426.9477,-1.3719
0.19,9.8,48,0.8469,-427.0063,-1.4304
0.19,10.0,48,0.8503,-427.0648,-1.489
0.19,10.2,48,0.8534,-427.1232,-1.5474
0.19,10.4,48,0.8564,-427.1813,-1.6055
0.19,10.6,48,0.8593,-427.2391,-1.6633
0.19,10.8,48,0.862,-427.2964,-1.7206
0.19,11.0,48,0.8645,-427.3531,-1.7773
0.19,11.2,48,0.867,-427.4092,-1.8334
0.19,11.4,48,0.8693,-427.4646,-1.8887
0.19,11.6,48,0.8715,-427.5191,-1.9433
0.19,11.8,48,0.8736,-427.5728,-1.997
0.19,12.0,48,0.8756,-427.6256,-2.0498
0.19,12.2,48,0.8775,-427.6774,-2.1016
0.19,12.4,48,0.8794,-427.7283,-2.1525
0.19,12.6,48,0.8811,-427.7781,-2.2023
0.19,12.8,48,0.8828,-427.8269,-2.2511
0.19,13.0,48,0.8843,-427.8747,-2.2988
0.19,13.2,48,0.8858,-427.9213,-2.3455
0.19,13.4,48,0.8873,-427.9669,-2.3911
0.19,13.6,48,0.8887,-428.0114,-2.4356
0.19,13.8,48,0.89,-428.0548,-2.479
0.19,14.0,48,0.8912,-428.0971,-2.5213
0.19,14.2,48,0.8924,-428.1383,-2.5625
0.19,14.4,48,0.8936,-428.1784,-2.6026
0.19,14.6,48,0.8947,-428.2174,-2.6416
0.19,14.8,48,0.8958,-428.2554,-2.6796
0.19,15.0,48,0.8968,-428.2923,-2.7164
0.19,15.2,48,0.8978,-428.3281,-2.7523
0.19,15.4,48,0.8987,-428.3629,-2.7871
0.19,15.6,48,0.8996,-428.3967,-2.8208
0.19,15.8,48,0.9005,-428.4294,-2.8536
0.19,16.0,48,0.9013,-428.4612,-2.8854
0.2,0.4,48,0.223,-430.6232,-5.0474
0.2,0.6,48,0.2439,-429.9704,-4.3946
0.2,0.8,48,0.2652,-429.4378,-3.862
0.2,1.0,48,0.2869,-429.0012,-3.4254
0.2,1.2,48,0.3088,-428.6401,-3.0643
0.2,1.4,48,0.3309,-428.3376,-2.7617
0.2,1.6,48,0.3529,-428.08,-2.5042
0.2,1.8,48,0.3748,-427.857,-2.2811
0.2,2.0,48,0.3964,-427.6606,-2.0848
0.2,2.2,48,0.4177,-427.4852,-1.9094
0.2,2.4,48,0.4387,-427.327,-1.7512
0.2,2.6,48,0.4591,-427.1831,-1.6073
0.2,2.8,48,0.479,-427.052,-1.4762
0.2,3.0,48,0.4983,-426.9323,-1.3565
0.2,3.2,48,0.5169,-426.8235,-1.2477
0.2,3.4,48,0.5348,-426.7251,-1.1493
0.2,3.6,48,0.5521,-426.6368,-1.0609
0.2,3.8,48,0.5686,-426.5583,-0.9825
0.2,4.0,48,0.5845,-426.4896,-0.9137
0.2,4.2,48,0.5995,-426.4303,-0.8545
0.2,4.4,48,0.6139,-426.3804,-0.8046
0.2,4.6,48,0.6276,-426.3394,-0.7636
0.2,4.8,48,0.6406,-426.3072,-0.7314
0.2,5.0,48,0.6529,-426.2833,-0.7075
0.2,5.2,48,0.6646,-426.2674,-0.6916
0.2,5.4,48,0.6757,-426.259,-0.6832
0.2,5.6,48,0.6862,-426.2578,-0.682
0.2,5.8,48,0.6961,-426.2632,-0.6874
0.2,6.0,48,0.7054,-426.2748,-0.699
0.2,6.2,48,0.7142,-426.2922,-0.7164
0.2,6.4,48,0.7226,-426.3149,-0.739
0.2,6.6,48,0.7305,-426.3424,-0.7666
0.2,6.8,48,0.7379,-426.3743,-0.7985
0.2,7.0,48,0.7449,-426.4102,-0.8344
0.2,7.2,48,0.7515,-426.4496,-0.8738
0.2,7.4,48,0.7578,-426.4923,-0.9165
0.2,7.6,48,0.7637,-426.5377,-0.9619
0.2,7.8,48,0.7692,-426.5856,-1.0098
0.2,8.0,48,0.7745,-426.6357,-1.0599
0.2,8.2,48,0.7795,-426.6876,-1.1117
0.2,8.4,48,0.7841,-426.741,-1.1651
0.2,8.6,48,0.7886,-426.7956,-1.2198
0.2,8.8,48,0.7928,-426.8513,-1.2755
0.2,9.0,48,0.7967,-426.9078,-1.332
0.2,9.2,48,0.8005,-426.9649,-1.3891
0.2,9.4,48,0.804,-427.0223,-1.4465
0.2,9.6,48,0.8074,-427.08,-1.5042
0.2,9.8,48,0.8106,-427.1377,-1.5619
0.2,10.0,48,0.8136,-427.1953,-1.6195
0.2,10.2,48,0.8165,-427.2527,-1.6769
0.2,10.4,48,0.8192,-427.3097,-1.7339
0.2,10.6,48,0.8217,-427.3663,-1.7905
0.2,10.8,48,0.8242,-427.4223,-1.8465
0.2,11.0,48,0.8265,-427.4777,-1.9019
0.2,11.2,48,0.8287,-427.5323,-1.9565
0.2,11.4,48,0.8308,-427.5862,-2.0104
0.2,11.6,48,0.8328,-427.6393,-2.0634
0.2,11.8,48,0.8347,-427.6914,-2.1156
0.2,12.0,48,0.8365,-427.7426,-2.1668
0.2,12.2,48,0.8382,-427.7928,-2.217
0.2,12.4,48,0.8399,-427.8421,-2.2663
0.2,12.6,48,0.8414,-427.8903,-2.3145
0.2,12.8,48,0.8429,-427.9374,-2.3616
0.2,13.0,48,0.8443,-427.9835,-2.4077
0.2,13.2,48,0.8457,-428.0286,-2.4527
0.2,13.4,48,0.847,-428.0725,-2.4967
0.2,13.6,48,0.8482,-428.1154,-2.5395
0.2,13.8,48,0.8494,-428.1571,-2.5813
0.2,14.0,48,0.8505,-428.1978,-2.622
0.2,14.2,48,0.8516,-428.2374,-2.6616
0.2,14.4,48,0.8527,-428.276,-2.7001
0.2,14.6,48,0.8537,-428.3134,-2.7376
0.2,14.8,48,0.8546,-428.3498,-2.774
0.2,15.0,48,0.8555,-428.3852,-2.8094
0.2,15.2,48,0.8564,-428.4196,-2.8437
0.2,15.4,48,0.8572,-428.4529,-2.8771
0.2,15.6,48,0.8581,-428.4852,-2.9094
0.2,15.8,48,0.8588,-428.5166,-2.9407
0.2,16.0,48,0.8596,-428.547,-2.9711
0.21,0.4,48,0.2224,-430.6472,-5.0713
0.21,0.6,48,0.2429,-430.0028,-4.427
0.21,0.8,48,0.2637,-429.4765,-3.9007
0.21,1.0,48,0.2849,-429.0442,-3.4684
0.21,1.2,48,0.3062,-428.6859,-3.1101
0.21,1.4,48,0.3275,-428.3849,-2.809
0.21,1.6,48,0.3488,-428.128,-2.5522
0.21,1.8,48,0.3699,-427.9053,-2.3295
0.21,2.0,48,0.3907,-427.7092,-2.1334
0.21,2.2,48,0.4111,-427.5343,-1.9585
0.21,2.4,48,0.4311,-427.3769,-1.8011
0.21,2.6,48,0.4506,-427.2345,-1.6586
0.21,2.8,48,0.4695,-427.1052,-1.5294
0.21,3.0,48,0.4877,-426.988,-1.4122
0.21,3.2,48,0.5053,-426.8821,-1.3063
0.21,3.4,48,0.5223,-426.7871,-1.2113
0.21,3.6,48,0.5385,-426.7026,-1.1268
0.21,3.8,48,0.554,-426.6283,-1.0524
0.21,4.0,48,0.5688,-426.5639,-0.988
0.21,4.2,48,0.5829,-426.5091,-0.9333
0.21,4.4,48,0.5964,-426.4637,-0.8879
0.21,4.6,48,0.6091,-426.4273,-0.8515
0.21,4.8,48,0.6212,-426.3995,-0.8237
0.21,5.0,48,0.6326,-426.38,-0.8042
0.21,5.2,48,0.6434,-426.3683,-0.7924
0.21,5.4,48,0.6537,-426.3639,-0.7881
0.21,5.6,48,0.6633,-426.3664,-0.7906
0.21,5.8,48,0.6725,-426.3754,-0.7995
0.21,6.0,48,0.6811,-426.3903,-0.8144
0.21,6.2,48,0.6892,-426.4106,-0.8348
0.21,6.4,48,0.6969,-426.436,-0.8601
0.21,6.6,48,0.7041,-426.4659,-0.8901
0.21,6.8,48,0.7109,-426.4999,-0.9241
0.21,7.0,48,0.7173,-426.5376,-0.9618
0.21,7.2,48,0.7234,-426.5787,-1.0029
0.21,7.4,48,0.7291,-426.6226,-1.0468
0.21,7.6,48,0.7345,-426.6691,-1.0933
0.21,7.8,48,0.7396,-426.7179,-1.142
0.21,8.0,48,0.7444,-426.7685,-1.1927
0.21,8.2,48,0.7489,-426.8207,-1.2449
0.21,8.4,48,0.7532,-426.8743,-1.2985
0.21,8.6,48,0.7572,-426.929,-1.3531
0.21,8.8,48,0.761,-426.9845,-1.4086
0.21,9.0,48,0.7646,-427.0406,-1.4648
0.21,9.2,48,0.768,-427.0971,-1.5213
0.21,9.4,48,0.7713,-427.1539,-1.5781
0.21,9.6,48,0.7743,-427.2108,-1.635
0.21,9.8,48,0.7772,-427.2676,-1.6918
0.21,10.0,48,0.78,-427.3242,-1.7484
0.21,10.2,48,0.7825,-427.3805,-1.8047
0.21,10.4,48,0.785,-427.4364,-1.8606
0.21,10.6,48,0.7873,-427.4917,-1.9159
0.21,10.8,48,0.7896,-427.5464,-1.9706
0.21,11.0,48,0.7917,-427.6004,-2.0246
0.21,11.2,48,0.7937,-427.6536,-2.0778
0.21,11.4,48,0.7956,-427.706,-2.1302
0.21,11.6,48,0.7974,-427.7576,-2.1818
0.21,11.8,48,0.7991,-427.8082,-2.2324
0.21,12.0,48,0.8007,-427.8579,-2.282
0.21,12.2,48,0.8023,-427.9065,-2.3307
0.21,12.4,48,0.8037,-427.9542,-2.3784
0.21,12.6,48,0.8052,-428.0008,-2.425
0.21,12.8,48,0.8065,-428.0464,-2.4706
0.21,13.0,48,0.8078,-428.0909,-2.5151
0.21,13.2,48,0.809,-428.1343,-2.5585
0.21,13.4,48,0.8102,-428.1767,-2.6009
0.21,13.6,48,0.8113,-428.218,-2.6422
0.21,13.8,48,0.8124,-428.2582,-2.6824
0.21,14.0,48,0.8134,-428.2974,-2.7215
0.21,14.2,48,0.8144,-428.3354,-2.7596
0.21,14.4,48,0.8153,-428.3725,-2.7967
0.21,14.6,48,0.8162,-428.4085,-2.8326
0.21,14.8,48,0.8171,-428.4434,-2.8676
0.21,15.0,48,0.8179,-428.4774,-2.9015
0.21,15.2,48,0.8187,-428.5103,-2.9345
0.21,15.4,48,0.8195,-428.5423,-2.9664
0.21,15.6,48,0.8202,-428.5732,-2.9974
0.21,15.8,48,0.8209,-428.6033,-3.0274
0.21,16.0,48,0.8216,-428.6323,-3.0565
0.22,0.4,48,0.2218,-430.6711,-5.0953
0.22,0.6,48,0.2418,-430.0353,-4.4595
0.22,0.8,48,0.2623,-429.5153,-3.9395
0.22,1.0,48,0.2829,-429.0876,-3.5118
0.22,1.2,48,0.3036,-428.7323,-3.1564
0.22,1.4,48,0.3243,-428.4332,-2.8573
0.22,1.6,48,0.3448,-428.1775,-2.6017
0.22,1.8,48,0.3652,-427.9556,-2.3798
0.22,2.0,48,0.3852,-427.7603,-2.1845
0.22,2.2,48,0.4047,-427.5865,-2.0107
0.22,2.4,48,0.4238,-427.4305,-1.8547
0.22,2.6,48,0.4424,-427.2898,-1.714
0.22,2.8,48,0.4603,-427.1629,-1.587
0.22,3.0,48,0.4777,-427.0484,-1.4726
0.22,3.2,48,0.4943,-426.9458,-1.3699
0.22,3.4,48,0.5103,-426.8543,-1.2785
0.22,3.6,48,0.5256,-426.7737,-1.1978
0.22,3.8,48,0.5401,-426.7034,-1.1276
0.22,4.0,48,0.554,-426.6433,-1.0675
0.22,4.2,48,0.5672,-426.5929,-1.0171
0.22,4.4,48,0.5798,-426.5518,-0.976
0.22,4.6,48,0.5916,-426.5197,-0.9439
0.22,4.8,48,0.6029,-426.4962,-0.9204
0.22,5.0,48,0.6135,-426.4807,-0.9049
0.22,5.2,48,0.6235,-426.4729,-0.897
0.22,5.4,48,0.633,-426.4722,-0.8963
0.22,5.6,48,0.642,-426.4781,-0.9023
0.22,5.8,48,0.6504,-426.4902,-0.9144
0.22,6.0,48,0.6584,-426.508,-0.9321
0.22,6.2,48,0.6658,-426.5309,-0.9551
0.22,6.4,48,0.6729,-426.5586,-0.9828
0.22,6.6,48,0.6796,-426.5906,-1.0148
0.22,6.8,48,0.6858,-426.6265,-1.0506
0.22,7.0,48,0.6917,-426.6657,-1.0899
0.22,7.2,48,0.6973,-426.708,-1.1322
0.22,7.4,48,0.7025,-426.753,-1.1772
0.22,7.6,48,0.7075,-426.8003,-1.2245
0.22,7.8,48,0.7121,-426.8496,-1.2738
0.22,8.0,48,0.7165,-426.9006,-1.3248
0.22,8.2,48,0.7207,-426.953,-1.3772
0.22,8.4,48,0.7246,-427.0066,-1.4307
0.22,8.6,48,0.7283,-427.061,-1.4852
0.22,8.8,48,0.7317,-427.1162,-1.5403
0.22,9.0,48,0.735,-427.1718,-1.596
0.22,9.2,48,0.7381,-427.2277,-1.6519
0.22,9.4,48,0.7411,-427.2838,-1.7079
0.22,9.6,48,0.7439,-427.3398,-1.7639
0.22,9.8,48,0.7465,-427.3956,-1.8198
0.22,10.0,48,0.749,-427.4512,-1.8753
0.22,10.2,48,0.7513,-427.5063,-1.9305
0.22,10.4,48,0.7536,-427.5609,-1.9851
0.22,10.6,48,0.7557,-427.615,-2.0392
0.22,10.8,48,0.7577,-427.6684,-2.0925
0.22,11.0,48,0.7596,-427.721,-2.1452
0.22,11.2,48,0.7614,-427.7728,-2.197
0.22,11.4,48,0.7632,-427.8238,-2.2479
0.22,11.6,48,0.7648,-427.8738,-2.298
0.22,11.8,48,0.7664,-427.9229,-2.3471
0.22,12.0,48,0.7679,-427.9711,-2.3953
0.22,12.2,48,0.7693,-428.0182,-2.4424
0.22,12.4,48,0.7706,-428.0643,-2.4885
0.22,12.6,48,0.7719,-428.1094,-2.5336
0.22,12.8,48,0.7731,-428.1535,-2.5776
0.22,13.0,48,0.7743,-428.1964,-2.6206
0.22,13.2,48,0.7754,-428.2384,-2.6625
0.22,13.4,48,0.7765,-428.2792,-2.7034
0.22,13.6,48,0.7775,-428.319,-2.7432
0.22,13.8,48,0.7785,-428.3577,-2.7819
0.22,14.0,48,0.7794,-428.3954,-2.8196
0.22,14.2,48,0.7803,-428.4321,-2.8562
0.22,14.4,48,0.7811,-428.4677,-2.8918
0.22,14.6,48,0.7819,-428.5023,-2.9264
0.22,14.8,48,0.7827,-428.5358,-2.96
0.22,15.0,48,0.7835,-428.5684,-2.9926
0.22,15.2,48,0.7842,-428.6,-3.0242
0.22,15.4,48,0.7849,-428.6307,-3.0549
0.22,15.6,48,0.7855,-428.6604,-3.0846
0.22,15.8,48,0.7862,-428.6891,-3.1133
0.22,16.0,48,0.7868,-428.717,-3.1412
0.23,0.4,48,0.2212,-430.6951,-5.1193
0.23,0.6,48,0.2408,-430.0677,-4.4919
0.23,0.8,48,0.2608,-429.5543,-3.9784
0.23,1.0,48,0.2809,-429.1313,-3.5554
0.23,1.2,48,0.301,-428.7792,-3.2034
0.23,1.4,48,0.3211,-428.4824,-2.9065
0.23,1.6,48,0.341,-428.2283,-2.6525
0.23,1.8,48,0.3606,-428.0077,-2.4319
0.23,2.0,48,0.3798,-427.8137,-2.2379
0.23,2.2,48,0.3985,-427.6414,-2.0655
0.23,2.4,48,0.4168,-427.4872,-1.9113
0.23,2.6,48,0.4345,-427.3487,-1.7729
0.23,2.8,48,0.4516,-427.2243,-1.6485
0.23,3.0,48,0.468,-427.1129,-1.5371
0.23,3.2,48,0.4837,-427.0136,-1.4378
0.23,3.4,48,0.4988,-426.9258,-1.35
0.23,3.6,48,0.5132,-426.8491,-1.2733
0.23,3.8,48,0.5269,-426.7829,-1.2071
0.23,4.0,48,0.54,-426.7269,-1.1511
0.23,4.2,48,0.5523,-426.6807,-1.1049
0.23,4.4,48,0.5641,-426.6438,-1.068
0.23,4.6,48,0.5751,-426.6158,-1.04
0.23,4.8,48,0.5856,-426.5962,-1.0204
0.23,5.0,48,0.5955,-426.5845,-1.0087
0.23,5.2,48,0.6048,-426.5802,-1.0044
0.23,5.4,48,0.6136,-426.5828,-1.007
0.23,5.6,48,0.6219,-426.5919,-1.016
0.23,5.8,48,0.6298,-426.6068,-1.031
0.23,6.0,48,0.6371,-426.6271,-1.0513
0.23,6.2,48,0.644,-426.6524,-1.0766
0.23,6.4,48,0.6505,-426.6821,-1.1063
0.23,6.6,48,0.6567,-426.7159,-1.1401
0.23,6.8,48,0.6625,-426.7532,-1.1774
0.23,7.0,48,0.6679,-426.7938,-1.2179
0.23,7.2,48,0.673,-426.8371,-1.2613
0.23,7.4,48,0.6778,-426.8829,-1.307
0.23,7.6,48,0.6824,-426.9307,-1.3549
0.23,7.8,48,0.6866,-426.9804,-1.4046
0.23,8.0,48,0.6907,-427.0315,-1.4557
0.23,8.2,48,0.6945,-427.0839,-1.5081
0.23,8.4,48,0.698,-427.1373,-1.5615
0.23,8.6,48,0.7014,-427.1914,-1.6156
0.23,8.8,48,0.7046,-427.2461,-1.6703
0.23,9.0,48,0.7076,-427.3011,-1.7253
0.23,9.2,48,0.7105,-427.3563,-1.7805
0.23,9.4,48,0.7132,-427.4115,-1.8357
0.23,9.6,48,0.7157,-427.4666,-1.8907
0.23,9.8,48,0.7181,-427.5214,-1.9455
0.23,10.0,48,0.7204,-427.5758,-2.0
0.23,10.2,48,0.7225,-427.6298,-2.054
0.23,10.4,48,0.7246,-427.6832,-2.1074
0.23,10.6,48,0.7265,-427.7359,-2.1601
0.23,10.8,48,0.7284,-427.788,-2.2121
0.23,11.0,48,0.7301,-427.8392,-2.2634
0.23,11.2,48,0.7318,-427.8896,-2.3138
0.23,11.4,48,0.7333,-427.9392,-2.3633
0.23,11.6,48,0.7348,-427.9878,-2.4119
0.23,11.8,48,0.7362,-428.0354,-2.4596
0.23,12.0,48,0.7376,-428.0821,-2.5063
0.23,12.2,48,0.7389,-428.1277,-2.5519
0.23,12.4,48,0.7401,-428.1724,-2.5965
0.23,12.6,48,0.7413,-428.216,-2.6401
0.23,12.8,48,0.7424,-428.2585,-2.6827
0.23,13.0,48,0.7435,-428.3,-2.7242
0.23,13.2,48,0.7445,-428.3405,-2.7647
0.23,13.4,48,0.7454,-428.3799,-2.8041
0.23,13.6,48,0.7464,-428.4182,-2.8424
0.23,13.8,48,0.7472,-428.4556,-2.8797
0.23,14.0,48,0.7481,-428.4918,-2.916
0.23,14.2,48,0.7489,-428.5271,-2.9513
0.23,14.4,48,0.7497,-428.5614,-2.9855
0.23,14.6,48,0.7504,-428.5946,-3.0188
0.23,14.8,48,0.7511,-428.6269,-3.0511
0.23,15.0,48,0.7518,-428.6582,-3.0824
0.23,15.2,48,0.7524,-428.6885,-3.1127
0.23,15.4,48,0.7531,-428.7179,-3.1421
0.23,15.6,48,0.7537,-428.7464,-3.1706
0.23,15.8,48,0.7542,-428.774,-3.1982
0.23,16.0,48,0.7548,-428.8007,-3.2249
0.24,0.4,48,0.2206,-430.719,-5.1432
0.24,0.6,48,0.2399,-430.1002,-4.5244
0.24,0.8,48,0.2594,-429.5933,-4.0175
0.24,1.0,48,0.279,-429.1752,-3.5994
0.24,1.2,48,0.2985,-428.8267,-3.2508
0.24,1.4,48,0.318,-428.5324,-2.9565
0.24,1.6,48,0.3372,-428.2803,-2.7045
0.24,1.8,48,0.3561,-428.0614,-2.4856
0.24,2.0,48,0.3745,-427.8691,-2.2933
0.24,2.2,48,0.3925,-427.6986,-2.1228
0.24,2.4,48,0.41,-427.5466,-1.9707
0.24,2.6,48,0.4268,-427.4106,-1.8348
0.24,2.8,48,0.4431,-427.2891,-1.7133
0.24,3.0,48,0.4587,-427.1809,-1.605
0.24,3.2,48,0.4736,-427.085,-1.5092
0.24,3.4,48,0.4879,-427.001,-1.4252
0.24,3.6,48,0.5015,-426.9281,-1.3523
0.24,3.8,48,0.5144,-426.866,-1.2901
0.24,4.0,48,0.5266,-426.814,-1.2382
0.24,4.2,48,0.5382,-426.7718,-1.196
0.24,4.4,48,0.5492,-426.7389,-1.1631
0.24,4.6,48,0.5595,-426.7147,-1.1389
0.24,4.8,48,0.5693,-426.6988,-1.1229
0.24,5.0,48,0.5786,-426.6905,-1.1147
0.24,5.2,48,0.5872,-426.6895,-1.1137
0.24,5.4,48,0.5954,-426.6952,-1.1194
0.24,5.6,48,0.6031,-426.707,-1.1312
0.24,5.8,48,0.6104,-426.7245,-1.1486
0.24,6.0,48,0.6172,-426.7471,-1.1713
0.24,6.2,48,0.6236,-426.7744,-1.1985
0.24,6.4,48,0.6296,-426.8058,-1.23
0.24,6.6,48,0.6353,-426.8411,-1.2653
0.24,6.8,48,0.6406,-426.8797,-1.3039
0.24,7.0,48,0.6456,-426.9212,-1.3454
0.24,7.2,48,0.6504,-426.9653,-1.3895
0.24,7.4,48,0.6548,-427.0117,-1.4358
0.24,7.6,48,0.659,-427.0599,-1.4841
0.24,7.8,48,0.6629,-427.1098,-1.5339
0.24,8.0,48,0.6666,-427.1609,-1.5851
0.24,8.2,48,0.6701,-427.2132,-1.6373
0.24,8.4,48,0.6734,-427.2662,-1.6904
0.24,8.6,48,0.6765,-427.3199,-1.744
0.24,8.8,48,0.6794,-427.3739,-1.7981
0.24,9.0,48,0.6822,-427.4283,-1.8524
0.24,9.2,48,0.6848,-427.4826,-1.9068
0.24,9.4,48,0.6873,-427.5369,-1.9611
0.24,9.6,48,0.6896,-427.591,-2.0152
0.24,9.8,48,0.6918,-427.6447,-2.0689
0.24,10.0,48,0.6939,-427.6981,-2.1222
0.24,10.2,48,0.6959,-427.7508,-2.175
0.24,10.4,48,0.6977,-427.803,-2.2271
0.24,10.6,48,0.6995,-427.8544,-2.2786
0.24,10.8,48,0.7012,-427.9051,-2.3293
0.24,11.0,48,0.7028,-427.955,-2.3792
0.24,11.2,48,0.7043,-428.004,-2.4282
0.24,11.4,48,0.7057,-428.0522,-2.4763
0.24,11.6,48,0.7071,-428.0993,-2.5235
0.24,11.8,48,0.7084,-428.1455,-2.5697
0.24,12.0,48,0.7096,-428.1908,-2.6149
0.24,12.2,48,0.7108,-428.235,-2.6592
0.24,12.4,48,0.7119,-428.2782,-2.7023
0.24,12.6,48,0.713,-428.3203,-2.7445
0.24,12.8,48,0.714,-428.3615,-2.7856
0.24,13.0,48,0.715,-428.4015,-2.8257
0.24,13.2,48,0.7159,-428.4406,-2.8648
0.24,13.4,48,0.7168,-428.4786,-2.9028
0.24,13.6,48,0.7176,-428.5156,-2.9398
0.24,13.8,48,0.7184,-428.5516,-2.9757
0.24,14.0,48,0.7192,-428.5865,-3.0107
0.24,14.2,48,0.7199,-428.6204,-3.0446
0.24,14.4,48,0.7206,-428.6534,-3.0776
0.24,14.6,48,0.7213,-428.6854,-3.1096
0.24,14.8,48,0.722,-428.7164,-3.1406
0.24,15.0,48,0.7226,-428.7465,-3.1707
0.24,15.2,48,0.7232,-428.7756,-3.1998
0.24,15.4,48,0.7237,-428.8039,-3.2281
0.24,15.6,48,0.7243,-428.8312,-3.2554
0.24,15.8,48,0.7248,-428.8577,-3.2819
0.24,16.0,48,0.7253,-428.8833,-3.3075
0.25,0.4,48,0.22,-430.743,-5.1671
0.25,0.6,48,0.2389,-430.1327,-4.5568
0.25,0.8,48,0.2579,-429.6324,-4.0566
0.25,1.0,48,0.277,-429.2193,-3.6435
0.25,1.2,48,0.2961,-428.8746,-3.2988
0.25,1.4,48,0.3149,-428.5831,-3.0073
0.25,1.6,48,0.3335,-428.3334,-2.7575
0.25,1.8,48,0.3517,-428.1165,-2.5407
0.25,2.0,48,0.3694,-427.9263,-2.3504
0.25,2.2,48,0.3867,-427.758,-2.1821
0.25,2.4,48,0.4034,-427.6084,-2.0325
0.25,2.6,48,0.4195,-427.4751,-1.8993
0.25,2.8,48,0.4349,-427.3567,-1.7808
0.25,3.0,48,0.4498,-427.2518,-1.6759
0.25,3.2,48,0.4639,-427.1595,-1.5837
0.25,3.4,48,0.4774,-427.0792,-1.5033
0.25,3.6,48,0.4902,-427.0102,-1.4343
0.25,3.8,48,0.5024,-426.9519,-1.3761
0.25,4.0,48,0.5139,-426.9039,-1.328
0.25,4.2,48,0.5248,-426.8655,-1.2897
0.25,4.4,48,0.5351,-426.8363,-1.2605
0.25,4.6,48,0.5448,-426.8157,-1.2399
0.25,4.8,48,0.5539,-426.8032,-1.2274
0.25,5.0,48,0.5625,-426.7982,-1.2224
0.25,5.2,48,0.5706,-426.8002,-1.2244
0.25,5.4,48,0.5783,-426.8086,-1.2328
0.25,5.6,48,0.5854,-426.8229,-1.2471
0.25,5.8,48,0.5922,-426.8426,-1.2668
0.25,6.0,48,0.5985,-426.8672,-1.2914
0.25,6.2,48,0.6044,-426.8963,-1.3204
0.25,6.4,48,0.61,-426.9292,-1.3534
0.25,6.6,48,0.6153,-426.9658,-1.3899
0.25,6.8,48,0.6202,-427.0054,-1.4295
0.25,7.0,48,0.6248,-427.0477,-1.4719
0.25,7.2,48,0.6292,-427.0924,-1.5166
0.25,7.4,48,0.6333,-427.1391,-1.5633
0.25,7.6,48,0.6371,-427.1876,-1.6118
0.25,7.8,48,0.6408,-427.2375,-1.6616
0.25,8.0,48,0.6442,-427.2885,-1.7127
0.25,8.2,48,0.6474,-427.3404,-1.7646
0.25,8.4,48,0.6504,-427.393,-1.8172
0.25,8.6,48,0.6533,-427.4462,-1.8703
0.25,8.8,48,0.656,-427.4996,-1.9237
0.25,9.0,48,0.6585,-427.5531,-1.9773
0.25,9.2,48,0.6609,-427.6066,-2.0308
0.25,9.4,48,0.6632,-427.6599,-2.0841
0.25,9.6,48,0.6653,-427.713,-2.1371
0.25,9.8,48,0.6674,-427.7656,-2.1898
0.25,10.0,48,0.6693,-427.8177,-2.2419
0.25,10.2,48,0.6711,-427.8693,-2.2935
0.25,10.4,48,0.6728,-427.9202,-2.3444
0.25,10.6,48,0.6744,-427.9704,-2.3945
0.25,10.8,48,0.676,-428.0197,-2.4439
0.25,11.0,48,0.6774,-428.0683,-2.4924
0.25,11.2,48,0.6788,-428.1159,-2.5401
0.25,11.4,48,0.6801,-428.1627,-2.5868
0.25,11.6,48,0.6814,-428.2084,-2.6326
0.25,11.8,48,0.6826,-428.2533,-2.6774
0.25,12.0,48,0.6837,-428.2971,-2.7213
0.25,12.2,48,0.6848,-428.3399,-2.7641
0.25,12.4,48,0.6858,-428.3817,-2.8059
0.25,12.6,48,0.6868,-428.4225,-2.8466
0.25,12.8,48,0.6877,-428.4622,-2.8864
0.25,13.0,48,0.6886,-428.5009,-2.9251
0.25,13.2,48,0.6894,-428.5386,-2.9628
0.25,13.4,48,0.6903,-428.5753,-2.9995
0.25,13.6,48,0.691,-428.611,-3.0352
0.25,13.8,48,0.6918,-428.6456,-3.0698
0.25,14.0,48,0.6925,-428.6793,-3.1035
0.25,14.2,48,0.6931,-428.712,-3.1362
0.25,14.4,48,0.6938,-428.7437,-3.1679
0.25,14.6,48,0.6944,-428.7745,-3.1987
0.25,14.8,48,0.695,-428.8043,-3.2285
0.25,15.0,48,0.6956,-428.8333,-3.2574
0.25,15.2,48,0.6961,-428.8613,-3.2855
0.25,15.4,48,0.6966,-428.8884,-3.3126
0.25,15.6,48,0.6971,-428.9147,-3.3389
0.25,15.8,48,0.6976,-428.9401,-3.3643
0.25,16.0,48,0.6981,-428.9647,-3.3889
0.26,0.4,48,0.2194,-430.7669,-5.1911
0.26,0.6,48,0.2379,-430.1652,-4.5893
0.26,0.8,48,0.2565,-429.6716,-4.0958
0.26,1.0,48,0.2752,-429.2637,-3.6879
0.26,1.2,48,0.2936,-428.9229,-3.3471
0.26,1.4,48,0.3119,-428.6345,-3.0587
0.26,1.6,48,0.3299,-428.3874,-2.8115
0.26,1.8,48,0.3474,-428.1729,-2.5971
0.26,2.0,48,0.3645,-427.985,-2.4092
0.26,2.2,48,0.381,-427.8192,-2.2433
0.26,2.4,48,0.397,-427.6722,-2.0964
0.26,2.6,48,0.4124,-427.542,-1.9661
0.26,2.8,48,0.4271,-427.4267,-1.8508
0.26,3.0,48,0.4412,-427.3252,-1.7493
0.26,3.2,48,0.4546,-427.2365,-1.6607
0.26,3.4,48,0.4674,-427.1599,-1.5841
0.26,3.6,48,0.4795,-427.0946,-1.5188
0.26,3.8,48,0.4909,-427.0402,-1.4644
0.26,4.0,48,0.5018,-426.9959,-1.4201
0.26,4.2,48,0.512,-426.9612,-1.3854
0.26,4.4,48,0.5217,-426.9355,-1.3597
0.26,4.6,48,0.5308,-426.9183,-1.3425
0.26,4.8,48,0.5393,-426.909,-1.3331
0.26,5.0,48,0.5474,-426.9069,-1.3311
0.26,5.2,48,0.5549,-426.9116,-1.3358
0.26,5.4,48,0.562,-426.9226,-1.3467
0.26,5.6,48,0.5687,-426.9391,-1.3633
0.26,5.8,48,0.575,-426.9608,-1.385
0.26,6.0,48,0.5809,-426.9872,-1.4114
0.26,6.2,48,0.5864,-427.0177,-1.4419
0.26,6.4,48,0.5916,-427.052,-1.4762
0.26,6.6,48,0.5964,-427.0895,-1.5137
0.26,6.8,48,0.601,-427.13,-1.5541
0.26,7.0,48,0.6053,-427.1729,-1.5971
0.26,7.2,48,0.6093,-427.218,-1.6422
0.26,7.4,48,0.6131,-427.265,-1.6892
0.26,7.6,48,0.6167,-427.3135,-1.7377
0.26,7.8,48,0.6201,-427.3632,-1.7874
0.26,8.0,48,0.6232,-427.414,-1.8382
0.26,8.2,48,0.6262,-427.4656,-1.8897
0.26,8.4,48,0.629,-427.5177,-1.9418
0.26,8.6,48,0.6316,-427.5701,-1.9943
0.26,8.8,48,0.6341,-427.6228,-2.047
0.26,9.0,48,0.6364,-427.6755,-2.0997
0.26,9.2,48,0.6387,-427.7281,-2.1522
0.26,9.4,48,0.6407,-427.7804,-2.2046
0.26,9.6,48,0.6427,-427.8324,-2.2565
0.26,9.8,48,0.6446,-427.8839,-2.3081
0.26,10.0,48,0.6463,-427.9349,-2.359
0.26,10.2,48,0.648,-427.9852,-2.4094
0.26,10.4,48,0.6496,-428.0348,-2.459
0.26,10.6,48,0.6511,-428.0837,-2.5079
0.26,10.8,48,0.6525,-428.1318,-2.556
0.26,11.0,48,0.6538,-428.179,-2.6032
0.26,11.2,48,0.6551,-428.2253,-2.6495
0.26,11.4,48,0.6563,-428.2707,-2.6948
0.26,11.6,48,0.6575,-428.3151,-2.7393
0.26,11.8,48,0.6586,-428.3585,-2.7827
0.26,12.0,48,0.6596,-428.401,-2.8252
0.26,12.2,48,0.6606,-428.4425,-2.8666
0.26,12.4,48,0.6615,-428.4829,-2.9071
0.26,12.6,48,0.6624,-428.5223,-2.9465
0.26,12.8,48,0.6633,-428.5608,-2.9849
0.26,13.0,48,0.6641,-428.5982,-3.0224
0.26,13.2,48,0.6649,-428.6346,-3.0587
0.26,13.4,48,0.6656,-428.67,-3.0941
0.26,13.6,48,0.6663,-428.7044,-3.1286
0.26,13.8,48,0.667,-428.7378,-3.162
0.26,14.0,48,0.6677,-428.7703,-3.1944
0.26,14.2,48,0.6683,-428.8017,-3.2259
0.26,14.4,48,0.6689,-428.8323,-3.2565
0.26,14.6,48,0.6694,-428.8619,-3.2861
0.26,14.8,48,0.67,-428.8906,-3.3148
0.26,15.0,48,0.6705,-428.9185,-3.3426
0.26,15.2,48,0.671,-428.9454,-3.3696
0.26,15.4,48,0.6715,-428.9715,-3.3957
0.26,15.6,48,0.6719,-428.9967,-3.4209
0.26,15.8,48,0.6724,-429.0211,-3.4453
0.26,16.0,48,0.6728,-429.0448,-3.4689
0.27,0.4,48,0.2188,-430.7908,-5.215
0.27,0.6,48,0.2369,-430.1976,-4.6218
0.27,0.8,48,0.2551,-429.7109,-4.1351
0.27,1.0,48,0.2733,-429.3083,-3.7325
0.27,1.2,48,0.2913,-428.9716,-3.3958
0.27,1.4,48,0.309,-428.6866,-3.1108
0.27,1.6,48,0.3263,-428.4422,-2.8664
0.27,1.8,48,0.3432,-428.2304,-2.6546
0.27,2.0,48,0.3596,-428.0451,-2.4693
0.27,2.2,48,0.3755,-427.882,-2.3061
0.27,2.4,48,0.3908,-427.7379,-2.1621
0.27,2.6,48,0.4055,-427.6107,-2.0349
0.27,2.8,48,0.4195,-427.4987,-1.9229
0.27,3.0,48,0.4329,-427.4007,-1.8249
0.27,3.2,48,0.4456,-427.3156,-1.7398
0.27,3.4,48,0.4577,-427.2427,-1.6668
0.27,3.6,48,0.4692,-427.1811,-1.6053
0.27,3.8,48,0.48,-427.1303,-1.5545
0.27,4.0,48,0.4902,-427.0896,-1.5138
0.27,4.2,48,0.4998,-427.0584,-1.4826
0.27,4.4,48,0.5089,-427.0361,-1.4602
0.27,4.6,48,0.5175,-427.022,-1.4462
0.27,4.8,48,0.5255,-427.0156,-1.4398
0.27,5.0,48,0.533,-427.0163,-1.4405
0.27,5.2,48,0.5401,-427.0235,-1.4477
0.27,5.4,48,0.5467,-427.0367,-1.4608
0.27,5.6,48,0.5529,-427.0553,-1.4794
0.27,5.8,48,0.5588,-427.0787,-1.5029
0.27,6.0,48,0.5643,-427.1066,-1.5308
0.27,6.2,48,0.5694,-427.1384,-1.5626
0.27,6.4,48,0.5742,-427.1738,-1.5979
0.27,6.6,48,0.5788,-427.2121,-1.6363
0.27,6.8,48,0.583,-427.2532,-1.6774
0.27,7.0,48,0.587,-427.2966,-1.7208
0.27,7.2,48,0.5907,-427.342,-1.7662
0.27,7.4,48,0.5942,-427.389,-1.8132
0.27,7.6,48,0.5975,-427.4375,-1.8616
0.27,7.8,48,0.6006,-427.487,-1.9112
0.27,8.0,48,0.6036,-427.5374,-1.9616
0.27,8.2,48,0.6063,-427.5885,-2.0126
0.27,8.4,48,0.6089,-427.64,-2.0641
0.27,8.6,48,0.6113,-427.6917,-2.1159
0.27,8.8,48,0.6136,-427.7436,-2.1677
0.27,9.0,48,0.6158,-427.7954,-2.2196
0.27,9.2,48,0.6178,-427.847,-2.2712
0.27,9.4,48,0.6198,-427.8983,-2.3225
0.27,9.6,48,0.6216,-427.9492,-2.3734
0.27,9.8,48,0.6233,-427.9996,-2.4238
0.27,10.0,48,0.6249,-428.0494,-2.4735
0.27,10.2,48,0.6265,-428.0985,-2.5227
0.27,10.4,48,0.6279,-428.1469,-2.5711
0.27,10.6,48,0.6293,-428.1945,-2.6187
0.27,10.8,48,0.6306,-428.2413,-2.6654
0.27,11.0,48,0.6318,-428.2871,-2.7113
0.27,11.2,48,0.633,-428.3321,-2.7563
0.27,11.4,48,0.6341,-428.3762,-2.8004
0.27,11.6,48,0.6352,-428.4193,-2.8435
0.27,11.8,48,0.6362,-428.4614,-2.8856
0.27,12.0,48,0.6372,-428.5026,-2.9267
0.27,12.2,48,0.6381,-428.5427,-2.9669
0.27,12.4,48,0.6389,-428.5818,-3.006
0.27,12.6,48,0.6398,-428.62,-3.0442
0.27,12.8,48,0.6405,-428.6571,-3.0813
0.27,13.0,48,0.6413,-428.6933,-3.1174
0.27,13.2,48,0.642,-428.7284,-3.1526
0.27,13.4,48,0.6427,-428.7626,-3.1868
0.27,13.6,48,0.6433,-428.7958,-3.22
0.27,13.8,48,0.644,-428.828,-3.2522
0.27,14.0,48,0.6446,-428.8593,-3.2835
0.27,14.2,48,0.6451,-428.8896,-3.3138
0.27,14.4,48,0.6457,-428.9191,-3.3433
0.27,14.6,48,0.6462,-428.9476,-3.3718
0.27,14.8,48,0.6467,-428.9752,-3.3994
0.27,15.0,48,0.6472,-429.002,-3.4262
0.27,15.2,48,0.6476,-429.0279,-3.4521
0.27,15.4,48,0.6481,-429.053,-3.4772
0.27,15.6,48,0.6485,-429.0773,-3.5015
0.27,15.8,48,0.6489,-429.1008,-3.5249
0.27,16.0,48,0.6493,-429.1235,-3.5476
0.28,0.4,48,0.2182,-430.8147,-5.2388
0.28,0.6,48,0.236,-430.2301,-4.6543
0.28,0.8,48,0.2538,-429.7503,-4.1745
0.28,1.0,48,0.2715,-429.3531,-3.7772
0.28,1.2,48,0.2889,-429.0207,-3.4448
0.28,1.4,48,0.3061,-428.7391,-3.1633
0.28,1.6,48,0.3228,-428.4979,-2.922
0.28,1.8,48,0.3391,-428.2889,-2.7131
0.28,2.0,48,0.3549,-428.1064,-2.5306
0.28,2.2,48,0.3702,-427.9462,-2.3703
0.28,2.4,48,0.3848,-427.8052,-2.2294
0.28,2.6,48,0.3988,-427.6812,-2.1054
0.28,2.8,48,0.4122,-427.5726,-1.9967
0.28,3.0,48,0.4249,-427.478,-1.9022
0.28,3.2,48,0.437,-427.3965,-1.8207
0.28,3.4,48,0.4485,-427.3271,-1.7513
0.28,3.6,48,0.4593,-427.2692,-1.6934
0.28,3.8,48,0.4695,-427.2219,-1.6461
0.28,4.0,48,0.4792,-427.1847,-1.6088
0.28,4.2,48,0.4882,-427.1567,-1.5809
0.28,4.4,48,0.4968,-427.1375,-1.5617
0.28,4.6,48,0.5048,-427.1264,-1.5506
0.28,4.8,48,0.5123,-427.1227,-1.5469
0.28,5.0,48,0.5194,-427.1259,-1.5501
0.28,5.2,48,0.526,-427.1354,-1.5596
0.28,5.4,48,0.5322,-427.1506,-1.5748
0.28,5.6,48,0.538,-427.171,-1.5951
0.28,5.8,48,0.5435,-427.196,-1.6202
0.28,6.0,48,0.5486,-427.2252,-1.6494
0.28,6.2,48,0.5534,-427.2581,-1.6823
0.28,6.4,48,0.5579,-427.2943,-1.7185
0.28,6.6,48,0.5621,-427.3334,-1.7576
0.28,6.8,48,0.566,-427.3749,-1.7991
0.28,7.0,48,0.5697,-427.4186,-1.8428
0.28,7.2,48,0.5732,-427.4641,-1.8883
0.28,7.4,48,0.5765,-427.5111,-1.9353
0.28,7.6,48,0.5795,-427.5594,-1.9836
0.28,7.8,48,0.5824,-427.6086,-2.0328
0.28,8.0,48,0.5851,-427.6585,-2.0827
0.28,8.2,48,0.5877,-427.709,-2.1332
0.28,8.4,48,0.5901,-427.7599,-2.184
0.28,8.6,48,0.5923,-427.8109,-2.235
0.28,8.8,48,0.5944,-427.8619,-2.286
0.28,9.0,48,0.5964,-427.9128,-2.3369
0.28,9.2,48,0.5983,-427.9634,-2.3875
0.28,9.4,48,0.6001,-428.0136,-2.4378
0.28,9.6,48,0.6018,-428.0634,-2.4876
0.28,9.8,48,0.6034,-428.1127,-2.5368
0.28,10.0,48,0.6049,-428.1613,-2.5854
0.28,10.2,48,0.6063,-428.2092,-2.6334
0.28,10.4,48,0.6076,-428.2563,-2.6805
0.28,10.6,48,0.6089,-428.3027,-2.7269
0.28,10.8,48,0.6101,-428.3482,-2.7724
0.28,11.0,48,0.6113,-428.3928,-2.817
0.28,11.2,48,0.6124,-428.4365,-2.8607
0.28,11.4,48,0.6134,-428.4793,-2.9034
0.28,11.6,48,0.6144,-428.5211,-2.9452
0.28,11.8,48,0.6153,-428.5619,-2.9861
0.28,12.0,48,0.6162,-428.6018,-3.0259
0.28,12.2,48,0.617,-428.6406,-3.0648
0.28,12.4,48,0.6178,-428.6785,-3.1027
0.28,12.6,48,0.6186,-428.7154,-3.1396
0.28,12.8,48,0.6193,-428.7513,-3.1755
0.28,13.0,48,0.62,-428.7862,-3.2104
0.28,13.2,48,0.6206,-428.8202,-3.2444
0.28,13.4,48,0.6213,-428.8532,-3.2773
0.28,13.6,48,0.6219,-428.8852,-3.3094
0.28,13.8,48,0.6224,-428.9163,-3.3405
0.28,14.0,48,0.623,-428.9465,-3.3706
0.28,14.2,48,0.6235,-428.9757,-3.3999
0.28,14.4,48,0.624,-429.0041,-3.4283
0.28,14.6,48,0.6245,-429.0316,-3.4557
0.28,14.8,48,0.625,-429.0582,-3.4824
0.28,15.0,48,0.6254,-429.0839,-3.5081
0.28,15.2,48,0.6258,-429.1089,-3.5331
0.28,15.4,48,0.6262,-429.133,-3.5572
0.28,15.6,48,0.6266,-429.1564,-3.5805
0.28,15.8,48,0.627,-429.1789,-3.6031
0.28,16.0,48,0.6273,-429.2007,-3.6249
0.29,0.4,48,0.2176,-430.8385,-5.2627
0.29,0.6,48,0.235,-430.2626,-4.6868
0.29,0.8,48,0.2524,-429.7897,-4.2139
0.29,1.0,48,0.2696,-429.398,-3.8221
0.29,1.2,48,0.2866,-429.07,-3.4942
0.29,1.4,48,0.3032,-428.7922,-3.2164
0.29,1.6,48,0.3194,-428.5542,-2.9784
0.29,1.8,48,0.3352,-428.3483,-2.7724
0.29,2.0,48,0.3504,-428.1688,-2.5929
0.29,2.2,48,0.365,-428.0116,-2.4358
0.29,2.4,48,0.379,-427.8738,-2.298
0.29,2.6,48,0.3924,-427.7531,-2.1773
0.29,2.8,48,0.4051,-427.6479,-2.072
0.29,3.0,48,0.4173,-427.5568,-1.981
0.29,3.2,48,0.4287,-427.4788,-1.903
0.29,3.4,48,0.4396,-427.413,-1.8372
0.29,3.6,48,0.4499,-427.3585,-1.7827
0.29,3.8,48,0.4595,-427.3147,-1.7388
0.29,4.0,48,0.4686,-427.2807,-1.7048
0.29,4.2,48,0.4772,-427.2559,-1.68
0.29,4.4,48,0.4852,-427.2396,-1.6638
0.29,4.6,48,0.4927,-427.2312,-1.6554
0.29,4.8,48,0.4998,-427.23,-1.6542
0.29,5.0,48,0.5064,-427.2355,-1.6597
0.29,5.2,48,0.5126,-427.247,-1.6712
0.29,5.4,48,0.5184,-427.2641,-1.6882
0.29,5.6,48,0.5239,-427.286,-1.7102
0.29,5.8,48,0.529,-427.3124,-1.7366
0.29,6.0,48,0.5338,-427.3428,-1.7669
0.29,6.2,48,0.5382,-427.3766,-1.8008
0.29,6.4,48,0.5424,-427.4135,-1.8377
0.29,6.6,48,0.5463,-427.4531,-1.8773
0.29,6.8,48,0.55,-427.495,-1.9192
0.29,7.0,48,0.5535,-427.5389,-1.963
0.29,7.2,48,0.5567,-427.5844,-2.0085
0.29,7.4,48,0.5597,-427.6312,-2.0554
0.29,7.6,48,0.5626,-427.6792,-2.1033
0.29,7.8,48,0.5653,-427.728,-2.1521
0.29,8.0,48,0.5678,-427.7774,-2.2016
0.29,8.2,48,0.5701,-427.8273,-2.2514
0.29,8.4,48,0.5724,-427.8774,-2.3015
0.29,8.6,48,0.5744,-427.9275,-2.3517
0.29,8.8,48,0.5764,-427.9777,-2.4018
0.29,9.0,48,0.5783,-428.0276,-2.4518
0.29,9.2,48,0.58,-428.0772,-2.5014
0.29,9.4,48,0.5817,-428.1264,-2.5506
0.29,9.6,48,0.5832,-428.1751,-2.5993
0.29,9.8,48,0.5847,-428.2232,-2.6474
0.29,10.0,48,0.5861,-428.2706,-2.6948
0.29,10.2,48,0.5874,-428.3173,-2.7415
0.29,10.4,48,0.5887,-428.3632,-2.7874
0.29,10.6,48,0.5898,-428.4083,-2.8325
0.29,10.8,48,0.5909,-428.4526,-2.8768
0.29,11.0,48,0.592,-428.4959,-2.9201
0.29,11.2,48,0.593,-428.5384,-2.9626
0.29,11.4,48,0.594,-428.5799,-3.0041
0.29,11.6,48,0.5949,-428.6204,-3.0446
0.29,11.8,48,0.5957,-428.66,-3.0842
0.29,12.0,48,0.5965,-428.6986,-3.1228
0.29,12.2,48,0.5973,-428.7363,-3.1604
0.29,12.4,48,0.598,-428.7729,-3.1971
0.29,12.6,48,0.5988,-428.8086,-3.2328
0.29,12.8,48,0.5994,-428.8433,-3.2675
0.29,13.0,48,0.6001,-428.8771,-3.3013
0.29,13.2,48,0.6007,-428.9099,-3.3341
0.29,13.4,48,0.6012,-428.9417,-3.3659
0.29,13.6,48,0.6018,-428.9727,-3.3968
0.29,13.8,48,0.6023,-429.0027,-3.4268
0.29,14.0,48,0.6028,-429.0318,-3.4559
0.29,14.2,48,0.6033,-429.06,-3.4842
0.29,14.4,48,0.6038,-429.0873,-3.5115
0.29,14.6,48,0.6042,-429.1138,-3.538
0.29,14.8,48,0.6046,-429.1394,-3.5636
0.29,15.0,48,0.6051,-429.1642,-3.5884
0.29,15.2,48,0.6054,-429.1883,-3.6124
0.29,15.4,48,0.6058,-429.2115,-3.6357
0.29,15.6,48,0.6062,-429.2339,-3.6581
0.29,15.8,48,0.6065,-429.2557,-3.6798
0.29,16.0,48,0.6068,-429.2766,-3.7008
0.3,0.4,48,0.217,-430.8624,-5.2866
0.3,0.6,48,0.2341,-430.2951,-4.7193
0.3,0.8,48,0.2511,-429.8291,-4.2533
0.3,1.0,48,0.2678,-429.443,-3.8672
0.3,1.2,48,0.2843,-429.1196,-3.5438
0.3,1.4,48,0.3004,-428.8457,-3.2698
0.3,1.6,48,0.3161,-428.6111,-3.0353
0.3,1.8,48,0.3313,-428.4084,-2.8326
0.3,2.0,48,0.3459,-428.2321,-2.6562
0.3,2.2,48,0.3599,-428.0781,-2.5023
0.3,2.4,48,0.3734,-427.9435,-2.3677
0.3,2.6,48,0.3862,-427.8262,-2.2504
0.3,2.8,48,0.3983,-427.7244,-2.1486
0.3,3.0,48,0.4099,-427.6368,-2.061
0.3,3.2,48,0.4208,-427.5623,-1.9865
0.3,3.4,48,0.4311,-427.4999,-1.9241
0.3,3.6,48,0.4408,-427.4488,-1.873
0.3,3.8,48,0.4499,-427.4082,-1.8324
0.3,4.0,48,0.4585,-427.3773,-1.8015
0.3,4.2,48,0.4666,-427.3555,-1.7796
0.3,4.4,48,0.4742,-427.3419,-1.7661
0.3,4.6,48,0.4812,-427.3361,-1.7602
0.3,4.8,48,0.4879,-427.3372,-1.7614
0.3,5.0,48,0.4941,-427.3448,-1.769
0.3,5.2,48,0.4999,-427.3582,-1.7824
0.3,5.4,48,0.5054,-427.3769,-1.801
0.3,5.6,48,0.5105,-427.4002,-1.8244
0.3,5.8,48,0.5152,-427.4278,-1.852
0.3,6.0,48,0.5197,-427.4591,-1.8833
0.3,6.2,48,0.5239,-427.4937,-1.9179
0.3,6.4,48,0.5278,-427.5312,-1.9554
0.3,6.6,48,0.5315,-427.5712,-1.9953
0.3,6.8,48,0.5349,-427.6133,-2.0374
0.3,7.0,48,0.5381,-427.6572,-2.0813
0.3,7.2,48,0.5411,-427.7026,-2.1267
0.3,7.4,48,0.5439,-427.7492,-2.1734
0.3,7.6,48,0.5466,-427.7968,-2.2209
0.3,7.8,48,0.5491,-427.8451,-2.2693
0.3,8.0,48,0.5514,-427.8939,-2.3181
0.3,8.2,48,0.5536,-427.9431,-2.3673
0.3,8.4,48,0.5557,-427.9924,-2.4166
0.3,8.6,48,0.5576,-428.0418,-2.4659
0.3,8.8,48,0.5594,-428.091,-2.5152
0.3,9.0,48,0.5612,-428.1399,-2.5641
0.3,9.2,48,0.5628,-428.1885,-2.6127
0.3,9.4,48,0.5643,-428.2366,-2.6608
0.3,9.6,48,0.5658,-428.2842,-2.7084
0.3,9.8,48,0.5671,-428.3312,-2.7553
0.3,10.0,48,0.5684,-428.3774,-2.8016
0.3,10.2,48,0.5697,-428.4229,-2.8471
0.3,10.4,48,0.5708,-428.4676,-2.8918
0.3,10.6,48,0.5719,-428.5115,-2.9357
0.3,10.8,48,0.5729,-428.5546,-2.9787
0.3,11.0,48,0.5739,-428.5967,-3.0209
0.3,11.2,48,0.5748,-428.6379,-3.0621
0.3,11.4,48,0.5757,-428.6782,-3.1023
0.3,11.6,48,0.5766,-428.7175,-3.1417
0.3,11.8,48,0.5774,-428.7559,-3.18
0.3,12.0,48,0.5781,-428.7933,-3.2174
0.3,12.2,48,0.5788,-428.8297,-3.2539
0.3,12.4,48,0.5795,-428.8652,-3.2894
0.3,12.6,48,0.5802,-428.8997,-3.3239
0.3,12.8,48,0.5808,-428.9333,-3.3575
0.3,13.0,48,0.5814,-428.9659,-3.3901
0.3,13.2,48,0.5819,-428.9976,-3.4218
0.3,13.4,48,0.5825,-429.0284,-3.4525
0.3,13.6,48,0.583,-429.0582,-3.4824
0.3,13.8,48,0.5835,-429.0872,-3.5113
0.3,14.0,48,0.5839,-429.1152,-3.5394
0.3,14.2,48,0.5844,-429.1424,-3.5666
0.3,14.4,48,0.5848,-429.1688,-3.593
0.3,14.6,48,0.5852,-429.1943,-3.6185
0.3,14.8,48,0.5856,-429.219,-3.6432
0.3,15.0,48,0.586,-429.2429,-3.6671
0.3,15.2,48,0.5864,-429.2661,-3.6902
0.3,15.4,48,0.5867,-429.2884,-3.7126
0.3,15.6,48,0.587,-429.31,-3.7342
0.3,15.8,48,0.5873,-429.3309,-3.7551
0.3,16.0,48,0.5876,-429.3511,-3.7753
0.31,0.4,48,0.2164,-430.8862,-5.3104
0.31,0.6,48,0.2332,-430.3276,-4.7518
0.31,0.8,48,0.2497,-429.8686,-4.2928
0.31,1.0,48,0.2661,-429.4882,-3.9123
0.31,1.2,48,0.2821,-429.1695,-3.5936
0.31,1.4,48,0.2977,-428.8995,-3.3237
0.31,1.6,48,0.3129,-428.6685,-3.0927
0.31,1.8,48,0.3275,-428.4692,-2.8934
0.31,2.0,48,0.3415,-428.2962,-2.7204
0.31,2.2,48,0.355,-428.1455,-2.5697
0.31,2.4,48,0.3679,-428.0143,-2.4385
0.31,2.6,48,0.3801,-427.9004,-2.3245
0.31,2.8,48,0.3917,-427.802,-2.2262
0.31,3.0,48,0.4027,-427.7178,-2.142
0.31,3.2,48,0.4131,-427.6467,-2.0709
0.31,3.4,48,0.4229,-427.5877,-2.0118
0.31,3.6,48,0.4321,-427.5398,-1.964
0.31,3.8,48,0.4407,-427.5023,-1.9265
0.31,4.0,48,0.4489,-427.4744,-1.8986
0.31,4.2,48,0.4565,-427.4553,-1.8795
0.31,4.4,48,0.4636,-427.4443,-1.8685
0.31,4.6,48,0.4703,-427.4408,-1.865
0.31,4.8,48,0.4765,-427.4441,-1.8683
0.31,5.0,48,0.4824,-427.4536,-1.8778
0.31,5.2,48,0.4878,-427.4687,-1.8929
0.31,5.4,48,0.493,-427.4888,-1.913
0.31,5.6,48,0.4977,-427.5134,-1.9376
0.31,5.8,48,0.5022,-427.542,-1.9662
0.31,6.0,48,0.5064,-427.5741,-1.9983
0.31,6.2,48,0.5103,-427.6093,-2.0335
0.31,6.4,48,0.5139,-427.6472,-2.0714
0.31,6.6,48,0.5174,-427.6875,-2.1117
0.31,6.8,48,0.5206,-427.7297,-2.1539
0.31,7.0,48,0.5236,-427.7735,-2.1977
0.31,7.2,48,0.5264,-427.8187,-2.2429
0.31,7.4,48,0.529,-427.865,-2.2892
0.31,7.6,48,0.5315,-427.9122,-2.3363
0.31,7.8,48,0.5338,-427.9599,-2.3841
0.31,8.0,48,0.536,-428.0081,-2.4323
0.31,8.2,48,0.538,-428.0566,-2.4808
0.31,8.4,48,0.5399,-428.1051,-2.5293
0.31,8.6,48,0.5418,-428.1536,-2.5777
0.31,8.8,48,0.5435,-428.2018,-2.626
0.31,9.0,48,0.5451,-428.2498,-2.674
0.31,9.2,48,0.5466,-428.2973,-2.7215
0.31,9.4,48,0.548,-428.3444,-2.7685
0.31,9.6,48,0.5493,-428.3908,-2.815
0.31,9.8,48,0.5506,-428.4366,-2.8608
0.31,10.0,48,0.5518,-428.4817,-2.9059
0.31,10.2,48,0.5529,-428.5261,-2.9502
0.31,10.4,48,0.554,-428.5696,-2.9938
0.31,10.6,48,0.555,-428.6123,-3.0365
0.31,10.8,48,0.556,-428.6541,-3.0783
0.31,11.0,48,0.5569,-428.695,-3.1192
0.31,11.2,48,0.5578,-428.735,-3.1592
0.31,11.4,48,0.5586,-428.7741,-3.1983
0.31,11.6,48,0.5593,-428.8123,-3.2364
0.31,11.8,48,0.5601,-428.8494,-3.2736
0.31,12.0,48,0.5608,-428.8857,-3.3099
0.31,12.2,48,0.5615,-428.921,-3.3451
0.31,12.4,48,0.5621,-428.9553,-3.3795
0.31,12.6,48,0.5627,-428.9887,-3.4129
0.31,12.8,48,0.5633,-429.0212,-3.4453
0.31,13.0,48,0.5638,-429.0527,-3.4769
0.31,13.2,48,0.5643,-429.0833,-3.5075
0.31,13.4,48,0.5648,-429.113,-3.5372
0.31,13.6,48,0.5653,-429.1419,-3.5661
0.31,13.8,48,0.5658,-429.1698,-3.594
0.31,14.0,48,0.5662,-429.1969,-3.6211
0.31,14.2,48,0.5666,-429.2232,-3.6473
0.31,14.4,48,0.567,-429.2486,-3.6728
0.31,14.6,48,0.5674,-429.2732,-3.6974
0.31,14.8,48,0.5677,-429.297,-3.7212
0.31,15.0,48,0.5681,-429.32,-3.7442
0.31,15.2,48,0.5684,-429.3423,-3.7665
0.31,15.4,48,0.5687,-429.3639,-3.788
0.31,15.6,48,0.5691,-429.3847,-3.8088
0.31,15.8,48,0.5693,-429.4048,-3.829
0.31,16.0,48,0.5696,-429.4242,-3.8484
0.32,0.4,48,0.2159,-430.91,-5.3342
0.32,0.6,48,0.2322,-430.3601,-4.7842
0.32,0.8,48,0.2484,-429.9081,-4.3323
0.32,1.0,48,0.2643,-429.5334,-3.9576
0.32,1.2,48,0.2799,-429.2195,-3.6437
0.32,1.4,48,0.295,-428.9537,-3.3779
0.32,1.6,48,0.3097,-428.7265,-3.1506
0.32,1.8,48,0.3238,-428.5306,-2.9548
0.32,2.0,48,0.3373,-428.361,-2.7852
0.32,2.2,48,0.3502,-428.2137,-2.6379
0.32,2.4,48,0.3626,-428.0859,-2.5101
0.32,2.6,48,0.3743,-427.9753,-2.3995
0.32,2.8,48,0.3853,-427.8804,-2.3046
0.32,3.0,48,0.3958,-427.7996,-2.2238
0.32,3.2,48,0.4057,-427.7318,-2.156
0.32,3.4,48,0.415,-427.676,-2.1002
0.32,3.6,48,0.4237,-427.6313,-2.0555
0.32,3.8,48,0.4319,-427.5968,-2.0209
0.32,4.0,48,0.4396,-427.5716,-1.9958
0.32,4.2,48,0.4468,-427.5551,-1.9793
0.32,4.4,48,0.4535,-427.5466,-1.9708
0.32,4.6,48,0.4598,-427.5453,-1.9694
0.32,4.8,48,0.4657,-427.5505,-1.9747
0.32,5.0,48,0.4712,-427.5617,-1.9859
0.32,5.2,48,0.4763,-427.5783,-2.0025
0.32,5.4,48,0.4811,-427.5997,-2.0239
0.32,5.6,48,0.4856,-427.6254,-2.0496
0.32,5.8,48,0.4898,-427.6549,-2.079
0.32,6.0,48,0.4937,-427.6877,-2.1118
0.32,6.2,48,0.4974,-427.7234,-2.1476
0.32,6.4,48,0.5008,-427.7616,-2.1858
0.32,6.6,48,0.504,-427.802,-2.2262
0.32,6.8,48,0.507,-427.8442,-2.2684
0.32,7.0,48,0.5098,-427.8879,-2.3121
0.32,7.2,48,0.5124,-427.9328,-2.357
0.32,7.4,48,0.5149,-427.9787,-2.4029
0.32,7.6,48,0.5172,-428.0254,-2.4495
0.32,7.8,48,0.5193,-428.0725,-2.4967
0.32,8.0,48,0.5214,-428.12,-2.5442
0.32,8.2,48,0.5233,-428.1677,-2.5919
0.32,8.4,48,0.5251,-428.2154,-2.6396
0.32,8.6,48,0.5268,-428.2629,-2.6871
0.32,8.8,48,0.5283,-428.3102,-2.7344
0.32,9.0,48,0.5298,-428.3572,-2.7814
0.32,9.2,48,0.5312,-428.4037,-2.8279
0.32,9.4,48,0.5326,-428.4497,-2.8738
0.32,9.6,48,0.5338,-428.495,-2.9192
0.32,9.8,48,0.535,-428.5397,-2.9639
0.32,10.0,48,0.5361,-428.5836,-3.0078
0.32,10.2,48,0.5372,-428.6268,-3.051
0.32,10.4,48,0.5382,-428.6692,-3.0934
0.32,10.6,48,0.5391,-428.7107,-3.1349
0.32,10.8,48,0.54,-428.7513,-3.1755
0.32,11.0,48,0.5409,-428.7911,-3.2153
0.32,11.2,48,0.5417,-428.8299,-3.2541
0.32,11.4,48,0.5424,-428.8678,-3.292
0.32,11.6,48,0.5431,-428.9048,-3.329
0.32,11.8,48,0.5438,-428.9409,-3.365
0.32,12.0,48,0.5445,-428.976,-3.4001
0.32,12.2,48,0.5451,-429.0101,-3.4343
0.32,12.4,48,0.5457,-429.0434,-3.4675
0.32,12.6,48,0.5462,-429.0757,-3.4999
0.32,12.8,48,0.5468,-429.1071,-3.5313
0.32,13.0,48,0.5473,-429.1376,-3.5617
0.32,13.2,48,0.5478,-429.1672,-3.5913
0.32,13.4,48,0.5482,-429.1959,-3.62
0.32,13.6,48,0.5487,-429.2237,-3.6479
0.32,13.8,48,0.5491,-429.2507,-3.6749
0.32,14.0,48,0.5495,-429.2768,-3.701
0.32,14.2,48,0.5499,-429.3022,-3.7263
0.32,14.4,48,0.5502,-429.3267,-3.7509
0.32,14.6,48,0.5506,-429.3504,-3.7746
0.32,14.8,48,0.5509,-429.3734,-3.7976
0.32,15.0,48,0.5513,-429.3956,-3.8198
0.32,15.2,48,0.5516,-429.417,-3.8412
0.32,15.4,48,0.5519,-429.4378,-3.862
0.32,15.6,48,0.5521,-429.4578,-3.882
0.32,15.8,48,0.5524,-429.4772,-3.9014
0.32,16.0,48,0.5527,-429.4959,-3.9201
0.33,0.4,48,0.2153,-430.9338,-5.358
0.33,0.6,48,0.2313,-430.3925,-4.8167
0.33,0.8,48,0.2471,-429.9477,-4.3719
0.33,1.0,48,0.2626,-429.5788,-4.003
0.33,1.2,48,0.2777,-429.2698,-3.694
0.33,1.4,48,0.2924,-429.0082,-3.4324
0.33,1.6,48,0.3065,-428.7848,-3.209
0.33,1.8,48,0.3201,-428.5925,-3.0167
0.33,2.0,48,0.3332,-428.4264,-2.8506
0.33,2.2,48,0.3456,-428.2826,-2.7067
0.33,2.4,48,0.3574,-428.1582,-2.5823
0.33,2.6,48,0.3686,-428.051,-2.4752
0.33,2.8,48,0.3792,-427.9594,-2.3836
0.33,3.0,48,0.3891,-427.882,-2.3062
0.33,3.2,48,0.3985,-427.8175,-2.2416
0.33,3.4,48,0.4074,-427.7648,-2.189
0.33,3.6,48,0.4157,-427.7231,-2.1472
0.33,3.8,48,0.4234,-427.6914,-2.1155
0.33,4.0,48,0.4307,-427.6689,-2.0931
0.33,4.2,48,0.4375,-427.6548,-2.079
0.33,4.4,48,0.4438,-427.6485,-2.0727
0.33,4.6,48,0.4498,-427.6492,-2.0734
0.33,4.8,48,0.4553,-427.6563,-2.0805
0.33,5.0,48,0.4605,-427.6691,-2.0932
0.33,5.2,48,0.4653,-427.687,-2.1112
0.33,5.4,48,0.4698,-427.7095,-2.1337
0.33,5.6,48,0.4741,-427.7361,-2.1603
0.33,5.8,48,0.478,-427.7663,-2.1905
0.33,6.0,48,0.4817,-427.7997,-2.2239
0.33,6.2,48,0.4851,-427.8358,-2.26
0.33,6.4,48,0.4883,-427.8742,-2.2984
0.33,6.6,48,0.4913,-427.9147,-2.3388
0.33,6.8,48,0.4941,-427.9568,-2.3809
0.33,7.0,48,0.4967,-428.0002,-2.4244
0.33,7.2,48,0.4992,-428.0448,-2.469
0.33,7.4,48,0.5015,-428.0903,-2.5144
0.33,7.6,48,0.5036,-428.1363,-2.5605
0.33,7.8,48,0.5057,-428.1829,-2.607
0.33,8.0,48,0.5076,-428.2296,-2.6538
0.33,8.2,48,0.5093,-428.2765,-2.7007
0.33,8.4,48,0.511,-428.3233,-2.7475
0.33,8.6,48,0.5126,-428.37,-2.7941
0.33,8.8,48,0.5141,-428.4163,-2.8405
0.33,9.0,48,0.5155,-428.4622,-2.8864
0.33,9.2,48,0.5168,-428.5077,-2.9319
0.33,9.4,48,0.518,-428.5526,-2.9767
0.33,9.6,48,0.5192,-428.5968,-3.021
0.33,9.8,48,0.5203,-428.6404,-3.0646
0.33,10.0,48,0.5213,-428.6832,-3.1074
0.33,10.2,48,0.5223,-428.7252,-3.1494
0.33,10.4,48,0.5232,-428.7664,-3.1906
0.33,10.6,48,0.5241,-428.8068,-3.231
0.33,10.8,48,0.5249,-428.8463,-3.2705
0.33,11.0,48,0.5257,-428.8849,-3.3091
0.33,11.2,48,0.5265,-428.9226,-3.3468
0.33,11.4,48,0.5272,-428.9594,-3.3835
0.33,11.6,48,0.5278,-428.9952,-3.4194
0.33,11.8,48,0.5285,-429.0302,-3.4543
0.33,12.0,48,0.5291,-429.0642,-3.4883
0.33,12.2,48,0.5297,-429.0972,-3.5214
0.33,12.4,48,0.5302,-429.1294,-3.5536
0.33,12.6,48,0.5307,-429.1607,-3.5849
0.33,12.8,48,0.5312,-429.1911,-3.6152
0.33,13.0,48,0.5317,-429.2205,-3.6447
0.33,13.2,48,0.5321,-429.2491,-3.6733
0.33,13.4,48,0.5326,-429.2769,-3.7011
0.33,13.6,48,0.533,-429.3038,-3.7279
0.33,13.8,48,0.5334,-429.3298,-3.754
0.33,14.0,48,0.5337,-429.3551,-3.7792
0.33,14.2,48,0.5341,-429.3795,-3.8037
0.33,14.4,48,0.5344,-429.4032,-3.8273
0.33,14.6,48,0.5348,-429.4261,-3.8502
0.33,14.8,48,0.5351,-429.4482,-3.8724
0.33,15.0,48,0.5354,-429.4696,-3.8938
0.33,15.2,48,0.5357,-429.4903,-3.9145
0.33,15.4,48,0.536,-429.5103,-3.9345
0.33,15.6,48,0.5362,-429.5296,-3.9538
0.33,15.8,48,0.5365,-429.5483,-3.9724
0.33,16.0,48,0.5367,-429.5663,-3.9905
0.34,0.4,48,0.2147,-430.9576,-5.3818
0.34,0.6,48,0.2304,-430.425,-4.8491
0.34,0.8,48,0.2458,-429.9872,-4.4114
0.34,1.0,48,0.2609,-429.6243,-4.0484
0.34,1.2,48,0.2756,-429.3202,-3.7444
0.34,1.4,48,0.2898,-429.063,-3.4871
0.34,1.6,48,0.3035,-428.8434,-3.2676
0.34,1.8,48,0.3166,-428.6549,-3.0791
0.34,2.0,48,0.3291,-428.4923,-2.9165
0.34,2.2,48,0.341,-428.352,-2.7761
0.34,2.4,48,0.3524,-428.231,-2.6552
0.34,2.6,48,0.3631,-428.1273,-2.5515
0.34,2.8,48,0.3732,-428.039,-2.4632
0.34,3.0,48,0.3827,-427.9648,-2.389
0.34,3.2,48,0.3916,-427.9035,-2.3276
0.34,3.4,48,0.4,-427.8538,-2.278
0.34,3.6,48,0.4079,-427.815,-2.2391
0.34,3.8,48,0.4153,-427.786,-2.2101
0.34,4.0,48,0.4221,-427.766,-2.1902
0.34,4.2,48,0.4286,-427.7542,-2.1784
0.34,4.4,48,0.4346,-427.75,-2.1742
0.34,4.6,48,0.4402,-427.7526,-2.1767
0.34,4.8,48,0.4454,-427.7613,-2.1854
0.34,5.0,48,0.4503,-427.7755,-2.1996
0.34,5.2,48,0.4548,-427.7946,-2.2188
0.34,5.4,48,0.4591,-427.8181,-2.2423
0.34,5.6,48,0.463,-427.8456,-2.2697
0.34,5.8,48,0.4667,-427.8764,-2.3005
0.34,6.0,48,0.4702,-427.9102,-2.3343
0.34,6.2,48,0.4734,-427.9465,-2.3707
0.34,6.4,48,0.4764,-427.9851,-2.4092
0.34,6.6,48,0.4792,-428.0254,-2.4496
0.34,6.8,48,0.4819,-428.0674,-2.4915
0.34,7.0,48,0.4843,-428.1106,-2.5347
0.34,7.2,48,0.4866,-428.1547,-2.5789
0.34,7.4,48,0.4888,-428.1997,-2.6238
0.34,7.6,48,0.4908,-428.2451,-2.6693
0.34,7.8,48,0.4927,-428.291,-2.7151
0.34,8.0,48,0.4944,-428.337,-2.7612
0.34,8.2,48,0.4961,-428.383,-2.8072
0.34,8.4,48,0.4977,-428.4289,-2.8531
0.34,8.6,48,0.4991,-428.4746,-2.8988
0.34,8.8,48,0.5005,-428.52,-2.9442
0.34,9.0,48,0.5018,-428.5649,-2.9891
0.34,9.2,48,0.503,-428.6093,-3.0335
0.34,9.4,48,0.5042,-428.6532,-3.0773
0.34,9.6,48,0.5053,-428.6963,-3.1205
0.34,9.8,48,0.5063,-428.7388,-3.1629
0.34,10.0,48,0.5073,-428.7805,-3.2046
0.34,10.2,48,0.5082,-428.8214,-3.2456
0.34,10.4,48,0.5091,-428.8615,-3.2856
0.34,10.6,48,0.5099,-428.9007,-3.3249
0.34,10.8,48,0.5107,-428.9391,-3.3632
0.34,11.0,48,0.5114,-428.9765,-3.4007
0.34,11.2,48,0.5121,-429.0131,-3.4373
0.34,11.4,48,0.5127,-429.0488,-3.473
0.34,11.6,48,0.5134,-429.0836,-3.5077
0.34,11.8,48,0.514,-429.1174,-3.5416
0.34,12.0,48,0.5145,-429.1504,-3.5745
0.34,12.2,48,0.5151,-429.1824,-3.6066
0.34,12.4,48,0.5156,-429.2135,-3.6377
0.34,12.6,48,0.5161,-429.2438,-3.668
0.34,12.8,48,0.5165,-429.2732,-3.6973
0.34,13.0,48,0.517,-429.3017,-3.7258
0.34,13.2,48,0.5174,-429.3293,-3.7535
0.34,13.4,48,0.5178,-429.3561,-3.7803
0.34,13.6,48,0.5182,-429.3821,-3.8063
0.34,13.8,48,0.5185,-429.4073,-3.8314
0.34,14.0,48,0.5189,-429.4316,-3.8558
0.34,14.2,48,0.5192,-429.4552,-3.8794
0.34,14.4,48,0.5195,-429.4781,-3.9022
0.34,14.6,48,0.5198,-429.5001,-3.9243
0.34,14.8,48,0.5201,-429.5215,-3.9457
0.34,15.0,48,0.5204,-429.5421,-3.9663
0.34,15.2,48,0.5207,-429.5621,-3.9863
0.34,15.4,48,0.5209,-429.5814,-4.0055
0.34,15.6,48,0.5212,-429.6,-4.0241
0.34,15.8,48,0.5214,-429.618,-4.0421
0.34,16.0,48,0.5216,-429.6353,-4.0595
0.35,0.4,48,0.2142,-430.9813,-5.4055
0.35,0.6,48,0.2295,-430.4574,-4.8816
0.35,0.8,48,0.2445,-430.0268,-4.451
0.35,1.0,48,0.2592,-429.6698,-4.0939
0.35,1.2,48,0.2735,-429.3707,-3.7949
0.35,1.4,48,0.2872,-429.1179,-3.5421
0.35,1.6,48,0.3005,-428.9024,-3.3266
0.35,1.8,48,0.3131,-428.7176,-3.1418
0.35,2.0,48,0.3252,-428.5587,-2.9828
0.35,2.2,48,0.3366,-428.4218,-2.846
0.35,2.4,48,0.3475,-428.3043,-2.7285
0.35,2.6,48,0.3577,-428.204,-2.6281
0.35,2.8,48,0.3674,-428.119,-2.5432
0.35,3.0,48,0.3765,-428.048,-2.4722
0.35,3.2,48,0.385,-427.9897,-2.4139
0.35,3.4,48,0.393,-427.943,-2.3672
0.35,3.6,48,0.4004,-427.9069,-2.331
0.35,3.8,48,0.4074,-427.8804,-2.3046
0.35,4.0,48,0.4139,-427.8628,-2.287
0.35,4.2,48,0.42,-427.8532,-2.2774
0.35,4.4,48,0.4257,-427.8509,-2.2751
0.35,4.6,48,0.431,-427.8552,-2.2793
0.35,4.8,48,0.4359,-427.8654,-2.2895
0.35,5.0,48,0.4405,-427.8808,-2.305
0.35,5.2,48,0.4448,-427.9011,-2.3252
0.35,5.4,48,0.4488,-427.9255,-2.3496
0.35,5.6,48,0.4525,-427.9536,-2.3777
0.35,5.8,48,0.456,-427.9849,-2.4091
0.35,6.0,48,0.4593,-428.019,-2.4432
0.35,6.2,48,0.4623,-428.0555,-2.4797
0.35,6.4,48,0.4651,-428.0941,-2.5183
0.35,6.6,48,0.4677,-428.1344,-2.5585
0.35,6.8,48,0.4702,-428.176,-2.6002
0.35,7.0,48,0.4725,-428.2189,-2.643
0.35,7.2,48,0.4747,-428.2626,-2.6867
0.35,7.4,48,0.4767,-428.3069,-2.7311
0.35,7.6,48,0.4786,-428.3518,-2.7759
0.35,7.8,48,0.4803,-428.3969,-2.821
0.35,8.0,48,0.482,-428.4421,-2.8663
0.35,8.2,48,0.4836,-428.4873,-2.9115
0.35,8.4,48,0.485,-428.5323,-2.9565
0.35,8.6,48,0.4864,-428.5771,-3.0012
0.35,8.8,48,0.4877,-428.6214,-3.0456
0.35,9.0,48,0.4889,-428.6654,-3.0895
0.35,9.2,48,0.49,-428.7087,-3.1329
0.35,9.4,48,0.4911,-428.7515,-3.1756
0.35,9.6,48,0.4921,-428.7936,-3.2177
0.35,9.8,48,0.4931,-428.8349,-3.2591
0.35,10.0,48,0.494,-428.8755,-3.2997
0.35,10.2,48,0.4949,-428.9153,-3.3395
0.35,10.4,48,0.4957,-428.9543,-3.3785
0.35,10.6,48,0.4964,-428.9924,-3.4166
0.35,10.8,48,0.4972,-429.0297,-3.4539
0.35,11.0,48,0.4978,-429.0661,-3.4903
0.35,11.2,48,0.4985,-429.1016,-3.5257
0.35,11.4,48,0.4991,-429.1362,-3.5603
0.35,11.6,48,0.4997,-429.1699,-3.5941
0.35,11.8,48,0.5002,-429.2027,-3.6269
0.35,12.0,48,0.5008,-429.2346,-3.6588
0.35,12.2,48,0.5013,-429.2656,-3.6898
0.35,12.4,48,0.5017,-429.2958,-3.7199
0.35,12.6,48,0.5022,-429.325,-3.7492
0.35,12.8,48,0.5026,-429.3535,-3.7776
0.35,13.0,48,0.503,-429.381,-3.8052
0.35,13.2,48,0.5034,-429.4077,-3.8319
0.35,13.4,48,0.5038,-429.4337,-3.8578
0.35,13.6,48,0.5042,-429.4588,-3.8829
0.35,13.8,48,0.5045,-429.4831,-3.9072
0.35,14.0,48,0.5048,-429.5066,-3.9308
0.35,14.2,48,0.5051,-429.5294,-3.9535
0.35,14.4,48,0.5054,-429.5514,-3.9756
0.35,14.6,48,0.5057,-429.5727,-3.9969
0.35,14.8,48,0.506,-429.5933,-4.0175
0.35,15.0,48,0.5062,-429.6132,-4.0374
0.35,15.2,48,0.5065,-429.6325,-4.0566
0.35,15.4,48,0.5067,-429.651,-4.0752
0.35,15.6,48,0.507,-429.669,-4.0932
0.35,15.8,48,0.5072,-429.6863,-4.1105
0.35,16.0,48,0.5074,-429.703,-4.1272
0.36,0.4,48,0.2136,-431.0051,-5.4292
0.36,0.6,48,0.2286,-430.4898,-4.914
0.36,0.8,48,0.2433,-430.0664,-4.4906
0.36,1.0,48,0.2576,-429.7153,-4.1395
0.36,1.2,48,0.2714,-429.4214,-3.8456
0.36,1.4,48,0.2847,-429.1731,-3.5972
0.36,1.6,48,0.2975,-428.9616,-3.3858
0.36,1.8,48,0.3097,-428.7807,-3.2048
0.36,2.0,48,0.3213,-428.6253,-3.0495
0.36,2.2,48,0.3323,-428.492,-2.9162
0.36,2.4,48,0.3427,-428.378,-2.8021
0.36,2.6,48,0.3525,-428.281,-2.7051
0.36,2.8,48,0.3618,-428.1993,-2.6234
0.36,3.0,48,0.3704,-428.1314,-2.5555
0.36,3.2,48,0.3785,-428.076,-2.5002
0.36,3.4,48,0.3861,-428.0321,-2.4563
0.36,3.6,48,0.3932,-427.9986,-2.4228
0.36,3.8,48,0.3999,-427.9746,-2.3988
0.36,4.0,48,0.406,-427.9592,-2.3834
0.36,4.2,48,0.4118,-427.9516,-2.3758
0.36,4.4,48,0.4172,-427.9511,-2.3753
0.36,4.6,48,0.4222,-427.957,-2.3811
0.36,4.8,48,0.4268,-427.9685,-2.3927
0.36,5.0,48,0.4312,-427.9851,-2.4093
0.36,5.2,48,0.4352,-428.0063,-2.4305
0.36,5.4,48,0.439,-428.0315,-2.4556
0.36,5.6,48,0.4425,-428.0601,-2.4843
0.36,5.8,48,0.4458,-428.0918,-2.516
0.36,6.0,48,0.4488,-428.1262,-2.5504
0.36,6.2,48,0.4517,-428.1628,-2.587
0.36,6.4,48,0.4543,-428.2013,-2.6255
0.36,6.6,48,0.4568,-428.2414,-2.6656
0.36,6.8,48,0.4591,-428.2828,-2.7069
0.36,7.0,48,0.4613,-428.3252,-2.7493
0.36,7.2,48,0.4633,-428.3684,-2.7925
0.36,7.4,48,0.4652,-428.4121,-2.8363
0.36,7.6,48,0.4669,-428.4563,-2.8804
0.36,7.8,48,0.4686,-428.5006,-2.9248
0.36,8.0,48,0.4702,-428.545,-2.9692
0.36,8.2,48,0.4716,-428.5894,-3.0135
0.36,8.4,48,0.473,-428.6335,-3.0577
0.36,8.6,48,0.4743,-428.6773,-3.1015
0.36,8.8,48,0.4755,-428.7207,-3.1449
0.36,9.0,48,0.4766,-428.7636,-3.1877
0.36,9.2,48,0.4777,-428.8059,-3.2301
0.36,9.4,48,0.4787,-428.8476,-3.2718
0.36,9.6,48,0.4797,-428.8886,-3.3128
0.36,9.8,48,0.4805,-428.9289,-3.3531
0.36,10.0,48,0.4814,-428.9684,-3.3926
0.36,10.2,48,0.4822,-429.0071,-3.4313
0.36,10.4,48,0.4829,-429.045,-3.4692
0.36,10.6,48,0.4837,-429.0821,-3.5063
0.36,10.8,48,0.4843,-429.1183,-3.5424
0.36,11.0,48,0.485,-429.1536,-3.5778
0.36,11.2,48,0.4856,-429.188,-3.6122
0.36,11.4,48,0.4862,-429.2216,-3.6458
0.36,11.6,48,0.4867,-429.2543,-3.6784
0.36,11.8,48,0.4872,-429.286,-3.7102
0.36,12.0,48,0.4877,-429.317,-3.7411
0.36,12.2,48,0.4882,-429.347,-3.7712
0.36,12.4,48,0.4886,-429.3762,-3.8004
0.36,12.6,48,0.4891,-429.4045,-3.8287
0.36,12.8,48,0.4895,-429.432,-3.8562
0.36,13.0,48,0.4898,-429.4586,-3.8828
0.36,13.2,48,0.4902,-429.4845,-3.9087
0.36,13.4,48,0.4906,-429.5095,-3.9337
0.36,13.6,48,0.4909,-429.5338,-3.958
0.36,13.8,48,0.4912,-429.5573,-3.9814
0.36,14.0,48,0.4915,-429.58,-4.0042
0.36,14.2,48,0.4918,-429.602,-4.0262
0.36,14.4,48,0.4921,-429.6232,-4.0474
0.36,14.6,48,0.4923,-429.6438,-4.068
0.36,14.8,48,0.4926,-429.6637,-4.0879
0.36,15.0,48,0.4928,-429.6829,-4.1071
0.36,15.2,48,0.4931,-429.7014,-4.1256
0.36,15.4,48,0.4933,-429.7194,-4.1435
0.36,15.6,48,0.4935,-429.7367,-4.1608
0.36,15.8,48,0.4937,-429.7534,-4.1775
0.36,16.0,48,0.4939,-429.7695,-4.1937
0.37,0.4,48,0.213,-431.0288,-5.4529
0.37,0.6,48,0.2277,-430.5222,-4.9464
0.37,0.8,48,0.242,-430.106,-4.5301
0.37,1.0,48,0.2559,-429.7609,-4.1851
0.37,1.2,48,0.2694,-429.4721,-3.8963
0.37,1.4,48,0.2823,-429.2284,-3.6525
0.37,1.6,48,0.2946,-429.0211,-3.4452
0.37,1.8,48,0.3064,-428.844,-3.2681
0.37,2.0,48,0.3176,-428.6923,-3.1165
0.37,2.2,48,0.3281,-428.5625,-2.9867
0.37,2.4,48,0.3381,-428.4519,-2.8761
0.37,2.6,48,0.3475,-428.3582,-2.7824
0.37,2.8,48,0.3563,-428.2797,-2.7038
0.37,3.0,48,0.3646,-428.2148,-2.639
0.37,3.2,48,0.3723,-428.1624,-2.5865
0.37,3.4,48,0.3795,-428.1211,-2.5453
0.37,3.6,48,0.3863,-428.0902,-2.5143
0.37,3.8,48,0.3926,-428.0684,-2.4926
0.37,4.0,48,0.3984,-428.0551,-2.4793
0.37,4.2,48,0.4039,-428.0494,-2.4736
0.37,4.4,48,0.409,-428.0506,-2.4747
0.37,4.6,48,0.4137,-428.0578,-2.482
0.37,4.8,48,0.4181,-428.0706,-2.4948
0.37,5.0,48,0.4222,-428.0883,-2.5125
0.37,5.2,48,0.426,-428.1103,-2.5345
0.37,5.4,48,0.4296,-428.1361,-2.5603
0.37,5.6,48,0.4329,-428.1652,-2.5894
0.37,5.8,48,0.436,-428.1972,-2.6214
0.37,6.0,48,0.4388,-428.2317,-2.6559
0.37,6.2,48,0.4415,-428.2683,-2.6925
0.37,6.4,48,0.444,-428.3067,-2.7309
0.37,6.6,48,0.4463,-428.3465,-2.7707
0.37,6.8,48,0.4485,-428.3875,-2.8117
0.37,7.0,48,0.4505,-428.4295,-2.8537
0.37,7.2,48,0.4524,-428.4721,-2.8963
0.37,7.4,48,0.4542,-428.5153,-2.9394
0.37,7.6,48,0.4559,-428.5587,-2.9829
0.37,7.8,48,0.4574,-428.6023,-3.0265
0.37,8.0,48,0.4589,-428.6459,-3.07
0.37,8.2,48,0.4603,-428.6893,-3.1135
0.37,8.4,48,0.4615,-428.7325,-3.1567
0.37,8.6,48,0.4627,-428.7754,-3.1995
0.37,8.8,48,0.4639,-428.8178,-3.2419
0.37,9.0,48,0.4649,-428.8596,-3.2838
0.37,9.2,48,0.4659,-428.9009,-3.3251
0.37,9.4,48,0.4669,-428.9416,-3.3658
0.37,9.6,48,0.4678,-428.9816,-3.4057
0.37,9.8,48,0.4686,-429.0208,-3.445
0.37,10.0,48,0.4694,-429.0592,-3.4834
0.37,10.2,48,0.4702,-429.0969,-3.5211
0.37,10.4,48,0.4709,-429.1337,-3.5579
0.37,10.6,48,0.4715,-429.1697,-3.5939
0.37,10.8,48,0.4722,-429.2049,-3.629
0.37,11.0,48,0.4728,-429.2391,-3.6633
0.37,11.2,48,0.4733,-429.2725,-3.6967
0.37,11.4,48,0.4739,-429.3051,-3.7293
0.37,11.6,48,0.4744,-429.3368,-3.7609
0.37,11.8,48,0.4749,-429.3676,-3.7917
0.37,12.0,48,0.4753,-429.3975,-3.8217
0.37,12.2,48,0.4758,-429.4266,-3.8508
0.37,12.4,48,0.4762,-429.4548,-3.879
0.37,12.6,48,0.4766,-429.4822,-3.9064
0.37,12.8,48,0.477,-429.5088,-3.933
0.37,13.0,48,0.4773,-429.5346,-3.9588
0.37,13.2,48,0.4777,-429.5596,-3.9838
0.37,13.4,48,0.478,-429.5838,-4.008
0.37,13.6,48,0.4783,-429.6072,-4.0314
0.37,13.8,48,0.4786,-429.6299,-4.0541
0.37,14.0,48,0.4789,-429.6519,-4.076
0.37,14.2,48,0.4791,-429.6731,-4.0973
0.37,14.4,48,0.4794,-429.6936,-4.1178
0.37,14.6,48,0.4796,-429.7135,-4.1377
0.37,14.8,48,0.4799,-429.7327,-4.1568
0.37,15.0,48,0.4801,-429.7512,-4.1754
0.37,15.2,48,0.4803,-429.7691,-4.1933
0.37,15.4,48,0.4805,-429.7864,-4.2106
0.37,15.6,48,0.4807,-429.8031,-4.2272
0.37,15.8,48,0.4809,-429.8192,-4.2433
0.37,16.0,48,0.4811,-429.8347,-4.2589
0.38,0.4,48,0.2125,-431.0525,-5.4766
0.38,0.6,48,0.2268,-430.5545,-4.9787
0.38,0.8,48,0.2408,-430.1455,-4.5697
0.38,1.0,48,0.2543,-429.8065,-4.2307
0.38,1.2,48,0.2674,-429.523,-3.9471
0.38,1.4,48,0.2799,-429.2838,-3.708
0.38,1.6,48,0.2918,-429.0807,-3.5049
0.38,1.8,48,0.3031,-428.9075,-3.3316
0.38,2.0,48,0.3139,-428.7595,-3.1837
0.38,2.2,48,0.324,-428.6333,-3.0574
0.38,2.4,48,0.3336,-428.526,-2.9502
0.38,2.6,48,0.3426,-428.4356,-2.8597
0.38,2.8,48,0.351,-428.3602,-2.7843
0.38,3.0,48,0.3589,-428.2983,-2.7224
0.38,3.2,48,0.3663,-428.2486,-2.6727
0.38,3.4,48,0.3732,-428.21,-2.6341
0.38,3.6,48,0.3796,-428.1813,-2.6055
0.38,3.8,48,0.3856,-428.1618,-2.586
0.38,4.0,48,0.3911,-428.1505,-2.5746
0.38,4.2,48,0.3963,-428.1465,-2.5707
0.38,4.4,48,0.4011,-428.1492,-2.5733
0.38,4.6,48,0.4056,-428.1578,-2.5819
0.38,4.8,48,0.4097,-428.1717,-2.5958
0.38,5.0,48,0.4136,-428.1902,-2.6144
0.38,5.2,48,0.4172,-428.213,-2.6371
0.38,5.4,48,0.4206,-428.2393,-2.6635
0.38,5.6,48,0.4237,-428.2688,-2.693
0.38,5.8,48,0.4266,-428.301,-2.7252
0.38,6.0,48,0.4293,-428.3356,-2.7598
0.38,6.2,48,0.4318,-428.3721,-2.7963
0.38,6.4,48,0.4342,-428.4103,-2.8345
0.38,6.6,48,0.4363,-428.4498,-2.874
0.38,6.8,48,0.4384,-428.4904,-2.9146
0.38,7.0,48,0.4403,-428.5319,-2.956
0.38,7.2,48,0.4421,-428.5739,-2.9981
0.38,7.4,48,0.4438,-428.6164,-3.0405
0.38,7.6,48,0.4453,-428.6591,-3.0833
0.38,7.8,48,0.4468,-428.7019,-3.126
0.38,8.0,48,0.4481,-428.7446,-3.1688
0.38,8.2,48,0.4494,-428.7872,-3.2113
0.38,8.4,48,0.4506,-428.8294,-3.2536
0.38,8.6,48,0.4518,-428.8713,-3.2955
0.38,8.8,48,0.4528,-428.9127,-3.3369
0.38,9.0,48,0.4538,-428.9536,-3.3778
0.38,9.2,48,0.4548,-428.9939,-3.4181
0.38,9.4,48,0.4557,-429.0335,-3.4577
0.38,9.6,48,0.4565,-429.0724,-3.4966
0.38,9.8,48,0.4573,-429.1106,-3.5348
0.38,10.0,48,0.458,-429.148,-3.5722
0.38,10.2,48,0.4587,-429.1846,-3.6088
0.38,10.4,48,0.4594,-429.2204,-3.6446
0.38,10.6,48,0.46,-429.2554,-3.6796
0.38,10.8,48,0.4606,-429.2895,-3.7137
0.38,11.0,48,0.4612,-429.3228,-3.747
0.38,11.2,48,0.4617,-429.3552,-3.7794
0.38,11.4,48,0.4622,-429.3867,-3.8109
0.38,11.6,48,0.4627,-429.4174,-3.8416
0.38,11.8,48,0.4631,-429.4473,-3.8715
0.38,12.0,48,0.4636,-429.4763,-3.9005
0.38,12.2,48,0.464,-429.5045,-3.9286
0.38,12.4,48,0.4644,-429.5318,-3.956
0.38,12.6,48,0.4647,-429.5583,-3.9825
0.38,12.8,48,0.4651,-429.584,-4.0082
0.38,13.0,48,0.4654,-429.609,-4.0331
0.38,13.2,48,0.4657,-429.6331,-4.0573
0.38,13.4,48,0.466,-429.6565,-4.0807
0.38,13.6,48,0.4663,-429.6792,-4.1033
0.38,13.8,48,0.4666,-429.7011,-4.1253
0.38,14.0,48,0.4669,-429.7223,-4.1465
0.38,14.2,48,0.4671,-429.7428,-4.167
0.38,14.4,48,0.4674,-429.7626,-4.1868
0.38,14.6,48,0.4676,-429.7818,-4.206
0.38,14.8,48,0.4678,-429.8003,-4.2245
0.38,15.0,48,0.468,-429.8182,-4.2424
0.38,15.2,48,0.4682,-429.8354,-4.2596
0.38,15.4,48,0.4684,-429.8521,-4.2763
0.38,15.6,48,0.4686,-429.8682,-4.2924
0.38,15.8,48,0.4688,-429.8837,-4.3079
0.38,16.0,48,0.469,-429.8987,-4.3229
0.39,0.4,48,0.2119,-431.0761,-5.5003
0.39,0.6,48,0.2259,-430.5869,-5.0111
0.39,0.8,48,0.2396,-430.1851,-4.6093
0.39,1.0,48,0.2527,-429.8522,-4.2764
0.39,1.2,48,0.2654,-429.5739,-3.998
0.39,1.4,48,0.2775,-429.3393,-3.7635
0.39,1.6,48,0.289,-429.1404,-3.5646
0.39,1.8,48,0.3,-428.9711,-3.3953
0.39,2.0,48,0.3103,-428.8269,-3.251
0.39,2.2,48,0.3201,-428.7041,-3.1283
0.39,2.4,48,0.3292,-428.6002,-3.0244
0.39,2.6,48,0.3378,-428.513,-2.9372
0.39,2.8,48,0.3459,-428.4406,-2.8648
0.39,3.0,48,0.3534,-428.3816,-2.8058
0.39,3.2,48,0.3605,-428.3346,-2.7588
0.39,3.4,48,0.367,-428.2985,-2.7226
0.39,3.6,48,0.3731,-428.2721,-2.6963
0.39,3.8,48,0.3788,-428.2546,-2.6788
0.39,4.0,48,0.3841,-428.2451,-2.6693
0.39,4.2,48,0.389,-428.2428,-2.667
0.39,4.4,48,0.3935,-428.2469,-2.6711
0.39,4.6,48,0.3978,-428.2567,-2.6809
0.39,4.8,48,0.4017,-428.2716,-2.6958
0.39,5.0,48,0.4054,-428.291,-2.7152
0.39,5.2,48,0.4088,-428.3143,-2.7385
0.39,5.4,48,0.4119,-428.3411,-2.7653
0.39,5.6,48,0.4149,-428.3709,-2.7951
0.39,5.8,48,0.4176,-428.4033,-2.8274
0.39,6.0,48,0.4202,-428.4378,-2.862
0.39,6.2,48,0.4225,-428.4742,-2.8984
0.39,6.4,48,0.4247,-428.5121,-2.9363
0.39,6.6,48,0.4268,-428.5513,-2.9755
0.39,6.8,48,0.4287,-428.5914,-3.0156
0.39,7.0,48,0.4305,-428.6323,-3.0565
0.39,7.2,48,0.4322,-428.6737,-3.0979
0.39,7.4,48,0.4338,-428.7155,-3.1397
0.39,7.6,48,0.4352,-428.7575,-3.1816
0.39,7.8,48,0.4366,-428.7994,-3.2236
0.39,8.0,48,0.4379,-428.8413,-3.2655
0.39,8.2,48,0.4391,-428.883,-3.3072
0.39,8.4,48,0.4402,-428.9243,-3.3485
0.39,8.6,48,0.4413,-428.9653,-3.3894
0.39,8.8,48,0.4423,-429.0057,-3.4299
0.39,9.0,48,0.4432,-429.0456,-3.4698
0.39,9.2,48,0.4441,-429.0849,-3.509
0.39,9.4,48,0.4449,-429.1235,-3.5476
0.39,9.6,48,0.4457,-429.1614,-3.5855
0.39,9.8,48,0.4465,-429.1985,-3.6227
0.39,10.0,48,0.4472,-429.2349,-3.6591
0.39,10.2,48,0.4478,-429.2705,-3.6947
0.39,10.4,48,0.4484,-429.3053,-3.7294
0.39,10.6,48,0.449,-429.3392,-3.7634
0.39,10.8,48,0.4496,-429.3723,-3.7965
0.39,11.0,48,0.4501,-429.4046,-3.8288
0.39,11.2,48,0.4506,-429.436,-3.8602
0.39,11.4,48,0.4511,-429.4666,-3.8908
0.39,11.6,48,0.4515,-429.4964,-3.9205
0.39,11.8,48,0.4519,-429.5253,-3.9495
0.39,12.0,48,0.4524,-429.5534,-3.9776
0.39,12.2,48,0.4527,-429.5807,-4.0048
0.39,12.4,48,0.4531,-429.6071,-4.0313
0.39,12.6,48,0.4534,-429.6328,-4.057
0.39,12.8,48,0.4538,-429.6577,-4.0818
0.39,13.0,48,0.4541,-429.6818,-4.106
0.39,13.2,48,0.4544,-429.7051,-4.1293
0.39,13.4,48,0.4547,-429.7277,-4.1519
0.39,13.6,48,0.4549,-429.7496,-4.1738
0.39,13.8,48,0.4552,-429.7708,-4.195
0.39,14.0,48,0.4555,-429.7913,-4.2155
0.39,14.2,48,0.4557,-429.8111,-4.2353
0.39,14.4,48,0.4559,-429.8302,-4.2544
0.39,14.6,48,0.4561,-429.8487,-4.2729
0.39,14.8,48,0.4563,-429.8666,-4.2908
0.39,15.0,48,0.4565,-429.8839,-4.308
0.39,15.2,48,0.4567,-429.9005,-4.3247
0.39,15.4,48,0.4569,-429.9166,-4.3408
0.39,15.6,48,0.4571,-429.9321,-4.3563
0.39,15.8,48,0.4573,-429.9471,-4.3713
0.39,16.0,48,0.4574,-429.9616,-4.3857
0.4,0.4,48,0.2114,-431.0998,-5.5239
0.4,0.6,48,0.2251,-430.6192,-5.0434
0.4,0.8,48,0.2384,-430.2246,-4.6488
0.4,1.0,48,0.2512,-429.8978,-4.322
0.4,1.2,48,0.2634,-429.6248,-4.0489
0.4,1.4,48,0.2752,-429.3949,-3.8191
0.4,1.6,48,0.2863,-429.2002,-3.6244
0.4,1.8,48,0.2968,-429.0349,-3.4591
0.4,2.0,48,0.3068,-428.8943,-3.3185
0.4,2.2,48,0.3162,-428.7751,-3.1993
0.4,2.4,48,0.325,-428.6745,-3.0987
0.4,2.6,48,0.3332,-428.5904,-3.0146
0.4,2.8,48,0.3409,-428.521,-2.9452
0.4,3.0,48,0.3481,-428.4648,-2.889
0.4,3.2,48,0.3548,-428.4204,-2.8445
0.4,3.4,48,0.361,-428.3866,-2.8108
0.4,3.6,48,0.3668,-428.3624,-2.7866
0.4,3.8,48,0.3722,-428.3469,-2.7711
0.4,4.0,48,0.3773,-428.3391,-2.7633
0.4,4.2,48,0.3819,-428.3383,-2.7624
0.4,4.4,48,0.3862,-428.3437,-2.7678
0.4,4.6,48,0.3902,-428.3546,-2.7787
0.4,4.8,48,0.394,-428.3703,-2.7945
0.4,5.0,48,0.3974,-428.3904,-2.8146
0.4,5.2,48,0.4006,-428.4143,-2.8385
0.4,5.4,48,0.4036,-428.4415,-2.8657
0.4,5.6,48,0.4064,-428.4715,-2.8956
0.4,5.8,48,0.409,-428.5039,-2.9281
0.4,6.0,48,0.4114,-428.5384,-2.9626
0.4,6.2,48,0.4136,-428.5746,-2.9988
0.4,6.4,48,0.4157,-428.6122,-3.0364
0.4,6.6,48,0.4177,-428.6509,-3.0751
0.4,6.8,48,0.4195,-428.6906,-3.1148
0.4,7.0,48,0.4212,-428.7309,-3.1551
0.4,7.2,48,0.4227,-428.7717,-3.1958
0.4,7.4,48,0.4242,-428.8127,-3.2369
0.4,7.6,48,0.4256,-428.8539,-3.2781
0.4,7.8,48,0.4269,-428.895,-3.3192
0.4,8.0,48,0.4281,-428.9361,-3.3602
0.4,8.2,48,0.4292,-428.9768,-3.401
0.4,8.4,48,0.4303,-429.0172,-3.4414
0.4,8.6,48,0.4313,-429.0572,-3.4814
0.4,8.8,48,0.4322,-429.0967,-3.5209
0.4,9.0,48,0.4331,-429.1356,-3.5598
0.4,9.2,48,0.4339,-429.1739,-3.598
0.4,9.4,48,0.4347,-429.2115,-3.6356
0.4,9.6,48,0.4355,-429.2483,-3.6725
0.4,9.8,48,0.4362,-429.2845,-3.7087
0.4,10.0,48,0.4368,-429.3199,-3.744
0.4,10.2,48,0.4374,-429.3544,-3.7786
0.4,10.4,48,0.438,-429.3882,-3.8124
0.4,10.6,48,0.4386,-429.4212,-3.8454
0.4,10.8,48,0.4391,-429.4533,-3.8775
0.4,11.0,48,0.4396,-429.4846,-3.9088
0.4,11.2,48,0.44,-429.5151,-3.9393
0.4,11.4,48,0.4405,-429.5448,-3.969
0.4,11.6,48,0.4409,-429.5736,-3.9978
0.4,11.8,48,0.4413,-429.6016,-4.0258
0.4,12.0,48,0.4417,-429.6288,-4.053
0.4,12.2,48,0.442,-429.6552,-4.0794
0.4,12.4,48,0.4424,-429.6809,-4.105
0.4,12.6,48,0.4427,-429.7057,-4.1299
0.4,12.8,48,0.443,-429.7298,-4.1539
0.4,13.0,48,0.4433,-429.7531,-4.1773
0.4,13.2,48,0.4436,-429.7757,-4.1998
0.4,13.4,48,0.4439,-429.7975,-4.2217
0.4,13.6,48,0.4441,-429.8187,-4.2428
0.4,13.8,48,0.4444,-429.8391,-4.2633
0.4,14.0,48,0.4446,-429.8589,-4.2831
0.4,14.2,48,0.4448,-429.8781,-4.3022
0.4,14.4,48,0.445,-429.8965,-4.3207
0.4,14.6,48,0.4452,-429.9144,-4.3386
0.4,14.8,48,0.4454,-429.9316,-4.3558
0.4,15.0,48,0.4456,-429.9483,-4.3725
0.4,15.2,48,0.4458,-429.9644,-4.3886
0.4,15.4,48,0.446,-429.9799,-4.4041
0.4,15.6,48,0.4461,-429.9949,-4.4191
0.4,15.8,48,0.4463,-430.0093,-4.4335
0.4,16.0,48,0.4464,-430.0232,-4.4474
0.41,0.4,48,0.2108,-431.1234,-5.5476
0.41,0.6,48,0.2242,-430.6515,-5.0756
0.41,0.8,48,0.2372,-430.2641,-4.6883
0.41,1.0,48,0.2496,-429.9435,-4.3676
0.41,1.2,48,0.2615,-429.6757,-4.0999
0.41,1.4,48,0.2729,-429.4505,-3.8747
0.41,1.6,48,0.2836,-429.2601,-3.6843
0.41,1.8,48,0.2938,-429.0987,-3.5229
0.41,2.0,48,0.3034,-428.9618,-3.386
0.41,2.2,48,0.3124,-428.8461,-3.2703
0.41,2.4,48,0.3208,-428.7488,-3.173
0.41,2.6,48,0.3287,-428.6678,-3.092
0.41,2.8,48,0.3361,-428.6013,-3.0255
0.41,3.0,48,0.3429,-428.5477,-2.9719
0.41,3.2,48,0.3493,-428.5058,-2.93
0.41,3.4,48,0.3553,-428.4743,-2.8985
0.41,3.6,48,0.3608,-428.4522,-2.8763
0.41,3.8,48,0.3659,-428.4385,-2.8626
0.41,4.0,48,0.3707,-428.4323,-2.8565
0.41,4.2,48,0.3751,-428.4329,-2.857
0.41,4.4,48,0.3792,-428.4394,-2.8636
0.41,4.6,48,0.383,-428.4513,-2.8755
0.41,4.8,48,0.3865,-428.4679,-2.8921
0.41,5.0,48,0.3898,-428.4886,-2.9128
0.41,5.2,48,0.3928,-428.513,-2.9371
0.41,5.4,48,0.3957,-428.5404,-2.9646
0.41,5.6,48,0.3983,-428.5705,-2.9947
0.41,5.8,48,0.4007,-428.603,-3.0271
0.41,6.0,48,0.403,-428.6373,-3.0615
0.41,6.2,48,0.4051,-428.6733,-3.0974
0.41,6.4,48,0.4071,-428.7105,-3.1347
0.41,6.6,48,0.4089,-428.7488,-3.173
0.41,6.8,48,0.4106,-428.7879,-3.2121
0.41,7.0,48,0.4122,-428.8276,-3.2518
0.41,7.2,48,0.4137,-428.8677,-3.2919
0.41,7.4,48,0.4151,-428.908,-3.3322
0.41,7.6,48,0.4164,-428.9484,-3.3726
0.41,7.8,48,0.4176,-428.9887,-3.4129
0.41,8.0,48,0.4187,-429.0289,-3.4531
0.41,8.2,48,0.4198,-429.0688,-3.4929
0.41,8.4,48,0.4208,-429.1082,-3.5324
0.41,8.6,48,0.4217,-429.1473,-3.5714
0.41,8.8,48,0.4226,-429.1858,-3.6099
0.41,9.0,48,0.4235,-429.2237,-3.6479
0.41,9.2,48,0.4242,-429.261,-3.6851
0.41,9.4,48,0.425,-429.2976,-3.7218
0.41,9.6,48,0.4257,-429.3335,-3.7576
0.41,9.8,48,0.4263,-429.3686,-3.7928
0.41,10.0,48,0.4269,-429.403,-3.8272
0.41,10.2,48,0.4275,-429.4366,-3.8608
0.41,10.4,48,0.428,-429.4694,-3.8936
0.41,10.6,48,0.4286,-429.5014,-3.9256
0.41,10.8,48,0.4291,-429.5326,-3.9568
0.41,11.0,48,0.4295,-429.563,-3.9872
0.41,11.2,48,0.43,-429.5925,-4.0167
0.41,11.4,48,0.4304,-429.6213,-4.0455
0.41,11.6,48,0.4308,-429.6492,-4.0734
0.41,11.8,48,0.4311,-429.6764,-4.1005
0.41,12.0,48,0.4315,-429.7027,-4.1269
0.41,12.2,48,0.4318,-429.7283,-4.1524
0.41,12.4,48,0.4322,-429.7531,-4.1772
0.41,12.6,48,0.4325,-429.7771,-4.2013
0.41,12.8,48,0.4327,-429.8004,-4.2246
0.41,13.0,48,0.433,-429.8229,-4.2471
0.41,13.2,48,0.4333,-429.8448,-4.2689
0.41,13.4,48,0.4335,-429.8659,-4.2901
0.41,13.6,48,0.4338,-429.8863,-4.3105
0.41,13.8,48,0.434,-429.9061,-4.3303
0.41,14.0,48,0.4342,-429.9252,-4.3494
0.41,14.2,48,0.4344,-429.9437,-4.3679
0.41,14.4,48,0.4346,-429.9616,-4.3857
0.41,14.6,48,0.4348,-429.9788,-4.403
0.41,14.8,48,0.435,-429.9955,-4.4196
0.41,15.0,48,0.4352,-430.0115,-4.4357
0.41,15.2,48,0.4353,-430.027,-4.4512
0.41,15.4,48,0.4355,-430.042,-4.4662
0.41,15.6,48,0.4357,-430.0565,-4.4806
0.41,15.8,48,0.4358,-430.0704,-4.4946
0.41,16.0,48,0.4359,-430.0838,-4.508
0.42,0.4,48,0.2103,-431.147,-5.5711
0.42,0.6,48,0.2234,-430.6837,-5.1079
0.42,0.8,48,0.236,-430.3036,-4.7278
0.42,1.0,48,0.2481,-429.9891,-4.4133
0.42,1.2,48,0.2596,-429.7267,-4.1508
0.42,1.4,48,0.2706,-429.5062,-3.9304
0.42,1.6,48,0.281,-429.3201,-3.7443
0.42,1.8,48,0.2908,-429.1626,-3.5868
0.42,2.0,48,0.3,-429.0294,-3.4536
0.42,2.2,48,0.3087,-428.9171,-3.3412
0.42,2.4,48,0.3168,-428.823,-3.2472
0.42,2.6,48,0.3243,-428.745,-3.1692
0.42,2.8,48,0.3314,-428.6813,-3.1055
0.42,3.0,48,0.3379,-428.6304,-3.0545
0.42,3.2,48,0.344,-428.5908,-3.015
0.42,3.4,48,0.3497,-428.5615,-2.9857
0.42,3.6,48,0.3549,-428.5413,-2.9655
0.42,3.8,48,0.3598,-428.5293,-2.9535
0.42,4.0,48,0.3643,-428.5247,-2.9489
0.42,4.2,48,0.3685,-428.5266,-2.9507
0.42,4.4,48,0.3724,-428.5342,-2.9584
0.42,4.6,48,0.376,-428.547,-2.9712
0.42,4.8,48,0.3794,-428.5643,-2.9885
0.42,5.0,48,0.3825,-428.5856,-3.0097
0.42,5.2,48,0.3853,-428.6102,-3.0344
0.42,5.4,48,0.388,-428.6379,-3.0621
0.42,5.6,48,0.3905,-428.6681,-3.0923
0.42,5.8,48,0.3928,-428.7004,-3.1246
0.42,6.0,48,0.3949,-428.7346,-3.1588
0.42,6.2,48,0.3969,-428.7703,-3.1944
0.42,6.4,48,0.3988,-428.8071,-3.2313
0.42,6.6,48,0.4005,-428.8449,-3.2691
0.42,6.8,48,0.4021,-428.8835,-3.3077
0.42,7.0,48,0.4036,-428.9225,-3.3467
0.42,7.2,48,0.405,-428.9619,-3.3861
0.42,7.4,48,0.4063,-429.0015,-3.4257
0.42,7.6,48,0.4076,-429.0411,-3.4653
0.42,7.8,48,0.4087,-429.0806,-3.5048
0.42,8.0,48,0.4098,-429.1199,-3.544
0.42,8.2,48,0.4108,-429.1588,-3.583
0.42,8.4,48,0.4117,-429.1974,-3.6215
0.42,8.6,48,0.4126,-429.2355,-3.6596
0.42,8.8,48,0.4134,-429.273,-3.6972
0.42,9.0,48,0.4142,-429.31,-3.7341
0.42,9.2,48,0.4149,-429.3463,-3.7704
0.42,9.4,48,0.4156,-429.3819,-3.8061
0.42,9.6,48,0.4163,-429.4168,-3.841
0.42,9.8,48,0.4169,-429.451,-3.8752
0.42,10.0,48,0.4175,-429.4844,-3.9086
0.42,10.2,48,0.418,-429.5171,-3.9412
0.42,10.4,48,0.4185,-429.5489,-3.9731
0.42,10.6,48,0.419,-429.58,-4.0041
0.42,10.8,48,0.4195,-429.6102,-4.0344
0.42,11.0,48,0.4199,-429.6397,-4.0639
0.42,11.2,48,0.4203,-429.6683,-4.0925
0.42,11.4,48,0.4207,-429.6962,-4.1204
0.42,11.6,48,0.4211,-429.7233,-4.1474
0.42,11.8,48,0.4214,-429.7495,-4.1737
0.42,12.0,48,0.4218,-429.7751,-4.1992
0.42,12.2,48,0.4221,-429.7998,-4.224
0.42,12.4,48,0.4224,-429.8238,-4.248
0.42,12.6,48,0.4227,-429.847,-4.2712
0.42,12.8,48,0.4229,-429.8696,-4.2937
0.42,13.0,48,0.4232,-429.8914,-4.3156
0.42,13.2,48,0.4235,-429.9125,-4.3367
0.42,13.4,48,0.4237,-429.9329,-4.3571
0.42,13.6,48,0.4239,-429.9527,-4.3769
0.42,13.8,48,0.4241,-429.9718,-4.396
0.42,14.0,48,0.4243,-429.9902,-4.4144
0.42,14.2,48,0.4245,-430.0081,-4.4323
0.42,14.4,48,0.4247,-430.0253,-4.4495
0.42,14.6,48,0.4249,-430.042,-4.4662
0.42,14.8,48,0.4251,-430.0581,-4.4822
0.42,15.0,48,0.4252,-430.0736,-4.4978
0.42,15.2,48,0.4254,-430.0886,-4.5127
0.42,15.4,48,0.4255,-430.103,-4.5272
0.42,15.6,48,0.4257,-430.1169,-4.5411
0.42,15.8,48,0.4258,-430.1304,-4.5546
0.42,16.0,48,0.4259,-430.1433,-4.5675
0.43,0.4,48,0.2097,-431.1705,-5.5947
0.43,0.6,48,0.2225,-430.7159,-5.1401
0.43,0.8,48,0.2348,-430.3431,-4.7673
0.43,1.0,48,0.2465,-430.0347,-4.4589
0.43,1.2,48,0.2577,-429.7776,-4.2018
0.43,1.4,48,0.2684,-429.5619,-3.986
0.43,1.6,48,0.2784,-429.38,-3.8042
0.43,1.8,48,0.2879,-429.2265,-3.6506
0.43,2.0,48,0.2967,-429.0969,-3.5211
0.43,2.2,48,0.305,-428.988,-3.4122
0.43,2.4,48,0.3128,-428.8971,-3.3213
0.43,2.6,48,0.32,-428.8221,-3.2463
0.43,2.8,48,0.3268,-428.7611,-3.1853
0.43,3.0,48,0.333,-428.7127,-3.1369
0.43,3.2,48,0.3389,-428.6754,-3.0996
0.43,3.4,48,0.3443,-428.6482,-3.0723
0.43,3.6,48,0.3493,-428.6298,-3.054
0.43,3.8,48,0.3539,-428.6195,-3.0437
0.43,4.0,48,0.3582,-428.6162,-3.0404
0.43,4.2,48,0.3622,-428.6193,-3.0435
0.43,4.4,48,0.3659,-428.628,-3.0522
0.43,4.6,48,0.3693,-428.6416,-3.0657
0.43,4.8,48,0.3725,-428.6595,-3.0837
0.43,5.0,48,0.3754,-428.6812,-3.1054
0.43,5.2,48,0.3781,-428.7062,-3.1303
0.43,5.4,48,0.3806,-428.7339,-3.1581
0.43,5.6,48,0.383,-428.7641,-3.1883
0.43,5.8,48,0.3852,-428.7964,-3.2206
0.43,6.0,48,0.3872,-428.8303,-3.2545
0.43,6.2,48,0.3891,-428.8656,-3.2898
0.43,6.4,48,0.3908,-428.9021,-3.3262
0.43,6.6,48,0.3925,-428.9394,-3.3635
0.43,6.8,48,0.394,-428.9773,-3.4015
0.43,7.0,48,0.3954,-429.0157,-3.4399
0.43,7.2,48,0.3967,-429.0544,-3.4786
0.43,7.4,48,0.3979,-429.0932,-3.5174
0.43,7.6,48,0.3991,-429.132,-3.5561
0.43,7.8,48,0.4002,-429.1706,-3.5948
0.43,8.0,48,0.4012,-429.209,-3.6332
0.43,8.2,48,0.4021,-429.2471,-3.6712
0.43,8.4,48,0.403,-429.2847,-3.7089
0.43,8.6,48,0.4039,-429.3218,-3.746
0.43,8.8,48,0.4046,-429.3584,-3.7826
0.43,9.0,48,0.4054,-429.3944,-3.8186
0.43,9.2,48,0.4061,-429.4298,-3.854
0.43,9.4,48,0.4067,-429.4645,-3.8886
0.43,9.6,48,0.4073,-429.4984,-3.9226
0.43,9.8,48,0.4079,-429.5316,-3.9558
0.43,10.0,48,0.4084,-429.5641,-3.9883
0.43,10.2,48,0.4089,-429.5958,-4.02
0.43,10.4,48,0.4094,-429.6267,-4.0509
0.43,10.6,48,0.4099,-429.6569,-4.081
0.43,10.8,48,0.4103,-429.6862,-4.1104
0.43,11.0,48,0.4107,-429.7148,-4.139
0.43,11.2,48,0.4111,-429.7426,-4.1667
0.43,11.4,48,0.4115,-429.7696,-4.1937
0.43,11.6,48,0.4118,-429.7958,-4.22
0.43,11.8,48,0.4122,-429.8212,-4.2454
0.43,12.0,48,0.4125,-429.8459,-4.2701
0.43,12.2,48,0.4128,-429.8699,-4.2941
0.43,12.4,48,0.4131,-429.8931,-4.3173
0.43,12.6,48,0.4133,-429.9156,-4.3398
0.43,12.8,48,0.4136,-429.9374,-4.3616
0.43,13.0,48,0.4138,-429.9585,-4.3827
0.43,13.2,48,0.4141,-429.9789,-4.4031
0.43,13.4,48,0.4143,-429.9986,-4.4228
0.43,13.6,48,0.4145,-430.0177,-4.4419
0.43,13.8,48,0.4147,-430.0362,-4.4604
0.43,14.0,48,0.4149,-430.054,-4.4782
0.43,14.2,48,0.4151,-430.0713,-4.4954
0.43,14.4,48,0.4152,-430.0879,-4.5121
0.43,14.6,48,0.4154,-430.104,-4.5282
0.43,14.8,48,0.4156,-430.1195,-4.5437
0.43,15.0,48,0.4157,-430.1345,-4.5587
0.43,15.2,48,0.4159,-430.149,-4.5731
0.43,15.4,48,0.416,-430.1629,-4.5871
0.43,15.6,48,0.4161,-430.1763,-4.6005
0.43,15.8,48,0.4163,-430.1893,-4.6135
0.43,16.0,48,0.4164,-430.2018,-4.626
0.44,0.4,48,0.2092,-431.1941,-5.6183
0.44,0.6,48,0.2217,-430.7481,-5.1723
0.44,0.8,48,0.2336,-430.3825,-4.8067
0.44,1.0,48,0.245,-430.0803,-4.5045
0.44,1.2,48,0.2559,-429.8285,-4.2527
0.44,1.4,48,0.2662,-429.6175,-4.0417
0.44,1.6,48,0.2759,-429.44,-3.8641
0.44,1.8,48,0.285,-429.2903,-3.7145
0.44,2.0,48,0.2935,-429.1644,-3.5885
0.44,2.2,48,0.3015,-429.0588,-3.483
0.44,2.4,48,0.309,-428.9711,-3.3952
0.44,2.6,48,0.3159,-428.8989,-3.3231
0.44,2.8,48,0.3223,-428.8406,-3.2648
0.44,3.0,48,0.3283,-428.7946,-3.2188
0.44,3.2,48,0.3339,-428.7596,-3.1837
0.44,3.4,48,0.339,-428.7343,-3.1584
0.44,3.6,48,0.3438,-428.7177,-3.1419
0.44,3.8,48,0.3482,-428.7089,-3.133
0.44,4.0,48,0.3523,-428.7069,-3.1311
0.44,4.2,48,0.3561,-428.7111,-3.1353
0.44,4.4,48,0.3596,-428.7207,-3.1449
0.44,4.6,48,0.3628,-428.735,-3.1592
0.44,4.8,48,0.3658,-428.7534,-3.1776
0.44,5.0,48,0.3686,-428.7755,-3.1997
0.44,5.2,48,0.3712,-428.8007,-3.2249
0.44,5.4,48,0.3736,-428.8286,-3.2528
0.44,5.6,48,0.3758,-428.8587,-3.2829
0.44,5.8,48,0.3778,-428.8908,-3.315
0.44,6.0,48,0.3797,-428.9244,-3.3486
0.44,6.2,48,0.3815,-428.9594,-3.3835
0.44,6.4,48,0.3832,-428.9953,-3.4195
0.44,6.6,48,0.3847,-429.0321,-3.4563
0.44,6.8,48,0.3862,-429.0694,-3.4936
0.44,7.0,48,0.3875,-429.1071,-3.5313
0.44,7.2,48,0.3887,-429.1451,-3.5693
0.44,7.4,48,0.3899,-429.1831,-3.6073
0.44,7.6,48,0.391,-429.2211,-3.6453
0.44,7.8,48,0.392,-429.2589,-3.683
0.44,8.0,48,0.393,-429.2964,-3.7206
0.44,8.2,48,0.3938,-429.3335,-3.7577
0.44,8.4,48,0.3947,-429.3703,-3.7944
0.44,8.6,48,0.3955,-429.4065,-3.8307
0.44,8.8,48,0.3962,-429.4421,-3.8663
0.44,9.0,48,0.3969,-429.4772,-3.9014
0.44,9.2,48,0.3975,-429.5116,-3.9358
0.44,9.4,48,0.3981,-429.5453,-3.9695
0.44,9.6,48,0.3987,-429.5783,-4.0025
0.44,9.8,48,0.3993,-429.6106,-4.0348
0.44,10.0,48,0.3998,-429.6422,-4.0663
0.44,10.2,48,0.4003,-429.6729,-4.0971
0.44,10.4,48,0.4007,-429.703,-4.1271
0.44,10.6,48,0.4011,-429.7322,-4.1564
0.44,10.8,48,0.4016,-429.7607,-4.1848
0.44,11.0,48,0.4019,-429.7884,-4.2125
0.44,11.2,48,0.4023,-429.8153,-4.2394
0.44,11.4,48,0.4026,-429.8414,-4.2656
0.44,11.6,48,0.403,-429.8668,-4.291
0.44,11.8,48,0.4033,-429.8915,-4.3157
0.44,12.0,48,0.4036,-429.9154,-4.3396
0.44,12.2,48,0.4039,-429.9386,-4.3627
0.44,12.4,48,0.4041,-429.961,-4.3852
0.44,12.6,48,0.4044,-429.9828,-4.407
0.44,12.8,48,0.4046,-430.0039,-4.428
0.44,13.0,48,0.4048,-430.0243,-4.4484
0.44,13.2,48,0.4051,-430.044,-4.4682
0.44,13.4,48,0.4053,-430.0631,-4.4873
0.44,13.6,48,0.4055,-430.0815,-4.5057
0.44,13.8,48,0.4057,-430.0994,-4.5235
0.44,14.0,48,0.4058,-430.1166,-4.5408
0.44,14.2,48,0.406,-430.1333,-4.5574
0.44,14.4,48,0.4062,-430.1493,-4.5735
0.44,14.6,48,0.4063,-430.1649,-4.589
0.44,14.8,48,0.4065,-430.1798,-4.604
0.44,15.0,48,0.4066,-430.1943,-4.6185
0.44,15.2,48,0.4068,-430.2083,-4.6324
0.44,15.4,48,0.4069,-430.2217,-4.6459
0.44,15.6,48,0.407,-430.2347,-4.6589
0.44,15.8,48,0.4072,-430.2472,-4.6714
0.44,16.0,48,0.4073,-430.2593,-4.6834
0.45,0.4,48,0.2087,-431.2176,-5.6418
0.45,0.6,48,0.2208,-430.7803,-5.2044
0.45,0.8,48,0.2325,-430.4219,-4.8461
0.45,1.0,48,0.2436,-430.1258,-4.55
0.45,1.2,48,0.2541,-429.8794,-4.3036
0.45,1.4,48,0.264,-429.6732,-4.0973
0.45,1.6,48,0.2734,-429.4999,-3.924
0.45,1.8,48,0.2822,-429.3541,-3.7783
0.45,2.0,48,0.2904,-429.2317,-3.6559
0.45,2.2,48,0.2981,-429.1295,-3.5537
0.45,2.4,48,0.3052,-429.0448,-3.469
0.45,2.6,48,0.3118,-428.9755,-3.3997
0.45,2.8,48,0.318,-428.9198,-3.344
0.45,3.0,48,0.3237,-428.8761,-3.3003
0.45,3.2,48,0.329,-428.8432,-3.2673
0.45,3.4,48,0.3339,-428.8198,-3.2439
0.45,3.6,48,0.3385,-428.8048,-3.229
0.45,3.8,48,0.3427,-428.7974,-3.2216
0.45,4.0,48,0.3465,-428.7967,-3.2209
0.45,4.2,48,0.3501,-428.8019,-3.2261
0.45,4.4,48,0.3535,-428.8123,-3.2365
0.45,4.6,48,0.3565,-428.8273,-3.2514
0.45,4.8,48,0.3594,-428.8462,-3.2704
0.45,5.0,48,0.362,-428.8686,-3.2927
0.45,5.2,48,0.3645,-428.8939,-3.3181
0.45,5.4,48,0.3667,-428.9218,-3.346
0.45,5.6,48,0.3688,-428.9518,-3.376
0.45,5.8,48,0.3708,-428.9837,-3.4079
0.45,6.0,48,0.3726,-429.017,-3.4412
0.45,6.2,48,0.3743,-429.0515,-3.4757
0.45,6.4,48,0.3758,-429.087,-3.5112
0.45,6.6,48,0.3773,-429.1232,-3.5473
0.45,6.8,48,0.3786,-429.1599,-3.584
0.45,7.0,48,0.3799,-429.1969,-3.6211
0.45,7.2,48,0.3811,-429.2341,-3.6583
0.45,7.4,48,0.3822,-429.2713,-3.6955
0.45,7.6,48,0.3832,-429.3085,-3.7327
0.45,7.8,48,0.3842,-429.3454,-3.7696
0.45,8.0,48,0.3851,-429.3821,-3.8062
0.45,8.2,48,0.3859,-429.4183,-3.8425
0.45,8.4,48,0.3867,-429.4541,-3.8783
0.45,8.6,48,0.3874,-429.4894,-3.9136
0.45,8.8,48,0.3881,-429.5242,-3.9483
0.45,9.0,48,0.3888,-429.5583,-3.9825
0.45,9.2,48,0.3894,-429.5918,-4.0159
0.45,9.4,48,0.3899,-429.6246,-4.0487
0.45,9.6,48,0.3905,-429.6566,-4.0808
0.45,9.8,48,0.391,-429.688,-4.1122
0.45,10.0,48,0.3915,-429.7186,-4.1428
0.45,10.2,48,0.3919,-429.7485,-4.1727
0.45,10.4,48,0.3924,-429.7776,-4.2018
0.45,10.6,48,0.3928,-429.806,-4.2302
0.45,10.8,48,0.3932,-429.8336,-4.2578
0.45,11.0,48,0.3935,-429.8604,-4.2846
0.45,11.2,48,0.3939,-429.8865,-4.3107
0.45,11.4,48,0.3942,-429.9119,-4.336
0.45,11.6,48,0.3945,-429.9365,-4.3606
0.45,11.8,48,0.3948,-429.9603,-4.3845
0.45,12.0,48,0.3951,-429.9835,-4.4076
0.45,12.2,48,0.3953,-430.0059,-4.4301
0.45,12.4,48,0.3956,-430.0276,-4.4518
0.45,12.6,48,0.3958,-430.0487,-4.4729
0.45,12.8,48,0.396,-430.0691,-4.4932
0.45,13.0,48,0.3963,-430.0888,-4.513
0.45,13.2,48,0.3965,-430.1079,-4.532
0.45,13.4,48,0.3967,-430.1263,-4.5505
0.45,13.6,48,0.3968,-430.1441,-4.5683
0.45,13.8,48,0.397,-430.1614,-4.5855
0.45,14.0,48,0.3972,-430.178,-4.6022
0.45,14.2,48,0.3974,-430.1941,-4.6183
0.45,14.4,48,0.3975,-430.2096,-4.6338
0.45,14.6,48,0.3977,-430.2246,-4.6488
0.45,14.8,48,0.3978,-430.2391,-4.6633
0.45,15.0,48,0.3979,-430.253,-4.6772
0.45,15.2,48,0.3981,-430.2665,-4.6907
0.45,15.4,48,0.3982,-430.2795,-4.7037
0.45,15.6,48,0.3983,-430.292,-4.7162
0.45,15.8,48,0.3984,-430.3041,-4.7283
0.45,16.0,48,0.3985,-430.3157,-4.7399
0.46,0.4,48,0.2081,-431.2411,-5.6653
0.46,0.6,48,0.22,-430.8124,-5.2365
0.46,0.8,48,0.2313,-430.4612,-4.8854
0.46,1.0,48,0.2421,-430.1713,-4.5955
0.46,1.2,48,0.2523,-429.9303,-4.3545
0.46,1.4,48,0.2619,-429.7287,-4.1529
0.46,1.6,48,0.271,-429.5597,-3.9839
0.46,1.8,48,0.2794,-429.4178,-3.842
0.46,2.0,48,0.2873,-429.299,-3.7232
0.46,2.2,48,0.2947,-429.2,-3.6242
0.46,2.4,48,0.3015,-429.1183,-3.5425
0.46,2.6,48,0.3079,-429.0518,-3.476
0.46,2.8,48,0.3138,-428.9986,-3.4227
0.46,3.0,48,0.3192,-428.9572,-3.3813
0.46,3.2,48,0.3243,-428.9262,-3.3504
0.46,3.4,48,0.329,-428.9046,-3.3288
0.46,3.6,48,0.3333,-428.8913,-3.3154
0.46,3.8,48,0.3373,-428.8852,-3.3094
0.46,4.0,48,0.341,-428.8856,-3.3098
0.46,4.2,48,0.3444,-428.8917,-3.3159
0.46,4.4,48,0.3476,-428.9029,-3.3271
0.46,4.6,48,0.3505,-428.9184,-3.3426
0.46,4.8,48,0.3532,-428.9377,-3.3619
0.46,5.0,48,0.3557,-428.9603,-3.3845
0.46,5.2,48,0.358,-428.9858,-3.4099
0.46,5.4,48,0.3601,-429.0136,-3.4378
0.46,5.6,48,0.3621,-429.0435,-3.4677
0.46,5.8,48,0.364,-429.0751,-3.4993
0.46,6.0,48,0.3657,-429.108,-3.5322
0.46,6.2,48,0.3673,-429.1421,-3.5663
0.46,6.4,48,0.3687,-429.1771,-3.6012
0.46,6.6,48,0.3701,-429.2126,-3.6368
0.46,6.8,48,0.3714,-429.2487,-3.6729
0.46,7.0,48,0.3726,-429.285,-3.7092
0.46,7.2,48,0.3737,-429.3215,-3.7456
0.46,7.4,48,0.3747,-429.3579,-3.7821
0.46,7.6,48,0.3757,-429.3942,-3.8184
0.46,7.8,48,0.3766,-429.4303,-3.8545
0.46,8.0,48,0.3775,-429.4661,-3.8903
0.46,8.2,48,0.3783,-429.5015,-3.9256
0.46,8.4,48,0.379,-429.5364,-3.9605
0.46,8.6,48,0.3797,-429.5708,-3.9949
0.46,8.8,48,0.3803,-429.6046,-4.0287
0.46,9.0,48,0.381,-429.6378,-4.0619
0.46,9.2,48,0.3815,-429.6703,-4.0945
0.46,9.4,48,0.3821,-429.7022,-4.1264
0.46,9.6,48,0.3826,-429.7334,-4.1575
0.46,9.8,48,0.3831,-429.7638,-4.188
0.46,10.0,48,0.3835,-429.7936,-4.2177
0.46,10.2,48,0.384,-429.8226,-4.2467
0.46,10.4,48,0.3844,-429.8508,-4.275
0.46,10.6,48,0.3847,-429.8783,-4.3025
0.46,10.8,48,0.3851,-429.9051,-4.3292
0.46,11.0,48,0.3854,-429.9311,-4.3553
0.46,11.2,48,0.3858,-429.9564,-4.3805
0.46,11.4,48,0.3861,-429.9809,-4.4051
0.46,11.6,48,0.3864,-430.0047,-4.4289
0.46,11.8,48,0.3866,-430.0278,-4.452
0.46,12.0,48,0.3869,-430.0502,-4.4744
0.46,12.2,48,0.3871,-430.0719,-4.4961
0.46,12.4,48,0.3874,-430.093,-4.5171
0.46,12.6,48,0.3876,-430.1133,-4.5375
0.46,12.8,48,0.3878,-430.133,-4.5572
0.46,13.0,48,0.388,-430.1521,-4.5763
0.46,13.2,48,0.3882,-430.1705,-4.5947
0.46,13.4,48,0.3884,-430.1884,-4.6125
0.46,13.6,48,0.3886,-430.2056,-4.6298
0.46,13.8,48,0.3887,-430.2222,-4.6464
0.46,14.0,48,0.3889,-430.2383,-4.6625
0.46,14.2,48,0.3891,-430.2538,-4.678
0.46,14.4,48,0.3892,-430.2688,-4.693
0.46,14.6,48,0.3893,-430.2833,-4.7075
0.46,14.8,48,0.3895,-430.2973,-4.7215
0.46,15.0,48,0.3896,-430.3108,-4.7349
0.46,15.2,48,0.3897,-430.3237,-4.7479
0.46,15.4,48,0.3898,-430.3363,-4.7605
0.46,15.6,48,0.39,-430.3484,-4.7725
0.46,15.8,48,0.3901,-430.36,-4.7842
0.46,16.0,48,0.3902,-430.3712,-4.7954
0.47,0.4,48,0.2076,-431.2645,-5.6887
0.47,0.6,48,0.2192,-430.8444,-5.2686
0.47,0.8,48,0.2302,-430.5005,-4.9247
0.47,1.0,48,0.2407,-430.2168,-4.641
0.47,1.2,48,0.2505,-429.9811,-4.4053
0.47,1.4,48,0.2598,-429.7843,-4.2084
0.47,1.6,48,0.2686,-429.6195,-4.0436
0.47,1.8,48,0.2767,-429.4814,-3.9056
0.47,2.0,48,0.2843,-429.3661,-3.7903
0.47,2.2,48,0.2914,-429.2704,-3.6946
0.47,2.4,48,0.2979,-429.1916,-3.6158
0.47,2.6,48,0.304,-429.1277,-3.5519
0.47,2.8,48,0.3097,-429.0769,-3.5011
0.47,3.0,48,0.3149,-429.0377,-3.4619
0.47,3.2,48,0.3197,-429.0087,-3.4329
0.47,3.4,48,0.3242,-428.9888,-3.413
0.47,3.6,48,0.3283,-428.9769,-3.4011
0.47,3.8,48,0.3321,-428.9721,-3.3963
0.47,4.0,48,0.3356,-428.9736,-3.3978
0.47,4.2,48,0.3389,-428.9806,-3.4047
0.47,4.4,48,0.3419,-428.9924,-3.4165
0.47,4.6,48,0.3446,-429.0084,-3.4325
0.47,4.8,48,0.3472,-429.028,-3.4522
0.47,5.0,48,0.3496,-429.0508,-3.475
0.47,5.2,48,0.3517,-429.0763,-3.5005
0.47,5.4,48,0.3538,-429.1041,-3.5282
0.47,5.6,48,0.3557,-429.1337,-3.5579
0.47,5.8,48,0.3574,-429.165,-3.5892
0.47,6.0,48,0.359,-429.1976,-3.6218
0.47,6.2,48,0.3605,-429.2312,-3.6554
0.47,6.4,48,0.3619,-429.2656,-3.6898
0.47,6.6,48,0.3632,-429.3006,-3.7247
0.47,6.8,48,0.3644,-429.3359,-3.7601
0.47,7.0,48,0.3656,-429.3715,-3.7957
0.47,7.2,48,0.3666,-429.4072,-3.8314
0.47,7.4,48,0.3676,-429.4429,-3.867
0.47,7.6,48,0.3685,-429.4784,-3.9025
0.47,7.8,48,0.3694,-429.5136,-3.9378
0.47,8.0,48,0.3702,-429.5485,-3.9727
0.47,8.2,48,0.3709,-429.583,-4.0072
0.47,8.4,48,0.3716,-429.617,-4.0412
0.47,8.6,48,0.3723,-429.6505,-4.0747
0.47,8.8,48,0.3729,-429.6834,-4.1076
0.47,9.0,48,0.3735,-429.7157,-4.1399
0.47,9.2,48,0.374,-429.7473,-4.1715
0.47,9.4,48,0.3745,-429.7783,-4.2025
0.47,9.6,48,0.375,-429.8086,-4.2328
0.47,9.8,48,0.3755,-429.8382,-4.2623
0.47,10.0,48,0.3759,-429.867,-4.2912
0.47,10.2,48,0.3763,-429.8951,-4.3193
0.47,10.4,48,0.3767,-429.9225,-4.3467
0.47,10.6,48,0.377,-429.9492,-4.3734
0.47,10.8,48,0.3774,-429.9751,-4.3993
0.47,11.0,48,0.3777,-430.0004,-4.4245
0.47,11.2,48,0.378,-430.0248,-4.449
0.47,11.4,48,0.3783,-430.0486,-4.4728
0.47,11.6,48,0.3786,-430.0717,-4.4958
0.47,11.8,48,0.3788,-430.094,-4.5182
0.47,12.0,48,0.3791,-430.1157,-4.5399
0.47,12.2,48,0.3793,-430.1367,-4.5609
0.47,12.4,48,0.3795,-430.157,-4.5812
0.47,12.6,48,0.3797,-430.1767,-4.6009
0.47,12.8,48,0.3799,-430.1958,-4.62
0.47,13.0,48,0.3801,-430.2142,-4.6384
0.47,13.2,48,0.3803,-430.232,-4.6562
0.47,13.4,48,0.3805,-430.2493,-4.6734
0.47,13.6,48,0.3806,-430.2659,-4.6901
0.47,13.8,48,0.3808,-430.282,-4.7062
0.47,14.0,48,0.3809,-430.2975,-4.7217
0.47,14.2,48,0.3811,-430.3125,-4.7367
0.47,14.4,48,0.3812,-430.327,-4.7512
0.47,14.6,48,0.3814,-430.341,-4.7651
0.47,14.8,48,0.3815,-430.3544,-4.7786
0.47,15.0,48,0.3816,-430.3675,-4.7916
0.47,15.2,48,0.3817,-430.38,-4.8042
0.47,15.4,48,0.3818,-430.3921,-4.8163
0.47,15.6,48,0.3819,-430.4037,-4.8279
0.47,15.8,48,0.382,-430.415,-4.8391
0.47,16.0,48,0.3821,-430.4258,-4.85
0.48,0.4,48,0.2071,-431.288,-5.7122
0.48,0.6,48,0.2183,-430.8765,-5.3006
0.48,0.8,48,0.2291,-430.5398,-4.964
0.48,1.0,48,0.2392,-430.2622,-4.6864
0.48,1.2,48,0.2488,-430.0318,-4.456
0.48,1.4,48,0.2578,-429.8397,-4.2639
0.48,1.6,48,0.2662,-429.6791,-4.1033
0.48,1.8,48,0.274,-429.5449,-3.9691
0.48,2.0,48,0.2814,-429.4331,-3.8572
0.48,2.2,48,0.2881,-429.3405,-3.7647
0.48,2.4,48,0.2944,-429.2646,-3.6888
0.48,2.6,48,0.3003,-429.2033,-3.6275
0.48,2.8,48,0.3057,-429.1549,-3.579
0.48,3.0,48,0.3107,-429.1177,-3.5419
0.48,3.2,48,0.3153,-429.0906,-3.5148
0.48,3.4,48,0.3195,-429.0723,-3.4965
0.48,3.6,48,0.3234,-429.0618,-3.486
0.48,3.8,48,0.3271,-429.0582,-3.4824
0.48,4.0,48,0.3304,-429.0606,-3.4848
0.48,4.2,48,0.3335,-429.0684,-3.4926
0.48,4.4,48,0.3363,-429.0808,-3.5049
0.48,4.6,48,0.339,-429.0972,-3.5214
0.48,4.8,48,0.3414,-429.1171,-3.5413
0.48,5.0,48,0.3436,-429.14,-3.5642
0.48,5.2,48,0.3457,-429.1655,-3.5897
0.48,5.4,48,0.3476,-429.1931,-3.6173
0.48,5.6,48,0.3494,-429.2226,-3.6468
0.48,5.8,48,0.3511,-429.2535,-3.6777
0.48,6.0,48,0.3526,-429.2857,-3.7098
0.48,6.2,48,0.354,-429.3188,-3.7429
0.48,6.4,48,0.3554,-429.3526,-3.7768
0.48,6.6,48,0.3566,-429.3869,-3.8111
0.48,6.8,48,0.3577,-429.4216,-3.8458
0.48,7.0,48,0.3588,-429.4565,-3.8807
0.48,7.2,48,0.3598,-429.4914,-3.9156
0.48,7.4,48,0.3607,-429.5263,-3.9504
0.48,7.6,48,0.3616,-429.5609,-3.9851
0.48,7.8,48,0.3624,-429.5953,-4.0195
0.48,8.0,48,0.3631,-429.6293,-4.0535
0.48,8.2,48,0.3638,-429.663,-4.0871
0.48,8.4,48,0.3645,-429.6961,-4.1203
0.48,8.6,48,0.3651,-429.7287,-4.1528
0.48,8.8,48,0.3657,-429.7607,-4.1849
0.48,9.0,48,0.3663,-429.7921,-4.2163
0.48,9.2,48,0.3668,-429.8228,-4.247
0.48,9.4,48,0.3673,-429.8529,-4.2771
0.48,9.6,48,0.3677,-429.8823,-4.3065
0.48,9.8,48,0.3681,-429.911,-4.3352
0.48,10.0,48,0.3685,-429.939,-4.3632
0.48,10.2,48,0.3689,-429.9663,-4.3905
0.48,10.4,48,0.3693,-429.9929,-4.4171
0.48,10.6,48,0.3696,-430.0187,-4.4429
0.48,10.8,48,0.3699,-430.0439,-4.468
0.48,11.0,48,0.3702,-430.0683,-4.4925
0.48,11.2,48,0.3705,-430.092,-4.5162
0.48,11.4,48,0.3708,-430.115,-4.5392
0.48,11.6,48,0.3711,-430.1373,-4.5615
0.48,11.8,48,0.3713,-430.159,-4.5831
0.48,12.0,48,0.3715,-430.1799,-4.6041
0.48,12.2,48,0.3718,-430.2003,-4.6244
0.48,12.4,48,0.372,-430.2199,-4.6441
0.48,12.6,48,0.3722,-430.239,-4.6631
0.48,12.8,48,0.3723,-430.2574,-4.6815
0.48,13.0,48,0.3725,-430.2752,-4.6994
0.48,13.2,48,0.3727,-430.2924,-4.7166
0.48,13.4,48,0.3729,-430.309,-4.7332
0.48,13.6,48,0.373,-430.3251,-4.7493
0.48,13.8,48,0.3732,-430.3407,-4.7648
0.48,14.0,48,0.3733,-430.3557,-4.7798
0.48,14.2,48,0.3734,-430.3701,-4.7943
0.48,14.4,48,0.3736,-430.3841,-4.8083
0.48,14.6,48,0.3737,-430.3976,-4.8218
0.48,14.8,48,0.3738,-430.4106,-4.8348
0.48,15.0,48,0.3739,-430.4232,-4.8474
0.48,15.2,48,0.374,-430.4353,-4.8595
0.48,15.4,48,0.3741,-430.4469,-4.8711
0.48,15.6,48,0.3742,-430.4582,-4.8824
0.48,15.8,48,0.3743,-430.469,-4.8932
0.48,16.0,48,0.3744,-430.4795,-4.9036
0.49,0.4,48,0.2065,-431.3114,-5.7356
0.49,0.6,48,0.2175,-430.9084,-5.3326
0.49,0.8,48,0.228,-430.579,-5.0031
0.49,1.0,48,0.2378,-430.3075,-4.7317
0.49,1.2,48,0.2471,-430.0825,-4.5067
0.49,1.4,48,0.2558,-429.8951,-4.3192
0.49,1.6,48,0.2639,-429.7387,-4.1628
0.49,1.8,48,0.2714,-429.6082,-4.0324
0.49,2.0,48,0.2785,-429.4998,-3.924
0.49,2.2,48,0.285,-429.4103,-3.8345
0.49,2.4,48,0.291,-429.3373,-3.7615
0.49,2.6,48,0.2966,-429.2785,-3.7027
0.49,2.8,48,0.3018,-429.2324,-3.6565
0.49,3.0,48,0.3065,-429.1972,-3.6214
0.49,3.2,48,0.3109,-429.1719,-3.5961
0.49,3.4,48,0.315,-429.1551,-3.5793
0.49,3.6,48,0.3187,-429.1459,-3.5701
0.49,3.8,48,0.3222,-429.1434,-3.5676
0.49,4.0,48,0.3253,-429.1467,-3.5709
0.49,4.2,48,0.3283,-429.1552,-3.5794
0.49,4.4,48,0.331,-429.1681,-3.5923
0.49,4.6,48,0.3335,-429.1849,-3.6091
0.49,4.8,48,0.3358,-429.205,-3.6292
0.49,5.0,48,0.3379,-429.228,-3.6522
0.49,5.2,48,0.3399,-429.2534,-3.6776
0.49,5.4,48,0.3417,-429.2809,-3.7051
0.49,5.6,48,0.3434,-429.3101,-3.7342
0.49,5.8,48,0.345,-429.3406,-3.7648
0.49,6.0,48,0.3464,-429.3723,-3.7965
0.49,6.2,48,0.3478,-429.4049,-3.8291
0.49,6.4,48,0.349,-429.4381,-3.8623
0.49,6.6,48,0.3502,-429.4718,-3.896
0.49,6.8,48,0.3513,-429.5058,-3.93
0.49,7.0,48,0.3523,-429.5399,-3.9641
0.49,7.2,48,0.3532,-429.5741,-3.9983
0.49,7.4,48,0.3541,-429.6081,-4.0323
0.49,7.6,48,0.3549,-429.642,-4.0661
0.49,7.8,48,0.3557,-429.6755,-4.0997
0.49,8.0,48,0.3564,-429.7087,-4.1329
0.49,8.2,48,0.357,-429.7414,-4.1656
0.49,8.4,48,0.3577,-429.7737,-4.1978
0.49,8.6,48,0.3583,-429.8054,-4.2295
0.49,8.8,48,0.3588,-429.8365,-4.2607
0.49,9.0,48,0.3593,-429.867,-4.2912
0.49,9.2,48,0.3598,-429.8969,-4.3211
0.49,9.4,48,0.3603,-429.9261,-4.3503
0.49,9.6,48,0.3607,-429.9547,-4.3788
0.49,9.8,48,0.3611,-429.9825,-4.4067
0.49,10.0,48,0.3615,-430.0097,-4.4339
0.49,10.2,48,0.3618,-430.0361,-4.4603
0.49,10.4,48,0.3622,-430.0619,-4.4861
0.49,10.6,48,0.3625,-430.0869,-4.5111
0.49,10.8,48,0.3628,-430.1113,-4.5354
0.49,11.0,48,0.3631,-430.1349,-4.5591
0.49,11.2,48,0.3634,-430.1579,-4.5821
0.49,11.4,48,0.3636,-430.1802,-4.6043
0.49,11.6,48,0.3639,-430.2018,-4.6259
0.49,11.8,48,0.3641,-430.2227,-4.6469
0.49,12.0,48,0.3643,-430.243,-4.6672
0.49,12.2,48,0.3645,-430.2626,-4.6868
0.49,12.4,48,0.3647,-430.2816,-4.7058
0.49,12.6,48,0.3649,-430.3,-4.7242
0.49,12.8,48,0.3651,-430.3178,-4.742
0.49,13.0,48,0.3652,-430.3351,-4.7592
0.49,13.2,48,0.3654,-430.3517,-4.7759
0.49,13.4,48,0.3656,-430.3678,-4.7919
0.49,13.6,48,0.3657,-430.3833,-4.8075
0.49,13.8,48,0.3658,-430.3983,-4.8225
0.49,14.0,48,0.366,-430.4128,-4.837
0.49,14.2,48,0.3661,-430.4268,-4.8509
0.49,14.4,48,0.3662,-430.4403,-4.8644
0.49,14.6,48,0.3663,-430.4533,-4.8775
0.49,14.8,48,0.3665,-430.4658,-4.89
0.49,15.0,48,0.3666,-430.478,-4.9021
0.49,15.2,48,0.3667,-430.4896,-4.9138
0.49,15.4,48,0.3668,-430.5009,-4.9251
0.49,15.6,48,0.3669,-430.5117,-4.9359
0.49,15.8,48,0.3669,-430.5222,-4.9464
0.49,16.0,48,0.367,-430.5323,-4.9564
0.5,0.4,48,0.206,-431.3348,-5.759
0.5,0.6,48,0.2167,-430.9404,-5.3646
0.5,0.8,48,0.2269,-430.6181,-5.0423
0.5,1.0,48,0.2364,-430.3528,-4.777
0.5,1.2,48,0.2454,-430.1331,-4.5572
0.5,1.4,48,0.2538,-429.9503,-4.3745
0.5,1.6,48,0.2616,-429.7981,-4.2223
0.5,1.8,48,0.2689,-429.6714,-4.0956
0.5,2.0,48,0.2756,-429.5664,-3.9905
0.5,2.2,48,0.2819,-429.4799,-3.9041
0.5,2.4,48,0.2877,-429.4096,-3.8338
0.5,2.6,48,0.293,-429.3533,-3.7775
0.5,2.8,48,0.298,-429.3094,-3.7335
0.5,3.0,48,0.3025,-429.2762,-3.7004
0.5,3.2,48,0.3067,-429.2525,-3.6767
0.5,3.4,48,0.3106,-429.2372,-3.6614
0.5,3.6,48,0.3141,-429.2292,-3.6534
0.5,3.8,48,0.3174,-429.2277,-3.6519
0.5,4.0,48,0.3204,-429.2319,-3.6561
0.5,4.2,48,0.3232,-429.241,-3.6652
0.5,4.4,48,0.3258,-429.2544,-3.6785
0.5,4.6,48,0.3282,-429.2714,-3.6956
0.5,4.8,48,0.3304,-429.2917,-3.7159
0.5,5.0,48,0.3324,-429.3147,-3.7389
0.5,5.2,48,0.3343,-429.34,-3.7642
0.5,5.4,48,0.336,-429.3673,-3.7915
0.5,5.6,48,0.3376,-429.3962,-3.8203
0.5,5.8,48,0.3391,-429.4263,-3.8505
0.5,6.0,48,0.3405,-429.4575,-3.8817
0.5,6.2,48,0.3417,-429.4896,-3.9137
0.5,6.4,48,0.3429,-429.5222,-3.9464
0.5,6.6,48,0.344,-429.5552,-3.9794
0.5,6.8,48,0.345,-429.5885,-4.0127
0.5,7.0,48,0.346,-429.6219,-4.0461
0.5,7.2,48,0.3469,-429.6553,-4.0794
0.5,7.4,48,0.3477,-429.6885,-4.1127
0.5,7.6,48,0.3485,-429.7215,-4.1457
0.5,7.8,48,0.3492,-429.7542,-4.1784
0.5,8.0,48,0.3499,-429.7865,-4.2107
0.5,8.2,48,0.3505,-429.8184,-4.2426
0.5,8.4,48,0.3511,-429.8498,-4.274
0.5,8.6,48,0.3516,-429.8806,-4.3048
0.5,8.8,48,0.3522,-429.9109,-4.3351
0.5,9.0,48,0.3526,-429.9405,-4.3647
0.5,9.2,48,0.3531,-429.9696,-4.3937
0.5,9.4,48,0.3535,-429.9979,-4.4221
0.5,9.6,48,0.3539,-430.0256,-4.4498
0.5,9.8,48,0.3543,-430.0526,-4.4768
0.5,10.0,48,0.3547,-430.079,-4.5031
0.5,10.2,48,0.355,-430.1046,-4.5288
0.5,10.4,48,0.3553,-430.1296,-4.5537
0.5,10.6,48,0.3556,-430.1538,-4.578
0.5,10.8,48,0.3559,-430.1774,-4.6016
0.5,11.0,48,0.3562,-430.2003,-4.6245
0.5,11.2,48,0.3564,-430.2225,-4.6467
0.5,11.4,48,0.3567,-430.2441,-4.6683
0.5,11.6,48,0.3569,-430.265,-4.6892
0.5,11.8,48,0.3571,-430.2852,-4.7094
0.5,12.0,48,0.3573,-430.3049,-4.729
0.5,12.2,48,0.3575,-430.3239,-4.748
0.5,12.4,48,0.3577,-430.3422,-4.7664
0.5,12.6,48,0.3579,-430.36,-4.7842
0.5,12.8,48,0.3581,-430.3772,-4.8014
0.5,13.0,48,0.3582,-430.3939,-4.818
0.5,13.2,48,0.3584,-430.4099,-4.8341
0.5,13.4,48,0.3585,-430.4255,-4.8496
0.5,13.6,48,0.3587,-430.4405,-4.8646
0.5,13.8,48,0.3588,-430.4549,-4.8791
0.5,14.0,48,0.3589,-430.4689,-4.8931
0.5,14.2,48,0.359,-430.4824,-4.9066
0.5,14.4,48,0.3592,-430.4955,-4.9196
0.5,14.6,48,0.3593,-430.508,-4.9322
0.5,14.8,48,0.3594,-430.5201,-4.9443
0.5,15.0,48,0.3595,-430.5318,-4.956
0.5,15.2,48,0.3596,-430.5431,-4.9673
0.5,15.4,48,0.3597,-430.5539,-4.9781
0.5,15.6,48,0.3598,-430.5644,-4.9886
0.5,15.8,48,0.3598,-430.5745,-4.9987
0.5,16.0,48,0.3599,-430.5842,-5.0084
0.51,0.4,48,0.2055,-431.3581,-5.7823
0.51,0.6,48,0.2159,-430.9723,-5.3964
0.51,0.8,48,0.2258,-430.6572,-5.0813
0.51,1.0,48,0.235,-430.398,-4.8222
0.51,1.2,48,0.2437,-430.1836,-4.6077
0.51,1.4,48,0.2518,-430.0055,-4.4296
0.51,1.6,48,0.2594,-429.8574,-4.2815
0.51,1.8,48,0.2664,-429.7344,-4.1586
0.51,2.0,48,0.2729,-429.6327,-4.0569
0.51,2.2,48,0.2789,-429.5492,-3.9734
0.51,2.4,48,0.2844,-429.4816,-3.9058
0.51,2.6,48,0.2895,-429.4277,-3.8519
0.51,2.8,48,0.2943,-429.3859,-3.81
0.51,3.0,48,0.2986,-429.3546,-3.7787
0.51,3.2,48,0.3026,-429.3325,-3.7567
0.51,3.4,48,0.3063,-429.3186,-3.7427
0.51,3.6,48,0.3097,-429.3118,-3.7359
0.51,3.8,48,0.3128,-429.3112,-3.7354
0.51,4.0,48,0.3157,-429.3161,-3.7403
0.51,4.2,48,0.3183,-429.3258,-3.7499
0.51,4.4,48,0.3208,-429.3395,-3.7637
0.51,4.6,48,0.323,-429.3569,-3.781
0.51,4.8,48,0.3251,-429.3773,-3.8014
0.51,5.0,48,0.327,-429.4002,-3.8244
0.51,5.2,48,0.3288,-429.4254,-3.8496
0.51,5.4,48,0.3305,-429.4524,-3.8766
0.51,5.6,48,0.332,-429.4809,-3.9051
0.51,5.8,48,0.3334,-429.5107,-3.9349
0.51,6.0,48,0.3347,-429.5414,-3.9656
0.51,6.2,48,0.3359,-429.5729,-3.997
0.51,6.4,48,0.337,-429.6048,-4.029
0.51,6.6,48,0.338,-429.6372,-4.0614
0.51,6.8,48,0.339,-429.6698,-4.094
0.51,7.0,48,0.3399,-429.7024,-4.1266
0.51,7.2,48,0.3408,-429.735,-4.1592
0.51,7.4,48,0.3415,-429.7674,-4.1916
0.51,7.6,48,0.3423,-429.7996,-4.2238
0.51,7.8,48,0.3429,-429.8315,-4.2557
0.51,8.0,48,0.3436,-429.863,-4.2871
0.51,8.2,48,0.3442,-429.894,-4.3182
0.51,8.4,48,0.3447,-429.9245,-4.3487
0.51,8.6,48,0.3453,-429.9545,-4.3787
0.51,8.8,48,0.3458,-429.9839,-4.4081
0.51,9.0,48,0.3462,-430.0127,-4.4369
0.51,9.2,48,0.3466,-430.0408,-4.465
0.51,9.4,48,0.3471,-430.0684,-4.4925
0.51,9.6,48,0.3474,-430.0952,-4.5194
0.51,9.8,48,0.3478,-430.1214,-4.5456
0.51,10.0,48,0.3481,-430.147,-4.5711
0.51,10.2,48,0.3485,-430.1718,-4.596
0.51,10.4,48,0.3488,-430.196,-4.6202
0.51,10.6,48,0.349,-430.2195,-4.6437
0.51,10.8,48,0.3493,-430.2423,-4.6665
0.51,11.0,48,0.3496,-430.2645,-4.6887
0.51,11.2,48,0.3498,-430.286,-4.7102
0.51,11.4,48,0.35,-430.3068,-4.731
0.51,11.6,48,0.3502,-430.3271,-4.7512
0.51,11.8,48,0.3505,-430.3466,-4.7708
0.51,12.0,48,0.3506,-430.3656,-4.7898
0.51,12.2,48,0.3508,-430.384,-4.8082
0.51,12.4,48,0.351,-430.4017,-4.8259
0.51,12.6,48,0.3512,-430.4189,-4.8431
0.51,12.8,48,0.3513,-430.4356,-4.8597
0.51,13.0,48,0.3515,-430.4516,-4.8758
0.51,13.2,48,0.3516,-430.4671,-4.8913
0.51,13.4,48,0.3518,-430.4821,-4.9063
0.51,13.6,48,0.3519,-430.4966,-4.9208
0.51,13.8,48,0.352,-430.5106,-4.9348
0.51,14.0,48,0.3521,-430.5241,-4.9483
0.51,14.2,48,0.3523,-430.5371,-4.9613
0.51,14.4,48,0.3524,-430.5497,-4.9739
0.51,14.6,48,0.3525,-430.5618,-4.986
0.51,14.8,48,0.3526,-430.5735,-4.9977
0.51,15.0,48,0.3527,-430.5848,-5.009
0.51,15.2,48,0.3528,-430.5957,-5.0198
0.51,15.4,48,0.3528,-430.6061,-5.0303
0.51,15.6,48,0.3529,-430.6162,-5.0404
0.51,15.8,48,0.353,-430.626,-5.0501
0.51,16.0,48,0.3531,-430.6353,-5.0595
0.52,0.4,48,0.205,-431.3815,-5.8056
0.52,0.6,48,0.2151,-431.0041,-5.4283
0.52,0.8,48,0.2247,-430.6962,-5.1204
0.52,1.0,48,0.2337,-430.4431,-4.8673
0.52,1.2,48,0.2421,-430.2339,-4.6581
0.52,1.4,48,0.2499,-430.0605,-4.4847
0.52,1.6,48,0.2572,-429.9165,-4.3407
0.52,1.8,48,0.2639,-429.7972,-4.2213
0.52,2.0,48,0.2702,-429.6987,-4.1229
0.52,2.2,48,0.2759,-429.6182,-4.0424
0.52,2.4,48,0.2812,-429.5532,-3.9774
0.52,2.6,48,0.2861,-429.5017,-3.9258
0.52,2.8,48,0.2906,-429.4619,-3.886
0.52,3.0,48,0.2948,-429.4323,-3.8565
0.52,3.2,48,0.2986,-429.4118,-3.836
0.52,3.4,48,0.3021,-429.3992,-3.8234
0.52,3.6,48,0.3054,-429.3935,-3.8176
0.52,3.8,48,0.3083,-429.3938,-3.818
0.52,4.0,48,0.3111,-429.3994,-3.8236
0.52,4.2,48,0.3136,-429.4095,-3.8337
0.52,4.4,48,0.3159,-429.4237,-3.8478
0.52,4.6,48,0.3181,-429.4412,-3.8654
0.52,4.8,48,0.32,-429.4616,-3.8858
0.52,5.0,48,0.3219,-429.4845,-3.9087
0.52,5.2,48,0.3235,-429.5095,-3.9337
0.52,5.4,48,0.3251,-429.5363,-3.9604
0.52,5.6,48,0.3265,-429.5644,-3.9886
0.52,5.8,48,0.3279,-429.5937,-4.0179
0.52,6.0,48,0.3291,-429.6239,-4.0481
0.52,6.2,48,0.3302,-429.6548,-4.0789
0.52,6.4,48,0.3313,-429.6861,-4.1103
0.52,6.6,48,0.3323,-429.7178,-4.142
0.52,6.8,48,0.3332,-429.7497,-4.1738
0.52,7.0,48,0.3341,-429.7815,-4.2057
0.52,7.2,48,0.3349,-429.8133,-4.2375
0.52,7.4,48,0.3356,-429.845,-4.2692
0.52,7.6,48,0.3363,-429.8763,-4.3005
0.52,7.8,48,0.3369,-429.9074,-4.3316
0.52,8.0,48,0.3375,-429.938,-4.3622
0.52,8.2,48,0.3381,-429.9682,-4.3924
0.52,8.4,48,0.3386,-429.9978,-4.422
0.52,8.6,48,0.3391,-430.027,-4.4512
0.52,8.8,48,0.3396,-430.0555,-4.4797
0.52,9.0,48,0.34,-430.0835,-4.5077
0.52,9.2,48,0.3404,-430.1108,-4.535
0.52,9.4,48,0.3408,-430.1375,-4.5617
0.52,9.6,48,0.3412,-430.1636,-4.5878
0.52,9.8,48,0.3415,-430.189,-4.6132
0.52,10.0,48,0.3418,-430.2137,-4.6379
0.52,10.2,48,0.3421,-430.2378,-4.662
0.52,10.4,48,0.3424,-430.2612,-4.6854
0.52,10.6,48,0.3427,-430.2839,-4.7081
0.52,10.8,48,0.3429,-430.306,-4.7302
0.52,11.0,48,0.3432,-430.3275,-4.7517
0.52,11.2,48,0.3434,-430.3483,-4.7725
0.52,11.4,48,0.3436,-430.3685,-4.7926
0.52,11.6,48,0.3438,-430.388,-4.8122
0.52,11.8,48,0.344,-430.407,-4.8311
0.52,12.0,48,0.3442,-430.4253,-4.8495
0.52,12.2,48,0.3444,-430.443,-4.8672
0.52,12.4,48,0.3445,-430.4602,-4.8844
0.52,12.6,48,0.3447,-430.4768,-4.901
0.52,12.8,48,0.3448,-430.4929,-4.917
0.52,13.0,48,0.345,-430.5084,-4.9326
0.52,13.2,48,0.3451,-430.5234,-4.9475
0.52,13.4,48,0.3453,-430.5379,-4.962
0.52,13.6,48,0.3454,-430.5518,-4.976
0.52,13.8,48,0.3455,-430.5653,-4.9895
0.52,14.0,48,0.3456,-430.5784,-5.0025
0.52,14.2,48,0.3457,-430.5909,-5.0151
0.52,14.4,48,0.3458,-430.6031,-5.0272
0.52,14.6,48,0.3459,-430.6148,-5.0389
0.52,14.8,48,0.346,-430.626,-5.0502
0.52,15.0,48,0.3461,-430.6369,-5.0611
0.52,15.2,48,0.3462,-430.6474,-5.0716
0.52,15.4,48,0.3463,-430.6575,-5.0817
0.52,15.6,48,0.3463,-430.6672,-5.0914
0.52,15.8,48,0.3464,-430.6766,-5.1008
0.52,16.0,48,0.3465,-430.6856,-5.1098
0.53,0.4,48,0.2045,-431.4048,-5.8289
0.53,0.6,48,0.2143,-431.0359,-5.4601
0.53,0.8,48,0.2236,-430.7351,-5.1593
0.53,1.0,48,0.2323,-430.4881,-4.9123
0.53,1.2,48,0.2405,-430.2842,-4.7084
0.53,1.4,48,0.248,-430.1154,-4.5396
0.53,1.6,48,0.255,-429.9755,-4.3996
0.53,1.8,48,0.2615,-429.8597,-4.2839
0.53,2.0,48,0.2675,-429.7645,-4.1887
0.53,2.2,48,0.273,-429.6869,-4.1111
0.53,2.4,48,0.2781,-429.6245,-4.0486
0.53,2.6,48,0.2828,-429.5752,-3.9993
0.53,2.8,48,0.2871,-429.5373,-3.9615
0.53,3.0,48,0.2911,-429.5095,-3.9337
0.53,3.2,48,0.2947,-429.4905,-3.9146
0.53,3.4,48,0.2981,-429.4791,-3.9032
0.53,3.6,48,0.3012,-429.4744,-3.8985
0.53,3.8,48,0.304,-429.4755,-3.8997
0.53,4.0,48,0.3066,-429.4817,-3.9059
0.53,4.2,48,0.309,-429.4923,-3.9165
0.53,4.4,48,0.3112,-429.5067,-3.9309
0.53,4.6,48,0.3132,-429.5244,-3.9486
0.53,4.8,48,0.3151,-429.5449,-3.969
0.53,5.0,48,0.3168,-429.5677,-3.9918
0.53,5.2,48,0.3184,-429.5924,-4.0166
0.53,5.4,48,0.3199,-429.6189,-4.043
0.53,5.6,48,0.3213,-429.6466,-4.0708
0.53,5.8,48,0.3225,-429.6754,-4.0996
0.53,6.0,48,0.3237,-429.7051,-4.1293
0.53,6.2,48,0.3248,-429.7354,-4.1595
0.53,6.4,48,0.3258,-429.7661,-4.1902
0.53,6.6,48,0.3267,-429.797,-4.2212
0.53,6.8,48,0.3276,-429.8282,-4.2523
0.53,7.0,48,0.3284,-429.8593,-4.2835
0.53,7.2,48,0.3291,-429.8903,-4.3145
0.53,7.4,48,0.3298,-429.9212,-4.3453
0.53,7.6,48,0.3305,-429.9517,-4.3759
0.53,7.8,48,0.3311,-429.9819,-4.4061
0.53,8.0,48,0.3317,-430.0117,-4.4359
0.53,8.2,48,0.3322,-430.041,-4.4652
0.53,8.4,48,0.3327,-430.0699,-4.494
0.53,8.6,48,0.3332,-430.0982,-4.5223
0.53,8.8,48,0.3336,-430.1259,-4.5501
0.53,9.0,48,0.334,-430.153,-4.5772
0.53,9.2,48,0.3344,-430.1795,-4.6037
0.53,9.4,48,0.3348,-430.2054,-4.6296
0.53,9.6,48,0.3351,-430.2307,-4.6548
0.53,9.8,48,0.3354,-430.2553,-4.6795
0.53,10.0,48,0.3357,-430.2792,-4.7034
0.53,10.2,48,0.336,-430.3026,-4.7267
0.53,10.4,48,0.3363,-430.3252,-4.7494
0.53,10.6,48,0.3365,-430.3472,-4.7714
0.53,10.8,48,0.3368,-430.3686,-4.7928
0.53,11.0,48,0.337,-430.3894,-4.8135
0.53,11.2,48,0.3372,-430.4095,-4.8337
0.53,11.4,48,0.3374,-430.429,-4.8532
0.53,11.6,48,0.3376,-430.4479,-4.8721
0.53,11.8,48,0.3378,-430.4662,-4.8904
0.53,12.0,48,0.338,-430.4839,-4.9081
0.53,12.2,48,0.3381,-430.5011,-4.9252
0.53,12.4,48,0.3383,-430.5176,-4.9418
0.53,12.6,48,0.3385,-430.5337,-4.9579
0.53,12.8,48,0.3386,-430.5492,-4.9734
0.53,13.0,48,0.3387,-430.5642,-4.9883
0.53,13.2,48,0.3389,-430.5786,-5.0028
0.53,13.4,48,0.339,-430.5926,-5.0168
0.53,13.6,48,0.3391,-430.6061,-5.0303
0.53,13.8,48,0.3392,-430.6191,-5.0433
0.53,14.0,48,0.3393,-430.6317,-5.0559
0.53,14.2,48,0.3394,-430.6438,-5.068
0.53,14.4,48,0.3395,-430.6555,-5.0797
0.53,14.6,48,0.3396,-430.6668,-5.091
0.53,14.8,48,0.3397,-430.6777,-5.1019
0.53,15.0,48,0.3398,-430.6882,-5.1124
0.53,15.2,48,0.3399,-430.6983,-5.1225
0.53,15.4,48,0.3399,-430.708,-5.1322
0.53,15.6,48,0.34,-430.7174,-5.1416
0.53,15.8,48,0.3401,-430.7265,-5.1506
0.53,16.0,48,0.3402,-430.7352,-5.1593
0.54,0.4,48,0.2039,-431.428,-5.8522
0.54,0.6,48,0.2136,-431.0677,-5.4919
0.54,0.8,48,0.2226,-430.774,-5.1982
0.54,1.0,48,0.231,-430.5331,-4.9573
0.54,1.2,48,0.2389,-430.3344,-4.7586
0.54,1.4,48,0.2461,-430.1701,-4.5943
0.54,1.6,48,0.2529,-430.0342,-4.4584
0.54,1.8,48,0.2591,-429.9221,-4.3463
0.54,2.0,48,0.2649,-429.8301,-4.2542
0.54,2.2,48,0.2702,-429.7553,-4.1794
0.54,2.4,48,0.2751,-429.6953,-4.1195
0.54,2.6,48,0.2795,-429.6482,-4.0724
0.54,2.8,48,0.2837,-429.6123,-4.0364
0.54,3.0,48,0.2875,-429.5861,-4.0103
0.54,3.2,48,0.2909,-429.5684,-3.9926
0.54,3.4,48,0.2941,-429.5582,-3.9824
0.54,3.6,48,0.2971,-429.5544,-3.9786
0.54,3.8,48,0.2998,-429.5563,-3.9805
0.54,4.0,48,0.3022,-429.5631,-3.9873
0.54,4.2,48,0.3045,-429.5741,-3.9983
0.54,4.4,48,0.3066,-429.5888,-4.0129
0.54,4.6,48,0.3086,-429.6065,-4.0307
0.54,4.8,48,0.3103,-429.627,-4.0511
0.54,5.0,48,0.312,-429.6496,-4.0738
0.54,5.2,48,0.3135,-429.6741,-4.0983
0.54,5.4,48,0.3149,-429.7002,-4.1244
0.54,5.6,48,0.3162,-429.7276,-4.1517
0.54,5.8,48,0.3174,-429.7559,-4.18
0.54,6.0,48,0.3185,-429.785,-4.2091
0.54,6.2,48,0.3195,-429.8146,-4.2388
0.54,6.4,48,0.3205,-429.8447,-4.2689
0.54,6.6,48,0.3213,-429.875,-4.2991
0.54,6.8,48,0.3222,-429.9054,-4.3295
0.54,7.0,48,0.3229,-429.9357,-4.3599
0.54,7.2,48,0.3236,-429.966,-4.3901
0.54,7.4,48,0.3243,-429.996,-4.4202
0.54,7.6,48,0.3249,-430.0257,-4.4499
0.54,7.8,48,0.3255,-430.0551,-4.4793
0.54,8.0,48,0.326,-430.0841,-4.5083
0.54,8.2,48,0.3265,-430.1126,-4.5368
0.54,8.4,48,0.327,-430.1406,-4.5648
0.54,8.6,48,0.3274,-430.1681,-4.5922
0.54,8.8,48,0.3279,-430.195,-4.6191
0.54,9.0,48,0.3283,-430.2213,-4.6455
0.54,9.2,48,0.3286,-430.247,-4.6712
0.54,9.4,48,0.329,-430.2721,-4.6963
0.54,9.6,48,0.3293,-430.2966,-4.7207
0.54,9.8,48,0.3296,-430.3204,-4.7446
0.54,10.0,48,0.3299,-430.3436,-4.7678
0.54,10.2,48,0.3301,-430.3662,-4.7903
0.54,10.4,48,0.3304,-430.3881,-4.8123
0.54,10.6,48,0.3306,-430.4094,-4.8336
0.54,10.8,48,0.3309,-430.4301,-4.8543
0.54,11.0,48,0.3311,-430.4501,-4.8743
0.54,11.2,48,0.3313,-430.4696,-4.8938
0.54,11.4,48,0.3315,-430.4885,-4.9126
0.54,11.6,48,0.3317,-430.5067,-4.9309
0.54,11.8,48,0.3318,-430.5244,-4.9486
0.54,12.0,48,0.332,-430.5415,-4.9657
0.54,12.2,48,0.3321,-430.5581,-4.9823
0.54,12.4,48,0.3323,-430.5741,-4.9983
0.54,12.6,48,0.3324,-430.5896,-5.0138
0.54,12.8,48,0.3326,-430.6046,-5.0287
0.54,13.0,48,0.3327,-430.619,-5.0432
0.54,13.2,48,0.3328,-430.633,-5.0572
0.54,13.4,48,0.3329,-430.6465,-5.0707
0.54,13.6,48,0.333,-430.6595,-5.0837
0.54,13.8,48,0.3331,-430.6721,-5.0962
0.54,14.0,48,0.3332,-430.6842,-5.1084
0.54,14.2,48,0.3333,-430.6959,-5.1201
0.54,14.4,48,0.3334,-430.7072,-5.1314
0.54,14.6,48,0.3335,-430.7181,-5.1422
0.54,14.8,48,0.3336,-430.7285,-5.1527
0.54,15.0,48,0.3337,-430.7387,-5.1628
0.54,15.2,48,0.3338,-430.7484,-5.1726
0.54,15.4,48,0.3338,-430.7578,-5.182
0.54,15.6,48,0.3339,-430.7668,-5.191
0.54,15.8,48,0.334,-430.7755,-5.1997
0.54,16.0,48,0.334,-430.7839,-5.2081
0.55,0.4,48,0.2034,-431.4513,-5.8754
0.55,0.6,48,0.2128,-431.0994,-5.5236
0.55,0.8,48,0.2215,-430.8128,-5.237
0.55,1.0,48,0.2297,-430.5779,-5.0021
0.55,1.2,48,0.2373,-430.3845,-4.8086
0.55,1.4,48,0.2443,-430.2247,-4.6489
0.55,1.6,48,0.2508,-430.0928,-4.517
0.55,1.8,48,0.2568,-429.9842,-4.4084
0.55,2.0,48,0.2623,-429.8953,-4.3195
0.55,2.2,48,0.2674,-429.8232,-4.2474
0.55,2.4,48,0.2721,-429.7657,-4.1899
0.55,2.6,48,0.2764,-429.7207,-4.1449
0.55,2.8,48,0.2803,-429.6866,-4.1108
0.55,3.0,48,0.2839,-429.662,-4.0862
0.55,3.2,48,0.2872,-429.6457,-4.0699
0.55,3.4,48,0.2903,-429.6366,-4.0607
0.55,3.6,48,0.2931,-429.6337,-4.0579
0.55,3.8,48,0.2957,-429.6363,-4.0605
0.55,4.0,48,0.298,-429.6436,-4.0677
0.55,4.2,48,0.3002,-429.6549,-4.0791
0.55,4.4,48,0.3022,-429.6698,-4.0939
0.55,4.6,48,0.304,-429.6876,-4.1118
0.55,4.8,48,0.3057,-429.7079,-4.1321
0.55,5.0,48,0.3073,-429.7304,-4.1546
0.55,5.2,48,0.3087,-429.7547,-4.1788
0.55,5.4,48,0.31,-429.7804,-4.2046
0.55,5.6,48,0.3112,-429.8073,-4.2314
0.55,5.8,48,0.3124,-429.8351,-4.2592
0.55,6.0,48,0.3134,-429.8636,-4.2878
0.55,6.2,48,0.3144,-429.8926,-4.3168
0.55,6.4,48,0.3153,-429.922,-4.3462
0.55,6.6,48,0.3161,-429.9516,-4.3758
0.55,6.8,48,0.3169,-429.9813,-4.4054
0.55,7.0,48,0.3176,-430.0109,-4.435
0.55,7.2,48,0.3183,-430.0403,-4.4645
0.55,7.4,48,0.3189,-430.0696,-4.4937
0.55,7.6,48,0.3195,-430.0985,-4.5227
0.55,7.8,48,0.3201,-430.1271,-4.5512
0.55,8.0,48,0.3206,-430.1552,-4.5794
0.55,8.2,48,0.321,-430.1829,-4.6071
0.55,8.4,48,0.3215,-430.2101,-4.6343
0.55,8.6,48,0.3219,-430.2367,-4.6609
0.55,8.8,48,0.3223,-430.2628,-4.687
0.55,9.0,48,0.3227,-430.2883,-4.7125
0.55,9.2,48,0.323,-430.3133,-4.7374
0.55,9.4,48,0.3233,-430.3376,-4.7617
0.55,9.6,48,0.3236,-430.3613,-4.7854
0.55,9.8,48,0.3239,-430.3843,-4.8085
0.55,10.0,48,0.3242,-430.4068,-4.831
0.55,10.2,48,0.3245,-430.4286,-4.8528
0.55,10.4,48,0.3247,-430.4499,-4.874
0.55,10.6,48,0.3249,-430.4705,-4.8946
0.55,10.8,48,0.3251,-430.4905,-4.9146
0.55,11.0,48,0.3253,-430.5099,-4.934
0.55,11.2,48,0.3255,-430.5287,-4.9528
0.55,11.4,48,0.3257,-430.5469,-4.9711
0.55,11.6,48,0.3259,-430.5645,-4.9887
0.55,11.8,48,0.326,-430.5816,-5.0058
0.55,12.0,48,0.3262,-430.5981,-5.0223
0.55,12.2,48,0.3263,-430.6141,-5.0383
0.55,12.4,48,0.3265,-430.6296,-5.0538
0.55,12.6,48,0.3266,-430.6446,-5.0687
0.55,12.8,48,0.3267,-430.659,-5.0832
0.55,13.0,48,0.3269,-430.673,-5.0971
0.55,13.2,48,0.327,-430.6864,-5.1106
0.55,13.4,48,0.3271,-430.6994,-5.1236
0.55,13.6,48,0.3272,-430.712,-5.1362
0.55,13.8,48,0.3273,-430.7241,-5.1483
0.55,14.0,48,0.3274,-430.7358,-5.16
0.55,14.2,48,0.3275,-430.7471,-5.1713
0.55,14.4,48,0.3276,-430.758,-5.1822
0.55,14.6,48,0.3276,-430.7685,-5.1927
0.55,14.8,48,0.3277,-430.7786,-5.2028
0.55,15.0,48,0.3278,-430.7883,-5.2125
0.55,15.2,48,0.3279,-430.7977,-5.2219
0.55,15.4,48,0.3279,-430.8068,-5.231
0.55,15.6,48,0.328,-430.8155,-5.2397
0.55,15.8,48,0.3281,-430.8239,-5.2481
0.55,16.0,48,0.3281,-430.832,-5.2561
0.56,0.4,48,0.2029,-431.4745,-5.8987
0.56,0.6,48,0.212,-431.131,-5.5552
0.56,0.8,48,0.2205,-430.8516,-5.2757
0.56,1.0,48,0.2284,-430.6227,-5.0469
0.56,1.2,48,0.2357,-430.4344,-4.8586
0.56,1.4,48,0.2425,-430.2792,-4.7033
0.56,1.6,48,0.2487,-430.1512,-4.5754
0.56,1.8,48,0.2545,-430.0461,-4.4702
0.56,2.0,48,0.2598,-429.9602,-4.3844
0.56,2.2,48,0.2647,-429.8909,-4.3151
0.56,2.4,48,0.2692,-429.8357,-4.2599
0.56,2.6,48,0.2733,-429.7928,-4.2169
0.56,2.8,48,0.277,-429.7605,-4.1846
0.56,3.0,48,0.2805,-429.7374,-4.1615
0.56,3.2,48,0.2836,-429.7223,-4.1465
0.56,3.4,48,0.2865,-429.7142,-4.1384
0.56,3.6,48,0.2892,-429.7122,-4.1363
0.56,3.8,48,0.2917,-429.7154,-4.1395
0.56,4.0,48,0.2939,-429.7231,-4.1473
0.56,4.2,48,0.296,-429.7348,-4.1589
0.56,4.4,48,0.2979,-429.7497,-4.1739
0.56,4.6,48,0.2996,-429.7676,-4.1918
0.56,4.8,48,0.3012,-429.7878,-4.212
0.56,5.0,48,0.3027,-429.8101,-4.2343
0.56,5.2,48,0.304,-429.834,-4.2582
0.56,5.4,48,0.3053,-429.8594,-4.2835
0.56,5.6,48,0.3065,-429.8858,-4.3099
0.56,5.8,48,0.3075,-429.9131,-4.3372
0.56,6.0,48,0.3085,-429.941,-4.3652
0.56,6.2,48,0.3094,-429.9694,-4.3936
0.56,6.4,48,0.3103,-429.9981,-4.4223
0.56,6.6,48,0.3111,-430.027,-4.4512
0.56,6.8,48,0.3118,-430.0559,-4.4801
0.56,7.0,48,0.3125,-430.0847,-4.5089
0.56,7.2,48,0.3131,-430.1134,-4.5376
0.56,7.4,48,0.3137,-430.1419,-4.566
0.56,7.6,48,0.3143,-430.17,-4.5942
0.56,7.8,48,0.3148,-430.1978,-4.6219
0.56,8.0,48,0.3153,-430.2251,-4.6493
0.56,8.2,48,0.3157,-430.252,-4.6761
0.56,8.4,48,0.3162,-430.2783,-4.7025
0.56,8.6,48,0.3166,-430.3042,-4.7284
0.56,8.8,48,0.3169,-430.3295,-4.7537
0.56,9.0,48,0.3173,-430.3542,-4.7784
0.56,9.2,48,0.3176,-430.3784,-4.8025
0.56,9.4,48,0.3179,-430.4019,-4.8261
0.56,9.6,48,0.3182,-430.4248,-4.849
0.56,9.8,48,0.3185,-430.4472,-4.8714
0.56,10.0,48,0.3187,-430.4689,-4.8931
0.56,10.2,48,0.319,-430.49,-4.9142
0.56,10.4,48,0.3192,-430.5106,-4.9347
0.56,10.6,48,0.3194,-430.5305,-4.9546
0.56,10.8,48,0.3196,-430.5498,-4.974
0.56,11.0,48,0.3198,-430.5685,-4.9927
0.56,11.2,48,0.32,-430.5867,-5.0109
0.56,11.4,48,0.3202,-430.6043,-5.0285
0.56,11.6,48,0.3203,-430.6214,-5.0455
0.56,11.8,48,0.3205,-430.6379,-5.062
0.56,12.0,48,0.3206,-430.6538,-5.078
0.56,12.2,48,0.3208,-430.6693,-5.0934
0.56,12.4,48,0.3209,-430.6842,-5.1084
0.56,12.6,48,0.321,-430.6986,-5.1228
0.56,12.8,48,0.3211,-430.7125,-5.1367
0.56,13.0,48,0.3212,-430.726,-5.1502
0.56,13.2,48,0.3214,-430.739,-5.1632
0.56,13.4,48,0.3215,-430.7516,-5.1757
0.56,13.6,48,0.3216,-430.7637,-5.1878
0.56,13.8,48,0.3216,-430.7754,-5.1995
0.56,14.0,48,0.3217,-430.7866,-5.2108
0.56,14.2,48,0.3218,-430.7975,-5.2217
0.56,14.4,48,0.3219,-430.808,-5.2322
0.56,14.6,48,0.322,-430.8181,-5.2423
0.56,14.8,48,0.3221,-430.8279,-5.252
0.56,15.0,48,0.3221,-430.8372,-5.2614
0.56,15.2,48,0.3222,-430.8463,-5.2705
0.56,15.4,48,0.3223,-430.855,-5.2792
0.56,15.6,48,0.3223,-430.8634,-5.2876
0.56,15.8,48,0.3224,-430.8715,-5.2957
0.56,16.0,48,0.3224,-430.8793,-5.3035
0.57,0.4,48,0.2024,-431.4977,-5.9218
0.57,0.6,48,0.2112,-431.1626,-5.5868
0.57,0.8,48,0.2195,-430.8902,-5.3144
0.57,1.0,48,0.2271,-430.6673,-5.0915
0.57,1.2,48,0.2342,-430.4842,-4.9084
0.57,1.4,48,0.2407,-430.3334,-4.7576
0.57,1.6,48,0.2467,-430.2094,-4.6336
0.57,1.8,48,0.2523,-430.1077,-4.5318
0.57,2.0,48,0.2573,-430.0249,-4.449
0.57,2.2,48,0.262,-429.9581,-4.3823
0.57,2.4,48,0.2663,-429.9053,-4.3294
0.57,2.6,48,0.2702,-429.8643,-4.2885
0.57,2.8,48,0.2738,-429.8337,-4.2579
0.57,3.0,48,0.2771,-429.8121,-4.2362
0.57,3.2,48,0.2801,-429.7982,-4.2224
0.57,3.4,48,0.2829,-429.7911,-4.2152
0.57,3.6,48,0.2854,-429.7898,-4.214
0.57,3.8,48,0.2878,-429.7936,-4.2178
0.57,4.0,48,0.2899,-429.8017,-4.2259
0.57,4.2,48,0.2919,-429.8136,-4.2378
0.57,4.4,48,0.2937,-429.8287,-4.2529
0.57,4.6,48,0.2953,-429.8465,-4.2707
0.57,4.8,48,0.2968,-429.8666,-4.2908
0.57,5.0,48,0.2982,-429.8887,-4.3128
0.57,5.2,48,0.2995,-429.9123,-4.3364
0.57,5.4,48,0.3007,-429.9372,-4.3613
0.57,5.6,48,0.3018,-429.9631,-4.3873
0.57,5.8,48,0.3028,-429.9898,-4.414
0.57,6.0,48,0.3038,-430.0172,-4.4414
0.57,6.2,48,0.3047,-430.0449,-4.4691
0.57,6.4,48,0.3055,-430.073,-4.4971
0.57,6.6,48,0.3062,-430.1011,-4.5253
0.57,6.8,48,0.3069,-430.1293,-4.5535
0.57,7.0,48,0.3076,-430.1574,-4.5816
0.57,7.2,48,0.3082,-430.1853,-4.6095
0.57,7.4,48,0.3087,-430.213,-4.6371
0.57,7.6,48,0.3092,-430.2403,-4.6645
0.57,7.8,48,0.3097,-430.2673,-4.6914
0.57,8.0,48,0.3102,-430.2938,-4.718
0.57,8.2,48,0.3106,-430.3199,-4.744
0.57,8.4,48,0.311,-430.3454,-4.7696
0.57,8.6,48,0.3114,-430.3705,-4.7947
0.57,8.8,48,0.3117,-430.395,-4.8192
0.57,9.0,48,0.3121,-430.419,-4.8431
0.57,9.2,48,0.3124,-430.4423,-4.8665
0.57,9.4,48,0.3127,-430.4651,-4.8893
0.57,9.6,48,0.3129,-430.4873,-4.9115
0.57,9.8,48,0.3132,-430.5089,-4.9331
0.57,10.0,48,0.3134,-430.5299,-4.9541
0.57,10.2,48,0.3137,-430.5504,-4.9745
0.57,10.4,48,0.3139,-430.5702,-4.9944
0.57,10.6,48,0.3141,-430.5895,-5.0136
0.57,10.8,48,0.3143,-430.6081,-5.0323
0.57,11.0,48,0.3144,-430.6262,-5.0504
0.57,11.2,48,0.3146,-430.6438,-5.068
0.57,11.4,48,0.3148,-430.6608,-5.085
0.57,11.6,48,0.3149,-430.6772,-5.1014
0.57,11.8,48,0.3151,-430.6932,-5.1173
0.57,12.0,48,0.3152,-430.7086,-5.1327
0.57,12.2,48,0.3153,-430.7235,-5.1476
0.57,12.4,48,0.3155,-430.7379,-5.162
0.57,12.6,48,0.3156,-430.7518,-5.1759
0.57,12.8,48,0.3157,-430.7652,-5.1894
0.57,13.0,48,0.3158,-430.7782,-5.2024
0.57,13.2,48,0.3159,-430.7907,-5.2149
0.57,13.4,48,0.316,-430.8028,-5.227
0.57,13.6,48,0.3161,-430.8145,-5.2387
0.57,13.8,48,0.3162,-430.8258,-5.25
0.57,14.0,48,0.3163,-430.8367,-5.2608
0.57,14.2,48,0.3164,-430.8471,-5.2713
0.57,14.4,48,0.3164,-430.8572,-5.2814
0.57,14.6,48,0.3165,-430.867,-5.2912
0.57,14.8,48,0.3166,-430.8764,-5.3005
0.57,15.0,48,0.3166,-430.8854,-5.3096
0.57,15.2,48,0.3167,-430.8941,-5.3183
0.57,15.4,48,0.3168,-430.9025,-5.3267
0.57,15.6,48,0.3168,-430.9106,-5.3348
0.57,15.8,48,0.3169,-430.9184,-5.3426
0.57,16.0,48,0.3169,-430.9259,-5.3501
0.58,0.4,48,0.2019,-431.5208,-5.945
0.58,0.6,48,0.2105,-431.1942,-5.6184
0.58,0.8,48,0.2184,-430.9288,-5.353
0.58,1.0,48,0.2258,-430.7119,-5.1361
0.58,1.2,48,0.2327,-430.5339,-4.9581
0.58,1.4,48,0.2389,-430.3875,-4.8117
0.58,1.6,48,0.2447,-430.2673,-4.6915
0.58,1.8,48,0.2501,-430.169,-4.5932
0.58,2.0,48,0.2549,-430.0892,-4.5133
0.58,2.2,48,0.2594,-430.025,-4.4492
0.58,2.4,48,0.2635,-429.9744,-4.3986
0.58,2.6,48,0.2673,-429.9354,-4.3595
0.58,2.8,48,0.2707,-429.9064,-4.3306
0.58,3.0,48,0.2738,-429.8861,-4.3103
0.58,3.2,48,0.2767,-429.8734,-4.2976
0.58,3.4,48,0.2793,-429.8672,-4.2914
0.58,3.6,48,0.2818,-429.8666,-4.2908
0.58,3.8,48,0.284,-429.8709,-4.2951
0.58,4.0,48,0.286,-429.8794,-4.3036
0.58,4.2,48,0.2879,-429.8915,-4.3157
0.58,4.4,48,0.2896,-429.9067,-4.3309
0.58,4.6,48,0.2911,-429.9244,-4.3486
0.58,4.8,48,0.2926,-429.9444,-4.3685
0.58,5.0,48,0.2939,-429.9661,-4.3903
0.58,5.2,48,0.2951,-429.9894,-4.4136
0.58,5.4,48,0.2963,-430.0139,-4.438
0.58,5.6,48,0.2973,-430.0393,-4.4635
0.58,5.8,48,0.2983,-430.0655,-4.4896
0.58,6.0,48,0.2992,-430.0922,-4.5164
0.58,6.2,48,0.3,-430.1193,-4.5435
0.58,6.4,48,0.3008,-430.1466,-4.5708
0.58,6.6,48,0.3015,-430.1741,-4.5983
0.58,6.8,48,0.3021,-430.2015,-4.6257
0.58,7.0,48,0.3028,-430.2289,-4.653
0.58,7.2,48,0.3033,-430.256,-4.6802
0.58,7.4,48,0.3039,-430.2829,-4.707
0.58,7.6,48,0.3043,-430.3094,-4.7336
0.58,7.8,48,0.3048,-430.3356,-4.7598
0.58,8.0,48,0.3052,-430.3613,-4.7855
0.58,8.2,48,0.3056,-430.3866,-4.8108
0.58,8.4,48,0.306,-430.4114,-4.8356
0.58,8.6,48,0.3064,-430.4357,-4.8598
0.58,8.8,48,0.3067,-430.4594,-4.8836
0.58,9.0,48,0.307,-430.4826,-4.9068
0.58,9.2,48,0.3073,-430.5052,-4.9294
0.58,9.4,48,0.3076,-430.5273,-4.9514
0.58,9.6,48,0.3078,-430.5487,-4.9729
0.58,9.8,48,0.3081,-430.5696,-4.9938
0.58,10.0,48,0.3083,-430.5899,-5.0141
0.58,10.2,48,0.3085,-430.6097,-5.0339
0.58,10.4,48,0.3087,-430.6288,-5.053
0.58,10.6,48,0.3089,-430.6474,-5.0716
0.58,10.8,48,0.3091,-430.6655,-5.0897
0.58,11.0,48,0.3093,-430.683,-5.1071
0.58,11.2,48,0.3094,-430.6999,-5.1241
0.58,11.4,48,0.3096,-430.7163,-5.1405
0.58,11.6,48,0.3097,-430.7322,-5.1564
0.58,11.8,48,0.3099,-430.7475,-5.1717
0.58,12.0,48,0.31,-430.7624,-5.1866
0.58,12.2,48,0.3101,-430.7768,-5.2009
0.58,12.4,48,0.3102,-430.7907,-5.2148
0.58,12.6,48,0.3103,-430.8041,-5.2283
0.58,12.8,48,0.3105,-430.817,-5.2412
0.58,13.0,48,0.3106,-430.8296,-5.2537
0.58,13.2,48,0.3107,-430.8416,-5.2658
0.58,13.4,48,0.3107,-430.8533,-5.2775
0.58,13.6,48,0.3108,-430.8646,-5.2887
0.58,13.8,48,0.3109,-430.8754,-5.2996
0.58,14.0,48,0.311,-430.8859,-5.3101
0.58,14.2,48,0.3111,-430.896,-5.3202
0.58,14.4,48,0.3111,-430.9057,-5.3299
0.58,14.6,48,0.3112,-430.9151,-5.3393
0.58,14.8,48,0.3113,-430.9241,-5.3483
0.58,15.0,48,0.3113,-430.9329,-5.357
0.58,15.2,48,0.3114,-430.9413,-5.3654
0.58,15.4,48,0.3115,-430.9493,-5.3735
0.58,15.6,48,0.3115,-430.9571,-5.3813
0.58,15.8,48,0.3116,-430.9646,-5.3888
0.58,16.0,48,0.3116,-430.9718,-5.396
0.59,0.4,48,0.2014,-431.5439,-5.9681
0.59,0.6,48,0.2097,-431.2257,-5.6498
0.59,0.8,48,0.2174,-430.9673,-5.3915
0.59,1.0,48,0.2246,-430.7563,-5.1805
0.59,1.2,48,0.2312,-430.5834,-5.0076
0.59,1.4,48,0.2372,-430.4415,-4.8656
0.59,1.6,48,0.2428,-430.3251,-4.7493
0.59,1.8,48,0.2479,-430.2301,-4.6543
0.59,2.0,48,0.2526,-430.1531,-4.5773
0.59,2.2,48,0.2568,-430.0915,-4.5157
0.59,2.4,48,0.2608,-430.043,-4.4672
0.59,2.6,48,0.2643,-430.0059,-4.4301
0.59,2.8,48,0.2676,-429.9785,-4.4027
0.59,3.0,48,0.2706,-429.9596,-4.3837
0.59,3.2,48,0.2734,-429.9479,-4.3721
0.59,3.4,48,0.2759,-429.9426,-4.3667
0.59,3.6,48,0.2782,-429.9426,-4.3668
0.59,3.8,48,0.2803,-429.9474,-4.3716
0.59,4.0,48,0.2822,-429.9562,-4.3804
0.59,4.2,48,0.284,-429.9685,-4.3927
0.59,4.4,48,0.2856,-429.9837,-4.4078
0.59,4.6,48,0.2871,-430.0013,-4.4255
0.59,4.8,48,0.2885,-430.0211,-4.4452
0.59,5.0,48,0.2897,-430.0425,-4.4667
0.59,5.2,48,0.2909,-430.0654,-4.4896
0.59,5.4,48,0.292,-430.0894,-4.5136
0.59,5.6,48,0.293,-430.1143,-4.5385
0.59,5.8,48,0.2939,-430.1399,-4.5641
0.59,6.0,48,0.2947,-430.166,-4.5902
0.59,6.2,48,0.2955,-430.1925,-4.6167
0.59,6.4,48,0.2962,-430.2192,-4.6433
0.59,6.6,48,0.2969,-430.2459,-4.6701
0.59,6.8,48,0.2975,-430.2726,-4.6968
0.59,7.0,48,0.2981,-430.2991,-4.7233
0.59,7.2,48,0.2986,-430.3255,-4.7497
0.59,7.4,48,0.2991,-430.3516,-4.7758
0.59,7.6,48,0.2996,-430.3774,-4.8016
0.59,7.8,48,0.3,-430.4028,-4.8269
0.59,8.0,48,0.3004,-430.4277,-4.8519
0.59,8.2,48,0.3008,-430.4522,-4.8764
0.59,8.4,48,0.3012,-430.4762,-4.9004
0.59,8.6,48,0.3015,-430.4997,-4.9239
0.59,8.8,48,0.3018,-430.5227,-4.9469
0.59,9.0,48,0.3021,-430.5451,-4.9693
0.59,9.2,48,0.3024,-430.567,-4.9912
0.59,9.4,48,0.3027,-430.5883,-5.0125
0.59,9.6,48,0.3029,-430.6091,-5.0333
0.59,9.8,48,0.3031,-430.6293,-5.0535
0.59,10.0,48,0.3033,-430.6489,-5.0731
0.59,10.2,48,0.3035,-430.668,-5.0922
0.59,10.4,48,0.3037,-430.6865,-5.1107
0.59,10.6,48,0.3039,-430.7045,-5.1286
0.59,10.8,48,0.3041,-430.7219,-5.146
0.59,11.0,48,0.3043,-430.7387,-5.1629
0.59,11.2,48,0.3044,-430.7551,-5.1793
0.59,11.4,48,0.3046,-430.7709,-5.1951
0.59,11.6,48,0.3047,-430.7862,-5.2104
0.59,11.8,48,0.3048,-430.8011,-5.2252
0.59,12.0,48,0.3049,-430.8154,-5.2396
0.59,12.2,48,0.3051,-430.8292,-5.2534
0.59,12.4,48,0.3052,-430.8426,-5.2668
0.59,12.6,48,0.3053,-430.8556,-5.2797
0.59,12.8,48,0.3054,-430.8681,-5.2922
0.59,13.0,48,0.3055,-430.8801,-5.3043
0.59,13.2,48,0.3056,-430.8918,-5.3159
0.59,13.4,48,0.3056,-430.903,-5.3272
0.59,13.6,48,0.3057,-430.9138,-5.338
0.59,13.8,48,0.3058,-430.9243,-5.3485
0.59,14.0,48,0.3059,-430.9344,-5.3586
0.59,14.2,48,0.306,-430.9441,-5.3683
0.59,14.4,48,0.306,-430.9535,-5.3776
0.59,14.6,48,0.3061,-430.9625,-5.3867
0.59,14.8,48,0.3062,-430.9712,-5.3954
0.59,15.0,48,0.3062,-430.9796,-5.4038
0.59,15.2,48,0.3063,-430.9877,-5.4119
0.59,15.4,48,0.3063,-430.9955,-5.4196
0.59,15.6,48,0.3064,-431.003,-5.4271
0.59,15.8,48,0.3064,-431.0102,-5.4343
0.59,16.0,48,0.3065,-431.0171,-5.4413
0.6,0.4,48,0.2009,-431.567,-5.9912
0.6,0.6,48,0.209,-431.2571,-5.6813
0.6,0.8,48,0.2164,-431.0057,-5.4299
0.6,1.0,48,0.2233,-430.8007,-5.2248
0.6,1.2,48,0.2297,-430.6328,-5.057
0.6,1.4,48,0.2355,-430.4952,-4.9194
0.6,1.6,48,0.2408,-430.3826,-4.8068
0.6,1.8,48,0.2457,-430.2909,-4.7151
0.6,2.0,48,0.2502,-430.2168,-4.6409
0.6,2.2,48,0.2543,-430.1576,-4.5818
0.6,2.4,48,0.2581,-430.1113,-4.5354
0.6,2.6,48,0.2615,-430.0759,-4.5001
0.6,2.8,48,0.2646,-430.05,-4.4742
0.6,3.0,48,0.2675,-430.0323,-4.4565
0.6,3.2,48,0.2701,-430.0217,-4.4459
0.6,3.4,48,0.2725,-430.0172,-4.4413
0.6,3.6,48,0.2747,-430.0179,-4.442
0.6,3.8,48,0.2767,-430.0231,-4.4473
0.6,4.0,48,0.2785,-430.0322,-4.4563
0.6,4.2,48,0.2802,-430.0445,-4.4687
0.6,4.4,48,0.2817,-430.0597,-4.4839
0.6,4.6,48,0.2832,-430.0772,-4.5014
0.6,4.8,48,0.2845,-430.0967,-4.5209
0.6,5.0,48,0.2857,-430.1179,-4.542
0.6,5.2,48,0.2868,-430.1403,-4.5645
0.6,5.4,48,0.2878,-430.1639,-4.5881
0.6,5.6,48,0.2887,-430.1883,-4.6125
0.6,5.8,48,0.2896,-430.2133,-4.6375
0.6,6.0,48,0.2904,-430.2388,-4.663
0.6,6.2,48,0.2911,-430.2646,-4.6887
0.6,6.4,48,0.2918,-430.2905,-4.7147
0.6,6.6,48,0.2924,-430.3165,-4.7407
0.6,6.8,48,0.293,-430.3425,-4.7667
0.6,7.0,48,0.2936,-430.3683,-4.7925
0.6,7.2,48,0.2941,-430.3939,-4.8181
0.6,7.4,48,0.2946,-430.4192,-4.8434
0.6,7.6,48,0.295,-430.4442,-4.8684
0.6,7.8,48,0.2954,-430.4688,-4.893
0.6,8.0,48,0.2958,-430.493,-4.9172
0.6,8.2,48,0.2962,-430.5167,-4.9409
0.6,8.4,48,0.2965,-430.54,-4.9642
0.6,8.6,48,0.2968,-430.5627,-4.9869
0.6,8.8,48,0.2971,-430.585,-5.0091
0.6,9.0,48,0.2974,-430.6067,-5.0308
0.6,9.2,48,0.2977,-430.6278,-5.052
0.6,9.4,48,0.2979,-430.6484,-5.0726
0.6,9.6,48,0.2981,-430.6685,-5.0927
0.6,9.8,48,0.2983,-430.688,-5.1122
0.6,10.0,48,0.2985,-430.7069,-5.1311
0.6,10.2,48,0.2987,-430.7253,-5.1495
0.6,10.4,48,0.2989,-430.7432,-5.1674
0.6,10.6,48,0.2991,-430.7605,-5.1847
0.6,10.8,48,0.2993,-430.7773,-5.2015
0.6,11.0,48,0.2994,-430.7936,-5.2178
0.6,11.2,48,0.2995,-430.8094,-5.2336
0.6,11.4,48,0.2997,-430.8246,-5.2488
0.6,11.6,48,0.2998,-430.8394,-5.2636
0.6,11.8,48,0.2999,-430.8537,-5.2779
0.6,12.0,48,0.3001,-430.8675,-5.2917
0.6,12.2,48,0.3002,-430.8809,-5.305
0.6,12.4,48,0.3003,-430.8938,-5.3179
0.6,12.6,48,0.3004,-430.9062,-5.3304
0.6,12.8,48,0.3005,-430.9183,-5.3424
0.6,13.0,48,0.3006,-430.9299,-5.3541
0.6,13.2,48,0.3006,-430.9411,-5.3653
0.6,13.4,48,0.3007,-430.9519,-5.3761
0.6,13.6,48,0.3008,-430.9624,-5.3865
0.6,13.8,48,0.3009,-430.9724,-5.3966
0.6,14.0,48,0.3009,-430.9821,-5.4063
0.6,14.2,48,0.301,-430.9915,-5.4157
0.6,14.4,48,0.3011,-431.0005,-5.4247
0.6,14.6,48,0.3011,-431.0092,-5.4334
0.6,14.8,48,0.3012,-431.0176,-5.4418
0.6,15.0,48,0.3013,-431.0257,-5.4498
0.6,15.2,48,0.3013,-431.0334,-5.4576
0.6,15.4,48,0.3014,-431.0409,-5.4651
0.6,15.6,48,0.3014,-431.0481,-5.4723
0.6,15.8,48,0.3015,-431.0551,-5.4792
0.6,16.0,48,0.3015,-431.0617,-5.4859
0.61,0.4,48,0.2004,-431.5901,-6.0143
0.61,0.6,48,0.2082,-431.2885,-5.7127
0.61,0.8,48,0.2154,-431.0441,-5.4682
0.61,1.0,48,0.2221,-430.8449,-5.2691
0.61,1.2,48,0.2282,-430.682,-5.1062
0.61,1.4,48,0.2338,-430.5487,-4.9729
0.61,1.6,48,0.239,-430.4399,-4.8641
0.61,1.8,48,0.2437,-430.3514,-4.7756
0.61,2.0,48,0.2479,-430.2801,-4.7042
0.61,2.2,48,0.2519,-430.2233,-4.6475
0.61,2.4,48,0.2554,-430.179,-4.6032
0.61,2.6,48,0.2587,-430.1454,-4.5696
0.61,2.8,48,0.2617,-430.121,-4.5452
0.61,3.0,48,0.2644,-430.1045,-4.5287
0.61,3.2,48,0.2669,-430.0948,-4.519
0.61,3.4,48,0.2692,-430.091,-4.5152
0.61,3.6,48,0.2713,-430.0923,-4.5165
0.61,3.8,48,0.2732,-430.0979,-4.5221
0.61,4.0,48,0.2749,-430.1072,-4.5314
0.61,4.2,48,0.2765,-430.1196,-4.5438
0.61,4.4,48,0.278,-430.1348,-4.5589
0.61,4.6,48,0.2793,-430.1521,-4.5763
0.61,4.8,48,0.2806,-430.1714,-4.5956
0.61,5.0,48,0.2817,-430.1922,-4.6164
0.61,5.2,48,0.2827,-430.2142,-4.6384
0.61,5.4,48,0.2837,-430.2373,-4.6615
0.61,5.6,48,0.2846,-430.2611,-4.6853
0.61,5.8,48,0.2854,-430.2856,-4.7097
0.61,6.0,48,0.2862,-430.3104,-4.7346
0.61,6.2,48,0.2869,-430.3355,-4.7597
0.61,6.4,48,0.2875,-430.3608,-4.785
0.61,6.6,48,0.2881,-430.3861,-4.8103
0.61,6.8,48,0.2887,-430.4113,-4.8355
0.61,7.0,48,0.2892,-430.4364,-4.8606
0.61,7.2,48,0.2897,-430.4612,-4.8854
0.61,7.4,48,0.2901,-430.4858,-4.91
0.61,7.6,48,0.2905,-430.51,-4.9342
0.61,7.8,48,0.2909,-430.5338,-4.958
0.61,8.0,48,0.2913,-430.5573,-4.9814
0.61,8.2,48,0.2916,-430.5802,-5.0044
0.61,8.4,48,0.292,-430.6027,-5.0269
0.61,8.6,48,0.2923,-430.6247,-5.0489
0.61,8.8,48,0.2925,-430.6462,-5.0704
0.61,9.0,48,0.2928,-430.6672,-5.0913
0.61,9.2,48,0.293,-430.6876,-5.1118
0.61,9.4,48,0.2933,-430.7075,-5.1317
0.61,9.6,48,0.2935,-430.7269,-5.1511
0.61,9.8,48,0.2937,-430.7457,-5.1699
0.61,10.0,48,0.2939,-430.764,-5.1882
0.61,10.2,48,0.2941,-430.7818,-5.2059
0.61,10.4,48,0.2942,-430.799,-5.2232
0.61,10.6,48,0.2944,-430.8157,-5.2399
0.61,10.8,48,0.2946,-430.8319,-5.2561
0.61,11.0,48,0.2947,-430.8476,-5.2718
0.61,11.2,48,0.2948,-430.8628,-5.287
0.61,11.4,48,0.295,-430.8775,-5.3017
0.61,11.6,48,0.2951,-430.8918,-5.3159
0.61,11.8,48,0.2952,-430.9055,-5.3297
0.61,12.0,48,0.2953,-430.9188,-5.343
0.61,12.2,48,0.2954,-430.9317,-5.3559
0.61,12.4,48,0.2955,-430.9441,-5.3683
0.61,12.6,48,0.2956,-430.9561,-5.3803
0.61,12.8,48,0.2957,-430.9677,-5.3919
0.61,13.0,48,0.2958,-430.9789,-5.4031
0.61,13.2,48,0.2959,-430.9897,-5.4139
0.61,13.4,48,0.2959,-431.0001,-5.4243
0.61,13.6,48,0.296,-431.0101,-5.4343
0.61,13.8,48,0.2961,-431.0198,-5.444
0.61,14.0,48,0.2962,-431.0292,-5.4534
0.61,14.2,48,0.2962,-431.0382,-5.4624
0.61,14.4,48,0.2963,-431.0469,-5.471
0.61,14.6,48,0.2963,-431.0552,-5.4794
0.61,14.8,48,0.2964,-431.0633,-5.4875
0.61,15.0,48,0.2965,-431.071,-5.4952
0.61,15.2,48,0.2965,-431.0785,-5.5027
0.61,15.4,48,0.2966,-431.0857,-5.5099
0.61,15.6,48,0.2966,-431.0927,-5.5168
0.61,15.8,48,0.2966,-431.0993,-5.5235
0.61,16.0,48,0.2967,-431.1057,-5.5299
0.62,0.4,48,0.1999,-431.6131,-6.0373
0.62,0.6,48,0.2075,-431.3198,-5.744
0.62,0.8,48,0.2145,-431.0823,-5.5065
0.62,1.0,48,0.2209,-430.889,-5.3132
0.62,1.2,48,0.2268,-430.7311,-5.1553
0.62,1.4,48,0.2322,-430.6021,-5.0263
0.62,1.6,48,0.2371,-430.4969,-4.9211
0.62,1.8,48,0.2416,-430.4116,-4.8358
0.62,2.0,48,0.2457,-430.343,-4.7672
0.62,2.2,48,0.2495,-430.2886,-4.7128
0.62,2.4,48,0.2529,-430.2463,-4.6705
0.62,2.6,48,0.256,-430.2144,-4.6386
0.62,2.8,48,0.2588,-430.1914,-4.6155
0.62,3.0,48,0.2614,-430.176,-4.6002
0.62,3.2,48,0.2638,-430.1673,-4.5914
0.62,3.4,48,0.266,-430.1642,-4.5883
0.62,3.6,48,0.2679,-430.1659,-4.5901
0.62,3.8,48,0.2698,-430.1719,-4.596
0.62,4.0,48,0.2714,-430.1813,-4.6055
0.62,4.2,48,0.2729,-430.1938,-4.618
0.62,4.4,48,0.2743,-430.2089,-4.6331
0.62,4.6,48,0.2756,-430.2261,-4.6503
0.62,4.8,48,0.2768,-430.2451,-4.6692
0.62,5.0,48,0.2778,-430.2655,-4.6897
0.62,5.2,48,0.2788,-430.2871,-4.7113
0.62,5.4,48,0.2797,-430.3097,-4.7338
0.62,5.6,48,0.2806,-430.3329,-4.7571
0.62,5.8,48,0.2814,-430.3568,-4.781
0.62,6.0,48,0.2821,-430.381,-4.8052
0.62,6.2,48,0.2827,-430.4054,-4.8296
0.62,6.4,48,0.2834,-430.43,-4.8542
0.62,6.6,48,0.2839,-430.4546,-4.8787
0.62,6.8,48,0.2845,-430.479,-4.9032
0.62,7.0,48,0.2849,-430.5034,-4.9275
0.62,7.2,48,0.2854,-430.5275,-4.9516
0.62,7.4,48,0.2858,-430.5513,-4.9754
0.62,7.6,48,0.2862,-430.5747,-4.9989
0.62,7.8,48,0.2866,-430.5978,-5.022
0.62,8.0,48,0.2869,-430.6204,-5.0446
0.62,8.2,48,0.2873,-430.6427,-5.0668
0.62,8.4,48,0.2876,-430.6644,-5.0886
0.62,8.6,48,0.2878,-430.6857,-5.1098
0.62,8.8,48,0.2881,-430.7064,-5.1306
0.62,9.0,48,0.2884,-430.7267,-5.1509
0.62,9.2,48,0.2886,-430.7464,-5.1706
0.62,9.4,48,0.2888,-430.7656,-5.1898
0.62,9.6,48,0.289,-430.7843,-5.2085
0.62,9.8,48,0.2892,-430.8025,-5.2267
0.62,10.0,48,0.2894,-430.8201,-5.2443
0.62,10.2,48,0.2896,-430.8373,-5.2615
0.62,10.4,48,0.2897,-430.8539,-5.2781
0.62,10.6,48,0.2899,-430.87,-5.2942
0.62,10.8,48,0.29,-430.8856,-5.3098
0.62,11.0,48,0.2902,-430.9008,-5.3249
0.62,11.2,48,0.2903,-430.9154,-5.3396
0.62,11.4,48,0.2904,-430.9296,-5.3537
0.62,11.6,48,0.2905,-430.9433,-5.3674
0.62,11.8,48,0.2906,-430.9565,-5.3807
0.62,12.0,48,0.2907,-430.9693,-5.3935
0.62,12.2,48,0.2908,-430.9817,-5.4059
0.62,12.4,48,0.2909,-430.9937,-5.4179
0.62,12.6,48,0.291,-431.0052,-5.4294
0.62,12.8,48,0.2911,-431.0164,-5.4406
0.62,13.0,48,0.2912,-431.0272,-5.4513
0.62,13.2,48,0.2913,-431.0375,-5.4617
0.62,13.4,48,0.2913,-431.0476,-5.4717
0.62,13.6,48,0.2914,-431.0572,-5.4814
0.62,13.8,48,0.2915,-431.0665,-5.4907
0.62,14.0,48,0.2915,-431.0755,-5.4997
0.62,14.2,48,0.2916,-431.0842,-5.5084
0.62,14.4,48,0.2916,-431.0925,-5.5167
0.62,14.6,48,0.2917,-431.1006,-5.5248
0.62,14.8,48,0.2918,-431.1083,-5.5325
0.62,15.0,48,0.2918,-431.1158,-5.54
0.62,15.2,48,0.2919,-431.123,-5.5472
0.62,15.4,48,0.2919,-431.1299,-5.5541
0.62,15.6,48,0.2919,-431.1366,-5.5607
0.62,15.8,48,0.292,-431.143,-5.5671
0.62,16.0,48,0.292,-431.1491,-5.5733
0.63,0.4,48,0.1994,-431.6361,-6.0603
0.63,0.6,48,0.2068,-431.3511,-5.7753
0.63,0.8,48,0.2135,-431.1205,-5.5447
0.63,1.0,48,0.2197,-430.933,-5.3571
0.63,1.2,48,0.2253,-430.78,-5.2042
0.63,1.4,48,0.2305,-430.6553,-5.0794
0.63,1.6,48,0.2352,-430.5537,-4.9779
0.63,1.8,48,0.2396,-430.4715,-4.8957
0.63,2.0,48,0.2435,-430.4056,-4.8298
0.63,2.2,48,0.2471,-430.3535,-4.7777
0.63,2.4,48,0.2503,-430.3131,-4.7373
0.63,2.6,48,0.2533,-430.2828,-4.707
0.63,2.8,48,0.256,-430.2612,-4.6853
0.63,3.0,48,0.2585,-430.2469,-4.6711
0.63,3.2,48,0.2608,-430.239,-4.6632
0.63,3.4,48,0.2628,-430.2366,-4.6607
0.63,3.6,48,0.2647,-430.2388,-4.663
0.63,3.8,48,0.2664,-430.245,-4.6692
0.63,4.0,48,0.268,-430.2546,-4.6788
0.63,4.2,48,0.2694,-430.2672,-4.6913
0.63,4.4,48,0.2707,-430.2821,-4.7063
0.63,4.6,48,0.272,-430.2991,-4.7233
0.63,4.8,48,0.2731,-430.3177,-4.7419
0.63,5.0,48,0.2741,-430.3378,-4.762
0.63,5.2,48,0.275,-430.359,-4.7831
0.63,5.4,48,0.2759,-430.381,-4.8052
0.63,5.6,48,0.2767,-430.4037,-4.8279
0.63,5.8,48,0.2774,-430.4269,-4.8511
0.63,6.0,48,0.2781,-430.4505,-4.8747
0.63,6.2,48,0.2787,-430.4743,-4.8985
0.63,6.4,48,0.2793,-430.4981,-4.9223
0.63,6.6,48,0.2799,-430.522,-4.9462
0.63,6.8,48,0.2804,-430.5457,-4.9699
0.63,7.0,48,0.2808,-430.5693,-4.9935
0.63,7.2,48,0.2812,-430.5927,-5.0168
0.63,7.4,48,0.2817,-430.6157,-5.0399
0.63,7.6,48,0.282,-430.6384,-5.0626
0.63,7.8,48,0.2824,-430.6607,-5.0849
0.63,8.0,48,0.2827,-430.6826,-5.1068
0.63,8.2,48,0.283,-430.7041,-5.1283
0.63,8.4,48,0.2833,-430.7251,-5.1493
0.63,8.6,48,0.2836,-430.7457,-5.1698
0.63,8.8,48,0.2838,-430.7657,-5.1899
0.63,9.0,48,0.284,-430.7853,-5.2094
0.63,9.2,48,0.2843,-430.8043,-5.2285
0.63,9.4,48,0.2845,-430.8228,-5.247
0.63,9.6,48,0.2847,-430.8409,-5.265
0.63,9.8,48,0.2848,-430.8584,-5.2826
0.63,10.0,48,0.285,-430.8754,-5.2996
0.63,10.2,48,0.2852,-430.8919,-5.3161
0.63,10.4,48,0.2853,-430.9079,-5.3321
0.63,10.6,48,0.2855,-430.9234,-5.3476
0.63,10.8,48,0.2856,-430.9385,-5.3627
0.63,11.0,48,0.2857,-430.9531,-5.3772
0.63,11.2,48,0.2859,-430.9672,-5.3913
0.63,11.4,48,0.286,-430.9808,-5.405
0.63,11.6,48,0.2861,-430.994,-5.4182
0.63,11.8,48,0.2862,-431.0068,-5.4309
0.63,12.0,48,0.2863,-431.0191,-5.4433
0.63,12.2,48,0.2864,-431.031,-5.4552
0.63,12.4,48,0.2865,-431.0425,-5.4667
0.63,12.6,48,0.2865,-431.0536,-5.4778
0.63,12.8,48,0.2866,-431.0643,-5.4885
0.63,13.0,48,0.2867,-431.0747,-5.4989
0.63,13.2,48,0.2868,-431.0847,-5.5089
0.63,13.4,48,0.2868,-431.0943,-5.5185
0.63,13.6,48,0.2869,-431.1036,-5.5278
0.63,13.8,48,0.287,-431.1126,-5.5367
0.63,14.0,48,0.287,-431.1212,-5.5454
0.63,14.2,48,0.2871,-431.1295,-5.5537
0.63,14.4,48,0.2871,-431.1376,-5.5617
0.63,14.6,48,0.2872,-431.1453,-5.5695
0.63,14.8,48,0.2872,-431.1527,-5.5769
0.63,15.0,48,0.2873,-431.1599,-5.5841
0.63,15.2,48,0.2873,-431.1668,-5.591
0.63,15.4,48,0.2874,-431.1735,-5.5976
0.63,15.6,48,0.2874,-431.1799,-5.604
0.63,15.8,48,0.2875,-431.186,-5.6102
0.63,16.0,48,0.2875,-431.1919,-5.6161
0.64,0.4,48,0.1989,-431.6591,-6.0832
0.64,0.6,48,0.206,-431.3823,-5.8065
0.64,0.8,48,0.2125,-431.1586,-5.5827
0.64,1.0,48,0.2185,-430.9768,-5.401
0.64,1.2,48,0.2239,-430.8288,-5.253
0.64,1.4,48,0.2289,-430.7082,-5.1324
0.64,1.6,48,0.2334,-430.6102,-5.0344
0.64,1.8,48,0.2376,-430.5311,-4.9553
0.64,2.0,48,0.2413,-430.4678,-4.892
0.64,2.2,48,0.2448,-430.4179,-4.8421
0.64,2.4,48,0.2479,-430.3795,-4.8037
0.64,2.6,48,0.2507,-430.3508,-4.7749
0.64,2.8,48,0.2533,-430.3304,-4.7546
0.64,3.0,48,0.2556,-430.3172,-4.7413
0.64,3.2,48,0.2578,-430.3101,-4.7342
0.64,3.4,48,0.2597,-430.3082,-4.7324
0.64,3.6,48,0.2615,-430.3109,-4.735
0.64,3.8,48,0.2632,-430.3173,-4.7415
0.64,4.0,48,0.2647,-430.3271,-4.7513
0.64,4.2,48,0.266,-430.3396,-4.7638
0.64,4.4,48,0.2673,-430.3544,-4.7786
0.64,4.6,48,0.2684,-430.3711,-4.7953
0.64,4.8,48,0.2695,-430.3895,-4.8137
0.64,5.0,48,0.2704,-430.4091,-4.8333
0.64,5.2,48,0.2713,-430.4298,-4.854
0.64,5.4,48,0.2721,-430.4513,-4.8755
0.64,5.6,48,0.2729,-430.4735,-4.8977
0.64,5.8,48,0.2736,-430.4961,-4.9203
0.64,6.0,48,0.2742,-430.519,-4.9432
0.64,6.2,48,0.2748,-430.5421,-4.9663
0.64,6.4,48,0.2754,-430.5653,-4.9894
0.64,6.6,48,0.2759,-430.5884,-5.0126
0.64,6.8,48,0.2764,-430.6114,-5.0356
0.64,7.0,48,0.2768,-430.6342,-5.0584
0.64,7.2,48,0.2772,-430.6568,-5.081
0.64,7.4,48,0.2776,-430.6791,-5.1033
0.64,7.6,48,0.2779,-430.7011,-5.1253
0.64,7.8,48,0.2783,-430.7227,-5.1468
0.64,8.0,48,0.2786,-430.7438,-5.168
0.64,8.2,48,0.2789,-430.7646,-5.1887
0.64,8.4,48,0.2791,-430.7849,-5.209
0.64,8.6,48,0.2794,-430.8047,-5.2289
0.64,8.8,48,0.2796,-430.824,-5.2482
0.64,9.0,48,0.2799,-430.8429,-5.2671
0.64,9.2,48,0.2801,-430.8613,-5.2854
0.64,9.4,48,0.2803,-430.8791,-5.3033
0.64,9.6,48,0.2804,-430.8965,-5.3207
0.64,9.8,48,0.2806,-430.9134,-5.3376
0.64,10.0,48,0.2808,-430.9298,-5.354
0.64,10.2,48,0.2809,-430.9457,-5.3699
0.64,10.4,48,0.2811,-430.9611,-5.3853
0.64,10.6,48,0.2812,-430.9761,-5.4002
0.64,10.8,48,0.2813,-430.9905,-5.4147
0.64,11.0,48,0.2815,-431.0046,-5.4287
0.64,11.2,48,0.2816,-431.0181,-5.4423
0.64,11.4,48,0.2817,-431.0312,-5.4554
0.64,11.6,48,0.2818,-431.0439,-5.4681
0.64,11.8,48,0.2819,-431.0562,-5.4804
0.64,12.0,48,0.282,-431.0681,-5.4922
0.64,12.2,48,0.2821,-431.0795,-5.5037
0.64,12.4,48,0.2821,-431.0906,-5.5148
0.64,12.6,48,0.2822,-431.1013,-5.5255
0.64,12.8,48,0.2823,-431.1116,-5.5358
0.64,13.0,48,0.2824,-431.1215,-5.5457
0.64,13.2,48,0.2824,-431.1311,-5.5553
0.64,13.4,48,0.2825,-431.1404,-5.5646
0.64,13.6,48,0.2826,-431.1493,-5.5735
0.64,13.8,48,0.2826,-431.1579,-5.5821
0.64,14.0,48,0.2827,-431.1662,-5.5904
0.64,14.2,48,0.2827,-431.1742,-5.5984
0.64,14.4,48,0.2828,-431.1819,-5.6061
0.64,14.6,48,0.2828,-431.1894,-5.6135
0.64,14.8,48,0.2829,-431.1965,-5.6207
0.64,15.0,48,0.2829,-431.2034,-5.6276
0.64,15.2,48,0.283,-431.21,-5.6342
0.64,15.4,48,0.283,-431.2164,-5.6406
0.64,15.6,48,0.283,-431.2226,-5.6467
0.64,15.8,48,0.2831,-431.2285,-5.6527
0.64,16.0,48,0.2831,-431.2342,-5.6583
0.65,0.4,48,0.1985,-431.682,-6.1062
0.65,0.6,48,0.2053,-431.4135,-5.8376
0.65,0.8,48,0.2116,-431.1966,-5.6207
0.65,1.0,48,0.2173,-431.0206,-5.4447
0.65,1.2,48,0.2225,-430.8774,-5.3016
0.65,1.4,48,0.2273,-430.761,-5.1851
0.65,1.6,48,0.2317,-430.6665,-5.0907
0.65,1.8,48,0.2356,-430.5904,-5.0146
0.65,2.0,48,0.2392,-430.5297,-4.9539
0.65,2.2,48,0.2425,-430.482,-4.9062
0.65,2.4,48,0.2454,-430.4454,-4.8695
0.65,2.6,48,0.2481,-430.4182,-4.8423
0.65,2.8,48,0.2506,-430.399,-4.8232
0.65,3.0,48,0.2528,-430.3868,-4.8109
0.65,3.2,48,0.2549,-430.3804,-4.8046
0.65,3.4,48,0.2567,-430.3792,-4.8033
0.65,3.6,48,0.2584,-430.3822,-4.8064
0.65,3.8,48,0.26,-430.3889,-4.8131
0.65,4.0,48,0.2614,-430.3987,-4.8229
0.65,4.2,48,0.2627,-430.4111,-4.8353
0.65,4.4,48,0.2639,-430.4258,-4.85
0.65,4.6,48,0.265,-430.4423,-4.8664
0.65,4.8,48,0.266,-430.4603,-4.8844
0.65,5.0,48,0.2669,-430.4795,-4.9037
0.65,5.2,48,0.2677,-430.4997,-4.9239
0.65,5.4,48,0.2685,-430.5207,-4.9449
0.65,5.6,48,0.2692,-430.5423,-4.9664
0.65,5.8,48,0.2699,-430.5642,-4.9884
0.65,6.0,48,0.2705,-430.5865,-5.0107
0.65,6.2,48,0.271,-430.6089,-5.0331
0.65,6.4,48,0.2716,-430.6314,-5.0555
0.65,6.6,48,0.272,-430.6538,-5.078
0.65,6.8,48,0.2725,-430.6761,-5.1002
0.65,7.0,48,0.2729,-430.6982,-5.1224
0.65,7.2,48,0.2733,-430.72,-5.1442
0.65,7.4,48,0.2737,-430.7416,-5.1658
0.65,7.6,48,0.274,-430.7628,-5.187
0.65,7.8,48,0.2743,-430.7836,-5.2078
0.65,8.0,48,0.2746,-430.8041,-5.2283
0.65,8.2,48,0.2749,-430.8241,-5.2483
0.65,8.4,48,0.2751,-430.8437,-5.2678
0.65,8.6,48,0.2754,-430.8628,-5.287
0.65,8.8,48,0.2756,-430.8814,-5.3056
0.65,9.0,48,0.2758,-430.8996,-5.3238
0.65,9.2,48,0.276,-430.9173,-5.3415
0.65,9.4,48,0.2762,-430.9345,-5.3587
0.65,9.6,48,0.2763,-430.9513,-5.3755
0.65,9.8,48,0.2765,-430.9675,-5.3917
0.65,10.0,48,0.2767,-430.9833,-5.4075
0.65,10.2,48,0.2768,-430.9986,-5.4228
0.65,10.4,48,0.2769,-431.0135,-5.4376
0.65,10.6,48,0.2771,-431.0278,-5.452
0.65,10.8,48,0.2772,-431.0418,-5.466
0.65,11.0,48,0.2773,-431.0553,-5.4794
0.65,11.2,48,0.2774,-431.0683,-5.4925
0.65,11.4,48,0.2775,-431.0809,-5.5051
0.65,11.6,48,0.2776,-431.0931,-5.5173
0.65,11.8,48,0.2777,-431.1049,-5.5291
0.65,12.0,48,0.2778,-431.1163,-5.5405
0.65,12.2,48,0.2779,-431.1273,-5.5515
0.65,12.4,48,0.2779,-431.138,-5.5622
0.65,12.6,48,0.278,-431.1482,-5.5724
0.65,12.8,48,0.2781,-431.1581,-5.5823
0.65,13.0,48,0.2782,-431.1677,-5.5919
0.65,13.2,48,0.2782,-431.1769,-5.6011
0.65,13.4,48,0.2783,-431.1858,-5.61
0.65,13.6,48,0.2783,-431.1944,-5.6186
0.65,13.8,48,0.2784,-431.2027,-5.6268
0.65,14.0,48,0.2785,-431.2106,-5.6348
0.65,14.2,48,0.2785,-431.2183,-5.6425
0.65,14.4,48,0.2786,-431.2257,-5.6499
0.65,14.6,48,0.2786,-431.2328,-5.657
0.65,14.8,48,0.2786,-431.2397,-5.6639
0.65,15.0,48,0.2787,-431.2463,-5.6705
0.65,15.2,48,0.2787,-431.2527,-5.6768
0.65,15.4,48,0.2788,-431.2588,-5.683
0.65,15.6,48,0.2788,-431.2647,-5.6889
0.65,15.8,48,0.2788,-431.2704,-5.6945
0.65,16.0,48,0.2789,-431.2758,-5.7
0.66,0.4,48,0.198,-431.7049,-6.1291
0.66,0.6,48,0.2046,-431.4446,-5.8687
0.66,0.8,48,0.2106,-431.2345,-5.6586
0.66,1.0,48,0.2161,-431.0642,-5.4884
0.66,1.2,48,0.2212,-430.9258,-5.35
0.66,1.4,48,0.2257,-430.8135,-5.2377
0.66,1.6,48,0.2299,-430.7225,-5.1467
0.66,1.8,48,0.2337,-430.6494,-5.0736
0.66,2.0,48,0.2371,-430.5912,-5.0154
0.66,2.2,48,0.2402,-430.5456,-4.9698
0.66,2.4,48,0.2431,-430.5108,-4.9349
0.66,2.6,48,0.2456,-430.485,-4.9092
0.66,2.8,48,0.248,-430.4671,-4.8912
0.66,3.0,48,0.2501,-430.4558,-4.8799
0.66,3.2,48,0.252,-430.4501,-4.8743
0.66,3.4,48,0.2538,-430.4494,-4.8735
0.66,3.6,48,0.2554,-430.4527,-4.8769
0.66,3.8,48,0.2569,-430.4596,-4.8838
0.66,4.0,48,0.2582,-430.4695,-4.8936
0.66,4.2,48,0.2595,-430.4818,-4.906
0.66,4.4,48,0.2606,-430.4963,-4.9205
0.66,4.6,48,0.2616,-430.5125,-4.9367
0.66,4.8,48,0.2626,-430.5301,-4.9543
0.66,5.0,48,0.2634,-430.5489,-4.9731
0.66,5.2,48,0.2642,-430.5686,-4.9928
0.66,5.4,48,0.265,-430.5891,-5.0133
0.66,5.6,48,0.2656,-430.6101,-5.0342
0.66,5.8,48,0.2663,-430.6314,-5.0556
0.66,6.0,48,0.2668,-430.653,-5.0772
0.66,6.2,48,0.2674,-430.6747,-5.0989
0.66,6.4,48,0.2678,-430.6965,-5.1207
0.66,6.6,48,0.2683,-430.7182,-5.1424
0.66,6.8,48,0.2687,-430.7398,-5.1639
0.66,7.0,48,0.2691,-430.7611,-5.1853
0.66,7.2,48,0.2695,-430.7823,-5.2064
0.66,7.4,48,0.2698,-430.8031,-5.2273
0.66,7.6,48,0.2701,-430.8236,-5.2477
0.66,7.8,48,0.2704,-430.8437,-5.2679
0.66,8.0,48,0.2707,-430.8634,-5.2876
0.66,8.2,48,0.271,-430.8827,-5.3069
0.66,8.4,48,0.2712,-430.9016,-5.3257
0.66,8.6,48,0.2714,-430.92,-5.3442
0.66,8.8,48,0.2716,-430.938,-5.3621
0.66,9.0,48,0.2718,-430.9555,-5.3797
0.66,9.2,48,0.272,-430.9725,-5.3967
0.66,9.4,48,0.2722,-430.9891,-5.4133
0.66,9.6,48,0.2724,-431.0052,-5.4294
0.66,9.8,48,0.2725,-431.0208,-5.445
0.66,10.0,48,0.2727,-431.036,-5.4602
0.66,10.2,48,0.2728,-431.0508,-5.4749
0.66,10.4,48,0.2729,-431.065,-5.4892
0.66,10.6,48,0.273,-431.0789,-5.503
0.66,10.8,48,0.2732,-431.0922,-5.5164
0.66,11.0,48,0.2733,-431.1052,-5.5294
0.66,11.2,48,0.2734,-431.1178,-5.5419
0.66,11.4,48,0.2735,-431.1299,-5.5541
0.66,11.6,48,0.2736,-431.1416,-5.5658
0.66,11.8,48,0.2736,-431.1529,-5.5771
0.66,12.0,48,0.2737,-431.1639,-5.5881
0.66,12.2,48,0.2738,-431.1745,-5.5986
0.66,12.4,48,0.2739,-431.1847,-5.6088
0.66,12.6,48,0.2739,-431.1945,-5.6187
0.66,12.8,48,0.274,-431.204,-5.6282
0.66,13.0,48,0.2741,-431.2132,-5.6374
0.66,13.2,48,0.2741,-431.2221,-5.6462
0.66,13.4,48,0.2742,-431.2306,-5.6548
0.66,13.6,48,0.2743,-431.2388,-5.663
0.66,13.8,48,0.2743,-431.2468,-5.6709
0.66,14.0,48,0.2744,-431.2544,-5.6786
0.66,14.2,48,0.2744,-431.2618,-5.6859
0.66,14.4,48,0.2744,-431.2689,-5.693
0.66,14.6,48,0.2745,-431.2757,-5.6999
0.66,14.8,48,0.2745,-431.2823,-5.7065
0.66,15.0,48,0.2746,-431.2886,-5.7128
0.66,15.2,48,0.2746,-431.2947,-5.7189
0.66,15.4,48,0.2746,-431.3006,-5.7248
0.66,15.6,48,0.2747,-431.3063,-5.7304
0.66,15.8,48,0.2747,-431.3117,-5.7359
0.66,16.0,48,0.2747,-431.3169,-5.7411
0.67,0.4,48,0.1975,-431.7278,-6.1519
0.67,0.6,48,0.2039,-431.4756,-5.8998
0.67,0.8,48,0.2097,-431.2723,-5.6965
0.67,1.0,48,0.215,-431.1077,-5.5318
0.67,1.2,48,0.2198,-430.9741,-5.3983
0.67,1.4,48,0.2242,-430.8658,-5.29
0.67,1.6,48,0.2282,-430.7783,-5.2025
0.67,1.8,48,0.2318,-430.7081,-5.1322
0.67,2.0,48,0.2351,-430.6523,-5.0765
0.67,2.2,48,0.238,-430.6088,-5.033
0.67,2.4,48,0.2407,-430.5757,-4.9999
0.67,2.6,48,0.2432,-430.5514,-4.9755
0.67,2.8,48,0.2454,-430.5345,-4.9587
0.67,3.0,48,0.2474,-430.5241,-4.9483
0.67,3.2,48,0.2493,-430.5192,-4.9433
0.67,3.4,48,0.2509,-430.5189,-4.943
0.67,3.6,48,0.2525,-430.5225,-4.9467
0.67,3.8,48,0.2539,-430.5296,-4.9537
0.67,4.0,48,0.2551,-430.5394,-4.9636
0.67,4.2,48,0.2563,-430.5517,-4.9759
0.67,4.4,48,0.2574,-430.5659,-4.9901
0.67,4.6,48,0.2583,-430.5818,-5.006
0.67,4.8,48,0.2592,-430.5991,-5.0233
0.67,5.0,48,0.2601,-430.6174,-5.0416
0.67,5.2,48,0.2608,-430.6367,-5.0608
0.67,5.4,48,0.2615,-430.6565,-5.0807
0.67,5.6,48,0.2621,-430.6769,-5.1011
0.67,5.8,48,0.2627,-430.6976,-5.1218
0.67,6.0,48,0.2633,-430.7186,-5.1427
0.67,6.2,48,0.2638,-430.7396,-5.1638
0.67,6.4,48,0.2642,-430.7607,-5.1849
0.67,6.6,48,0.2647,-430.7817,-5.2058
0.67,6.8,48,0.2651,-430.8025,-5.2267
0.67,7.0,48,0.2654,-430.8232,-5.2473
0.67,7.2,48,0.2658,-430.8436,-5.2677
0.67,7.4,48,0.2661,-430.8636,-5.2878
0.67,7.6,48,0.2664,-430.8834,-5.3076
0.67,7.8,48,0.2667,-430.9028,-5.327
0.67,8.0,48,0.2669,-430.9218,-5.346
0.67,8.2,48,0.2672,-430.9404,-5.3646
0.67,8.4,48,0.2674,-430.9586,-5.3828
0.67,8.6,48,0.2676,-430.9763,-5.4005
0.67,8.8,48,0.2678,-430.9936,-5.4178
0.67,9.0,48,0.268,-431.0105,-5.4347
0.67,9.2,48,0.2682,-431.0269,-5.4511
0.67,9.4,48,0.2683,-431.0428,-5.467
0.67,9.6,48,0.2685,-431.0583,-5.4825
0.67,9.8,48,0.2686,-431.0734,-5.4975
0.67,10.0,48,0.2688,-431.0879,-5.5121
0.67,10.2,48,0.2689,-431.1021,-5.5263
0.67,10.4,48,0.269,-431.1158,-5.54
0.67,10.6,48,0.2691,-431.1291,-5.5533
0.67,10.8,48,0.2692,-431.142,-5.5661
0.67,11.0,48,0.2693,-431.1544,-5.5786
0.67,11.2,48,0.2694,-431.1665,-5.5906
0.67,11.4,48,0.2695,-431.1781,-5.6023
0.67,11.6,48,0.2696,-431.1894,-5.6135
0.67,11.8,48,0.2697,-431.2002,-5.6244
0.67,12.0,48,0.2698,-431.2107,-5.6349
0.67,12.2,48,0.2699,-431.2209,-5.6451
0.67,12.4,48,0.2699,-431.2307,-5.6549
0.67,12.6,48,0.27,-431.2401,-5.6643
0.67,12.8,48,0.2701,-431.2493,-5.6734
0.67,13.0,48,0.2701,-431.2581,-5.6822
0.67,13.2,48,0.2702,-431.2666,-5.6907
0.67,13.4,48,0.2702,-431.2747,-5.6989
0.67,13.6,48,0.2703,-431.2826,-5.7068
0.67,13.8,48,0.2703,-431.2902,-5.7144
0.67,14.0,48,0.2704,-431.2976,-5.7217
0.67,14.2,48,0.2704,-431.3046,-5.7288
0.67,14.4,48,0.2705,-431.3114,-5.7356
0.67,14.6,48,0.2705,-431.318,-5.7422
0.67,14.8,48,0.2705,-431.3243,-5.7485
0.67,15.0,48,0.2706,-431.3304,-5.7546
0.67,15.2,48,0.2706,-431.3362,-5.7604
0.67,15.4,48,0.2706,-431.3419,-5.766
0.67,15.6,48,0.2707,-431.3473,-5.7715
0.67,15.8,48,0.2707,-431.3525,-5.7767
0.67,16.0,48,0.2707,-431.3575,-5.7817
0.68,0.4,48,0.197,-431.7506,-6.1748
0.68,0.6,48,0.2032,-431.5066,-5.9307
0.68,0.8,48,0.2088,-431.31,-5.7342
0.68,1.0,48,0.2138,-431.151,-5.5752
0.68,1.2,48,0.2185,-431.0222,-5.4464
0.68,1.4,48,0.2227,-430.9179,-5.3421
0.68,1.6,48,0.2265,-430.8338,-5.258
0.68,1.8,48,0.2299,-430.7664,-5.1906
0.68,2.0,48,0.233,-430.7131,-5.1373
0.68,2.2,48,0.2359,-430.6716,-5.0958
0.68,2.4,48,0.2384,-430.6401,-5.0643
0.68,2.6,48,0.2408,-430.6172,-5.0413
0.68,2.8,48,0.2429,-430.6014,-5.0256
0.68,3.0,48,0.2448,-430.5919,-5.016
0.68,3.2,48,0.2466,-430.5875,-5.0117
0.68,3.4,48,0.2481,-430.5877,-5.0118
0.68,3.6,48,0.2496,-430.5916,-5.0158
0.68,3.8,48,0.2509,-430.5987,-5.0229
0.68,4.0,48,0.2521,-430.6086,-5.0328
0.68,4.2,48,0.2532,-430.6207,-5.0449
0.68,4.4,48,0.2542,-430.6347,-5.0589
0.68,4.6,48,0.2551,-430.6503,-5.0745
0.68,4.8,48,0.256,-430.6672,-5.0914
0.68,5.0,48,0.2568,-430.6851,-5.1092
0.68,5.2,48,0.2575,-430.7038,-5.1279
0.68,5.4,48,0.2581,-430.7231,-5.1472
0.68,5.6,48,0.2587,-430.7428,-5.167
0.68,5.8,48,0.2593,-430.7629,-5.1871
0.68,6.0,48,0.2598,-430.7832,-5.2074
0.68,6.2,48,0.2603,-430.8036,-5.2277
0.68,6.4,48,0.2607,-430.8239,-5.2481
0.68,6.6,48,0.2611,-430.8442,-5.2684
0.68,6.8,48,0.2615,-430.8643,-5.2885
0.68,7.0,48,0.2618,-430.8843,-5.3084
0.68,7.2,48,0.2622,-430.9039,-5.3281
0.68,7.4,48,0.2625,-430.9233,-5.3475
0.68,7.6,48,0.2628,-430.9424,-5.3665
0.68,7.8,48,0.263,-430.961,-5.3852
0.68,8.0,48,0.2633,-430.9793,-5.4035
0.68,8.2,48,0.2635,-430.9972,-5.4214
0.68,8.4,48,0.2637,-431.0147,-5.4389
0.68,8.6,48,0.2639,-431.0318,-5.456
0.68,8.8,48,0.2641,-431.0484,-5.4726
0.68,9.0,48,0.2643,-431.0647,-5.4888
0.68,9.2,48,0.2644,-431.0804,-5.5046
0.68,9.4,48,0.2646,-431.0957,-5.5199
0.68,9.6,48,0.2647,-431.1106,-5.5348
0.68,9.8,48,0.2649,-431.1251,-5.5492
0.68,10.0,48,0.265,-431.1391,-5.5633
0.68,10.2,48,0.2651,-431.1527,-5.5769
0.68,10.4,48,0.2652,-431.1658,-5.59
0.68,10.6,48,0.2653,-431.1786,-5.6028
0.68,10.8,48,0.2654,-431.1909,-5.6151
0.68,11.0,48,0.2655,-431.2029,-5.6271
0.68,11.2,48,0.2656,-431.2144,-5.6386
0.68,11.4,48,0.2657,-431.2256,-5.6498
0.68,11.6,48,0.2658,-431.2364,-5.6606
0.68,11.8,48,0.2659,-431.2469,-5.671
0.68,12.0,48,0.2659,-431.2569,-5.6811
0.68,12.2,48,0.266,-431.2667,-5.6908
0.68,12.4,48,0.2661,-431.2761,-5.7002
0.68,12.6,48,0.2661,-431.2851,-5.7093
0.68,12.8,48,0.2662,-431.2939,-5.718
0.68,13.0,48,0.2663,-431.3023,-5.7265
0.68,13.2,48,0.2663,-431.3104,-5.7346
0.68,13.4,48,0.2664,-431.3183,-5.7425
0.68,13.6,48,0.2664,-431.3258,-5.75
0.68,13.8,48,0.2665,-431.3331,-5.7573
0.68,14.0,48,0.2665,-431.3402,-5.7643
0.68,14.2,48,0.2665,-431.3469,-5.7711
0.68,14.4,48,0.2666,-431.3534,-5.7776
0.68,14.6,48,0.2666,-431.3597,-5.7839
0.68,14.8,48,0.2667,-431.3658,-5.7899
0.68,15.0,48,0.2667,-431.3716,-5.7958
0.68,15.2,48,0.2667,-431.3772,-5.8014
0.68,15.4,48,0.2668,-431.3826,-5.8067
0.68,15.6,48,0.2668,-431.3878,-5.8119
0.68,15.8,48,0.2668,-431.3928,-5.8169
0.68,16.0,48,0.2669,-431.3976,-5.8217
0.69,0.4,48,0.1965,-431.7734,-6.1976
0.69,0.6,48,0.2025,-431.5375,-5.9617
0.69,0.8,48,0.2078,-431.3476,-5.7718
0.69,1.0,48,0.2127,-431.1942,-5.6184
0.69,1.2,48,0.2171,-431.0701,-5.4943
0.69,1.4,48,0.2212,-430.9698,-5.394
0.69,1.6,48,0.2248,-430.889,-5.3132
0.69,1.8,48,0.2281,-430.8245,-5.2486
0.69,2.0,48,0.2311,-430.7735,-5.1977
0.69,2.2,48,0.2338,-430.734,-5.1582
0.69,2.4,48,0.2362,-430.7041,-5.1283
0.69,2.6,48,0.2384,-430.6825,-5.1066
0.69,2.8,48,0.2404,-430.6677,-5.0919
0.69,3.0,48,0.2422,-430.659,-5.0831
0.69,3.2,48,0.2439,-430.6552,-5.0794
0.69,3.4,48,0.2454,-430.6558,-5.0799
0.69,3.6,48,0.2468,-430.6599,-5.0841
0.69,3.8,48,0.248,-430.6672,-5.0913
0.69,4.0,48,0.2492,-430.677,-5.1011
0.69,4.2,48,0.2502,-430.6889,-5.1131
0.69,4.4,48,0.2512,-430.7027,-5.1269
0.69,4.6,48,0.252,-430.7179,-5.1421
0.69,4.8,48,0.2528,-430.7344,-5.1586
0.69,5.0,48,0.2536,-430.7518,-5.176
0.69,5.2,48,0.2542,-430.77,-5.1941
0.69,5.4,48,0.2549,-430.7887,-5.2129
0.69,5.6,48,0.2554,-430.8079,-5.232
0.69,5.8,48,0.2559,-430.8273,-5.2515
0.69,6.0,48,0.2564,-430.8469,-5.2711
0.69,6.2,48,0.2569,-430.8666,-5.2908
0.69,6.4,48,0.2573,-430.8863,-5.3104
0.69,6.6,48,0.2577,-430.9058,-5.33
0.69,6.8,48,0.258,-430.9253,-5.3494
0.69,7.0,48,0.2584,-430.9445,-5.3687
0.69,7.2,48,0.2587,-430.9634,-5.3876
0.69,7.4,48,0.2589,-430.9821,-5.4063
0.69,7.6,48,0.2592,-431.0004,-5.4246
0.69,7.8,48,0.2595,-431.0184,-5.4426
0.69,8.0,48,0.2597,-431.036,-5.4602
0.69,8.2,48,0.2599,-431.0532,-5.4774
0.69,8.4,48,0.2601,-431.0701,-5.4942
0.69,8.6,48,0.2603,-431.0865,-5.5106
0.69,8.8,48,0.2605,-431.1024,-5.5266
0.69,9.0,48,0.2606,-431.118,-5.5422
0.69,9.2,48,0.2608,-431.1332,-5.5573
0.69,9.4,48,0.2609,-431.1479,-5.572
0.69,9.6,48,0.2611,-431.1622,-5.5863
0.69,9.8,48,0.2612,-431.176,-5.6002
0.69,10.0,48,0.2613,-431.1895,-5.6137
0.69,10.2,48,0.2614,-431.2025,-5.6267
0.69,10.4,48,0.2615,-431.2151,-5.6393
0.69,10.6,48,0.2616,-431.2274,-5.6516
0.69,10.8,48,0.2617,-431.2392,-5.6634
0.69,11.0,48,0.2618,-431.2507,-5.6748
0.69,11.2,48,0.2619,-431.2618,-5.6859
0.69,11.4,48,0.262,-431.2725,-5.6966
0.69,11.6,48,0.2621,-431.2828,-5.707
0.69,11.8,48,0.2621,-431.2928,-5.717
0.69,12.0,48,0.2622,-431.3025,-5.7266
0.69,12.2,48,0.2623,-431.3118,-5.736
0.69,12.4,48,0.2623,-431.3208,-5.745
0.69,12.6,48,0.2624,-431.3295,-5.7536
0.69,12.8,48,0.2625,-431.3378,-5.762
0.69,13.0,48,0.2625,-431.3459,-5.7701
0.69,13.2,48,0.2626,-431.3537,-5.7779
0.69,13.4,48,0.2626,-431.3612,-5.7854
0.69,13.6,48,0.2627,-431.3685,-5.7926
0.69,13.8,48,0.2627,-431.3754,-5.7996
0.69,14.0,48,0.2627,-431.3822,-5.8063
0.69,14.2,48,0.2628,-431.3886,-5.8128
0.69,14.4,48,0.2628,-431.3949,-5.8191
0.69,14.6,48,0.2629,-431.4009,-5.8251
0.69,14.8,48,0.2629,-431.4067,-5.8308
0.69,15.0,48,0.2629,-431.4122,-5.8364
0.69,15.2,48,0.263,-431.4176,-5.8418
0.69,15.4,48,0.263,-431.4228,-5.8469
0.69,15.6,48,0.263,-431.4277,-5.8519
0.69,15.8,48,0.263,-431.4325,-5.8567
0.69,16.0,48,0.2631,-431.4371,-5.8613
0.7,0.4,48,0.1961,-431.7962,-6.2204
0.7,0.6,48,0.2018,-431.5683,-5.9925
0.7,0.8,48,0.2069,-431.3852,-5.8093
0.7,1.0,48,0.2116,-431.2373,-5.6615
0.7,1.2,48,0.2158,-431.1179,-5.542
0.7,1.4,48,0.2197,-431.0214,-5.4456
0.7,1.6,48,0.2231,-430.944,-5.3681
0.7,1.8,48,0.2263,-430.8822,-5.3064
0.7,2.0,48,0.2291,-430.8335,-5.2577
0.7,2.2,48,0.2317,-430.7959,-5.2201
0.7,2.4,48,0.234,-430.7676,-5.1918
0.7,2.6,48,0.2361,-430.7472,-5.1714
0.7,2.8,48,0.238,-430.7335,-5.1577
0.7,3.0,48,0.2397,-430.7255,-5.1496
0.7,3.2,48,0.2413,-430.7223,-5.1465
0.7,3.4,48,0.2427,-430.7232,-5.1473
0.7,3.6,48,0.244,-430.7275,-5.1517
0.7,3.8,48,0.2452,-430.7348,-5.159
0.7,4.0,48,0.2463,-430.7446,-5.1687
0.7,4.2,48,0.2473,-430.7563,-5.1805
0.7,4.4,48,0.2482,-430.7698,-5.194
0.7,4.6,48,0.249,-430.7847,-5.2089
0.7,4.8,48,0.2497,-430.8007,-5.2249
0.7,5.0,48,0.2504,-430.8177,-5.2418
0.7,5.2,48,0.2511,-430.8353,-5.2595
0.7,5.4,48,0.2517,-430.8534,-5.2776
0.7,5.6,48,0.2522,-430.872,-5.2962
0.7,5.8,48,0.2527,-430.8908,-5.315
0.7,6.0,48,0.2531,-430.9098,-5.3339
0.7,6.2,48,0.2536,-430.9288,-5.3529
0.7,6.4,48,0.254,-430.9477,-5.3719
0.7,6.6,48,0.2543,-430.9666,-5.3908
0.7,6.8,48,0.2546,-430.9853,-5.4095
0.7,7.0,48,0.255,-431.0038,-5.428
0.7,7.2,48,0.2552,-431.0221,-5.4462
0.7,7.4,48,0.2555,-431.04,-5.4642
0.7,7.6,48,0.2558,-431.0576,-5.4818
0.7,7.8,48,0.256,-431.0749,-5.4991
0.7,8.0,48,0.2562,-431.0919,-5.516
0.7,8.2,48,0.2564,-431.1084,-5.5326
0.7,8.4,48,0.2566,-431.1246,-5.5487
0.7,8.6,48,0.2568,-431.1403,-5.5645
0.7,8.8,48,0.257,-431.1557,-5.5798
0.7,9.0,48,0.2571,-431.1706,-5.5948
0.7,9.2,48,0.2573,-431.1851,-5.6093
0.7,9.4,48,0.2574,-431.1992,-5.6234
0.7,9.6,48,0.2575,-431.2129,-5.6371
0.7,9.8,48,0.2576,-431.2262,-5.6504
0.7,10.0,48,0.2578,-431.2391,-5.6633
0.7,10.2,48,0.2579,-431.2516,-5.6758
0.7,10.4,48,0.258,-431.2637,-5.6879
0.7,10.6,48,0.2581,-431.2755,-5.6996
0.7,10.8,48,0.2581,-431.2868,-5.711
0.7,11.0,48,0.2582,-431.2978,-5.7219
0.7,11.2,48,0.2583,-431.3084,-5.7326
0.7,11.4,48,0.2584,-431.3186,-5.7428
0.7,11.6,48,0.2585,-431.3285,-5.7527
0.7,11.8,48,0.2585,-431.3381,-5.7623
0.7,12.0,48,0.2586,-431.3474,-5.7715
0.7,12.2,48,0.2587,-431.3563,-5.7805
0.7,12.4,48,0.2587,-431.3649,-5.7891
0.7,12.6,48,0.2588,-431.3732,-5.7974
0.7,12.8,48,0.2588,-431.3812,-5.8054
0.7,13.0,48,0.2589,-431.389,-5.8131
0.7,13.2,48,0.2589,-431.3964,-5.8206
0.7,13.4,48,0.259,-431.4036,-5.8278
0.7,13.6,48,0.259,-431.4105,-5.8347
0.7,13.8,48,0.2591,-431.4172,-5.8414
0.7,14.0,48,0.2591,-431.4236,-5.8478
0.7,14.2,48,0.2591,-431.4298,-5.854
0.7,14.4,48,0.2592,-431.4358,-5.86
0.7,14.6,48,0.2592,-431.4415,-5.8657
0.7,14.8,48,0.2592,-431.4471,-5.8712
0.7,15.0,48,0.2593,-431.4524,-5.8766
0.7,15.2,48,0.2593,-431.4575,-5.8817
0.7,15.4,48,0.2593,-431.4624,-5.8866
0.7,15.6,48,0.2593,-431.4672,-5.8914
0.7,15.8,48,0.2594,-431.4717,-5.8959
0.7,16.0,48,0.2594,-431.4761,-5.9003
0.71,0.4,48,0.1956,-431.8189,-6.2431
0.71,0.6,48,0.2011,-431.5991,-6.0233
0.71,0.8,48,0.206,-431.4226,-5.8468
0.71,1.0,48,0.2105,-431.2803,-5.7045
0.71,1.2,48,0.2145,-431.1654,-5.5896
0.71,1.4,48,0.2182,-431.0729,-5.4971
0.71,1.6,48,0.2215,-430.9986,-5.4228
0.71,1.8,48,0.2245,-430.9396,-5.3638
0.71,2.0,48,0.2272,-430.8932,-5.3174
0.71,2.2,48,0.2296,-430.8574,-5.2816
0.71,2.4,48,0.2318,-430.8306,-5.2548
0.71,2.6,48,0.2338,-430.8115,-5.2356
0.71,2.8,48,0.2356,-430.7987,-5.2229
0.71,3.0,48,0.2373,-430.7914,-5.2155
0.71,3.2,48,0.2388,-430.7887,-5.2129
0.71,3.4,48,0.2401,-430.7899,-5.2141
0.71,3.6,48,0.2413,-430.7944,-5.2186
0.71,3.8,48,0.2424,-430.8017,-5.2259
0.71,4.0,48,0.2435,-430.8114,-5.2355
0.71,4.2,48,0.2444,-430.823,-5.2471
0.71,4.4,48,0.2452,-430.8361,-5.2603
0.71,4.6,48,0.246,-430.8507,-5.2748
0.71,4.8,48,0.2467,-430.8662,-5.2904
0.71,5.0,48,0.2474,-430.8827,-5.3068
0.71,5.2,48,0.248,-430.8997,-5.3239
0.71,5.4,48,0.2485,-430.9173,-5.3415
0.71,5.6,48,0.249,-430.9353,-5.3594
0.71,5.8,48,0.2495,-430.9534,-5.3776
0.71,6.0,48,0.2499,-430.9717,-5.3959
0.71,6.2,48,0.2503,-430.99,-5.4142
0.71,6.4,48,0.2507,-431.0083,-5.4325
0.71,6.6,48,0.251,-431.0265,-5.4507
0.71,6.8,48,0.2514,-431.0445,-5.4687
0.71,7.0,48,0.2516,-431.0623,-5.4865
0.71,7.2,48,0.2519,-431.0798,-5.504
0.71,7.4,48,0.2522,-431.0971,-5.5213
0.71,7.6,48,0.2524,-431.114,-5.5382
0.71,7.8,48,0.2526,-431.1306,-5.5548
0.71,8.0,48,0.2528,-431.1469,-5.571
0.71,8.2,48,0.253,-431.1628,-5.5869
0.71,8.4,48,0.2532,-431.1783,-5.6024
0.71,8.6,48,0.2534,-431.1934,-5.6175
0.71,8.8,48,0.2535,-431.2081,-5.6323
0.71,9.0,48,0.2537,-431.2224,-5.6466
0.71,9.2,48,0.2538,-431.2363,-5.6605
0.71,9.4,48,0.2539,-431.2498,-5.674
0.71,9.6,48,0.2541,-431.263,-5.6872
0.71,9.8,48,0.2542,-431.2757,-5.6999
0.71,10.0,48,0.2543,-431.2881,-5.7122
0.71,10.2,48,0.2544,-431.3,-5.7242
0.71,10.4,48,0.2545,-431.3116,-5.7358
0.71,10.6,48,0.2546,-431.3228,-5.747
0.71,10.8,48,0.2546,-431.3337,-5.7579
0.71,11.0,48,0.2547,-431.3442,-5.7684
0.71,11.2,48,0.2548,-431.3543,-5.7785
0.71,11.4,48,0.2549,-431.3642,-5.7883
0.71,11.6,48,0.2549,-431.3736,-5.7978
0.71,11.8,48,0.255,-431.3828,-5.807
0.71,12.0,48,0.2551,-431.3916,-5.8158
0.71,12.2,48,0.2551,-431.4002,-5.8243
0.71,12.4,48,0.2552,-431.4084,-5.8326
0.71,12.6,48,0.2552,-431.4163,-5.8405
0.71,12.8,48,0.2553,-431.424,-5.8482
0.71,13.0,48,0.2553,-431.4314,-5.8556
0.71,13.2,48,0.2554,-431.4385,-5.8627
0.71,13.4,48,0.2554,-431.4454,-5.8696
0.71,13.6,48,0.2555,-431.452,-5.8762
0.71,13.8,48,0.2555,-431.4584,-5.8826
0.71,14.0,48,0.2555,-431.4645,-5.8887
0.71,14.2,48,0.2556,-431.4704,-5.8946
0.71,14.4,48,0.2556,-431.4761,-5.9003
0.71,14.6,48,0.2556,-431.4816,-5.9058
0.71,14.8,48,0.2557,-431.4869,-5.9111
0.71,15.0,48,0.2557,-431.492,-5.9162
0.71,15.2,48,0.2557,-431.4969,-5.9211
0.71,15.4,48,0.2558,-431.5016,-5.9258
0.71,15.6,48,0.2558,-431.5061,-5.9303
0.71,15.8,48,0.2558,-431.5105,-5.9347
0.71,16.0,48,0.2558,-431.5147,-5.9389
0.72,0.4,48,0.1951,-431.8416,-6.2658
0.72,0.6,48,0.2004,-431.6298,-6.054
0.72,0.8,48,0.2051,-431.4599,-5.8841
0.72,1.0,48,0.2094,-431.3231,-5.7473
0.72,1.2,48,0.2133,-431.2128,-5.637
0.72,1.4,48,0.2168,-431.1241,-5.5483
0.72,1.6,48,0.2199,-431.0531,-5.4772
0.72,1.8,48,0.2227,-430.9967,-5.4208
0.72,2.0,48,0.2253,-430.9525,-5.3766
0.72,2.2,48,0.2276,-430.9185,-5.3427
0.72,2.4,48,0.2297,-430.8932,-5.3174
0.72,2.6,48,0.2316,-430.8752,-5.2993
0.72,2.8,48,0.2333,-430.8633,-5.2875
0.72,3.0,48,0.2349,-430.8567,-5.2808
0.72,3.2,48,0.2363,-430.8544,-5.2786
0.72,3.4,48,0.2375,-430.8559,-5.2801
0.72,3.6,48,0.2387,-430.8606,-5.2848
0.72,3.8,48,0.2397,-430.8679,-5.2921
0.72,4.0,48,0.2407,-430.8774,-5.3016
0.72,4.2,48,0.2416,-430.8888,-5.313
0.72,4.4,48,0.2424,-430.9017,-5.3258
0.72,4.6,48,0.2431,-430.9158,-5.34
0.72,4.8,48,0.2438,-430.9309,-5.3551
0.72,5.0,48,0.2444,-430.9468,-5.371
0.72,5.2,48,0.245,-430.9634,-5.3875
0.72,5.4,48,0.2455,-430.9804,-5.4045
0.72,5.6,48,0.246,-430.9977,-5.4218
0.72,5.8,48,0.2464,-431.0152,-5.4394
0.72,6.0,48,0.2468,-431.0328,-5.457
0.72,6.2,48,0.2472,-431.0505,-5.4746
0.72,6.4,48,0.2475,-431.0681,-5.4922
0.72,6.6,48,0.2479,-431.0855,-5.5097
0.72,6.8,48,0.2481,-431.1028,-5.527
0.72,7.0,48,0.2484,-431.1199,-5.5441
0.72,7.2,48,0.2487,-431.1368,-5.561
0.72,7.4,48,0.2489,-431.1533,-5.5775
0.72,7.6,48,0.2491,-431.1696,-5.5938
0.72,7.8,48,0.2493,-431.1855,-5.6097
0.72,8.0,48,0.2495,-431.2011,-5.6253
0.72,8.2,48,0.2497,-431.2163,-5.6405
0.72,8.4,48,0.2499,-431.2312,-5.6554
0.72,8.6,48,0.25,-431.2457,-5.6698
0.72,8.8,48,0.2502,-431.2597,-5.6839
0.72,9.0,48,0.2503,-431.2735,-5.6976
0.72,9.2,48,0.2505,-431.2868,-5.711
0.72,9.4,48,0.2506,-431.2997,-5.7239
0.72,9.6,48,0.2507,-431.3123,-5.7365
0.72,9.8,48,0.2508,-431.3245,-5.7487
0.72,10.0,48,0.2509,-431.3363,-5.7605
0.72,10.2,48,0.251,-431.3477,-5.7719
0.72,10.4,48,0.2511,-431.3588,-5.783
0.72,10.6,48,0.2512,-431.3696,-5.7937
0.72,10.8,48,0.2512,-431.3799,-5.8041
0.72,11.0,48,0.2513,-431.39,-5.8142
0.72,11.2,48,0.2514,-431.3997,-5.8239
0.72,11.4,48,0.2515,-431.4091,-5.8332
0.72,11.6,48,0.2515,-431.4181,-5.8423
0.72,11.8,48,0.2516,-431.4269,-5.851
0.72,12.0,48,0.2516,-431.4353,-5.8595
0.72,12.2,48,0.2517,-431.4435,-5.8676
0.72,12.4,48,0.2517,-431.4513,-5.8755
0.72,12.6,48,0.2518,-431.4589,-5.8831
0.72,12.8,48,0.2518,-431.4662,-5.8904
0.72,13.0,48,0.2519,-431.4733,-5.8975
0.72,13.2,48,0.2519,-431.4801,-5.9043
0.72,13.4,48,0.252,-431.4866,-5.9108
0.72,13.6,48,0.252,-431.493,-5.9171
0.72,13.8,48,0.252,-431.499,-5.9232
0.72,14.0,48,0.2521,-431.5049,-5.9291
0.72,14.2,48,0.2521,-431.5106,-5.9347
0.72,14.4,48,0.2521,-431.516,-5.9402
0.72,14.6,48,0.2522,-431.5212,-5.9454
0.72,14.8,48,0.2522,-431.5263,-5.9504
0.72,15.0,48,0.2522,-431.5311,-5.9553
0.72,15.2,48,0.2523,-431.5358,-5.96
0.72,15.4,48,0.2523,-431.5403,-5.9645
0.72,15.6,48,0.2523,-431.5446,-5.9688
0.72,15.8,48,0.2523,-431.5488,-5.9729
0.72,16.0,48,0.2524,-431.5528,-5.9769
0.73,0.4,48,0.1946,-431.8643,-6.2885
0.73,0.6,48,0.1997,-431.6605,-6.0847
0.73,0.8,48,0.2042,-431.4972,-5.9213
0.73,1.0,48,0.2083,-431.3658,-5.79
0.73,1.2,48,0.212,-431.26,-5.6842
0.73,1.4,48,0.2153,-431.1751,-5.5993
0.73,1.6,48,0.2183,-431.1072,-5.5314
0.73,1.8,48,0.221,-431.0534,-5.4776
0.73,2.0,48,0.2235,-431.0114,-5.4355
0.73,2.2,48,0.2256,-430.9792,-5.4034
0.73,2.4,48,0.2276,-430.9553,-5.3795
0.73,2.6,48,0.2294,-430.9384,-5.3625
0.73,2.8,48,0.231,-430.9274,-5.3515
0.73,3.0,48,0.2325,-430.9214,-5.3455
0.73,3.2,48,0.2338,-430.9196,-5.3437
0.73,3.4,48,0.235,-430.9213,-5.3455
0.73,3.6,48,0.2361,-430.9261,-5.3503
0.73,3.8,48,0.2371,-430.9334,-5.3575
0.73,4.0,48,0.238,-430.9427,-5.3669
0.73,4.2,48,0.2388,-430.9539,-5.378
0.73,4.4,48,0.2396,-430.9664,-5.3906
0.73,4.6,48,0.2403,-430.9801,-5.4043
0.73,4.8,48,0.2409,-430.9948,-5.419
0.73,5.0,48,0.2415,-431.0102,-5.4344
0.73,5.2,48,0.242,-431.0262,-5.4504
0.73,5.4,48,0.2425,-431.0426,-5.4667
0.73,5.6,48,0.243,-431.0593,-5.4834
0.73,5.8,48,0.2434,-431.0761,-5.5003
0.73,6.0,48,0.2438,-431.0931,-5.5173
0.73,6.2,48,0.2441,-431.1101,-5.5342
0.73,6.4,48,0.2444,-431.127,-5.5511
0.73,6.6,48,0.2447,-431.1437,-5.5679
0.73,6.8,48,0.245,-431.1604,-5.5845
0.73,7.0,48,0.2453,-431.1768,-5.6009
0.73,7.2,48,0.2455,-431.1929,-5.6171
0.73,7.4,48,0.2457,-431.2088,-5.633
0.73,7.6,48,0.246,-431.2244,-5.6486
0.73,7.8,48,0.2461,-431.2396,-5.6638
0.73,8.0,48,0.2463,-431.2546,-5.6787
0.73,8.2,48,0.2465,-431.2691,-5.6933
0.73,8.4,48,0.2467,-431.2833,-5.7075
0.73,8.6,48,0.2468,-431.2972,-5.7214
0.73,8.8,48,0.2469,-431.3107,-5.7349
0.73,9.0,48,0.2471,-431.3238,-5.748
0.73,9.2,48,0.2472,-431.3365,-5.7607
0.73,9.4,48,0.2473,-431.3489,-5.7731
0.73,9.6,48,0.2474,-431.3609,-5.7851
0.73,9.8,48,0.2475,-431.3726,-5.7968
0.73,10.0,48,0.2476,-431.3839,-5.808
0.73,10.2,48,0.2477,-431.3948,-5.819
0.73,10.4,48,0.2478,-431.4054,-5.8296
0.73,10.6,48,0.2479,-431.4156,-5.8398
0.73,10.8,48,0.2479,-431.4255,-5.8497
0.73,11.0,48,0.248,-431.4351,-5.8593
0.73,11.2,48,0.2481,-431.4444,-5.8686
0.73,11.4,48,0.2481,-431.4533,-5.8775
0.73,11.6,48,0.2482,-431.462,-5.8862
0.73,11.8,48,0.2482,-431.4703,-5.8945
0.73,12.0,48,0.2483,-431.4784,-5.9026
0.73,12.2,48,0.2484,-431.4862,-5.9103
0.73,12.4,48,0.2484,-431.4937,-5.9178
0.73,12.6,48,0.2484,-431.5009,-5.9251
0.73,12.8,48,0.2485,-431.5079,-5.9321
0.73,13.0,48,0.2485,-431.5146,-5.9388
0.73,13.2,48,0.2486,-431.5211,-5.9453
0.73,13.4,48,0.2486,-431.5274,-5.9515
0.73,13.6,48,0.2486,-431.5334,-5.9576
0.73,13.8,48,0.2487,-431.5392,-5.9634
0.73,14.0,48,0.2487,-431.5448,-5.9689
0.73,14.2,48,0.2487,-431.5502,-5.9743
0.73,14.4,48,0.2488,-431.5553,-5.9795
0.73,14.6,48,0.2488,-431.5603,-5.9845
0.73,14.8,48,0.2488,-431.5651,-5.9893
0.73,15.0,48,0.2489,-431.5698,-5.9939
0.73,15.2,48,0.2489,-431.5742,-5.9984
0.73,15.4,48,0.2489,-431.5785,-6.0027
0.73,15.6,48,0.2489,-431.5826,-6.0068
0.73,15.8,48,0.249,-431.5866,-6.0108
0.73,16.0,48,0.249,-431.5904,-6.0146
0.74,0.4,48,0.1942,-431.8869,-6.3111
0.74,0.6,48,0.199,-431.6911,-6.1153
0.74,0.8,48,0.2033,-431.5343,-5.9585
0.74,1.0,48,0.2073,-431.4083,-5.8325
0.74,1.2,48,0.2108,-431.3071,-5.7312
0.74,1.4,48,0.2139,-431.2258,-5.65
0.74,1.6,48,0.2168,-431.161,-5.5852
0.74,1.8,48,0.2193,-431.1098,-5.534
0.74,2.0,48,0.2216,-431.0699,-5.4941
0.74,2.2,48,0.2237,-431.0394,-5.4636
0.74,2.4,48,0.2256,-431.0169,-5.4411
0.74,2.6,48,0.2273,-431.0011,-5.4252
0.74,2.8,48,0.2288,-430.9909,-5.4151
0.74,3.0,48,0.2302,-430.9855,-5.4096
0.74,3.2,48,0.2314,-430.9841,-5.4082
0.74,3.4,48,0.2326,-430.986,-5.4102
0.74,3.6,48,0.2336,-430.9909,-5.4151
0.74,3.8,48,0.2345,-430.9981,-5.4223
0.74,4.0,48,0.2354,-431.0073,-5.4315
0.74,4.2,48,0.2362,-431.0182,-5.4423
0.74,4.4,48,0.2369,-431.0304,-5.4546
0.74,4.6,48,0.2375,-431.0437,-5.4679
0.74,4.8,48,0.2381,-431.0579,-5.4821
0.74,5.0,48,0.2387,-431.0728,-5.4969
0.74,5.2,48,0.2392,-431.0882,-5.5123
0.74,5.4,48,0.2396,-431.104,-5.5281
0.74,5.6,48,0.24,-431.12,-5.5442
0.74,5.8,48,0.2404,-431.1363,-5.5604
0.74,6.0,48,0.2408,-431.1525,-5.5767
0.74,6.2,48,0.2411,-431.1688,-5.593
0.74,6.4,48,0.2414,-431.1851,-5.6092
0.74,6.6,48,0.2417,-431.2012,-5.6253
0.74,6.8,48,0.242,-431.2171,-5.6413
0.74,7.0,48,0.2422,-431.2328,-5.657
0.74,7.2,48,0.2424,-431.2483,-5.6725
0.74,7.4,48,0.2427,-431.2635,-5.6877
0.74,7.6,48,0.2428,-431.2784,-5.7026
0.74,7.8,48,0.243,-431.293,-5.7172
0.74,8.0,48,0.2432,-431.3073,-5.7314
0.74,8.2,48,0.2434,-431.3212,-5.7454
0.74,8.4,48,0.2435,-431.3348,-5.759
0.74,8.6,48,0.2436,-431.348,-5.7722
0.74,8.8,48,0.2438,-431.3609,-5.7851
0.74,9.0,48,0.2439,-431.3734,-5.7976
0.74,9.2,48,0.244,-431.3856,-5.8098
0.74,9.4,48,0.2441,-431.3974,-5.8216
0.74,9.6,48,0.2442,-431.4089,-5.8331
0.74,9.8,48,0.2443,-431.42,-5.8442
0.74,10.0,48,0.2444,-431.4308,-5.8549
0.74,10.2,48,0.2445,-431.4412,-5.8654
0.74,10.4,48,0.2446,-431.4513,-5.8755
0.74,10.6,48,0.2446,-431.4611,-5.8852
0.74,10.8,48,0.2447,-431.4705,-5.8947
0.74,11.0,48,0.2448,-431.4797,-5.9038
0.74,11.2,48,0.2448,-431.4885,-5.9127
0.74,11.4,48,0.2449,-431.497,-5.9212
0.74,11.6,48,0.2449,-431.5053,-5.9294
0.74,11.8,48,0.245,-431.5132,-5.9374
0.74,12.0,48,0.2451,-431.5209,-5.9451
0.74,12.2,48,0.2451,-431.5283,-5.9525
0.74,12.4,48,0.2451,-431.5355,-5.9596
0.74,12.6,48,0.2452,-431.5424,-5.9665
0.74,12.8,48,0.2452,-431.549,-5.9732
0.74,13.0,48,0.2453,-431.5554,-5.9796
0.74,13.2,48,0.2453,-431.5616,-5.9858
0.74,13.4,48,0.2453,-431.5675,-5.9917
0.74,13.6,48,0.2454,-431.5733,-5.9975
0.74,13.8,48,0.2454,-431.5788,-6.003
0.74,14.0,48,0.2454,-431.5841,-6.0083
0.74,14.2,48,0.2455,-431.5893,-6.0134
0.74,14.4,48,0.2455,-431.5942,-6.0184
0.74,14.6,48,0.2455,-431.5989,-6.0231
0.74,14.8,48,0.2455,-431.6035,-6.0277
0.74,15.0,48,0.2456,-431.6079,-6.0321
0.74,15.2,48,0.2456,-431.6122,-6.0363
0.74,15.4,48,0.2456,-431.6162,-6.0404
0.74,15.6,48,0.2456,-431.6202,-6.0443
0.74,15.8,48,0.2457,-431.6239,-6.0481
0.74,16.0,48,0.2457,-431.6276,-6.0517
0.75,0.4,48,0.1937,-431.9095,-6.3337
0.75,0.6,48,0.1983,-431.7216,-6.1458
0.75,0.8,48,0.2025,-431.5713,-5.9955
0.75,1.0,48,0.2062,-431.4507,-5.8749
0.75,1.2,48,0.2095,-431.3539,-5.7781
0.75,1.4,48,0.2125,-431.2764,-5.7005
0.75,1.6,48,0.2152,-431.2146,-5.6388
0.75,1.8,48,0.2177,-431.1659,-5.5901
0.75,2.0,48,0.2198,-431.128,-5.5522
0.75,2.2,48,0.2218,-431.0992,-5.5234
0.75,2.4,48,0.2236,-431.078,-5.5022
0.75,2.6,48,0.2252,-431.0632,-5.4874
0.75,2.8,48,0.2266,-431.0538,-5.478
0.75,3.0,48,0.2279,-431.049,-5.4731
0.75,3.2,48,0.2291,-431.0479,-5.4721
0.75,3.4,48,0.2302,-431.0501,-5.4743
0.75,3.6,48,0.2311,-431.055,-5.4792
0.75,3.8,48,0.232,-431.0621,-5.4863
0.75,4.0,48,0.2328,-431.0712,-5.4953
0.75,4.2,48,0.2335,-431.0817,-5.5059
0.75,4.4,48,0.2342,-431.0936,-5.5178
0.75,4.6,48,0.2348,-431.1065,-5.5307
0.75,4.8,48,0.2354,-431.1202,-5.5444
0.75,5.0,48,0.2359,-431.1345,-5.5587
0.75,5.2,48,0.2364,-431.1494,-5.5736
0.75,5.4,48,0.2368,-431.1646,-5.5887
0.75,5.6,48,0.2372,-431.18,-5.6042
0.75,5.8,48,0.2376,-431.1956,-5.6198
0.75,6.0,48,0.2379,-431.2112,-5.6354
0.75,6.2,48,0.2382,-431.2268,-5.651
0.75,6.4,48,0.2385,-431.2424,-5.6666
0.75,6.6,48,0.2388,-431.2578,-5.682
0.75,6.8,48,0.239,-431.273,-5.6972
0.75,7.0,48,0.2392,-431.2881,-5.7123
0.75,7.2,48,0.2394,-431.3029,-5.7271
0.75,7.4,48,0.2396,-431.3174,-5.7416
0.75,7.6,48,0.2398,-431.3317,-5.7558
0.75,7.8,48,0.24,-431.3456,-5.7698
0.75,8.0,48,0.2401,-431.3592,-5.7834
0.75,8.2,48,0.2403,-431.3725,-5.7967
0.75,8.4,48,0.2404,-431.3855,-5.8097
0.75,8.6,48,0.2406,-431.3981,-5.8223
0.75,8.8,48,0.2407,-431.4104,-5.8346
0.75,9.0,48,0.2408,-431.4224,-5.8465
0.75,9.2,48,0.2409,-431.434,-5.8581
0.75,9.4,48,0.241,-431.4452,-5.8694
0.75,9.6,48,0.2411,-431.4562,-5.8803
0.75,9.8,48,0.2412,-431.4668,-5.8909
0.75,10.0,48,0.2413,-431.477,-5.9012
0.75,10.2,48,0.2413,-431.487,-5.9111
0.75,10.4,48,0.2414,-431.4966,-5.9208
0.75,10.6,48,0.2415,-431.5059,-5.9301
0.75,10.8,48,0.2416,-431.5149,-5.9391
0.75,11.0,48,0.2416,-431.5236,-5.9478
0.75,11.2,48,0.2417,-431.532,-5.9562
0.75,11.4,48,0.2417,-431.5401,-5.9643
0.75,11.6,48,0.2418,-431.548,-5.9721
0.75,11.8,48,0.2418,-431.5555,-5.9797
0.75,12.0,48,0.2419,-431.5628,-5.987
0.75,12.2,48,0.2419,-431.5699,-5.9941
0.75,12.4,48,0.242,-431.5767,-6.0009
0.75,12.6,48,0.242,-431.5833,-6.0074
0.75,12.8,48,0.242,-431.5896,-6.0138
0.75,13.0,48,0.2421,-431.5957,-6.0199
0.75,13.2,48,0.2421,-431.6016,-6.0257
0.75,13.4,48,0.2422,-431.6072,-6.0314
0.75,13.6,48,0.2422,-431.6127,-6.0369
0.75,13.8,48,0.2422,-431.6179,-6.0421
0.75,14.0,48,0.2422,-431.623,-6.0472
0.75,14.2,48,0.2423,-431.6279,-6.052
0.75,14.4,48,0.2423,-431.6326,-6.0567
0.75,14.6,48,0.2423,-431.6371,-6.0613
0.75,14.8,48,0.2423,-431.6414,-6.0656
0.75,15.0,48,0.2424,-431.6456,-6.0698
0.75,15.2,48,0.2424,-431.6496,-6.0738
0.75,15.4,48,0.2424,-431.6535,-6.0777
0.75,15.6,48,0.2424,-431.6572,-6.0814
0.75,15.8,48,0.2425,-431.6608,-6.085
0.75,16.0,48,0.2425,-431.6643,-6.0885
0.76,0.4,48,0.1933,-431.9321,-6.3563
0.76,0.6,48,0.1977,-431.7521,-6.1763
0.76,0.8,48,0.2016,-431.6083,-6.0324
0.76,1.0,48,0.2051,-431.493,-5.9172
0.76,1.2,48,0.2083,-431.4006,-5.8247
0.76,1.4,48,0.2112,-431.3266,-5.7508
0.76,1.6,48,0.2137,-431.2679,-5.6921
0.76,1.8,48,0.216,-431.2217,-5.6458
0.76,2.0,48,0.2181,-431.1858,-5.61
0.76,2.2,48,0.2199,-431.1586,-5.5828
0.76,2.4,48,0.2216,-431.1387,-5.5629
0.76,2.6,48,0.2231,-431.1249,-5.5491
0.76,2.8,48,0.2244,-431.1162,-5.5404
0.76,3.0,48,0.2257,-431.1119,-5.5361
0.76,3.2,48,0.2268,-431.1112,-5.5354
0.76,3.4,48,0.2278,-431.1135,-5.5377
0.76,3.6,48,0.2287,-431.1184,-5.5426
0.76,3.8,48,0.2295,-431.1255,-5.5497
0.76,4.0,48,0.2303,-431.1343,-5.5585
0.76,4.2,48,0.231,-431.1446,-5.5688
0.76,4.4,48,0.2316,-431.1561,-5.5803
0.76,4.6,48,0.2322,-431.1685,-5.5927
0.76,4.8,48,0.2327,-431.1817,-5.6059
0.76,5.0,48,0.2332,-431.1955,-5.6197
0.76,5.2,48,0.2336,-431.2098,-5.634
0.76,5.4,48,0.234,-431.2244,-5.6486
0.76,5.6,48,0.2344,-431.2392,-5.6634
0.76,5.8,48,0.2347,-431.2541,-5.6783
0.76,6.0,48,0.2351,-431.2691,-5.6933
0.76,6.2,48,0.2353,-431.2841,-5.7082
0.76,6.4,48,0.2356,-431.2989,-5.7231
0.76,6.6,48,0.2359,-431.3137,-5.7378
0.76,6.8,48,0.2361,-431.3282,-5.7524
0.76,7.0,48,0.2363,-431.3426,-5.7668
0.76,7.2,48,0.2365,-431.3567,-5.7809
0.76,7.4,48,0.2367,-431.3706,-5.7948
0.76,7.6,48,0.2369,-431.3842,-5.8084
0.76,7.8,48,0.237,-431.3975,-5.8217
0.76,8.0,48,0.2372,-431.4105,-5.8346
0.76,8.2,48,0.2373,-431.4232,-5.8473
0.76,8.4,48,0.2374,-431.4355,-5.8597
0.76,8.6,48,0.2376,-431.4475,-5.8717
0.76,8.8,48,0.2377,-431.4592,-5.8834
0.76,9.0,48,0.2378,-431.4706,-5.8948
0.76,9.2,48,0.2379,-431.4817,-5.9059
0.76,9.4,48,0.238,-431.4924,-5.9166
0.76,9.6,48,0.2381,-431.5028,-5.927
0.76,9.8,48,0.2381,-431.5129,-5.9371
0.76,10.0,48,0.2382,-431.5226,-5.9468
0.76,10.2,48,0.2383,-431.5321,-5.9563
0.76,10.4,48,0.2384,-431.5413,-5.9654
0.76,10.6,48,0.2384,-431.5501,-5.9743
0.76,10.8,48,0.2385,-431.5587,-5.9828
0.76,11.0,48,0.2386,-431.5669,-5.9911
0.76,11.2,48,0.2386,-431.5749,-5.9991
0.76,11.4,48,0.2387,-431.5827,-6.0068
0.76,11.6,48,0.2387,-431.5901,-6.0143
0.76,11.8,48,0.2388,-431.5973,-6.0215
0.76,12.0,48,0.2388,-431.6042,-6.0284
0.76,12.2,48,0.2388,-431.6109,-6.0351
0.76,12.4,48,0.2389,-431.6174,-6.0416
0.76,12.6,48,0.2389,-431.6236,-6.0478
0.76,12.8,48,0.239,-431.6297,-6.0538
0.76,13.0,48,0.239,-431.6354,-6.0596
0.76,13.2,48,0.239,-431.641,-6.0652
0.76,13.4,48,0.2391,-431.6464,-6.0706
0.76,13.6,48,0.2391,-431.6516,-6.0758
0.76,13.8,48,0.2391,-431.6566,-6.0808
0.76,14.0,48,0.2391,-431.6614,-6.0856
0.76,14.2,48,0.2392,-431.666,-6.0902
0.76,14.4,48,0.2392,-431.6705,-6.0946
0.76,14.6,48,0.2392,-431.6748,-6.0989
0.76,14.8,48,0.2392,-431.6789,-6.1031
0.76,15.0,48,0.2393,-431.6829,-6.107
0.76,15.2,48,0.2393,-431.6867,-6.1109
0.76,15.4,48,0.2393,-431.6904,-6.1145
0.76,15.6,48,0.2393,-431.6939,-6.1181
0.76,15.8,48,0.2393,-431.6973,-6.1215
0.76,16.0,48,0.2393,-431.7006,-6.1247
0.77,0.4,48,0.1928,-431.9546,-6.3788
0.77,0.6,48,0.197,-431.7825,-6.2067
0.77,0.8,48,0.2007,-431.6451,-6.0693
0.77,1.0,48,0.2041,-431.5351,-5.9593
0.77,1.2,48,0.2071,-431.447,-5.8712
0.77,1.4,48,0.2098,-431.3767,-5.8009
0.77,1.6,48,0.2122,-431.3209,-5.7451
0.77,1.8,48,0.2144,-431.2771,-5.7013
0.77,2.0,48,0.2163,-431.2432,-5.6674
0.77,2.2,48,0.2181,-431.2176,-5.6418
0.77,2.4,48,0.2196,-431.1989,-5.6231
0.77,2.6,48,0.2211,-431.1861,-5.6102
0.77,2.8,48,0.2223,-431.1781,-5.6023
0.77,3.0,48,0.2235,-431.1742,-5.5984
0.77,3.2,48,0.2245,-431.1738,-5.598
0.77,3.4,48,0.2255,-431.1763,-5.6005
0.77,3.6,48,0.2263,-431.1812,-5.6054
0.77,3.8,48,0.2271,-431.1882,-5.6123
0.77,4.0,48,0.2278,-431.1968,-5.6209
0.77,4.2,48,0.2285,-431.2067,-5.6309
0.77,4.4,48,0.2291,-431.2178,-5.642
0.77,4.6,48,0.2296,-431.2298,-5.654
0.77,4.8,48,0.2301,-431.2425,-5.6667
0.77,5.0,48,0.2305,-431.2558,-5.68
0.77,5.2,48,0.2309,-431.2695,-5.6937
0.77,5.4,48,0.2313,-431.2835,-5.7076
0.77,5.6,48,0.2317,-431.2976,-5.7218
0.77,5.8,48,0.232,-431.3119,-5.7361
0.77,6.0,48,0.2323,-431.3262,-5.7504
0.77,6.2,48,0.2326,-431.3405,-5.7647
0.77,6.4,48,0.2328,-431.3547,-5.7789
0.77,6.6,48,0.233,-431.3688,-5.793
0.77,6.8,48,0.2333,-431.3827,-5.8068
0.77,7.0,48,0.2335,-431.3964,-5.8205
0.77,7.2,48,0.2336,-431.4098,-5.834
0.77,7.4,48,0.2338,-431.423,-5.8472
0.77,7.6,48,0.234,-431.436,-5.8602
0.77,7.8,48,0.2341,-431.4487,-5.8728
0.77,8.0,48,0.2343,-431.461,-5.8852
0.77,8.2,48,0.2344,-431.4731,-5.8973
0.77,8.4,48,0.2345,-431.4848,-5.909
0.77,8.6,48,0.2346,-431.4963,-5.9205
0.77,8.8,48,0.2347,-431.5074,-5.9316
0.77,9.0,48,0.2348,-431.5182,-5.9424
0.77,9.2,48,0.2349,-431.5287,-5.9529
0.77,9.4,48,0.235,-431.5389,-5.9631
0.77,9.6,48,0.2351,-431.5488,-5.973
0.77,9.8,48,0.2352,-431.5584,-5.9826
0.77,10.0,48,0.2353,-431.5677,-5.9918
0.77,10.2,48,0.2353,-431.5766,-6.0008
0.77,10.4,48,0.2354,-431.5853,-6.0095
0.77,10.6,48,0.2354,-431.5937,-6.0179
0.77,10.8,48,0.2355,-431.6019,-6.026
0.77,11.0,48,0.2356,-431.6097,-6.0339
0.77,11.2,48,0.2356,-431.6173,-6.0415
0.77,11.4,48,0.2357,-431.6246,-6.0488
0.77,11.6,48,0.2357,-431.6317,-6.0559
0.77,11.8,48,0.2357,-431.6385,-6.0627
0.77,12.0,48,0.2358,-431.6451,-6.0693
0.77,12.2,48,0.2358,-431.6515,-6.0756
0.77,12.4,48,0.2359,-431.6576,-6.0818
0.77,12.6,48,0.2359,-431.6635,-6.0877
0.77,12.8,48,0.2359,-431.6692,-6.0934
0.77,13.0,48,0.236,-431.6747,-6.0989
0.77,13.2,48,0.236,-431.68,-6.1042
0.77,13.4,48,0.236,-431.6851,-6.1093
0.77,13.6,48,0.2361,-431.69,-6.1142
0.77,13.8,48,0.2361,-431.6947,-6.1189
0.77,14.0,48,0.2361,-431.6993,-6.1235
0.77,14.2,48,0.2361,-431.7037,-6.1279
0.77,14.4,48,0.2362,-431.7079,-6.1321
0.77,14.6,48,0.2362,-431.712,-6.1361
0.77,14.8,48,0.2362,-431.7159,-6.1401
0.77,15.0,48,0.2362,-431.7197,-6.1438
0.77,15.2,48,0.2362,-431.7233,-6.1474
0.77,15.4,48,0.2363,-431.7268,-6.1509
0.77,15.6,48,0.2363,-431.7301,-6.1543
0.77,15.8,48,0.2363,-431.7333,-6.1575
0.77,16.0,48,0.2363,-431.7364,-6.1606
0.78,0.4,48,0.1923,-431.9771,-6.4013
0.78,0.6,48,0.1963,-431.8129,-6.237
0.78,0.8,48,0.1999,-431.6818,-6.106
0.78,1.0,48,0.2031,-431.5771,-6.0012
0.78,1.2,48,0.2059,-431.4933,-5.9175
0.78,1.4,48,0.2085,-431.4265,-5.8507
0.78,1.6,48,0.2107,-431.3736,-5.7978
0.78,1.8,48,0.2128,-431.3322,-5.7564
0.78,2.0,48,0.2146,-431.3002,-5.7244
0.78,2.2,48,0.2163,-431.2762,-5.7003
0.78,2.4,48,0.2177,-431.2587,-5.6829
0.78,2.6,48,0.2191,-431.2467,-5.6709
0.78,2.8,48,0.2203,-431.2394,-5.6636
0.78,3.0,48,0.2214,-431.236,-5.6602
0.78,3.2,48,0.2223,-431.2359,-5.6601
0.78,3.4,48,0.2232,-431.2385,-5.6627
0.78,3.6,48,0.224,-431.2434,-5.6675
0.78,3.8,48,0.2248,-431.2502,-5.6743
0.78,4.0,48,0.2254,-431.2585,-5.6827
0.78,4.2,48,0.226,-431.2682,-5.6923
0.78,4.4,48,0.2266,-431.2788,-5.703
0.78,4.6,48,0.2271,-431.2904,-5.7146
0.78,4.8,48,0.2275,-431.3026,-5.7268
0.78,5.0,48,0.2279,-431.3153,-5.7395
0.78,5.2,48,0.2283,-431.3284,-5.7526
0.78,5.4,48,0.2287,-431.3418,-5.766
0.78,5.6,48,0.229,-431.3553,-5.7795
0.78,5.8,48,0.2293,-431.369,-5.7931
0.78,6.0,48,0.2296,-431.3826,-5.8068
0.78,6.2,48,0.2298,-431.3962,-5.8204
0.78,6.4,48,0.2301,-431.4098,-5.8339
0.78,6.6,48,0.2303,-431.4232,-5.8473
0.78,6.8,48,0.2305,-431.4364,-5.8606
0.78,7.0,48,0.2307,-431.4494,-5.8736
0.78,7.2,48,0.2309,-431.4622,-5.8864
0.78,7.4,48,0.231,-431.4748,-5.899
0.78,7.6,48,0.2312,-431.4871,-5.9113
0.78,7.8,48,0.2313,-431.4991,-5.9233
0.78,8.0,48,0.2314,-431.5109,-5.9351
0.78,8.2,48,0.2316,-431.5223,-5.9465
0.78,8.4,48,0.2317,-431.5335,-5.9577
0.78,8.6,48,0.2318,-431.5444,-5.9685
0.78,8.8,48,0.2319,-431.5549,-5.9791
0.78,9.0,48,0.232,-431.5652,-5.9894
0.78,9.2,48,0.2321,-431.5752,-5.9993
0.78,9.4,48,0.2321,-431.5848,-6.009
0.78,9.6,48,0.2322,-431.5942,-6.0184
0.78,9.8,48,0.2323,-431.6033,-6.0275
0.78,10.0,48,0.2324,-431.6121,-6.0363
0.78,10.2,48,0.2324,-431.6206,-6.0448
0.78,10.4,48,0.2325,-431.6288,-6.053
0.78,10.6,48,0.2325,-431.6368,-6.061
0.78,10.8,48,0.2326,-431.6445,-6.0687
0.78,11.0,48,0.2326,-431.6519,-6.0761
0.78,11.2,48,0.2327,-431.6591,-6.0833
0.78,11.4,48,0.2327,-431.6661,-6.0902
0.78,11.6,48,0.2328,-431.6728,-6.0969
0.78,11.8,48,0.2328,-431.6792,-6.1034
0.78,12.0,48,0.2329,-431.6855,-6.1096
0.78,12.2,48,0.2329,-431.6915,-6.1157
0.78,12.4,48,0.2329,-431.6973,-6.1215
0.78,12.6,48,0.233,-431.7029,-6.1271
0.78,12.8,48,0.233,-431.7083,-6.1325
0.78,13.0,48,0.233,-431.7135,-6.1377
0.78,13.2,48,0.233,-431.7185,-6.1427
0.78,13.4,48,0.2331,-431.7233,-6.1475
0.78,13.6,48,0.2331,-431.728,-6.1521
0.78,13.8,48,0.2331,-431.7324,-6.1566
0.78,14.0,48,0.2331,-431.7368,-6.1609
0.78,14.2,48,0.2332,-431.7409,-6.1651
0.78,14.4,48,0.2332,-431.7449,-6.1691
0.78,14.6,48,0.2332,-431.7488,-6.1729
0.78,14.8,48,0.2332,-431.7525,-6.1766
0.78,15.0,48,0.2333,-431.756,-6.1802
0.78,15.2,48,0.2333,-431.7594,-6.1836
0.78,15.4,48,0.2333,-431.7627,-6.1869
0.78,15.6,48,0.2333,-431.7659,-6.1901
0.78,15.8,48,0.2333,-431.769,-6.1931
0.78,16.0,48,0.2333,-431.7719,-6.1961
0.79,0.4,48,0.1919,-431.9996,-6.4238
0.79,0.6,48,0.1957,-431.8431,-6.2673
0.79,0.8,48,0.199,-431.7185,-6.1426
0.79,1.0,48,0.2021,-431.6189,-6.0431
0.79,1.2,48,0.2047,-431.5394,-5.9636
0.79,1.4,48,0.2071,-431.4761,-5.9003
0.79,1.6,48,0.2093,-431.4261,-5.8503
0.79,1.8,48,0.2112,-431.387,-5.8111
0.79,2.0,48,0.2129,-431.3569,-5.781
0.79,2.2,48,0.2145,-431.3343,-5.7585
0.79,2.4,48,0.2159,-431.318,-5.7421
0.79,2.6,48,0.2171,-431.3069,-5.7311
0.79,2.8,48,0.2182,-431.3002,-5.7244
0.79,3.0,48,0.2193,-431.2972,-5.7214
0.79,3.2,48,0.2202,-431.2973,-5.7215
0.79,3.4,48,0.221,-431.3,-5.7242
0.79,3.6,48,0.2217,-431.3049,-5.729
0.79,3.8,48,0.2224,-431.3115,-5.7357
0.79,4.0,48,0.2231,-431.3196,-5.7438
0.79,4.2,48,0.2236,-431.3289,-5.7531
0.79,4.4,48,0.2241,-431.3392,-5.7633
0.79,4.6,48,0.2246,-431.3502,-5.7744
0.79,4.8,48,0.225,-431.3619,-5.7861
0.79,5.0,48,0.2254,-431.3741,-5.7983
0.79,5.2,48,0.2258,-431.3866,-5.8108
0.79,5.4,48,0.2261,-431.3994,-5.8235
0.79,5.6,48,0.2264,-431.4123,-5.8365
0.79,5.8,48,0.2267,-431.4253,-5.8494
0.79,6.0,48,0.2269,-431.4383,-5.8624
0.79,6.2,48,0.2272,-431.4512,-5.8754
0.79,6.4,48,0.2274,-431.4641,-5.8883
0.79,6.6,48,0.2276,-431.4768,-5.901
0.79,6.8,48,0.2278,-431.4894,-5.9136
0.79,7.0,48,0.228,-431.5018,-5.9259
0.79,7.2,48,0.2281,-431.5139,-5.9381
0.79,7.4,48,0.2283,-431.5259,-5.95
0.79,7.6,48,0.2284,-431.5375,-5.9617
0.79,7.8,48,0.2286,-431.5489,-5.9731
0.79,8.0,48,0.2287,-431.5601,-5.9843
0.79,8.2,48,0.2288,-431.5709,-5.9951
0.79,8.4,48,0.2289,-431.5815,-6.0057
0.79,8.6,48,0.229,-431.5918,-6.016
0.79,8.8,48,0.2291,-431.6018,-6.026
0.79,9.0,48,0.2292,-431.6115,-6.0357
0.79,9.2,48,0.2292,-431.621,-6.0452
0.79,9.4,48,0.2293,-431.6301,-6.0543
0.79,9.6,48,0.2294,-431.639,-6.0632
0.79,9.8,48,0.2295,-431.6476,-6.0718
0.79,10.0,48,0.2295,-431.6559,-6.0801
0.79,10.2,48,0.2296,-431.664,-6.0881
0.79,10.4,48,0.2296,-431.6718,-6.0959
0.79,10.6,48,0.2297,-431.6793,-6.1035
0.79,10.8,48,0.2297,-431.6866,-6.1108
0.79,11.0,48,0.2298,-431.6936,-6.1178
0.79,11.2,48,0.2298,-431.7004,-6.1246
0.79,11.4,48,0.2299,-431.707,-6.1311
0.79,11.6,48,0.2299,-431.7133,-6.1375
0.79,11.8,48,0.23,-431.7194,-6.1436
0.79,12.0,48,0.23,-431.7253,-6.1495
0.79,12.2,48,0.23,-431.731,-6.1552
0.79,12.4,48,0.2301,-431.7365,-6.1607
0.79,12.6,48,0.2301,-431.7418,-6.166
0.79,12.8,48,0.2301,-431.7469,-6.171
0.79,13.0,48,0.2301,-431.7518,-6.176
0.79,13.2,48,0.2302,-431.7565,-6.1807
0.79,13.4,48,0.2302,-431.7611,-6.1853
0.79,13.6,48,0.2302,-431.7655,-6.1896
0.79,13.8,48,0.2302,-431.7697,-6.1939
0.79,14.0,48,0.2303,-431.7738,-6.1979
0.79,14.2,48,0.2303,-431.7777,-6.2019
0.79,14.4,48,0.2303,-431.7815,-6.2056
0.79,14.6,48,0.2303,-431.7851,-6.2093
0.79,14.8,48,0.2303,-431.7886,-6.2128
0.79,15.0,48,0.2304,-431.792,-6.2161
0.79,15.2,48,0.2304,-431.7952,-6.2194
0.79,15.4,48,0.2304,-431.7983,-6.2225
0.79,15.6,48,0.2304,-431.8013,-6.2255
0.79,15.8,48,0.2304,-431.8042,-6.2283
0.79,16.0,48,0.2304,-431.8069,-6.2311
0.8,0.4,48,0.1914,-432.022,-6.4462
0.8,0.6,48,0.195,-431.8733,-6.2975
0.8,0.8,48,0.1982,-431.755,-6.1792
0.8,1.0,48,0.2011,-431.6606,-6.0848
0.8,1.2,48,0.2036,-431.5853,-6.0095
0.8,1.4,48,0.2058,-431.5255,-5.9496
0.8,1.6,48,0.2079,-431.4783,-5.9024
0.8,1.8,48,0.2097,-431.4414,-5.8656
0.8,2.0,48,0.2113,-431.4131,-5.8373
0.8,2.2,48,0.2127,-431.392,-5.8162
0.8,2.4,48,0.214,-431.3768,-5.801
0.8,2.6,48,0.2152,-431.3666,-5.7908
0.8,2.8,48,0.2162,-431.3605,-5.7847
0.8,3.0,48,0.2172,-431.3579,-5.7821
0.8,3.2,48,0.218,-431.3582,-5.7824
0.8,3.4,48,0.2188,-431.361,-5.7851
0.8,3.6,48,0.2195,-431.3657,-5.7899
0.8,3.8,48,0.2202,-431.3722,-5.7963
0.8,4.0,48,0.2207,-431.38,-5.8042
0.8,4.2,48,0.2213,-431.3889,-5.8131
0.8,4.4,48,0.2217,-431.3988,-5.823
0.8,4.6,48,0.2222,-431.4094,-5.8336
0.8,4.8,48,0.2226,-431.4206,-5.8447
0.8,5.0,48,0.2229,-431.4322,-5.8563
0.8,5.2,48,0.2233,-431.4441,-5.8683
0.8,5.4,48,0.2236,-431.4562,-5.8804
0.8,5.6,48,0.2239,-431.4685,-5.8927
0.8,5.8,48,0.2241,-431.4809,-5.905
0.8,6.0,48,0.2244,-431.4932,-5.9174
0.8,6.2,48,0.2246,-431.5055,-5.9297
0.8,6.4,48,0.2248,-431.5177,-5.9419
0.8,6.6,48,0.225,-431.5298,-5.954
0.8,6.8,48,0.2252,-431.5417,-5.9659
0.8,7.0,48,0.2253,-431.5534,-5.9776
0.8,7.2,48,0.2255,-431.5649,-5.9891
0.8,7.4,48,0.2256,-431.5762,-6.0004
0.8,7.6,48,0.2257,-431.5873,-6.0115
0.8,7.8,48,0.2259,-431.5981,-6.0223
0.8,8.0,48,0.226,-431.6086,-6.0328
0.8,8.2,48,0.2261,-431.6189,-6.0431
0.8,8.4,48,0.2262,-431.6289,-6.0531
0.8,8.6,48,0.2263,-431.6386,-6.0628
0.8,8.8,48,0.2264,-431.6481,-6.0723
0.8,9.0,48,0.2264,-431.6573,-6.0815
0.8,9.2,48,0.2265,-431.6662,-6.0904
0.8,9.4,48,0.2266,-431.6748,-6.099
0.8,9.6,48,0.2266,-431.6832,-6.1074
0.8,9.8,48,0.2267,-431.6913,-6.1155
0.8,10.0,48,0.2268,-431.6992,-6.1234
0.8,10.2,48,0.2268,-431.7068,-6.131
0.8,10.4,48,0.2269,-431.7141,-6.1383
0.8,10.6,48,0.2269,-431.7213,-6.1454
0.8,10.8,48,0.227,-431.7281,-6.1523
0.8,11.0,48,0.227,-431.7348,-6.1589
0.8,11.2,48,0.2271,-431.7412,-6.1653
0.8,11.4,48,0.2271,-431.7474,-6.1715
0.8,11.6,48,0.2271,-431.7533,-6.1775
0.8,11.8,48,0.2272,-431.7591,-6.1833
0.8,12.0,48,0.2272,-431.7647,-6.1888
0.8,12.2,48,0.2272,-431.77,-6.1942
0.8,12.4,48,0.2273,-431.7752,-6.1994
0.8,12.6,48,0.2273,-431.7802,-6.2044
0.8,12.8,48,0.2273,-431.785,-6.2092
0.8,13.0,48,0.2273,-431.7896,-6.2138
0.8,13.2,48,0.2274,-431.7941,-6.2183
0.8,13.4,48,0.2274,-431.7984,-6.2226
0.8,13.6,48,0.2274,-431.8025,-6.2267
0.8,13.8,48,0.2274,-431.8065,-6.2307
0.8,14.0,48,0.2275,-431.8103,-6.2345
0.8,14.2,48,0.2275,-431.814,-6.2382
0.8,14.4,48,0.2275,-431.8176,-6.2418
0.8,14.6,48,0.2275,-431.821,-6.2452
0.8,14.8,48,0.2275,-431.8243,-6.2485
0.8,15.0,48,0.2275,-431.8275,-6.2516
0.8,15.2,48,0.2276,-431.8305,-6.2547
0.8,15.4,48,0.2276,-431.8335,-6.2576
0.8,15.6,48,0.2276,-431.8363,-6.2604
0.8,15.8,48,0.2276,-431.839,-6.2632
0.8,16.0,48,0.2276,-431.8416,-6.2658
0.81,0.4,48,0.191,-432.0444,-6.4686
0.81,0.6,48,0.1944,-431.9035,-6.3277
0.81,0.8,48,0.1974,-431.7914,-6.2156
0.81,1.0,48,0.2001,-431.7021,-6.1263
0.81,1.2,48,0.2024,-431.631,-6.0552
0.81,1.4,48,0.2046,-431.5746,-5.9988
0.81,1.6,48,0.2064,-431.5301,-5.9543
0.81,1.8,48,0.2081,-431.4955,-5.9197
0.81,2.0,48,0.2096,-431.4691,-5.8932
0.81,2.2,48,0.211,-431.4493,-5.8735
0.81,2.4,48,0.2122,-431.4352,-5.8594
0.81,2.6,48,0.2133,-431.4258,-5.8499
0.81,2.8,48,0.2143,-431.4202,-5.8444
0.81,3.0,48,0.2152,-431.418,-5.8422
0.81,3.2,48,0.216,-431.4185,-5.8427
0.81,3.4,48,0.2167,-431.4213,-5.8455
0.81,3.6,48,0.2173,-431.426,-5.8501
0.81,3.8,48,0.2179,-431.4322,-5.8564
0.81,4.0,48,0.2185,-431.4397,-5.8639
0.81,4.2,48,0.219,-431.4483,-5.8725
0.81,4.4,48,0.2194,-431.4578,-5.8819
0.81,4.6,48,0.2198,-431.4679,-5.892
0.81,4.8,48,0.2202,-431.4785,-5.9027
0.81,5.0,48,0.2205,-431.4895,-5.9137
0.81,5.2,48,0.2208,-431.5009,-5.925
0.81,5.4,48,0.2211,-431.5124,-5.9366
0.81,5.6,48,0.2214,-431.5241,-5.9482
0.81,5.8,48,0.2216,-431.5358,-5.9599
0.81,6.0,48,0.2218,-431.5475,-5.9716
0.81,6.2,48,0.2221,-431.5591,-5.9833
0.81,6.4,48,0.2222,-431.5707,-5.9948
0.81,6.6,48,0.2224,-431.5821,-6.0062
0.81,6.8,48,0.2226,-431.5933,-6.0175
0.81,7.0,48,0.2227,-431.6044,-6.0286
0.81,7.2,48,0.2229,-431.6153,-6.0395
0.81,7.4,48,0.223,-431.626,-6.0501
0.81,7.6,48,0.2231,-431.6364,-6.0606
0.81,7.8,48,0.2232,-431.6466,-6.0708
0.81,8.0,48,0.2233,-431.6565,-6.0807
0.81,8.2,48,0.2234,-431.6662,-6.0904
0.81,8.4,48,0.2235,-431.6757,-6.0998
0.81,8.6,48,0.2236,-431.6848,-6.109
0.81,8.8,48,0.2237,-431.6938,-6.1179
0.81,9.0,48,0.2238,-431.7024,-6.1266
0.81,9.2,48,0.2238,-431.7108,-6.135
0.81,9.4,48,0.2239,-431.719,-6.1431
0.81,9.6,48,0.224,-431.7269,-6.151
0.81,9.8,48,0.224,-431.7345,-6.1587
0.81,10.0,48,0.2241,-431.7419,-6.1661
0.81,10.2,48,0.2241,-431.7491,-6.1732
0.81,10.4,48,0.2242,-431.756,-6.1802
0.81,10.6,48,0.2242,-431.7627,-6.1869
0.81,10.8,48,0.2243,-431.7691,-6.1933
0.81,11.0,48,0.2243,-431.7754,-6.1996
0.81,11.2,48,0.2243,-431.7814,-6.2056
0.81,11.4,48,0.2244,-431.7873,-6.2114
0.81,11.6,48,0.2244,-431.7929,-6.2171
0.81,11.8,48,0.2244,-431.7983,-6.2225
0.81,12.0,48,0.2245,-431.8035,-6.2277
0.81,12.2,48,0.2245,-431.8086,-6.2328
0.81,12.4,48,0.2245,-431.8134,-6.2376
0.81,12.6,48,0.2246,-431.8181,-6.2423
0.81,12.8,48,0.2246,-431.8227,-6.2468
0.81,13.0,48,0.2246,-431.827,-6.2512
0.81,13.2,48,0.2246,-431.8312,-6.2554
0.81,13.4,48,0.2247,-431.8352,-6.2594
0.81,13.6,48,0.2247,-431.8391,-6.2633
0.81,13.8,48,0.2247,-431.8429,-6.2671
0.81,14.0,48,0.2247,-431.8465,-6.2707
0.81,14.2,48,0.2247,-431.85,-6.2741
0.81,14.4,48,0.2247,-431.8533,-6.2775
0.81,14.6,48,0.2248,-431.8565,-6.2807
0.81,14.8,48,0.2248,-431.8596,-6.2838
0.81,15.0,48,0.2248,-431.8626,-6.2868
0.81,15.2,48,0.2248,-431.8655,-6.2896
0.81,15.4,48,0.2248,-431.8682,-6.2924
0.81,15.6,48,0.2248,-431.8709,-6.295
0.81,15.8,48,0.2248,-431.8734,-6.2976
0.81,16.0,48,0.2249,-431.8759,-6.3
0.82,0.4,48,0.1905,-432.0668,-6.491
0.82,0.6,48,0.1937,-431.9336,-6.3577
0.82,0.8,48,0.1966,-431.8277,-6.2519
0.82,1.0,48,0.1991,-431.7435,-6.1677
0.82,1.2,48,0.2013,-431.6765,-6.1007
0.82,1.4,48,0.2033,-431.6235,-6.0477
0.82,1.6,48,0.205,-431.5818,-6.0059
0.82,1.8,48,0.2066,-431.5493,-5.9735
0.82,2.0,48,0.208,-431.5246,-5.9488
0.82,2.2,48,0.2093,-431.5062,-5.9304
0.82,2.4,48,0.2104,-431.4931,-5.9173
0.82,2.6,48,0.2114,-431.4845,-5.9086
0.82,2.8,48,0.2124,-431.4795,-5.9037
0.82,3.0,48,0.2132,-431.4776,-5.9017
0.82,3.2,48,0.2139,-431.4782,-5.9024
0.82,3.4,48,0.2146,-431.481,-5.9052
0.82,3.6,48,0.2152,-431.4856,-5.9098
0.82,3.8,48,0.2158,-431.4916,-5.9158
0.82,4.0,48,0.2163,-431.4988,-5.923
0.82,4.2,48,0.2167,-431.507,-5.9312
0.82,4.4,48,0.2171,-431.516,-5.9402
0.82,4.6,48,0.2175,-431.5257,-5.9498
0.82,4.8,48,0.2178,-431.5358,-5.9599
0.82,5.0,48,0.2182,-431.5462,-5.9704
0.82,5.2,48,0.2184,-431.557,-5.9811
0.82,5.4,48,0.2187,-431.5679,-5.9921
0.82,5.6,48,0.219,-431.5789,-6.0031
0.82,5.8,48,0.2192,-431.59,-6.0141
0.82,6.0,48,0.2194,-431.601,-6.0252
0.82,6.2,48,0.2196,-431.612,-6.0362
0.82,6.4,48,0.2197,-431.6229,-6.0471
0.82,6.6,48,0.2199,-431.6337,-6.0579
0.82,6.8,48,0.2201,-431.6443,-6.0685
0.82,7.0,48,0.2202,-431.6548,-6.0789
0.82,7.2,48,0.2203,-431.665,-6.0892
0.82,7.4,48,0.2204,-431.675,-6.0992
0.82,7.6,48,0.2206,-431.6849,-6.109
0.82,7.8,48,0.2207,-431.6945,-6.1186
0.82,8.0,48,0.2208,-431.7038,-6.128
0.82,8.2,48,0.2209,-431.7129,-6.1371
0.82,8.4,48,0.2209,-431.7218,-6.146
0.82,8.6,48,0.221,-431.7304,-6.1546
0.82,8.8,48,0.2211,-431.7388,-6.163
0.82,9.0,48,0.2212,-431.747,-6.1711
0.82,9.2,48,0.2212,-431.7549,-6.179
0.82,9.4,48,0.2213,-431.7625,-6.1867
0.82,9.6,48,0.2213,-431.7699,-6.1941
0.82,9.8,48,0.2214,-431.7771,-6.2013
0.82,10.0,48,0.2214,-431.7841,-6.2082
0.82,10.2,48,0.2215,-431.7908,-6.215
0.82,10.4,48,0.2215,-431.7973,-6.2215
0.82,10.6,48,0.2216,-431.8036,-6.2278
0.82,10.8,48,0.2216,-431.8097,-6.2338
0.82,11.0,48,0.2217,-431.8155,-6.2397
0.82,11.2,48,0.2217,-431.8212,-6.2454
0.82,11.4,48,0.2217,-431.8267,-6.2508
0.82,11.6,48,0.2218,-431.8319,-6.2561
0.82,11.8,48,0.2218,-431.837,-6.2612
0.82,12.0,48,0.2218,-431.8419,-6.2661
0.82,12.2,48,0.2218,-431.8467,-6.2708
0.82,12.4,48,0.2219,-431.8512,-6.2754
0.82,12.6,48,0.2219,-431.8556,-6.2798
0.82,12.8,48,0.2219,-431.8599,-6.284
0.82,13.0,48,0.2219,-431.8639,-6.2881
0.82,13.2,48,0.222,-431.8679,-6.2921
0.82,13.4,48,0.222,-431.8717,-6.2958
0.82,13.6,48,0.222,-431.8753,-6.2995
0.82,13.8,48,0.222,-431.8788,-6.303
0.82,14.0,48,0.222,-431.8822,-6.3064
0.82,14.2,48,0.2221,-431.8855,-6.3096
0.82,14.4,48,0.2221,-431.8886,-6.3128
0.82,14.6,48,0.2221,-431.8916,-6.3158
0.82,14.8,48,0.2221,-431.8945,-6.3187
0.82,15.0,48,0.2221,-431.8973,-6.3215
0.82,15.2,48,0.2221,-431.9,-6.3242
0.82,15.4,48,0.2221,-431.9026,-6.3268
0.82,15.6,48,0.2221,-431.9051,-6.3292
0.82,15.8,48,0.2222,-431.9075,-6.3316
0.82,16.0,48,0.2222,-431.9097,-6.3339
0.83,0.4,48,0.1901,-432.0891,-6.5133
0.83,0.6,48,0.1931,-431.9636,-6.3877
0.83,0.8,48,0.1957,-431.8639,-6.2881
0.83,1.0,48,0.1981,-431.7848,-6.2089
0.83,1.2,48,0.2002,-431.7219,-6.146
0.83,1.4,48,0.202,-431.6721,-6.0963
0.83,1.6,48,0.2037,-431.6331,-6.0573
0.83,1.8,48,0.2051,-431.6028,-6.027
0.83,2.0,48,0.2065,-431.5798,-6.0039
0.83,2.2,48,0.2076,-431.5627,-5.9869
0.83,2.4,48,0.2087,-431.5506,-5.9748
0.83,2.6,48,0.2096,-431.5427,-5.9669
0.83,2.8,48,0.2105,-431.5382,-5.9624
0.83,3.0,48,0.2112,-431.5366,-5.9608
0.83,3.2,48,0.2119,-431.5374,-5.9616
0.83,3.4,48,0.2125,-431.5402,-5.9643
0.83,3.6,48,0.2131,-431.5446,-5.9688
0.83,3.8,48,0.2136,-431.5504,-5.9746
0.83,4.0,48,0.2141,-431.5573,-5.9815
0.83,4.2,48,0.2145,-431.5651,-5.9893
0.83,4.4,48,0.2149,-431.5737,-5.9978
0.83,4.6,48,0.2152,-431.5828,-6.007
0.83,4.8,48,0.2155,-431.5924,-6.0165
0.83,5.0,48,0.2158,-431.6023,-6.0264
0.83,5.2,48,0.2161,-431.6124,-6.0366
0.83,5.4,48,0.2164,-431.6227,-6.0469
0.83,5.6,48,0.2166,-431.6331,-6.0573
0.83,5.8,48,0.2168,-431.6435,-6.0677
0.83,6.0,48,0.217,-431.6539,-6.0781
0.83,6.2,48,0.2171,-431.6643,-6.0884
0.83,6.4,48,0.2173,-431.6745,-6.0987
0.83,6.6,48,0.2175,-431.6846,-6.1088
0.83,6.8,48,0.2176,-431.6946,-6.1188
0.83,7.0,48,0.2177,-431.7044,-6.1286
0.83,7.2,48,0.2178,-431.7141,-6.1382
0.83,7.4,48,0.218,-431.7235,-6.1477
0.83,7.6,48,0.2181,-431.7327,-6.1569
0.83,7.8,48,0.2182,-431.7417,-6.1659
0.83,8.0,48,0.2182,-431.7505,-6.1747
0.83,8.2,48,0.2183,-431.7591,-6.1832
0.83,8.4,48,0.2184,-431.7674,-6.1916
0.83,8.6,48,0.2185,-431.7755,-6.1996
0.83,8.8,48,0.2185,-431.7833,-6.2075
0.83,9.0,48,0.2186,-431.791,-6.2151
0.83,9.2,48,0.2187,-431.7984,-6.2225
0.83,9.4,48,0.2187,-431.8055,-6.2297
0.83,9.6,48,0.2188,-431.8125,-6.2367
0.83,9.8,48,0.2188,-431.8192,-6.2434
0.83,10.0,48,0.2189,-431.8257,-6.2499
0.83,10.2,48,0.2189,-431.832,-6.2562
0.83,10.4,48,0.219,-431.8381,-6.2623
0.83,10.6,48,0.219,-431.844,-6.2682
0.83,10.8,48,0.219,-431.8497,-6.2738
0.83,11.0,48,0.2191,-431.8552,-6.2793
0.83,11.2,48,0.2191,-431.8605,-6.2846
0.83,11.4,48,0.2191,-431.8656,-6.2897
0.83,11.6,48,0.2192,-431.8705,-6.2947
0.83,11.8,48,0.2192,-431.8753,-6.2994
0.83,12.0,48,0.2192,-431.8799,-6.304
0.83,12.2,48,0.2192,-431.8843,-6.3085
0.83,12.4,48,0.2193,-431.8886,-6.3127
0.83,12.6,48,0.2193,-431.8927,-6.3168
0.83,12.8,48,0.2193,-431.8966,-6.3208
0.83,13.0,48,0.2193,-431.9005,-6.3246
0.83,13.2,48,0.2194,-431.9041,-6.3283
0.83,13.4,48,0.2194,-431.9077,-6.3319
0.83,13.6,48,0.2194,-431.9111,-6.3353
0.83,13.8,48,0.2194,-431.9144,-6.3385
0.83,14.0,48,0.2194,-431.9175,-6.3417
0.83,14.2,48,0.2194,-431.9206,-6.3448
0.83,14.4,48,0.2194,-431.9235,-6.3477
0.83,14.6,48,0.2195,-431.9263,-6.3505
0.83,14.8,48,0.2195,-431.929,-6.3532
0.83,15.0,48,0.2195,-431.9316,-6.3558
0.83,15.2,48,0.2195,-431.9342,-6.3583
0.83,15.4,48,0.2195,-431.9366,-6.3607
0.83,15.6,48,0.2195,-431.9389,-6.3631
0.83,15.8,48,0.2195,-431.9411,-6.3653
0.83,16.0,48,0.2195,-431.9433,-6.3674
0.84,0.4,48,0.1896,-432.1114,-6.5356
0.84,0.6,48,0.1925,-431.9935,-6.4177
0.84,0.8,48,0.1949,-431.9001,-6.3242
0.84,1.0,48,0.1971,-431.8259,-6.25
0.84,1.2,48,0.1991,-431.767,-6.1912
0.84,1.4,48,0.2008,-431.7205,-6.1447
0.84,1.6,48,0.2023,-431.6841,-6.1083
0.84,1.8,48,0.2037,-431.6559,-6.0801
0.84,2.0,48,0.2049,-431.6346,-6.0587
0.84,2.2,48,0.206,-431.6188,-6.043
0.84,2.4,48,0.207,-431.6077,-6.0318
0.84,2.6,48,0.2078,-431.6004,-6.0246
0.84,2.8,48,0.2086,-431.5964,-6.0206
0.84,3.0,48,0.2093,-431.5951,-6.0192
0.84,3.2,48,0.21,-431.596,-6.0201
0.84,3.4,48,0.2105,-431.5987,-6.0229
0.84,3.6,48,0.211,-431.603,-6.0272
0.84,3.8,48,0.2115,-431.6086,-6.0327
0.84,4.0,48,0.2119,-431.6151,-6.0393
0.84,4.2,48,0.2123,-431.6226,-6.0467
0.84,4.4,48,0.2127,-431.6306,-6.0548
0.84,4.6,48,0.213,-431.6393,-6.0634
0.84,4.8,48,0.2133,-431.6483,-6.0725
0.84,5.0,48,0.2136,-431.6576,-6.0818
0.84,5.2,48,0.2138,-431.6672,-6.0913
0.84,5.4,48,0.214,-431.6768,-6.101
0.84,5.6,48,0.2142,-431.6866,-6.1108
0.84,5.8,48,0.2144,-431.6964,-6.1206
0.84,6.0,48,0.2146,-431.7062,-6.1303
0.84,6.2,48,0.2148,-431.7159,-6.14
0.84,6.4,48,0.2149,-431.7255,-6.1496
0.84,6.6,48,0.2151,-431.735,-6.1591
0.84,6.8,48,0.2152,-431.7443,-6.1685
0.84,7.0,48,0.2153,-431.7535,-6.1777
0.84,7.2,48,0.2154,-431.7625,-6.1867
0.84,7.4,48,0.2155,-431.7713,-6.1955
0.84,7.6,48,0.2156,-431.78,-6.2041
0.84,7.8,48,0.2157,-431.7884,-6.2126
0.84,8.0,48,0.2158,-431.7966,-6.2208
0.84,8.2,48,0.2159,-431.8046,-6.2288
0.84,8.4,48,0.2159,-431.8124,-6.2365
0.84,8.6,48,0.216,-431.8199,-6.2441
0.84,8.8,48,0.2161,-431.8273,-6.2514
0.84,9.0,48,0.2161,-431.8344,-6.2586
0.84,9.2,48,0.2162,-431.8413,-6.2655
0.84,9.4,48,0.2162,-431.848,-6.2722
0.84,9.6,48,0.2163,-431.8545,-6.2787
0.84,9.8,48,0.2163,-431.8608,-6.2849
0.84,10.0,48,0.2164,-431.8668,-6.291
0.84,10.2,48,0.2164,-431.8727,-6.2969
0.84,10.4,48,0.2164,-431.8784,-6.3026
0.84,10.6,48,0.2165,-431.8839,-6.3081
0.84,10.8,48,0.2165,-431.8892,-6.3134
0.84,11.0,48,0.2165,-431.8943,-6.3185
0.84,11.2,48,0.2166,-431.8992,-6.3234
0.84,11.4,48,0.2166,-431.904,-6.3282
0.84,11.6,48,0.2166,-431.9086,-6.3328
0.84,11.8,48,0.2167,-431.9131,-6.3372
0.84,12.0,48,0.2167,-431.9173,-6.3415
0.84,12.2,48,0.2167,-431.9215,-6.3456
0.84,12.4,48,0.2167,-431.9255,-6.3496
0.84,12.6,48,0.2167,-431.9293,-6.3535
0.84,12.8,48,0.2168,-431.933,-6.3572
0.84,13.0,48,0.2168,-431.9365,-6.3607
0.84,13.2,48,0.2168,-431.94,-6.3641
0.84,13.4,48,0.2168,-431.9433,-6.3674
0.84,13.6,48,0.2168,-431.9464,-6.3706
0.84,13.8,48,0.2169,-431.9495,-6.3737
0.84,14.0,48,0.2169,-431.9525,-6.3766
0.84,14.2,48,0.2169,-431.9553,-6.3795
0.84,14.4,48,0.2169,-431.958,-6.3822
0.84,14.6,48,0.2169,-431.9606,-6.3848
0.84,14.8,48,0.2169,-431.9632,-6.3873
0.84,15.0,48,0.2169,-431.9656,-6.3898
0.84,15.2,48,0.2169,-431.9679,-6.3921
0.84,15.4,48,0.217,-431.9702,-6.3944
0.84,15.6,48,0.217,-431.9723,-6.3965
0.84,15.8,48,0.217,-431.9744,-6.3986
0.84,16.0,48,0.217,-431.9764,-6.4006
0.85,0.4,48,0.1892,-432.1337,-6.5578
0.85,0.6,48,0.1918,-432.0234,-6.4476
0.85,0.8,48,0.1941,-431.9361,-6.3602
0.85,1.0,48,0.1962,-431.8668,-6.291
0.85,1.2,48,0.198,-431.812,-6.2361
0.85,1.4,48,0.1996,-431.7687,-6.1929
0.85,1.6,48,0.201,-431.7349,-6.1591
0.85,1.8,48,0.2022,-431.7088,-6.1329
0.85,2.0,48,0.2034,-431.689,-6.1132
0.85,2.2,48,0.2044,-431.6745,-6.0986
0.85,2.4,48,0.2053,-431.6643,-6.0884
0.85,2.6,48,0.2061,-431.6577,-6.0819
0.85,2.8,48,0.2068,-431.6541,-6.0783
0.85,3.0,48,0.2074,-431.653,-6.0772
0.85,3.2,48,0.208,-431.654,-6.0782
0.85,3.4,48,0.2086,-431.6567,-6.0809
0.85,3.6,48,0.209,-431.6608,-6.085
0.85,3.8,48,0.2095,-431.6661,-6.0903
0.85,4.0,48,0.2099,-431.6724,-6.0965
0.85,4.2,48,0.2102,-431.6794,-6.1035
0.85,4.4,48,0.2105,-431.687,-6.1112
0.85,4.6,48,0.2108,-431.6951,-6.1193
0.85,4.8,48,0.2111,-431.7036,-6.1278
0.85,5.0,48,0.2113,-431.7123,-6.1365
0.85,5.2,48,0.2116,-431.7213,-6.1454
0.85,5.4,48,0.2118,-431.7303,-6.1545
0.85,5.6,48,0.212,-431.7395,-6.1637
0.85,5.8,48,0.2121,-431.7486,-6.1728
0.85,6.0,48,0.2123,-431.7578,-6.1819
0.85,6.2,48,0.2125,-431.7668,-6.191
0.85,6.4,48,0.2126,-431.7758,-6.2
0.85,6.6,48,0.2127,-431.7847,-6.2088
0.85,6.8,48,0.2128,-431.7934,-6.2176
0.85,7.0,48,0.2129,-431.8019,-6.2261
0.85,7.2,48,0.213,-431.8104,-6.2345
0.85,7.4,48,0.2131,-431.8186,-6.2427
0.85,7.6,48,0.2132,-431.8266,-6.2508
0.85,7.8,48,0.2133,-431.8345,-6.2586
0.85,8.0,48,0.2134,-431.8421,-6.2663
0.85,8.2,48,0.2134,-431.8495,-6.2737
0.85,8.4,48,0.2135,-431.8568,-6.281
0.85,8.6,48,0.2136,-431.8638,-6.288
0.85,8.8,48,0.2136,-431.8707,-6.2948
0.85,9.0,48,0.2137,-431.8773,-6.3015
0.85,9.2,48,0.2137,-431.8837,-6.3079
0.85,9.4,48,0.2138,-431.8899,-6.3141
0.85,9.6,48,0.2138,-431.896,-6.3201
0.85,9.8,48,0.2139,-431.9018,-6.326
0.85,10.0,48,0.2139,-431.9075,-6.3316
0.85,10.2,48,0.2139,-431.9129,-6.3371
0.85,10.4,48,0.214,-431.9182,-6.3424
0.85,10.6,48,0.214,-431.9233,-6.3475
0.85,10.8,48,0.214,-431.9282,-6.3524
0.85,11.0,48,0.2141,-431.933,-6.3572
0.85,11.2,48,0.2141,-431.9376,-6.3618
0.85,11.4,48,0.2141,-431.942,-6.3662
0.85,11.6,48,0.2142,-431.9463,-6.3705
0.85,11.8,48,0.2142,-431.9504,-6.3746
0.85,12.0,48,0.2142,-431.9544,-6.3786
0.85,12.2,48,0.2142,-431.9582,-6.3824
0.85,12.4,48,0.2142,-431.9619,-6.3861
0.85,12.6,48,0.2143,-431.9655,-6.3897
0.85,12.8,48,0.2143,-431.9689,-6.3931
0.85,13.0,48,0.2143,-431.9722,-6.3964
0.85,13.2,48,0.2143,-431.9754,-6.3996
0.85,13.4,48,0.2143,-431.9785,-6.4026
0.85,13.6,48,0.2143,-431.9814,-6.4056
0.85,13.8,48,0.2144,-431.9843,-6.4084
0.85,14.0,48,0.2144,-431.987,-6.4112
0.85,14.2,48,0.2144,-431.9896,-6.4138
0.85,14.4,48,0.2144,-431.9922,-6.4163
0.85,14.6,48,0.2144,-431.9946,-6.4188
0.85,14.8,48,0.2144,-431.9969,-6.4211
0.85,15.0,48,0.2144,-431.9992,-6.4234
0.85,15.2,48,0.2144,-432.0014,-6.4255
0.85,15.4,48,0.2144,-432.0034,-6.4276
0.85,15.6,48,0.2145,-432.0054,-6.4296
0.85,15.8,48,0.2145,-432.0074,-6.4315
0.85,16.0,48,0.2145,-432.0092,-6.4334
0.86,0.4,48,0.1888,-432.1559,-6.58
0.86,0.6,48,0.1912,-432.0532,-6.4774
0.86,0.8,48,0.1933,-431.972,-6.3961
0.86,1.0,48,0.1952,-431.9076,-6.3318
0.86,1.2,48,0.1969,-431.8567,-6.2809
0.86,1.4,48,0.1983,-431.8166,-6.2408
0.86,1.6,48,0.1997,-431.7854,-6.2095
0.86,1.8,48,0.2008,-431.7613,-6.1854
0.86,2.0,48,0.2018,-431.7431,-6.1672
0.86,2.2,48,0.2028,-431.7297,-6.1539
0.86,2.4,48,0.2036,-431.7204,-6.1446
0.86,2.6,48,0.2043,-431.7145,-6.1387
0.86,2.8,48,0.205,-431.7113,-6.1355
0.86,3.0,48,0.2056,-431.7105,-6.1346
0.86,3.2,48,0.2061,-431.7115,-6.1357
0.86,3.4,48,0.2066,-431.7142,-6.1383
0.86,3.6,48,0.2071,-431.7181,-6.1423
0.86,3.8,48,0.2074,-431.7231,-6.1473
0.86,4.0,48,0.2078,-431.729,-6.1532
0.86,4.2,48,0.2081,-431.7356,-6.1597
0.86,4.4,48,0.2084,-431.7427,-6.1669
0.86,4.6,48,0.2087,-431.7503,-6.1745
0.86,4.8,48,0.2089,-431.7582,-6.1824
0.86,5.0,48,0.2092,-431.7664,-6.1906
0.86,5.2,48,0.2094,-431.7748,-6.1989
0.86,5.4,48,0.2096,-431.7832,-6.2074
0.86,5.6,48,0.2097,-431.7917,-6.2159
0.86,5.8,48,0.2099,-431.8002,-6.2244
0.86,6.0,48,0.21,-431.8087,-6.2329
0.86,6.2,48,0.2102,-431.8172,-6.2413
0.86,6.4,48,0.2103,-431.8255,-6.2497
0.86,6.6,48,0.2104,-431.8337,-6.2579
0.86,6.8,48,0.2105,-431.8418,-6.266
0.86,7.0,48,0.2106,-431.8498,-6.274
0.86,7.2,48,0.2107,-431.8576,-6.2818
0.86,7.4,48,0.2108,-431.8652,-6.2894
0.86,7.6,48,0.2109,-431.8727,-6.2969
0.86,7.8,48,0.211,-431.88,-6.3041
0.86,8.0,48,0.211,-431.887,-6.3112
0.86,8.2,48,0.2111,-431.8939,-6.3181
0.86,8.4,48,0.2112,-431.9007,-6.3248
0.86,8.6,48,0.2112,-431.9072,-6.3313
0.86,8.8,48,0.2113,-431.9135,-6.3377
0.86,9.0,48,0.2113,-431.9196,-6.3438
0.86,9.2,48,0.2114,-431.9256,-6.3498
0.86,9.4,48,0.2114,-431.9314,-6.3555
0.86,9.6,48,0.2114,-431.9369,-6.3611
0.86,9.8,48,0.2115,-431.9424,-6.3665
0.86,10.0,48,0.2115,-431.9476,-6.3718
0.86,10.2,48,0.2115,-431.9526,-6.3768
0.86,10.4,48,0.2116,-431.9575,-6.3817
0.86,10.6,48,0.2116,-431.9622,-6.3864
0.86,10.8,48,0.2116,-431.9668,-6.391
0.86,11.0,48,0.2117,-431.9712,-6.3954
0.86,11.2,48,0.2117,-431.9755,-6.3996
0.86,11.4,48,0.2117,-431.9796,-6.4037
0.86,11.6,48,0.2117,-431.9835,-6.4077
0.86,11.8,48,0.2118,-431.9873,-6.4115
0.86,12.0,48,0.2118,-431.991,-6.4152
0.86,12.2,48,0.2118,-431.9945,-6.4187
0.86,12.4,48,0.2118,-431.998,-6.4221
0.86,12.6,48,0.2118,-432.0013,-6.4254
0.86,12.8,48,0.2118,-432.0044,-6.4286
0.86,13.0,48,0.2119,-432.0075,-6.4317
0.86,13.2,48,0.2119,-432.0104,-6.4346
0.86,13.4,48,0.2119,-432.0133,-6.4374
0.86,13.6,48,0.2119,-432.016,-6.4402
0.86,13.8,48,0.2119,-432.0186,-6.4428
0.86,14.0,48,0.2119,-432.0211,-6.4453
0.86,14.2,48,0.2119,-432.0236,-6.4477
0.86,14.4,48,0.212,-432.0259,-6.4501
0.86,14.6,48,0.212,-432.0282,-6.4523
0.86,14.8,48,0.212,-432.0303,-6.4545
0.86,15.0,48,0.212,-432.0324,-6.4566
0.86,15.2,48,0.212,-432.0344,-6.4586
0.86,15.4,48,0.212,-432.0363,-6.4605
0.86,15.6,48,0.212,-432.0382,-6.4624
0.86,15.8,48,0.212,-432.04,-6.4641
0.86,16.0,48,0.212,-432.0417,-6.4659
0.87,0.4,48,0.1883,-432.1781,-6.6022
0.87,0.6,48,0.1906,-432.0829,-6.5071
0.87,0.8,48,0.1925,-432.0077,-6.4319
0.87,1.0,48,0.1943,-431.9483,-6.3724
0.87,1.2,48,0.1958,-431.9013,-6.3255
0.87,1.4,48,0.1971,-431.8643,-6.2885
0.87,1.6,48,0.1983,-431.8356,-6.2597
0.87,1.8,48,0.1994,-431.8134,-6.2376
0.87,2.0,48,0.2004,-431.7968,-6.221
0.87,2.2,48,0.2012,-431.7846,-6.2088
0.87,2.4,48,0.202,-431.7762,-6.2004
0.87,2.6,48,0.2026,-431.7708,-6.195
0.87,2.8,48,0.2032,-431.7681,-6.1922
0.87,3.0,48,0.2038,-431.7674,-6.1916
0.87,3.2,48,0.2043,-431.7685,-6.1927
0.87,3.4,48,0.2047,-431.771,-6.1952
0.87,3.6,48,0.2051,-431.7748,-6.1989
0.87,3.8,48,0.2055,-431.7795,-6.2037
0.87,4.0,48,0.2058,-431.785,-6.2092
0.87,4.2,48,0.2061,-431.7912,-6.2153
0.87,4.4,48,0.2064,-431.7978,-6.222
0.87,4.6,48,0.2066,-431.8049,-6.2291
0.87,4.8,48,0.2068,-431.8123,-6.2364
0.87,5.0,48,0.207,-431.8199,-6.244
0.87,5.2,48,0.2072,-431.8276,-6.2518
0.87,5.4,48,0.2074,-431.8355,-6.2596
0.87,5.6,48,0.2076,-431.8433,-6.2675
0.87,5.8,48,0.2077,-431.8512,-6.2754
0.87,6.0,48,0.2078,-431.8591,-6.2833
0.87,6.2,48,0.208,-431.8669,-6.2911
0.87,6.4,48,0.2081,-431.8746,-6.2988
0.87,6.6,48,0.2082,-431.8822,-6.3064
0.87,6.8,48,0.2083,-431.8897,-6.3139
0.87,7.0,48,0.2084,-431.8971,-6.3212
0.87,7.2,48,0.2084,-431.9043,-6.3284
0.87,7.4,48,0.2085,-431.9113,-6.3355
0.87,7.6,48,0.2086,-431.9182,-6.3424
0.87,7.8,48,0.2087,-431.9249,-6.3491
0.87,8.0,48,0.2087,-431.9314,-6.3556
0.87,8.2,48,0.2088,-431.9378,-6.362
0.87,8.4,48,0.2088,-431.944,-6.3682
0.87,8.6,48,0.2089,-431.95,-6.3742
0.87,8.8,48,0.2089,-431.9558,-6.38
0.87,9.0,48,0.209,-431.9615,-6.3857
0.87,9.2,48,0.209,-431.967,-6.3911
0.87,9.4,48,0.2091,-431.9723,-6.3965
0.87,9.6,48,0.2091,-431.9774,-6.4016
0.87,9.8,48,0.2091,-431.9824,-6.4066
0.87,10.0,48,0.2092,-431.9872,-6.4114
0.87,10.2,48,0.2092,-431.9919,-6.4161
0.87,10.4,48,0.2092,-431.9964,-6.4206
0.87,10.6,48,0.2093,-432.0007,-6.4249
0.87,10.8,48,0.2093,-432.0049,-6.4291
0.87,11.0,48,0.2093,-432.009,-6.4331
0.87,11.2,48,0.2093,-432.0129,-6.4371
0.87,11.4,48,0.2093,-432.0167,-6.4408
0.87,11.6,48,0.2094,-432.0203,-6.4445
0.87,11.8,48,0.2094,-432.0238,-6.448
0.87,12.0,48,0.2094,-432.0272,-6.4514
0.87,12.2,48,0.2094,-432.0304,-6.4546
0.87,12.4,48,0.2094,-432.0336,-6.4578
0.87,12.6,48,0.2095,-432.0366,-6.4608
0.87,12.8,48,0.2095,-432.0395,-6.4637
0.87,13.0,48,0.2095,-432.0423,-6.4665
0.87,13.2,48,0.2095,-432.0451,-6.4692
0.87,13.4,48,0.2095,-432.0477,-6.4718
0.87,13.6,48,0.2095,-432.0502,-6.4743
0.87,13.8,48,0.2095,-432.0526,-6.4768
0.87,14.0,48,0.2095,-432.0549,-6.4791
0.87,14.2,48,0.2096,-432.0571,-6.4813
0.87,14.4,48,0.2096,-432.0593,-6.4835
0.87,14.6,48,0.2096,-432.0614,-6.4855
0.87,14.8,48,0.2096,-432.0634,-6.4875
0.87,15.0,48,0.2096,-432.0653,-6.4894
0.87,15.2,48,0.2096,-432.0671,-6.4913
0.87,15.4,48,0.2096,-432.0689,-6.4931
0.87,15.6,48,0.2096,-432.0706,-6.4948
0.87,15.8,48,0.2096,-432.0722,-6.4964
0.87,16.0,48,0.2096,-432.0738,-6.498
0.88,0.4,48,0.1879,-432.2002,-6.6244
0.88,0.6,48,0.1899,-432.1126,-6.5368
0.88,0.8,48,0.1918,-432.0434,-6.4676
0.88,1.0,48,0.1933,-431.9888,-6.4129
0.88,1.2,48,0.1947,-431.9457,-6.3698
0.88,1.4,48,0.196,-431.9118,-6.336
0.88,1.6,48,0.1971,-431.8855,-6.3097
0.88,1.8,48,0.198,-431.8653,-6.2895
0.88,2.0,48,0.1989,-431.8501,-6.2743
0.88,2.2,48,0.1997,-431.8391,-6.2633
0.88,2.4,48,0.2003,-431.8315,-6.2557
0.88,2.6,48,0.201,-431.8267,-6.2509
0.88,2.8,48,0.2015,-431.8243,-6.2485
0.88,3.0,48,0.202,-431.8238,-6.248
0.88,3.2,48,0.2024,-431.8249,-6.2491
0.88,3.4,48,0.2028,-431.8274,-6.2515
0.88,3.6,48,0.2032,-431.8309,-6.2551
0.88,3.8,48,0.2035,-431.8353,-6.2595
0.88,4.0,48,0.2038,-431.8404,-6.2646
0.88,4.2,48,0.2041,-431.8462,-6.2703
0.88,4.4,48,0.2043,-431.8524,-6.2765
0.88,4.6,48,0.2046,-431.8589,-6.2831
0.88,4.8,48,0.2048,-431.8657,-6.2899
0.88,5.0,48,0.2049,-431.8727,-6.2969
0.88,5.2,48,0.2051,-431.8799,-6.304
0.88,5.4,48,0.2053,-431.8871,-6.3113
0.88,5.6,48,0.2054,-431.8944,-6.3185
0.88,5.8,48,0.2055,-431.9016,-6.3258
0.88,6.0,48,0.2057,-431.9089,-6.333
0.88,6.2,48,0.2058,-431.916,-6.3402
0.88,6.4,48,0.2059,-431.9231,-6.3473
0.88,6.6,48,0.206,-431.9301,-6.3543
0.88,6.8,48,0.2061,-431.937,-6.3612
0.88,7.0,48,0.2061,-431.9437,-6.3679
0.88,7.2,48,0.2062,-431.9503,-6.3745
0.88,7.4,48,0.2063,-431.9568,-6.381
0.88,7.6,48,0.2064,-431.9631,-6.3873
0.88,7.8,48,0.2064,-431.9693,-6.3935
0.88,8.0,48,0.2065,-431.9753,-6.3995
0.88,8.2,48,0.2065,-431.9811,-6.4053
0.88,8.4,48,0.2066,-431.9868,-6.411
0.88,8.6,48,0.2066,-431.9923,-6.4165
0.88,8.8,48,0.2067,-431.9976,-6.4218
0.88,9.0,48,0.2067,-432.0028,-6.427
0.88,9.2,48,0.2067,-432.0079,-6.432
0.88,9.4,48,0.2068,-432.0127,-6.4369
0.88,9.6,48,0.2068,-432.0174,-6.4416
0.88,9.8,48,0.2068,-432.022,-6.4462
0.88,10.0,48,0.2069,-432.0264,-6.4506
0.88,10.2,48,0.2069,-432.0307,-6.4548
0.88,10.4,48,0.2069,-432.0348,-6.459
0.88,10.6,48,0.207,-432.0388,-6.4629
0.88,10.8,48,0.207,-432.0426,-6.4668
0.88,11.0,48,0.207,-432.0463,-6.4705
0.88,11.2,48,0.207,-432.0499,-6.4741
0.88,11.4,48,0.207,-432.0533,-6.4775
0.88,11.6,48,0.2071,-432.0567,-6.4808
0.88,11.8,48,0.2071,-432.0599,-6.484
0.88,12.0,48,0.2071,-432.063,-6.4871
0.88,12.2,48,0.2071,-432.066,-6.4901
0.88,12.4,48,0.2071,-432.0688,-6.493
0.88,12.6,48,0.2071,-432.0716,-6.4958
0.88,12.8,48,0.2071,-432.0743,-6.4984
0.88,13.0,48,0.2072,-432.0768,-6.501
0.88,13.2,48,0.2072,-432.0793,-6.5035
0.88,13.4,48,0.2072,-432.0817,-6.5059
0.88,13.6,48,0.2072,-432.084,-6.5082
0.88,13.8,48,0.2072,-432.0862,-6.5104
0.88,14.0,48,0.2072,-432.0883,-6.5125
0.88,14.2,48,0.2072,-432.0904,-6.5145
0.88,14.4,48,0.2072,-432.0923,-6.5165
0.88,14.6,48,0.2072,-432.0942,-6.5184
0.88,14.8,48,0.2073,-432.096,-6.5202
0.88,15.0,48,0.2073,-432.0978,-6.522
0.88,15.2,48,0.2073,-432.0995,-6.5236
0.88,15.4,48,0.2073,-432.1011,-6.5253
0.88,15.6,48,0.2073,-432.1026,-6.5268
0.88,15.8,48,0.2073,-432.1041,-6.5283
0.88,16.0,48,0.2073,-432.1056,-6.5298
0.89,0.4,48,0.1875,-432.2223,-6.6465
0.89,0.6,48,0.1893,-432.1422,-6.5664
0.89,0.8,48,0.191,-432.079,-6.5032
0.89,1.0,48,0.1924,-432.0291,-6.4533
0.89,1.2,48,0.1937,-431.9898,-6.414
0.89,1.4,48,0.1948,-431.959,-6.3832
0.89,1.6,48,0.1958,-431.9351,-6.3593
0.89,1.8,48,0.1967,-431.9168,-6.341
0.89,2.0,48,0.1974,-431.9031,-6.3273
0.89,2.2,48,0.1981,-431.8932,-6.3174
0.89,2.4,48,0.1988,-431.8864,-6.3106
0.89,2.6,48,0.1993,-431.8821,-6.3063
0.89,2.8,48,0.1998,-431.88,-6.3042
0.89,3.0,48,0.2002,-431.8797,-6.3039
0.89,3.2,48,0.2006,-431.8808,-6.305
0.89,3.4,48,0.201,-431.8831,-6.3073
0.89,3.6,48,0.2013,-431.8864,-6.3106
0.89,3.8,48,0.2016,-431.8905,-6.3147
0.89,4.0,48,0.2019,-431.8953,-6.3195
0.89,4.2,48,0.2021,-431.9006,-6.3248
0.89,4.4,48,0.2024,-431.9063,-6.3304
0.89,4.6,48,0.2026,-431.9123,-6.3365
0.89,4.8,48,0.2027,-431.9185,-6.3427
0.89,5.0,48,0.2029,-431.925,-6.3491
0.89,5.2,48,0.2031,-431.9315,-6.3557
0.89,5.4,48,0.2032,-431.9381,-6.3623
0.89,5.6,48,0.2033,-431.9448,-6.3689
0.89,5.8,48,0.2034,-431.9514,-6.3756
0.89,6.0,48,0.2035,-431.958,-6.3822
0.89,6.2,48,0.2036,-431.9646,-6.3887
0.89,6.4,48,0.2037,-431.971,-6.3952
0.89,6.6,48,0.2038,-431.9774,-6.4016
0.89,6.8,48,0.2039,-431.9837,-6.4079
0.89,7.0,48,0.204,-431.9899,-6.414
0.89,7.2,48,0.204,-431.9959,-6.4201
0.89,7.4,48,0.2041,-432.0018,-6.4259
0.89,7.6,48,0.2042,-432.0075,-6.4317
0.89,7.8,48,0.2042,-432.0131,-6.4373
0.89,8.0,48,0.2043,-432.0186,-6.4428
0.89,8.2,48,0.2043,-432.0239,-6.4481
0.89,8.4,48,0.2044,-432.0291,-6.4532
0.89,8.6,48,0.2044,-432.0341,-6.4583
0.89,8.8,48,0.2044,-432.039,-6.4631
0.89,9.0,48,0.2045,-432.0437,-6.4678
0.89,9.2,48,0.2045,-432.0482,-6.4724
0.89,9.4,48,0.2045,-432.0527,-6.4768
0.89,9.6,48,0.2046,-432.057,-6.4811
0.89,9.8,48,0.2046,-432.0611,-6.4853
0.89,10.0,48,0.2046,-432.0651,-6.4893
0.89,10.2,48,0.2047,-432.069,-6.4932
0.89,10.4,48,0.2047,-432.0727,-6.4969
0.89,10.6,48,0.2047,-432.0763,-6.5005
0.89,10.8,48,0.2047,-432.0798,-6.504
0.89,11.0,48,0.2047,-432.0832,-6.5074
0.89,11.2,48,0.2048,-432.0865,-6.5106
0.89,11.4,48,0.2048,-432.0896,-6.5138
0.89,11.6,48,0.2048,-432.0926,-6.5168
0.89,11.8,48,0.2048,-432.0955,-6.5197
0.89,12.0,48,0.2048,-432.0983,-6.5225
0.89,12.2,48,0.2048,-432.1011,-6.5252
0.89,12.4,48,0.2049,-432.1037,-6.5278
0.89,12.6,48,0.2049,-432.1062,-6.5304
0.89,12.8,48,0.2049,-432.1086,-6.5328
0.89,13.0,48,0.2049,-432.1109,-6.5351
0.89,13.2,48,0.2049,-432.1132,-6.5374
0.89,13.4,48,0.2049,-432.1153,-6.5395
0.89,13.6,48,0.2049,-432.1174,-6.5416
0.89,13.8,48,0.2049,-432.1194,-6.5436
0.89,14.0,48,0.2049,-432.1214,-6.5455
0.89,14.2,48,0.2049,-432.1232,-6.5474
0.89,14.4,48,0.205,-432.125,-6.5492
0.89,14.6,48,0.205,-432.1267,-6.5509
0.89,14.8,48,0.205,-432.1284,-6.5525
0.89,15.0,48,0.205,-432.13,-6.5541
0.89,15.2,48,0.205,-432.1315,-6.5557
0.89,15.4,48,0.205,-432.133,-6.5571
0.89,15.6,48,0.205,-432.1344,-6.5585
0.89,15.8,48,0.205,-432.1357,-6.5599
0.89,16.0,48,0.205,-432.137,-6.5612
0.9,0.4,48,0.187,-432.2444,-6.6686
0.9,0.6,48,0.1887,-432.1717,-6.5959
0.9,0.8,48,0.1902,-432.1145,-6.5386
0.9,1.0,48,0.1915,-432.0693,-6.4935
0.9,1.2,48,0.1926,-432.0338,-6.458
0.9,1.4,48,0.1936,-432.006,-6.4302
0.9,1.6,48,0.1945,-431.9845,-6.4087
0.9,1.8,48,0.1953,-431.9681,-6.3922
0.9,2.0,48,0.196,-431.9558,-6.3799
0.9,2.2,48,0.1966,-431.9469,-6.3711
0.9,2.4,48,0.1972,-431.9408,-6.365
0.9,2.6,48,0.1977,-431.9371,-6.3613
0.9,2.8,48,0.1981,-431.9353,-6.3595
0.9,3.0,48,0.1985,-431.9351,-6.3593
0.9,3.2,48,0.1989,-431.9362,-6.3604
0.9,3.4,48,0.1992,-431.9384,-6.3626
0.9,3.6,48,0.1995,-431.9415,-6.3656
0.9,3.8,48,0.1998,-431.9452,-6.3694
0.9,4.0,48,0.2,-431.9496,-6.3738
0.9,4.2,48,0.2002,-431.9544,-6.3786
0.9,4.4,48,0.2004,-431.9596,-6.3838
0.9,4.6,48,0.2006,-431.9651,-6.3893
0.9,4.8,48,0.2007,-431.9708,-6.395
0.9,5.0,48,0.2009,-431.9766,-6.4008
0.9,5.2,48,0.201,-431.9826,-6.4067
0.9,5.4,48,0.2012,-431.9886,-6.4128
0.9,5.6,48,0.2013,-431.9946,-6.4188
0.9,5.8,48,0.2014,-432.0006,-6.4248
0.9,6.0,48,0.2015,-432.0066,-6.4308
0.9,6.2,48,0.2016,-432.0125,-6.4367
0.9,6.4,48,0.2016,-432.0184,-6.4426
0.9,6.6,48,0.2017,-432.0242,-6.4484
0.9,6.8,48,0.2018,-432.0299,-6.454
0.9,7.0,48,0.2019,-432.0354,-6.4596
0.9,7.2,48,0.2019,-432.0409,-6.465
0.9,7.4,48,0.202,-432.0462,-6.4704
0.9,7.6,48,0.202,-432.0514,-6.4756
0.9,7.8,48,0.2021,-432.0565,-6.4806
0.9,8.0,48,0.2021,-432.0614,-6.4856
0.9,8.2,48,0.2022,-432.0662,-6.4904
0.9,8.4,48,0.2022,-432.0709,-6.495
0.9,8.6,48,0.2022,-432.0754,-6.4996
0.9,8.8,48,0.2023,-432.0798,-6.5039
0.9,9.0,48,0.2023,-432.084,-6.5082
0.9,9.2,48,0.2023,-432.0882,-6.5123
0.9,9.4,48,0.2024,-432.0922,-6.5163
0.9,9.6,48,0.2024,-432.096,-6.5202
0.9,9.8,48,0.2024,-432.0998,-6.5239
0.9,10.0,48,0.2024,-432.1034,-6.5275
0.9,10.2,48,0.2025,-432.1069,-6.531
0.9,10.4,48,0.2025,-432.1102,-6.5344
0.9,10.6,48,0.2025,-432.1135,-6.5377
0.9,10.8,48,0.2025,-432.1166,-6.5408
0.9,11.0,48,0.2025,-432.1197,-6.5439
0.9,11.2,48,0.2025,-432.1226,-6.5468
0.9,11.4,48,0.2026,-432.1254,-6.5496
0.9,11.6,48,0.2026,-432.1282,-6.5523
0.9,11.8,48,0.2026,-432.1308,-6.555
0.9,12.0,48,0.2026,-432.1333,-6.5575
0.9,12.2,48,0.2026,-432.1358,-6.5599
0.9,12.4,48,0.2026,-432.1381,-6.5623
0.9,12.6,48,0.2026,-432.1404,-6.5646
0.9,12.8,48,0.2027,-432.1426,-6.5667
0.9,13.0,48,0.2027,-432.1447,-6.5688
0.9,13.2,48,0.2027,-432.1467,-6.5709
0.9,13.4,48,0.2027,-432.1486,-6.5728
0.9,13.6,48,0.2027,-432.1505,-6.5747
0.9,13.8,48,0.2027,-432.1523,-6.5765
0.9,14.0,48,0.2027,-432.1541,-6.5782
0.9,14.2,48,0.2027,-432.1557,-6.5799
0.9,14.4,48,0.2027,-432.1573,-6.5815
0.9,14.6,48,0.2027,-432.1589,-6.5831
0.9,14.8,48,0.2027,-432.1604,-6.5845
0.9,15.0,48,0.2027,-432.1618,-6.586
0.9,15.2,48,0.2027,-432.1632,-6.5873
0.9,15.4,48,0.2028,-432.1645,-6.5887
0.9,15.6,48,0.2028,-432.1658,-6.5899
0.9,15.8,48,0.2028,-432.167,-6.5912
0.9,16.0,48,0.2028,-432.1682,-6.5923
0.91,0.4,48,0.1866,-432.2664,-6.6906
0.91,0.6,48,0.1881,-432.2012,-6.6253
0.91,0.8,48,0.1894,-432.1498,-6.574
0.91,1.0,48,0.1906,-432.1094,-6.5336
0.91,1.2,48,0.1916,-432.0776,-6.5018
0.91,1.4,48,0.1925,-432.0528,-6.477
0.91,1.6,48,0.1933,-432.0336,-6.4578
0.91,1.8,48,0.194,-432.019,-6.4431
0.91,2.0,48,0.1946,-432.0081,-6.4322
0.91,2.2,48,0.1952,-432.0002,-6.4244
0.91,2.4,48,0.1957,-431.9949,-6.4191
0.91,2.6,48,0.1961,-431.9917,-6.4158
0.91,2.8,48,0.1965,-431.9901,-6.4143
0.91,3.0,48,0.1968,-431.99,-6.4142
0.91,3.2,48,0.1971,-431.9911,-6.4153
0.91,3.4,48,0.1974,-431.9931,-6.4173
0.91,3.6,48,0.1977,-431.9959,-6.4201
0.91,3.8,48,0.1979,-431.9994,-6.4235
0.91,4.0,48,0.1981,-432.0033,-6.4275
0.91,4.2,48,0.1983,-432.0077,-6.4319
0.91,4.4,48,0.1985,-432.0124,-6.4366
0.91,4.6,48,0.1987,-432.0173,-6.4415
0.91,4.8,48,0.1988,-432.0225,-6.4466
0.91,5.0,48,0.1989,-432.0277,-6.4519
0.91,5.2,48,0.199,-432.0331,-6.4572
0.91,5.4,48,0.1992,-432.0385,-6.4626
0.91,5.6,48,0.1993,-432.0439,-6.468
0.91,5.8,48,0.1994,-432.0493,-6.4734
0.91,6.0,48,0.1994,-432.0546,-6.4788
0.91,6.2,48,0.1995,-432.06,-6.4841
0.91,6.4,48,0.1996,-432.0652,-6.4894
0.91,6.6,48,0.1997,-432.0704,-6.4946
0.91,6.8,48,0.1997,-432.0755,-6.4996
0.91,7.0,48,0.1998,-432.0805,-6.5046
0.91,7.2,48,0.1998,-432.0853,-6.5095
0.91,7.4,48,0.1999,-432.0901,-6.5143
0.91,7.6,48,0.1999,-432.0947,-6.5189
0.91,7.8,48,0.2,-432.0993,-6.5235
0.91,8.0,48,0.2,-432.1037,-6.5279
0.91,8.2,48,0.2,-432.108,-6.5322
0.91,8.4,48,0.2001,-432.1121,-6.5363
0.91,8.6,48,0.2001,-432.1162,-6.5404
0.91,8.8,48,0.2001,-432.1201,-6.5443
0.91,9.0,48,0.2002,-432.1239,-6.5481
0.91,9.2,48,0.2002,-432.1276,-6.5518
0.91,9.4,48,0.2002,-432.1312,-6.5553
0.91,9.6,48,0.2002,-432.1346,-6.5588
0.91,9.8,48,0.2003,-432.138,-6.5621
0.91,10.0,48,0.2003,-432.1412,-6.5654
0.91,10.2,48,0.2003,-432.1443,-6.5685
0.91,10.4,48,0.2003,-432.1473,-6.5715
0.91,10.6,48,0.2003,-432.1502,-6.5744
0.91,10.8,48,0.2004,-432.153,-6.5772
0.91,11.0,48,0.2004,-432.1557,-6.5799
0.91,11.2,48,0.2004,-432.1584,-6.5825
0.91,11.4,48,0.2004,-432.1609,-6.5851
0.91,11.6,48,0.2004,-432.1633,-6.5875
0.91,11.8,48,0.2004,-432.1657,-6.5898
0.91,12.0,48,0.2004,-432.1679,-6.5921
0.91,12.2,48,0.2004,-432.1701,-6.5943
0.91,12.4,48,0.2005,-432.1722,-6.5964
0.91,12.6,48,0.2005,-432.1742,-6.5984
0.91,12.8,48,0.2005,-432.1762,-6.6003
0.91,13.0,48,0.2005,-432.178,-6.6022
0.91,13.2,48,0.2005,-432.1798,-6.604
0.91,13.4,48,0.2005,-432.1816,-6.6058
0.91,13.6,48,0.2005,-432.1833,-6.6074
0.91,13.8,48,0.2005,-432.1849,-6.609
0.91,14.0,48,0.2005,-432.1864,-6.6106
0.91,14.2,48,0.2005,-432.1879,-6.6121
0.91,14.4,48,0.2005,-432.1893,-6.6135
0.91,14.6,48,0.2005,-432.1907,-6.6149
0.91,14.8,48,0.2006,-432.192,-6.6162
0.91,15.0,48,0.2006,-432.1933,-6.6175
0.91,15.2,48,0.2006,-432.1945,-6.6187
0.91,15.4,48,0.2006,-432.1957,-6.6199
0.91,15.6,48,0.2006,-432.1968,-6.621
0.91,15.8,48,0.2006,-432.1979,-6.6221
0.91,16.0,48,0.2006,-432.199,-6.6232
0.92,0.4,48,0.1862,-432.2884,-6.7126
0.92,0.6,48,0.1875,-432.2306,-6.6547
0.92,0.8,48,0.1887,-432.1851,-6.6092
0.92,1.0,48,0.1897,-432.1493,-6.5735
0.92,1.2,48,0.1906,-432.1212,-6.5454
0.92,1.4,48,0.1914,-432.0993,-6.5235
0.92,1.6,48,0.1921,-432.0824,-6.5066
0.92,1.8,48,0.1927,-432.0695,-6.4937
0.92,2.0,48,0.1932,-432.06,-6.4842
0.92,2.2,48,0.1937,-432.0531,-6.4773
0.92,2.4,48,0.1941,-432.0485,-6.4727
0.92,2.6,48,0.1945,-432.0458,-6.4699
0.92,2.8,48,0.1949,-432.0445,-6.4687
0.92,3.0,48,0.1952,-432.0445,-6.4686
0.92,3.2,48,0.1954,-432.0455,-6.4697
0.92,3.4,48,0.1957,-432.0473,-6.4715
0.92,3.6,48,0.1959,-432.0499,-6.474
0.92,3.8,48,0.1961,-432.053,-6.4771
0.92,4.0,48,0.1963,-432.0565,-6.4807
0.92,4.2,48,0.1965,-432.0604,-6.4846
0.92,4.4,48,0.1966,-432.0646,-6.4888
0.92,4.6,48,0.1968,-432.069,-6.4932
0.92,4.8,48,0.1969,-432.0736,-6.4977
0.92,5.0,48,0.197,-432.0782,-6.5024
0.92,5.2,48,0.1971,-432.083,-6.5072
0.92,5.4,48,0.1972,-432.0878,-6.5119
0.92,5.6,48,0.1973,-432.0926,-6.5167
0.92,5.8,48,0.1974,-432.0974,-6.5215
0.92,6.0,48,0.1974,-432.1021,-6.5263
0.92,6.2,48,0.1975,-432.1068,-6.531
0.92,6.4,48,0.1976,-432.1115,-6.5356
0.92,6.6,48,0.1976,-432.1161,-6.5402
0.92,6.8,48,0.1977,-432.1205,-6.5447
0.92,7.0,48,0.1977,-432.125,-6.5491
0.92,7.2,48,0.1978,-432.1293,-6.5534
0.92,7.4,48,0.1978,-432.1335,-6.5577
0.92,7.6,48,0.1979,-432.1376,-6.5618
0.92,7.8,48,0.1979,-432.1416,-6.5658
0.92,8.0,48,0.1979,-432.1455,-6.5697
0.92,8.2,48,0.198,-432.1493,-6.5734
0.92,8.4,48,0.198,-432.153,-6.5771
0.92,8.6,48,0.198,-432.1565,-6.5807
0.92,8.8,48,0.1981,-432.16,-6.5842
0.92,9.0,48,0.1981,-432.1633,-6.5875
0.92,9.2,48,0.1981,-432.1666,-6.5908
0.92,9.4,48,0.1981,-432.1697,-6.5939
0.92,9.6,48,0.1981,-432.1728,-6.597
0.92,9.8,48,0.1982,-432.1757,-6.5999
0.92,10.0,48,0.1982,-432.1786,-6.6028
0.92,10.2,48,0.1982,-432.1813,-6.6055
0.92,10.4,48,0.1982,-432.184,-6.6082
0.92,10.6,48,0.1982,-432.1865,-6.6107
0.92,10.8,48,0.1982,-432.189,-6.6132
0.92,11.0,48,0.1983,-432.1914,-6.6156
0.92,11.2,48,0.1983,-432.1937,-6.6179
0.92,11.4,48,0.1983,-432.1959,-6.6201
0.92,11.6,48,0.1983,-432.1981,-6.6223
0.92,11.8,48,0.1983,-432.2001,-6.6243
0.92,12.0,48,0.1983,-432.2021,-6.6263
0.92,12.2,48,0.1983,-432.2041,-6.6282
0.92,12.4,48,0.1983,-432.2059,-6.6301
0.92,12.6,48,0.1983,-432.2077,-6.6319
0.92,12.8,48,0.1983,-432.2094,-6.6336
0.92,13.0,48,0.1984,-432.2111,-6.6352
0.92,13.2,48,0.1984,-432.2126,-6.6368
0.92,13.4,48,0.1984,-432.2142,-6.6383
0.92,13.6,48,0.1984,-432.2156,-6.6398
0.92,13.8,48,0.1984,-432.2171,-6.6412
0.92,14.0,48,0.1984,-432.2184,-6.6426
0.92,14.2,48,0.1984,-432.2197,-6.6439
0.92,14.4,48,0.1984,-432.221,-6.6452
0.92,14.6,48,0.1984,-432.2222,-6.6464
0.92,14.8,48,0.1984,-432.2234,-6.6476
0.92,15.0,48,0.1984,-432.2245,-6.6487
0.92,15.2,48,0.1984,-432.2256,-6.6498
0.92,15.4,48,0.1984,-432.2266,-6.6508
0.92,15.6,48,0.1984,-432.2276,-6.6518
0.92,15.8,48,0.1984,-432.2286,-6.6527
0.92,16.0,48,0.1984,-432.2295,-6.6537
0.93,0.4,48,0.1857,-432.3104,-6.7346
0.93,0.6,48,0.1869,-432.2599,-6.6841
0.93,0.8,48,0.1879,-432.2202,-6.6444
0.93,1.0,48,0.1888,-432.1891,-6.6132
0.93,1.2,48,0.1896,-432.1646,-6.5888
0.93,1.4,48,0.1903,-432.1456,-6.5698
0.93,1.6,48,0.1909,-432.131,-6.5551
0.93,1.8,48,0.1914,-432.1198,-6.544
0.93,2.0,48,0.1919,-432.1116,-6.5358
0.93,2.2,48,0.1923,-432.1057,-6.5299
0.93,2.4,48,0.1926,-432.1018,-6.5259
0.93,2.6,48,0.193,-432.0994,-6.5236
0.93,2.8,48,0.1933,-432.0984,-6.5226
0.93,3.0,48,0.1935,-432.0984,-6.5226
0.93,3.2,48,0.1938,-432.0994,-6.5235
0.93,3.4,48,0.194,-432.101,-6.5252
0.93,3.6,48,0.1942,-432.1033,-6.5275
0.93,3.8,48,0.1944,-432.106,-6.5302
0.93,4.0,48,0.1945,-432.1091,-6.5333
0.93,4.2,48,0.1947,-432.1126,-6.5368
0.93,4.4,48,0.1948,-432.1163,-6.5404
0.93,4.6,48,0.1949,-432.1201,-6.5443
0.93,4.8,48,0.195,-432.1241,-6.5483
0.93,5.0,48,0.1951,-432.1282,-6.5524
0.93,5.2,48,0.1952,-432.1323,-6.5565
0.93,5.4,48,0.1953,-432.1365,-6.5607
0.93,5.6,48,0.1954,-432.1407,-6.5649
0.93,5.8,48,0.1954,-432.1449,-6.5691
0.93,6.0,48,0.1955,-432.149,-6.5732
0.93,6.2,48,0.1955,-432.1531,-6.5773
0.93,6.4,48,0.1956,-432.1572,-6.5814
0.93,6.6,48,0.1956,-432.1612,-6.5854
0.93,6.8,48,0.1957,-432.1651,-6.5893
0.93,7.0,48,0.1957,-432.1689,-6.5931
0.93,7.2,48,0.1958,-432.1727,-6.5969
0.93,7.4,48,0.1958,-432.1764,-6.6005
0.93,7.6,48,0.1958,-432.1799,-6.6041
0.93,7.8,48,0.1959,-432.1834,-6.6076
0.93,8.0,48,0.1959,-432.1868,-6.611
0.93,8.2,48,0.1959,-432.1901,-6.6143
0.93,8.4,48,0.196,-432.1933,-6.6175
0.93,8.6,48,0.196,-432.1964,-6.6206
0.93,8.8,48,0.196,-432.1994,-6.6236
0.93,9.0,48,0.196,-432.2023,-6.6265
0.93,9.2,48,0.1961,-432.2051,-6.6293
0.93,9.4,48,0.1961,-432.2079,-6.632
0.93,9.6,48,0.1961,-432.2105,-6.6347
0.93,9.8,48,0.1961,-432.2131,-6.6372
0.93,10.0,48,0.1961,-432.2155,-6.6397
0.93,10.2,48,0.1961,-432.2179,-6.6421
0.93,10.4,48,0.1961,-432.2202,-6.6444
0.93,10.6,48,0.1962,-432.2225,-6.6466
0.93,10.8,48,0.1962,-432.2246,-6.6488
0.93,11.0,48,0.1962,-432.2267,-6.6509
0.93,11.2,48,0.1962,-432.2287,-6.6529
0.93,11.4,48,0.1962,-432.2306,-6.6548
0.93,11.6,48,0.1962,-432.2325,-6.6566
0.93,11.8,48,0.1962,-432.2343,-6.6584
0.93,12.0,48,0.1962,-432.236,-6.6602
0.93,12.2,48,0.1962,-432.2377,-6.6618
0.93,12.4,48,0.1962,-432.2393,-6.6634
0.93,12.6,48,0.1963,-432.2408,-6.665
0.93,12.8,48,0.1963,-432.2423,-6.6665
0.93,13.0,48,0.1963,-432.2437,-6.6679
0.93,13.2,48,0.1963,-432.2451,-6.6693
0.93,13.4,48,0.1963,-432.2464,-6.6706
0.93,13.6,48,0.1963,-432.2477,-6.6719
0.93,13.8,48,0.1963,-432.2489,-6.6731
0.93,14.0,48,0.1963,-432.2501,-6.6743
0.93,14.2,48,0.1963,-432.2512,-6.6754
0.93,14.4,48,0.1963,-432.2523,-6.6765
0.93,14.6,48,0.1963,-432.2534,-6.6776
0.93,14.8,48,0.1963,-432.2544,-6.6786
0.93,15.0,48,0.1963,-432.2554,-6.6796
0.93,15.2,48,0.1963,-432.2563,-6.6805
0.93,15.4,48,0.1963,-432.2572,-6.6814
0.93,15.6,48,0.1963,-432.2581,-6.6823
0.93,15.8,48,0.1963,-432.2589,-6.6831
0.93,16.0,48,0.1963,-432.2597,-6.6839
0.94,0.4,48,0.1853,-432.3323,-6.7565
0.94,0.6,48,0.1863,-432.2891,-6.7133
0.94,0.8,48,0.1872,-432.2553,-6.6794
0.94,1.0,48,0.1879,-432.2287,-6.6528
0.94,1.2,48,0.1886,-432.2079,-6.632
0.94,1.4,48,0.1892,-432.1917,-6.6159
0.94,1.6,48,0.1897,-432.1792,-6.6034
0.94,1.8,48,0.1901,-432.1698,-6.594
0.94,2.0,48,0.1905,-432.1628,-6.587
0.94,2.2,48,0.1909,-432.1579,-6.5821
0.94,2.4,48,0.1912,-432.1546,-6.5788
0.94,2.6,48,0.1915,-432.1526,-6.5768
0.94,2.8,48,0.1917,-432.1518,-6.576
0.94,3.0,48,0.1919,-432.1519,-6.5761
0.94,3.2,48,0.1921,-432.1528,-6.5769
0.94,3.4,48,0.1923,-432.1542,-6.5784
0.94,3.6,48,0.1925,-432.1562,-6.5804
0.94,3.8,48,0.1926,-432.1586,-6.5827
0.94,4.0,48,0.1927,-432.1613,-6.5854
0.94,4.2,48,0.1929,-432.1642,-6.5884
0.94,4.4,48,0.193,-432.1674,-6.5915
0.94,4.6,48,0.1931,-432.1707,-6.5949
0.94,4.8,48,0.1932,-432.1741,-6.5983
0.94,5.0,48,0.1933,-432.1776,-6.6018
0.94,5.2,48,0.1933,-432.1812,-6.6053
0.94,5.4,48,0.1934,-432.1847,-6.6089
0.94,5.6,48,0.1935,-432.1883,-6.6125
0.94,5.8,48,0.1935,-432.1919,-6.6161
0.94,6.0,48,0.1936,-432.1954,-6.6196
0.94,6.2,48,0.1936,-432.1989,-6.6231
0.94,6.4,48,0.1937,-432.2024,-6.6266
0.94,6.6,48,0.1937,-432.2058,-6.63
0.94,6.8,48,0.1937,-432.2091,-6.6333
0.94,7.0,48,0.1938,-432.2124,-6.6366
0.94,7.2,48,0.1938,-432.2156,-6.6398
0.94,7.4,48,0.1938,-432.2187,-6.6429
0.94,7.6,48,0.1939,-432.2218,-6.646
0.94,7.8,48,0.1939,-432.2247,-6.6489
0.94,8.0,48,0.1939,-432.2276,-6.6518
0.94,8.2,48,0.1939,-432.2304,-6.6546
0.94,8.4,48,0.194,-432.2332,-6.6573
0.94,8.6,48,0.194,-432.2358,-6.66
0.94,8.8,48,0.194,-432.2384,-6.6625
0.94,9.0,48,0.194,-432.2408,-6.665
0.94,9.2,48,0.194,-432.2432,-6.6674
0.94,9.4,48,0.1941,-432.2456,-6.6697
0.94,9.6,48,0.1941,-432.2478,-6.672
0.94,9.8,48,0.1941,-432.25,-6.6742
0.94,10.0,48,0.1941,-432.2521,-6.6763
0.94,10.2,48,0.1941,-432.2541,-6.6783
0.94,10.4,48,0.1941,-432.2561,-6.6803
0.94,10.6,48,0.1941,-432.258,-6.6822
0.94,10.8,48,0.1941,-432.2598,-6.684
0.94,11.0,48,0.1942,-432.2616,-6.6857
0.94,11.2,48,0.1942,-432.2633,-6.6874
0.94,11.4,48,0.1942,-432.2649,-6.6891
0.94,11.6,48,0.1942,-432.2665,-6.6907
0.94,11.8,48,0.1942,-432.268,-6.6922
0.94,12.0,48,0.1942,-432.2695,-6.6937
0.94,12.2,48,0.1942,-432.2709,-6.6951
0.94,12.4,48,0.1942,-432.2723,-6.6964
0.94,12.6,48,0.1942,-432.2736,-6.6977
0.94,12.8,48,0.1942,-432.2748,-6.699
0.94,13.0,48,0.1942,-432.276,-6.7002
0.94,13.2,48,0.1942,-432.2772,-6.7014
0.94,13.4,48,0.1942,-432.2783,-6.7025
0.94,13.6,48,0.1942,-432.2794,-6.7036
0.94,13.8,48,0.1942,-432.2805,-6.7046
0.94,14.0,48,0.1943,-432.2815,-6.7056
0.94,14.2,48,0.1943,-432.2824,-6.7066
0.94,14.4,48,0.1943,-432.2834,-6.7075
0.94,14.6,48,0.1943,-432.2843,-6.7084
0.94,14.8,48,0.1943,-432.2851,-6.7093
0.94,15.0,48,0.1943,-432.2859,-6.7101
0.94,15.2,48,0.1943,-432.2867,-6.7109
0.94,15.4,48,0.1943,-432.2875,-6.7117
0.94,15.6,48,0.1943,-432.2882,-6.7124
0.94,15.8,48,0.1943,-432.2889,-6.7131
0.94,16.0,48,0.1943,-432.2896,-6.7138
0.95,0.4,48,0.1849,-432.3542,-6.7784
0.95,0.6,48,0.1857,-432.3183,-6.7425
0.95,0.8,48,0.1864,-432.2902,-6.7144
0.95,1.0,48,0.1871,-432.2681,-6.6923
0.95,1.2,48,0.1876,-432.2509,-6.6751
0.95,1.4,48,0.1881,-432.2375,-6.6617
0.95,1.6,48,0.1885,-432.2272,-6.6514
0.95,1.8,48,0.1889,-432.2195,-6.6436
0.95,2.0,48,0.1892,-432.2137,-6.6379
0.95,2.2,48,0.1895,-432.2097,-6.6339
0.95,2.4,48,0.1897,-432.207,-6.6312
0.95,2.6,48,0.19,-432.2054,-6.6296
0.95,2.8,48,0.1902,-432.2048,-6.629
0.95,3.0,48,0.1903,-432.2049,-6.6291
0.95,3.2,48,0.1905,-432.2057,-6.6298
0.95,3.4,48,0.1907,-432.2069,-6.6311
0.95,3.6,48,0.1908,-432.2086,-6.6328
0.95,3.8,48,0.1909,-432.2106,-6.6348
0.95,4.0,48,0.191,-432.2128,-6.637
0.95,4.2,48,0.1911,-432.2153,-6.6395
0.95,4.4,48,0.1912,-432.218,-6.6421
0.95,4.6,48,0.1913,-432.2207,-6.6449
0.95,4.8,48,0.1914,-432.2236,-6.6477
0.95,5.0,48,0.1914,-432.2265,-6.6507
0.95,5.2,48,0.1915,-432.2294,-6.6536
0.95,5.4,48,0.1915,-432.2324,-6.6566
0.95,5.6,48,0.1916,-432.2354,-6.6596
0.95,5.8,48,0.1916,-432.2384,-6.6625
0.95,6.0,48,0.1917,-432.2413,-6.6655
0.95,6.2,48,0.1917,-432.2442,-6.6684
0.95,6.4,48,0.1918,-432.2471,-6.6713
0.95,6.6,48,0.1918,-432.2499,-6.6741
0.95,6.8,48,0.1918,-432.2527,-6.6769
0.95,7.0,48,0.1919,-432.2554,-6.6796
0.95,7.2,48,0.1919,-432.258,-6.6822
0.95,7.4,48,0.1919,-432.2606,-6.6848
0.95,7.6,48,0.1919,-432.2632,-6.6873
0.95,7.8,48,0.192,-432.2656,-6.6898
0.95,8.0,48,0.192,-432.268,-6.6922
0.95,8.2,48,0.192,-432.2703,-6.6945
0.95,8.4,48,0.192,-432.2726,-6.6967
0.95,8.6,48,0.192,-432.2748,-6.6989
0.95,8.8,48,0.192,-432.2769,-6.7011
0.95,9.0,48,0.1921,-432.2789,-6.7031
0.95,9.2,48,0.1921,-432.2809,-6.7051
0.95,9.4,48,0.1921,-432.2828,-6.707
0.95,9.6,48,0.1921,-432.2847,-6.7089
0.95,9.8,48,0.1921,-432.2865,-6.7107
0.95,10.0,48,0.1921,-432.2882,-6.7124
0.95,10.2,48,0.1921,-432.2899,-6.7141
0.95,10.4,48,0.1921,-432.2915,-6.7157
0.95,10.6,48,0.1922,-432.2931,-6.7173
0.95,10.8,48,0.1922,-432.2946,-6.7188
0.95,11.0,48,0.1922,-432.2961,-6.7202
0.95,11.2,48,0.1922,-432.2975,-6.7217
0.95,11.4,48,0.1922,-432.2988,-6.723
0.95,11.6,48,0.1922,-432.3001,-6.7243
0.95,11.8,48,0.1922,-432.3014,-6.7256
0.95,12.0,48,0.1922,-432.3026,-6.7268
0.95,12.2,48,0.1922,-432.3038,-6.728
0.95,12.4,48,0.1922,-432.3049,-6.7291
0.95,12.6,48,0.1922,-432.306,-6.7302
0.95,12.8,48,0.1922,-432.307,-6.7312
0.95,13.0,48,0.1922,-432.308,-6.7322
0.95,13.2,48,0.1922,-432.309,-6.7332
0.95,13.4,48,0.1922,-432.3099,-6.7341
0.95,13.6,48,0.1922,-432.3108,-6.735
0.95,13.8,48,0.1922,-432.3117,-6.7359
0.95,14.0,48,0.1922,-432.3125,-6.7367
0.95,14.2,48,0.1923,-432.3133,-6.7375
0.95,14.4,48,0.1923,-432.3141,-6.7383
0.95,14.6,48,0.1923,-432.3148,-6.739
0.95,14.8,48,0.1923,-432.3155,-6.7397
0.95,15.0,48,0.1923,-432.3162,-6.7404
0.95,15.2,48,0.1923,-432.3169,-6.741
0.95,15.4,48,0.1923,-432.3175,-6.7417
0.95,15.6,48,0.1923,-432.3181,-6.7423
0.95,15.8,48,0.1923,-432.3187,-6.7429
0.95,16.0,48,0.1923,-432.3192,-6.7434
0.96,0.4,48,0.1845,-432.3761,-6.8003
0.96,0.6,48,0.1851,-432.3474,-6.7716
0.96,0.8,48,0.1857,-432.325,-6.7492
0.96,1.0,48,0.1862,-432.3074,-6.7316
0.96,1.2,48,0.1866,-432.2937,-6.7179
0.96,1.4,48,0.187,-432.2831,-6.7073
0.96,1.6,48,0.1873,-432.275,-6.6991
0.96,1.8,48,0.1876,-432.2688,-6.693
0.96,2.0,48,0.1879,-432.2643,-6.6885
0.96,2.2,48,0.1881,-432.2611,-6.6853
0.96,2.4,48,0.1883,-432.259,-6.6832
0.96,2.6,48,0.1885,-432.2578,-6.682
0.96,2.8,48,0.1886,-432.2573,-6.6815
0.96,3.0,48,0.1888,-432.2575,-6.6816
0.96,3.2,48,0.1889,-432.2581,-6.6823
0.96,3.4,48,0.189,-432.2591,-6.6833
0.96,3.6,48,0.1891,-432.2605,-6.6846
0.96,3.8,48,0.1892,-432.2621,-6.6863
0.96,4.0,48,0.1893,-432.2639,-6.6881
0.96,4.2,48,0.1894,-432.2659,-6.6901
0.96,4.4,48,0.1895,-432.268,-6.6922
0.96,4.6,48,0.1895,-432.2702,-6.6944
0.96,4.8,48,0.1896,-432.2725,-6.6967
0.96,5.0,48,0.1896,-432.2748,-6.699
0.96,5.2,48,0.1897,-432.2772,-6.7014
0.96,5.4,48,0.1897,-432.2796,-6.7038
0.96,5.6,48,0.1898,-432.282,-6.7061
0.96,5.8,48,0.1898,-432.2843,-6.7085
0.96,6.0,48,0.1898,-432.2867,-6.7108
0.96,6.2,48,0.1899,-432.289,-6.7132
0.96,6.4,48,0.1899,-432.2913,-6.7155
0.96,6.6,48,0.1899,-432.2935,-6.7177
0.96,6.8,48,0.19,-432.2957,-6.7199
0.96,7.0,48,0.19,-432.2979,-6.7221
0.96,7.2,48,0.19,-432.3,-6.7242
0.96,7.4,48,0.19,-432.3021,-6.7262
0.96,7.6,48,0.19,-432.3041,-6.7282
0.96,7.8,48,0.1901,-432.306,-6.7302
0.96,8.0,48,0.1901,-432.3079,-6.7321
0.96,8.2,48,0.1901,-432.3098,-6.7339
0.96,8.4,48,0.1901,-432.3115,-6.7357
0.96,8.6,48,0.1901,-432.3133,-6.7375
0.96,8.8,48,0.1901,-432.315,-6.7391
0.96,9.0,48,0.1901,-432.3166,-6.7408
0.96,9.2,48,0.1902,-432.3182,-6.7424
0.96,9.4,48,0.1902,-432.3197,-6.7439
0.96,9.6,48,0.1902,-432.3212,-6.7454
0.96,9.8,48,0.1902,-432.3226,-6.7468
0.96,10.0,48,0.1902,-432.324,-6.7482
0.96,10.2,48,0.1902,-432.3253,-6.7495
0.96,10.4,48,0.1902,-432.3266,-6.7508
0.96,10.6,48,0.1902,-432.3279,-6.752
0.96,10.8,48,0.1902,-432.3291,-6.7532
0.96,11.0,48,0.1902,-432.3302,-6.7544
0.96,11.2,48,0.1902,-432.3313,-6.7555
0.96,11.4,48,0.1902,-432.3324,-6.7566
0.96,11.6,48,0.1902,-432.3334,-6.7576
0.96,11.8,48,0.1902,-432.3344,-6.7586
0.96,12.0,48,0.1902,-432.3354,-6.7596
0.96,12.2,48,0.1903,-432.3363,-6.7605
0.96,12.4,48,0.1903,-432.3372,-6.7614
0.96,12.6,48,0.1903,-432.3381,-6.7622
0.96,12.8,48,0.1903,-432.3389,-6.7631
0.96,13.0,48,0.1903,-432.3397,-6.7639
0.96,13.2,48,0.1903,-432.3405,-6.7646
0.96,13.4,48,0.1903,-432.3412,-6.7654
0.96,13.6,48,0.1903,-432.3419,-6.7661
0.96,13.8,48,0.1903,-432.3426,-6.7668
0.96,14.0,48,0.1903,-432.3432,-6.7674
0.96,14.2,48,0.1903,-432.3439,-6.7681
0.96,14.4,48,0.1903,-432.3445,-6.7687
0.96,14.6,48,0.1903,-432.3451,-6.7692
0.96,14.8,48,0.1903,-432.3456,-6.7698
0.96,15.0,48,0.1903,-432.3462,-6.7704
0.96,15.2,48,0.1903,-432.3467,-6.7709
0.96,15.4,48,0.1903,-432.3472,-6.7714
0.96,15.6,48,0.1903,-432.3477,-6.7718
0.96,15.8,48,0.1903,-432.3481,-6.7723
0.96,16.0,48,0.1903,-432.3486,-6.7728
0.97,0.4,48,0.1841,-432.3979,-6.8221
0.97,0.6,48,0.1845,-432.3765,-6.8007
0.97,0.8,48,0.185,-432.3597,-6.7839
0.97,1.0,48,0.1853,-432.3466,-6.7708
0.97,1.2,48,0.1857,-432.3364,-6.7606
0.97,1.4,48,0.1859,-432.3285,-6.7526
0.97,1.6,48,0.1862,-432.3224,-6.7466
0.97,1.8,48,0.1864,-432.3179,-6.742
0.97,2.0,48,0.1866,-432.3145,-6.7387
0.97,2.2,48,0.1868,-432.3122,-6.7363
0.97,2.4,48,0.1869,-432.3106,-6.7348
0.97,2.6,48,0.187,-432.3098,-6.7339
0.97,2.8,48,0.1872,-432.3094,-6.7336
0.97,3.0,48,0.1873,-432.3096,-6.7337
0.97,3.2,48,0.1874,-432.3101,-6.7342
0.97,3.4,48,0.1874,-432.3108,-6.735
0.97,3.6,48,0.1875,-432.3119,-6.736
0.97,3.8,48,0.1876,-432.3131,-6.7373
0.97,4.0,48,0.1877,-432.3145,-6.7386
0.97,4.2,48,0.1877,-432.316,-6.7401
0.97,4.4,48,0.1878,-432.3176,-6.7417
0.97,4.6,48,0.1878,-432.3192,-6.7434
0.97,4.8,48,0.1878,-432.3209,-6.7451
0.97,5.0,48,0.1879,-432.3227,-6.7469
0.97,5.2,48,0.1879,-432.3245,-6.7486
0.97,5.4,48,0.188,-432.3262,-6.7504
0.97,5.6,48,0.188,-432.328,-6.7522
0.97,5.8,48,0.188,-432.3298,-6.754
0.97,6.0,48,0.188,-432.3315,-6.7557
0.97,6.2,48,0.1881,-432.3333,-6.7574
0.97,6.4,48,0.1881,-432.335,-6.7591
0.97,6.6,48,0.1881,-432.3366,-6.7608
0.97,6.8,48,0.1881,-432.3383,-6.7625
0.97,7.0,48,0.1881,-432.3399,-6.7641
0.97,7.2,48,0.1882,-432.3415,-6.7657
0.97,7.4,48,0.1882,-432.343,-6.7672
0.97,7.6,48,0.1882,-432.3445,-6.7687
0.97,7.8,48,0.1882,-432.346,-6.7701
0.97,8.0,48,0.1882,-432.3474,-6.7716
0.97,8.2,48,0.1882,-432.3488,-6.7729
0.97,8.4,48,0.1882,-432.3501,-6.7743
0.97,8.6,48,0.1882,-432.3514,-6.7756
0.97,8.8,48,0.1882,-432.3526,-6.7768
0.97,9.0,48,0.1883,-432.3539,-6.778
0.97,9.2,48,0.1883,-432.355,-6.7792
0.97,9.4,48,0.1883,-432.3562,-6.7803
0.97,9.6,48,0.1883,-432.3573,-6.7814
0.97,9.8,48,0.1883,-432.3583,-6.7825
0.97,10.0,48,0.1883,-432.3594,-6.7835
0.97,10.2,48,0.1883,-432.3603,-6.7845
0.97,10.4,48,0.1883,-432.3613,-6.7855
0.97,10.6,48,0.1883,-432.3622,-6.7864
0.97,10.8,48,0.1883,-432.3631,-6.7873
0.97,11.0,48,0.1883,-432.364,-6.7882
0.97,11.2,48,0.1883,-432.3648,-6.789
0.97,11.4,48,0.1883,-432.3656,-6.7898
0.97,11.6,48,0.1883,-432.3664,-6.7906
0.97,11.8,48,0.1883,-432.3671,-6.7913
0.97,12.0,48,0.1883,-432.3678,-6.792
0.97,12.2,48,0.1883,-432.3685,-6.7927
0.97,12.4,48,0.1883,-432.3692,-6.7934
0.97,12.6,48,0.1883,-432.3698,-6.794
0.97,12.8,48,0.1883,-432.3704,-6.7946
0.97,13.0,48,0.1883,-432.371,-6.7952
0.97,13.2,48,0.1884,-432.3716,-6.7958
0.97,13.4,48,0.1884,-432.3722,-6.7963
0.97,13.6,48,0.1884,-432.3727,-6.7969
0.97,13.8,48,0.1884,-432.3732,-6.7974
0.97,14.0,48,0.1884,-432.3737,-6.7979
0.97,14.2,48,0.1884,-432.3741,-6.7983
0.97,14.4,48,0.1884,-432.3746,-6.7988
0.97,14.6,48,0.1884,-432.375,-6.7992
0.97,14.8,48,0.1884,-432.3755,-6.7996
0.97,15.0,48,0.1884,-432.3759,-6.8
0.97,15.2,48,0.1884,-432.3762,-6.8004
0.97,15.4,48,0.1884,-432.3766,-6.8008
0.97,15.6,48,0.1884,-432.377,-6.8011
0.97,15.8,48,0.1884,-432.3773,-6.8015
0.97,16.0,48,0.1884,-432.3776,-6.8018
0.98,0.4,48,0.1836,-432.4197,-6.8439
0.98,0.6,48,0.184,-432.4055,-6.8296
0.98,0.8,48,0.1842,-432.3943,-6.8185
0.98,1.0,48,0.1845,-432.3856,-6.8098
0.98,1.2,48,0.1847,-432.3788,-6.803
0.98,1.4,48,0.1849,-432.3736,-6.7978
0.98,1.6,48,0.185,-432.3696,-6.7938
0.98,1.8,48,0.1852,-432.3666,-6.7908
0.98,2.0,48,0.1853,-432.3644,-6.7886
0.98,2.2,48,0.1854,-432.3629,-6.787
0.98,2.4,48,0.1855,-432.3619,-6.786
0.98,2.6,48,0.1856,-432.3613,-6.7855
0.98,2.8,48,0.1857,-432.3611,-6.7853
0.98,3.0,48,0.1858,-432.3612,-6.7854
0.98,3.2,48,0.1858,-432.3616,-6.7857
0.98,3.4,48,0.1859,-432.3621,-6.7863
0.98,3.6,48,0.1859,-432.3628,-6.787
0.98,3.8,48,0.186,-432.3636,-6.7878
0.98,4.0,48,0.186,-432.3645,-6.7887
0.98,4.2,48,0.186,-432.3655,-6.7897
0.98,4.4,48,0.1861,-432.3666,-6.7908
0.98,4.6,48,0.1861,-432.3677,-6.7919
0.98,4.8,48,0.1861,-432.3688,-6.793
0.98,5.0,48,0.1862,-432.37,-6.7942
0.98,5.2,48,0.1862,-432.3712,-6.7954
0.98,5.4,48,0.1862,-432.3724,-6.7965
0.98,5.6,48,0.1862,-432.3736,-6.7977
0.98,5.8,48,0.1862,-432.3747,-6.7989
0.98,6.0,48,0.1863,-432.3759,-6.8001
0.98,6.2,48,0.1863,-432.377,-6.8012
0.98,6.4,48,0.1863,-432.3782,-6.8024
0.98,6.6,48,0.1863,-432.3793,-6.8035
0.98,6.8,48,0.1863,-432.3804,-6.8046
0.98,7.0,48,0.1863,-432.3815,-6.8056
0.98,7.2,48,0.1863,-432.3825,-6.8067
0.98,7.4,48,0.1863,-432.3835,-6.8077
0.98,7.6,48,0.1864,-432.3845,-6.8087
0.98,7.8,48,0.1864,-432.3855,-6.8096
0.98,8.0,48,0.1864,-432.3864,-6.8106
0.98,8.2,48,0.1864,-432.3873,-6.8115
0.98,8.4,48,0.1864,-432.3882,-6.8124
0.98,8.6,48,0.1864,-432.3891,-6.8132
0.98,8.8,48,0.1864,-432.3899,-6.8141
0.98,9.0,48,0.1864,-432.3907,-6.8149
0.98,9.2,48,0.1864,-432.3915,-6.8156
0.98,9.4,48,0.1864,-432.3922,-6.8164
0.98,9.6,48,0.1864,-432.393,-6.8171
0.98,9.8,48,0.1864,-432.3937,-6.8178
0.98,10.0,48,0.1864,-432.3943,-6.8185
0.98,10.2,48,0.1864,-432.395,-6.8192
0.98,10.4,48,0.1864,-432.3956,-6.8198
0.98,10.6,48,0.1864,-432.3962,-6.8204
0.98,10.8,48,0.1864,-432.3968,-6.821
0.98,11.0,48,0.1864,-432.3974,-6.8216
0.98,11.2,48,0.1864,-432.3979,-6.8221
0.98,11.4,48,0.1865,-432.3985,-6.8226
0.98,11.6,48,0.1865,-432.399,-6.8232
0.98,11.8,48,0.1865,-432.3995,-6.8236
0.98,12.0,48,0.1865,-432.3999,-6.8241
0.98,12.2,48,0.1865,-432.4004,-6.8246
0.98,12.4,48,0.1865,-432.4008,-6.825
0.98,12.6,48,0.1865,-432.4013,-6.8254
0.98,12.8,48,0.1865,-432.4017,-6.8258
0.98,13.0,48,0.1865,-432.4021,-6.8262
0.98,13.2,48,0.1865,-432.4024,-6.8266
0.98,13.4,48,0.1865,-432.4028,-6.827
0.98,13.6,48,0.1865,-432.4031,-6.8273
0.98,13.8,48,0.1865,-432.4035,-6.8277
0.98,14.0,48,0.1865,-432.4038,-6.828
0.98,14.2,48,0.1865,-432.4041,-6.8283
0.98,14.4,48,0.1865,-432.4044,-6.8286
0.98,14.6,48,0.1865,-432.4047,-6.8289
0.98,14.8,48,0.1865,-432.405,-6.8292
0.98,15.0,48,0.1865,-432.4052,-6.8294
0.98,15.2,48,0.1865,-432.4055,-6.8297
0.98,15.4,48,0.1865,-432.4057,-6.8299
0.98,15.6,48,0.1865,-432.406,-6.8302
0.98,15.8,48,0.1865,-432.4062,-6.8304
0.98,16.0,48,0.1865,-432.4064,-6.8306
0.99,0.4,48,0.1832,-432.4415,-6.8656
0.99,0.6,48,0.1834,-432.4344,-6.8585
0.99,0.8,48,0.1835,-432.4288,-6.853
0.99,1.0,48,0.1836,-432.4245,-6.8486
0.99,1.2,48,0.1838,-432.4211,-6.8453
0.99,1.4,48,0.1838,-432.4185,-6.8427
0.99,1.6,48,0.1839,-432.4165,-6.8407
0.99,1.8,48,0.184,-432.415,-6.8392
0.99,2.0,48,0.1841,-432.414,-6.8381
0.99,2.2,48,0.1841,-432.4132,-6.8374
0.99,2.4,48,0.1842,-432.4127,-6.8369
0.99,2.6,48,0.1842,-432.4125,-6.8366
0.99,2.8,48,0.1842,-432.4124,-6.8365
0.99,3.0,48,0.1843,-432.4124,-6.8366
0.99,3.2,48,0.1843,-432.4126,-6.8368
0.99,3.4,48,0.1843,-432.4129,-6.837
0.99,3.6,48,0.1844,-432.4132,-6.8374
0.99,3.8,48,0.1844,-432.4136,-6.8378
0.99,4.0,48,0.1844,-432.4141,-6.8383
0.99,4.2,48,0.1844,-432.4146,-6.8388
0.99,4.4,48,0.1844,-432.4151,-6.8393
0.99,4.6,48,0.1844,-432.4157,-6.8399
0.99,4.8,48,0.1845,-432.4163,-6.8404
0.99,5.0,48,0.1845,-432.4168,-6.841
0.99,5.2,48,0.1845,-432.4174,-6.8416
0.99,5.4,48,0.1845,-432.418,-6.8422
0.99,5.6,48,0.1845,-432.4186,-6.8428
0.99,5.8,48,0.1845,-432.4192,-6.8434
0.99,6.0,48,0.1845,-432.4198,-6.844
0.99,6.2,48,0.1845,-432.4204,-6.8445
0.99,6.4,48,0.1845,-432.4209,-6.8451
0.99,6.6,48,0.1845,-432.4215,-6.8456
0.99,6.8,48,0.1846,-432.422,-6.8462
0.99,7.0,48,0.1846,-432.4225,-6.8467
0.99,7.2,48,0.1846,-432.4231,-6.8472
0.99,7.4,48,0.1846,-432.4236,-6.8477
0.99,7.6,48,0.1846,-432.4241,-6.8482
0.99,7.8,48,0.1846,-432.4245,-6.8487
0.99,8.0,48,0.1846,-432.425,-6.8492
0.99,8.2,48,0.1846,-432.4255,-6.8496
0.99,8.4,48,0.1846,-432.4259,-6.8501
0.99,8.6,48,0.1846,-432.4263,-6.8505
0.99,8.8,48,0.1846,-432.4267,-6.8509
0.99,9.0,48,0.1846,-432.4271,-6.8513
0.99,9.2,48,0.1846,-432.4275,-6.8517
0.99,9.4,48,0.1846,-432.4279,-6.8521
0.99,9.6,48,0.1846,-432.4283,-6.8524
0.99,9.8,48,0.1846,-432.4286,-6.8528
0.99,10.0,48,0.1846,-432.4289,-6.8531
0.99,10.2,48,0.1846,-432.4293,-6.8534
0.99,10.4,48,0.1846,-432.4296,-6.8538
0.99,10.6,48,0.1846,-432.4299,-6.8541
0.99,10.8,48,0.1846,-432.4302,-6.8544
0.99,11.0,48,0.1846,-432.4305,-6.8546
0.99,11.2,48,0.1846,-432.4307,-6.8549
0.99,11.4,48,0.1846,-432.431,-6.8552
0.99,11.6,48,0.1846,-432.4312,-6.8554
0.99,11.8,48,0.1846,-432.4315,-6.8557
0.99,12.0,48,0.1846,-432.4317,-6.8559
0.99,12.2,48,0.1846,-432.432,-6.8561
0.99,12.4,48,0.1846,-432.4322,-6.8563
0.99,12.6,48,0.1846,-432.4324,-6.8566
0.99,12.8,48,0.1846,-432.4326,-6.8568
0.99,13.0,48,0.1846,-432.4328,-6.8569
0.99,13.2,48,0.1846,-432.433,-6.8571
0.99,13.4,48,0.1846,-432.4331,-6.8573
0.99,13.6,48,0.1846,-432.4333,-6.8575
0.99,13.8,48,0.1846,-432.4335,-6.8577
0.99,14.0,48,0.1846,-432.4336,-6.8578
0.99,14.2,48,0.1846,-432.4338,-6.858
0.99,14.4,48,0.1846,-432.4339,-6.8581
0.99,14.6,48,0.1846,-432.4341,-6.8583
0.99,14.8,48,0.1846,-432.4342,-6.8584
0.99,15.0,48,0.1846,-432.4344,-6.8585
0.99,15.2,48,0.1846,-432.4345,-6.8587
0.99,15.4,48,0.1846,-432.4346,-6.8588
0.99,15.6,48,0.1846,-432.4347,-6.8589
0.99,15.8,48,0.1846,-432.4348,-6.859
0.99,16.0,48,0.1846,-432.4349,-6.8591
1.0,0.4,48,0.1828,-432.4632,-6.8874
1.0,0.6,48,0.1828,-432.4632,-6.8874
1.0,0.8,48,0.1828,-432.4632,-6.8874
1.0,1.0,48,0.1828,-432.4632,-6.8874
1.0,1.2,48,0.1828,-432.4632,-6.8874
1.0,1.4,48,0.1828,-432.4632,-6.8874
1.0,1.6,48,0.1828,-432.4632,-6.8874
1.0,1.8,48,0.1828,-432.4632,-6.8874
1.0,2.0,48,0.1828,-432.4632,-6.8874
1.0,2.2,48,0.1828,-432.4632,-6.8874
1.0,2.4,48,0.1828,-432.4632,-6.8874
1.0,2.6,48,0.1828,-432.4632,-6.8874
1.0,2.8,48,0.1828,-432.4632,-6.8874
1.0,3.0,48,0.1828,-432.4632,-6.8874
1.0,3.2,48,0.1828,-432.4632,-6.8874
1.0,3.4,48,0.1828,-432.4632,-6.8874
1.0,3.6,48,0.1828,-432.4632,-6.8874
1.0,3.8,48,0.1828,-432.4632,-6.8874
1.0,4.0,48,0.1828,-432.4632,-6.8874
1.0,4.2,48,0.1828,-432.4632,-6.8874
1.0,4.4,48,0.1828,-432.4632,-6.8874
1.0,4.6,48,0.1828,-432.4632,-6.8874
1.0,4.8,48,0.1828,-432.4632,-6.8874
1.0,5.0,48,0.1828,-432.4632,-6.8874
1.0,5.2,48,0.1828,-432.4632,-6.8874
1.0,5.4,48,0.1828,-432.4632,-6.8874
1.0,5.6,48,0.1828,-432.4632,-6.8874
1.0,5.8,48,0.1828,-432.4632,-6.8874
1.0,6.0,48,0.1828,-432.4632,-6.8874
1.0,6.2,48,0.1828,-432.4632,-6.8874
1.0,6.4,48,0.1828,-432.4632,-6.8874
1.0,6.6,48,0.1828,-432.4632,-6.8874
1.0,6.8,48,0.1828,-432.4632,-6.8874
1.0,7.0,48,0.1828,-432.4632,-6.8874
1.0,7.2,48,0.1828,-432.4632,-6.8874
1.0,7.4,48,0.1828,-432.4632,-6.8874
1.0,7.6,48,0.1828,-432.4632,-6.8874
1.0,7.8,48,0.1828,-432.4632,-6.8874
1.0,8.0,48,0.1828,-432.4632,-6.8874
1.0,8.2,48,0.1828,-432.4632,-6.8874
1.0,8.4,48,0.1828,-432.4632,-6.8874
1.0,8.6,48,0.1828,-432.4632,-6.8874
1.0,8.8,48,0.1828,-432.4632,-6.8874
1.0,9.0,48,0.1828,-432.4632,-6.8874
1.0,9.2,48,0.1828,-432.4632,-6.8874
1.0,9.4,48,0.1828,-432.4632,-6.8874
1.0,9.6,48,0.1828,-432.4632,-6.8874
1.0,9.8,48,0.1828,-432.4632,-6.8874
1.0,10.0,48,0.1828,-432.4632,-6.8874
1.0,10.2,48,0.1828,-432.4632,-6.8874
1.0,10.4,48,0.1828,-432.4632,-6.8874
1.0,10.6,48,0.1828,-432.4632,-6.8874
1.0,10.8,48,0.1828,-432.4632,-6.8874
1.0,11.0,48,0.1828,-432.4632,-6.8874
1.0,11.2,48,0.1828,-432.4632,-6.8874
1.0,11.4,48,0.1828,-432.4632,-6.8874
1.0,11.6,48,0.1828,-432.4632,-6.8874
1.0,11.8,48,0.1828,-432.4632,-6.8874
1.0,12.0,48,0.1828,-432.4632,-6.8874
1.0,12.2,48,0.1828,-432.4632,-6.8874
1.0,12.4,48,0.1828,-432.4632,-6.8874
1.0,12.6,48,0.1828,-432.4632,-6.8874
1.0,12.8,48,0.1828,-432.4632,-6.8874
1.0,13.0,48,0.1828,-432.4632,-6.8874
1.0,13.2,48,0.1828,-432.4632,-6.8874
1.0,13.4,48,0.1828,-432.4632,-6.8874
1.0,13.6,48,0.1828,-432.4632,-6.8874
1.0,13.8,48,0.1828,-432.4632,-6.8874
1.0,14.0,48,0.1828,-432.4632,-6.8874
1.0,14.2,48,0.1828,-432.4632,-6.8874
1.0,14.4,48,0.1828,-432.4632,-6.8874
1.0,14.6,48,0.1828,-432.4632,-6.8874
1.0,14.8,48,0.1828,-432.4632,-6.8874
1.0,15.0,48,0.1828,-432.4632,-6.8874
1.0,15.2,48,0.1828,-432.4632,-6.8874
1.0,15.4,48,0.1828,-432.4632,-6.8874
1.0,15.6,48,0.1828,-432.4632,-6.8874
1.0,15.8,48,0.1828,-432.4632,-6.8874
1.0,16.0,48,0.1828,-432.4632,-6.8874
