match_id,event_id,minute,type,poss_elapsed,ball_x,ball_y,n_def,back_line_x,mid_line_x,line_sep,back_centroid_y,mid_centroid_y,back_width,mid_width,back_x_scatter,mid_x_scatter,back_gap_min,back_gap_max,mid_gap_min,highest_att_x,n_att,att_line_x,att_centroid_x,att_centroid_y,att_width
3930158,b5a30bf4-0579-43d0-9e97-9261bb0a472b,2,Pressure,6,37.1,64.005,8,39.14998531839689,50.35276675324777,11.202781434850884,57.673071675808444,52.40457824959926,15.202272815248563,26.311342826477045,6.337834724701855,1.4117961646719062,0.36233582260573627,8.435688641845388,8.502735736428775,10.287342203668459,11,24.710918959932027,35.07885182361932,52.45519650726755,31.84986635051999
3930158,d442c759-5110-452b-9e4e-9a8d131e1fc9,2,Pass,9,41.824999999999996,62.475,9,38.523442371315724,49.33918001775799,10.815737646442265,60.24976441114014,51.070968747326106,10.911884347411423,25.820588209642636,5.69848737920991,1.6421682408507299,1.1643904875797162,3.5682350716165203,5.37234025970443,8.852183281628252,10,23.3507422316895,32.70991944156879,51.942077010890785,33.14945784628438
3930158,bc9a25b5-b8a3-4175-a1fe-088cd7507a2b,5,Ball Receipt*,5,43.8375,11.39,10,37.72230781046577,47.49392101513567,9.771613204669897,32.17818326726142,29.093383903918124,21.304655019877615,27.78780882919184,4.600632386283818,1.992855042527932,0.5226579882993185,9.334925035388977,4.121680635595379,26.25327145872486,8,32.763081438383,40.00895401487651,29.649096601822343,33.233723833955175
3930158,c974af67-4cef-44f0-a6c0-9b65d58befd5,5,Pass,5,43.8375,11.39,10,37.72230781046577,47.49392101513567,9.771613204669897,32.17818326726142,29.093383903918124,21.304655019877615,27.78780882919184,4.600632386283818,1.992855042527932,0.5226579882993185,9.334925035388977,4.121680635595379,26.25327145872486,8,32.763081438383,40.00895401487651,29.649096601822343,33.233723833955175
3930158,c5679fc8-3575-466e-affc-6b548a3897d8,6,Ball Receipt*,18,44.5375,61.029999999999994,9,46.19153082507856,57.21268929035776,11.0211584652792,44.36246392847545,47.24676776794235,27.352537501266887,25.907431855041644,3.783405032119344,2.119479302375189,3.6866935420055853,13.143273948200296,4.5399959921036555,30.981855680482735,9,38.32030975005055,46.38973227417877,42.43667587603119,50.38498740286875
3930158,ce2d0221-ed72-411d-a604-3e848f66a285,6,Pass,18,43.8375,65.02499999999999,9,46.19153082507856,57.21268929035776,11.0211584652792,44.36246392847545,47.24676776794235,27.352537501266887,25.907431855041644,3.783405032119344,2.119479302375189,3.6866935420055853,13.143273948200296,4.5399959921036555,30.981855680482735,9,38.32030975005055,46.38973227417877,42.43667587603119,50.38498740286875
3930158,fd903042-962d-482e-8873-a55e21f9b119,7,Ball Receipt*,5,30.800000000000004,58.565000000000005,9,29.769924480980325,41.70711012835166,11.937185647371333,40.102781937225245,41.71978944426559,30.963204241633157,27.365754767616927,3.5514560260149617,3.0925809709497094,4.515305843194625,10.052213514361902,6.025742842796703,20.159804950720677,10,21.70765136869168,30.19158572616023,37.97956771842515,34.13234991221549
3930158,b3ed7d3b-658a-48f9-8abc-ade1a3481af2,7,Carry,5,30.800000000000004,58.565000000000005,9,29.769924480980325,41.70711012835166,11.937185647371333,40.102781937225245,41.71978944426559,30.963204241633157,27.365754767616927,3.5514560260149617,3.0925809709497094,4.515305843194625,10.052213514361902,6.025742842796703,20.159804950720677,10,21.70765136869168,30.19158572616023,37.97956771842515,34.13234991221549
3930158,e77dea0c-31fd-4b81-a8be-07d74e7cb3f3,7,Miscontrol,6,31.0625,65.36500000000001,8,31.598164567200946,44.51037205334418,12.912207486143231,41.81960194187984,37.52666445147393,41.93639870164756,34.49624492112776,4.717123724608689,2.4651740132774114,0.49954489928441603,17.377241070581967,15.27314091179803,5.92506318437198,10,17.224600583233094,27.821799235433446,37.344305801363745,46.656016461215295
3930158,2a5a2b8e-950a-40b8-83fb-948053b9b29c,12,Dispossessed,6,54.1625,50.32,10,43.73885804859206,51.29650138149407,7.5576433329020105,18.59439628562445,16.25164204190431,26.643337106461907,3.4939774134418116,2.9194745450724118,1.6570544935935279,0.464657977855893,17.549110603081346,0.68006702908054,44.36173814583676,9,49.117292162118886,54.261730248128,18.268984590743997,33.45313070709787
3930158,7f3ffb7e-a336-4627-87a7-e5dd8012eaf5,12,Ball Receipt*,27,36.8375,53.295,9,46.01740858009047,59.114622962405434,13.097214382314966,41.7764494614226,47.98413839880511,23.002528568253737,23.334434605727196,3.713531528757006,0.6606027933068619,3.9665066872205657,6.758404533146496,5.001640547839941,34.07304622448718,10,39.143170162178784,48.62591805559509,43.53755294359187,58.870886856528955
3930158,8075d343-e74d-4a27-aa90-8394d7ca34cb,12,Carry,27,36.8375,53.295,9,46.01740858009047,59.114622962405434,13.097214382314966,41.7764494614226,47.98413839880511,23.002528568253737,23.334434605727196,3.713531528757006,0.6606027933068619,3.9665066872205657,6.758404533146496,5.001640547839941,34.07304622448718,10,39.143170162178784,48.62591805559509,43.53755294359187,58.870886856528955
3930158,1c8725fe-5c6f-491c-bc62-eef5fef8a702,15,Ball Receipt*,16,49.699999999999996,63.665000000000006,9,45.615930027662216,60.567240755953115,14.951310728290899,47.074039457327856,33.133855096594345,25.380375214910778,29.059403891084834,5.490364743578547,3.438184161037801,3.0028941140502994,10.995368234045607,4.426049063855949,33.967323977135145,8,40.27118672614003,48.69699015968725,35.174732252681345,54.56592895480462
3930158,11a4be87-20bd-406d-8351-536c5015ac5e,15,Carry,16,49.699999999999996,63.665000000000006,9,45.615930027662216,60.567240755953115,14.951310728290899,47.074039457327856,33.133855096594345,25.380375214910778,29.059403891084834,5.490364743578547,3.438184161037801,3.0028941140502994,10.995368234045607,4.426049063855949,33.967323977135145,8,40.27118672614003,48.69699015968725,35.174732252681345,54.56592895480462
3930158,feacfe18-ecad-42ba-94a6-e1a7b7b1fb13,15,Pass,31,54.775,4.93,8,47.08186460115644,61.25798961259787,14.176125011441428,7.034790836324956,27.91146527156774,9.140350092602052,15.675018329610332,6.800049963517463,2.9599732911844723,0.24001924073740444,7.570762232881769,1.5524929601125272,39.30333599822974,6,45.88532787976985,50.05290307214065,24.03274860254476,43.32756052992588
3930158,f0aba190-df53-4175-9a50-03d2f045ed02,18,Pass,58,41.125,35.870000000000005,10,42.387037594694306,53.74206480438547,11.355027209691166,35.82037782579421,31.045898954407882,18.133677842695594,28.79656742901369,5.470453967976131,2.723082310020308,0.8298634326564809,8.301332210549933,8.314975354927128,32.23853520931318,9,37.94582878062663,44.97847799552815,37.622573685388495,48.10449112501849
3930158,7dab682d-6b85-4191-b83b-8e542fe05654,18,Ball Receipt*,16,38.762499999999996,27.795,9,46.32384069747677,57.28653628080605,10.962695583329278,37.58926491594302,40.417086497159,29.320210420162518,23.93650207182144,2.509929295992216,0.26194248195158876,3.3938892767122155,12.851062327111833,6.111692731294632,31.74106597005691,10,36.458763469473325,44.94061557716654,37.76167776238259,54.88224962288093
3930158,80d532be-9be1-4f89-a6e3-2590e382b65e,18,Carry,16,38.762499999999996,27.795,9,46.32384069747677,57.28653628080605,10.962695583329278,37.58926491594302,40.417086497159,29.320210420162518,23.93650207182144,2.509929295992216,0.26194248195158876,3.3938892767122155,12.851062327111833,6.111692731294632,31.74106597005691,10,36.458763469473325,44.94061557716654,37.76167776238259,54.88224962288093
3930158,3f1fca39-8b4c-4a97-9c32-defa93712b17,21,Ball Receipt*,24,48.737500000000004,64.77,9,44.4296973241274,58.335368646080596,13.905671321953193,41.60653176196821,45.76984247341058,36.130485613092816,32.97986908019571,4.553964245932319,0.9468328777093931,1.4908887237085509,14.033792951019112,5.87445452525219,41.55997181103494,7,48.59234718393379,51.79915038704892,42.40071900937743,53.51353964919376
3930158,75013822-d8e9-419d-be88-93cf5f96d111,21,Carry,24,48.737500000000004,64.77,9,44.4296973241274,58.335368646080596,13.905671321953193,41.60653176196821,45.76984247341058,36.130485613092816,32.97986908019571,4.553964245932319,0.9468328777093931,1.4908887237085509,14.033792951019112,5.87445452525219,41.55997181103494,7,48.59234718393379,51.79915038704892,42.40071900937743,53.51353964919376
3930158,9636e345-e3df-42ff-aa4e-1c0e649671a4,22,Pass,7,28.875,14.45,8,38.52684909746692,53.33806354642251,14.811214448955589,28.490607269422206,35.102322027567624,37.76739014813424,29.778096131758524,5.7927730551848615,0.8677222324200937,1.342680189335148,14.569295145015545,12.892890348119806,28.875,5,34.0045924397666,35.66213097413689,28.032302154001417,57.86750485993372
3930158,90865c27-6df4-48f7-a4e7-583d8e39e6fb,23,Pass,27,37.800000000000004,39.355,8,35.084122914849715,54.43435650087173,19.350233586022014,44.01406469371547,33.870537329047885,17.16766707825429,22.80651517024933,8.484560800220734,3.6509168794235154,0.6160953545674985,11.14613980731093,6.446637289407025,22.94468095510398,8,29.768695259665957,39.01367894175149,33.77541008112861,40.18544308543092
3930158,323b0908-fdd7-4e52-864c-46a677ba0589,28,Foul Won,6,60.28750000000001,62.815000000000005,8,42.779111010843586,53.471192401764974,10.692081390921388,17.447756525902715,4.463258112513549,30.252061072989868,7.628639682679906,2.5239151619774973,3.4216402168543754,0.6283465347743702,11.887527827022275,2.6908716043830267,44.15689307264257,4,49.02484136318981,49.02484136318981,15.662032929800436,19.738379706509022
3930158,c1dc9e4a-a8f1-4fda-836b-ce8ea50b608c,33,Foul Won,33,58.97500000000001,39.779999999999994,10,31.50361129895244,42.72037245358053,11.216761154628092,32.24533970052689,26.791520727464082,27.393653834560265,11.287407296506242,1.4638354055421126,2.564467906985456,4.925851632893181,10.593320579175987,0.2209132398672864,30.49407371818355,9,34.533299285793035,42.42063208578193,31.212509808582393,41.71398244136521
3930158,5ca0a20e-4d67-4246-9357-a694da75eb59,34,Ball Receipt*,49,66.7625,65.45,8,31.942437374668476,44.60228711599465,12.659849741326173,13.270424014743645,11.6199928354847,27.62013285780093,20.297333009017787,4.265905967708398,5.41374790717756,4.359387631293268,11.762521349447116,8.536939697145696,21.652695471075116,8,25.168153982988972,30.3049099033853,14.179644462760503,39.91853002772374
3930158,d1d85997-92b5-4dc7-9cb3-c3559511ae78,34,Pass,10,35.0,39.949999999999996,8,31.421335363978226,45.76716679474507,14.345831430766847,45.01721429649937,37.99642633167082,26.135168140529487,31.83361612582245,5.074282780813546,1.2083325518671817,2.667192977558109,10.071829272639519,10.976301709334702,16.557922628471214,8,22.573397034316056,28.692564271835053,36.847824033808365,36.42850443932787
3930158,dd77862c-6aa0-449c-8450-08f97f4500c0,34,Pass,12,43.574999999999996,19.21,8,43.49228745387272,57.87053047214437,14.378243018271647,30.006621808768006,27.85006510685164,16.316685905100865,31.921724334243066,6.543850518403738,3.405489036888214,2.678048655789574,6.564627492096015,10.082441436047624,41.56804541411273,5,43.26325014293666,46.45442850834023,22.511471543078663,35.95176285746992
3930158,212e6468-a488-4591-9c05-21cf5b24656b,38,Ball Receipt*,18,63.08749999999999,36.89,8,39.59529431392407,50.53187526391407,10.936580949989995,34.632007722085845,27.285036020232695,22.525668027309248,10.357882475299018,2.7335763645506748,4.505510446598632,0.9612455620215528,9.060810385224386,4.4414561452459616,39.06280797029988,7,42.737972170576846,47.738177210880686,34.89466738924799,29.781785300141998
3930158,f11a825c-b6de-44c8-bfa5-06370d0b0e88,38,Duel,18,64.22500000000001,36.464999999999996,8,39.59529431392407,50.53187526391407,10.936580949989995,34.632007722085845,27.285036020232695,22.525668027309248,10.357882475299018,2.7335763645506748,4.505510446598632,0.9612455620215528,9.060810385224386,4.4414561452459616,39.06280797029988,7,42.737972170576846,47.738177210880686,34.89466738924799,29.781785300141998
3930158,c4d18f48-c1f5-49ec-820d-4077e6e80b6e,40,Interception,27,21.962500000000002,47.6,8,25.268263898803394,37.20423519128918,11.935971292485785,51.22410806207118,53.84475554157424,21.219501998990275,17.300295783518294,2.694418022251977,4.020139722018007,2.0889937644137717,7.955653844694297,1.8178273482366833,6.654936453841312,10,17.268752348057276,25.766843636268085,43.67902483043452,46.07650157436634
3930158,f0c61b57-f61f-4699-a81b-a325d81e045c,46,Ball Receipt*,5,40.6,30.514999999999997,10,35.34064019365676,50.68049908897679,15.339858895320027,25.18066264565677,28.716689320927042,16.44137226400014,22.68746649013443,3.772938917577922,4.6020584181755915,0.5847759249361495,10.422352956356193,0.6571888696261432,26.641302756664242,9,29.263155848844608,36.76775890010532,27.84218551587471,29.62031751219932
3930158,fde8109c-e4f7-4e77-a55e-e8046917276f,46,Miscontrol,5,39.9,34.425,10,34.71008861155185,49.978741439798696,15.268652828246843,29.773100753795102,33.215818838604086,17.176212713618007,23.15588918035819,3.95980285399809,4.612113169369232,0.2913779525576672,10.319982799788768,0.26808407353518504,25.966038508393428,9,28.540696121686832,36.072298947104635,32.41911369815261,28.997787878681127
3930158,d502753e-e4af-4733-943f-da9da81d6008,47,Foul Won,9,68.33749999999999,4.42,9,29.167463752159897,40.65824467701616,11.49078092485626,58.46506803525531,63.316507347420384,17.140277815218063,13.81759412489032,4.457876311674994,2.8584010450489803,1.476953724968574,5.951940591613898,2.3581657779476544,24.86875236715952,8,30.43900060809662,37.1528041611655,56.387865979524065,28.789363744963772
3930158,2f6b1f58-fdbf-4f3b-88ca-aee802515d02,49,Ball Receipt*,5,50.225,26.945,9,43.08088164495955,50.776090804972576,7.695209160013029,22.676453379868516,27.155825251554322,19.382729166265054,34.38660278916096,4.680512153442038,3.734149449034543,0.20027968212475145,12.432504982717504,1.3080268373952926,25.035868420588237,7,33.26156984966443,38.785622299373365,25.412993983314504,40.93602571200945
3930158,5329e547-b293-4ed5-9ea6-875231ba9947,49,Carry,5,50.225,26.945,9,43.08088164495955,50.776090804972576,7.695209160013029,22.676453379868516,27.155825251554322,19.382729166265054,34.38660278916096,4.680512153442038,3.734149449034543,0.20027968212475145,12.432504982717504,1.3080268373952926,25.035868420588237,7,33.26156984966443,38.785622299373365,25.412993983314504,40.93602571200945
3930158,f0bcd70f-040e-4f06-b6c3-968c8119353c,53,Ball Receipt*,12,47.949999999999996,2.72,8,47.91157872339248,57.7358011639674,9.824222440574921,19.475424775231645,32.331417281905075,30.953402360432452,30.013371318623854,4.89071748059237,2.234398645429858,1.4276615640748904,12.073580505549415,7.182622787470784,35.68236999884935,8,41.6498180903466,47.19897585325263,24.34647734456668,47.448002948442884
3930158,19c768be-d902-4555-a035-9bdc35d304ca,53,Carry,12,47.949999999999996,2.72,8,47.91157872339248,57.7358011639674,9.824222440574921,19.475424775231645,32.331417281905075,30.953402360432452,30.013371318623854,4.89071748059237,2.234398645429858,1.4276615640748904,12.073580505549415,7.182622787470784,35.68236999884935,8,41.6498180903466,47.19897585325263,24.34647734456668,47.448002948442884
3930158,b32cc732-4237-4285-81b9-5be80d57acf4,61,Ball Receipt*,8,49.262499999999996,2.72,8,37.4123462899575,52.94717704337933,15.53483075342183,33.939121616405394,22.375090372080404,38.72105920382887,45.06142665430555,4.758982364676141,4.002658743688692,4.479277330233387,15.727226920311232,8.656811739168287,29.724805191493758,6,37.976276943079725,41.58917082217396,32.82727579538774,58.85458510762968
3930158,1d4eb228-e072-43d0-9c2c-cda5be3cdece,61,Carry,8,49.262499999999996,2.72,8,37.4123462899575,52.94717704337933,15.53483075342183,33.939121616405394,22.375090372080404,38.72105920382887,45.06142665430555,4.758982364676141,4.002658743688692,4.479277330233387,15.727226920311232,8.656811739168287,29.724805191493758,6,37.976276943079725,41.58917082217396,32.82727579538774,58.85458510762968
3930158,7710b3ed-0094-4db7-9d95-578dd29fdbb4,61,Pass,9,49.262499999999996,4.42,8,39.74634592039722,53.6281830714556,13.881837151058384,31.688836935176575,21.300931413570606,35.483699822051854,42.7374347854953,5.308835778681931,4.391295946663747,5.345353235053967,11.649918601182286,6.104555529788777,31.498735193921664,6,39.923383562622405,43.331476541408136,32.19694424195771,53.97854947992814
3930158,3a0dc7b8-2e0a-42a4-a018-c1e013cb7012,61,Ball Receipt*,9,45.15,9.18,8,40.31378759273722,52.94666649031543,12.632878897578209,29.547871638697387,20.130494789946138,35.737769851663856,40.09134484024917,5.5811194398065815,5.222222305074443,4.631681695445643,11.95504261487676,4.210373213874443,25.18090835630935,7,34.878046138174675,40.75536461752447,30.41916889720111,53.85614597017875
3930158,cff7c270-a140-46fb-af0d-7e7aecc2d3e6,61,Carry,9,45.15,9.18,8,40.31378759273722,52.94666649031543,12.632878897578209,29.547871638697387,20.130494789946138,35.737769851663856,40.09134484024917,5.5811194398065815,5.222222305074443,4.631681695445643,11.95504261487676,4.210373213874443,25.18090835630935,7,34.878046138174675,40.75536461752447,30.41916889720111,53.85614597017875
3930158,7198b688-3184-4871-8643-60d6f1e5eaed,61,Ball Receipt*,22,56.875,7.225,9,44.24182054172833,58.795039633880414,14.553219092152084,12.952885341404414,19.11040854773501,36.60198243650339,29.94126735541473,2.5022816026923778,2.2002829231147416,4.9063756667282545,14.648993646293825,6.600048186214231,29.057864723092976,6,40.42555537251378,46.24311688238925,24.726497513136064,52.07383709438157
3930158,86014bc9-21cb-47a5-a007-9d68b0a1ada2,61,Carry,22,56.875,7.225,9,44.24182054172833,58.795039633880414,14.553219092152084,12.952885341404414,19.11040854773501,36.60198243650339,29.94126735541473,2.5022816026923778,2.2002829231147416,4.9063756667282545,14.648993646293825,6.600048186214231,29.057864723092976,6,40.42555537251378,46.24311688238925,24.726497513136064,52.07383709438157
3930158,142d5ba0-52dc-41ac-89f0-43aff7439902,61,Foul Won,24,60.375,21.505,9,44.57100843572116,54.3837492899362,9.812740854215036,45.36381084098662,50.78624336291153,27.557279724881703,32.27912994148697,2.9121493355245085,2.5485025067980285,0.7286656224075472,17.24685981579431,3.386485653101765,45.39830401537997,4,50.85015143722903,50.85015143722903,39.388250046147924,40.746720890167566
3930158,c12acaac-4ab3-4f05-8846-b3fa592f7a79,71,Ball Receipt*,15,49.0,16.744999999999997,8,48.892107535476384,58.00874765324556,9.116640117769172,35.59387141153203,19.965971183085987,18.998365080117633,12.760935833698975,4.561429762928507,0.5728788695426882,0.24335194277280436,7.960633371876199,6.0569417630145885,37.588569000589494,7,42.199951650771204,48.457315126813924,22.31917909327277,32.14120344591735
3930158,e9ad0bba-8818-4776-b92d-cb9317a845b2,71,Carry,15,49.0,16.744999999999997,8,48.892107535476384,58.00874765324556,9.116640117769172,35.59387141153203,19.965971183085987,18.998365080117633,12.760935833698975,4.561429762928507,0.5728788695426882,0.24335194277280436,7.960633371876199,6.0569417630145885,37.588569000589494,7,42.199951650771204,48.457315126813924,22.31917909327277,32.14120344591735
3930158,092d8622-e1ac-4066-8620-31f113028e0a,77,Ball Receipt*,28,65.3625,44.370000000000005,10,27.77279786530652,43.03425362717246,15.261455761865943,28.32146071926104,19.8790831476214,41.714007263131066,18.358776688022417,6.235162406077352,2.6949871605986546,1.7578455251438,18.8084420345994,0.061775964241341796,20.575049810048952,9,22.38728018581879,30.7339041873242,22.956325555938044,39.77257174605335
3930158,3a46f6de-a7ba-4316-b7ff-730097fa0181,81,Dispossessed,11,67.2,13.174999999999999,10,33.32019359052586,42.688091936203705,9.367898345677844,52.975400273051854,52.90804289831732,26.855751197117357,33.78178521744057,2.849095611658341,3.238755201494952,2.063874326236558,13.339782534823428,3.7674787565785977,33.16222844185268,6,37.605783985759494,41.072338567852874,52.36547189387726,36.707719948149645
3930159,ccef98de-f2a2-49c4-9453-1f1368f920cc,0,Ball Receipt*,5,37.1875,19.465,10,32.33402888196985,46.271305102597736,13.937276220627886,14.764505772824782,20.841330358682026,15.07072138951573,21.902352410005467,4.906633194023992,3.2296520540152165,0.2394686008042548,5.034314458939679,4.739991997262315,7.577898144631211,11,20.220723615405674,31.677195517487675,20.20154997459932,29.66063798261091
3930159,d715c93f-f866-46fe-af3f-9417608e9e6f,0,Pass,5,37.1875,19.465,10,32.33402888196985,46.271305102597736,13.937276220627886,14.764505772824782,20.841330358682026,15.07072138951573,21.902352410005467,4.906633194023992,3.2296520540152165,0.2394686008042548,5.034314458939679,4.739991997262315,7.577898144631211,11,20.220723615405674,31.677195517487675,20.20154997459932,29.66063798261091
3930159,cd732a9e-d3ef-4edc-bfd1-3fd136f2fdf0,0,Ball Receipt*,7,44.975,17.255,10,33.23977999415952,45.50895216840314,12.269172174243621,17.795866540805047,23.803039831154216,12.76578353216996,19.43509115349932,5.28469498155538,2.113136345891417,1.4961691086902889,6.223708222493897,3.230336183639599,25.905847679966826,10,27.440320414152797,34.54645878559794,21.721868195112837,23.5755044883713
3930159,b7973856-590b-4026-ba81-0d59146c8334,0,Carry,7,44.975,17.255,10,33.23977999415952,45.50895216840314,12.269172174243621,17.795866540805047,23.803039831154216,12.76578353216996,19.43509115349932,5.28469498155538,2.113136345891417,1.4961691086902889,6.223708222493897,3.230336183639599,25.905847679966826,10,27.440320414152797,34.54645878559794,21.721868195112837,23.5755044883713
3930159,cf5778af-93ab-4966-aca0-9a49430d70ba,0,Pass,7,44.975,17.085,10,34.00796116904845,45.82989501455087,11.821933845502421,17.31189458664015,23.215248230187115,12.163041000613186,18.72245539663199,5.259728744405734,2.040327089115866,1.509206975470498,6.1066212236848365,2.1709289973334904,26.77709910824657,10,28.1782066872787,35.04884774177113,21.476688555114084,23.221900969610708
3930159,b4f5fa7b-ad04-4275-962e-14dec26b968a,0,Pass,10,37.975,17.255,10,38.47260036408987,48.626390917909866,10.153790553819995,18.49890132787048,23.812628594449425,15.101329392961794,21.55882067133581,4.251954717260861,2.151626739533647,1.2814429402468228,6.4772281595170895,1.645998777298713,31.49441455953689,10,32.53597858138368,38.73494438184567,21.815965828326863,25.980606758049436
3930159,51a02661-353e-4b5c-b5e8-dfde7188baee,0,Duel,8,53.112500000000004,59.16,8,42.18051074888285,55.479395177102354,13.298884428219502,18.314624351370913,10.132585556761018,33.18667949621987,9.637934873972066,3.841122168593742,3.0060678916578922,0.7971175626438409,14.718723868548839,3.007589101844504,42.12307710087574,9,46.65350488462377,53.019434886018324,14.07438295950495,31.360741455970825
3930159,681b5393-f743-4cea-9783-1f02cc6c8cfe,2,Ball Receipt*,5,50.225,62.815000000000005,8,42.398435225906965,53.986036868463806,11.58760164255684,52.400849158071125,54.89382246951008,32.50762180444937,16.473892482904695,9.090717050174158,1.9488539646532106,0.34994677004129926,20.844502914644185,1.3171912517273157,24.324589846648806,9,29.57541119939151,39.1073369368531,54.21641611852397,44.885987658678054
3930159,3bc7d80c-9e9e-4cf2-8704-adaa845e4f44,2,Miscontrol,5,50.225,62.815000000000005,8,42.398435225906965,53.986036868463806,11.58760164255684,52.400849158071125,54.89382246951008,32.50762180444937,16.473892482904695,9.090717050174158,1.9488539646532106,0.34994677004129926,20.844502914644185,1.3171912517273157,24.324589846648806,9,29.57541119939151,39.1073369368531,54.21641611852397,44.885987658678054
3930159,1e7c2681-9a83-4bc3-942b-65b10550bcf9,3,Ball Receipt*,23,66.325,16.405,10,43.37815230432072,59.20549885659033,15.82734655226961,39.437591791896445,55.60030511154483,60.35437850128593,16.815913575094562,4.934156501145289,6.913634065129126,8.249109499727368,27.631274488030957,1.5992022699173347,38.07713373138897,10,39.35859014868791,47.32488291685097,46.54398085485193,39.32683529900008
3930159,632f758a-d34c-4c42-be23-b2b4f2bb9cfa,3,Ball Recovery,5,22.837500000000002,20.4,8,28.73801149012446,38.33552192434061,9.59751043421615,15.593377876117653,20.29609328027625,16.704144656924086,23.838217508331226,4.854389412800713,3.7387483064620914,1.893926939537998,5.647771630732066,0.007907127128351732,4.798580714266048,10,17.885800625077064,25.560967536943064,20.752099885506222,27.762105984563675
3930159,3fd1fb2d-b7ce-4a15-86b0-0e348d440deb,3,Carry,5,22.837500000000002,20.4,8,28.73801149012446,38.33552192434061,9.59751043421615,15.593377876117653,20.29609328027625,16.704144656924086,23.838217508331226,4.854389412800713,3.7387483064620914,1.893926939537998,5.647771630732066,0.007907127128351732,4.798580714266048,10,17.885800625077064,25.560967536943064,20.752099885506222,27.762105984563675
3930159,04f724f6-6f20-4a60-9466-541b718b4d9c,3,Pass,6,26.162499999999998,20.74,9,28.252871978708704,41.26684317527652,13.013971196567816,16.94768912876767,21.232837966796687,15.7965035552892,25.670495740099128,4.365411236742593,4.760537771160086,0.03685101264403556,6.106411301422051,0.9702808683194881,4.262312052198867,11,17.10878997594849,27.447000434261508,21.155375953514763,30.63184256430284
3930159,c45d9e78-5ee1-48f6-b9bd-6947be6a2edb,3,Ball Receipt*,7,43.050000000000004,23.885,10,32.09837526549926,44.34133543057818,12.24296016507892,21.53828022457128,23.604019482869887,10.15996189020851,31.72124501472642,4.569393067039072,2.9982560188598106,0.9568837000450117,3.6445079776429203,5.743002376516218,6.664102520472635,11,19.590868876249708,30.4502482319237,24.420978166747883,33.89909419799376
3930159,bad41f14-83c5-4fd3-b2b9-191704c90e1f,3,Carry,7,43.050000000000004,23.885,10,32.09837526549926,44.34133543057818,12.24296016507892,21.53828022457128,23.604019482869887,10.15996189020851,31.72124501472642,4.569393067039072,2.9982560188598106,0.9568837000450117,3.6445079776429203,5.743002376516218,6.664102520472635,11,19.590868876249708,30.4502482319237,24.420978166747883,33.89909419799376
3930159,11a7e43c-5eb3-4fb6-af59-db2ad1671949,7,Pass,8,41.5625,52.699999999999996,10,43.0367287891329,57.23239753010386,14.195668740970959,50.24938192074096,40.090848746892135,14.931093293991303,15.001775393100743,4.0836620880028605,3.236841873635935,0.987355321969801,7.356969011341214,3.4141892194784162,34.23762390320675,10,38.020145593107955,45.472404200108585,45.51050508063672,27.195079360708775
3930159,6e81cf84-4670-4269-9602-a4a52d03ff2f,7,Ball Receipt*,9,45.5,51.51,10,42.51767525532425,55.478252584035616,12.960577328711366,49.666857532886524,43.56022379988802,12.550390939027572,26.46345433320321,4.216644544353745,3.424657309839761,1.241995799065613,6.0992427722990925,4.030888755622819,32.74605235399349,10,36.3680709015339,44.127081996322325,46.15837115235015,29.38977357242277
3930159,d2f74ec4-6f8c-4467-8ce0-e7cbd10ea4d0,7,Carry,9,45.5,51.51,10,42.51767525532425,55.478252584035616,12.960577328711366,49.666857532886524,43.56022379988802,12.550390939027572,26.46345433320321,4.216644544353745,3.424657309839761,1.241995799065613,6.0992427722990925,4.030888755622819,32.74605235399349,10,36.3680709015339,44.127081996322325,46.15837115235015,29.38977357242277
3930159,0c170c47-dfe3-4b97-bfec-944f3faaa722,8,Pass,10,48.737500000000004,54.4,10,45.24055441350251,56.21171843434205,10.971164020839545,51.24911544394265,46.28851776440411,10.764355239770303,29.01778156557801,4.742879007538447,3.5384537628873747,1.173682503700313,5.467929732892337,7.855318796405161,33.28576022654632,10,37.814954937420694,45.77931410220425,47.08241231796312,30.58666027187926
3930159,a3d96d70-7778-484d-a009-c7b0887438ba,8,Ball Receipt*,11,43.050000000000004,66.13,10,44.67351578491755,56.087360752801104,11.413844967883556,56.370546318785934,47.14882411191763,16.820262394652623,24.8898750447542,4.493518419041377,3.455858391527231,0.8378677790852862,9.394786219330449,2.8923829501666987,32.925268174046295,10,37.38148921740832,45.41692699654189,49.21988682161515,33.03106543761882
3930159,aff1f1fc-c4cc-4f46-84dd-4a0fb84e4ca7,8,Carry,11,43.050000000000004,66.13,10,44.67351578491755,56.087360752801104,11.413844967883556,56.370546318785934,47.14882411191763,16.820262394652623,24.8898750447542,4.493518419041377,3.455858391527231,0.8378677790852862,9.394786219330449,2.8923829501666987,32.925268174046295,10,37.38148921740832,45.41692699654189,49.21988682161515,33.03106543761882
3930159,61b889a7-ba63-4fac-b260-8d36f1f55f7f,8,Ball Receipt*,6,51.7125,55.92999999999999,8,40.93434618254893,53.464623655298226,12.530277472749297,51.683777047907384,54.78251592658801,27.60869915268905,7.887917133547909,6.509788099739391,2.3946063659945973,0.5345706830040626,13.332265855922373,0.42180105756729347,26.997070789410916,6,36.26942242598764,40.73420787830924,50.27464381900899,30.513008037278418
3930159,fca4f97b-6561-424f-9351-1bb4803fdf2c,8,Pass,6,51.7125,55.92999999999999,8,40.93434618254893,53.464623655298226,12.530277472749297,51.683777047907384,54.78251592658801,27.60869915268905,7.887917133547909,6.509788099739391,2.3946063659945973,0.5345706830040626,13.332265855922373,0.42180105756729347,26.997070789410916,6,36.26942242598764,40.73420787830924,50.27464381900899,30.513008037278418
3930159,e5616cf3-50e3-4a75-8eb7-a2d11f9bfcb3,9,Pass,5,37.7125,42.245000000000005,10,37.05034113620035,48.295145225378086,11.244804089177734,39.49410625910135,34.05538918462488,20.7473705663017,33.896698996385965,4.323345267078723,3.8285352736930762,0.05002682986395257,8.77085359299032,7.686502469861665,22.855940898056847,10,29.19686295858951,37.859473083475315,34.58829809315643,32.526604095818925
3930159,ce841f9a-0b06-44e5-a23e-544e1cfec043,11,Ball Receipt*,28,36.137499999999996,20.91,9,46.4133380952111,60.0175940905441,13.604255995332998,27.319825167160253,28.614939565079,31.01356797690629,45.19795015999982,4.743421172435466,1.9172050925323563,3.2013713874018173,14.796343281384548,12.14530833184621,32.66003559035006,9,36.73614837698024,49.07319869500281,33.87304281589859,47.263824708155276
3930159,49dbd072-7dc0-4af4-8a2f-835833e71ba4,11,Carry,28,36.137499999999996,20.91,9,46.4133380952111,60.0175940905441,13.604255995332998,27.319825167160253,28.614939565079,31.01356797690629,45.19795015999982,4.743421172435466,1.9172050925323563,3.2013713874018173,14.796343281384548,12.14530833184621,32.66003559035006,9,36.73614837698024,49.07319869500281,33.87304281589859,47.263824708155276
3930159,5f9c8c9f-d01e-4356-82f7-c56bc3b1d97b,13,Pass,7,35.35,51.51,9,41.66547173494008,61.189721534245095,19.524249799305018,43.48204619611423,35.776843999528865,14.402205596932717,30.81122470532033,6.221334300717152,1.2920325670344959,1.2633473065135874,5.683779571043594,8.802976804199737,10.856748611108117,9,25.641844879608712,39.672844257675386,35.926729447604735,39.37251736688802
3930159,37c9fedd-4921-49f6-aabc-6734828258d0,13,Ball Receipt*,12,24.587500000000002,6.885,10,30.46867321577878,51.714918676606885,21.246245460828106,27.138729339967977,25.493262129475262,31.460901888522436,48.65890885084592,10.56845678404505,2.672758266353091,0.28277209594144637,11.522635419731767,11.4980472982492,13.367490732983947,10,23.989653609966037,38.14778848849833,28.41344621230296,56.506527648377904
3930159,1a777350-bb7a-4753-b450-d320166c566d,13,Pass,12,24.587500000000002,6.885,10,30.46867321577878,51.714918676606885,21.246245460828106,27.138729339967977,25.493262129475262,31.460901888522436,48.65890885084592,10.56845678404505,2.672758266353091,0.28277209594144637,11.522635419731767,11.4980472982492,13.367490732983947,10,23.989653609966037,38.14778848849833,28.41344621230296,56.506527648377904
3930159,3ba5c0c5-2da9-4851-a2a9-ad66c730d5e0,13,Ball Receipt*,13,31.762499999999996,29.325,10,30.670694507789896,49.53894517159149,18.868250663801597,28.523635124889573,29.16549304451162,32.03295842593974,41.17177527667072,6.944235565954735,4.85456353825385,5.462120210631486,10.107672555351508,7.207078636225209,18.281775919431894,10,25.891779352086775,37.31576513849258,30.766474096937706,45.190349102701475
3930159,d22244ab-47ff-49cb-a7ca-70bcbcc04904,13,Pass,13,31.237500000000004,28.645000000000003,10,30.14569584293394,49.013946506735536,18.868250663801597,27.843635773388108,28.485493693010156,32.03295842593974,41.17177527667072,6.944235565954735,4.85456353825385,5.462120210631486,10.107672555351508,7.207078636225209,17.756777254575937,10,25.36678068723082,36.79076647363662,30.08647474543624,45.190349102701475
3930159,7bf8f019-a07c-4886-a363-69039ced93b3,14,Ball Receipt*,17,60.637499999999996,31.45,9,45.720349174010074,59.492890509966735,13.77254133595666,34.64978797537983,40.70443389737069,23.405415479633724,25.66726481327738,5.206506346548943,5.473844004750911,0.8147658804625237,16.298188649074426,2.1799886588105153,43.66117896017985,9,48.561921908225784,56.33087969263356,35.645930031909664,29.81160167345348
3930159,78e57dca-2998-4156-9939-5c93b0cad49a,14,Duel,17,61.77499999999999,32.3,9,45.720349174010074,59.492890509966735,13.77254133595666,34.64978797537983,40.70443389737069,23.405415479633724,25.66726481327738,5.206506346548943,5.473844004750911,0.8147658804625237,16.298188649074426,2.1799886588105153,43.66117896017985,9,48.561921908225784,56.33087969263356,35.645930031909664,29.81160167345348
3930159,557dfa39-88a1-4da7-bac3-b32f56207bc4,18,Pass,8,43.75,28.05,10,42.96300025989972,58.17253914905192,15.2095388891522,28.08604823283438,37.19985407316351,28.578875843751252,35.27743187957022,7.294094789791147,2.208793221889938,1.2701806744710886,10.109753363371038,4.083193661148179,27.730254085080006,9,33.81641629542261,44.022573963117274,32.117522953287356,44.98649821045631
3930159,91265c22-54e6-4c78-8e70-ee38228e78f8,21,Ball Receipt*,5,53.4625,22.185000000000002,10,41.585128547531724,55.10377646172463,13.518647914192904,10.749312043659469,22.350351532814432,21.798355054936174,22.903798532716365,3.5983740337838794,4.363702325399173,0.6477001339738719,13.778984225656954,4.353810879878441,28.757625226756797,10,32.46444865520143,42.43302233166396,18.919245420768803,44.40114696288796
3930159,96db74be-129d-4d08-8b13-703ebb6a4566,21,Pass,5,53.4625,22.185000000000002,10,41.585128547531724,55.10377646172463,13.518647914192904,10.749312043659469,22.350351532814432,21.798355054936174,22.903798532716365,3.5983740337838794,4.363702325399173,0.6477001339738719,13.778984225656954,4.353810879878441,28.757625226756797,10,32.46444865520143,42.43302233166396,18.919245420768803,44.40114696288796
3930159,81f41a36-1560-418c-9cc3-dbd84eda5ade,22,Ball Receipt*,56,34.5625,6.12,10,43.89742551138137,59.57896870761971,15.681543196238337,20.872053106577745,26.633285301031982,25.681098109586337,43.15537144270633,5.964645160941032,1.9816331897529786,0.7186270921002027,9.997100306325219,11.08369085575252,22.81238884596734,10,30.76751712998887,45.550215879595115,24.707549025425966,62.51228131812001
3930159,f0f4a087-5971-464e-9d6e-a20887bad49e,22,Carry,56,34.5625,6.12,10,43.89742551138137,59.57896870761971,15.681543196238337,20.872053106577745,26.633285301031982,25.681098109586337,43.15537144270633,5.964645160941032,1.9816331897529786,0.7186270921002027,9.997100306325219,11.08369085575252,22.81238884596734,10,30.76751712998887,45.550215879595115,24.707549025425966,62.51228131812001
3930159,7d390ad3-3a8f-4180-9924-f601c17fc251,22,Pass,57,34.5625,6.12,9,42.78657424047656,59.155409327454606,16.368835086978045,19.276534124224874,27.238082947902118,26.889791951575546,44.279323001445704,5.841492072638984,4.163603031925679,4.337792887571965,9.162609094653348,11.380730827666412,18.637270423532335,10,30.03372569697852,44.46022442585653,23.884326015238894,58.13989093568407
3930159,9bc05a79-424b-42d2-907a-46e9b57170ac,22,Ball Receipt*,57,38.324999999999996,13.77,9,41.04017461574281,57.6817389660833,16.641564350340495,17.458893379178907,29.19109006226738,29.80336467310127,36.607336037661796,5.577374474723949,5.086137306883358,4.012118282970363,10.140862724894987,9.515407339359907,15.592886639753093,11,28.564898181836156,44.30729668441838,22.784934086371106,57.70082420718237
3930159,d7fa284d-5da0-40de-afd9-e41a70c3a07a,22,Pass,57,38.324999999999996,13.77,9,41.04017461574281,57.6817389660833,16.641564350340495,17.458893379178907,29.19109006226738,29.80336467310127,36.607336037661796,5.577374474723949,5.086137306883358,4.012118282970363,10.140862724894987,9.515407339359907,15.592886639753093,11,28.564898181836156,44.30729668441838,22.784934086371106,57.70082420718237
3930159,a7abd4f6-9d99-4282-8f1a-c415d6c0521e,23,Ball Receipt*,86,50.8375,20.994999999999997,9,39.2406338345909,55.56744555243877,16.326811717847868,26.363719635733446,29.060322105577,26.28876333919507,36.55524028554402,8.492026582751716,5.677677344209077,3.448680119539059,12.620570911029116,6.829754840629969,24.774571845703417,9,31.956180074015116,42.07346758254552,28.90467918230609,49.41636755096269
3930159,47633993-e87c-42bd-8844-594ecf0a70a8,23,Pass,86,50.8375,20.994999999999997,9,39.2406338345909,55.56744555243877,16.326811717847868,26.363719635733446,29.060322105577,26.28876333919507,36.55524028554402,8.492026582751716,5.677677344209077,3.448680119539059,12.620570911029116,6.829754840629969,24.774571845703417,9,31.956180074015116,42.07346758254552,28.90467918230609,49.41636755096269
3930159,69c37434-eab2-49f9-8cbd-30a72b42f967,23,Pass,90,38.5,26.18,10,39.33445769075792,50.55934392534664,11.224886234588716,23.55917252796238,31.81759614340413,11.394130646847497,31.935039639615304,5.318179787220866,2.9652485478802,0.836009223144373,5.350538625262711,5.741552256766859,30.482214239890038,10,34.18939475119395,40.52170481420941,29.031661010204903,35.42284922830865
3930159,15f1a240-f1dd-40ab-a0fe-5158bb461e09,24,Duel,6,55.824999999999996,57.8,9,28.02332758634821,43.39707717083549,15.373749584487278,18.891899008925673,13.15746880837273,22.386154967812693,10.558683012010794,3.7638440703636036,4.434277918428981,2.0796015352385453,12.107192909777886,2.0798658439183004,29.04432757940879,9,31.611060916643467,41.568921105639284,17.418964362327145,29.20027746189401
3930159,70edae8f-19d8-4748-8a8d-0ccfa1f0698e,24,Ball Receipt*,14,28.962500000000002,52.529999999999994,9,32.31984594306946,55.53190163324768,23.212055690178218,30.61357104445741,35.01698751992035,16.616202874510748,41.809326890508146,9.206608264499671,3.295021040681215,0.6624040627982595,6.14708476257244,12.799106763126076,20.143449921712268,8,25.923601481479224,37.878249513699494,37.825059580116786,40.623500390094975
3930159,cf8ad0e2-7429-4b9d-996f-8d37564d3311,24,Carry,14,28.962500000000002,52.529999999999994,9,32.31984594306946,55.53190163324768,23.212055690178218,30.61357104445741,35.01698751992035,16.616202874510748,41.809326890508146,9.206608264499671,3.295021040681215,0.6624040627982595,6.14708476257244,12.799106763126076,20.143449921712268,8,25.923601481479224,37.878249513699494,37.825059580116786,40.623500390094975
3930159,17b40521-dbb4-4c4a-83f3-d1c90309b7a3,25,Ball Receipt*,24,40.425000000000004,1.615,9,45.055127478205506,57.52538400330691,12.470256525101405,20.51175379791808,13.311341598809047,23.856177787826354,20.678686847102657,4.162132219627388,2.492163544917986,0.5999924025984029,11.493124328287308,4.899528542321665,25.88976267476994,9,33.69225271245983,42.75637265689983,16.388722004076012,50.70508944951183
3930159,523c6d60-6023-40ad-8273-36dbc6fb6f55,25,Carry,24,40.425000000000004,1.615,9,45.055127478205506,57.52538400330691,12.470256525101405,20.51175379791808,13.311341598809047,23.856177787826354,20.678686847102657,4.162132219627388,2.492163544917986,0.5999924025984029,11.493124328287308,4.899528542321665,25.88976267476994,9,33.69225271245983,42.75637265689983,16.388722004076012,50.70508944951183
3930159,922384a1-a7ee-4fe1-a277-074f1a0bdd50,25,Pass,26,40.425000000000004,1.615,10,43.57578612070326,55.50438142468065,11.928595303977389,18.296074004940845,18.548570486292306,29.39503137467468,37.48545754328849,4.092153025009087,2.873509507662925,2.4794183088872543,11.288254652511004,5.24219395384073,23.689880686399835,9,30.72964593066139,40.79841438875934,14.264516174543283,48.879539796004195
3930159,5da58e88-ed4a-48a4-8152-7ca6fa3bb7a2,25,Ball Receipt*,27,43.225,5.865,10,45.57962589594358,57.91474117465995,12.335115278716373,13.734419207461439,14.188081474977217,29.29995911470798,37.220969207476934,4.155492662081461,2.9631780911456134,0.13817500357027512,12.355714863486938,3.934045196828384,27.043628643439163,9,33.51754292355499,43.26526320897128,8.810874075125858,44.99266403009426
3930159,92f4c100-af40-4b48-9be2-99a71b81b694,25,Carry,27,43.225,5.865,10,45.57962589594358,57.91474117465995,12.335115278716373,13.734419207461439,14.188081474977217,29.29995911470798,37.220969207476934,4.155492662081461,2.9631780911456134,0.13817500357027512,12.355714863486938,3.934045196828384,27.043628643439163,9,33.51754292355499,43.26526320897128,8.810874075125858,44.99266403009426
3930159,01dbe020-8c90-410e-bb4b-4343c4b8c164,25,Pass,28,42.699999999999996,6.12,10,45.30798081963974,58.074878390346896,12.766897570707158,15.589316189607635,14.21685944560939,29.153060985202057,39.40069505505407,4.739679631301912,1.950281448704125,1.6994288264985649,12.975143411509972,4.730366081273363,28.964973381785576,9,35.10253428740074,44.40635106002247,10.820915311321226,45.06787087130159
3930159,cb05edbc-0d2c-4c05-971a-c1772fc20f8c,25,Ball Receipt*,30,32.2875,6.375,9,42.64870952994737,56.42672039349142,13.778010863544054,15.98679805403842,11.51387724606204,27.828712483681507,21.208397222142803,5.641064936294226,1.437869028797456,3.228400032830347,13.358257507474956,4.910675190121924,27.969735193802126,9,33.876580243369396,43.21889387853461,10.834366904908165,41.87552314109409
3930159,33bedad0-b48f-4636-97c3-0ae37a51f602,25,Pass,30,32.2875,6.375,9,42.64870952994737,56.42672039349142,13.778010863544054,15.98679805403842,11.51387724606204,27.828712483681507,21.208397222142803,5.641064936294226,1.437869028797456,3.228400032830347,13.358257507474956,4.910675190121924,27.969735193802126,9,33.876580243369396,43.21889387853461,10.834366904908165,41.87552314109409
3930159,c71b9c17-359c-4ef2-adb2-3410043a134b,25,Ball Receipt*,30,32.987500000000004,8.924999999999999,10,39.345518940174834,53.384963201186466,14.039444261011631,13.403881253556321,9.017313400239045,25.096834266089733,20.619834710342637,6.255105134725247,1.309280732516349,0.19987175534189028,12.406980740679018,4.497768377216175,24.88719532333286,9,31.366104382525904,40.55792014449129,7.5798249187702424,44.03954305133974
3930159,00a6112a-348a-48a1-b9ee-d19596d5c1ce,25,Carry,30,32.987500000000004,8.924999999999999,10,39.345518940174834,53.384963201186466,14.039444261011631,13.403881253556321,9.017313400239045,25.096834266089733,20.619834710342637,6.255105134725247,1.309280732516349,0.19987175534189028,12.406980740679018,4.497768377216175,24.88719532333286,9,31.366104382525904,40.55792014449129,7.5798249187702424,44.03954305133974
3930159,eb050d67-8bfe-4527-ae99-6b47de0e14fb,25,Pass,31,35.875,6.8,10,40.11567587411598,52.8746834179082,12.759007543792222,15.335256762104262,12.226748823787503,26.126480331388922,21.45665364903012,5.715197040682191,1.4261811330212513,0.15751731566053273,13.698417506632861,4.842916835802365,25.693546871968827,9,32.110554210130026,40.92801227192945,10.479785327090651,42.39905364366799
3930159,0d7d5c77-6268-44fe-89fa-54ac1f11429c,25,Ball Receipt*,33,43.4,1.19,10,42.59559638004905,54.15732899628206,11.561732616233009,18.2132532338643,16.11391970740482,26.39851756106699,21.828913956855168,5.077637232831068,0.7759475005719049,0.03175126931028771,15.225896580910298,5.143362257605295,27.62189090799844,9,33.658040726651734,41.84448691288051,14.915205292736967,43.267453754915024
3930159,3ef95936-e398-4251-a4eb-039796c28493,25,Carry,33,43.4,1.19,10,42.59559638004905,54.15732899628206,11.561732616233009,18.2132532338643,16.11391970740482,26.39851756106699,21.828913956855168,5.077637232831068,0.7759475005719049,0.03175126931028771,15.225896580910298,5.143362257605295,27.62189090799844,9,33.658040726651734,41.84448691288051,14.915205292736967,43.267453754915024
3930159,5daad421-c89d-457b-807c-4fa18e1f4881,25,Pass,36,44.7125,6.8,10,46.00951877319127,56.90849937022854,10.898980597037273,15.951122073563846,23.01346070326821,24.66840819106676,31.14365537853061,3.3576498874015535,0.5051410816624057,0.7467170764230469,12.678071345793665,6.5293168021960675,32.41974301932033,9,36.94118383521885,45.68465475764103,13.715508850551307,40.142900044102525
3930159,425f2fa6-18cf-4e13-aa88-76252f6095ed,26,Ball Receipt*,39,68.33749999999999,11.049999999999999,9,38.7343665952928,54.80065759242522,16.06629099713242,41.804366831694544,45.516386082286644,61.278510648709414,34.04962661580916,4.960508262095596,6.458953842613055,1.6624880919772593,26.41951927980689,7.138220571652198,10.452774940800673,11,27.33752452278309,40.275131742255375,45.324488729813304,46.6436321493906
3930159,5f2db19f-0c94-4f32-b7f4-a2c0dc89f725,27,Pass,21,37.449999999999996,31.705,9,34.08913712575589,52.99550889782199,18.9063717720661,30.338058052555517,38.71302933096799,21.20367679223354,43.356083469739424,6.34540382883314,5.628865931213704,0.2596603140113274,10.520116156021711,3.468784057430895,17.748553191327105,9,31.385433072014088,42.28010374345622,35.07297241078507,58.82998021252236
3930159,90df0a9f-7a48-40c3-982b-62419ddf59c9,28,Pass,37,37.975,22.695,10,38.42996925611162,53.16394595188581,14.733976695774189,21.776875810724896,24.90161518021674,15.748322250029661,39.97677715723807,2.214971305684085,2.8147792122070725,1.0109612686081455,8.941740371989228,5.838953883662025,23.168743610529212,8,32.45020940888942,40.69883002756612,26.495325157631427,50.591376205289144
3930159,8247656b-3480-4e6d-83e3-b975024e41e7,31,Ball Receipt*,23,45.324999999999996,32.47,9,38.97416094307801,52.55045546301163,13.576294519933619,44.51101242882742,36.469172573406034,26.54013249098854,36.44815650811512,5.310142120560229,2.9749374175526193,0.9754463894892282,13.075087978264811,9.512337958807635,24.297745029348196,8,31.75754320003847,38.313032816321034,39.041390421832816,54.52967174323984
3930159,81f1eadc-b5e8-4700-b931-fed2d10a091c,31,Pass,23,45.324999999999996,34.17,9,38.97416094307801,52.55045546301163,13.576294519933619,46.21101242882743,38.16917257340604,26.540132490988537,36.44815650811512,5.310142120560229,2.9749374175526193,0.9754463894892282,13.075087978264815,9.512337958807642,24.297745029348196,8,31.75754320003847,38.313032816321034,40.74139042183282,54.52967174323984
3930159,a60caa5a-bbe7-4111-bd96-3a3597a5e085,31,Ball Receipt*,24,36.225,40.629999999999995,10,39.186213160053455,52.68744462689648,13.501231466843024,43.06033696188102,48.45167879757891,26.154539948617423,13.413927599237361,4.402867378744054,4.0075382314834185,4.4754910821806995,7.7413658932255345,3.920469335414296,23.942048412204763,8,31.843907973511566,38.510162124796985,42.28269287927867,50.48195014090641
3930159,775f824c-cb7c-419c-a882-4e4e5c8c1001,31,Carry,24,36.225,40.629999999999995,10,39.186213160053455,52.68744462689648,13.501231466843024,43.06033696188102,48.45167879757891,26.154539948617423,13.413927599237361,4.402867378744054,4.0075382314834185,4.4754910821806995,7.7413658932255345,3.920469335414296,23.942048412204763,8,31.843907973511566,38.510162124796985,42.28269287927867,50.48195014090641
3930159,6ec48c5d-6d60-45be-a186-8121ab12d5d8,31,Pass,27,38.675000000000004,37.315,10,43.654868344412186,57.614694913977104,13.959826569564918,40.10023699935464,40.960430052433814,28.00463200486828,34.51469282592194,2.791737450616336,3.302706770934281,2.75066196666123,10.507206946786127,4.5229928966105035,30.992734273808146,9,36.45383430781223,45.7737365151571,41.444780111678874,50.642665287174715
3930159,0133ac23-6745-483d-acd0-2d8d3f41cbf4,31,Pressure,30,43.75,14.364999999999998,10,44.53106023089326,59.437433141566565,14.906372910673305,26.777468090468155,34.78639759843189,38.77008840528599,26.5693944619411,2.6951450325951,2.600327753329755,6.7848368342418635,10.819801346207413,7.070396839256041,32.64550598892082,10,37.08793803145518,47.51668361861739,29.914107397289335,45.94106441391257
3930159,19b3dfac-686a-4a45-a96b-df9c010a0f6e,31,Foul Committed,30,43.3125,12.58,10,44.01189926647875,60.09392865558374,16.08202938910499,23.261991457660773,31.74990248591058,40.02792480457583,28.11702205593628,2.375540555446214,2.4195561826357843,8.171203094086213,12.154981822697298,8.140047989232428,33.201798631847325,10,37.712034302514205,47.724154151696624,26.969187208386906,45.17079344564328
3930159,c4f98051-dd87-444d-a418-715b48058f7a,32,Pass,25,28.962500000000002,32.895,8,37.54814660622333,50.17793927737156,12.62979267114823,30.530171674301947,42.65849683562369,24.844543685887437,30.08886837801628,5.322026255244821,2.250966897567136,1.8311625097618034,12.510180244376325,10.886918556342849,25.11913344053498,8,29.29179893762621,37.11810813448504,36.716297567865716,55.647346273792685
3930159,c9006a66-8c46-4c2b-84b9-4d96562abc24,32,Ball Receipt*,27,27.3875,63.665000000000006,8,39.0621537093907,51.219097327174005,12.156943617783305,41.8128733068335,53.582062402598375,29.39181676346711,25.558821505435084,6.013430676743996,1.0608628698219045,4.429035470607253,10.384133236104834,10.894274764828005,27.38749933242798,8,30.741371379984287,39.547832458856305,46.69615633586598,54.51912878439421
3930159,6c36b2a3-1a73-4e63-bbb7-31209f7cee6f,32,Carry,27,27.3875,63.665000000000006,8,39.0621537093907,51.219097327174005,12.156943617783305,41.8128733068335,53.582062402598375,29.39181676346711,25.558821505435084,6.013430676743996,1.0608628698219045,4.429035470607253,10.384133236104834,10.894274764828005,27.38749933242798,8,30.741371379984287,39.547832458856305,46.69615633586598,54.51912878439421
3930159,3831e2b1-1898-49b8-8b9d-cb76df7cce28,33,Pass,28,27.3875,63.665000000000006,8,38.02182251325608,51.415836676547634,13.394014163291551,51.619812741318164,41.021044926399505,28.682386895772915,29.735309871914794,6.810303938392625,2.481486286407146,4.595674372200236,8.555120009128416,12.909070457740349,26.153683233258192,8,29.81943832524777,38.98321431493218,47.682532681650315,54.025012316183236
3930159,4537ac9b-2319-4a9b-bd10-93cd7969e8a5,35,Ball Receipt*,34,44.012499999999996,52.699999999999996,10,43.04520838969105,60.16224742337623,17.11703903368518,54.36606791315859,38.43712953316072,31.071982573155154,36.370073626949406,6.390097585032945,3.041117552960581,5.354314787157122,11.268221173743193,6.167797337097689,31.274095333342693,9,37.03400241670507,46.80600201529771,48.07091325747576,55.07687914868296
3930159,1f1455b2-6970-4a5e-959e-ad6c9f7c5830,35,Carry,34,44.012499999999996,52.699999999999996,10,43.04520838969105,60.16224742337623,17.11703903368518,54.36606791315859,38.43712953316072,31.071982573155154,36.370073626949406,6.390097585032945,3.041117552960581,5.354314787157122,11.268221173743193,6.167797337097689,31.274095333342693,9,37.03400241670507,46.80600201529771,48.07091325747576,55.07687914868296
3930159,bc82427c-66b5-4488-b490-030744cbf6a6,38,Pass,54,51.5375,42.5,10,42.432533713256916,58.050070799993065,15.61753708673615,43.43215308649201,33.02002903175764,25.79129745111659,39.585122401322025,6.056562915172326,2.5736409965252127,0.42960799342709066,17.287208211373148,2.3905894622523327,32.38952670592961,10,37.05102368352529,47.04512785559659,37.511029481007164,40.714691845478825
3930159,cd806beb-5c6d-40a6-9a95-8750d5db0629,38,Ball Receipt*,55,44.975,39.355,10,42.18119852586396,57.668031815218,15.486833289354038,44.00074812701244,37.87786356436965,24.329530703193992,38.79369499035303,5.930410000022987,2.4182234150185935,1.6510417423108237,13.747309822748075,11.03724428487417,32.06600265875277,10,36.578361840614384,46.66758791167054,38.57085507363048,41.34727531411852
3930159,63343495-b5c5-4af0-8d52-fb8585a4b607,38,Carry,55,44.975,39.355,10,42.18119852586396,57.668031815218,15.486833289354038,44.00074812701244,37.87786356436965,24.329530703193992,38.79369499035303,5.930410000022987,2.4182234150185935,1.6510417423108237,13.747309822748075,11.03724428487417,32.06600265875277,10,36.578361840614384,46.66758791167054,38.57085507363048,41.34727531411852
3930159,0ea695ff-ff3e-471f-8cfd-06e3e7111b83,41,Ball Receipt*,14,19.075,66.3,8,18.93212860288289,33.95379600432583,15.02166740144294,50.88721227686305,40.041932550112286,14.8935794499846,29.281268851703473,4.469118087368955,5.840357472773944,0.2843393026339811,10.343675905316736,12.697424876204039,7.689078573383593,9,15.188410043913915,24.122015553745538,50.11202880952153,43.15402792260547
3930159,47e1eb8c-fe49-4ae3-89f3-6feee11ffb27,41,Carry,14,19.075,66.3,8,18.93212860288289,33.95379600432583,15.02166740144294,50.88721227686305,40.041932550112286,14.8935794499846,29.281268851703473,4.469118087368955,5.840357472773944,0.2843393026339811,10.343675905316736,12.697424876204039,7.689078573383593,9,15.188410043913915,24.122015553745538,50.11202880952153,43.15402792260547
3930159,ac8eb844-3793-4502-afb8-080d239526fe,41,Pass,15,19.075,66.3,8,18.543901609266925,33.146082756489875,14.60218114722295,54.04280584843794,51.63408267551807,21.23754728461042,38.01702122755054,4.353143330612765,3.0546901700850664,0.28669207794456497,10.125580895448437,6.239549001159837,6.581674233010293,9,14.627129049946905,24.53372114788454,52.08218221342386,43.294988067517195
3930159,a12e7f0c-8fe6-4a1a-9c01-eda25ce6da8d,41,Ball Receipt*,17,44.449999999999996,60.35,9,25.69794767965442,44.67689698425468,18.978949304600263,49.31737697862529,56.89261562252436,35.781013237716294,17.959519492545574,5.006564477317755,6.206500824507361,2.7601453096975277,13.741722174527585,0.46922319157263814,19.548458787316935,7,26.580863978802633,33.88944758938341,58.316559380225875,18.826846742612858
3930159,13a04a46-f747-4d71-947d-4e1245a5f3e4,41,Pass,17,44.449999999999996,60.35,9,25.69794767965442,44.67689698425468,18.978949304600263,49.31737697862529,56.89261562252436,35.781013237716294,17.959519492545574,5.006564477317755,6.206500824507361,2.7601453096975277,13.741722174527585,0.46922319157263814,19.548458787316935,7,26.580863978802633,33.88944758938341,58.316559380225875,18.826846742612858
3930159,9f9489d5-7377-4111-9dab-ad30587ef75f,42,Ball Receipt*,8,42.699999999999996,53.295,8,30.066504353823074,45.565740866573925,15.499236512750851,48.20548740239373,47.34250616026933,31.282336304539637,17.659897315049705,7.276142609788702,3.7401345346827237,3.368590512212151,13.074055874038805,4.31353212681568,4.757874857985496,9,16.4372642111382,26.88054457846694,44.487961375317504,43.256390159923214
3930159,95f8222f-9e2f-4378-ab75-6eb1c498eea3,42,Pass,8,42.699999999999996,53.295,8,30.066504353823074,45.565740866573925,15.499236512750851,48.20548740239373,47.34250616026933,31.282336304539637,17.659897315049705,7.276142609788702,3.7401345346827237,3.368590512212151,13.074055874038805,4.31353212681568,4.757874857985496,9,16.4372642111382,26.88054457846694,44.487961375317504,43.256390159923214
3930159,58ff7d8e-29d1-4ec1-bb84-6d9617129341,42,Ball Receipt*,9,55.125,51.339999999999996,8,36.1504829074359,52.72883967592245,16.57835676848655,44.937095977300416,45.771723789767584,25.563535807143573,12.063815708873655,8.130648902244447,4.911061257631656,3.3840755762411447,12.266568105861374,2.7558370139551087,24.55723661285905,8,30.06687300055078,37.39168558276006,43.86523416209238,40.62296891292701
3930159,a9708c4c-180d-4e99-b484-bf484eaf7bec,42,Carry,9,55.125,51.339999999999996,8,36.1504829074359,52.72883967592245,16.57835676848655,44.937095977300416,45.771723789767584,25.563535807143573,12.063815708873655,8.130648902244447,4.911061257631656,3.3840755762411447,12.266568105861374,2.7558370139551087,24.55723661285905,8,30.06687300055078,37.39168558276006,43.86523416209238,40.62296891292701
3930159,0c591619-c52b-450b-b190-1bcb9791547f,42,Foul Won,15,49.0875,46.495000000000005,9,42.58679293164724,55.10462202658629,12.517829094939053,25.10289560006808,19.18122365240319,32.29391621985836,20.403309343931006,2.7494109653560868,4.196328350683817,6.709434956382168,11.01454226265206,3.3945848241782546,41.407310395908475,8,48.779488307663655,57.6533950195408,27.767749225003598,41.71540449643871
3930159,aa5a245f-6f12-4bcf-8cd7-70cf60bde795,42,Carry,15,49.0875,46.495000000000005,9,42.58679293164724,55.10462202658629,12.517829094939053,25.10289560006808,19.18122365240319,32.29391621985836,20.403309343931006,2.7494109653560868,4.196328350683817,6.709434956382168,11.01454226265206,3.3945848241782546,41.407310395908475,8,48.779488307663655,57.6533950195408,27.767749225003598,41.71540449643871
3930159,abf6f049-8fc4-4c70-b494-49ccc36d116c,43,Pass,11,40.775,40.8,8,43.07931044364737,59.7304605179146,16.65115007426723,38.02013911998454,34.12015585181563,27.78545245279736,8.495309480975497,7.127801846004701,1.8654543222120665,0.2243240857441009,18.215670102250062,3.6235949034169863,30.982349872240746,8,38.5050758350584,45.55494864264679,36.90557286559146,28.122376024054116
3930159,c4c8cae1-7b75-4009-8309-ec0b2f20a45e,43,Interception,16,38.5,33.915,8,41.757584627716,57.230716879115505,15.473132251399505,38.874769947993904,34.70073785992018,15.975914566472142,30.560769187258092,6.025041534675752,1.2203774070966102,0.191655995732404,10.653574863293684,7.75403098831373,35.45215346587736,10,37.81187449588907,45.31984600687598,36.775368493820714,30.802799018640414
3930159,6b0b4ea8-5e7e-4dbe-9c34-4dd4aa103071,43,Carry,16,38.5,33.915,8,41.757584627716,57.230716879115505,15.473132251399505,38.874769947993904,34.70073785992018,15.975914566472142,30.560769187258092,6.025041534675752,1.2203774070966102,0.191655995732404,10.653574863293684,7.75403098831373,35.45215346587736,10,37.81187449588907,45.31984600687598,36.775368493820714,30.802799018640414
3930159,50108f70-44f8-47ff-90dc-4d8872c8fa4c,45,Ball Receipt*,5,69.7375,47.089999999999996,10,36.329266705354996,54.328359129738715,17.99909242438372,22.111552021008983,27.82907293191613,16.85828173798111,19.531955195200876,4.666294201479277,3.953154168249368,0.2196505417970478,8.062600373142901,0.6226531082812556,27.662976200231455,10,30.764061431969434,40.256009090610014,28.653213643727078,35.11507439354056
3930159,2a3d22f6-408b-4559-a29e-194e010c3da3,45,Pass,7,10.0625,37.23,10,35.079159020852465,52.5515085304101,17.472349509557638,35.081239993837,37.96565608197923,25.70104903379301,45.695843023129044,6.975110745617543,2.7889784111625833,0.5601439809813371,14.162907010406343,9.18638955740829,10.0625,11,15.655352775195986,34.72974185849994,35.681611643373444,61.240710202845015
3930159,bb613d9e-9b71-4a21-81f6-abef672bd6d3,45,Ball Receipt*,8,12.775,47.26,9,36.23558266277054,53.7304996344329,17.494916971662363,36.9263533876842,40.37241023293888,27.577927638822068,46.37116701003537,7.12993223155008,2.7435797009710163,1.7009992357778287,14.961416398073858,10.951978483987808,9.634943975572828,11,15.151323457201942,35.615634776002544,37.76238284388403,61.249244927906965
3930159,4164639d-8571-4b2d-9a2c-db3fce056bf1,45,Carry,8,12.775,47.26,9,36.23558266277054,53.7304996344329,17.494916971662363,36.9263533876842,40.37241023293888,27.577927638822068,46.37116701003537,7.12993223155008,2.7435797009710163,1.7009992357778287,14.961416398073858,10.951978483987808,9.634943975572828,11,15.151323457201942,35.615634776002544,37.76238284388403,61.249244927906965
3930159,f640c773-45f5-4ed0-af07-2b9bdd179a89,45,Pass,9,12.775,47.26,9,34.91480529463381,52.88266435493017,17.967859060296362,38.288579509067716,42.114302684354364,26.494099970535704,46.46747203116533,7.022084337374557,2.5192022681097574,1.3712253813078306,16.103783474573632,11.894067318471357,7.281271725962153,11,13.644325375395328,34.61044519864019,38.78292608580759,61.62996699751923
3930159,1d9c9ed4-5143-4b4c-9f68-a67d932e87ec,45,Ball Receipt*,11,16.099999999999998,24.395,8,35.17319581296864,54.855214202415986,19.682018389447343,31.436125876499613,32.79048324261287,25.564435497578707,46.85155196017182,7.653039057502893,1.998253392756008,0.3986469839385478,13.4619597102499,18.614243016596692,7.52462933170116,10,15.25124430824621,34.07556802512282,31.475956131536538,60.79194130753116
3930159,185a77d8-d4a0-4d1c-828e-742cba50fe67,45,Carry,11,16.099999999999998,24.395,8,35.17319581296864,54.855214202415986,19.682018389447343,31.436125876499613,32.79048324261287,25.564435497578707,46.85155196017182,7.653039057502893,1.998253392756008,0.3986469839385478,13.4619597102499,18.614243016596692,7.52462933170116,10,15.25124430824621,34.07556802512282,31.475956131536538,60.79194130753116
3930159,4e2f672a-eda9-457d-8698-673323d3c41a,45,Ball Receipt*,20,48.387499999999996,61.029999999999994,8,42.01749012387561,55.51520693165734,13.497716807781728,48.32805240925692,47.883886272455634,45.468043512266874,37.45948690652197,9.76677255656584,1.6093677788688956,3.4645414038969307,19.1814630463739,14.557935342301775,17.937810314623462,6,34.58155021886776,40.6054974170459,53.826311425194966,38.09887115051624
3930159,e3b00c27-9dd0-44a0-a373-22aebc239476,45,Pass,20,49.612500000000004,60.52,8,43.242491459019654,56.74020826680138,13.497716807781728,47.818047221268635,47.37388108446734,45.46804351226689,37.45948690652197,9.76677255656584,1.6093677788688956,3.4645414038969236,19.181463046373906,14.557935342301775,19.162811649767505,6,35.806551554011804,41.830498752189946,53.316306237206696,38.098871150516246
3930159,8463557a-ef05-4327-b8b0-20d5bd3e3689,45,Ball Receipt*,14,49.525,48.364999999999995,8,40.10866765421845,53.301865824691966,13.193198170473515,40.218467062947425,37.472379041903174,45.02768915478083,25.91868724041329,8.084151753170705,2.3733263432121454,1.919090327142662,19.267007647479215,9.81538125047399,26.26123111673532,7,38.30498857247552,43.72460808514264,34.03760706924204,57.504947884173234
3930159,7b751a8e-50d4-4e80-8dbf-0cac6ba81807,45,Miscontrol,14,49.7875,48.364999999999995,8,40.37117032450654,53.56436849498005,13.193198170473515,40.218467062947425,37.472379041903174,45.02768915478083,25.91868724041329,8.084151753170705,2.3733263432121454,1.919090327142662,19.267007647479215,9.81538125047399,26.523733787023406,7,38.56749124276361,43.98711075543073,34.03760706924204,57.504947884173234
3930159,70aa4477-edd0-47b2-8850-c87b24fb4fa9,45,Pass,17,35.262499999999996,45.22,8,36.99811917446489,48.0202148996946,11.022095725229711,46.48398669334873,35.973888666315254,17.351830827481088,34.585492089776224,6.458166858357867,2.897407612338399,1.1915553015372709,8.469381507893914,10.480404460553004,22.680088515222113,10,29.102232452614704,38.75736003216866,37.64126313398627,41.102876344501844
3930159,349077f3-2c65-4e8a-97b9-dc3903b03869,45,Ball Receipt*,18,44.1875,52.870000000000005,9,37.402348198439825,49.901128185799806,12.498779987359981,48.15768057066972,35.99304719631984,16.508817366953664,34.403813995384795,5.557176672761743,3.6601120806766283,2.1455541513739576,6.339701336094478,9.140430660415113,24.614541928249512,10,30.18314458170251,38.879257494326026,40.67034700405178,39.66928068808788
3930159,8a6188f4-412f-4d82-ab4f-97f81eb33365,45,Carry,18,44.1875,52.870000000000005,9,37.402348198439825,49.901128185799806,12.498779987359981,48.15768057066972,35.99304719631984,16.508817366953664,34.403813995384795,5.557176672761743,3.6601120806766283,2.1455541513739576,6.339701336094478,9.140430660415113,24.614541928249512,10,30.18314458170251,38.879257494326026,40.67034700405178,39.66928068808788
3930159,138d4e66-56cf-40e0-82e4-815597789383,45,Miscontrol,18,44.1875,52.699999999999996,9,37.407479346488856,49.89743158217584,12.489952235686985,47.960960423513896,35.885596293034965,16.343552956442686,34.31904043922392,5.570844953895997,3.6587762437891365,2.1977543402150843,6.198365727251357,9.177469959140701,24.59038236024411,10,30.08918902631165,38.8103839730446,40.4064050354475,40.544896900809135
3930159,d2356e15-715a-4b35-bb76-047717a20891,45,Pass,20,40.6875,60.605,9,38.69359104891181,51.135645277837796,12.442054228925983,50.19945227171263,37.565648389313886,19.837633938757335,39.35952738114018,4.902198167147769,2.6748583566579014,4.4150279484936235,5.7405944946153795,10.583640786706333,27.48951795407499,10,31.402296385778527,39.959352331036605,42.2777001421674,44.14230542842098
3930159,7910cc71-3cea-418e-98fd-edef1b4ec96c,48,Pressure,8,37.800000000000004,35.19,10,30.426190474949443,44.63799659992919,14.211806124979745,44.87410006061791,38.808510760780045,17.058800939944362,28.514778884472253,4.761613823179825,3.980410878507513,0.36519164428144535,7.980892724969458,0.7489032311226609,24.55216026555442,10,25.516834698803844,33.586025986277825,40.37184940393346,21.582776927227663
3930159,20c02e34-ee24-4353-ab94-a223bf445d9f,49,Ball Receipt*,32,65.71249999999999,26.86,9,27.430947163709174,44.45108248682213,17.020135323112957,54.695478907406276,44.322161034389964,28.521116786559986,39.925489504019936,5.015255324617668,3.147874410051542,1.4117847690960232,15.4190473932942,5.042629360193523,4.870804572374871,11,17.507359715993232,26.02762841570219,46.079839195464274,39.46543692726131
3930159,00010fcb-257b-4d21-b643-c030bf8752f9,50,Pass,24,36.574999999999996,22.185000000000002,8,46.244381289613976,58.58003753316448,12.335656243550503,30.149032870525513,38.60616767775811,26.40058611136925,16.088543963322195,4.116407076700999,0.3143422121549616,3.996184069995305,8.276123089320023,5.756483500370777,32.53435940727503,9,37.095783522409675,46.257536621692275,33.96955468005136,46.29726340603007
3930159,07f64215-074e-4543-b81e-7f0818908ed7,51,Pass,38,25.9875,48.705,8,21.79572942161494,44.65093492731387,22.85520550569893,46.26635761937266,48.906721247795,21.201678788908637,15.151782877297848,5.120104873890223,1.3973291129075698,2.7514581326431085,7.945285305967062,1.872476379478421,1.9509836756068397,9,12.04598883415315,23.388142826236738,38.614503570632955,47.04237412263614
3930159,6292b784-f243-41ef-985c-eda937f16cc2,51,Pass,43,34.387499999999996,42.585,9,31.876491670779224,51.314083426915204,19.43759175613598,43.35843372603522,40.345196179535066,24.388205799040946,17.649424690091223,6.945423992056909,2.069226152945536,3.8031616171384144,11.525871778551767,3.6976288672678237,23.858680787579196,9,26.36151856353049,36.626788775613086,39.680621785422176,23.15669572533422
3930159,11d0fb61-8779-4c04-8520-eb3a728ba9c0,51,Ball Receipt*,45,41.9125,51.935,10,31.345863770621634,51.328757651829676,19.982893881208042,46.93025965526837,40.44848183692678,22.468292812192644,17.27015735755335,4.890052882283523,3.377242389075062,0.0751082299460748,8.83570741178707,2.792374110967941,26.31687258414776,10,29.602002036350335,38.40550498894769,43.61459424119962,27.75108825248044
3930159,83adce32-09cb-489e-b4c4-f2b7f2d82bdd,51,Carry,45,41.9125,51.935,10,31.345863770621634,51.328757651829676,19.982893881208042,46.93025965526837,40.44848183692678,22.468292812192644,17.27015735755335,4.890052882283523,3.377242389075062,0.0751082299460748,8.83570741178707,2.792374110967941,26.31687258414776,10,29.602002036350335,38.40550498894769,43.61459424119962,27.75108825248044
3930159,3a3d932e-218e-4a08-aa4e-72e5e12f911e,52,Ball Receipt*,13,59.675000000000004,33.15,10,39.214748869762005,53.95372412313857,14.738975253376566,20.5414771804352,22.400343104580166,22.901864231196086,46.040363164674964,6.388573886443246,2.083794806767572,2.3569592613755006,10.654414489716444,9.108266994814958,37.28298306104163,10,38.446331241798894,44.82951196731623,24.021704948884423,35.24832393479827
3930159,9d703187-6ca1-4055-b3e2-a8d81394097d,52,Interception,17,41.65,41.225,8,44.705782897864935,59.806198716039255,15.10041581817432,35.10304078876902,36.81918638780525,32.386398889297396,17.060037158352635,3.494844661324685,1.9323197797947442,5.8281122381626105,11.607237747880209,7.4494761904325415,36.370565799876914,8,40.29908160425449,45.755483817558584,38.23832735483452,32.77543697464824
3930159,8a4fb4fc-00a8-4643-b0f2-2ab9007b3114,52,Pressure,18,41.300000000000004,28.389999999999997,8,38.75121187665629,54.545346230945405,15.794134354289113,34.12015645063996,34.47973510488136,31.83008868520052,16.376315678134556,4.23004911299761,2.193536229479961,6.241447436526208,12.828299212261378,7.069567870657064,31.1331686892193,8,34.52509119510051,40.22699268607144,36.33861139122478,26.489350737561274
3930159,ad64be64-ffab-4ea7-a57c-410a54432250,53,Pass,13,32.375,38.675,10,41.4091360927182,55.43996292822348,14.03082683550528,32.912520466405475,42.38151619962362,25.122051753149854,45.3472752775734,4.766104364697631,1.347646953409718,2.985853537350124,12.802704222619909,4.867214334433754,26.040672234064512,7,33.392794623735575,41.03995281788003,40.50770896538562,59.828890531148545
3930159,46010060-e8b2-4878-9b86-63563eacbbbf,53,Ball Receipt*,16,43.925000000000004,66.045,10,46.6518465839622,57.57702082340284,10.925174239440643,38.791838007531474,40.254911960743314,26.786252466544564,35.679683583769275,4.40067183506381,0.648251709240923,2.954510547887395,15.35426386971093,6.27450613280697,30.266842001121965,6,39.62784095856558,45.56068512816318,50.32082817841553,54.44748508796242
3930159,63bc9d74-93eb-4786-b8d6-7832e157a70d,53,Carry,16,43.925000000000004,66.045,10,46.6518465839622,57.57702082340284,10.925174239440643,38.791838007531474,40.254911960743314,26.786252466544564,35.679683583769275,4.40067183506381,0.648251709240923,2.954510547887395,15.35426386971093,6.27450613280697,30.266842001121965,6,39.62784095856558,45.56068512816318,50.32082817841553,54.44748508796242
3930159,fe1942ea-cebd-4be2-9e3c-2caf50207f06,54,Ball Receipt*,55,49.525,66.215,8,40.89147785257724,55.30108502027853,14.409607167701289,53.90336117262014,46.81831918833939,43.87948429682344,27.4764444092421,9.615948646756227,1.229693084916906,2.4150874111103064,24.23197559708843,13.446830421962318,22.197020190280398,6,35.53276300710184,40.93269100159184,56.60099662922891,34.517256390821714
3930159,e363ed55-ceb9-44f1-8db4-a61060a1f74d,54,Carry,55,49.525,66.215,8,40.89147785257724,55.30108502027853,14.409607167701289,53.90336117262014,46.81831918833939,43.87948429682344,27.4764444092421,9.615948646756227,1.229693084916906,2.4150874111103064,24.23197559708843,13.446830421962318,22.197020190280398,6,35.53276300710184,40.93269100159184,56.60099662922891,34.517256390821714
3930159,f2fe758b-a978-4964-9d19-bebeffa72cfc,54,Miscontrol,55,49.699999999999996,66.215,8,41.83297521513337,56.13858890090102,14.305613685767653,54.3481680921068,47.08094298297164,43.38673033065906,27.055591619694127,9.477947152564251,1.2776207524751084,1.4698420060198032,25.089116823421232,13.117493049129429,23.195257157885486,6,36.47652795387636,41.80309473783521,56.98600074399931,33.33991042657438
3930159,fc5facba-b009-4fe4-8a25-e56725c35214,54,Pass,56,48.0375,67.065,8,45.51884408499724,58.64080019733023,13.121956112332988,52.736179072186914,45.77727523725219,42.75520021400149,27.59500952064781,8.878209879351505,1.7804957934391836,1.097579765026694,26.25651497367406,12.87755554804491,34.82399065713554,5,46.79869810986931,48.50372924514471,54.37957393267842,35.93227540160851
3930159,ebf1f84c-8511-496a-8bae-a38910f098b4,54,Ball Receipt*,57,53.987500000000004,57.629999999999995,8,47.18361288588616,59.45866190562364,12.27504901973748,59.42533946891648,34.22471119313289,15.018272840490347,25.19809273938685,7.842884750275294,2.1199460855437353,0.11869035981483478,7.885848068334191,8.956115804360834,32.50498039524665,6,42.36714281510869,46.32876338095979,54.7382059355736,32.432151551348774
3930159,5930d769-8148-4605-88b4-f9538079da4b,54,Pass,57,53.987500000000004,57.8,8,47.18361288588616,59.45866190562364,12.27504901973748,59.59533687492234,34.394708599138745,15.018272840490354,25.198092739386855,7.842884750275294,2.1199460855437353,0.11869035981484899,7.885848068334198,8.956115804360834,32.50498039524665,6,42.36714281510869,46.32876338095979,54.90820334157946,32.43215155134878
3930159,c42ab5f7-3eda-4234-b8d3-7e0c26f85409,54,Block,57,51.975,58.565000000000005,8,46.606717253211244,58.76441529818607,12.157698044974829,61.680520210974365,36.84256378419608,14.919287906231553,24.972227969885203,7.19999583670892,1.838572390186586,0.8128711654980165,7.201238970911376,9.000082611518373,33.084566761927206,6,42.362736379889554,45.8169327506686,56.92075166381082,31.90805055282518
3930159,d5669640-3285-4ea1-b2cb-a3fe9ebf1c15,54,Ball Receipt*,9,42.875,5.27,9,42.8649247218709,55.75828139223063,12.89335667035973,32.495653800311956,37.12263746903597,33.9208986198985,34.45275487551129,4.140549632833609,0.9564954128648595,5.047876755261093,15.943465162697342,10.725119032201764,11.276438761266942,10,23.62367418532453,38.404458660792166,36.542299561682285,52.4392112165292
3930159,68a4d352-25c9-4987-bae3-70422a210471,54,Carry,9,42.875,5.27,9,42.8649247218709,55.75828139223063,12.89335667035973,32.495653800311956,37.12263746903597,33.9208986198985,34.45275487551129,4.140549632833609,0.9564954128648595,5.047876755261093,15.943465162697342,10.725119032201764,11.276438761266942,10,23.62367418532453,38.404458660792166,36.542299561682285,52.4392112165292
3930159,03418041-bb03-42d0-9663-3104e5323a22,57,Pass,5,56.875,51.765,10,44.23919812827766,56.215049584041516,11.97585145576386,47.56992394541009,51.907654260124644,30.904173641175596,13.13348402939129,7.236841659775865,1.4357112369227805,0.09920305383261763,21.611652033846724,0.10584925126704547,34.78971395889226,9,40.42453171565535,45.929445923492366,46.85992980639536,34.291363572442066
3930159,cb99b996-5f88-4c74-a64a-00abcddc29e8,57,Ball Receipt*,5,56.35000000000001,54.91,10,45.84072682943988,57.49977434326466,11.659047513824781,47.98447640393288,49.046357324272364,31.27985149548759,10.50577883853635,7.22720154377201,1.340774592690625,0.9345878836432817,21.232631458118533,0.3932681844824586,33.784566691356844,10,38.73983257438664,46.053848506772226,47.864826839398276,35.475781033368094
3930159,64d54e56-3cfb-443d-b864-32130782df1b,57,Carry,5,56.35000000000001,54.91,10,45.84072682943988,57.49977434326466,11.659047513824781,47.98447640393288,49.046357324272364,31.27985149548759,10.50577883853635,7.22720154377201,1.340774592690625,0.9345878836432817,21.232631458118533,0.3932681844824586,33.784566691356844,10,38.73983257438664,46.053848506772226,47.864826839398276,35.475781033368094
3930159,4f2a835d-580c-4232-a4a9-c46ca76168cd,57,Miscontrol,6,56.52499999999999,55.675,10,46.015724159151794,57.674771672976576,11.659047513824781,48.74947770092995,49.811358621269434,31.27985149548759,10.50577883853635,7.22720154377201,1.340774592690625,0.9345878836432817,21.232631458118533,0.3932681844824586,33.95956402106876,10,38.91482990409855,46.22884583648414,48.629828136395346,35.475781033368094
3930159,13e7118a-ffb1-4e32-b25e-86125fe441f2,57,Pressure,6,59.85000000000001,55.92999999999999,10,44.96898432292615,57.77498661466886,12.806002291742715,42.4373502687495,49.913513178152854,39.319254613031745,12.063600495879406,9.187962194217489,1.6116012290461137,2.7105439006441756,22.62790457564201,1.0259795556433886,35.68037157908476,9,41.962167573636634,48.08284004385254,47.55256876902979,36.45996176146274
3930159,7a94d04d-930f-4ac8-880e-c25ce3087cd3,57,Ball Receipt*,9,50.050000000000004,51.425,10,41.200644969519395,57.57368290966608,16.373037940146688,46.90525586095831,42.0500378077725,30.28529224814442,32.45382852657565,6.839603000361374,2.748606273479058,0.6904273569386348,21.211471500699897,0.7298296953547414,24.344275233524733,9,34.074661964279684,44.070137137589114,40.98052095259597,52.17718747910763
3930159,e6d62f98-1cae-4628-bed9-b3d0bcfeaf6f,57,Carry,9,50.050000000000004,51.425,10,41.200644969519395,57.57368290966608,16.373037940146688,46.90525586095831,42.0500378077725,30.28529224814442,32.45382852657565,6.839603000361374,2.748606273479058,0.6904273569386348,21.211471500699897,0.7298296953547414,24.344275233524733,9,34.074661964279684,44.070137137589114,40.98052095259597,52.17718747910763
3930159,4e732d97-2124-4d11-85cc-75eb55aab025,58,Ball Receipt*,7,49.699999999999996,57.205,8,42.46726528613134,57.767651669893546,15.30038638376221,40.947050774292926,43.09964837766423,37.96108438699231,33.87798658245564,6.545832620217682,1.1020310484594353,2.2927040531910805,15.78819608508341,16.776504288207548,27.201427304418594,7,36.19699312213883,43.71953430074854,43.51632482559176,45.944655188758944
3930159,9588afdd-50b2-41c3-9603-afe1d0884656,58,Pass,7,49.699999999999996,57.205,8,42.46726528613134,57.767651669893546,15.30038638376221,40.947050774292926,43.09964837766423,37.96108438699231,33.87798658245564,6.545832620217682,1.1020310484594353,2.2927040531910805,15.78819608508341,16.776504288207548,27.201427304418594,7,36.19699312213883,43.71953430074854,43.51632482559176,45.944655188758944
3930159,ff213f12-5413-4929-bd43-919cd0f927db,58,Pressure,9,51.975,59.074999999999996,8,47.30742517427312,59.216458196672896,11.909033022399775,48.03001799425043,49.41250335472355,37.961965987689766,26.072991172745738,4.515862503121287,1.4367915076721542,0.7198330053342943,19.486304048594747,8.460415001715894,33.542365986013564,7,41.411995723501605,47.131708468943614,48.894716323621424,39.262820728544355
3930159,cf41949e-a3b8-4119-b766-7da776c43b14,58,Duel,9,52.85,60.605,8,48.21482136799058,59.14996935012402,10.935147982133437,49.278238122669414,50.35242432712011,37.47833462121892,25.02463317399946,4.045733420458101,1.9797488883847907,0.11405910082367399,20.30875521081437,8.444172305546132,35.215086412481384,7,42.49240995363898,47.765375462912274,49.72241665751352,39.68269880597262
3930159,a8fc0a48-e527-4e92-979c-095876579649,58,Ball Receipt*,13,42.35,62.05,8,43.6499939708542,59.79290055171597,16.14290658086177,52.58649592421024,51.05102765343353,21.962149281436638,17.19537094704551,7.1152424487501795,2.5714362383474922,0.5383679214417896,14.103389774157577,6.149568609415532,32.915813252033296,7,42.874971193639915,48.909986187905716,53.09551065478542,32.375425724321985
3930159,e6f279f2-2a2a-4ff8-af03-23c589c1ab91,58,Carry,13,42.35,62.05,8,43.6499939708542,59.79290055171597,16.14290658086177,52.58649592421024,51.05102765343353,21.962149281436638,17.19537094704551,7.1152424487501795,2.5714362383474922,0.5383679214417896,14.103389774157577,6.149568609415532,32.915813252033296,7,42.874971193639915,48.909986187905716,53.09551065478542,32.375425724321985
3930159,86ddb78e-a07c-4746-8af9-be57a3fb3404,58,Ball Recovery,21,38.237500000000004,27.03,8,45.9555554258758,59.914800886221734,13.959245460345933,36.95543932665183,38.92249504515164,22.83529145704783,40.15351712135986,5.732258797114364,3.1504379810463203,2.2244031915938365,8.422316087497066,10.506726924546918,37.29653411498718,10,39.74134540218515,48.7742716403165,35.96660858360686,43.89644595347489
3930159,d5c82bec-7c04-4b4a-9352-8990c50ef549,58,Carry,21,38.237500000000004,27.03,8,45.9555554258758,59.914800886221734,13.959245460345933,36.95543932665183,38.92249504515164,22.83529145704783,40.15351712135986,5.732258797114364,3.1504379810463203,2.2244031915938365,8.422316087497066,10.506726924546918,37.29653411498718,10,39.74134540218515,48.7742716403165,35.96660858360686,43.89644595347489
3930159,642028e9-a2e5-4285-bd74-283a57758d17,58,Pass,22,38.4125,26.86,8,46.14178516267659,59.83368805266117,13.691902889984576,36.50261392679512,37.78578512942587,21.712993888249525,41.1719440203934,5.402374882470865,2.437206664314055,0.5166629388019324,9.19956917300162,11.164142576302446,37.79236124416928,10,39.905864274386076,48.6857741135479,35.40500937732628,48.91714706735246
3930159,08c9aacd-1f56-4547-b5be-3674fc47195a,58,Pass,23,49.35,8.5,9,45.76472103423335,60.069448509598,14.30472747536465,30.548891399440873,36.09095239152755,36.84505838700636,33.12669035668271,4.9087750612899805,4.093147840498304,5.387019315550532,16.84390148955673,10.592067385164455,36.252995000135016,10,38.615858955464105,47.60202744498473,32.03932943106194,49.69757665830494
3930159,6c6cacbb-eb18-43d3-a777-ff62083112e8,58,Foul Won,31,68.075,9.35,9,34.33338860026187,48.688491016657316,14.355102416395447,43.21036817992499,44.849130016680114,37.69418448011598,34.19998689074792,3.332470384599758,5.563569820918481,0.1596353561174908,19.26873668841525,0.8445305255312547,31.28752796172187,7,35.59723318625146,41.31270670664178,38.613123686778856,47.720933536809405
3930159,9a86ab0b-d91c-438b-b80e-f70e418744b8,60,Pass,13,44.800000000000004,4.25,10,42.774328604633496,59.004966951085976,16.23063834645248,15.765315421848427,21.57179957640046,22.539097804947406,37.08763777695159,5.578645706276432,6.214653632194405,2.7334010166592755,8.806504021562379,8.191528732915273,32.71706624780666,6,42.534440047082235,47.95444103902579,13.302759395724692,43.33956717690166
3930159,c5265ede-f6ab-4c4c-9ba2-f0cff4055c8c,60,Ball Receipt*,19,55.737500000000004,20.994999999999997,10,38.74105048201835,56.580880303376645,17.839829821358293,12.968168403408589,21.785950241110566,28.989364430674733,34.69301465677924,4.162865548946968,3.28501556391973,2.7458508131018586,16.34933093141064,3.0129632213843713,38.52956064260371,7,45.96784453298544,51.38292269133871,19.616443825739264,47.94129152145236
3930159,9f8996b9-17f5-47af-b267-65915a542ec8,60,Pass,19,55.737500000000004,20.994999999999997,10,38.74105048201835,56.580880303376645,17.839829821358293,12.968168403408589,21.785950241110566,28.989364430674733,34.69301465677924,4.162865548946968,3.28501556391973,2.7458508131018586,16.34933093141064,3.0129632213843713,38.52956064260371,7,45.96784453298544,51.38292269133871,19.616443825739264,47.94129152145236
3930159,cdbf3ac0-2a72-4395-ac24-788afb0b831d,63,Pass,6,16.8,8.755,8,16.837709072731805,37.259705747451925,20.42199667472012,14.0953813662598,27.922826313541112,27.820344673382134,47.04444314404243,3.4555229375428826,0.5470612322885962,2.495009829436883,12.405420600273615,22.48956514168392,1.0386794840478366,9,9.963617077427017,19.69447840214522,21.31351356502519,57.39309864276763
3930159,ba915bea-f420-4c16-bee9-6fc18b4e0110,63,Ball Receipt*,7,29.050000000000004,4.335,8,19.271969793754398,37.196303101258785,17.924333307504387,10.588747962858658,25.830372624597434,29.77811545902554,44.72300128680848,3.2819730007148276,3.4726667332870833,2.4873288096622748,14.13294119942608,18.78667232608559,1.6716731050042393,9,12.257585753948527,21.380808252851082,19.805970924651092,53.17970790264322
3930159,0c2ec245-75c1-4af2-a619-cc49005774aa,63,Pass,7,29.050000000000004,4.335,8,19.271969793754398,37.196303101258785,17.924333307504387,10.588747962858658,25.830372624597434,29.77811545902554,44.72300128680848,3.2819730007148276,3.4726667332870833,2.4873288096622748,14.13294119942608,18.78667232608559,1.6716731050042393,9,12.257585753948527,21.380808252851082,19.805970924651092,53.17970790264322
3930159,46624e11-09e9-47f2-80aa-8caf3413c90f,63,Ball Receipt*,8,30.887499999999996,11.39,8,21.258284684126885,36.92561368842812,15.667329004301237,9.993781136397523,23.47257589217649,28.835066221884706,44.81563893096601,4.344254241733637,3.8139134644624137,1.3014026295910917,13.727048657444792,18.294538301037566,13.845575685168733,8,17.285270819641863,24.233446266565636,17.775630533630654,52.9525435761263
3930159,f240500b-5c82-4e66-8626-e72b1ef1fceb,63,Carry,8,30.887499999999996,11.39,8,21.258284684126885,36.92561368842812,15.667329004301237,9.993781136397523,23.47257589217649,28.835066221884706,44.81563893096601,4.344254241733637,3.8139134644624137,1.3014026295910917,13.727048657444792,18.294538301037566,13.845575685168733,8,17.285270819641863,24.233446266565636,17.775630533630654,52.9525435761263
3930159,c3d74d8a-9fdd-411c-adb5-a44968a904d6,63,Pass,9,32.4625,11.049999999999999,8,24.89727095118182,39.51613441125294,14.618863460071122,12.104661131885988,24.269182663234606,27.23338506149323,43.08639774989809,5.116394768696143,3.5747478027291355,0.29520687613728747,14.487839190290934,16.730401806128178,16.986179689932456,8,20.41034310926211,26.924624901307173,19.304131343624732,50.34361404032952
3930159,bae1d299-239c-486b-8eb9-c01f0fc6d32e,63,Pass,12,35.0875,25.415,10,36.9382499824182,50.61249697580645,13.674246993388252,18.04108479811744,29.726324081863076,16.608110598790653,38.76151717583823,6.477740825046299,3.280531375388716,0.2592280848066224,9.121217969858234,7.682466414500389,26.659733269873954,10,29.712854298299344,40.483387266693896,23.781096588789048,49.71391681552472
3930159,21f053ca-2897-4bba-b7fa-8cc3ce2148cd,63,Ball Receipt*,14,47.074999999999996,31.875,10,38.099942519274165,50.92826358072343,12.828321061449266,29.267433940151886,28.532672460347996,23.335678271631746,37.92255774336968,6.347149413716195,3.242106512667725,2.795985620596891,8.569727561958047,2.5783094568083484,27.28937496951449,10,29.9636582872398,40.47453339978999,30.107256664077546,48.84549554113093
3930159,e739acb2-76f6-4fa0-afc1-958c032fc130,63,Carry,14,47.074999999999996,31.875,10,38.099942519274165,50.92826358072343,12.828321061449266,29.267433940151886,28.532672460347996,23.335678271631746,37.92255774336968,6.347149413716195,3.242106512667725,2.795985620596891,8.569727561958047,2.5783094568083484,27.28937496951449,10,29.9636582872398,40.47453339978999,30.107256664077546,48.84549554113093
3930159,dd40f737-b1e6-4215-8fa6-34db0515f22a,63,Miscontrol,14,47.425000000000004,28.9,10,40.37818669583347,53.11402988259134,12.735843186757869,25.60493527968158,28.241403854262806,15.939546979190037,36.28913052463688,6.140661209758023,3.554074581929569,1.9375349878764077,7.265025763268692,1.5085605504464539,29.278016976628027,10,31.907525046831363,42.34632653621552,28.091200137828604,48.23648073238267
3930159,a1e787fa-2824-4cfa-8099-41612d4e4991,65,Ball Receipt*,27,49.699999999999996,63.24,9,33.30043057624975,53.720848189212035,20.420417612962282,57.4686020815715,42.99339646363499,32.73283644295528,37.236564018842216,9.386322210239122,2.7418031080974514,0.9480233021670585,18.30486221233513,8.066637112928863,18.341636374161084,6,30.442285050468854,36.35880153096027,58.22455444927621,32.88270021594963
3930159,e5212cfb-1431-4770-b5a6-10993cd6fe18,65,Pass,27,49.699999999999996,63.24,9,33.30622894677548,53.743642938401294,20.437413991625817,57.254302001427824,42.6561762312388,31.77513089182559,38.58544494842695,9.37712945575253,2.74173872035193,0.11379484958868602,18.30486221233513,9.41551804251359,18.44400866273508,6,30.467878122612355,36.37586357905594,58.22651292646654,32.8944510790916
3930159,b854ce8c-282b-45b1-9caf-53b59b48a905,65,Ball Receipt*,27,47.6875,57.205,8,42.124390269328195,55.40352500718232,13.279134737854122,53.29465097348748,33.19019505304683,31.77020577965113,23.270818052103973,8.070881328551552,2.667989675682892,0.8971969564867166,18.97233930720253,7.796077154439157,23.47350981108059,6,34.19552460806628,38.89332464305055,53.89065143695623,32.76820443736795
3930159,5729c7d7-bbd7-4889-a6cc-bf7f6c0e7d51,65,Carry,27,47.6875,57.205,8,42.124390269328195,55.40352500718232,13.279134737854122,53.29465097348748,33.19019505304683,31.77020577965113,23.270818052103973,8.070881328551552,2.667989675682892,0.8971969564867166,18.97233930720253,7.796077154439157,23.47350981108059,6,34.19552460806628,38.89332464305055,53.89065143695623,32.76820443736795
3930159,ec4aeddb-d5d8-4fcd-a81d-4ebbfc45513e,67,Pass,6,31.675000000000004,16.830000000000002,8,40.5127399843731,56.76197721843568,16.249237234062583,24.086401996413535,34.64997477183241,27.10617933224367,38.20019487550502,4.89346624660066,0.6744788527514474,2.16087160263006,9.382177324008676,11.583533312379714,28.272414471989105,9,32.956531928824496,44.177593886479094,27.062782205544178,41.526054339908875
3930159,9f505b5b-7ba3-4fbe-99fe-943db492514b,68,Ball Receipt*,40,45.15,6.545,9,44.87755232447489,60.37636884370128,15.498816519226388,45.56466954420491,45.28811483738976,54.54853245367357,39.02823366898968,7.066485492061834,1.7668516566200085,0.9442181197402562,41.372784508074965,6.270783960886533,35.471528847706985,10,35.88462164576421,44.553620537510284,47.74463805283024,38.213432251129085
3930159,bac1bc7e-ea35-46e9-89fb-ef93f3bd2799,70,Ball Receipt*,9,58.887499999999996,12.495,8,39.890617909642984,53.310743896128315,13.420125986485331,51.01303944418632,51.567657959814916,32.40639739541358,22.0355625436881,3.7998732220217724,2.16533029822588,0.5905555865055021,16.58369232854467,5.611425427036977,36.13829482903112,9,43.46718424879671,50.38004777597042,49.4654273961352,24.70426290853456
3930159,109bc327-67a3-4665-ae1f-326cbd459fe3,70,Duel,9,60.199999999999996,13.344999999999999,8,39.890617909642984,53.310743896128315,13.420125986485331,51.01303944418632,51.567657959814916,32.40639739541358,22.0355625436881,3.7998732220217724,2.16533029822588,0.5905555865055021,16.58369232854467,5.611425427036977,36.13829482903112,9,43.46718424879671,50.38004777597042,49.4654273961352,24.70426290853456
3930159,d7f6d4f1-6360-4a12-92d3-0c149a8b6efd,72,Ball Receipt*,15,43.487500000000004,12.665,8,31.279806003291206,49.30340121688496,18.02359521359375,17.089264520795346,12.846935029717821,27.709873164906536,15.383321680133431,4.743704345340565,2.8331180831970957,0.961513349641633,11.708676716420353,5.469858213032044,19.301680943676388,6,29.9760756451086,35.02258466718783,10.172754184720693,20.046484563060975
3930159,fbdf1b7c-2b18-4632-a8c7-3aec977e53cd,72,Carry,15,43.487500000000004,12.665,8,31.279806003291206,49.30340121688496,18.02359521359375,17.089264520795346,12.846935029717821,27.709873164906536,15.383321680133431,4.743704345340565,2.8331180831970957,0.961513349641633,11.708676716420353,5.469858213032044,19.301680943676388,6,29.9760756451086,35.02258466718783,10.172754184720693,20.046484563060975
3930159,9bd2e474-b81f-4da1-a1d4-92db0942da52,72,Pass,17,44.975,4.675,10,34.3788862226348,50.16415779334325,15.785271570708453,12.975964208697008,18.911630544195937,28.18801651872861,34.23994939372838,6.624583199980645,3.106115628513177,0.8512746321452322,11.074940536983789,4.741558904057618,29.52435665725477,7,38.36762652334616,43.97613500472825,11.690732146219558,48.266835970867454
3930159,0a7605cb-836c-4bd8-aa46-7e7e7117393b,72,Pressure,14,56.08749999999999,49.895,9,42.558718222001154,57.8760035553079,15.31728533330675,48.65741855131231,46.85301224462938,35.910946571035176,29.565545695504536,7.44415998289672,2.0415045909225586,0.7206506273322049,24.529742897823432,1.8163705624073856,32.04478055739037,8,38.058409625443836,46.11834495571286,47.23670298336049,41.332689301639085
3930159,2190a74e-b976-4495-8b02-d07cd749c2a1,72,Duel,14,53.9,51.425,8,45.741371292148685,57.54025318081699,11.798881888668305,49.084381173020645,46.02587517979024,35.83592426455688,28.452256067474025,6.688148693328668,0.6810446036628239,0.9469563086263406,28.648107679342697,9.24520248013014,30.817295120466838,8,36.59337745320162,44.55813833056651,47.62890801562887,41.40311953896396
3930159,bc60da9a-cefd-4084-bb3d-04d40c442f6c,73,Ball Receipt*,16,64.3125,12.665,9,41.927739325881205,61.27202635491989,19.344287029038682,13.264840886912609,14.423272677996088,40.19927705804397,21.16536976334757,5.308980863199817,5.410675581241584,0.6262408101978947,27.33501277466549,0.9983575318064286,40.49357317849635,7,42.623155552777376,49.919831434860384,16.853054439749922,37.863660997592255
3930159,ae4aa84a-1ff1-4466-88a5-8347cc126e2a,73,Pass,16,64.66250000000001,13.515,9,42.27774066102525,61.62202769006393,19.344287029038682,14.114840886912608,15.27327267799609,40.19927705804397,21.16536976334757,5.308980863199817,5.410675581241584,0.6262408101978947,27.335012774665493,0.9983575318064286,40.84357451364039,7,42.97315688792142,50.26983277000443,17.70305443974992,37.86366099759226
3930159,7bf445f7-fab5-4366-8aa7-855cc64df2fc,74,Dispossessed,18,62.21249999999999,11.985,8,40.62431322500404,57.13820579669592,16.513892571691883,57.16279801363639,48.49458326847412,21.236456977396486,28.976318643334988,5.419223290906185,2.859214191359457,0.23980074344161295,10.292074969363618,7.231528495785547,39.42992363632055,7,43.32235076712736,48.69426532584157,50.72330259750182,34.04420867812109
3930159,88e04f64-fe70-4754-8c60-650c7192b0a2,74,Ball Receipt*,7,42.262499999999996,2.04,8,47.41572326108961,57.49661998927871,10.080896728189103,14.689848972390603,19.560994232979777,21.358892891568672,39.954345700040065,3.3345347493181006,3.276233609948959,3.3044340397669067,7.135146450010369,10.54709066733,40.62656350756523,8,42.507683916446595,47.919105931395976,13.765985904320598,36.69765107729763
3930159,07ce9e5c-d174-4d24-8ba9-0a72bc0227d1,74,Carry,7,42.262499999999996,2.04,8,47.41572326108961,57.49661998927871,10.080896728189103,14.689848972390603,19.560994232979777,21.358892891568672,39.954345700040065,3.3345347493181006,3.276233609948959,3.3044340397669067,7.135146450010369,10.54709066733,40.62656350756523,8,42.507683916446595,47.919105931395976,13.765985904320598,36.69765107729763
3930159,7453c577-9edb-4028-890d-e76971b78846,75,Ball Receipt*,6,29.487500000000004,65.875,8,31.056327790414493,50.73003890845567,19.673711118041176,50.698512606734695,44.314501790480016,20.91011600034068,30.650186888810815,8.834551584135562,1.941311793200683,3.8969421873666334,6.901350795617262,9.604054442090963,18.4356071113666,9,23.035260936061135,31.02194640967169,45.99211863710556,40.35996551776562
3930159,ec9c5990-68c1-4d1b-acd6-c61a2e673ffa,75,Carry,6,29.487500000000004,65.875,8,31.056327790414493,50.73003890845567,19.673711118041176,50.698512606734695,44.314501790480016,20.91011600034068,30.650186888810815,8.834551584135562,1.941311793200683,3.8969421873666334,6.901350795617262,9.604054442090963,18.4356071113666,9,23.035260936061135,31.02194640967169,45.99211863710556,40.35996551776562
3930159,b8a00f41-ff85-43eb-addb-2a9d22523efa,75,Pass,10,32.725,56.355,8,34.79083158933595,49.76255842833294,14.971726838996986,55.558438491317574,48.914106825471585,19.16748329968968,33.741635828006,8.140161409137303,1.970219884379295,1.8905797342149242,7.150404442049783,14.961498358942393,17.017231152163806,9,23.955412296022413,32.586102947230614,49.682209352018134,42.633070263250346
3930159,ec82024a-169d-4f4b-a4b4-77858f1c80cf,75,Ball Receipt*,10,38.762499999999996,65.28,9,36.843711203489065,51.91244686502718,15.068735661538113,55.757071536311074,45.66540692650247,18.41653546687423,33.0514358011029,7.332724365281336,2.8789982052778043,1.9456264850037925,7.460261915365436,7.50478027378983,17.775978556440123,10,25.511904504406118,36.658670965668385,49.92940626104459,44.13243497935218
3930159,5326ce20-7417-42aa-abdb-739c0f807c9b,75,Carry,10,38.762499999999996,65.28,9,36.843711203489065,51.91244686502718,15.068735661538113,55.757071536311074,45.66540692650247,18.41653546687423,33.0514358011029,7.332724365281336,2.8789982052778043,1.9456264850037925,7.460261915365436,7.50478027378983,17.775978556440123,10,25.511904504406118,36.658670965668385,49.92940626104459,44.13243497935218
3930159,39a87b9f-dfa9-4304-b552-841196c9c6c8,75,Pass,11,38.762499999999996,65.28,10,37.772895715221075,52.48751038198044,14.714614666759367,55.95367498176604,46.189329344958146,19.018515727238942,33.47432360446119,6.79493049279676,2.633622081718186,1.9902785948649182,7.902513372945172,8.248298217261318,18.356892397623348,10,26.21098423273738,37.347067087556695,50.25848695053891,45.6419253732486
3930159,3a803106-f45f-470b-8a53-dab4f1475451,75,Ball Receipt*,12,32.550000000000004,66.55499999999999,9,37.751455573802424,52.63022367150232,14.878768097699897,54.22878815201712,44.475487414764686,16.92663265632207,33.40863396815213,6.377363772127701,2.049651613176304,3.1409343930172753,5.585449479443064,8.54219424340987,18.267071418195123,10,26.766120081917965,37.60640786980626,48.359809586670835,45.00476907824893
3930159,a46c7c2c-acf8-49c6-b64c-6f698360113a,75,Carry,12,32.550000000000004,66.55499999999999,9,37.751455573802424,52.63022367150232,14.878768097699897,54.22878815201712,44.475487414764686,16.92663265632207,33.40863396815213,6.377363772127701,2.049651613176304,3.1409343930172753,5.585449479443064,8.54219424340987,18.267071418195123,10,26.766120081917965,37.60640786980626,48.359809586670835,45.00476907824893
3930159,7a839238-4b71-42d9-9ddd-b5c22a39ad29,75,Pass,13,32.550000000000004,66.55499999999999,9,36.94361720445219,52.71917239674877,15.77555519229658,54.494741289352284,44.846554992658376,21.69617647758777,35.557121590662234,6.467629041254788,1.1639451080751222,0.16454421655399898,8.603017982639308,10.112642027169496,18.756141680990083,9,27.38064912441383,35.58316564111272,47.866326479537435,46.10698861096432
3930159,fa7d7e88-b7c8-43c6-85ee-8cb759a6eb7a,76,Ball Receipt*,17,66.675,13.855,9,38.65944102311379,54.62439199946128,15.964950976347488,50.26887049468276,43.40350029168709,32.57629979362164,29.76140979838352,5.3184374353617825,3.6733609913186736,3.511655158014129,15.474957602491585,3.7989754999405108,32.82691081881539,9,35.13824211247562,42.04912970703336,48.858357131828804,29.238190194018337
3930159,4abbab85-c8f9-4e2d-8e34-72198b8b7daa,77,Pass,13,35.35,51.595,8,44.26161236442168,62.39364624806766,18.13203388364598,42.940342956409864,53.08339234999894,31.382488721712615,20.27063910053711,4.4166197363981725,2.2138485614936756,2.2931572510644784,12.869305312008184,7.858032401155505,32.819533683483584,8,39.72162230909813,47.93071012906429,44.92806230603759,46.78914173038798
3930159,21428eb3-8109-48a0-b526-6cbea84a2b93,78,Dispossessed,17,62.47500000000001,67.405,9,34.86171322448725,46.100566893536694,11.238853669049448,23.852751164678406,6.856989033739867,26.022462686099928,21.551612539580056,4.505416083980145,3.0048958643787453,4.856625967624961,9.625034668292258,0.2905184556740861,31.372290218437765,9,40.40000210794285,49.9948879279917,19.774027275479707,42.7683421457353
3930159,7ee8d976-3431-45db-984e-2d8a056d082c,80,Dispossessed,5,60.89999999999999,7.734999999999999,8,41.287718852643,58.632131866844055,17.344413014201052,51.100199734904535,49.64757982627617,32.37489919867856,22.077564318557393,4.173200198977895,6.58099773075269,0.8309237887262384,17.564436645953084,5.748459485534298,37.445117810875445,10,44.01831313004727,56.03423344428543,48.1054329833835,54.24103602393774
3930159,6633a456-2378-476c-a03c-dd30a4f4c0b8,81,Dribble,5,43.8375,54.91,9,36.795663404706126,52.80186345489334,16.006200050187218,43.082364622456204,48.43285240042747,36.430305027683325,27.857734482195234,8.30755197809941,4.124385052779993,2.1639570738622567,17.63124120448709,5.1401739378400535,21.874093324382727,9,25.720964162942288,36.74591007982931,48.135795401285286,37.88430226011385
3930159,91a89190-763d-421a-abf2-85e412380c38,81,Carry,5,43.8375,54.91,9,36.795663404706126,52.80186345489334,16.006200050187218,43.082364622456204,48.43285240042747,36.430305027683325,27.857734482195234,8.30755197809941,4.124385052779993,2.1639570738622567,17.63124120448709,5.1401739378400535,21.874093324382727,9,25.720964162942288,36.74591007982931,48.135795401285286,37.88430226011385
3930159,a1a247e0-ff66-4091-a946-ef90f05ebb36,81,Pass,8,43.225,52.275,9,39.17717808564581,54.26952980978933,15.092351724143526,43.45524465061214,45.7477751451815,36.43410427212733,22.209942874480333,6.757679686653849,3.559387873543448,3.287445053974835,17.27352341563459,1.509031865331977,23.593878426911957,10,25.22366712469131,37.66047937097659,47.98486646723098,37.89596455569708
3930159,16f932dd-2b5a-485c-b2f9-71c538d5ee8d,82,Ball Recovery,7,49.0875,4.505,8,34.05328987032967,55.350161524518626,21.296871654188955,24.220765253182744,24.662533379850625,32.05255918429876,42.505383199235624,8.848758835503887,3.821821722126407,3.480861393350402,18.39596888638176,16.468918070836708,20.05706249469918,8,27.483089031266054,38.261521038396424,26.693497573772046,50.052795921888254
3930159,760533dd-ef31-4115-8fb9-b61742edc9ce,82,Carry,7,49.0875,4.505,8,34.05328987032967,55.350161524518626,21.296871654188955,24.220765253182744,24.662533379850625,32.05255918429876,42.505383199235624,8.848758835503887,3.821821722126407,3.480861393350402,18.39596888638176,16.468918070836708,20.05706249469918,8,27.483089031266054,38.261521038396424,26.693497573772046,50.052795921888254
3930159,6162f226-e122-4bb4-99de-df6483d4752e,82,Pass,8,48.737500000000004,2.635,9,33.85369546986634,54.08116548728288,20.227470017416543,26.470439505544924,19.664890295526092,27.398033090526404,44.493556149860304,8.20429622658146,6.110888600841488,2.625917795275413,14.028389172940102,1.9010121141609093,24.072875732158536,8,30.923258848218943,41.162416442577175,27.424711595923743,58.16380928417628
3930159,6137f135-3add-4c5f-b358-ca3eb88d2ae2,82,Ball Receipt*,9,50.225,9.35,9,36.05610241756022,55.15481274725672,19.0987103296965,18.316375846991768,23.901573908759893,33.89232545879519,39.16717276104258,7.964037755692486,5.329431162657562,2.47103758309931,16.72462390395429,7.519553232740201,26.684075024210177,8,33.70935637203054,43.44748531241717,24.28296284945818,57.26186137582629
3930159,61a57047-5703-4118-8c15-9aa76500e2b8,82,Carry,9,50.225,9.35,9,36.05610241756022,55.15481274725672,19.0987103296965,18.316375846991768,23.901573908759893,33.89232545879519,39.16717276104258,7.964037755692486,5.329431162657562,2.47103758309931,16.72462390395429,7.519553232740201,26.684075024210177,8,33.70935637203054,43.44748531241717,24.28296284945818,57.26186137582629
3930159,5068bc97-ca2c-4e5c-ba77-6996b45c5058,88,Foul Won,6,67.72500000000001,4.845,10,28.57766647602616,38.41030956695051,9.83264309092435,48.49212164039434,57.39840672595592,30.093371907346217,24.102734166723927,2.863426504297388,3.805227779934985,4.166991789850471,10.011547435025875,0.07191989517544073,25.020663621776748,10,30.389145466693634,39.521384948420916,52.96985326526178,36.17818227756386
3930159,e95c0bde-a6ae-4c90-97d7-f17805bfecf9,90,Ball Recovery,6,39.112500000000004,22.355,10,37.073444388913074,52.99704999441002,15.923605605496945,17.524859327869557,11.381061175899491,14.333874783751028,19.023758194803808,5.330771328501937,1.7538129383158183,1.8975100692888525,6.274666461618192,1.6902055865777026,28.91335675312998,9,32.923360376959195,41.22853714216521,18.67702327811888,41.796275258713
3930159,c1117cc3-3564-40ad-9828-fe905f3ec04b,90,Carry,6,39.112500000000004,22.355,10,37.073444388913074,52.99704999441002,15.923605605496945,17.524859327869557,11.381061175899491,14.333874783751028,19.023758194803808,5.330771328501937,1.7538129383158183,1.8975100692888525,6.274666461618192,1.6902055865777026,28.91335675312998,9,32.923360376959195,41.22853714216521,18.67702327811888,41.796275258713
3930159,372a1c29-1833-4272-b7df-426fbdd93e51,90,Pass,7,40.6,22.355,10,38.351570547530585,54.69640472063311,16.344834173102527,17.752955281473536,18.500100000597186,12.202211186365826,31.91826172102139,4.8544767542864635,2.203096838599162,0.18680419311631624,8.79914980017483,6.321040907112812,28.704968240023256,10,31.36916720218688,41.204642544137215,17.64461086548646,42.50964504326767
3930159,e40b483c-da6e-4ffb-abe7-69efcd90a62b,90,Ball Receipt*,9,37.362500000000004,41.904999999999994,10,43.34048659128521,58.050143952344854,14.70965736105964,25.997086695828227,27.239835801885295,15.077021141120575,33.19128319006745,5.5152424276909375,1.3039706718521393,1.5512892231552051,7.70999126675402,7.973636153925845,31.500047753610076,10,35.42283552247594,45.75385486627455,24.539148554629158,46.259455182139064
3930159,9674ea6f-e79e-433c-b82e-061ac469b975,90,Carry,9,37.362500000000004,41.904999999999994,10,43.34048659128521,58.050143952344854,14.70965736105964,25.997086695828227,27.239835801885295,15.077021141120575,33.19128319006745,5.5152424276909375,1.3039706718521393,1.5512892231552051,7.70999126675402,7.973636153925845,31.500047753610076,10,35.42283552247594,45.75385486627455,24.539148554629158,46.259455182139064
3930159,32a93561-c803-4fe5-8984-c90f06012f96,91,Ball Receipt*,18,40.074999999999996,13.005,8,26.100569057925487,43.40771127954404,17.30714222161855,20.064789473876942,28.083803724689258,24.338392935736017,28.86232166076547,9.030845253343296,1.21755342435159,0.3479931811964043,16.836409501350566,13.266655831763607,6.563914367171236,9,17.87046235843888,28.39367414918639,24.461691810488105,33.76245017101552
3930159,2cd8571c-c3bf-437b-8565-ba72b052e1bd,91,Pass,18,40.074999999999996,13.005,8,26.100569057925487,43.40771127954404,17.30714222161855,20.064789473876942,28.083803724689258,24.338392935736017,28.86232166076547,9.030845253343296,1.21755342435159,0.3479931811964043,16.836409501350566,13.266655831763607,6.563914367171236,9,17.87046235843888,28.39367414918639,24.461691810488105,33.76245017101552
3930159,7228302d-e48d-4aaf-a185-a2cf5862b68d,91,Pass,21,36.574999999999996,2.125,8,33.26397446210312,50.322426774098176,17.058452311995055,16.61371947085413,28.805826657953343,35.25946223957874,27.449388834345672,9.24807533127635,2.487991879104523,3.30739938292726,20.826435948727912,9.2831145974281,5.0511882746377115,9,20.939514235331828,32.87674298716782,24.28621750529372,49.29593638611593
3930159,e3e1f96c-e7d9-4364-968a-7124550659e7,91,Ball Receipt*,24,48.0375,5.27,10,39.95163367418361,57.99275647457129,18.041122800387676,14.82874196399139,23.67557715311503,29.829830987917795,30.92524909591159,7.558100606602417,4.320939862988728,2.158097131991827,21.296560974519174,7.445050640419485,20.863588758087218,10,33.916787498452095,47.07899805624395,24.730101311696085,46.8440082207482
3930159,fe30d56c-a429-4548-b7ad-fdfe5f572beb,91,Carry,24,48.0375,5.27,10,39.95163367418361,57.99275647457129,18.041122800387676,14.82874196399139,23.67557715311503,29.829830987917795,30.92524909591159,7.558100606602417,4.320939862988728,2.158097131991827,21.296560974519174,7.445050640419485,20.863588758087218,10,33.916787498452095,47.07899805624395,24.730101311696085,46.8440082207482
3930159,baeac1a0-87fb-4e62-bb26-9af3f475c69e,96,Ball Receipt*,26,49.175000000000004,45.9,10,44.25417977103501,57.58894765289885,13.33476788186384,39.43173384917679,29.445554324462158,24.534639606288568,31.118012241570835,5.296054496892647,5.534267214695433,0.18450402075675498,16.407021470021473,8.808046981464908,29.295291701763105,9,36.487122293561,46.312741272435716,32.2686509945544,39.058754621918695
3930159,d60b9c1e-3f3b-44c9-af1b-6f9eda1c2673,96,Carry,26,49.175000000000004,45.9,10,44.25417977103501,57.58894765289885,13.33476788186384,39.43173384917679,29.445554324462158,24.534639606288568,31.118012241570835,5.296054496892647,5.534267214695433,0.18450402075675498,16.407021470021473,8.808046981464908,29.295291701763105,9,36.487122293561,46.312741272435716,32.2686509945544,39.058754621918695
3930160,e0f5895a-b1d2-4608-982f-16258447709f,0,Clearance,7,24.9375,43.35,10,32.47785296441589,47.95556353413035,15.47771056971446,43.49696109782728,45.3797283601309,22.84084842138762,10.502765522237766,3.19236626255326,1.929447807240506,1.4039789633295925,9.684181317144315,0.027649833010194413,24.9375,10,27.525648671772714,34.81906700965196,41.48381624701464,21.464450656959897
3930160,13739c35-4d89-4c0d-8bd4-738d6cf74a44,0,Pressure,9,47.949999999999996,24.310000000000002,10,34.99558354685272,51.642748643806456,16.647165096953735,37.65354776919783,36.86260282103816,26.375449873073606,25.83890110499224,3.295383657827178,1.8533517366261667,1.4960071620702706,10.841367616833146,1.0319571159606298,26.369872797711018,10,29.22100272342825,38.0606266273215,35.96534457713311,30.464300351371698
3930160,222917a0-5081-4b81-b568-1342ada233b6,0,Ball Recovery,11,24.9375,21.505,10,33.093686951862665,48.66677560309189,15.573088651229227,27.930853808863702,27.98860080868809,24.31978721380144,31.170422180911395,3.7427006211703304,2.675736781651678,0.19904113793346667,10.16696958362828,6.616890558134646,23.962789867576788,10,26.249616980444138,35.77718582628164,27.5940390054236,39.077496286439384
3930160,63c5f16a-a78b-4cbb-8002-ea04d2eae653,0,Carry,11,24.9375,21.505,10,33.093686951862665,48.66677560309189,15.573088651229227,27.930853808863702,27.98860080868809,24.31978721380144,31.170422180911395,3.7427006211703304,2.675736781651678,0.19904113793346667,10.16696958362828,6.616890558134646,23.962789867576788,10,26.249616980444138,35.77718582628164,27.5940390054236,39.077496286439384
3930160,d27fc7af-4e98-4802-9302-7d6706452877,0,Pass,13,23.8,20.4,9,32.866313746780854,49.46517040150879,16.59885665472794,26.15396591410365,26.31079530052194,24.161426988741596,34.43637415727686,4.019952405486896,2.634131849855506,0.060779016642541706,11.40289419936359,4.304124651050742,22.537288786785226,10,25.92096265983519,36.795044178197955,28.736329079290527,42.50208094274659
3930160,1962865b-2d4d-4d50-a2ef-4e86516c74cf,0,Ball Receipt*,15,8.75,28.985,8,27.294088662634852,46.36942681072812,19.07533814809327,28.199517545730664,24.376172405781404,27.6784767311793,25.17905047777267,4.045543881931965,2.770442591021198,0.22157312551314945,10.95308847997655,4.412363646584435,8.75,10,14.866330711690093,28.84370317849494,29.14684461442635,53.15831318410909
3930160,dfaf2a3d-40f9-4026-9d6b-a3674c4958b7,0,Carry,15,8.75,28.985,8,27.294088662634852,46.36942681072812,19.07533814809327,28.199517545730664,24.376172405781404,27.6784767311793,25.17905047777267,4.045543881931965,2.770442591021198,0.22157312551314945,10.95308847997655,4.412363646584435,8.75,10,14.866330711690093,28.84370317849494,29.14684461442635,53.15831318410909
3930160,04fc41e2-0cee-44b3-a6c6-0bb371babdb9,0,Ball Receipt*,19,10.5,46.92,8,29.022242131414412,49.31257958480786,20.290337453393445,31.93116483762999,34.86616568690136,35.64674392093236,42.98247025413804,5.04203872380509,3.3971317669548777,1.0248292887519383,16.34317317139633,13.114642094877631,6.979044048867279,10,13.983125120825084,30.576745816071167,31.497219533881786,62.78471964468185
3930160,9cb1a06c-3ad9-4fa8-9bc6-9b8635a9353c,0,Carry,19,10.5,46.92,8,29.022242131414412,49.31257958480786,20.290337453393445,31.93116483762999,34.86616568690136,35.64674392093236,42.98247025413804,5.04203872380509,3.3971317669548777,1.0248292887519383,16.34317317139633,13.114642094877631,6.979044048867279,10,13.983125120825084,30.576745816071167,31.497219533881786,62.78471964468185
3930160,ee828c03-c81b-491e-b83a-f68bfdaa4525,0,Pass,22,15.837500000000002,46.324999999999996,10,32.6550284524434,51.762406925845376,19.107378473401972,37.43885746760785,39.33513641068585,36.24903130096708,35.041074880071164,5.979763313384605,2.647145967028794,1.606864352791682,14.098455957673742,8.973756059182435,5.202197888842667,11,17.013902215448205,35.371714636779444,35.33460475414845,62.01579782735205
3930160,544f214a-804c-4e4b-9452-5f6595878094,0,Ball Receipt*,24,19.337500000000002,18.189999999999998,10,35.302996658555195,53.245345895445695,17.9423492368905,30.38703200856269,31.185462808682985,34.30890892567491,37.51560634691403,7.063373225063039,2.64020772170485,1.3237763138073575,15.102041922949702,10.144196561780944,19.33750033378601,10,27.336209770637186,41.06039838029108,31.07180721929037,62.501438930826176
3930160,5c80393d-d320-466d-83ad-8731925dc841,0,Carry,24,19.337500000000002,18.189999999999998,10,35.302996658555195,53.245345895445695,17.9423492368905,30.38703200856269,31.185462808682985,34.30890892567491,37.51560634691403,7.063373225063039,2.64020772170485,1.3237763138073575,15.102041922949702,10.144196561780944,19.33750033378601,10,27.336209770637186,41.06039838029108,31.07180721929037,62.501438930826176
3930160,d2a0efee-2f96-4761-92fa-147f017b92e5,0,Ball Receipt*,32,15.662499999999998,29.58,10,39.8423667922071,55.58867516881709,15.746308376609988,29.305574263398476,27.831831028211205,37.93718308325059,31.83886322736678,5.869742800512743,2.608593442074889,5.861187135452788,15.392696241214878,8.091250472461553,15.66249966621399,11,27.399568407585704,43.059207010758264,31.29642540161889,61.692235779893466
3930160,3f4d1b32-786b-4d75-bd48-681d831f5b12,0,Carry,32,15.662499999999998,29.58,10,39.8423667922071,55.58867516881709,15.746308376609988,29.305574263398476,27.831831028211205,37.93718308325059,31.83886322736678,5.869742800512743,2.608593442074889,5.861187135452788,15.392696241214878,8.091250472461553,15.66249966621399,11,27.399568407585704,43.059207010758264,31.29642540161889,61.692235779893466
3930160,2095dfbd-412c-46c9-8a49-7ee21aed28c5,0,Pass,36,18.55,29.92,10,35.88217681870455,53.18282566095455,17.30064884225,29.91275072841366,28.361362304155833,37.03922655692118,35.24250317952938,6.781096464407955,1.7942240890450454,4.383138942048191,11.360878328219286,10.891550866029348,18.470815393465184,11,23.00888067856627,38.76228151901761,29.735297914799546,63.65809168971577
3930160,c03a192a-32d7-4524-9367-a6f34828dc05,0,Ball Receipt*,38,23.0125,8.33,10,38.53228090225213,55.83774179123661,17.305460888984477,25.89069601736951,23.629268954824234,36.98520413912141,35.458596052534,6.7503731608212485,1.549076853280293,2.128397676045015,12.91266326779757,9.585395633502895,16.89870141381541,10,27.574141676241155,42.040586188065674,23.832411182655882,63.40022194040277
3930160,6193a3b6-8486-4ff9-b20e-e789b6f62ee8,0,Carry,38,23.0125,8.33,10,38.53228090225213,55.83774179123661,17.305460888984477,25.89069601736951,23.629268954824234,36.98520413912141,35.458596052534,6.7503731608212485,1.549076853280293,2.128397676045015,12.91266326779757,9.585395633502895,16.89870141381541,10,27.574141676241155,42.040586188065674,23.832411182655882,63.40022194040277
3930160,e9412efd-5765-4c43-813f-33836eacea39,1,Pass,44,30.887499999999996,8.584999999999999,10,40.78905898160768,58.24423591286303,17.45517693125535,19.253058673939627,18.797487348029026,35.85219051077572,28.719699963815458,7.466812155294347,3.141130190449431,0.19240415678310185,22.410356272874242,7.426689597136299,30.555974747390096,10,35.11917794020604,46.45326730927522,21.59628240309319,59.59704481225621
3930160,6bf0a40d-18e4-468d-a566-cd17e3de0d0d,1,Ball Receipt*,46,48.9125,0.51,10,42.2095403228087,58.75629196727043,16.54675164446173,21.335666939406988,22.812055592432255,39.63570658156084,31.221631997526536,6.939306247157191,2.5578710253161527,2.729723330096288,22.80469028897067,5.695611436804974,28.490396402842006,10,35.55128347925044,46.969861779792794,26.869826684101923,59.44578714553725
3930160,9ec797ed-e892-40c9-8427-9a800aa737a9,1,Carry,46,48.9125,0.51,10,42.2095403228087,58.75629196727043,16.54675164446173,21.335666939406988,22.812055592432255,39.63570658156084,31.221631997526536,6.939306247157191,2.5578710253161527,2.729723330096288,22.80469028897067,5.695611436804974,28.490396402842006,10,35.55128347925044,46.969861779792794,26.869826684101923,59.44578714553725
3930160,5d63e3f2-2222-4ab1-99f2-04e5b24da947,2,Ball Receipt*,117,13.299999999999999,23.715,9,38.12092100325237,52.87500285374879,14.75408185049642,24.648338066158438,25.06465140059802,34.427351829162404,32.11416854875476,6.550187500227885,2.733295468349756,3.679979358842374,16.496085163037296,9.828401411657996,13.299999833106995,9,24.073632300411518,37.3549907772723,26.349468848187392,52.110614256664626
3930160,c174134d-1575-4dbc-bfc1-5571a276874b,2,Carry,117,13.299999999999999,23.715,9,38.12092100325237,52.87500285374879,14.75408185049642,24.648338066158438,25.06465140059802,34.427351829162404,32.11416854875476,6.550187500227885,2.733295468349756,3.679979358842374,16.496085163037296,9.828401411657996,13.299999833106995,9,24.073632300411518,37.3549907772723,26.349468848187392,52.110614256664626
3930160,afcc242b-cd3b-4137-b703-cf927257800b,2,Pass,119,13.9125,29.75,10,36.167882080915845,51.35124970409609,15.183367623180246,29.457601785901147,30.604896658841685,35.92666687753836,30.793425791908582,5.669328187091326,2.073618824933675,3.115735329263501,13.695047720450617,8.48331070174745,13.91249966621399,11,23.2928916992355,39.858878061708054,33.775190578481585,52.62753567822312
3930160,493a2746-e325-4f72-bfc4-fdf4c9d1d88b,2,Ball Receipt*,120,24.325,43.69,10,38.799296506455164,54.35829931034246,15.559002803887296,30.22484083881608,31.424708529275403,36.285954152745866,32.55307833817096,5.023249592079414,1.5848795216923248,5.223684307016047,13.328322464458608,9.155223984139752,14.266841992290857,11,26.017752974831915,41.67909966770275,32.019732100144104,55.19850392904472
3930160,054a1dd8-063b-42da-97e2-29d73b0699fc,2,Carry,120,24.325,43.69,10,38.799296506455164,54.35829931034246,15.559002803887296,30.22484083881608,31.424708529275403,36.285954152745866,32.55307833817096,5.023249592079414,1.5848795216923248,5.223684307016047,13.328322464458608,9.155223984139752,14.266841992290857,11,26.017752974831915,41.67909966770275,32.019732100144104,55.19850392904472
3930160,9e890989-e3e5-454a-9cb6-b2d909d902bd,2,Pass,8,7.875,37.145,8,26.969764738282322,45.09263582290839,18.12287108462607,32.913106943873466,36.91168551573836,31.69396636941887,30.747502877158084,7.50971744255608,2.931186906257617,0.43104285481357607,12.69723114743639,12.677197009820446,7.875,10,12.78098304118936,26.138929399671504,34.694833039223084,50.295091161036346
3930160,95c603fc-d95a-4915-a24a-e36f58799b56,2,Ball Receipt*,9,12.512500000000001,41.565,10,28.99869116972108,48.98740861399729,19.988717444276208,32.472716934847945,35.2334539480466,31.61727992284202,29.33505739397466,7.504894353044636,4.553697941412382,0.33057772778644434,13.778115505983859,7.292549946602026,8.419130457054901,11,14.700145314256638,30.791610894347368,33.16577000706255,51.86725649410185
3930160,67413fea-95e7-4d9d-bc15-dace98f6c4a8,2,Carry,9,12.512500000000001,41.565,10,28.99869116972108,48.98740861399729,19.988717444276208,32.472716934847945,35.2334539480466,31.61727992284202,29.33505739397466,7.504894353044636,4.553697941412382,0.33057772778644434,13.778115505983859,7.292549946602026,8.419130457054901,11,14.700145314256638,30.791610894347368,33.16577000706255,51.86725649410185
3930160,6f9bc271-a833-4eae-85e7-83d113fb3488,2,Pass,11,12.6875,41.904999999999994,10,26.17574568331953,46.934517531220976,20.758771847901446,35.750238726923534,36.55399569271778,25.273516981056833,28.57726468563799,7.230712214981949,5.628040711020607,2.981480952678382,9.050729290597847,7.128559109940809,5.141927761255598,10,13.32103776727378,26.132087197906525,35.16719847985164,54.42143874158796
3930160,c5b47fdf-0b0c-481b-a632-efd85a467e28,2,Pass,16,19.775000000000002,12.834999999999999,8,26.893417090952106,45.913633057183524,19.02021596623142,22.39426181558614,32.87154134866003,31.779414341215478,27.048830511871202,4.885686083967149,5.217165856093836,4.215839786995289,13.787628450609414,13.183380770252057,15.371916023864275,9,20.353882670603895,28.57768730211069,31.498776841072342,56.31935699709347
3930160,3c09ecf1-b44b-42dd-ad2d-6ae119e24cb2,2,Ball Receipt*,19,50.75,35.870000000000005,9,40.242395371030774,55.82088314967876,15.578487778647983,28.362700599009067,36.09894645545458,30.379877094497196,15.796475061663475,5.270247892486987,3.293936734769024,0.07776157931664684,18.00400066089222,0.7107138934768713,31.70979294517025,8,34.590135191123004,41.865672283555746,33.02088549145904,42.44928354930857
3930160,f1d50113-c507-4692-9266-864ae15faed5,2,Pass,19,50.75,35.870000000000005,9,40.242395371030774,55.82088314967876,15.578487778647983,28.362700599009067,36.09894645545458,30.379877094497196,15.796475061663475,5.270247892486987,3.293936734769024,0.07776157931664684,18.00400066089222,0.7107138934768713,31.70979294517025,8,34.590135191123004,41.865672283555746,33.02088549145904,42.44928354930857
3930160,401f76e1-bd90-4f5f-8a4a-a7c68d773e77,2,Ball Receipt*,20,56.612500000000004,38.845,9,44.46297836046449,57.8475810332191,13.38460267275461,31.79363056078073,36.58393902892186,30.64850861727163,9.864033569072788,5.146100824836367,4.397848251484509,1.4052509373598312,19.03606558134672,0.4355818350019476,36.96745348083275,8,38.89130543210723,44.90172568729824,34.86150433810032,38.484809624045866
3930160,462664b1-9ab0-4a57-9b06-35e421861a70,2,Carry,20,56.612500000000004,38.845,9,44.46297836046449,57.8475810332191,13.38460267275461,31.79363056078073,36.58393902892186,30.64850861727163,9.864033569072788,5.146100824836367,4.397848251484509,1.4052509373598312,19.03606558134672,0.4355818350019476,36.96745348083275,8,38.89130543210723,44.90172568729824,34.86150433810032,38.484809624045866
3930160,07a2613f-d2d8-4e5c-b626-ec0967ec17e1,2,Foul Won,22,54.862500000000004,35.105,9,46.6168434916746,58.11159937176052,11.494755880085918,34.05831464106311,36.49801519468766,3.3720567845808915,30.731289933346478,4.285114775292808,4.272488078556648,0.182992848460664,1.3109703631383098,5.099820770125103,45.75767075028512,8,52.49575614218418,57.176802502988544,33.3317435581304,33.10799789653021
3930160,100feae9-2d5e-48a4-a6ba-00a2aac66b33,3,Pass,14,36.4,59.925,10,44.41596275859597,58.528691045276425,14.112728286680458,52.631831014067984,51.229822189676966,21.346040472056508,32.70600899327501,6.554468895425417,1.5063369121716208,1.872397612541711,8.684860384142887,9.808099707325418,36.3581086572607,10,39.31012715160024,49.194670073896376,50.587555904654636,53.85877589667288
3930160,b05da800-86d1-4d42-a77b-a24f9ec411b2,3,Ball Receipt*,16,14.612499999999999,42.415,10,37.895975922994396,52.914436062524686,15.01846013953029,44.001711389296204,43.00077801911915,21.282597158308747,37.140088853515614,5.281453714132907,1.0654104075132793,1.1314904239983647,7.00790383906984,9.793235777887553,14.612500667572021,11,28.397459100836606,40.99715733037735,43.561497201930564,54.39837150920373
3930160,40f8484b-69a6-4fe4-94bd-20fe0898fcc9,3,Carry,16,14.612499999999999,42.415,10,37.895975922994396,52.914436062524686,15.01846013953029,44.001711389296204,43.00077801911915,21.282597158308747,37.140088853515614,5.281453714132907,1.0654104075132793,1.1314904239983647,7.00790383906984,9.793235777887553,14.612500667572021,11,28.397459100836606,40.99715733037735,43.561497201930564,54.39837150920373
3930160,07dbeb9f-2747-499d-91f9-280197aaf763,3,Pass,18,17.5,40.375,10,35.816885193295775,52.159436126735315,16.34255093343954,41.322124666704454,41.12806137123111,23.701283678150144,42.40167377285215,6.135109716559261,1.6615316227200396,2.2377116801061163,8.592769605354597,9.32344622309342,17.5,11,26.91337699057963,39.91381429952394,42.306554453434394,57.702607378839545
3930160,b24d24b3-1e19-43ad-aa38-21599e96dded,3,Ball Receipt*,19,19.8625,27.54,10,32.74177469983648,49.93612345221287,17.194348752376385,36.72888201299462,35.88290872209611,25.92066420806166,41.66867328188003,6.429061593138591,1.821799130665486,3.0033660513331597,10.236115671533383,10.241054526623572,14.322730042598787,11,22.62954046217625,36.45351309129921,39.74878365635631,63.14680140028001
3930160,3ebae950-049a-4880-a884-f7a901cdedea,3,Carry,19,19.8625,27.54,10,32.74177469983648,49.93612345221287,17.194348752376385,36.72888201299462,35.88290872209611,25.92066420806166,41.66867328188003,6.429061593138591,1.821799130665486,3.0033660513331597,10.236115671533383,10.241054526623572,14.322730042598787,11,22.62954046217625,36.45351309129921,39.74878365635631,63.14680140028001
3930160,e732d1a7-20a8-4992-bc41-749e847d718b,3,Pass,23,25.462500000000002,25.33,10,34.98652495306512,49.36875385212876,14.38222889906364,31.401480450187186,31.691437976992326,25.7564567005047,42.81304092059238,5.179972262547918,3.8045410814235123,1.3936192651197352,13.277221955102895,8.52970390030628,23.90884660383979,10,29.64700509745828,39.493843135816306,37.22793484522559,55.79129418204299
3930160,e4794598-62b9-4a4e-a83c-abbea3019d81,3,Ball Receipt*,25,19.8625,47.685,10,34.098972422943014,49.55282221567172,15.453849792728704,37.600790597256285,36.58561522851113,29.03796741285705,42.37141821403028,6.541320928136393,3.0023878516947318,0.8549297013049681,11.883953260018437,8.97709108127465,19.86250066757202,10,27.558801671117518,38.59618262562903,41.33801801528627,57.762767572858934
3930160,5f28df7f-74a2-4b11-8f96-0cc469fbf43e,3,Carry,25,19.8625,47.685,10,34.098972422943014,49.55282221567172,15.453849792728704,37.600790597256285,36.58561522851113,29.03796741285705,42.37141821403028,6.541320928136393,3.0023878516947318,0.8549297013049681,11.883953260018437,8.97709108127465,19.86250066757202,10,27.558801671117518,38.59618262562903,41.33801801528627,57.762767572858934
3930160,15fa6804-ef03-4f47-a08e-852791ae508b,3,Pass,26,24.849999999999998,50.489999999999995,10,35.818543483123065,51.33105003325241,15.512506550129345,41.11366597795674,39.96502013494817,31.069133211870124,40.321625063046724,6.620105409511015,3.253948060142264,1.073057929166822,14.000675347864686,9.03236084524444,24.84999966621399,9,32.308863672208105,41.409092408464865,43.74729848443025,57.71169396010032
3930160,ee0e7393-eec1-4af9-bf38-fcb31e200865,3,Ball Receipt*,28,37.625,64.77,10,38.711404261936316,54.660242776401994,15.948838514465677,44.68449342447123,41.7073833220751,31.536229126505738,36.98605772503001,5.868131992308725,3.07600572251334,0.43369062254102175,13.629972600700583,9.18503562233726,25.163498730554643,9,33.776726460337365,43.508919815664484,43.6225780341403,57.19043064922654
3930160,9b9cc213-69dd-43b9-922a-0aac6707e11d,3,Carry,28,37.625,64.77,10,38.711404261936316,54.660242776401994,15.948838514465677,44.68449342447123,41.7073833220751,31.536229126505738,36.98605772503001,5.868131992308725,3.07600572251334,0.43369062254102175,13.629972600700583,9.18503562233726,25.163498730554643,9,33.776726460337365,43.508919815664484,43.6225780341403,57.19043064922654
3930160,8961c1ab-fd18-4332-81f1-29984e359250,3,Ball Receipt*,30,48.2125,66.13,10,41.05319806221639,54.55971258481907,13.506514522602679,53.246948195347656,40.738458754072376,31.78764436599227,27.137127698402683,6.331259263542937,4.193339708748384,1.981968287381683,17.795457600133204,8.032311022786278,36.24572699353132,8,40.465582627385615,46.50501959541377,44.801949245915964,53.60162988695738
3930160,b47ee0d6-e7e0-4c8e-b1db-fe989812ceca,3,Carry,30,48.2125,66.13,10,41.05319806221639,54.55971258481907,13.506514522602679,53.246948195347656,40.738458754072376,31.78764436599227,27.137127698402683,6.331259263542937,4.193339708748384,1.981968287381683,17.795457600133204,8.032311022786278,36.24572699353132,8,40.465582627385615,46.50501959541377,44.801949245915964,53.60162988695738
3930160,28ae2da9-f8b1-47c9-a80e-41afa0342eca,3,Ball Receipt*,6,19.95,15.385000000000002,10,33.44543335114812,50.413562201632686,16.968128850484568,26.703425624745215,27.67953276532559,31.47754571208223,39.14972600801463,4.701036930254464,2.547671095551142,2.8953563286950192,13.26882519083663,11.266855471324327,19.215824895467637,10,25.972456863854212,39.14784967404079,26.956501612078437,55.56794722805073
3930160,11130b15-61eb-4f2d-bdea-5cfad0ecf585,3,Carry,6,19.95,15.385000000000002,10,33.44543335114812,50.413562201632686,16.968128850484568,26.703425624745215,27.67953276532559,31.47754571208223,39.14972600801463,4.701036930254464,2.547671095551142,2.8953563286950192,13.26882519083663,11.266855471324327,19.215824895467637,10,25.972456863854212,39.14784967404079,26.956501612078437,55.56794722805073
3930160,26009a30-c719-4cdc-8e66-23ed9e0a8a28,3,Pass,7,20.125,15.13,10,32.10574875488233,51.22566414659586,19.119915391713533,26.507188776479904,26.371614952683622,31.740406734735295,40.58567502326461,6.261138127934957,1.958297374335779,4.533060100799727,12.741804445712422,11.171015213472346,18.30614199612507,10,25.212592006442993,38.85461743297576,27.05895141387822,56.883980205278064
3930160,e1cba0ba-a716-49e8-8aab-83e0ff583ab3,3,Ball Receipt*,9,31.324999999999996,1.785,10,30.264699417304804,52.585727948760265,22.32102853145546,22.463644213902093,23.64235844090051,38.56174665170297,41.85873176091523,6.677622218581139,1.9637128928644658,7.038041372765367,12.487212217960945,10.70046392434476,19.050764466856172,9,27.691771210556475,40.298471114182284,23.993368570311528,56.459715189128524
3930160,5ab7a896-f194-42d1-a772-bea21221305f,3,Carry,9,31.324999999999996,1.785,10,30.264699417304804,52.585727948760265,22.32102853145546,22.463644213902093,23.64235844090051,38.56174665170297,41.85873176091523,6.677622218581139,1.9637128928644658,7.038041372765367,12.487212217960945,10.70046392434476,19.050764466856172,9,27.691771210556475,40.298471114182284,23.993368570311528,56.459715189128524
3930160,d5ff129e-b02c-4cbd-8c6a-0b39b7f28865,3,Ball Receipt*,10,44.1,2.21,10,33.49796875530383,55.35694273433338,21.85897397902955,18.991216548692098,23.9835599061582,39.29180115699605,41.94222226462715,6.9912379245976295,1.804582677778635,7.095503332790013,13.402308709901245,8.797090590706109,20.441404546595678,9,29.988792845513,42.43918963465353,21.70819016937748,56.28078200134368
3930160,1da3c9fd-7049-48d9-9bd5-937faab063c4,3,Carry,10,44.1,2.21,10,33.49796875530383,55.35694273433338,21.85897397902955,18.991216548692098,23.9835599061582,39.29180115699605,41.94222226462715,6.9912379245976295,1.804582677778635,7.095503332790013,13.402308709901245,8.797090590706109,20.441404546595678,9,29.988792845513,42.43918963465353,21.70819016937748,56.28078200134368
3930160,a455037e-c01e-4838-a6e8-d104ceef9513,6,Ball Receipt*,5,9.275,50.66,8,21.463875444205723,40.0155355332797,18.55166008907398,46.76699297474214,44.00380025370802,38.05659540465153,29.174639619133295,6.410672210213779,6.784591000971725,4.34488051626974,14.526529074079818,8.402289909459107,9.27500033378601,10,15.18118847080419,27.227719478478388,46.43706683609728,54.19553329887308
3930160,326d444a-8868-47cc-b032-f004bc8eae32,6,Carry,5,9.275,50.66,8,21.463875444205723,40.0155355332797,18.55166008907398,46.76699297474214,44.00380025370802,38.05659540465153,29.174639619133295,6.410672210213779,6.784591000971725,4.34488051626974,14.526529074079818,8.402289909459107,9.27500033378601,10,15.18118847080419,27.227719478478388,46.43706683609728,54.19553329887308
3930160,199ae467-9798-47c6-9e81-b88bdd8c32d5,6,Pass,7,7.174999999999999,48.96,9,16.47339181760057,39.73425761686531,23.260865799264735,48.15139482993565,43.076986423045476,19.823325880507355,34.3059579657383,5.793369429468969,8.542116427842338,2.091818460073661,8.101949806414375,7.763428757722458,1.5627863279050338,11,9.200275782148463,22.125745126536234,45.93542519521732,54.425256659879345
3930160,f08256ae-87cd-4aa6-93da-9c96e786d12e,6,Ball Receipt*,8,3.15,37.654999999999994,10,15.248638695960187,39.848074247224154,24.599435551263966,42.78526574984177,38.634268454310714,18.501302587122034,34.6803892196582,5.867748017836832,8.48533165956257,1.0408049630944234,8.619046540811787,8.918783680767753,3.1499999165534973,11,9.90113284175994,22.42850473906454,41.15048348182191,55.8168090163093
3930160,694a5e27-c918-4127-89f3-415e77bb975a,6,Pass,8,3.6750000000000003,38.08,10,15.773638612513684,40.37307416377765,24.599435551263966,43.21026574984177,39.05926845431072,18.50130258712204,34.68038921965821,5.867748017836832,8.48533165956257,1.0408049630944234,8.619046540811794,8.918783680767753,3.6749998331069946,11,10.426132758313438,22.953504655618037,41.57548348182192,55.81680901630929
3930160,f693a48e-c32c-409e-a1e0-fb2d45de30bf,6,Pressure,10,49.175000000000004,39.695,8,28.00672701416484,49.658493769298055,21.651766755133213,43.11534314095179,38.46495009007281,35.23393321261968,12.438457597687432,5.70148262736313,3.0444687734373845,0.3912586707892274,18.277319472014213,6.123388555016412,17.28257105622768,8,21.4614660043016,30.15256022072593,41.84473427263662,46.18847483117074
3930160,76f15741-052d-48ee-a876-b8f6712f86a6,8,Ball Receipt*,8,17.412499999999998,46.92,8,17.767706467746063,34.08196650799222,16.314260040246158,50.27348874972746,52.34813850911369,34.822502270226025,29.53658359401549,3.4661193010130846,4.897891793458609,4.351862540601346,17.65898418943778,8.393430415146803,10.093918891023444,10,16.671960355597292,22.64095260762874,52.32118560095584,39.840418368254106
3930160,bbf0483e-27ad-4878-8883-1ba13a85b3ad,8,Carry,8,17.412499999999998,46.92,8,17.767706467746063,34.08196650799222,16.314260040246158,50.27348874972746,52.34813850911369,34.822502270226025,29.53658359401549,3.4661193010130846,4.897891793458609,4.351862540601346,17.65898418943778,8.393430415146803,10.093918891023444,10,16.671960355597292,22.64095260762874,52.32118560095584,39.840418368254106
3930160,56c108e7-1fec-4d6f-81e3-bf812d3998c1,8,Pass,9,17.5,46.495000000000005,8,18.321218261764095,34.48785884319696,16.166640581432866,48.25210303913477,50.464863006127864,32.29810188497491,26.644941925402257,3.0045630261209766,4.378167431950831,2.0673017351760876,18.026296934596783,11.056441515883655,9.838854446338804,9,17.399927846790735,22.776060117560597,50.872390482140354,43.18217857678252
3930160,aedecb44-bc6d-4955-9b7d-dfeda121ed5e,8,Ball Receipt*,10,8.6625,50.489999999999995,8,17.026290726884202,33.6948294198109,16.6685386929267,48.35587889763629,51.288526284164725,29.78516501398809,27.31218343724609,3.941253595299887,4.146259126168824,0.6352765826581859,17.514958328349707,12.51372374033182,8.66249966621399,9,16.867747225801796,22.62430125101594,51.45439791732509,41.60091140073445
3930160,87882921-2619-47e4-b8c6-55152c535bf2,8,Pass,10,8.6625,50.489999999999995,8,17.026290726884202,33.634634468483966,16.608343741599764,48.35587889763629,51.31888280997517,29.78516501398809,27.31218343724609,3.941253595299887,4.225701113926316,0.6352765826581859,17.514958328349707,12.422654162900486,8.66249966621399,9,16.867747225801796,22.62430125101594,51.45439791732509,41.60091140073445
3930160,89bbff32-f66c-4aa9-aa55-cfe31787f6bb,8,Pass,16,23.974999999999998,47.26,8,26.972592719568507,43.55831707958837,16.585724360019864,40.30166743352099,46.843904995668254,28.941368876912872,17.710703547814113,4.234781988626212,1.6662313771242647,1.1314481014857165,18.420641799223166,7.8631707379636495,23.894750090651655,10,24.909081656787162,32.61447268739383,43.53021482513929,25.56600739910029
3930160,4e16dfd6-f0ee-4b9a-92eb-3310cf858fa4,8,Ball Receipt*,19,36.137499999999996,39.864999999999995,8,28.910267599586614,41.97420219631511,13.063934596728497,39.35147358842541,44.47457682614212,26.87052021617569,17.92644907948771,4.3314419081655355,2.5944388498237427,1.0167805175570805,17.898347844804377,7.613237310283637,23.38396098626343,10,25.22390694319713,32.597080850482186,42.33534808202846,23.389692384463224
3930160,1df85d47-a6cc-48d9-abde-87bfa67ec9fa,8,Pass,19,36.487500000000004,39.525,8,29.260268934730657,42.324203531459155,13.063934596728497,39.01147229142833,44.13457552914505,26.870520216175695,17.926449079487718,4.3314419081655355,2.5944388498237427,1.0167805175570876,17.898347844804373,7.613237310283637,23.73396232140747,10,25.57390827834117,32.94708218562623,41.99534678503138,23.389692384463228
3930160,634acf1b-ea87-48ee-9d6e-282eea2152ba,10,Ball Receipt*,6,67.02499999999999,55.675,8,45.03438695545068,62.87569818192088,17.841311226470204,20.718664627582058,14.644629047445187,32.61038403586946,21.084912047362366,5.247566687870519,4.950809686481577,0.18645569126694994,12.20419929162226,10.229590977187316,34.80608246353012,8,37.96502957704306,45.546134631988245,14.742243657031684,35.36387022202747
3930160,2f94d0dc-ee9c-495c-b942-6e827fe0a1a2,10,Ball Receipt*,9,61.074999999999996,61.029999999999994,10,41.11466433921454,56.57312164104705,15.45845730183251,19.177606565693385,22.208596746860664,33.441559210211004,32.83520560763698,4.468269938251461,3.1099691132852265,3.842775061749805,20.246535290230582,0.49670422517036705,32.10347777850134,10,35.68261194703799,45.16876199612698,19.977930008066746,42.68546846664244
3930160,448c5f16-2bfa-481f-9b05-6a156bc7656e,10,Pass,5,32.025,50.235,10,44.67957235199569,59.09888068193895,14.419308329943263,46.78558994076483,55.86251948234537,31.208532821070836,16.793853595425006,4.630735206736462,2.893604510878658,0.7862011262995594,15.118911450438237,1.8471456121895002,29.52079365392433,10,34.62384997477402,48.17720240339327,50.5045375182224,54.380518216121274
3930160,96a1ce41-b03f-43b9-a91f-8b2f6e5f8b52,10,Ball Receipt*,14,44.362500000000004,7.905,10,44.6111520714057,58.03511206246306,13.423959991057359,21.126361306873612,30.758095120576336,33.247082173223134,34.70864664400898,3.7857031578762315,4.454556509649854,1.6703673086581325,21.945245989697707,6.985269785466578,34.943797123082526,9,40.748584218489455,47.77914421203337,34.86949433167145,53.617363742895186
3930160,bdc18bb0-3fde-45db-9663-3b983a807545,10,Carry,14,44.362500000000004,7.905,10,44.6111520714057,58.03511206246306,13.423959991057359,21.126361306873612,30.758095120576336,33.247082173223134,34.70864664400898,3.7857031578762315,4.454556509649854,1.6703673086581325,21.945245989697707,6.985269785466578,34.943797123082526,9,40.748584218489455,47.77914421203337,34.86949433167145,53.617363742895186
3930160,9be83b86-b49d-4a58-9216-191824f4d114,12,Pass,5,33.6,58.65,10,37.378426136938664,53.60109082130416,16.222664684365498,45.69722491063982,46.10418239718848,35.90380216182094,33.252129373529485,3.132657987357504,5.613234312189029,2.1584835577408086,22.529931930027207,4.810752574083679,28.958741315667297,9,32.34620946764014,40.80743818271843,47.02958669714098,58.96536553182076
3930160,07dc4dbe-9669-41a3-82ce-7d4b673216de,12,Ball Receipt*,7,49.175000000000004,66.55499999999999,10,41.95450998856466,57.14209771520393,15.187587726639272,42.44040609988837,43.57696630548029,38.87654061482233,31.762498524356808,3.8980331363037486,4.489853584218117,3.317674041023693,24.098658947342074,5.0858807964316455,31.82232887214272,9,37.14929058458891,45.28041533441072,44.16139955080428,55.737980174221434
3930160,45a359a2-7a93-4a50-93a1-1dd55f3688f4,12,Carry,7,49.175000000000004,66.55499999999999,10,41.95450998856466,57.14209771520393,15.187587726639272,42.44040609988837,43.57696630548029,38.87654061482233,31.762498524356808,3.8980331363037486,4.489853584218117,3.317674041023693,24.098658947342074,5.0858807964316455,31.82232887214272,9,37.14929058458891,45.28041533441072,44.16139955080428,55.737980174221434
3930160,7371baeb-b842-4b64-af9d-2c50924bd50d,14,Ball Receipt*,13,57.66250000000001,56.865,9,44.89321749863639,56.74283278696562,11.849615288329232,18.41493529909397,28.349654580364,37.92278907177533,43.69270654667008,4.685396202318664,3.699566217388117,1.9328810893034216,16.504591558945037,5.0126741429748645,36.976812087842575,10,38.86147955089199,47.20541917894072,21.17572477410027,41.40252891733074
3930160,2c0fe035-a3b8-404f-ad3c-5cda9dadf7e1,14,Ball Receipt*,15,17.325,64.515,8,19.67482500480216,37.35265840186688,17.677833397064724,46.73104112449077,42.15648810430181,37.78767777859948,31.00332211903345,5.457724094161493,4.007432989689656,3.3034740896420587,17.438804385455185,10.600500273849349,8.690798795101271,8,17.192426329140577,26.370418230265784,42.245949375539055,57.973270007505484
3930160,b31e2b0a-c4bc-44d0-a799-bcc4efd1752f,14,Pass,15,15.137500000000001,64.345,8,17.983681626663618,36.132120610762975,18.148438984099357,53.36478449309188,32.59763446781596,19.211278028529087,23.312860022208003,5.637553718664109,5.926837488973416,0.05232650519962334,8.548514096683135,0.3565978167935526,7.663677927183656,9,11.615137448453748,23.39765888829169,42.08528184653813,57.93647109125645
3930160,8ebe9b9d-947d-4a13-8fd5-fddf840c5e73,14,Pass,5,12.1625,61.965,10,18.636444468653828,43.10536592622363,24.4689214575698,41.03332209815689,38.49272511711544,36.07513202560615,30.944320465162328,7.254057094396441,6.629315115799699,3.289485984513334,18.437652680710777,7.93795570365678,6.522602389656996,10,10.454732256649994,25.29213208316289,38.51745453679409,59.13063274455247
3930160,de2193dd-26f0-4717-a738-d70005e615cf,18,Dribble,13,61.77499999999999,65.79,10,39.28060270959121,44.633212981016875,5.352610271425668,35.416356941935604,18.07610385946873,36.437980755051925,37.76307567363609,2.942381988640433,1.0813721918411479,3.002651618447821,11.659302730385335,4.369815520683856,34.63347354615072,9,39.606694207450644,45.64726920830494,30.71257664312793,57.34553854792044
3930160,01126bd9-5b8b-429a-a08e-0068e3325f58,18,Pass,8,10.15,37.315,9,29.306470449578768,52.42074251461088,23.11427206503211,37.495731685611304,40.612296994940486,30.773997056039875,36.23785922253366,8.305792921408974,4.4887379444751705,0.809972529526334,12.056522367468887,7.116570579650286,10.15000033378601,10,20.466373393286247,33.85587684758623,36.80598737395401,44.96202823028942
3930160,ef2c341c-373b-4de8-8f43-b7fd7b46ed01,19,Pass,10,36.75,47.77,10,38.55187880582004,55.66396887849582,17.112090072675784,40.21542452278996,43.74370051566952,29.479343643048313,31.394289408562315,4.09441299289618,4.470772632811539,1.7670306859150742,12.248411047735196,9.726497754465662,29.615286673616133,9,36.01364185564764,45.50439338371906,45.10006537044041,57.07087665463301
3930160,aab7a7d1-c9f4-4e49-81a2-a07b69b0d140,19,Ball Receipt*,10,30.362500000000004,53.295,10,38.91363651326325,56.74005419183952,17.82641767857627,41.48499773351147,45.14769248289976,29.31995470614169,31.493774936465282,4.086333304377209,4.061049883733552,2.2184559960750008,12.686338481687677,9.406749982258372,29.212632928168343,10,31.782440934674618,44.4725130540538,43.85285444113961,54.05172554139691
3930160,bf0d2f49-5629-4a57-b7aa-e3e0d3b422c7,19,Carry,10,30.362500000000004,53.295,10,38.91363651326325,56.74005419183952,17.82641767857627,41.48499773351147,45.14769248289976,29.31995470614169,31.493774936465282,4.086333304377209,4.061049883733552,2.2184559960750008,12.686338481687677,9.406749982258372,29.212632928168343,10,31.782440934674618,44.4725130540538,43.85285444113961,54.05172554139691
3930160,c0b832d2-7a68-467f-b9ee-51bd07bf171e,19,Pass,14,20.037499999999998,31.025,10,30.434932794752818,49.56050001694522,19.1255672221924,31.847773921984846,36.564309497143746,22.070521670838396,32.70180776648577,5.663883059396091,3.0776175845058082,1.8595403779640662,8.708561209199935,6.739971874546519,20.03749966621399,9,25.65958533295442,36.495170111276536,37.26229040166462,58.07095861806688
3930160,72a60cae-fe15-4988-a7ef-acd446a52b03,19,Ball Receipt*,15,22.1375,21.59,9,28.531386290959386,48.59436999256199,20.0629837016026,34.3639768390643,39.822556190394124,23.33000537600862,35.50632181406978,5.736047815402683,3.7424075375145818,0.45513202050735657,12.319374007441354,6.144284331274136,18.006990722849352,9,23.983123534518207,34.88271318361428,41.33478998560992,63.406618606795455
3930160,2daa814f-79b0-45c8-bedf-ee59b0f0e761,19,Carry,15,22.1375,21.59,9,28.531386290959386,48.59436999256199,20.0629837016026,34.3639768390643,39.822556190394124,23.33000537600862,35.50632181406978,5.736047815402683,3.7424075375145818,0.45513202050735657,12.319374007441354,6.144284331274136,18.006990722849352,9,23.983123534518207,34.88271318361428,41.33478998560992,63.406618606795455
3930160,6fba87a0-ebcb-42ad-884c-8a0a82e8405e,19,Pass,16,24.2375,19.125,8,29.2369253519844,46.43667798854046,17.19975263655606,30.11306325869291,37.14253198637771,28.288981303277648,40.1734870296559,6.181389665821631,4.2645411364026655,0.21997207525591733,16.789305293659087,18.216994740655196,18.781732838028496,9,24.53366432178145,35.16018310342904,38.64699687642327,58.77825036696907
3930160,f23a9419-1653-474c-aaed-83d988230b6b,19,Ball Receipt*,17,37.7125,4.165,10,28.69342368011945,45.510140194117156,16.816716513997704,22.921742642204343,27.699705517898156,30.557061690723955,43.45354884631124,6.611825864031823,6.0077071726169935,1.1876312732940768,18.48072391081764,6.4867467482071355,18.023015840971222,10,22.69923042114405,35.42675544415059,32.22691690507487,56.31351496649116
3930160,53e355d6-ffdd-49b8-84ea-46cefae30861,19,Pass,17,37.275,3.145,10,28.25592368011945,45.072640194117156,16.816716513997704,21.901742601673185,26.679705477366998,30.557061690723955,43.45354884631124,6.611825864031823,6.0077071726169935,1.1876312732940768,18.48072391081764,6.4867467482071355,17.585515840971222,10,22.26173042114405,34.98925544415059,31.20691686454371,56.31351496649116
3930160,8f2617d8-4687-4c8d-a2e9-cb8f0af51b81,19,Pressure,19,55.0375,13.26,8,42.870630191046246,56.185281256199886,13.31465106515364,20.0736380827861,31.4612250508812,37.635708304128144,34.79115198280421,6.698642131981475,0.9248950222041029,6.3687119701502315,14.868353492878715,16.07297979908803,34.92999593751115,7,42.61236554928157,47.654440108802184,29.799383225275374,52.20890641515751
3930160,4cbf4279-6d2e-4aca-be4c-bdcc81d421e9,20,Ball Receipt*,18,16.712500000000002,34.425,10,41.378674401225716,55.28560703598437,13.906932634758654,39.02546935187505,41.26179966009158,33.648651509137736,27.93611576246659,7.2551481663802955,3.406487850734281,2.5530426867615503,13.378870258647385,6.856898250960498,16.71250033378601,11,31.135272145573136,45.48528474226555,40.94397833463859,51.89436180659447
3930160,d7e41eca-9354-4e1d-9e97-e2fb5aaeb8ba,20,Carry,18,16.712500000000002,34.425,10,41.378674401225716,55.28560703598437,13.906932634758654,39.02546935187505,41.26179966009158,33.648651509137736,27.93611576246659,7.2551481663802955,3.406487850734281,2.5530426867615503,13.378870258647385,6.856898250960498,16.71250033378601,11,31.135272145573136,45.48528474226555,40.94397833463859,51.89436180659447
3930160,28d886fe-dbe1-4941-b789-8377ca055ee3,20,Pass,21,17.150000000000002,34.85,10,34.20893926715367,52.02489503984284,17.815955772689172,41.45448802203032,31.345824009006495,18.709339911298976,36.13049646338776,8.662900469903278,3.3557629600721537,0.5544915997991566,8.106760299591265,6.549750189066117,17.15000033378601,11,25.390084255518516,40.67218348650578,37.1825877198119,59.39446156270957
3930160,1ca42a1c-7866-44ac-80a2-e7c963132fc5,20,Ball Receipt*,23,43.925000000000004,65.02499999999999,10,37.089023474163795,52.43105822465991,15.342034750496111,41.05369172342209,45.20903881745787,38.9336787870584,36.83842278869829,8.45632287222302,3.741198349373325,3.5867593857345597,20.73487783388914,8.708478998628884,23.51746052229392,9,36.483790081020985,45.29217729757502,42.393489002317565,55.495525187545084
3930160,f9cdba7d-10db-4a4a-99cd-268f39eecf03,20,Carry,23,43.925000000000004,65.02499999999999,10,37.089023474163795,52.43105822465991,15.342034750496111,41.05369172342209,45.20903881745787,38.9336787870584,36.83842278869829,8.45632287222302,3.741198349373325,3.5867593857345597,20.73487783388914,8.708478998628884,23.51746052229392,9,36.483790081020985,45.29217729757502,42.393489002317565,55.495525187545084
3930160,231c3004-054b-4182-b097-468a8cdf3cc0,20,Pass,28,38.324999999999996,47.26,10,41.977595019137205,53.390752678499645,11.41315765936244,44.17139003886657,45.77236143849135,25.838839517201162,29.003876890621704,4.369460612252546,3.9213368847459433,1.24794920352835,14.167739666036436,0.3839494079139598,26.68945784825793,9,36.78137734698173,45.93608978683498,44.87095258804513,48.84389714930685
3930160,1ad452a8-3ada-4e93-83cf-c70538361e49,20,Pass,49,43.3125,47.26,10,42.481844513519526,58.0731512311779,15.591306717658377,51.09216349767361,32.473980161687685,10.936123002514691,24.67337776479969,7.663213125129169,2.8568089385332684,0.2913371426328979,6.279116487828638,4.476625200584369,27.007629367550713,9,35.91002001998539,47.719514716465724,43.2475170087535,49.957777337314745
3930160,6f0fbd47-0ccc-4115-a95e-b240ed7a3f94,20,Ball Receipt*,49,38.675000000000004,50.489999999999995,10,41.671195097539126,57.77374437042917,16.102549272890045,46.335099632654234,43.78227781223089,35.094393497013456,27.289205458581485,7.449059022505611,3.202007132826837,2.2821764824527477,23.7089483686773,7.020616904793393,27.510885257784487,9,35.86831815853606,47.31940494604329,45.83533552567074,51.3538713993848
3930160,b0991d67-27d0-4bc5-ba2d-e73054c384b9,20,Pass,49,37.887499999999996,49.895,10,40.8901681570553,56.98624303528513,16.096074878229828,45.93654757185959,43.18727716373235,34.112150558493965,27.289205458581485,7.45734285590622,3.202007132826837,2.2821764824527477,22.726705430157818,7.020616904793393,26.723383922640444,9,35.08081682339202,46.53190361089925,45.24033487717222,51.35387139938479
3930160,e3853963-71c6-4270-827b-50f157e4d321,20,Ball Receipt*,51,30.362500000000004,33.065,10,40.13673126863665,56.956763970320125,16.820032701683473,43.26119850879495,44.256671080829044,34.73396898533615,27.932610587046934,6.951846244958514,2.2514594894758555,1.03929396061843,21.23639193355989,0.6236881693020067,27.86367443705957,10,32.911564120056624,45.44143951285115,43.25005605143802,54.46085099344936
3930160,24849712-67e0-4738-a121-e75ad2cc6886,20,Carry,51,30.362500000000004,33.065,10,40.13673126863665,56.956763970320125,16.820032701683473,43.26119850879495,44.256671080829044,34.73396898533615,27.932610587046934,6.951846244958514,2.2514594894758555,1.03929396061843,21.23639193355989,0.6236881693020067,27.86367443705957,10,32.911564120056624,45.44143951285115,43.25005605143802,54.46085099344936
3930160,c3cb90ab-99b1-4a7f-ad16-2e4f70bcfeb5,22,Pass,6,2.8000000000000003,17.085,8,11.377946807040491,34.94731054685803,23.569363739817536,25.801599701828728,17.765338364593113,31.364226963485873,21.147873854918757,5.175449159725584,10.11058626410898,5.053209619199379,10.289004865283033,2.024167258993959,0.9333455518326872,11,4.080022653601537,22.785074398100658,28.185578504123473,50.36710612808796
3930160,fc52951a-0366-41d3-84bf-d55592b22617,23,Ball Receipt*,10,3.4125,22.525,9,29.865756216639465,48.50650631358004,18.640750096940575,28.257612978608204,28.461069718662024,24.321466427561084,38.003002680437795,5.681960451755164,5.717338461073277,2.3551419325404623,11.720376667430749,6.65819596134029,3.4125000834465027,10,20.104916985050714,34.276075128071746,30.593125257072472,56.94361606776115
3930160,c4955045-7736-4011-8276-530bbf818925,23,Carry,10,3.4125,22.525,9,29.865756216639465,48.50650631358004,18.640750096940575,28.257612978608204,28.461069718662024,24.321466427561084,38.003002680437795,5.681960451755164,5.717338461073277,2.3551419325404623,11.720376667430749,6.65819596134029,3.4125000834465027,10,20.104916985050714,34.276075128071746,30.593125257072472,56.94361606776115
3930160,70363a85-1056-4016-9c9f-850a2e4c2354,24,Ball Recovery,5,32.4625,37.995000000000005,9,38.2842752526786,54.3628108325255,16.0785355798469,30.377641835102793,29.168728567484393,31.280605600214685,22.747111851658424,4.447276555821866,3.499531430447912,0.43363110790507164,21.97195886545191,4.445306517735119,31.501001037806503,9,33.68949192592564,41.18789801974445,29.9668839931028,33.89333604119153
3930160,7f404559-5f7b-42ec-b0f7-9b96ca22b888,24,Pass,7,37.5375,33.660000000000004,9,40.07092603965421,56.032992757161914,15.962066717507703,31.608992134990594,31.3404114528744,32.456892423178466,22.972097619531738,3.0346267565611633,3.522238541658722,0.3173677939779438,19.733597830016166,6.347512099795338,34.30133281537943,9,37.44427348445344,43.49049278030619,31.86866822989039,32.65964082435907
3930160,ceef49e6-4883-46a2-8ebf-b9c27286e84c,24,Ball Receipt*,10,56.35000000000001,61.795,8,45.716508852092645,57.96309200435987,12.246583152267227,27.73714641332844,24.328371427383242,38.38512791815251,15.225564091982738,5.385189632817924,3.3246773783304877,1.573055341177671,17.92437683973567,4.460604755920027,44.75584725212363,7,49.69835704534615,53.501168184077606,26.83904829450819,37.139219585056686
3930160,fe164fe2-c208-4aba-8931-554272c39f69,24,Duel,10,56.96249999999999,61.115,8,45.716508852092645,57.96309200435987,12.246583152267227,27.73714641332844,24.328371427383242,38.38512791815251,15.225564091982738,5.385189632817924,3.3246773783304877,1.573055341177671,17.92437683973567,4.460604755920027,44.75584725212363,7,49.69835704534615,53.501168184077606,26.83904829450819,37.139219585056686
3930160,7c3fa5f4-9c4d-4cc8-ba90-d09bcbe8dac2,24,Pass,20,24.9375,60.52,10,36.88145798308076,53.09156364278119,16.21010565970043,55.07907040701794,41.51583626550308,26.84451504188044,36.75620166065985,5.09270831606137,5.721924763509503,1.46748701295855,9.243665353793936,4.86037412044368,24.9375,9,31.57947385648608,39.9282067652414,54.79878551437306,47.930800128771466
3930160,3545b966-2541-4b91-b1e5-f35a3ee8a559,24,Ball Receipt*,22,22.4875,54.06,9,32.27791444310084,51.27042443431796,18.99250999121712,54.438297881513165,41.630612780091326,23.46301469091685,35.00785077461764,5.572368236591847,5.130946076029687,3.409458776666746,8.321337453889178,3.1131158159451964,22.48750066757202,9,29.09411204901966,37.628086927677195,52.90088088007405,48.94286215615619
3930160,543d4f0d-1807-4387-9518-ca0bfcc773a4,24,Carry,22,22.4875,54.06,9,32.27791444310084,51.27042443431796,18.99250999121712,54.438297881513165,41.630612780091326,23.46301469091685,35.00785077461764,5.572368236591847,5.130946076029687,3.409458776666746,8.321337453889178,3.1131158159451964,22.48750066757202,9,29.09411204901966,37.628086927677195,52.90088088007405,48.94286215615619
3930160,288da273-8e52-4e5a-b78d-94dd571e5381,24,Pass,22,22.4875,54.06,9,32.27791444310084,51.27042443431796,18.99250999121712,54.438297881513165,41.630612780091326,23.46301469091685,35.00785077461764,5.572368236591847,5.130946076029687,3.409458776666746,8.321337453889178,3.1131158159451964,22.48750066757202,9,29.09411204901966,37.628086927677195,52.90088088007405,48.94286215615619
3930160,cc042237-35e0-4aff-8c0b-8ea2fcefb888,24,Pass,26,2.8874999999999997,42.925,8,22.525247191011267,44.33706202126655,21.81181483025528,41.113010570701505,38.852075902403406,37.193004353213325,22.735270640649198,10.432431106753018,4.225928635991968,4.381365942001665,14.606640834226894,7.221844468860311,2.8874999582767487,9,16.348416427110827,26.88149664982275,44.20551654922694,43.33273228305507
3930160,09a4a03a-1f6e-4151-8aa4-87b0ecd3d1f2,24,Ball Receipt*,29,49.175000000000004,45.56,9,35.21916906067186,53.44193735043254,18.22276828976068,39.40366703033187,42.05399325638814,37.37832001569194,25.71293801663361,7.093432354564854,3.264332777889239,4.807807178495921,15.342898490460044,3.709301010119077,19.744573058111683,10,28.390896396714922,37.330039438148205,43.58614090461499,40.17016606225219
3930160,119fe01b-8ca0-4674-bee6-bfcd9e6ff763,24,Foul Committed,29,48.824999999999996,45.985,9,34.77162484729192,52.74629288282887,17.97466803553695,39.53468320336226,42.426913195460884,36.75424142712136,26.007695497260322,7.055928756155082,3.431652306708361,3.8141872825444025,16.234829018818548,4.281240862010954,19.74528082983858,10,28.039952213605346,36.84771543208224,44.102500062370794,39.958128201274604
3930160,bc63db6a-8100-4aa0-a5d9-b4a2414814ba,24,Dribble,12,68.16250000000001,0.595,10,28.906166540675645,41.87943446605887,12.973267925383222,50.07613548686479,54.71278790848626,29.349136605277764,33.13022136382894,2.5533676459892107,6.571041160440414,1.5196923567518326,15.384516104670261,0.2163169290364948,25.429075012840975,9,31.40346105823138,39.556054364972425,49.027409931284524,53.162250059332756
3930160,a35315fe-ac40-4e2e-8a33-6862ee4c6e91,25,Pressure,11,42.699999999999996,52.19,10,38.758906645438465,53.29274742174122,14.533840776302753,43.064701173332075,40.38484353062174,38.616199439571936,26.388985735828943,4.523836046941743,4.5926921885135705,4.89868804010419,15.558049555402839,3.662407286009376,31.495937236928178,10,35.75491790904783,42.14113801135399,43.29304777439936,33.92037974649572
3930160,aa438cfc-f947-42ab-86af-de7bf8e9f697,25,Block,12,41.475,52.19,10,37.719775147137206,51.96368616153286,14.243911014395657,44.589417399453,42.04806167974462,38.837066526735285,26.231147891834645,4.490789170337205,4.615884651311997,6.260362261658628,15.710754217112768,2.9632307806561897,30.126859688996458,10,34.40398989393269,40.86289583008871,44.76502271711553,33.64311512806425
3930160,35ad30af-036c-4512-b109-bded916dd0de,25,Ball Recovery,12,41.387499999999996,51.595,10,37.80883625038921,51.2710658659811,13.462229615591887,45.28289169767187,42.918369415758605,38.286488280825964,26.889027967566673,4.421343786219165,4.748859298783345,4.599141088573695,16.24233496863344,3.61290753082735,30.36035771304182,10,34.026727470489696,40.54719215403023,45.56572471834112,32.56960194848989
3930160,a5379bcf-6d9b-4643-ad71-e8725f0c1d1b,25,Carry,12,41.387499999999996,51.595,10,37.80883625038921,51.2710658659811,13.462229615591887,45.28289169767187,42.918369415758605,38.286488280825964,26.889027967566673,4.421343786219165,4.748859298783345,4.599141088573695,16.24233496863344,3.61290753082735,30.36035771304182,10,34.026727470489696,40.54719215403023,45.56572471834112,32.56960194848989
3930160,519440e3-8859-44f2-a1cc-32bdff2d2f8e,26,Pass,7,7.9624999999999995,30.004999999999995,9,27.234796713807384,50.04241888193282,22.807622168125434,23.37091227377477,27.06495781316809,33.93422941507588,39.585439225863915,5.96293743441819,2.269533611940649,5.482304880437308,13.620987274376809,8.242190111014363,7.962500333786011,10,13.736474313308829,28.836742706864328,24.67003617192372,55.26371501762476
3930160,ea5f1d79-ff7e-4c30-b7d8-dcb3e8d61e14,26,Ball Receipt*,9,13.0375,42.754999999999995,10,27.776185457432224,50.251920270729286,22.475734813297063,28.980138295855475,31.448426387643572,34.83553634750069,40.833298654604754,6.063276910458418,2.9175574173666,3.2205773463303267,14.767885286270939,7.801562642231531,5.483831136882077,11,14.040220063135308,31.534256603691304,29.864965366281844,58.92092009538647
3930160,e10a7500-bc2f-4583-8f70-2b4a024c5b20,26,Carry,9,13.0375,42.754999999999995,10,27.776185457432224,50.251920270729286,22.475734813297063,28.980138295855475,31.448426387643572,34.83553634750069,40.833298654604754,6.063276910458418,2.9175574173666,3.2205773463303267,14.767885286270939,7.801562642231531,5.483831136882077,11,14.040220063135308,31.534256603691304,29.864965366281844,58.92092009538647
3930160,ef7e364a-31b7-4848-a6b6-cd849632533b,26,Pass,9,14.612499999999999,44.285,10,29.446455965585507,51.557871458940504,22.111415493354997,31.436828473564145,33.11952399048066,36.34227317182197,40.63345709495221,6.087799582425369,3.1189079720751134,0.19990503873094667,16.217067791049978,7.898615531690602,14.612500667572021,10,20.933282187724533,35.48751640328301,31.201410345101436,60.77520503274747
3930160,e9b4ae6d-2e9e-44b2-b130-4669588184a3,26,Ball Receipt*,11,6.6499999999999995,33.32,10,28.65737935134289,51.151197439319375,22.493818087976486,30.390963034980718,31.68251300511682,37.929184477065704,39.50333337402862,6.928059862432156,3.4295858613741146,2.677759641670768,15.46210184682159,7.362296928213372,6.649999916553497,11,15.609300160249871,33.037592646740855,31.048020555910693,62.018205154238274
3930160,a06eca6c-7c56-4a60-a396-190940846233,26,Pass,11,6.6499999999999995,33.489999999999995,10,28.777115430320897,51.04921197202866,22.27209654170776,31.0250098346394,32.26057825223982,37.929184477065704,39.50333337402862,7.067969780032852,3.36164857810172,2.677759641670761,15.462101846821596,5.730038533715529,6.649999916553497,11,15.609300160249871,33.05984812373651,31.029709909478246,63.2423478004031
3930160,2609f64b-7972-4e9e-a22c-6835688978b5,26,Ball Receipt*,13,14.875,18.189999999999998,10,28.44432429547,50.52611324204057,22.081788946570573,31.41408293257485,30.695825563395676,36.370238655935125,42.237102668977414,6.51792396656689,3.325115934757327,2.4221001785504797,13.921546352778904,2.7891173222380488,13.80030139868008,10,20.916824568229217,35.427832151654044,31.899664824869767,63.87584770021431
3930160,34abf9e9-f69a-4541-9835-583de27cc95b,26,Carry,13,14.875,18.189999999999998,10,28.44432429547,50.52611324204057,22.081788946570573,31.41408293257485,30.695825563395676,36.370238655935125,42.237102668977414,6.51792396656689,3.325115934757327,2.4221001785504797,13.921546352778904,2.7891173222380488,13.80030139868008,10,20.916824568229217,35.427832151654044,31.899664824869767,63.87584770021431
3930160,cb548667-4683-450c-b73c-9383be3b1a66,26,Ball Receipt*,22,15.224999999999998,31.96,10,38.07211295427318,54.068692640842514,15.996579686569333,33.21848961552193,28.170164823132577,24.39967813549675,34.10611923755669,4.46203013225592,4.135826861014882,2.692169843460711,11.390864404473518,2.6146095154056272,15.22499966621399,11,28.178538248604788,42.3882846872114,32.53974532004169,60.778546350478834
3930160,c5f827b6-5a3b-495a-9dfe-9f03cb2b2eb8,26,Carry,22,15.224999999999998,31.96,10,38.07211295427318,54.068692640842514,15.996579686569333,33.21848961552193,28.170164823132577,24.39967813549675,34.10611923755669,4.46203013225592,4.135826861014882,2.692169843460711,11.390864404473518,2.6146095154056272,15.22499966621399,11,28.178538248604788,42.3882846872114,32.53974532004169,60.778546350478834
3930160,6ac58aad-16d9-47a1-b5a9-42e71fd22034,26,Pass,6,7.700000000000001,42.16,8,24.519317769466273,43.55577957242255,19.03646180295628,46.76250483103706,34.590224927252855,33.84221134276999,26.298929048186665,7.5211139485659135,4.659888028332172,2.488339910647568,13.699047279752321,11.786210003622557,7.700000166893005,8,16.734516776530374,25.08459018239408,42.87418111017939,52.38249015396493
3930160,695c61b6-6e33-41d7-b526-3707a51c7282,26,Ball Recovery,14,47.25,48.025,10,42.68888079438388,57.31701799839892,14.62813720401504,40.87238950601687,36.27784577503292,42.07308391781784,23.871936584260226,5.288013553664421,2.642390290506389,1.4755532009391956,19.56288469827167,4.16086917674027,36.63509694409397,10,39.98245988364348,47.19650131047864,38.27128452394191,39.0661181236282
3930160,9421cfe8-50ca-4b4c-bcc6-eb3f3336d1ca,26,Carry,14,47.25,48.025,10,42.68888079438388,57.31701799839892,14.62813720401504,40.87238950601687,36.27784577503292,42.07308391781784,23.871936584260226,5.288013553664421,2.642390290506389,1.4755532009391956,19.56288469827167,4.16086917674027,36.63509694409397,10,39.98245988364348,47.19650131047864,38.27128452394191,39.0661181236282
3930160,0c50c04d-02f3-43ce-9b63-73ded2d0667f,26,Pass,17,37.5375,55.334999999999994,10,41.12349092296908,57.0210998756147,15.89760895264562,48.68481415080083,42.135102048044295,36.54767153979607,28.30077135693539,5.066419151005568,4.372238058324112,3.0840754771004057,24.344866590188396,4.910664891209706,30.318414653079607,10,36.48690268737451,45.97194950211527,44.10166263991819,41.56608657652349
3930160,f12fcfa2-9ff2-42f9-a36f-8156ce813209,26,Ball Receipt*,18,30.099999999999998,60.690000000000005,10,40.44493373131206,56.52455055640767,16.079616825095606,53.01100501979423,45.20171348748801,36.945247703993914,28.953969162016847,6.177160951309686,4.301965145661999,2.807036160915146,24.92546772967636,6.634805666197735,30.100001335144043,10,35.600767362147266,46.11773075794023,47.757119638952666,44.73103715122183
3930160,3de8fe08-a5a6-4daf-94c1-a51edeaf0815,26,Carry,18,30.099999999999998,60.690000000000005,10,40.44493373131206,56.52455055640767,16.079616825095606,53.01100501979423,45.20171348748801,36.945247703993914,28.953969162016847,6.177160951309686,4.301965145661999,2.807036160915146,24.92546772967636,6.634805666197735,30.100001335144043,10,35.600767362147266,46.11773075794023,47.757119638952666,44.73103715122183
3930160,3bc127ce-d957-495c-91c6-365855647c7e,26,Pass,21,21.875,61.029999999999994,10,37.39081750314964,51.94927174738668,14.55845424423704,51.289119144558754,49.952496379419586,34.527871857254766,36.18802519145509,5.5730109676440085,4.634442789275007,1.2041668771316196,21.91607346170898,7.767921691397532,21.875,10,29.110046767153364,41.91380832685512,49.2250853164602,53.341243550398126
3930160,535b1d61-4372-47ad-a64c-a46b964ccf9d,27,Ball Receipt*,23,21.0,40.885,10,37.59775606465058,53.386906318475106,15.789150253824523,43.66431719807666,51.48855997340507,30.587512862509055,25.17192554887179,6.380734092265565,4.790701263024968,1.0966312235001041,15.884868389701612,4.828209419500986,21.0,10,30.13129877551961,42.813107474280486,44.75945923465933,60.2862141586025
3930160,1e94db67-9518-419b-8366-cd8639085358,27,Carry,23,21.0,40.885,10,37.59775606465058,53.386906318475106,15.789150253824523,43.66431719807666,51.48855997340507,30.587512862509055,25.17192554887179,6.380734092265565,4.790701263024968,1.0966312235001041,15.884868389701612,4.828209419500986,21.0,10,30.13129877551961,42.813107474280486,44.75945923465933,60.2862141586025
3930160,59d6293b-c659-4d2c-b4d1-866cca33df9e,27,Pass,25,30.537499999999998,23.63,10,40.38226427305986,56.66246803013887,16.280203757079008,32.00790687102153,38.912716218407326,37.3796637431095,20.674172076224785,6.741332241814924,4.075351961037565,2.6962361269721065,13.756514534227417,1.061164318868137,26.66141567094001,10,33.741883803958494,45.27696054185665,33.82587000349872,60.37671380512442
3930160,485250cd-a242-4e75-9ec4-d5fb344c453f,27,Ball Receipt*,27,37.012499999999996,2.04,10,37.077106895968235,52.77183388760411,15.694726991635875,28.27572603776173,31.343628238923905,46.47364186361251,34.023352047303966,5.850416446975147,2.8303430308531783,0.22853488278171596,19.951809064606334,8.815426132806092,23.409385152164283,10,30.38536833060632,40.884798204865845,32.937649403207345,59.95067695848593
3930160,e141ad34-5d02-4db2-96a4-f3789133e320,27,Carry,27,37.012499999999996,2.04,10,37.077106895968235,52.77183388760411,15.694726991635875,28.27572603776173,31.343628238923905,46.47364186361251,34.023352047303966,5.850416446975147,2.8303430308531783,0.22853488278171596,19.951809064606334,8.815426132806092,23.409385152164283,10,30.38536833060632,40.884798204865845,32.937649403207345,59.95067695848593
3930160,ad60d331-35f1-441e-ab3d-ecfc2e96fc2a,27,Pass,29,30.537499999999998,4.08,8,35.86373151679848,50.1506815000684,14.28694998326992,24.563796115103408,21.376123865905527,46.33607777220486,18.20717653548222,6.360698604655287,1.9598364422897514,3.0359500051308945,21.327033400360467,5.289982536999389,23.284458887155573,9,28.363875929718766,38.25206756583227,28.915590895831055,56.56483649693608
3930160,7962d105-78fe-4708-9260-eb2704363809,27,Ball Receipt*,31,8.487499999999999,30.770000000000003,10,31.680048684343056,48.31407690133481,16.63402821699175,28.36486952006719,33.762021812674966,40.501304511575874,36.389028762843445,7.3305037561585555,3.8118165890321083,0.7381696939544398,19.798165832989845,5.713259878337972,8.487499833106995,11,18.06103165111471,33.015367544913936,31.608953283589482,59.0011082991868
3930160,9cc1858f-b1ac-4822-85d2-e14884d17ce0,27,Carry,31,8.487499999999999,30.770000000000003,10,31.680048684343056,48.31407690133481,16.63402821699175,28.36486952006719,33.762021812674966,40.501304511575874,36.389028762843445,7.3305037561585555,3.8118165890321083,0.7381696939544398,19.798165832989845,5.713259878337972,8.487499833106995,11,18.06103165111471,33.015367544913936,31.608953283589482,59.0011082991868
3930160,d19fbeac-1d03-42e8-b986-492879c7ac32,27,Pass,32,8.3125,30.770000000000003,10,29.94001961182712,47.781644786579854,17.841625174752735,29.562999558131345,34.096533198459696,39.11559912126825,35.96145997303255,7.397590066801404,4.043600267586184,2.1194946244364523,16.901471775687945,2.791364533601538,8.3125,11,15.797086849312947,31.522797190490948,32.19510041982682,59.42202039567163
3930160,e10de0bc-0693-440f-a292-aefde7ac2d06,27,Ball Receipt*,33,16.8875,35.105,8,29.831853227303544,47.374378824771895,17.54252559746835,32.5935751572019,35.589677497448804,38.07771905235713,35.001939589782424,7.664348495561143,3.593350727587439,4.772689104335278,12.732715296851577,14.169310540602247,8.279506988405558,11,14.895706321173247,31.45196150855677,34.38222999623641,59.393811672111504
3930160,555a6e91-c314-4b6c-9c31-7b64c1ce31b5,27,Carry,33,16.8875,35.105,8,29.831853227303544,47.374378824771895,17.54252559746835,32.5935751572019,35.589677497448804,38.07771905235713,35.001939589782424,7.664348495561143,3.593350727587439,4.772689104335278,12.732715296851577,14.169310540602247,8.279506988405558,11,14.895706321173247,31.45196150855677,34.38222999623641,59.393811672111504
3930160,bf3debde-a100-4874-bf5a-1a290125869e,27,Ball Receipt*,37,17.150000000000002,23.63,10,28.443551561487652,49.688098879751536,21.244547318263884,37.4714449490842,35.758303718826554,35.51933788907111,33.990599446166044,7.764532882102281,3.748127207071434,3.2211310945112857,15.339563674707744,5.6123725413859304,13.872902665208231,10,18.254448797802052,32.19072139270272,37.84285969977306,59.836692727677125
3930160,99b07336-5b52-4cf1-a7e2-1465f61415f4,27,Carry,37,17.150000000000002,23.63,10,28.443551561487652,49.688098879751536,21.244547318263884,37.4714449490842,35.758303718826554,35.51933788907111,33.990599446166044,7.764532882102281,3.748127207071434,3.2211310945112857,15.339563674707744,5.6123725413859304,13.872902665208231,10,18.254448797802052,32.19072139270272,37.84285969977306,59.836692727677125
3930160,d65af29b-da70-4464-a73c-a79348cc94d3,27,Pass,43,23.974999999999998,20.57,10,29.514660138819817,48.38649172151554,18.871831582695723,29.78699552199485,31.16360346736767,24.699626555251633,31.09104972568417,6.773313223440182,3.7403657003688293,0.740260127419976,8.759943395532936,4.529811086860494,16.257841792823623,10,22.498895958057325,34.75013911785263,34.95961564765066,62.546870188706855
3930160,6a5cfd68-e59b-4103-be94-e8962f508f37,27,Ball Receipt*,44,44.1875,2.635,10,35.41492772949693,53.526985420176885,18.112057690679954,25.576610704463018,26.572245899838762,27.65946833375984,33.60448609345599,7.076759744194469,3.59362761867251,4.072197962131202,8.658628488012019,7.0452475781683415,22.501220081958714,10,27.827304276180236,39.64829829202214,32.19134697946815,64.28968243321648
3930160,15d41e0f-fc96-4e82-9dda-25d4b478d70d,27,Carry,44,44.1875,2.635,10,35.41492772949693,53.526985420176885,18.112057690679954,25.576610704463018,26.572245899838762,27.65946833375984,33.60448609345599,7.076759744194469,3.59362761867251,4.072197962131202,8.658628488012019,7.0452475781683415,22.501220081958714,10,27.827304276180236,39.64829829202214,32.19134697946815,64.28968243321648
3930160,4d955aac-b742-42e5-aecf-e5419d52721c,27,Ball Receipt*,53,20.3875,51.68,9,35.4104589930227,53.99281937679887,18.58236038377617,35.99160881437893,34.940904645672354,33.7802546321362,32.94824405121783,7.254723852197374,4.42164062630724,3.2559795182685285,13.671750586850987,2.053446641729657,10.81484253061443,11,20.47233276556744,36.68499144926,37.15502538011677,61.28132468924041
3930160,ff7a1edb-be46-46b1-bdda-8871f4e8a0e3,27,Carry,53,20.3875,51.68,9,35.4104589930227,53.99281937679887,18.58236038377617,35.99160881437893,34.940904645672354,33.7802546321362,32.94824405121783,7.254723852197374,4.42164062630724,3.2559795182685285,13.671750586850987,2.053446641729657,10.81484253061443,11,20.47233276556744,36.68499144926,37.15502538011677,61.28132468924041
3930160,572985f5-232e-4502-852f-79e61402a787,27,Pass,54,22.1375,52.955,10,36.21895906691999,54.26998411014805,18.05102504322806,39.54357384790628,39.80390602822204,35.44299461717948,32.49256830393675,6.850197979583925,5.058784971241654,6.284143197096398,15.005319595570423,6.461918559796999,22.13749933242798,9,32.69640338853138,41.95787411856117,40.90911742493514,57.44853682905281
3930160,79cacbee-a3c8-44e9-9ae3-5b6abbbb44a4,27,Ball Receipt*,56,33.074999999999996,53.464999999999996,10,35.864632464675125,53.29869796234204,17.434065497666914,45.42525546323567,45.12139852850494,36.494884997121005,32.69319316787348,6.715749979134879,5.688813008223067,4.707025897828672,17.28800405147889,1.9331733208199608,21.219167769083747,9,32.10421547974944,41.36773686028055,45.97415207779663,58.37987621522133
3930160,567e03ab-265c-4d8a-9971-752bf50d4d2b,27,Carry,56,33.074999999999996,53.464999999999996,10,35.864632464675125,53.29869796234204,17.434065497666914,45.42525546323567,45.12139852850494,36.494884997121005,32.69319316787348,6.715749979134879,5.688813008223067,4.707025897828672,17.28800405147889,1.9331733208199608,21.219167769083747,9,32.10421547974944,41.36773686028055,45.97415207779663,58.37987621522133
3930160,e95f6d34-1ea9-41d4-a70f-5139626c92f0,27,Pass,65,27.825,26.689999999999998,10,38.08032700070913,52.3065145222734,14.22618752156427,38.9715917754334,33.57074039006119,32.66080813855764,39.58445876631172,7.452251451326012,3.263784487255818,3.506573521034298,11.276987386465834,7.214510189658128,25.724045356084073,10,27.96064544857763,42.79497067970641,38.35448096550561,58.80433524359282
3930160,ebf0ab1f-d1aa-4f2e-854a-937d1c252fb8,27,Pass,71,34.2125,25.16,10,42.080580434171665,57.81304924078759,15.732468806615927,32.684404527921785,34.931510072481046,33.62254947553707,27.140422241500044,7.492807813614595,3.6778171726490645,0.5313021193724836,13.104679628493185,4.35723085278407,28.808329555283198,10,33.03380283269199,46.79992991580575,33.71027249422082,60.33768561931563
3930160,0dae2cd4-e9c3-45f0-98ec-98be67e3458f,27,Ball Receipt*,72,33.074999999999996,14.194999999999999,10,42.911171978355995,57.782723654010624,14.87155167565463,30.558656225442935,33.53159980013466,35.13502881235674,26.74624636743266,7.101518683777561,3.343082412508352,2.6129682172079,11.475043819769713,2.809081979029994,27.94503366713814,10,34.375860755696834,47.13350244971016,31.812591128617036,59.717045587754896
3930160,08ff3357-93dd-4cca-a09b-f707b2d228f6,27,Carry,72,33.074999999999996,14.194999999999999,10,42.911171978355995,57.782723654010624,14.87155167565463,30.558656225442935,33.53159980013466,35.13502881235674,26.74624636743266,7.101518683777561,3.343082412508352,2.6129682172079,11.475043819769713,2.809081979029994,27.94503366713814,10,34.375860755696834,47.13350244971016,31.812591128617036,59.717045587754896
3930160,1e8b9b50-f08c-4078-abae-99debe1eac0e,27,Pass,74,36.137499999999996,8.245,10,44.14729585002804,57.633010772256746,13.48571492222871,19.216838360711844,33.95985239894536,31.572010132015482,19.664725664999306,6.256818255211453,4.320888634998513,0.9242703350971695,12.291541257651318,2.1149455458082542,28.85191579222151,10,35.631583226606395,47.03954533997569,26.377145858665862,60.2407499718974
3930160,8377f3f5-7909-4097-a505-c2a512aea511,27,Ball Receipt*,75,44.1875,14.194999999999999,10,41.885224206036696,55.760048615268374,13.874824409231678,21.17559382690319,36.544207160446696,31.27155262682906,20.564694209891567,5.362765188474716,4.192545585938556,0.20270502389788447,12.750637700549966,2.2259868234383617,27.33948430457332,10,33.79395154621601,44.947332836084556,28.178162155709458,58.5585844143815
3930160,67dc5b04-63ec-4e44-894f-dc2b1497c0b2,27,Carry,75,44.1875,14.194999999999999,10,41.885224206036696,55.760048615268374,13.874824409231678,21.17559382690319,36.544207160446696,31.27155262682906,20.564694209891567,5.362765188474716,4.192545585938556,0.20270502389788447,12.750637700549966,2.2259868234383617,27.33948430457332,10,33.79395154621601,44.947332836084556,28.178162155709458,58.5585844143815
3930160,cb0e4379-1f89-409d-b5b5-f6349606801f,27,Pass,75,43.137499999999996,11.135,10,41.8876771257394,55.7378757492133,13.8501986234739,19.379786346707668,34.97421872473458,30.271551763047654,21.139366363037965,5.006276117882512,3.7652557501844313,2.7557038374690777,12.54737260040228,2.3348444794427223,27.70755794859969,10,33.770525844967544,45.25356280576407,26.753814638193433,59.3095092239454
3930160,ab6e7943-04b6-4621-a845-6d2c31b5500f,27,Ball Receipt*,76,43.75,3.23,10,41.007438509850395,54.83869678189718,13.831258272046782,17.798254829207938,33.783480864719515,31.003943673368155,21.69160109890193,4.624583176025068,3.3907137237840934,4.710639740862341,12.664862891317828,2.893912181172759,27.552638607449055,10,33.07574159250643,44.873656522095374,25.57093536481319,62.359738708322936
3930160,772abbbd-3217-463b-ab8d-611b17cd46f2,27,Carry,76,43.75,3.23,10,41.007438509850395,54.83869678189718,13.831258272046782,17.798254829207938,33.783480864719515,31.003943673368155,21.69160109890193,4.624583176025068,3.3907137237840934,4.710639740862341,12.664862891317828,2.893912181172759,27.552638607449055,10,33.07574159250643,44.873656522095374,25.57093536481319,62.359738708322936
3930160,72fb4a5b-caa3-49bb-a532-8887ed986829,27,Pass,76,43.574999999999996,2.635,10,40.526950519043694,54.38139574838008,13.854445229336385,17.221185021268756,32.86538109342857,31.77796833888669,21.29278690284572,4.4467270392662925,3.219107396619186,4.363258634733549,13.1978286373559,2.5122679757361652,27.168535613825245,10,32.751267599332785,44.548840435059574,24.67759653210731,60.514462608868875
3930160,0359f125-bfda-4bca-a9db-4fa05a43634a,27,Ball Receipt*,78,31.5,6.034999999999999,10,39.56189106257426,52.137457681622145,12.575566619047883,17.63788888624348,32.61750576496103,29.168264380171102,23.707637865918443,4.4174481190177035,2.556733087847601,4.34541457106381,11.893188431754254,2.184603777883737,26.25573894034871,10,31.246952206444824,43.179773894305406,24.85945808213091,57.31323925217944
3930160,88b4001d-90aa-4d82-9a69-90c6e8b6d0ae,27,Carry,78,31.5,6.034999999999999,10,39.56189106257426,52.137457681622145,12.575566619047883,17.63788888624348,32.61750576496103,29.168264380171102,23.707637865918443,4.4174481190177035,2.556733087847601,4.34541457106381,11.893188431754254,2.184603777883737,26.25573894034871,10,31.246952206444824,43.179773894305406,24.85945808213091,57.31323925217944
3930160,7ab97958-9652-4a4d-90e3-850f1b066cbf,27,Pass,79,31.5,5.695,10,39.570794620748615,52.3646285390564,12.793833918307783,16.69808525305968,30.991902285250102,26.368823286870043,22.959438612718877,5.312342009650731,2.723161672099296,1.1672650192708023,11.023485817550938,0.31013815686817026,25.81941122649846,10,30.859819454386436,43.308712178521255,23.442858432550416,58.00578875068387
3930160,b1256fa4-7141-4b16-acfc-ccedf7651a00,30,Ball Receipt*,9,29.75,10.455,10,38.84183740470582,53.36650400220841,14.524666597502588,19.916317177705313,15.692368027038595,34.14215923395032,21.909687873933684,4.378065028691192,4.0649352190896435,1.7238626975151625,17.744354951240993,0.715781990024162,25.19646098708632,10,31.774434528967433,41.73785418625637,22.27710370484863,58.96024668480763
3930160,5d7cd3f3-a1d3-4b5d-9118-331437111ae9,30,Carry,9,29.75,10.455,10,38.84183740470582,53.36650400220841,14.524666597502588,19.916317177705313,15.692368027038595,34.14215923395032,21.909687873933684,4.378065028691192,4.0649352190896435,1.7238626975151625,17.744354951240993,0.715781990024162,25.19646098708632,10,31.774434528967433,41.73785418625637,22.27710370484863,58.96024668480763
3930160,0f85455e-9a31-4f95-8b2c-cacc3eb13654,30,Pass,5,30.012499999999996,0.935,10,29.857579220885263,43.706504088133244,13.84892486724798,9.752589315169361,8.901798542575337,24.325716380553303,17.077712525727186,2.9603863234562993,4.199276327487099,1.4980473276205242,14.124378343403189,0.8561506945448327,21.429719254599455,10,24.253526900581406,32.04325038121924,16.426227980714405,51.62204128889821
3930160,e733641c-1bef-4bf5-a558-28837e003a7d,33,Ball Receipt*,5,42.0875,64.25999999999999,10,32.5274003451306,46.228457252042205,13.701056906911603,55.73417337873978,46.463841519381944,31.81853037545958,35.456187391068426,2.907283117784978,7.504659170492509,0.2634861496651695,21.632063541768858,7.325862594309392,23.419308860310238,9,27.914642919195714,36.10817316696341,47.115547196308384,46.719232810007824
3930160,6580c5ab-e0ab-4031-8364-d6b2e2a290c3,33,Carry,5,42.0875,64.25999999999999,10,32.5274003451306,46.228457252042205,13.701056906911603,55.73417337873978,46.463841519381944,31.81853037545958,35.456187391068426,2.907283117784978,7.504659170492509,0.2634861496651695,21.632063541768858,7.325862594309392,23.419308860310238,9,27.914642919195714,36.10817316696341,47.115547196308384,46.719232810007824
3930160,8a02fb40-f8b0-4dde-a281-0d87706f7b75,33,Pass,6,38.5,65.45,9,32.38337084855155,48.51137484824755,16.128003999696,54.09576268605182,47.80157002136688,30.34807861069941,35.26259417976216,2.779192732667958,5.47958393146915,0.22955956265921174,18.649740594605113,8.190363247987278,22.106415625620617,9,26.660362567403762,34.799249429652136,47.96527728417941,46.59771520090101
3930160,38492a57-e73d-4915-9a1b-f89d89b701ae,37,Ball Receipt*,9,14.087500000000002,43.095,8,14.179699133459724,35.19449131085409,21.014792177394366,29.37948336143348,32.213682965951556,25.408217032985892,40.165936332859886,6.507848890065928,5.83587002127289,1.1922954639833776,13.775028144761581,16.1290254240948,1.154309405878056,8,14.79258908140012,23.349382675444673,32.16591922062972,54.38694846428455
3930160,3793e6cb-7412-45f7-805b-1fec7bd4a3be,37,Carry,9,14.087500000000002,43.095,8,14.179699133459724,35.19449131085409,21.014792177394366,29.37948336143348,32.213682965951556,25.408217032985892,40.165936332859886,6.507848890065928,5.83587002127289,1.1922954639833776,13.775028144761581,16.1290254240948,1.154309405878056,8,14.79258908140012,23.349382675444673,32.16591922062972,54.38694846428455
3930160,4c598339-7438-418b-a4d5-095f1f9896bf,37,Pass,11,24.849999999999998,51.254999999999995,9,27.5075974270144,49.15886140827971,21.651263981265313,33.46115503281028,38.9832636464599,34.228540298709724,37.77420481096133,5.094851677553527,6.437639863515031,0.3095543386023678,15.940681367995037,0.5446342378360782,24.84999966621399,8,29.531485170055646,36.97128921542918,38.49968871334743,50.23711105029033
3930160,b32c1222-f9cd-49fd-8af3-b512dbb1d61e,37,Ball Receipt*,12,31.675000000000004,65.19500000000001,9,31.805080636147856,52.000775416490676,20.19569478034282,46.669444816561395,32.23265327779512,36.16422178356262,23.253412339673428,3.696318989191659,7.10192828251875,2.567246854040093,15.366227380318598,2.687147905590109,30.049769331816712,8,33.006399562962194,40.2932607205923,42.532427584373224,49.35682791084446
3930160,d85e0e22-2ed6-4ca1-b7bb-a178e74a72a3,37,Carry,12,31.675000000000004,65.19500000000001,9,31.805080636147856,52.000775416490676,20.19569478034282,46.669444816561395,32.23265327779512,36.16422178356262,23.253412339673428,3.696318989191659,7.10192828251875,2.567246854040093,15.366227380318598,2.687147905590109,30.049769331816712,8,33.006399562962194,40.2932607205923,42.532427584373224,49.35682791084446
3930160,2170aa75-eaa4-46b7-bf72-895ac98be036,37,Pass,13,31.150000000000002,64.68499999999999,9,32.06451531040652,52.220231741838376,20.155716431431856,47.85382917043208,31.767967330589144,37.992965438567545,24.10526308412476,2.630261851764987,6.459978839797681,3.974362661223033,15.245905729019583,5.088648899224584,30.39960055084965,8,32.95893907987253,40.58721337032188,42.34671433076373,49.05216234369987
3930160,b34876a3-2940-4138-b2ce-12b983fc259b,37,Ball Receipt*,14,32.4625,56.865,9,32.22592251098229,50.91849528552236,18.692572774540068,54.25239764635116,37.986575414580294,34.780501660995874,24.578855962834467,2.325764100122252,5.37995165559532,2.4405291496346564,16.27412383680221,6.194676032725411,25.214884000325004,9,28.22666211821679,37.837605851256704,46.7459166750067,46.915095093457154
3930160,30b5cbda-97e9-45a3-843b-050fce241ea8,37,Pass,14,32.4625,56.865,9,32.22592251098229,50.91849528552236,18.692572774540068,54.25239764635116,37.986575414580294,34.780501660995874,24.578855962834467,2.325764100122252,5.37995165559532,2.4405291496346564,16.27412383680221,6.194676032725411,25.214884000325004,9,28.22666211821679,37.837605851256704,46.7459166750067,46.915095093457154
3930160,6638d0e2-b80e-4415-aea7-53ad89ee134a,37,Ball Receipt*,15,42.4375,64.515,9,37.997586179928184,53.62018120381728,15.622595023889097,57.890709208769316,41.28079352400426,31.428038075260396,26.74443168048898,2.451236110280711,5.061725229549535,4.240502511180722,14.678455961914672,7.220087895504761,27.911046454270746,8,35.051818619811364,43.02008480801226,51.330837456005966,45.97132276645138
3930160,7b1f2493-17f8-4bfd-ab37-8d28488672de,37,Carry,15,42.4375,64.515,9,37.997586179928184,53.62018120381728,15.622595023889097,57.890709208769316,41.28079352400426,31.428038075260396,26.74443168048898,2.451236110280711,5.061725229549535,4.240502511180722,14.678455961914672,7.220087895504761,27.911046454270746,8,35.051818619811364,43.02008480801226,51.330837456005966,45.97132276645138
3930160,852c8e78-d0a9-42b0-9409-5aa932c1b6c9,37,Pass,20,36.75,65.28,10,43.16761960955152,56.71978049433758,13.552160884786055,51.65729292531927,53.142987242048406,36.27702076510084,31.44833738098422,7.386180007811287,3.799191439562534,5.617865192222574,18.431639240408693,4.548899206208361,26.780844710323063,10,34.13682917327394,45.81391917073776,50.54394032848468,51.24543926551076
3930160,d8842312-9660-42a9-9747-b95c0909b0b3,37,Ball Receipt*,22,36.574999999999996,45.05,10,41.51659056152422,56.16628725746034,14.649696695936122,51.18442063068143,50.838781169852396,33.719874176292926,31.316481521667775,7.681397736020405,3.6047938822807084,2.22911568357209,15.94351584623282,7.238055590071582,24.46804785429083,10,32.48155286468051,43.868898476978664,51.05666466929601,56.15169879439959
3930160,fd5d97af-d176-4e4c-a648-98694b7471f8,37,Carry,22,36.574999999999996,45.05,10,41.51659056152422,56.16628725746034,14.649696695936122,51.18442063068143,50.838781169852396,33.719874176292926,31.316481521667775,7.681397736020405,3.6047938822807084,2.22911568357209,15.94351584623282,7.238055590071582,24.46804785429083,10,32.48155286468051,43.868898476978664,51.05666466929601,56.15169879439959
3930160,5a9927a6-d458-4c5a-b34a-b1210ab8af37,39,Pass,7,43.225,51.85,10,47.12350762601696,57.15731047924355,10.03380285322659,39.80369298387198,43.48087006797564,36.479948979138356,22.519349204251434,2.9232777905928957,2.5565378477255356,5.807350251153437,13.261815550581456,6.647278854612409,38.87397360068124,9,41.687227169988304,48.633628549603145,39.09502955096412,58.72099174493798
3930160,d0d206eb-233e-45d7-a591-2b247ff55ead,39,Pass,6,31.150000000000002,16.064999999999998,9,34.786986341277164,52.01718840582844,17.23020206455128,19.077582438177593,25.274416610730317,15.157829909652909,27.696557631513503,3.4167706735114813,1.6385383610113449,1.5633785510387774,7.688255081911322,6.457206847572351,31.149998664855957,8,36.10561891071899,42.093938067775376,24.287337140171108,46.87801666178245
3930160,5e0f90ca-3fa1-4e5d-b0c1-f02f4dabd0d5,39,Ball Receipt*,13,16.712500000000002,61.795,8,22.33412957522653,43.06737138711038,20.733241811883847,40.43954331251095,35.00121570824339,44.062738893667174,30.149956719899443,6.7169401264362865,8.135501220393452,7.041098546084839,16.91990941140544,14.393735192830952,5.833209210717994,10,15.22068241681678,29.243767111916135,37.15204154282284,52.94453036341216
3930160,c2aa81c3-3532-4567-b39c-df4467b57454,39,Carry,13,16.712500000000002,61.795,8,22.33412957522653,43.06737138711038,20.733241811883847,40.43954331251095,35.00121570824339,44.062738893667174,30.149956719899443,6.7169401264362865,8.135501220393452,7.041098546084839,16.91990941140544,14.393735192830952,5.833209210717994,10,15.22068241681678,29.243767111916135,37.15204154282284,52.94453036341216
3930160,2d80e1ae-7a6b-4093-b33b-8e20a4bddd99,39,Foul Won,27,60.112500000000004,33.32,8,39.507330947801485,52.40280334349551,12.895472395694028,30.90741353588113,34.95351175930554,16.34136946974035,20.591278590494287,4.540492550514225,5.453082469460929,1.4861606510944938,5.210562953670596,10.012873601784431,37.373786083215585,7,40.40784667536651,46.35683688096507,29.742370813962136,37.52757985272062
3930160,f541bdcf-b54a-403f-b91a-d1cfd879aaf9,41,Ball Receipt*,5,24.849999999999998,22.865,9,28.37869201264936,44.92760992897639,16.548917916327028,35.572840920605145,37.939111256800516,30.970516115376046,35.207358124761036,3.96724717394349,6.504751651660634,3.6821453254834857,15.97461708921892,8.686343135543929,16.132652455696082,9,19.932388302247553,30.576884497057463,35.03220890892918,51.82038153569788
3930160,86c652a4-ce3b-479a-ac13-6e3eaf7f9a42,41,Carry,5,24.849999999999998,22.865,9,28.37869201264936,44.92760992897639,16.548917916327028,35.572840920605145,37.939111256800516,30.970516115376046,35.207358124761036,3.96724717394349,6.504751651660634,3.6821453254834857,15.97461708921892,8.686343135543929,16.132652455696082,9,19.932388302247553,30.576884497057463,35.03220890892918,51.82038153569788
3930160,18d2bfd0-4942-42bd-8422-269709cb2779,42,Pass,7,25.287499999999998,23.63,8,28.163202790778826,43.36918719033141,15.205984399552584,31.82769711891607,25.569792625811516,28.321959992657103,24.882445833032573,4.961179860926439,4.270475477020841,1.2814018085767458,17.153957541505036,12.254408523561867,19.19255032041506,9,21.15980164466481,32.64885264359961,31.17542852145751,49.52577279343092
3930160,81ce9a8f-429e-46d5-867b-f0f1857b764f,42,Ball Receipt*,8,17.675,32.129999999999995,8,25.785969041375402,42.03396506591724,16.24799602454184,34.52503921089606,26.44029986345353,27.096735655204377,26.81667611403097,5.085231942301838,4.930715948192606,2.486205584622102,13.13749599645546,11.579462991271095,16.137000307195095,8,23.064097359719845,32.325522016031236,35.29900856996302,49.63553389548763
3930160,ecac9fcb-54fe-451c-b079-9b07a3879747,42,Carry,8,17.675,32.129999999999995,8,25.785969041375402,42.03396506591724,16.24799602454184,34.52503921089606,26.44029986345353,27.096735655204377,26.81667611403097,5.085231942301838,4.930715948192606,2.486205584622102,13.13749599645546,11.579462991271095,16.137000307195095,8,23.064097359719845,32.325522016031236,35.29900856996302,49.63553389548763
3930160,a52d8bd1-da99-42c7-8f44-f6d0d8c69073,42,Pass,9,17.412499999999998,35.699999999999996,8,24.20051321540864,43.90384847930733,19.703335263898687,34.6415608607779,29.48062537712532,21.97187954168478,35.89122174924384,4.624019307073885,6.77036355177458,2.996051325959044,7.961637113278421,9.117097488173826,13.572219504007123,8,21.823881288045555,30.94607574326799,34.902612511092066,50.87221148071685
3930160,8a51a915-4303-4f6b-8f63-70f2ec398c56,42,Ball Receipt*,10,24.849999999999998,39.695,8,24.092165632784457,44.64476825817417,20.55260262538971,36.33324342391016,31.227712733999144,23.118536472112933,35.07474651370917,4.217903055578568,7.232536663312902,1.6223314197913936,9.75123407128557,9.119590288575075,13.133827833168938,8,21.84944591541382,30.750636580904207,36.03392144855091,51.35571730933107
3930160,04bbc443-d2ad-41cd-8532-ee8b939c24bd,42,Carry,10,24.849999999999998,39.695,8,24.092165632784457,44.64476825817417,20.55260262538971,36.33324342391016,31.227712733999144,23.118536472112933,35.07474651370917,4.217903055578568,7.232536663312902,1.6223314197913936,9.75123407128557,9.119590288575075,13.133827833168938,8,21.84944591541382,30.750636580904207,36.03392144855091,51.35571730933107
3930160,06122942-13c4-491e-94cd-1dc4239aa939,42,Dispossessed,15,59.762499999999996,2.465,9,35.96236094913077,47.68290085916416,11.720539910033388,51.56420979584699,46.99775937072466,21.15618227612501,34.38566603547641,5.0623145962035885,2.9285173084373266,1.0723626520543732,11.008537660838691,6.079563434614933,27.397441791094003,7,35.61702953021607,40.73851337323304,47.373437365776205,48.72217082256856
3930160,41f4a7a9-c14c-4d98-9bd8-8de717388cff,42,Ball Receipt*,6,13.825000000000001,17.425,8,43.45523537356141,58.56776925778149,15.112533884220085,18.085703389474748,12.961633711853679,23.798545420490807,12.151600450424928,6.196011811176442,2.413303033259274,3.466961005732344,8.24048401230647,5.293261669123979,13.825000166893005,10,27.801101542412724,42.91917606728187,19.46432339657263,46.03165847954473
3930160,8ab74d2e-e7d2-41ec-a23f-be21653f6534,42,Carry,6,13.825000000000001,17.425,8,43.45523537356141,58.56776925778149,15.112533884220085,18.085703389474748,12.961633711853679,23.798545420490807,12.151600450424928,6.196011811176442,2.413303033259274,3.466961005732344,8.24048401230647,5.293261669123979,13.825000166893005,10,27.801101542412724,42.91917606728187,19.46432339657263,46.03165847954473
3930160,1995a0e8-2fe0-44f0-afac-b56894571e80,42,Pass,7,12.6875,19.125,9,38.18786522507598,55.71031237405937,17.52244714898339,18.580735753870822,20.952270503804765,28.275072927651024,39.46295770918307,6.994564828426928,2.0601570369230933,3.075138007243094,10.691744484756128,7.067508953657933,12.6875,10,22.979235161130873,38.77324918369316,18.910722742897303,50.31183813322596
3930160,9e44eb5c-720b-427c-8271-2a2b5006d3ce,42,Ball Receipt*,9,19.25,43.35,10,35.178577223221666,54.2446183930106,19.06604116978893,27.512353035765813,28.6986299052185,32.91438468390632,37.92187918926182,6.987888111305479,2.1559801524484903,0.3779573714184572,15.511887724517166,9.524894472080224,10.221480736848,10,20.500578927620218,36.54540497546254,25.210618421745604,57.188782086067675
3930160,47f90a6d-88aa-41de-b434-62029da76680,42,Carry,9,19.25,43.35,10,35.178577223221666,54.2446183930106,19.06604116978893,27.512353035765813,28.6986299052185,32.91438468390632,37.92187918926182,6.987888111305479,2.1559801524484903,0.3779573714184572,15.511887724517166,9.524894472080224,10.221480736848,10,20.500578927620218,36.54540497546254,25.210618421745604,57.188782086067675
3930160,dbac4e70-996e-4dfd-9585-68b4751a209e,42,Pass,13,30.449999999999996,46.495000000000005,10,37.50757072800947,55.700588639497205,18.193017911487736,36.04354692861428,37.40121136047863,37.97451667250119,36.014426188762876,5.6761614449098285,2.627321868465181,2.4489046933786156,14.712310834286612,7.343570269408133,23.725883654164868,10,31.570272132505767,43.41183678284139,34.25724810575244,60.18583217047764
3930160,92e34284-1e2b-47aa-b5c4-618c24c5a051,43,Ball Receipt*,14,47.862500000000004,37.315,10,41.179299892758266,57.43409715597723,16.25479726321896,37.4476316347254,37.60262950386576,36.35786463421804,36.05500685711998,4.605715445142067,3.2635541155979553,0.27560358609710534,17.19085587652272,10.504164195336237,25.28877293938678,9,36.47735432141057,46.209663062512575,34.04523823759238,57.16272978159433
3930160,32d47030-cd13-423c-b81d-07b0a26ded0b,43,Carry,14,47.862500000000004,37.315,10,41.179299892758266,57.43409715597723,16.25479726321896,37.4476316347254,37.60262950386576,36.35786463421804,36.05500685711998,4.605715445142067,3.2635541155979553,0.27560358609710534,17.19085587652272,10.504164195336237,25.28877293938678,9,36.47735432141057,46.209663062512575,34.04523823759238,57.16272978159433
3930160,8960f504-e37a-4895-885a-ef8487e75333,43,Pass,15,48.737500000000004,38.93,10,43.89428389255548,57.88616217693309,13.991878284377613,36.630298053957894,33.95764580112247,35.766831711036815,24.886973075048502,3.835089847882856,4.13089128424869,0.7986678215755916,15.113473579645383,3.161598452206917,41.2300887352462,8,44.347684234121964,49.99786934530212,35.38786086496502,57.38420416037809
3930160,0e118574-94d7-4903-b200-1593ffffb9f6,43,Ball Receipt*,12,18.8125,42.5,8,27.21938177494605,41.3836833701191,14.16430159517305,37.82058680699016,39.720421618687695,32.11654469385443,29.777190398311408,2.9371582631735254,3.408749374393694,1.5970560080993224,12.347316269959933,14.608793209362453,12.898789512153034,9,17.68919523335453,27.60118492476918,38.63502253587333,54.987486309836605
3930160,7d9768ba-e284-4390-8fb3-d61affcc6643,43,Pass,15,18.8125,44.199999999999996,8,27.98890798411552,41.5629508156652,13.574042831549676,38.383730839362386,39.10379084777793,33.64235313178909,24.199656523703222,4.6275100576218495,3.624469448890203,5.854800252366182,11.373821156951664,11.074409341590357,13.695571866876104,9,19.02347292997328,28.683707719145154,38.121153312192945,56.75713213642642
3930160,e9e10452-343a-4f54-b78e-1be33fa3c0dc,43,Ball Receipt*,17,21.962500000000002,60.17999999999999,8,30.8573956902039,42.65389343846139,11.796497748257487,42.62656324823582,43.51026570347858,35.352948400397324,24.839747048135845,4.617964909011336,4.366474003997084,7.4257677929170995,11.275339179642291,11.587286384887314,20.79733772715256,8,26.192060746249815,33.15410631319964,43.79847160196415,56.83618442826206
3930160,4a502ba9-df67-4694-8283-fa1c12b580f7,43,Carry,17,21.962500000000002,60.17999999999999,8,30.8573956902039,42.65389343846139,11.796497748257487,42.62656324823582,43.51026570347858,35.352948400397324,24.839747048135845,4.617964909011336,4.366474003997084,7.4257677929170995,11.275339179642291,11.587286384887314,20.79733772715256,8,26.192060746249815,33.15410631319964,43.79847160196415,56.83618442826206
3930160,92425c63-02aa-4750-b6db-86a4a47fc711,43,Pass,18,26.25,61.455,9,31.8982243306378,44.87906070994283,12.980836379305028,46.17115607222979,47.63630293025369,36.67152341423542,24.84788944649282,4.6791579531561025,5.172096359465279,5.479479350921935,10.89936292900867,3.461572121746727,19.973682211435154,8,27.519412939565335,34.227303653865164,46.41701843868373,57.942342609214585
3930160,27aff6ff-018f-4f79-a8e5-27e9928e9244,43,Ball Receipt*,18,32.025,58.65,10,32.46341672659681,43.87944130370624,11.416024577109425,53.41424675765519,46.043647501587586,36.791582580854964,20.1762863971771,4.346300640664514,5.749882132926533,0.2570509106628265,21.39728909035982,3.7779139378546986,19.35975567554286,9,27.56455249862183,36.38226259992817,49.179179834325005,58.399542391461075
3930160,34ef4e20-0cb4-4804-bf2a-9aa3b8a13bc2,43,Carry,18,32.025,58.65,10,32.46341672659681,43.87944130370624,11.416024577109425,53.41424675765519,46.043647501587586,36.791582580854964,20.1762863971771,4.346300640664514,5.749882132926533,0.2570509106628265,21.39728909035982,3.7779139378546986,19.35975567554286,9,27.56455249862183,36.38226259992817,49.179179834325005,58.399542391461075
3930160,c3c06fcc-dd68-4a21-91eb-8c6769e9eba0,43,Ball Receipt*,21,21.349999999999998,53.89,9,32.727576596407644,45.55895006417886,12.831373467771215,47.29790249923168,45.85803887406862,23.808559154751496,32.42436510766207,3.645518025170547,5.464195951362845,0.061283428963569975,16.978543131685175,5.829713204692659,19.316365110409095,9,24.732043841535525,34.5882745009243,45.11595803052766,59.02667783005783
3930160,21c8906d-c550-41fa-a644-dfd3a276680f,43,Carry,21,21.349999999999998,53.89,9,32.727576596407644,45.55895006417886,12.831373467771215,47.29790249923168,45.85803887406862,23.808559154751496,32.42436510766207,3.645518025170547,5.464195951362845,0.061283428963569975,16.978543131685175,5.829713204692659,19.316365110409095,9,24.732043841535525,34.5882745009243,45.11595803052766,59.02667783005783
3930160,c1f14507-e682-415f-b27d-14f97b0056df,43,Pass,21,21.349999999999998,53.89,9,32.50671235763504,45.75105777898011,13.244345421345074,47.28533380550019,45.56746046352966,24.00234699884089,31.555835578794614,3.8450568748781198,5.364630726504294,0.27445034786819633,16.807806930963086,4.940659502002681,19.788710547304895,9,24.6907033986397,34.67297571769618,44.97608781576365,59.26755695211382
3930160,b23220bc-2953-452c-bed4-d1682e8e2ca8,43,Ball Receipt*,22,25.2,43.69,9,29.094869357210705,44.24563895707871,15.150769599868006,51.43589856095163,49.27257061875459,18.065841603291872,32.69202673015858,4.388073707310097,4.483725329674372,1.1325118815686395,9.199543449138936,5.266634323372813,17.52590717529906,9,21.451614341340953,31.98113766683876,48.524045053627034,58.93377136569791
3930160,ce5ed1ee-d45d-436c-b765-ee2d770ba304,43,Carry,22,25.2,43.69,9,29.094869357210705,44.24563895707871,15.150769599868006,51.43589856095163,49.27257061875459,18.065841603291872,32.69202673015858,4.388073707310097,4.483725329674372,1.1325118815686395,9.199543449138936,5.266634323372813,17.52590717529906,9,21.451614341340953,31.98113766683876,48.524045053627034,58.93377136569791
3930160,438acf07-3e31-451d-aad2-cadd42e80dfa,43,Pass,25,31.675000000000004,47.855,10,31.678047403962086,47.435989571630856,15.75794216766877,46.1036945839128,43.947350513204825,13.63615203432893,31.31872850641731,2.99086798716066,3.5701402929915114,1.9694370200243512,5.834374556526413,7.6226130447504765,19.29713777061986,10,24.753520575509356,36.094953472381306,43.83044132338166,55.23714174237929
3930160,446c7ff3-23c3-4e21-a6d0-db9f42b00553,43,Ball Receipt*,26,39.9,51.68,10,32.60491559731855,47.89277501569446,15.28785941837591,47.00579050483991,44.21843732655743,13.596348662513485,31.066325498500056,3.5102851039929743,3.583888918454424,2.0402088580356263,5.827608295005753,7.77458296788641,22.14853257108657,9,30.434496374537048,38.36341724295029,45.18747483880433,56.31175396289523
3930160,32fd5999-922c-402d-a369-4bd40f81aba4,43,Carry,26,39.9,51.68,10,32.60491559731855,47.89277501569446,15.28785941837591,47.00579050483991,44.21843732655743,13.596348662513485,31.066325498500056,3.5102851039929743,3.583888918454424,2.0402088580356263,5.827608295005753,7.77458296788641,22.14853257108657,9,30.434496374537048,38.36341724295029,45.18747483880433,56.31175396289523
3930160,f3afd8f7-bec0-4631-8455-36638251880c,43,Pass,26,39.9,51.935,10,34.0479510302964,49.042606725709774,14.994655695413371,48.204192413114185,44.5794472441266,14.60811212666782,30.429721583883257,3.906066081850413,3.5509193073813625,1.1893829963181446,7.5151758210329405,7.371739830961822,23.41158151813494,9,32.022217084965675,39.36942788700037,45.43269924124714,55.82708730807248
3930160,30acb0df-4390-44cf-b12e-a7663e7ad85a,43,Ball Receipt*,28,35.875,64.42999999999999,10,38.98039664135093,53.32901492657234,14.348618285221413,51.51390080250286,46.66112700662187,20.455828368212124,30.466255630239132,4.907254342229941,3.171119632855104,1.7481768554986985,10.755610810635453,7.508814990649668,27.36482768623562,9,37.33076736173952,43.41842830991278,46.9658772624044,54.168601826540296
3930160,09f5d7e9-4d19-4930-a0f9-808d72b4c524,43,Carry,28,35.875,64.42999999999999,10,38.98039664135093,53.32901492657234,14.348618285221413,51.51390080250286,46.66112700662187,20.455828368212124,30.466255630239132,4.907254342229941,3.171119632855104,1.7481768554986985,10.755610810635453,7.508814990649668,27.36482768623562,9,37.33076736173952,43.41842830991278,46.9658772624044,54.168601826540296
3930160,51c92ce4-87de-4a87-8bd2-adeffe2e1b08,43,Ball Receipt*,31,40.425000000000004,49.385,10,43.69699355421426,57.58448648395739,13.887492929743132,48.94119904085663,50.30173416933707,19.275873473775896,33.16925059126751,6.161432075127797,2.9216150838041677,0.3689356275500302,13.20119024784821,5.597648140264454,40.42500066757202,8,43.96546004503264,49.54993062332654,47.01312935477726,57.152861429576184
3930160,65901d6c-0ab8-44c4-beb2-37f0d02f8e52,43,Carry,31,40.425000000000004,49.385,10,43.69699355421426,57.58448648395739,13.887492929743132,48.94119904085663,50.30173416933707,19.275873473775896,33.16925059126751,6.161432075127797,2.9216150838041677,0.3689356275500302,13.20119024784821,5.597648140264454,40.42500066757202,8,43.96546004503264,49.54993062332654,47.01312935477726,57.152861429576184
3930160,fb723a48-df43-48fa-88a4-969f794b186d,45,Pass,6,30.537499999999998,45.985,8,30.572898967111826,46.216321778250496,15.64342281113867,44.72013516118568,47.615359364932004,20.168835054385262,24.087029148746886,2.2122660154795164,1.383987979826463,0.08452961511723345,9.803210863052783,7.086958542708842,23.805730540980385,10,26.60833635426664,34.67145002467872,48.10615471830785,31.14207678331846
3930160,c6f16618-dbba-4c18-81de-b80a8f003c2b,45,Ball Receipt*,6,37.275,49.385,8,33.165247952831315,48.466479765462545,15.30123181263123,44.81481769024917,46.361412255166535,20.85401277692423,24.564808214492317,2.175148612656893,1.0435124721875926,0.4978898009729207,11.51219505284368,7.719649868704472,25.80303536254514,10,29.183737436608823,37.034259918455746,47.027613159039944,33.18729241957249
3930160,9ff8406a-dc39-4b76-b2a7-0a63f380e3b4,45,Carry,6,37.275,49.385,8,33.165247952831315,48.466479765462545,15.30123181263123,44.81481769024917,46.361412255166535,20.85401277692423,24.564808214492317,2.175148612656893,1.0435124721875926,0.4978898009729207,11.51219505284368,7.719649868704472,25.80303536254514,10,29.183737436608823,37.034259918455746,47.027613159039944,33.18729241957249
3930160,7ce61e2e-996a-4e8d-8404-1d77d60b9b02,45,Miscontrol,6,37.362500000000004,48.96,8,33.59962031539227,48.63374012874589,15.03411981335362,44.47822021809348,45.673766488289125,21.420691476774973,24.67864692128922,2.4287703906672475,1.0421345367683774,0.4500605771757549,12.200208792800058,7.54419014891932,25.83455285657854,10,29.53472312767736,37.23498975997955,46.370877652594956,33.7910252958192
3930160,e130d376-4731-4d2e-8579-918cb81e6d7e,45,Ball Recovery,7,37.362500000000004,46.92,9,37.38700979884935,51.18334455154118,13.796334752691834,48.74247747638873,45.54686573263793,8.12195042200559,24.395427158820247,4.931210278281187,2.3146050970463716,0.1294186778789026,4.6254544391379895,6.601891222398905,26.457722002337192,9,32.970739323155165,38.650396609203234,47.58558226310264,34.50062576772348
3930160,70250b16-68c6-44f6-841b-6ea46754716e,45,Carry,7,37.362500000000004,46.92,9,37.38700979884935,51.18334455154118,13.796334752691834,48.74247747638873,45.54686573263793,8.12195042200559,24.395427158820247,4.931210278281187,2.3146050970463716,0.1294186778789026,4.6254544391379895,6.601891222398905,26.457722002337192,9,32.970739323155165,38.650396609203234,47.58558226310264,34.50062576772348
3930160,a203c3e7-3290-4088-8611-b4330c67fe98,45,Ball Receipt*,6,42.699999999999996,31.705,10,43.03936191662727,60.68055980863406,17.641197892006787,30.77796364068472,34.48919497346794,27.412246697491874,37.27972190366133,3.9305326366670537,3.292030781957071,1.1409406630366838,12.354084659589546,5.449834156453683,30.743779901661295,10,36.534934471235225,47.773651578855905,33.518287676022894,58.15876845184937
3930160,9dbe83ae-369b-4c1a-9366-54afffbf4e61,45,Pass,6,42.699999999999996,31.705,10,43.03936191662727,60.68055980863406,17.641197892006787,30.77796364068472,34.48919497346794,27.412246697491874,37.27972190366133,3.9305326366670537,3.292030781957071,1.1409406630366838,12.354084659589546,5.449834156453683,30.743779901661295,10,36.534934471235225,47.773651578855905,33.518287676022894,58.15876845184937
3930160,9b5630a7-cdd2-43f7-93b5-a2d60f42d86b,45,Ball Receipt*,8,35.35,29.07,10,42.37310942935127,59.975659882579826,17.60255045322856,34.165240914909184,39.41996141108304,25.126008971775814,37.7635985196726,3.678752195857807,3.3307612396519866,0.5405894451594087,12.775868571620684,5.910878359647917,32.114086329417404,10,36.955641458349724,48.05680592456814,38.38930286880936,57.00045456561698
3930160,f4447b39-5140-4b38-a601-17cd41e23491,45,Pass,8,35.35,26.095,10,42.37310942935127,59.975659882579826,17.60255045322856,31.19024091490918,36.444961411083035,25.126008971775814,37.763598519672605,3.678752195857807,3.3307612396519866,0.5405894451594087,12.775868571620684,5.910878359647917,32.114086329417404,10,36.955641458349724,48.05680592456814,35.41430286880936,57.00045456561697
3930160,98cea500-9e93-41cf-adc9-b20eebb5b2de,45,Ball Receipt*,9,35.612500000000004,10.37,10,41.050561086971946,58.25780782343429,17.207246736462345,26.17962111723336,31.019745883238055,26.790117221277065,40.45972096471966,4.0466053655438845,2.7343998400813723,2.8806140226896026,13.877325769592712,1.3161801878818231,30.9468914335308,10,34.2285356201172,45.63103293709552,32.783292647424844,56.337624521795455
3930160,0b3927e6-fab0-4062-b0a1-8664ee4ee4e2,45,Carry,9,35.612500000000004,10.37,10,41.050561086971946,58.25780782343429,17.207246736462345,26.17962111723336,31.019745883238055,26.790117221277065,40.45972096471966,4.0466053655438845,2.7343998400813723,2.8806140226896026,13.877325769592712,1.3161801878818231,30.9468914335308,10,34.2285356201172,45.63103293709552,32.783292647424844,56.337624521795455
3930160,89e912bd-7936-462f-a035-a938ed24c142,45,Pass,10,37.887499999999996,1.53,10,41.48399458132536,58.87085680743219,17.386862226106828,15.8859375200041,28.86576842075155,32.003226846282764,22.665497095098807,4.652204238337837,2.9453226772812675,2.6358515252507324,15.386612409504046,3.4657867865054364,30.464885849830104,10,34.49561701502317,45.959786938894254,24.1177323287891,56.41308560255616
3930160,3f4f64c6-9b1a-49a2-b273-73f78a24cb32,45,Pass,6,23.8875,51.935,10,28.15837074580413,47.03865610536687,18.880285359562738,43.27821891740801,43.635093556206854,24.081886204295554,16.88919699096266,4.210398160939237,5.712448192841612,0.9126901922410298,14.54455905980618,0.14408839317800926,11.409738128253718,10,20.0321154067705,32.36193358137538,39.40803213035993,57.27699547555971
3930160,99871e9f-ef41-44b3-9c59-3b6e5a7f7a1c,45,Ball Receipt*,8,24.7625,65.62,10,30.688045901460203,49.49046250788753,18.802416606427325,47.333359141177326,48.368730082384026,30.74552327755753,18.750899908326076,4.77854310971191,6.414322457736782,0.8638334815701469,15.812884367877373,0.8047617828784652,17.025633055719894,10,23.58419788582553,34.43656742238606,42.16571686884579,58.02908398684875
3930160,36c1c27f-f9c9-4506-a2d1-af2aa973e93d,45,Carry,8,24.7625,65.62,10,30.688045901460203,49.49046250788753,18.802416606427325,47.333359141177326,48.368730082384026,30.74552327755753,18.750899908326076,4.77854310971191,6.414322457736782,0.8638334815701469,15.812884367877373,0.8047617828784652,17.025633055719894,10,23.58419788582553,34.43656742238606,42.16571686884579,58.02908398684875
3930160,b98e7131-754c-48e2-9b0a-9d2214eb01a6,45,Pass,8,24.7625,65.62,10,30.055629405396132,48.605400139723656,18.549770734327524,48.61824666430656,49.64287618937796,30.978126032246088,18.10400655088325,4.955829602109916,6.578971533312697,0.5365842127277816,16.450967983101215,0.7730218756357985,16.85284167688451,10,23.138030595866496,33.756020171840944,43.52650053060896,57.02249837062956
3930160,c46378b8-c3e9-4098-9571-82267db6f6b1,45,Ball Receipt*,13,16.712500000000002,36.975,10,39.4228018805649,57.524354394206796,18.1015525136419,44.78584393608091,39.09003832238724,25.040924684611507,35.59752312464455,7.7414060767791835,1.6370751978835651,3.7837506793440454,9.107645639979179,11.067985738666291,16.71250033378601,11,27.742736080418595,44.04881191946291,40.66914243044348,58.71105634284619
3930160,a42f1eb6-25ef-4221-a78d-926d3a8b6414,45,Carry,13,16.712500000000002,36.975,10,39.4228018805649,57.524354394206796,18.1015525136419,44.78584393608091,39.09003832238724,25.040924684611507,35.59752312464455,7.7414060767791835,1.6370751978835651,3.7837506793440454,9.107645639979179,11.067985738666291,16.71250033378601,11,27.742736080418595,44.04881191946291,40.66914243044348,58.71105634284619
3930160,66aff198-d30a-4f6b-9de2-deceb33674f8,45,Pass,14,16.712500000000002,36.975,10,37.03436175672426,55.9227419133089,18.88838015658464,43.66555496825042,38.50053183037873,26.534997071839463,35.4363459611357,8.185375739076502,1.8270497978337847,2.8994433774862927,9.750818903348431,9.98842778932842,16.71250033378601,11,25.630306784881373,42.25921384724233,40.09337114908556,59.718053922924554
3930160,d6b1b078-24c6-413b-a79e-00f0f33e25c0,45,Ball Receipt*,16,23.974999999999998,52.36,10,34.10886049465423,54.599076966453104,20.490216471798874,44.12969337118243,37.020363728758156,27.095022297850644,38.38199682397868,7.762719286280486,2.456800252518861,0.5816834258625505,14.493212308219658,10.03530812556302,14.85528847672515,11,22.734370059867626,39.32354095815402,38.23487765991974,62.18373119271371
3930160,acc3f3d6-40f2-4102-9483-69cb1f5064d5,45,Carry,16,23.974999999999998,52.36,10,34.10886049465423,54.599076966453104,20.490216471798874,44.12969337118243,37.020363728758156,27.095022297850644,38.38199682397868,7.762719286280486,2.456800252518861,0.5816834258625505,14.493212308219658,10.03530812556302,14.85528847672515,11,22.734370059867626,39.32354095815402,38.23487765991974,62.18373119271371
3930160,24e89e7f-3438-4cd1-a1fe-4eb68d2ca798,46,Pressure,25,48.737500000000004,61.879999999999995,9,45.92025315618591,59.26650783867093,13.346254682485025,54.4994821404738,48.69146378965803,27.916136110141537,33.89796646634109,4.46252543074125,5.860925840165061,4.878775019527936,7.832464758676267,0.08406453090633192,37.18241870846971,10,39.172828227363155,46.20245888581927,47.73256462673929,40.67776130854453
3930160,32b4a805-96c5-4543-b4a9-cd09dff87059,46,Duel,25,46.637499999999996,61.879999999999995,8,45.02160559005279,55.781532424569015,10.759926834516222,54.40901600011082,46.03307889318475,29.461179037752338,32.03847817806229,4.506363058508604,2.5249743249407026,6.301512759407181,8.937859198072282,1.7769648090082768,36.25191388471401,10,38.74442713346338,45.46395953771552,48.081187412059236,38.54875681693741
3930160,3b183b85-eca6-4091-b68e-93dd67cd97b3,46,Pass,27,34.125,55.42,10,41.044733576989195,56.474450240055106,15.42971666306591,55.66673590398561,42.27022240019545,25.275697765825925,28.45424778687803,4.465773075263406,3.767245550418151,1.0972993472121502,8.439024697614492,6.780332855356967,34.125,10,37.10930543706695,43.61627627714086,49.803003913972155,37.28148828622991
3930160,7164c6b2-8b61-4452-b75f-c1b9fb911a31,46,Ball Receipt*,28,38.0625,52.02,10,38.07042716110614,53.344389711095054,15.273962549988916,53.16857144872332,42.047163650890596,24.096425119474958,30.16829701138616,4.117179002193311,4.186789407730462,3.720120364268098,8.291245033396827,6.80178232001068,31.151502318263308,10,34.59595726844968,41.51779866676064,48.27146282037981,38.78884276962535
3930160,beb7fdc5-9caa-47fa-a232-7a42bfa3949d,46,Carry,28,38.0625,52.02,10,38.07042716110614,53.344389711095054,15.273962549988916,53.16857144872332,42.047163650890596,24.096425119474958,30.16829701138616,4.117179002193311,4.186789407730462,3.720120364268098,8.291245033396827,6.80178232001068,31.151502318263308,10,34.59595726844968,41.51779866676064,48.27146282037981,38.78884276962535
3930160,f78312e3-b543-4ccd-94c1-b876c0e0747d,46,Ball Receipt*,10,36.137499999999996,7.734999999999999,10,40.97420556955088,59.38214637382659,18.40794080427571,23.820237675589333,27.005352310803467,32.10879254780871,39.764295773301264,5.268840864505,1.559977629755346,1.483973293988491,18.29748432207281,10.268181408716776,29.521516854382035,10,35.153657694954696,48.398717329105,29.864847120052406,57.65772542909974
3930160,3541d6be-80b2-431c-ab60-4164630f965c,46,Carry,10,36.137499999999996,7.734999999999999,10,40.97420556955088,59.38214637382659,18.40794080427571,23.820237675589333,27.005352310803467,32.10879254780871,39.764295773301264,5.268840864505,1.559977629755346,1.483973293988491,18.29748432207281,10.268181408716776,29.521516854382035,10,35.153657694954696,48.398717329105,29.864847120052406,57.65772542909974
3930160,bae92196-1971-47f8-bcf5-443a2cff60dc,46,Pass,14,30.712500000000002,23.46,10,35.98683799331779,55.34783068384915,19.36099269053136,21.830980668882788,29.59928821750347,25.486648985453968,28.688926481856978,5.987874486617278,1.1591027522813073,0.40514948361527914,13.701926212964644,5.8141830243677575,24.42237621484196,10,30.632335564856483,42.132376079879656,27.572230352360805,54.04622105405365
3930160,6adb5c58-87b7-4f9c-ac67-abb087843347,46,Ball Receipt*,16,11.2875,32.47,10,30.304224429283597,51.706689459565716,21.40246503028212,25.880675687110323,33.91387826816735,25.882571186325833,26.221689361257205,8.44567740307865,2.907395979268506,2.1181934946684393,10.226675317540217,5.241118938614608,11.28749966621399,11,19.746384766736927,35.62744938415065,29.99641334541735,56.382531670227515
3930160,6fd69c54-095a-4744-92b8-ad2a8c608e12,46,Carry,16,11.2875,32.47,10,30.304224429283597,51.706689459565716,21.40246503028212,25.880675687110323,33.91387826816735,25.882571186325833,26.221689361257205,8.44567740307865,2.907395979268506,2.1181934946684393,10.226675317540217,5.241118938614608,11.28749966621399,11,19.746384766736927,35.62744938415065,29.99641334541735,56.382531670227515
3930160,f81e095f-263c-49ed-abce-5623408b05a0,46,Pass,18,11.8125,36.975,10,26.20606266797979,48.326330448841915,22.120267780862125,34.47103035391298,31.756424879287493,22.464399548343053,32.62253583058015,9.234390015953641,4.829899427216611,1.9482298336670283,10.067764395269283,8.17990530751317,10.863062895872972,11,16.445693036561703,31.999806942082724,31.48285729276345,56.86873551989215
3930160,1f340065-8065-4739-a2dd-29ff77e86629,46,Pass,28,18.462500000000002,60.85999999999999,8,21.43772667628854,40.625867531875905,19.188140855587363,53.85108697963542,47.44159919330858,24.883709953273588,24.3313800683447,5.25378478780113,5.422253198449968,2.6386924461088768,12.63955618528783,9.837574775245749,17.60091703366885,9,20.390523828999044,28.753884557413343,42.53839438161921,59.657148711770894
3930160,433dbc22-9e1c-4b64-87ee-3414631e8f31,46,Ball Receipt*,29,41.824999999999996,57.88499999999999,9,29.610187969120016,48.4611180512786,18.850930082158587,52.137985457921594,42.84427074566787,31.6704307835319,37.25449234978707,5.189450849158893,5.423762919463476,2.771298318994859,17.201233652509934,4.4276105501910195,19.420535742025976,10,23.39296213316527,33.841252992447416,41.165022079629885,61.877827017314054
3930160,1d9db139-788f-45a6-b915-049a5d67fc32,46,Carry,29,41.824999999999996,57.88499999999999,9,29.610187969120016,48.4611180512786,18.850930082158587,52.137985457921594,42.84427074566787,31.6704307835319,37.25449234978707,5.189450849158893,5.423762919463476,2.771298318994859,17.201233652509934,4.4276105501910195,19.420535742025976,10,23.39296213316527,33.841252992447416,41.165022079629885,61.877827017314054
3930160,ea77a8b3-a706-4e86-8367-da5af59f18ea,46,Pass,29,41.824999999999996,57.88499999999999,9,29.610187969120016,48.4611180512786,18.850930082158587,52.137985457921594,42.84427074566787,31.6704307835319,37.25449234978707,5.189450849158893,5.423762919463476,2.771298318994859,17.201233652509934,4.4276105501910195,19.420535742025976,10,23.39296213316527,33.841252992447416,41.165022079629885,61.877827017314054
3930160,4664dd90-6a66-4bdc-b3ae-24b443d91b06,46,Miscontrol,6,41.9125,10.030000000000001,10,42.601784439525204,58.85919035768441,16.257405918159208,9.184582394965348,18.831513506127628,9.968787164004043,29.352781554592305,5.385842227039393,2.5168765331855276,0.9075965114192366,6.32194308876192,9.22398060257926,35.50547483067808,10,40.594508153591164,50.013456874444856,11.259961966555036,39.27943908003398
3930160,0f45faf6-2f3e-41ab-9608-c4bb7654ffb7,46,Pressure,7,43.487500000000004,6.545,10,43.042546385083895,59.03555561531511,15.993009230231216,8.951933847524307,18.96498778998025,9.711488870837133,29.146878942450158,5.196049879535363,2.586522977107764,0.7368449265721422,6.636561838870181,9.32177420273409,35.635046169624026,10,41.135191917416314,50.11427823484441,10.966924328729432,39.50442079742992
3930160,e1fabcf4-8cc8-4f86-af34-fccf1e093ae9,47,Pass,8,24.9375,65.45,8,22.39580547726728,38.41733166382676,16.021526186559477,50.8916339652176,50.34924957579602,33.70953437225177,25.16134451940257,4.3639675056257925,6.099866330037545,1.5390954875959864,16.92680022399345,8.59179412223559,17.362998424276455,8,20.566547950668376,26.23388517196058,45.8865913451206,45.08256699311549
3930160,a8678501-2177-4560-9f4c-ea2e90e38673,47,Ball Receipt*,11,37.012499999999996,4.845,8,37.21701350530607,53.17540828845981,15.958394783153743,39.96890099729415,31.170780321450348,32.285101304829425,19.34081103419456,5.531295146436429,2.773015293579558,0.05043392603703012,22.066581845685835,7.231141216285927,31.14394310802689,6,33.95044663063702,39.865847522048085,33.70296619793837,43.99151985568913
3930160,c02e78d8-111c-4cdc-98fd-717833a28a89,47,Miscontrol,11,37.012499999999996,5.015000000000001,8,37.21701350530607,53.17540828845981,15.958394783153743,40.1389012404811,31.3407805646373,32.285101304829425,19.340811034194562,5.531295146436429,2.773015293579558,0.050433926037037224,22.066581845685832,7.231141216285927,31.14394310802689,6,33.95044663063702,39.865847522048085,33.87296644112532,43.99151985568912
3930160,cf6c7b67-a925-4724-8349-6b11c87db04e,47,Pass,10,38.9375,57.629999999999995,8,47.018658007092625,58.212943487043155,11.19428547995053,52.31599970598967,56.217969091174155,34.097354802408084,20.75036444059375,4.526623183240886,3.7096039240686296,0.9896688554694464,15.098593090967,4.0887652713127025,37.27767966408413,10,41.16904161292806,49.158675555072406,54.20217779779067,37.42061003096926
3930160,7c925900-dd2e-4a32-abff-a6322968c7a3,47,Ball Receipt*,10,48.387499999999996,50.32,8,48.29995394535008,58.910829603241986,10.610875657891903,53.500850569302415,42.78059155097727,19.76821859104787,32.19695414193414,4.623477186164676,3.6984327622386295,0.02272100331970961,11.98862411816598,13.04492707410639,36.862499403014176,10,41.58536269328528,50.11008677953868,50.296584870229836,38.57706630207184
3930160,a6644044-4a0a-4f49-8737-c22cb83d59f6,48,Pass,5,11.4625,35.105,9,32.45769936455843,51.731801770018585,19.274102405460155,39.389380713301634,35.97999235807119,31.058596176886326,38.49469764455373,11.332284425984101,3.8561849559330206,0.12834628753544308,14.97719692392431,10.423652516957148,11.46250033378601,10,20.112836488213993,36.089126357199845,37.72993793304544,57.92233172049665
3930160,c43aeb7c-373b-43b8-94d2-4d54165b119a,48,Ball Receipt*,8,32.550000000000004,4.505,9,29.290335944529602,48.243805444139724,18.953469499610122,28.861240088495578,27.845036799739642,38.943925624500565,41.71969049016033,8.705399818600736,2.618326748058102,0.5283392029044833,14.454900506616134,12.541123900851517,17.24363592414519,8,23.609279709772665,33.02280153763424,28.606237675748222,55.009428289260875
3930160,c9e0d4b9-543c-4d35-a1cf-e4ff6c94a461,48,Carry,8,32.550000000000004,4.505,9,29.290335944529602,48.243805444139724,18.953469499610122,28.861240088495578,27.845036799739642,38.943925624500565,41.71969049016033,8.705399818600736,2.618326748058102,0.5283392029044833,14.454900506616134,12.541123900851517,17.24363592414519,8,23.609279709772665,33.02280153763424,28.606237675748222,55.009428289260875
3930160,6a088289-5744-4cb2-b10c-abe2746996c5,48,Pass,8,34.65,2.975,9,30.68273045300383,49.132387055230815,18.449656602226984,25.588400168347384,25.741984938269567,42.26667867338362,42.18554320650124,8.023355951752414,3.7716865035629272,0.48780615679079276,15.418160975427554,10.753008355950936,19.80975258195663,9,25.232913790985698,36.260956097914814,26.649146153072923,53.84287777494484
3930160,3aa3df5d-6c5e-40d5-81d3-699fa756f874,48,Ball Receipt*,10,47.6875,2.125,9,37.21225855792702,51.096951767002324,13.884693209075301,20.274064710916058,25.368821764332864,37.41865422641737,43.005759745679676,4.501870271070596,3.33671495374652,1.075062943905305,14.837062070066835,0.20207511842287573,22.274005811522464,9,29.261087419726877,39.30801990920051,28.760207460478227,56.790887523231646
3930160,7cb77635-2ef4-4f70-9bb4-46e273fad8f2,48,Carry,10,47.6875,2.125,9,37.21225855792702,51.096951767002324,13.884693209075301,20.274064710916058,25.368821764332864,37.41865422641737,43.005759745679676,4.501870271070596,3.33671495374652,1.075062943905305,14.837062070066835,0.20207511842287573,22.274005811522464,9,29.261087419726877,39.30801990920051,28.760207460478227,56.790887523231646
3930160,d87aae40-34f7-424d-8145-49ef1cd6c330,49,Ball Receipt*,17,55.387499999999996,46.665,8,45.99980447922218,59.451245451048464,13.451440971826287,16.22697801646742,21.628041990676923,28.50981721384959,24.950767766687722,3.115727870680378,6.430739805451593,3.7896222395616075,12.507521736700042,1.9383591780908578,45.140550870265166,8,49.94520783755499,56.05891674409958,16.629431574970614,33.50049853658918
3930160,6e0cf42b-978c-40a9-8d8d-05f4d02ec13b,49,Duel,17,53.112500000000004,55.42,8,45.99980447922218,59.451245451048464,13.451440971826287,16.22697801646742,21.628041990676923,28.50981721384959,24.950767766687722,3.115727870680378,6.430739805451593,3.7896222395616075,12.507521736700042,1.9383591780908578,45.140550870265166,8,49.94520783755499,56.05891674409958,16.629431574970614,33.50049853658918
3930160,915a06b9-e5d7-4f29-a354-bbdbbf3506d6,49,Miscontrol,20,37.975,44.625,10,41.624838792853794,59.63199969561117,18.007160902757377,46.195347282162786,47.7454990929326,31.550183536519004,25.029155581395095,5.1775363420441325,2.632211772903071,0.5467218349262168,16.79629195077112,2.8085896366188763,35.29526709563803,10,39.049256251912524,47.147629653577596,47.89701201198078,30.428072264828266
3930160,6e3590d0-732b-42e2-9bcf-b301ddbb17b3,49,Pass,8,21.875,34.17,9,43.032147713917276,59.94901978076965,16.916872066852378,38.27722105628097,35.04877665532515,23.59195823574197,38.85302850461914,10.093561729499537,1.359744943924481,0.31267807419109417,11.595563627649334,9.627895347769567,21.875,8,31.330930192835034,41.83660591339127,38.09558604013685,59.64815395238202
3930160,9f161f60-dd7f-4d3c-aecd-f247e17a7d3a,49,Ball Receipt*,11,35.612500000000004,6.8,10,39.532753155880606,55.06918407433627,15.536430918455665,24.364633349343443,39.132753422777625,26.835910828576992,29.130353270789357,8.583364073162182,3.166029510482091,1.30450238204401,13.805875478699281,1.5646996224696608,26.720339794291437,9,31.755316111718624,43.99766977620278,38.04798522991619,57.473639099990066
3930160,26d2ec06-7186-4e29-8dee-0ef96741c11d,49,Carry,11,35.612500000000004,6.8,10,39.532753155880606,55.06918407433627,15.536430918455665,24.364633349343443,39.132753422777625,26.835910828576992,29.130353270789357,8.583364073162182,3.166029510482091,1.30450238204401,13.805875478699281,1.5646996224696608,26.720339794291437,9,31.755316111718624,43.99766977620278,38.04798522991619,57.473639099990066
3930160,55700ed5-4630-4227-ad76-91f5e80ced74,49,Pass,12,35.35,6.63,10,38.642282070494744,55.29913139060785,16.656849320113103,20.800624860019223,34.34913115710094,26.67653115554723,35.00861825382937,7.475753877308873,2.6743832046040814,1.1496111387026104,12.779271544360766,4.054927701090975,26.94395323402876,10,31.82341436102431,44.881710842753996,31.436506017912883,59.54550490206382
3930160,74115657-69a2-467f-89d3-b253607ebb72,49,Ball Receipt*,13,40.775,17.849999999999998,10,37.45697540395095,54.93775232419072,17.48077692023977,18.415991154284107,30.280304351976767,22.888707019205082,37.38050567805582,5.74231619184496,2.80863119307008,0.3801381260349075,11.30039561085389,3.7877147686359365,27.38943139762833,10,31.639799677490096,43.99337358339485,28.37670320874838,58.74905479069188
3930160,10ef120d-7951-444d-9ea6-0a52b2f23d9b,49,Carry,13,40.775,17.849999999999998,10,37.45697540395095,54.93775232419072,17.48077692023977,18.415991154284107,30.280304351976767,22.888707019205082,37.38050567805582,5.74231619184496,2.80863119307008,0.3801381260349075,11.30039561085389,3.7877147686359365,27.38943139762833,10,31.639799677490096,43.99337358339485,28.37670320874838,58.74905479069188
3930160,9210f942-42cf-4a52-9940-250a7e05540f,49,Miscontrol,13,39.637499999999996,17.68,10,36.72154528232261,54.21161632927976,17.490071046957148,19.244997978125944,30.81357803138465,22.048923528563343,36.767977629905886,5.0706970610374995,2.9528763702739496,0.9614990527379348,11.328687159993448,3.4663411294227444,27.400961630864046,10,31.121024815240787,43.29928226791485,28.953887652745596,58.61059253206626
3930160,e60b5418-bde1-42e4-a6bb-11ecb56230df,49,Pressure,13,37.362500000000004,17.0,10,35.048300195490924,52.20869595756595,17.160395762075026,19.04638369278382,31.311378248964584,20.054568276376436,37.34326393343037,4.397536418901731,3.19185928013562,0.6767428358073388,9.1771254345347,3.2708674258027273,26.760839896843805,10,29.687615424184372,41.528715869765584,29.29729056009698,57.82153084590969
3930160,d3847d1f-5332-4e20-b98a-bb4a2e20dc3f,51,Foul Won,19,68.95,31.279999999999998,10,23.159808577571084,32.806530228546855,9.64672165097577,34.07433753577012,32.6600159425095,27.15091937678018,21.7559812290036,0.653818840921923,2.939664804760072,5.108700004528593,10.608384107469924,0.8515534348147327,23.5040471045885,9,25.376600862890616,31.32975953569999,30.902657542023796,53.79533284046259
3930160,5a35beb1-bbd1-4056-b7db-4b6f2ae05d82,51,Carry,19,68.95,31.279999999999998,10,23.159808577571084,32.806530228546855,9.64672165097577,34.07433753577012,32.6600159425095,27.15091937678018,21.7559812290036,0.653818840921923,2.939664804760072,5.108700004528593,10.608384107469924,0.8515534348147327,23.5040471045885,9,25.376600862890616,31.32975953569999,30.902657542023796,53.79533284046259
3930160,b26b0075-628f-4d36-878e-c22b657985e3,51,Pass,6,31.5,7.31,10,25.501152420729643,40.72027305711388,15.219120636384236,24.184292325777733,23.86554033551854,19.6987437959354,31.51300515226805,5.125850440576024,5.839880844181258,0.7876745135657792,12.134007197871002,7.7874417509512615,18.95119111547475,9,23.224450861656873,32.29917510981622,26.892743458247676,39.02595047001964
3930160,5b2a4595-a012-4b41-85dd-f2e1af4f0034,53,Pressure,5,46.725,1.87,10,22.891722551506394,39.257415931379526,16.365693379873132,10.03376262899178,12.649001626314023,29.775602768950847,24.620463982763326,7.481128718183094,3.7630203623938723,2.1022913441757094,17.104197658061413,6.0089781182556266,15.524023840411665,10,19.067967644154024,29.45294920382138,10.67260360451473,29.594650696778135
3930160,a242f8c1-e6db-46ce-955b-a98de5d888c2,53,Pressure,7,23.3625,14.96,8,28.911090131051445,44.741173940465934,15.83008380941449,17.399789001608408,11.525484976954546,21.329782441048437,16.284123391702092,7.153380811494692,1.509663861036551,0.04606303406079526,11.148915691087506,4.1122854218118015,22.377209349059875,8,24.829597923510526,30.501178063067062,15.183365487008096,27.157031118511107
3930160,ba34938e-e055-4055-963f-a5d404c32c16,53,Pass,5,30.449999999999996,36.379999999999995,10,38.254860194703056,53.56406117782891,15.309200983125855,33.087238446406715,27.630016025453966,27.297960393139533,34.52990086676712,3.884898800170989,4.826249691771636,3.3930130913053063,8.569910866470387,2.7363297884519504,23.75974425756573,10,31.169295963438074,41.094141836540764,31.679382389654926,56.66019193667531
3930160,e2594ae5-d13a-49ce-a94e-7c41653df7aa,53,Ball Receipt*,7,32.4625,50.065,10,37.660563508846266,52.669699246498546,15.00913573765228,33.922077024076486,28.170380677461825,33.03765710457979,39.740296966662854,3.3693047241134786,4.298340199082321,2.8655292503131164,10.51424152976788,3.8618472315257897,23.290853630010307,10,29.871834590960958,40.223643251969335,30.99692484241861,59.27375430406545
3930160,681cd098-b246-49c4-be8a-4de26dd17ee5,53,Carry,7,32.4625,50.065,10,37.660563508846266,52.669699246498546,15.00913573765228,33.922077024076486,28.170380677461825,33.03765710457979,39.740296966662854,3.3693047241134786,4.298340199082321,2.8655292503131164,10.51424152976788,3.8618472315257897,23.290853630010307,10,29.871834590960958,40.223643251969335,30.99692484241861,59.27375430406545
3930160,78d0778d-4c24-4742-a929-332481bf0f24,54,Ball Receipt*,10,21.175,26.01,10,34.68327024378371,50.61898814258061,15.935717898796902,32.39113574295419,35.60348420832905,24.855961848827565,37.78773139981173,5.0600279667161345,3.9840693243047,1.0162479012305887,8.6253588550757,9.895576369924385,20.005210193626468,10,27.088436354490256,37.91761369303445,36.75699281406616,58.62366813079745
3930160,5e8c07ce-6078-45fa-aeb9-565114a3e839,54,Carry,10,21.175,26.01,10,34.68327024378371,50.61898814258061,15.935717898796902,32.39113574295419,35.60348420832905,24.855961848827565,37.78773139981173,5.0600279667161345,3.9840693243047,1.0162479012305887,8.6253588550757,9.895576369924385,20.005210193626468,10,27.088436354490256,37.91761369303445,36.75699281406616,58.62366813079745
3930160,c5090f71-ed4a-44be-80c2-ff6504bc5ab1,54,Pass,16,28.699999999999996,7.225,10,35.616923010611266,50.551156376414994,14.934233365803728,21.054006774856425,26.882452118052043,37.44384610628767,31.993840900959597,4.793476349324794,2.9267283802878263,5.228005661487054,14.389839698355956,2.976342388902884,28.69999933242798,9,34.89013954314842,42.85939988546083,25.999623578308103,57.89240490597151
3930160,9e0528ce-a30d-4491-a8e8-e1b16e8e9e43,54,Ball Receipt*,18,8.8375,25.5,10,32.2596341363678,50.16900955688467,17.909375420516866,21.402235874813197,25.803862613885098,36.602276018964936,34.345821888086824,6.803349841167123,4.053386080964432,6.694024238995208,13.979355734906523,5.610432335153055,8.83750033378601,11,21.565823303724137,36.286375106692304,25.22114514532283,56.20379676609836
3930160,d2850607-e01d-41d7-8ccf-f0f2ca12dcaa,54,Carry,18,8.8375,25.5,10,32.2596341363678,50.16900955688467,17.909375420516866,21.402235874813197,25.803862613885098,36.602276018964936,34.345821888086824,6.803349841167123,4.053386080964432,6.694024238995208,13.979355734906523,5.610432335153055,8.83750033378601,11,21.565823303724137,36.286375106692304,25.22114514532283,56.20379676609836
3930160,643ecbe6-e469-447d-b5ba-ee04e7b2386d,54,Pass,20,7.4375,27.54,10,29.874267194988487,48.553522213302614,18.679255018314127,24.174952951296852,27.60310985301314,36.96266998612592,33.56915081572287,7.335800433256644,5.487022505155278,4.909182806692929,13.788101498261106,6.906556904077037,7.4375,11,18.75174822125093,33.50012543976608,26.17641748546787,58.04665816759611
3930160,ca0f60c7-06fb-486a-a30b-4b79def4c6b8,54,Ball Receipt*,21,16.0125,43.86,10,31.129898101014106,49.52786459340247,18.397966492388363,30.32580159630114,33.39343982389773,38.20612652996043,32.81263232131608,7.102052059544308,6.310322251075255,2.599000189653985,14.686849504323604,8.356314727013647,7.431644665024972,11,18.778461806531784,33.91288047302309,31.73147375351097,56.65319144156191
3930160,0e714723-f8ad-4ea6-a602-08a5dc2c4fee,54,Carry,21,16.0125,43.86,10,31.129898101014106,49.52786459340247,18.397966492388363,30.32580159630114,33.39343982389773,38.20612652996043,32.81263232131608,7.102052059544308,6.310322251075255,2.599000189653985,14.686849504323604,8.356314727013647,7.431644665024972,11,18.778461806531784,33.91288047302309,31.73147375351097,56.65319144156191
3930160,d4a55f10-30f9-4544-a997-cc1fdaf63aee,54,Pass,23,18.900000000000002,43.265,10,30.519984126638292,47.70766026233359,17.1876761356953,29.279949449138098,35.28758139496517,31.119100035264783,30.85708254031337,6.305179975021084,5.871593741564103,3.1711586845363513,14.044260627861952,1.6935372233099812,18.90000033378601,10,25.09897341792495,35.3836553942223,29.984184218078866,60.758109582177866
3930160,4134cddf-3706-4745-aab0-d2331b7b041a,54,Ball Receipt*,24,43.8375,38.76,10,31.988210514716503,47.28944193270733,15.301231417990824,33.71919192605325,38.26073983576636,30.133444561250613,31.864969832908177,6.103325810826433,5.441186234699066,3.1195053782887783,15.941838978073736,3.2004435964696114,19.20137389579125,10,25.780610707689128,35.613169683116304,34.11434010561182,58.57308228199735
3930160,d0092fd0-6709-4177-9dd8-1b94c3876d89,54,Carry,24,43.8375,38.76,10,31.988210514716503,47.28944193270733,15.301231417990824,33.71919192605325,38.26073983576636,30.133444561250613,31.864969832908177,6.103325810826433,5.441186234699066,3.1195053782887783,15.941838978073736,3.2004435964696114,19.20137389579125,10,25.780610707689128,35.613169683116304,34.11434010561182,58.57308228199735
3930160,53b74c26-3ae1-4aba-a60d-485894efc3de,54,Pass,25,39.9,32.385,10,34.19004414637176,48.90071497056511,14.71067082419335,32.35945669751326,33.13835906151149,34.47548694340485,23.274818449662725,5.618258944774426,4.859826841227518,2.8425328360985844,18.262188904444805,3.891854094896587,22.69157332127138,9,31.032926657283493,38.36111747681135,29.031188695921863,54.37742162054367
3930160,63facc79-aa1f-4618-bc49-c0551c70540f,54,Ball Receipt*,26,39.199999999999996,27.54,10,36.068426965968584,50.824971350837956,14.756544384869372,32.695162799795156,33.35059563209023,31.382100894718477,22.025323061746448,5.3674523603314634,4.408249372726879,0.025379400306135835,17.922740474075937,5.9547534401658595,24.131275573894296,9,32.99738687763781,40.2383783982618,29.507182801300658,51.44757195920923
3930160,9f0b83fd-3644-4d75-80d4-61e05286297c,54,Carry,26,39.199999999999996,27.54,10,36.068426965968584,50.824971350837956,14.756544384869372,32.695162799795156,33.35059563209023,31.382100894718477,22.025323061746448,5.3674523603314634,4.408249372726879,0.025379400306135835,17.922740474075937,5.9547534401658595,24.131275573894296,9,32.99738687763781,40.2383783982618,29.507182801300658,51.44757195920923
3930160,f24f8662-6b6f-432d-8c75-19eda413516f,55,Pass,6,29.662499999999998,4.505,10,31.61801079978094,49.0009138290297,17.38290302924876,16.100388519779305,28.485440799911434,17.029919210824794,28.154117556674848,6.93845926401222,4.850216218045614,0.16304097384767147,7.873768092254352,0.49400084435451674,15.414825672952702,10,21.93685161364167,35.215566816851855,27.955501261733446,50.84163026195979
3930160,fce4bfd9-689e-4489-8f16-64a4e1a8e310,55,Ball Receipt*,8,60.72500000000001,7.48,9,43.97174775010493,60.10250325429569,16.13075550419076,18.538978566114558,18.89088522048974,29.399656801305447,25.472112325775022,4.9127194665848775,2.3425105906642236,1.8750983827857235,11.424730533708725,0.24516996540484293,22.820217159728422,9,32.192180689784166,43.43624867796608,26.921932127106416,44.70205723027385
3930160,8ce121ac-356f-4c6f-9d56-19d3979bbbd9,55,Carry,8,60.72500000000001,7.48,9,43.97174775010493,60.10250325429569,16.13075550419076,18.538978566114558,18.89088522048974,29.399656801305447,25.472112325775022,4.9127194665848775,2.3425105906642236,1.8750983827857235,11.424730533708725,0.24516996540484293,22.820217159728422,9,32.192180689784166,43.43624867796608,26.921932127106416,44.70205723027385
3930160,32f0b5ea-8d65-41e7-9ad2-538baa9379ff,55,Ball Receipt*,29,12.075000000000001,35.870000000000005,10,30.266401305479718,52.78857928097856,22.522177975498842,35.25429345878892,32.84721380000742,33.342671228660805,38.0021179343523,7.981783854568662,4.935725452257843,0.7330800229434047,15.168143870229102,3.0504721545206337,12.25,11,21.749468111926312,37.488874471627945,35.338988882209364,52.13536205468232
3930160,1a9c70f6-4006-4d53-9e97-27f323d39f9b,55,Pass,29,12.25,35.699999999999996,10,30.266401305479718,52.78857928097856,22.522177975498842,35.25429345878892,32.84721380000742,33.342671228660805,38.0021179343523,7.981783854568662,4.935725452257843,0.7330800229434047,15.168143870229102,3.0504721545206337,12.25,11,21.749468111926312,37.488874471627945,35.338988882209364,52.13536205468232
3930160,1e996171-9da4-4675-b3a4-51c3ac299f89,57,Ball Receipt*,6,50.225,54.91,9,39.9915947064009,53.002300999967474,13.010706293566571,52.62324615847825,45.89040390105686,45.32467247993759,19.696857310004447,6.974073460299537,2.934566205866218,1.8705715019660403,34.82361596315704,4.010299937129787,27.720642893801557,6,38.805871066244706,42.28668716315563,42.8459550666073,44.72338951196778
3930160,9a07eb16-9d33-4bb8-857f-a0b10bb0dac8,57,Carry,6,50.225,54.91,9,39.9915947064009,53.002300999967474,13.010706293566571,52.62324615847825,45.89040390105686,45.32467247993759,19.696857310004447,6.974073460299537,2.934566205866218,1.8705715019660403,34.82361596315704,4.010299937129787,27.720642893801557,6,38.805871066244706,42.28668716315563,42.8459550666073,44.72338951196778
3930160,d91bd4bc-1bda-4030-85ad-160958e7b244,57,Pass,6,50.4,56.1,9,40.16659203611282,53.17729832967939,13.010706293566571,53.81324745547532,47.080405198053924,45.32467247993759,19.696857310004447,6.974073460299537,2.934566205866218,1.8705715019660403,34.82361596315704,4.010299937129794,27.89564022351347,6,38.98086839595662,42.46168449286754,44.03595636360438,44.72338951196778
3930160,5298584b-3431-4ae7-8dc4-1e2f7a013800,57,Ball Receipt*,7,55.387499999999996,65.62,8,48.16900299561064,58.944497994639676,10.775494999029036,48.92689388757682,44.335440965142,41.106660237677254,24.5981340593751,8.382659764315942,2.026550031618088,0.4683649600237345,32.94423364428219,5.957791084920579,44.768059283751924,5,50.593641090382306,51.55241273879144,43.95957205446325,40.89272251424545
3930160,bad3d9a0-f100-4978-9aae-c13e7318b71c,57,Carry,7,55.387499999999996,65.62,8,48.16900299561064,58.944497994639676,10.775494999029036,48.92689388757682,44.335440965142,41.106660237677254,24.5981340593751,8.382659764315942,2.026550031618088,0.4683649600237345,32.94423364428219,5.957791084920579,44.768059283751924,5,50.593641090382306,51.55241273879144,43.95957205446325,40.89272251424545
3930160,5a044e89-a7a5-4f4c-9bbb-0b1c0697d9ad,59,Pass,5,37.5375,8.5,10,38.20780133402438,50.55381848592583,12.34601715190145,16.45982187262457,25.645567132946326,26.949736494979742,29.735247450640106,2.8252950619640926,4.6576884608780285,1.2351667802220376,13.488410072790394,8.194913295761587,25.356857954553654,10,32.0526918769728,41.038823904028945,24.938299892591555,54.15384305919317
3930160,2b82931d-6629-4059-adf4-d3a9a6a687a1,59,Ball Receipt*,6,47.6875,1.7,10,41.15295087517448,52.38415701825989,11.231206143085409,18.911712297069748,27.41477068865814,28.05644986611791,30.684634331852646,2.5840492127354087,4.450427033972867,0.37506120054927905,13.75285450684165,7.155731921493587,27.834596174701154,10,33.781082299607604,43.53525304009205,28.183675768665786,54.76336628650832
3930160,fc704284-4483-46c1-b2c6-1492df5cc159,59,Carry,6,47.6875,1.7,10,41.15295087517448,52.38415701825989,11.231206143085409,18.911712297069748,27.41477068865814,28.05644986611791,30.684634331852646,2.5840492127354087,4.450427033972867,0.37506120054927905,13.75285450684165,7.155731921493587,27.834596174701154,10,33.781082299607604,43.53525304009205,28.183675768665786,54.76336628650832
3930160,08a863e4-ba27-42c8-9e31-976a7aa6c27f,59,Ball Receipt*,11,35.875,7.225,8,28.00177800973744,44.76700377345062,16.76522576371318,21.224322466527514,31.88873687367871,40.968442546741365,42.040897632148365,3.6785252164164626,5.551882070805008,4.315672999758992,18.6616718758348,10.883352798733263,15.053600127185383,8,21.653578047100446,28.06811648353777,23.999076395970352,49.53182716349795
3930160,a05aeb15-323b-486e-9cf1-5d42c0ae96f7,59,Carry,11,35.875,7.225,8,28.00177800973744,44.76700377345062,16.76522576371318,21.224322466527514,31.88873687367871,40.968442546741365,42.040897632148365,3.6785252164164626,5.551882070805008,4.315672999758992,18.6616718758348,10.883352798733263,15.053600127185383,8,21.653578047100446,28.06811648353777,23.999076395970352,49.53182716349795
3930160,8e5cc4e1-2094-45b9-8dca-7224c9764a18,59,Pass,12,25.1125,7.819999999999999,8,26.618257766059152,41.200153983598284,14.581896217539132,20.01812280747902,30.95630609853588,39.62471180070037,40.94095289116594,2.70105776028381,6.708102889025802,2.3787113845335917,19.633230857189737,11.825819069976973,15.015058495766255,8,19.940224188459272,25.366034815516947,22.94770802184007,49.00268031713294
3930160,800d7e8c-d49c-48bd-8d2a-8ab7778f9a9f,59,Pass,5,19.425,9.18,10,31.50588996439759,51.27334881692564,19.76745885252805,19.238453871628053,18.533330957948344,38.02222746632151,37.488749251655996,7.271065034474028,6.640460758866508,1.9760960496075732,16.01044838362309,4.8195387826755045,19.42500066757202,9,31.20541845853403,40.11882539623138,19.28423226449162,59.41286590616232
3930160,34556f3c-3085-498e-bb07-c91421891835,59,Ball Receipt*,7,6.9125000000000005,26.605,9,30.480952686269784,50.70648584517358,20.225533158903797,23.23968026243156,21.373404782805746,36.11214304773544,36.69810821393691,7.989178315597306,6.45146921249996,2.6487170535114934,13.673596916507531,5.950975349862828,6.912500083446503,11,18.814862918623195,34.997351393069444,24.088552408240172,61.97183106718641
3930160,13ca312b-2765-4170-a0bf-4a316deb9d55,59,Carry,7,6.9125000000000005,26.605,9,30.480952686269784,50.70648584517358,20.225533158903797,23.23968026243156,21.373404782805746,36.11214304773544,36.69810821393691,7.989178315597306,6.45146921249996,2.6487170535114934,13.673596916507531,5.950975349862828,6.912500083446503,11,18.814862918623195,34.997351393069444,24.088552408240172,61.97183106718641
3930160,edc8d747-2771-4e6e-b30d-50132cd09fa0,59,Pass,8,6.9125000000000005,29.41,9,28.499738819819317,48.9652739599032,20.465535140083883,24.540174125077538,23.15441011882853,37.314088886657,34.414704087981306,8.329556519584433,6.079750355445846,4.411134565627574,13.472333915408901,5.2348021222258865,6.912500083446503,10,17.402845676956133,31.289928029578526,28.017801819688753,61.816438136562276
3930160,c258891d-e3f0-4740-bb24-fb0eb6d40be2,60,Ball Receipt*,10,14.087500000000002,46.239999999999995,10,27.641893448664025,47.35854479799916,19.716651349335134,32.475492845971736,35.56182945863492,38.28449997715475,23.844962055545878,8.252125705306419,5.567932220818536,4.823885793191586,15.286653351367612,4.3830157528552505,5.243462370858825,11,16.02184798138416,31.966489705925905,31.99751113944872,61.604741612029216
3930160,7722f60b-e997-4bac-aa03-3b3f3dc73c0d,60,Carry,10,14.087500000000002,46.239999999999995,10,27.641893448664025,47.35854479799916,19.716651349335134,32.475492845971736,35.56182945863492,38.28449997715475,23.844962055545878,8.252125705306419,5.567932220818536,4.823885793191586,15.286653351367612,4.3830157528552505,5.243462370858825,11,16.02184798138416,31.966489705925905,31.99751113944872,61.604741612029216
3930160,2864ad3c-7a07-45cf-b54b-ea84f97f7322,60,Pass,14,30.275000000000002,41.055,10,34.37132299714591,49.10062492519896,14.729301928053047,32.78229132314077,36.33564402607154,30.39934004677065,17.92932222137401,4.136381456862136,4.1367715715107245,3.0927613060828776,14.052291305717976,0.9666753117404596,20.57951118287943,10,29.518323851826676,38.87998878294245,31.167481236083013,60.087740265095675
3930160,68893fa6-852d-4220-94ad-a6d43b92f744,60,Ball Receipt*,14,32.987500000000004,38.589999999999996,10,34.97373686222735,49.361293486132894,14.387556623905546,33.355117248347156,37.393077773898405,29.507934377753426,17.081646664510192,3.759361963055121,4.2462543725877,3.0202462493206816,13.65938458045813,0.7192252111384541,20.889136711237075,10,29.93654805160279,39.4410882228979,32.082443472472015,59.83315436383764
3930160,057165d4-122e-44b5-a287-b392824c0c98,60,Carry,14,32.987500000000004,38.589999999999996,10,34.97373686222735,49.361293486132894,14.387556623905546,33.355117248347156,37.393077773898405,29.507934377753426,17.081646664510192,3.759361963055121,4.2462543725877,3.0202462493206816,13.65938458045813,0.7192252111384541,20.889136711237075,10,29.93654805160279,39.4410882228979,32.082443472472015,59.83315436383764
3930160,0c46b3ee-9e33-4910-810b-a649d0fc27c7,60,Pass,15,32.987500000000004,38.589999999999996,10,37.04283582350583,51.18079712301003,14.137961299504198,32.20242208106073,28.74860817325797,28.998419275817596,34.09605899963419,3.3409683768345406,4.223386505416532,2.16392959525038,14.400074349458421,0.4184952846380874,23.60548451083767,10,31.68478607403571,41.45972882518895,30.66152804665421,60.84196880301405
3930160,a15b070c-cd2e-46aa-aba8-a8064ec10984,60,Ball Receipt*,17,44.1875,65.96,10,38.52155832221102,51.5973606369288,13.075802314717777,40.009850315147965,37.14537179612752,30.90653718543446,40.65006771096273,3.6301205617866215,4.030749346745513,1.588552091448797,15.751383344568929,0.350394777629198,24.939020942857375,10,32.70812583084471,42.360488148388185,37.75332303801666,61.16127432321922
3930160,273544fe-d66f-4bff-b830-b7593fdf9ae0,60,Carry,17,44.1875,65.96,10,38.52155832221102,51.5973606369288,13.075802314717777,40.009850315147965,37.14537179612752,30.90653718543446,40.65006771096273,3.6301205617866215,4.030749346745513,1.588552091448797,15.751383344568929,0.350394777629198,24.939020942857375,10,32.70812583084471,42.360488148388185,37.75332303801666,61.16127432321922
3930160,1e3322ba-316e-4c71-bbf2-2bc534337c1d,60,Ball Receipt*,18,51.1,57.205,10,40.66342227808009,53.02336190555531,12.359939627475221,51.22947939325606,40.14791473245293,39.35256395786544,21.421098808937693,4.635109820247522,4.506720146332417,4.266467330257818,20.772723205141777,0.8383674832831645,25.520991936225872,9,36.59648980912746,45.48305471223834,42.49366412290041,53.63970168525248
3930160,a379216a-e1ad-4de9-b6e9-dda6a2234598,60,Carry,18,51.1,57.205,10,40.66342227808009,53.02336190555531,12.359939627475221,51.22947939325606,40.14791473245293,39.35256395786544,21.421098808937693,4.635109820247522,4.506720146332417,4.266467330257818,20.772723205141777,0.8383674832831645,25.520991936225872,9,36.59648980912746,45.48305471223834,42.49366412290041,53.63970168525248
3930160,c7637da0-de15-453b-b10c-94450a82e18e,60,Pass,19,30.362500000000004,54.4,9,35.12063078083709,50.97250907095366,15.851878290116574,43.14789420324114,48.42898962979,34.77869953089828,20.408643614896093,4.921437295278784,4.739711372108144,1.8006302303755675,15.764487248589727,1.9621403304554477,26.289274397065284,8,30.142831170569735,38.23728104736955,46.494053402627216,47.776528877135604
3930160,a260331a-2822-4034-a9e0-c1a9ed9e7407,60,Ball Receipt*,21,35.0,67.065,10,36.61105177256928,50.02884751134192,13.41779573877264,46.26604903142625,39.32861726372559,24.73539936911176,27.28240215469271,3.875459055121834,3.7609970297168256,1.8855596166333939,10.955884835113793,1.3182455227435668,28.408123273003373,8,33.374002749991696,40.95140985224796,46.92975547809908,48.67353759570649
3930160,26c87c55-6c0d-4f12-8c11-9d0a9a50b371,60,Carry,21,35.0,67.065,10,36.61105177256928,50.02884751134192,13.41779573877264,46.26604903142625,39.32861726372559,24.73539936911176,27.28240215469271,3.875459055121834,3.7609970297168256,1.8855596166333939,10.955884835113793,1.3182455227435668,28.408123273003373,8,33.374002749991696,40.95140985224796,46.92975547809908,48.67353759570649
3930160,1ce9ab29-6cee-4dc3-86e0-957f136b8ec6,60,Pass,22,35.7875,67.235,10,37.699480715903306,51.090163250070205,13.3906825341669,47.75827961621827,41.252139597735216,30.024575938167928,31.262900141520262,3.3456489703797265,2.811449779303286,5.675599981721092,11.776734049106949,5.44588743733167,25.900673086467563,8,33.12839054593038,41.58703060448657,47.758185215382284,50.07875338309624
3930160,616ce6c8-4ca1-444f-9900-94e168778b33,60,Ball Receipt*,23,24.412499999999998,54.74,10,34.130076436850324,50.778560626272125,16.6484841894218,53.599324760879185,48.916079795168955,30.695313637507788,36.0051344783449,3.939398190881758,3.2698031264597036,3.0065091267956916,11.486715440020888,3.650535019228009,24.41249966621399,8,32.705801002392704,42.1875655322805,55.940776251990584,53.29938338679829
3930160,a275920e-2f5f-4bb6-9eda-ac069206eb19,60,Carry,23,24.412499999999998,54.74,10,34.130076436850324,50.778560626272125,16.6484841894218,53.599324760879185,48.916079795168955,30.695313637507788,36.0051344783449,3.939398190881758,3.2698031264597036,3.0065091267956916,11.486715440020888,3.650535019228009,24.41249966621399,8,32.705801002392704,42.1875655322805,55.940776251990584,53.29938338679829
3930160,d7d8716b-01f6-4e03-9547-18642e62d933,60,Ball Receipt*,25,18.025000000000002,26.689999999999998,10,29.948512871597785,50.033649892420044,20.08513702082226,39.93780372034387,38.432617020727484,29.441640785328183,39.775898541181,4.568406456002663,3.6277939905714693,4.527143123370692,11.097520206804077,0.9028889214867775,18.02500033378601,10,25.21189418995192,37.35668422742738,40.22994875930396,55.39427505858547
3930160,100e6c6a-bda6-4b9d-ae4f-27bbb4672da3,60,Carry,25,18.025000000000002,26.689999999999998,10,29.948512871597785,50.033649892420044,20.08513702082226,39.93780372034387,38.432617020727484,29.441640785328183,39.775898541181,4.568406456002663,3.6277939905714693,4.527143123370692,11.097520206804077,0.9028889214867775,18.02500033378601,10,25.21189418995192,37.35668422742738,40.22994875930396,55.39427505858547
3930160,319941c5-bb16-4288-ade7-4c2766ce8cbd,60,Pass,27,21.2625,26.86,10,31.787845669090323,51.88035748934948,20.092511820259155,37.758598119884745,36.74909906760194,29.195832740628823,38.514343029706424,5.992791305603426,3.677042299091188,2.110726970052575,9.623416088109657,1.4937543007809637,21.26249933242798,10,27.315260427064942,39.36288092395156,39.1657794378108,58.8018722988044
3930160,e1f30643-510a-4460-83c7-d4245b35857a,60,Ball Receipt*,28,31.762499999999996,27.795,10,33.96219764441112,53.43585070420488,19.47365305979376,34.10460496779579,33.02775017452966,30.20839611211484,38.22539135834826,6.31509074104416,3.974340257463284,3.6209423323431835,9.803457352582036,4.363308475225313,22.969671225125502,10,28.441113354234833,40.75886168384384,35.97653957441744,59.67640858576599
3930160,6a5cfcec-48c5-4772-acd9-5ad2c6466b01,60,Carry,28,31.762499999999996,27.795,10,33.96219764441112,53.43585070420488,19.47365305979376,34.10460496779579,33.02775017452966,30.20839611211484,38.22539135834826,6.31509074104416,3.974340257463284,3.6209423323431835,9.803457352582036,4.363308475225313,22.969671225125502,10,28.441113354234833,40.75886168384384,35.97653957441744,59.67640858576599
3930160,dd9aea23-1442-4fce-9693-941f84b46ab5,60,Pass,31,41.387499999999996,20.145,10,40.81583390906276,56.331728527685186,15.515894618622426,32.31167107025482,32.051283342086,30.066897884386183,30.166646401080836,5.374329425960618,3.5349141277636664,2.587905743592966,10.566973496891897,6.723338173074005,30.46176482464635,9,38.221478518182295,47.42488275965924,36.97437082440492,58.099888028708534
3930160,f0bf6a63-a4e7-4ff7-8648-cfa5260e6389,61,Ball Receipt*,59,13.65,30.175,9,35.01586882968279,56.553125283298144,21.537256453615356,40.34694767195039,30.928402053161655,25.850937312657894,35.10861780487731,9.386814774546535,3.5165038389356664,2.77026211199842,8.862490002665094,4.357236205997861,13.65000033378601,9,22.70746429591474,36.277635797487896,37.771474883389075,56.720785949324025
3930160,7fba2e34-1d27-4317-aadb-cb53acd098f7,61,Carry,59,13.65,30.175,9,35.01586882968279,56.553125283298144,21.537256453615356,40.34694767195039,30.928402053161655,25.850937312657894,35.10861780487731,9.386814774546535,3.5165038389356664,2.77026211199842,8.862490002665094,4.357236205997861,13.65000033378601,9,22.70746429591474,36.277635797487896,37.771474883389075,56.720785949324025
3930160,0bfc79dd-94a7-42fa-951e-5d7c2a3d085a,61,Pass,60,13.65,30.175,10,31.50813973335313,53.20837113009116,21.70023139673803,38.555065871163684,28.058616256097174,26.799734575484077,41.42472487832599,10.069289602079971,4.699654537790902,1.1470870227498224,9.71981531934696,6.739336558814102,13.65000033378601,10,19.598545768913183,35.951278056649755,36.957142929146514,59.62868648234369
3930160,ca2fee13-68e6-42b3-bcd1-b63bf3cf3b07,61,Ball Receipt*,61,25.025000000000002,35.529999999999994,10,31.400041466866526,52.871305393977764,21.471263927111238,31.802003306287467,39.26782908454705,32.84135721598904,33.44603903678245,9.594063010684474,4.94393414971799,0.7696550141690395,13.753484300290094,0.5291257905016522,14.008887725570592,10,19.519085461599285,35.88000471751386,37.776968181553336,59.03385845958209
3930160,e5f6d94d-123c-4988-a11f-dcfdeaa6b2dc,61,Carry,61,25.025000000000002,35.529999999999994,10,31.400041466866526,52.871305393977764,21.471263927111238,31.802003306287467,39.26782908454705,32.84135721598904,33.44603903678245,9.594063010684474,4.94393414971799,0.7696550141690395,13.753484300290094,0.5291257905016522,14.008887725570592,10,19.519085461599285,35.88000471751386,37.776968181553336,59.03385845958209
3930160,591e4bb9-53b7-4df2-a526-82311acab963,61,Pass,61,25.025000000000002,35.529999999999994,10,31.400041466866526,52.871305393977764,21.471263927111238,31.802003306287467,39.26782908454705,32.84135721598904,33.44603903678245,9.594063010684474,4.94393414971799,0.7696550141690395,13.753484300290094,0.5291257905016522,14.008887725570592,10,19.519085461599285,35.88000471751386,37.776968181553336,59.03385845958209
3930160,fd560699-6f19-4640-a57a-55b05e657974,61,Ball Receipt*,62,17.675,49.555,10,31.07966687632925,51.83729666103728,20.75762978470803,33.07735203261439,44.514059752870466,31.88818405054792,26.108402868121384,9.142170730316922,5.229247381731851,3.308592188873561,13.44311073558747,1.3914364254647182,17.67500066757202,9,24.53404526775389,37.841694793474176,39.42404930910661,59.281995085315366
3930160,a309d8e1-57a0-4f2c-ad7b-aac42915a92e,61,Carry,62,17.675,49.555,10,31.07966687632925,51.83729666103728,20.75762978470803,33.07735203261439,44.514059752870466,31.88818405054792,26.108402868121384,9.142170730316922,5.229247381731851,3.308592188873561,13.44311073558747,1.3914364254647182,17.67500066757202,9,24.53404526775389,37.841694793474176,39.42404930910661,59.281995085315366
3930160,e2a3db39-0c28-4819-8aec-92cd9d81be45,61,Pass,64,20.5625,52.699999999999996,10,30.238124210845513,50.696377075363976,20.458252864518464,42.508438145952596,35.064938358567744,30.40538139574591,42.01842349153914,6.280829472384547,4.488085263900037,3.7349821033446773,10.325942315202514,6.818535913598989,20.5625,10,24.58169365729244,38.08511482244527,35.44845146538477,57.35815053169833
3930160,2a857731-f0a6-40aa-8ebf-582d8e4175da,61,Ball Receipt*,65,27.474999999999998,66.045,10,29.862567905608238,50.95761812727249,21.095050221664252,45.41039884269488,38.40640950519975,31.917138355047385,44.20273851070708,4.746342451810584,4.024633222551371,6.344840488789089,10.309217943183612,5.874241681855473,20.83672681551503,10,24.130445406375514,37.62049486730519,37.17885415085647,56.73167566869446
3930160,88cb9601-7071-4f6a-afb7-9c1078a9a04d,61,Carry,65,27.474999999999998,66.045,10,29.862567905608238,50.95761812727249,21.095050221664252,45.41039884269488,38.40640950519975,31.917138355047385,44.20273851070708,4.746342451810584,4.024633222551371,6.344840488789089,10.309217943183612,5.874241681855473,20.83672681551503,10,24.130445406375514,37.62049486730519,37.17885415085647,56.73167566869446
3930160,6581d5af-ec95-4ddc-a5d7-2245bb9f2764,61,Ball Receipt*,69,3.15,42.245000000000005,10,23.263089216700624,46.906706968014475,23.64361775131385,44.49252586935806,34.7360090862791,23.047601133356043,30.340880785016786,5.797320339177605,3.0132596790000403,0.031993790244086995,15.32232857972873,5.863861938673136,3.1499999165534973,9,13.713485361527862,26.12588445597111,40.24000770101108,43.95184686984217
3930160,bbcc4450-4377-49c5-bf35-13b81221938a,61,Carry,69,3.15,42.245000000000005,10,23.263089216700624,46.906706968014475,23.64361775131385,44.49252586935806,34.7360090862791,23.047601133356043,30.340880785016786,5.797320339177605,3.0132596790000403,0.031993790244086995,15.32232857972873,5.863861938673136,3.1499999165534973,9,13.713485361527862,26.12588445597111,40.24000770101108,43.95184686984217
3930160,6e209c15-14a5-4140-8013-84f399cf4715,61,Pass,71,4.8999999999999995,41.055,10,22.175770759727424,45.83831008205949,23.66253932233207,42.40333171160704,31.459530116017657,27.789710108385883,31.13055038131533,7.313678467488742,3.2504108650152785,0.5486647743624786,16.88000106205083,5.3746464923053985,4.899999916553497,11,13.786425755532354,30.28793055492347,38.18022014950043,54.564490211244944
3930160,45514642-bc42-4bf2-913a-f3036c4a9faf,61,Pass,82,39.550000000000004,22.185000000000002,10,38.104146181826124,52.76883140382189,14.664685221995768,31.85612410340442,20.80484439623273,30.571795236377472,25.34629714285447,5.985373552275383,6.847566808252215,1.2451955128493921,12.443657529627671,2.663862665774685,35.468711572765116,9,37.209829449921216,44.066884678033226,27.122311840241327,35.6284443070697
3930160,fc09c2f8-07bc-4e10-bc98-385a359a3d05,61,Ball Receipt*,83,36.4,16.744999999999997,9,39.16337354834239,54.31947234660295,15.156098798260558,31.775822757355417,24.341844775146605,28.14767400883246,26.20603363151273,5.758562046958784,6.502158029157367,2.292270378652155,13.004593563300261,4.269633411412549,36.39999866485596,9,38.22838308379983,45.5715188429613,27.555286913537874,37.316864301646866
3930160,cd0c79bb-7183-4276-8933-c0ffadfcd624,61,Carry,83,36.4,16.744999999999997,9,39.16337354834239,54.31947234660295,15.156098798260558,31.775822757355417,24.341844775146605,28.14767400883246,26.20603363151273,5.758562046958784,6.502158029157367,2.292270378652155,13.004593563300261,4.269633411412549,36.39999866485596,9,38.22838308379983,45.5715188429613,27.555286913537874,37.316864301646866
3930160,252d2c37-5f40-4886-ac00-231910bfd76f,61,Pass,86,40.949999999999996,8.924999999999999,10,41.82783125785092,54.072288060437664,12.244456802586747,25.362510492787287,19.357760439618186,34.923934106564204,41.505948674563975,2.719664806631606,4.902625428129391,4.5306634831842185,14.579234539031845,10.137116824944195,33.483792022160884,10,36.62949840587354,45.38632317212351,25.287889440683955,47.80281011398618
3930160,cb472644-b6ef-47bc-968b-c304c2d0e801,61,Ball Receipt*,87,45.85,1.02,9,44.019962520304205,56.7355056001212,12.715543079816996,21.07946177688076,25.007940363366814,42.11485133898848,25.170159797843382,2.9227340486132576,5.29123593451153,3.38564055593901,15.426360318698173,2.575534851574652,34.78849022081037,10,38.229651214503825,46.92722537555164,24.042043459251907,49.34653954305447
3930160,c771719f-ea4d-45b8-af55-52f3560a63f1,61,Pass,87,44.975,1.02,9,43.144962520304205,55.8605056001212,12.715543079816996,21.07946177688076,25.007940363366814,42.11485133898848,25.170159797843382,2.9227340486132576,5.29123593451153,3.38564055593901,15.426360318698173,2.575534851574652,33.91349022081037,10,37.354651214503825,46.05222537555164,24.042043459251907,49.34653954305447
3930160,2ad9d2a1-ae71-45b3-b208-f8a9c44c627b,61,Pressure,88,51.5375,3.315,8,46.03796967743641,56.960272786526836,10.922303109090429,21.8675871523907,23.762480741274647,44.65882056596832,37.27805127227525,3.9480692493881646,3.9448758471768737,4.056099308042464,16.55208089236505,11.413343836837335,35.069517346596506,10,38.4947606555243,47.9650669921782,24.12773226780134,51.38870653269718
3930160,8d868215-34b1-4228-82d4-d425d415203f,62,Pass,10,30.887499999999996,57.715,9,38.8265292503467,54.510584832696495,15.684055582349792,44.12692011242035,45.52227340350129,30.8867010511054,36.06074588178636,7.200997805707672,3.4290699103404774,3.515644910942548,15.396882205715922,3.6690236127291556,18.904308027250934,9,30.852671007873564,41.502109994025695,39.434318475406485,59.62630901238478
3930160,7bdbaa95-fed0-4fe5-91ba-754c13cef342,62,Ball Receipt*,11,23.0125,56.60999999999999,8,37.247592764487294,52.88368474554532,15.636091981058023,45.71699646501412,48.9941512044033,30.520689214724154,36.794367403734114,7.325119559083068,3.4866253097165045,2.020611505676321,15.22050200902628,3.706365996200617,18.470572239718198,10,26.681891189070353,38.9172729360023,42.30710374266149,62.40596911093269
3930160,86c48c4b-8841-4d5b-9d43-b5d27767c860,62,Carry,11,23.0125,56.60999999999999,8,37.247592764487294,52.88368474554532,15.636091981058023,45.71699646501412,48.9941512044033,30.520689214724154,36.794367403734114,7.325119559083068,3.4866253097165045,2.020611505676321,15.22050200902628,3.706365996200617,18.470572239718198,10,26.681891189070353,38.9172729360023,42.30710374266149,62.40596911093269
3930160,1457c35e-ee1c-4d66-b845-2d001d7cc119,62,Pass,12,22.925,46.92,9,35.458821965327786,53.786884675313885,18.3280627099861,39.80840895794235,41.957160425390036,23.12089693970842,38.15826708463101,7.436121487823428,3.4863109811275255,1.6997627761741327,12.3206742572352,5.460944712036643,18.64406136357772,10,26.222414159775767,38.902383925754336,37.68669715591128,62.33133199912257
3930160,47c01ec6-bcc0-4999-ac5e-e77998602b9c,62,Ball Receipt*,13,29.224999999999998,44.199999999999996,10,32.711767262273405,51.17296988625495,18.461202623981542,37.494820299457544,39.38225879944879,21.09940373054826,38.29070068492782,7.030868614633973,3.518554507583042,1.8933216791116365,8.85441751585558,5.795338211565856,16.661041187575748,10,24.056443225547486,36.77493730946132,36.05923952169069,61.619505249524806
3930160,d4a5ec4c-cbc0-4709-b4c0-5c3e8ded4ff6,62,Pass,13,29.400000000000002,44.199999999999996,10,32.88676459198532,51.34796721596686,18.461202623981542,37.494820299457544,39.38225879944879,21.09940373054826,38.29070068492782,7.030868614633973,3.518554507583042,1.8933216791116365,8.85441751585558,5.795338211565856,16.836038517287662,10,24.2314405552594,36.949934639173236,36.05923952169069,61.619505249524806
3930160,06f762e3-b9e8-4819-8957-07d019f8ac94,62,Ball Receipt*,14,31.237500000000004,57.375,10,32.88683948440352,50.50859003007881,17.62175054567529,38.61038394264152,38.847971123227914,21.84476659823331,39.19842057850492,6.56705474385492,3.4262691935269403,3.0364005873575053,7.231605616515196,6.268733505996863,16.823657668079115,10,24.611314152699702,36.75047719587407,35.952232703061256,63.51033874068885
3930160,d959951e-428e-4481-b8e3-b37c5c38886a,62,Carry,14,31.237500000000004,57.375,10,32.88683948440352,50.50859003007881,17.62175054567529,38.61038394264152,38.847971123227914,21.84476659823331,39.19842057850492,6.56705474385492,3.4262691935269403,3.0364005873575053,7.231605616515196,6.268733505996863,16.823657668079115,10,24.611314152699702,36.75047719587407,35.952232703061256,63.51033874068885
3930160,e7bfae4a-c9d9-4249-ad3a-9652c3a09f73,62,Pass,15,32.025,57.545,10,32.455869429257696,49.05679051479531,16.600921085537614,39.85782429538524,38.41759489235613,25.43538469945089,38.86326633001853,6.172350246210396,3.5104070581904327,2.9822523570547546,11.296528053989668,6.362519154918438,14.823774711116346,9,27.63739891098549,37.66630790872947,35.085100618332575,60.522844054707754
3930160,9f03fad4-9fbd-47fd-8094-3c73518d8143,62,Ball Receipt*,15,41.475,55.675,10,34.96823022833051,49.45731095337798,14.489080725047465,46.30529893261089,43.59482879070728,26.295272032086572,35.863698804088266,5.742186571237751,4.445504855361727,2.5570168023732904,11.746420664574977,2.920927497243369,33.93086154769236,8,36.120307338546255,42.63942843701595,41.8839972158328,62.30475685789855
3930160,e9fe7709-1684-4950-8fea-21b703d61593,62,Carry,15,41.475,55.675,10,34.96823022833051,49.45731095337798,14.489080725047465,46.30529893261089,43.59482879070728,26.295272032086572,35.863698804088266,5.742186571237751,4.445504855361727,2.5570168023732904,11.746420664574977,2.920927497243369,33.93086154769236,8,36.120307338546255,42.63942843701595,41.8839972158328,62.30475685789855
3930160,3b44935a-dd01-431e-bea0-280619b03385,62,Pass,16,39.725,54.23,10,35.54255252721326,48.86182871502635,13.319276187813088,46.277491035674565,39.11869577141286,22.789277657214768,33.43941483943901,4.9057711990360495,5.177190162993707,0.4958322481284867,12.142868406990921,8.384621624668291,33.35193684573115,8,35.643453198545956,42.51846299787462,39.921153084482114,60.69862981563049
3930160,98db282a-1fd6-4f06-b3c9-ff8d2802979c,62,Ball Receipt*,17,34.2125,53.21,10,35.599857695416866,48.7188142558061,13.118956560389236,47.44199249329579,40.3965899558262,21.49520175554386,34.12602295597133,4.522978342118944,5.171545743421387,1.748317757310005,13.2690208333917,8.147406157796752,32.673108732344,8,35.0896484598403,42.09898380836816,40.989379813860324,62.702874610953714
3930160,2be9da55-5fa7-4f8d-ba76-5276b015a799,62,Pass,17,35.262499999999996,54.57,10,35.599857695416866,48.7188142558061,13.118956560389236,47.44199249329579,40.3965899558262,21.49520175554386,34.12602295597133,4.522978342118944,5.171545743421387,1.748317757310005,13.2690208333917,8.147406157796752,32.673108732344,8,35.0896484598403,42.09898380836816,40.989379813860324,62.702874610953714
3930160,65b96172-29d5-4254-8db0-a8e791763c62,62,Ball Receipt*,18,32.4625,61.455,10,35.44314607407347,48.88568137445405,13.442535300380584,49.40553206807532,42.356239821910684,22.702803662730645,35.0334732203164,4.1907299062988885,5.289051802590879,1.9818841672950214,13.029976043993436,9.273051543020358,18.924458447336942,9,29.95616772799047,39.47094840808812,41.6108032655116,59.923342398628186
3930160,fc347c5e-4f8a-4479-99c5-439dfe0f23d0,62,Pass,18,32.4625,61.455,10,35.44314607407347,48.88568137445405,13.442535300380584,49.40553206807532,42.356239821910684,22.702803662730645,35.0334732203164,4.1907299062988885,5.289051802590879,1.9818841672950214,13.029976043993436,9.273051543020358,18.924458447336942,9,29.95616772799047,39.47094840808812,41.6108032655116,59.923342398628186
3930160,84ddae8e-3b67-4858-8061-015f4052e20d,62,Ball Receipt*,19,24.587500000000002,53.975,10,36.894506961950505,51.58647806520059,14.691971103250083,51.887954596931294,44.99494120636819,21.715891379344512,36.77687455556219,3.547711061323711,5.750416670313458,2.79756470572444,12.415051999868304,11.569441880984236,23.16052274277039,10,29.555701982573083,40.069413217564836,45.24867996168155,62.284202017105805
3930160,e3e41c2b-371e-4d17-86e6-dfa372fa16c1,62,Carry,19,24.587500000000002,53.975,10,36.894506961950505,51.58647806520059,14.691971103250083,51.887954596931294,44.99494120636819,21.715891379344512,36.77687455556219,3.547711061323711,5.750416670313458,2.79756470572444,12.415051999868304,11.569441880984236,23.16052274277039,10,29.555701982573083,40.069413217564836,45.24867996168155,62.284202017105805
3930160,6bf1e50a-1cb5-454c-b0f1-dec038c9f60b,62,Pass,21,24.587500000000002,53.975,10,35.539227159956184,48.89975000385785,13.360522843901663,49.65011627321396,46.68411539507031,20.949802489962273,37.38420173551709,3.7481448368381094,5.362115680046676,4.077847292354889,5.730476438270998,4.003116700078223,17.702668860157775,10,27.41219430468729,37.70985846125649,45.20620360736577,62.88666789226166
3930160,60755dc4-938c-483e-bc0f-f6e93e2def15,62,Ball Receipt*,22,19.599999999999998,26.01,10,35.50811962915985,49.11574196360357,13.607622334443718,37.50460495787166,34.614890439498794,27.052589194139173,38.10119177470866,5.100695428551062,3.9295730189581257,1.9721294681990713,8.537058670339981,5.741468713125201,19.59999966621399,10,27.970411823677964,38.42924488344801,35.66817550920541,57.38389761482128
3930160,a7a42393-116b-458d-a737-d17837071b2d,62,Carry,22,19.599999999999998,26.01,10,35.50811962915985,49.11574196360357,13.607622334443718,37.50460495787166,34.614890439498794,27.052589194139173,38.10119177470866,5.100695428551062,3.9295730189581257,1.9721294681990713,8.537058670339981,5.741468713125201,19.59999966621399,10,27.970411823677964,38.42924488344801,35.66817550920541,57.38389761482128
3930160,f3315526-ecd7-4a5c-8611-7bc6d889b8e2,62,Pass,26,39.025,17.849999999999998,10,41.88065386344439,57.28414944211132,15.403495578666934,28.345471388182784,34.0132297435886,31.052956905039185,25.743667490217195,4.247664719461283,2.32597556434277,1.340277307614663,13.547613617518792,0.6399458309433683,38.98256995020543,9,40.9234622053251,48.92669273449179,28.981635162028276,57.44962309994446
3930160,13aed9f3-c1a2-4c7c-a355-37cc4137ead1,62,Ball Receipt*,27,44.800000000000004,4.335,10,41.488447727381285,57.30116568941267,15.812717962031385,23.432136158207754,26.121643113631176,31.32948527539036,36.50723550847289,3.7932378245723215,2.442939816725762,1.4646812892897323,14.309771801399673,1.8346204203172363,37.719423881978315,9,40.800195841703626,48.96661969127497,25.001976644436642,57.8226051540986
3930160,90b49256-0b2d-4f45-86b2-f85b215b8f85,62,Pass,27,44.800000000000004,4.335,10,41.81931081877098,57.525142878280235,15.705832059509255,23.449031870764568,25.288425406337637,30.91843844366232,36.33888725761624,3.7106669413282547,2.447441389066774,3.226633799851262,13.950257178114981,2.401726902938716,37.91245278366726,9,41.018968931941274,49.18085090527984,24.70512803688945,56.93185955988811
3930160,494e0796-f9a2-4ef3-84e8-01bddcc2b730,63,Ball Receipt*,43,64.3125,16.49,10,32.645545988531225,45.45612239380699,12.810576405275768,43.02460530133437,40.12788769168756,56.790562777402855,20.201105826368405,3.3180540109325793,4.166355667554413,2.9826445334308644,31.319014645554994,4.1217803926843715,26.427592137443497,10,27.527933687357333,34.72092871666509,43.818913352533926,24.65901732460319
3930160,3ec15be8-d23f-45d6-be6b-317f380ef77c,65,Pass,6,13.387500000000001,26.349999999999998,10,33.671764863693944,52.01706968575655,18.34530482206261,29.006208318666125,24.99260849029334,30.38996469645578,40.53902865534657,8.674952059192972,4.389087808708398,5.383361341804001,9.885868534429246,3.2528860298517515,13.387500166893005,11,23.799820296923276,39.57480525918573,22.98169843501157,50.867262517698066
3930160,fe0160b5-00b1-4820-8bef-2ac30ecb741f,65,Ball Receipt*,12,55.737500000000004,33.235,10,43.67208181938239,58.08133823649254,14.40925641711015,40.1800838275651,42.220725455081975,45.91099141469912,16.323776669663573,3.695585061151922,4.617577192456669,4.380181548567798,19.01173936960206,0.5462918379341488,36.72861248457315,10,39.36042881116825,48.181359935721844,37.08659214054392,31.424372994432353
3930160,271fd044-3bcd-4083-abe6-c0039bcff186,67,Ball Receipt*,10,43.137499999999996,17.849999999999998,10,29.92257546251808,51.52645326861641,21.60387780609833,27.345877442597743,26.795202679165076,30.61523336022341,42.10546956645548,9.218898795134827,3.2282345782006114,0.9607796717266908,13.410598569028007,9.90843133673171,18.92965355125576,10,23.109491166899886,35.96241454266469,31.298668867656012,50.573145004379974
3930160,56f2ba98-6c85-422d-afb8-c639a44a8516,67,Pass,10,43.137499999999996,17.849999999999998,10,29.92257546251808,51.52645326861641,21.60387780609833,27.345877442597743,26.795202679165076,30.61523336022341,42.10546956645548,9.218898795134827,3.2282345782006114,0.9607796717266908,13.410598569028007,9.90843133673171,18.92965355125576,10,23.109491166899886,35.96241454266469,31.298668867656012,50.573145004379974
3930160,1905a345-3cde-4599-bfa2-f168ddce560c,67,Ball Receipt*,11,49.525,11.645,10,34.14382591634635,52.199919244117865,18.056093327771514,27.416616062088583,27.527843624201324,34.244112742556986,39.87226785225477,8.740821399416742,2.7001274561812423,0.8423716319616368,15.64464564575116,8.194181931906753,24.770387599840397,10,27.631673415243448,38.861346559870285,31.4370887999852,48.54871606658278
3930160,02754459-29d0-4cab-aca2-4acfd3922a45,67,Carry,11,49.525,11.645,10,34.14382591634635,52.199919244117865,18.056093327771514,27.416616062088583,27.527843624201324,34.244112742556986,39.87226785225477,8.740821399416742,2.7001274561812423,0.8423716319616368,15.64464564575116,8.194181931906753,24.770387599840397,10,27.631673415243448,38.861346559870285,31.4370887999852,48.54871606658278
3930160,2ff9c960-0b03-4d84-b4c9-122f2968828a,67,Pass,12,47.6875,11.645,10,38.48568694380862,53.66499786547418,15.179310921665554,24.698408078208523,25.236519772770134,34.67416844871255,36.976981892143364,9.036481277738819,4.093614603166364,1.1789744429716222,16.99623975553428,4.991711619441084,29.11330086494186,9,33.81465444928623,43.53489425586949,30.112472854748734,50.61331899947677
3930160,56636c6a-10c4-4137-b73c-01fe8a993ee4,67,Pressure,14,50.487500000000004,13.939999999999998,8,47.424933548205075,57.85951655236678,10.434583004161702,16.712953633980156,30.44885680900194,18.572104252132476,29.44372720599381,1.9158658642240258,1.4485274743626806,1.2969616086182505,7.86624783275467,10.428856138121304,31.533406533126247,8,38.43783211377951,45.64631498444817,28.45025055525828,51.900547904839534
3930160,6e214220-fc29-4bff-9d52-a7420d9a307e,67,Ball Receipt*,6,28.875,27.37,10,43.01685114095606,57.684309736711,14.667458595754944,33.13535362944333,33.23089254198825,40.21451230493984,32.540688092400586,5.426249110355895,4.068874680132866,4.808669893899218,14.842791447335989,4.4405107194031395,28.875,9,38.1480474760381,47.584566173064395,35.72300596941357,49.516773240574786
3930160,77edab99-e21c-4303-acc7-dcbed678ee11,67,Carry,6,28.875,27.37,10,43.01685114095606,57.684309736711,14.667458595754944,33.13535362944333,33.23089254198825,40.21451230493984,32.540688092400586,5.426249110355895,4.068874680132866,4.808669893899218,14.842791447335989,4.4405107194031395,28.875,9,38.1480474760381,47.584566173064395,35.72300596941357,49.516773240574786
3930160,12053694-2ea3-4c9c-b22a-ed2e8c7fcf81,67,Pass,8,25.287499999999998,21.505,9,37.1625353285202,55.90446246923403,18.741927140713834,28.53107326303666,29.468514189604136,36.20603349760212,34.66317978588569,6.070412521788687,4.96257821591464,0.47213095571752817,16.58084622011159,4.752087838348505,25.28749966621399,10,30.500850267985,42.53384863302911,32.22478476227946,56.631395391725015
3930160,11dfc300-72db-40c8-bafd-7beca0847a58,67,Ball Receipt*,10,9.450000000000001,36.379999999999995,9,29.97136907264337,51.740629405308674,21.769260332665304,31.060695523284796,32.08924212972215,36.34997567394093,35.02678201362784,7.116911141693587,5.529932312735227,1.5569776887586464,12.698680505056373,5.9474805738034675,9.450000166893005,11,19.85145080273493,35.54624242282884,33.58039566720474,56.61576520557387
3930160,7ed4d209-0555-478e-a2eb-9d17c254ef15,67,Carry,10,9.450000000000001,36.379999999999995,9,29.97136907264337,51.740629405308674,21.769260332665304,31.060695523284796,32.08924212972215,36.34997567394093,35.02678201362784,7.116911141693587,5.529932312735227,1.5569776887586464,12.698680505056373,5.9474805738034675,9.450000166893005,11,19.85145080273493,35.54624242282884,33.58039566720474,56.61576520557387
3930160,910858ea-961a-4f39-89dc-9f9ebcb0f047,67,Pass,12,10.15,38.08,10,25.263509901292483,48.10893292494211,22.845423023649627,30.837809855968448,32.64540653477685,35.66158669982478,38.21534868278443,8.222523599714878,7.21415431218973,1.3804703806316283,11.911127764066247,9.803618023497965,10.15000033378601,11,16.204814622762374,31.746627583000024,31.217523140386604,59.551599483639514
3930160,5f502511-bb27-483f-861b-421ffc935be9,67,Ball Receipt*,5,53.725,10.030000000000001,10,38.57165041895322,56.23855355341973,17.66690313446651,41.75380695892527,40.33015659675365,44.64746933479873,35.84471651442827,6.42996565969398,4.414189395385406,2.423444047581796,20.580680749127527,7.4102855999634585,32.12844970564663,10,36.073375534586056,46.58064612748492,37.885120795700246,35.326220333448944
3930160,34bd9f14-f7ce-4b1a-8f42-0b141c33632a,68,Ball Receipt*,10,38.15,40.714999999999996,10,38.111479961153634,55.149714259620694,17.03823429846706,51.794209056203286,49.13912187829972,34.54348565350254,20.081229070052927,6.136249070971972,2.5806025312543226,1.1487638915447462,23.48244258407072,5.092823582182838,33.19664291246765,9,37.880793498673256,46.356226692675335,44.48520827972197,52.9560340481105
3930160,644e70c3-2df6-4058-8634-c77a0f6ab6f9,68,Carry,10,38.15,40.714999999999996,10,38.111479961153634,55.149714259620694,17.03823429846706,51.794209056203286,49.13912187829972,34.54348565350254,20.081229070052927,6.136249070971972,2.5806025312543226,1.1487638915447462,23.48244258407072,5.092823582182838,33.19664291246765,9,37.880793498673256,46.356226692675335,44.48520827972197,52.9560340481105
3930160,4ced6042-b8d2-4633-a0f4-7389a04d1c5e,68,Ball Receipt*,9,41.65,19.21,9,33.53378551830248,51.31464673492134,17.78086121661886,31.47898007505561,33.59844857152765,34.59042706422214,39.54502770819281,6.1967175076457695,2.9317825192060627,5.71820703185368,12.236565737397115,8.326323588720243,20.240027498707736,9,27.37606462911609,38.07442504779606,32.42755490295412,56.082207831762595
3930160,c9f18d85-5768-4709-8af4-dad806c0477f,68,Carry,9,41.65,19.21,9,33.53378551830248,51.31464673492134,17.78086121661886,31.47898007505561,33.59844857152765,34.59042706422214,39.54502770819281,6.1967175076457695,2.9317825192060627,5.71820703185368,12.236565737397115,8.326323588720243,20.240027498707736,9,27.37606462911609,38.07442504779606,32.42755490295412,56.082207831762595
3930160,a0491018-a36f-413a-af31-4925683d33e2,68,Ball Receipt*,12,30.1875,6.969999999999999,10,33.114476640149704,51.47597287053043,18.361496230380723,21.361522795668897,29.944848945194224,38.157996987939796,39.777570657869695,5.647660807688753,5.328063014743937,3.5892763577578854,20.778173222546318,0.9201923008656578,24.037651012156722,10,27.76970769309857,38.333372079505594,27.205098725659603,57.33535946591789
3930160,53f84a0c-24ab-407d-b60f-598e936ef20a,68,Carry,12,30.1875,6.969999999999999,10,33.114476640149704,51.47597287053043,18.361496230380723,21.361522795668897,29.944848945194224,38.157996987939796,39.777570657869695,5.647660807688753,5.328063014743937,3.5892763577578854,20.778173222546318,0.9201923008656578,24.037651012156722,10,27.76970769309857,38.333372079505594,27.205098725659603,57.33535946591789
3930160,17796aae-b30d-4b3f-8ccf-ecd1ebcf10cc,68,Pass,12,30.362500000000004,6.8,10,32.06692681361788,51.47833157818634,19.41140476456846,22.225126693858666,30.55722040920775,37.46986374929737,41.0039235077007,4.661024833932497,5.159068479452012,3.1398744757667743,21.39472255970588,1.1241468053483885,23.763662769635896,10,27.58261893705533,37.718534519968046,28.146539667265056,57.446855398981
3930160,8ebcb7bf-7b5f-4f97-a6f7-676980d96cd0,68,Ball Receipt*,14,45.4125,2.635,10,32.19270684675321,50.08559008376912,17.89288323701591,21.260671297091694,28.91997951706279,37.6106726599197,43.424499623539546,4.80630773605015,4.370854125316938,2.1759547537622943,21.5982447008706,0.7152729838226932,23.053746577856053,10,26.861688533206824,36.739231414409254,27.4901715989994,55.07945994807654
3930160,ac30b29c-bdd7-4502-ac2b-0ff466467810,68,Pass,14,45.4125,2.635,10,32.19270684675321,50.08559008376912,17.89288323701591,21.260671297091694,28.91997951706279,37.6106726599197,43.424499623539546,4.80630773605015,4.370854125316938,2.1759547537622943,21.5982447008706,0.7152729838226932,23.053746577856053,10,26.861688533206824,36.739231414409254,27.4901715989994,55.07945994807654
3930160,7ae77227-69f9-47d7-a947-d2f99c773ccf,68,Ball Receipt*,15,48.737500000000004,20.994999999999997,9,41.69921449851002,55.76639644512605,14.067181946616031,24.262058332128625,26.93562947257228,37.71606515961174,39.99270265519578,5.109790962304259,3.396697958948811,4.794350996410664,13.644487372373725,10.041941566205452,27.858948625807514,7,37.43444760904406,44.818143227810154,34.12328705107047,59.26905809630627
3930160,04ee9851-a9cd-413b-bd2f-a19c17d1e1c1,68,Carry,15,48.737500000000004,20.994999999999997,9,41.69921449851002,55.76639644512605,14.067181946616031,24.262058332128625,26.93562947257228,37.71606515961174,39.99270265519578,5.109790962304259,3.396697958948811,4.794350996410664,13.644487372373725,10.041941566205452,27.858948625807514,7,37.43444760904406,44.818143227810154,34.12328705107047,59.26905809630627
3930160,55b65264-8f4e-4daf-8eb5-157d85e2c0a2,69,Pass,74,24.325,35.105,10,37.17001880034857,55.6304344146435,18.46041561429493,34.18957062032034,33.25591514108068,29.886129845947302,42.14023533382415,7.460672847853801,3.0376838005200035,3.5414115402233293,12.975842258625288,12.475590978105487,19.401841911209452,11,26.299659102855564,41.89866929864025,33.4173989511782,63.52816448179045
3930160,536763eb-fcc1-4519-981c-49237bca66be,69,Ball Receipt*,75,41.387499999999996,28.389999999999997,10,37.76798682962652,53.49208213201199,15.724095302385464,32.80304378695875,28.229751876942554,17.778333490431894,39.18813097752707,6.2135128833838245,4.78404384195909,0.5498904434806811,7.447744538364965,3.223401407338116,20.79708180843319,11,26.18518291986449,41.3204934788161,30.770619505002472,63.990478516869025
3930160,0b8a0dbb-ae2f-4ac3-a826-23949122f89e,69,Carry,75,41.387499999999996,28.389999999999997,10,37.76798682962652,53.49208213201199,15.724095302385464,32.80304378695875,28.229751876942554,17.778333490431894,39.18813097752707,6.2135128833838245,4.78404384195909,0.5498904434806811,7.447744538364965,3.223401407338116,20.79708180843319,11,26.18518291986449,41.3204934788161,30.770619505002472,63.990478516869025
3930160,7413935a-244c-4b90-9716-9a04868934ef,69,Pass,76,37.887499999999996,29.495,10,36.35872181420895,52.501621364930415,16.142899550721467,34.12125697607556,27.446660286929752,19.447200151648776,37.78515293686768,4.189563992426203,4.930532511904908,1.8759095529773653,6.93296960397366,1.4286950700564773,19.626693778688733,11,25.130511491687606,40.082546950273986,32.47600753897163,62.84732992677342
3930160,cb07d956-32c2-42c9-96a9-9af352355a54,69,Ball Receipt*,77,30.012499999999996,13.344999999999999,10,36.41121418902443,51.95321991797361,15.542005728949185,29.55458402720499,22.7902863149318,24.970179749063018,35.780885741685815,2.661924464166538,4.57459071966169,4.204578921932477,8.183829592596695,1.9885114269361779,22.228839936922327,10,29.88744053660838,42.151300998599595,28.991643607073307,59.59535328447085
3930160,c3802b5c-06c6-48d9-a480-fee83046d0c4,69,Carry,77,30.012499999999996,13.344999999999999,10,36.41121418902443,51.95321991797361,15.542005728949185,29.55458402720499,22.7902863149318,24.970179749063018,35.780885741685815,2.661924464166538,4.57459071966169,4.204578921932477,8.183829592596695,1.9885114269361779,22.228839936922327,10,29.88744053660838,42.151300998599595,28.991643607073307,59.59535328447085
3930160,bbe8ea6a-cc01-4e00-ab2a-44648f509c54,69,Pass,81,37.1875,2.635,10,38.02304817368787,49.68059966156578,11.65755148787791,20.21807163437051,14.957763584560986,32.957196256728395,40.09369492124716,3.361544763065417,4.173010166266555,0.6756020179047049,14.529588432972803,2.337340954390255,23.999782561375987,10,29.89380052871221,40.40447225152253,23.977721609779017,58.515169130255025
3930160,8b909961-cb58-471f-bb64-9e3d92702277,69,Ball Receipt*,7,55.737500000000004,25.075,10,34.79648954023008,47.71202476720622,12.915535226976147,26.618146912514305,25.26999755538577,36.47983723697381,30.20393818550539,3.6585511816825735,3.5488094456729145,2.7920625050371584,14.79614225334782,4.952245288428543,30.408051740069318,10,30.747994729474456,37.43532361639102,29.769294720564023,31.375047793539217
3930160,ffa29111-2270-4176-8002-9a94e1dd326e,70,Ball Recovery,9,36.8375,24.905,9,32.291675576515985,50.48612438519625,18.194448808680264,30.854801683025936,31.920048479079757,25.462827052374056,23.010846157957108,7.079715716648404,3.590016589474266,0.9354925088932333,9.942706538081737,0.8864721795759891,26.07203559015664,10,28.550243273018303,37.075768260392024,35.4908334259013,23.799181295316746
3930160,37b4944e-8730-42b5-b700-3e8a5f65ff7a,70,Carry,9,36.8375,24.905,9,32.291675576515985,50.48612438519625,18.194448808680264,30.854801683025936,31.920048479079757,25.462827052374056,23.010846157957108,7.079715716648404,3.590016589474266,0.9354925088932333,9.942706538081737,0.8864721795759891,26.07203559015664,10,28.550243273018303,37.075768260392024,35.4908334259013,23.799181295316746
3930160,42336347-6e22-4f8c-95ec-7d5cf9388336,70,Pass,11,38.324999999999996,26.605,9,34.18686329264521,50.155471270741344,15.968607978096138,27.4990943884803,30.145051608198266,27.209179480090036,23.037324473439757,5.623039037004477,4.729096359730552,2.348535986062327,15.30915910165854,3.157365199719173,28.008835735729566,10,29.76306193509826,37.865107711834426,32.522047408654785,25.26653992092708
3930160,5200acc0-1b2b-42ad-aeab-1db36e29244e,70,Ball Receipt*,11,37.1,36.04,9,35.804634869947634,50.95001633812232,15.145381468174683,28.775372885667963,31.710917410584653,27.99221159641672,22.604691103628205,5.127278031256594,4.479482631431057,1.8818414003293142,15.77531303555827,2.8611501429937043,28.51825948192962,10,30.641113547237115,38.900235352118855,33.75301413693008,26.085536452495354
3930160,51d3446e-7ed1-47bc-9b23-3edfca4e4bf2,70,Carry,11,37.1,36.04,9,35.804634869947634,50.95001633812232,15.145381468174683,28.775372885667963,31.710917410584653,27.99221159641672,22.604691103628205,5.127278031256594,4.479482631431057,1.8818414003293142,15.77531303555827,2.8611501429937043,28.51825948192962,10,30.641113547237115,38.900235352118855,33.75301413693008,26.085536452495354
3930160,e3fafedc-336b-4f4d-a031-8720185c9db4,70,Pass,16,45.324999999999996,42.925,10,44.28406945562578,57.29145544530857,13.007385989682788,35.61858109278962,34.251605483025244,28.745073388444652,25.496327186444677,4.347586106295864,4.143509417983721,0.3724972383710323,13.887679944086251,6.3988301860377454,31.98283073687076,10,34.86877279810194,44.65347252407763,34.80860172343093,33.06671324370372
3930160,cf87d658-2b0b-4bc9-ac15-af36d85d3b73,70,Ball Receipt*,19,44.362500000000004,41.055,10,44.83877519410189,58.0174068482624,13.178631654160505,41.69481313131573,35.241115355100156,29.711133680124565,27.632357767217822,4.303823878319014,3.8501326926482973,1.2063325075277191,14.833844677260114,2.44485981065149,32.64672483342831,9,37.18245237209673,45.443422173503535,36.99517189397989,33.303118680471
3930160,71770e65-9cf1-4696-b01f-04bb8f79fe8a,70,Carry,19,44.362500000000004,41.055,10,44.83877519410189,58.0174068482624,13.178631654160505,41.69481313131573,35.241115355100156,29.711133680124565,27.632357767217822,4.303823878319014,3.8501326926482973,1.2063325075277191,14.833844677260114,2.44485981065149,32.64672483342831,9,37.18245237209673,45.443422173503535,36.99517189397989,33.303118680471
3930160,5e60ab93-b303-4bcb-bfda-372f549cefd7,71,Ball Receipt*,7,17.0625,35.36,8,25.04087633221303,38.238030251749784,13.197153919536753,39.64858193395859,38.97791347717387,32.882339824273615,34.73420646442699,2.8484568680939657,1.5855145007779559,2.4129138999532245,15.24616065701327,14.4329089054537,8.474647839256432,10,12.86579118650943,20.607926303633025,39.071467145555765,46.8754845517245
3930160,1ac20928-e6b1-4f19-85e1-9c3db7154b9f,71,Pass,11,30.012499999999996,30.854999999999997,10,32.620208022265906,46.461409390295074,13.841201368029168,38.24444739745406,36.14124301084684,35.45416014903804,35.77921913187524,2.844772225922205,5.8085426600084,2.599682203343903,14.18370925061285,9.885368400723461,15.180744832129141,10,22.28308260924983,32.392549248509276,37.38582566452848,54.90489867922547
3930160,2a03b78f-735d-4dd8-bfc3-e2631c336f5a,71,Ball Receipt*,13,50.6625,3.995,10,36.17934228472659,49.688158036760065,13.508815752033478,33.05192647685679,30.406372946774972,35.73389069882247,40.35892557598008,3.04715693405161,4.187830008738736,5.860482585643972,10.479396560143506,12.776099605961466,23.14560210183549,9,28.42856151303124,37.370405950504136,33.42121523123327,57.6019944854338
3930160,ba330ef2-51d4-4232-9411-a7e6ed56983f,71,Carry,13,50.6625,3.995,10,36.17934228472659,49.688158036760065,13.508815752033478,33.05192647685679,30.406372946774972,35.73389069882247,40.35892557598008,3.04715693405161,4.187830008738736,5.860482585643972,10.479396560143506,12.776099605961466,23.14560210183549,9,28.42856151303124,37.370405950504136,33.42121523123327,57.6019944854338
3930160,1a049eb1-ad8a-48bb-af83-b168514f5fea,71,Pass,7,23.712500000000002,48.025,9,38.96375052907962,53.74263442423093,14.77888389515131,41.99637734224896,38.80451849452882,31.814959448499053,33.0360093112688,5.480889151683705,3.722475113656771,1.6395424329133519,12.16036311408336,8.357733749071087,22.033194097780104,8,29.228764250551066,36.77393546830006,43.09883486665564,47.10051971973654
3930160,6d65ea77-6120-47a3-9241-b2aa69bf3051,71,Ball Receipt*,9,22.575,28.474999999999998,10,36.23137398861005,53.981369376702354,17.7499953880923,35.092435262238084,39.48573926143883,34.84475560380535,22.150222551928668,5.9057819571866,3.8977159726679833,4.513210873474236,16.62993963916641,0.23540320551555283,21.39810681628128,10,27.705457220591683,40.626851403454886,34.95751769318358,54.03190814955835
3930160,d088a70d-0b87-476f-aaad-2c7b561d95af,71,Carry,9,22.575,28.474999999999998,10,36.23137398861005,53.981369376702354,17.7499953880923,35.092435262238084,39.48573926143883,34.84475560380535,22.150222551928668,5.9057819571866,3.8977159726679833,4.513210873474236,16.62993963916641,0.23540320551555283,21.39810681628128,10,27.705457220591683,40.626851403454886,34.95751769318358,54.03190814955835
3930160,0afe3203-47aa-47bd-a760-dcd4f82a6a3c,71,Pass,11,24.0625,24.905,10,33.44798544987071,52.404983429215854,18.956997979345147,32.58782294609966,40.56012126849282,36.95538376537762,22.308668505912088,5.008725268377283,4.166412642400657,1.8879029313643159,19.85768583609685,0.705656086217779,24.0625,9,29.262268359414957,39.82466053400624,34.93917726944818,53.355303255894015
3930160,616ed7ef-b416-43e6-a619-0e9945b1ec68,72,Ball Receipt*,12,30.099999999999998,7.055000000000001,10,35.94404688027972,54.73251487844982,18.7884679981701,25.53723319983128,31.213814533303104,39.88115945318215,39.46617180737982,3.496490945610788,4.213763126112547,3.587997275235434,21.884036615172107,0.5567008426760154,30.100001335144043,9,31.87532466510074,41.98376045301849,28.885299895463795,55.695917794493084
3930160,00a2ab16-04e7-47fe-bd2d-0b62493aae2b,72,Carry,12,30.099999999999998,7.055000000000001,10,35.94404688027972,54.73251487844982,18.7884679981701,25.53723319983128,31.213814533303104,39.88115945318215,39.46617180737982,3.496490945610788,4.213763126112547,3.587997275235434,21.884036615172107,0.5567008426760154,30.100001335144043,9,31.87532466510074,41.98376045301849,28.885299895463795,55.695917794493084
3930160,b945b91f-6569-4dd5-90a6-4e15498f4039,72,Pass,13,23.1875,8.84,10,32.209957210088774,50.16431037035764,17.954353160268866,22.99502316239889,26.354166344955072,38.28613490597353,39.85012635582946,3.1762822818895957,3.7351824288371853,3.908963135603562,20.34761321216269,12.032202033762172,23.1875,9,29.786369513508216,38.91979531943454,26.507853566338504,55.961750185409095
3930160,ecbd5ade-eb1a-47fc-a4eb-8d119196bc1e,72,Ball Receipt*,15,7.700000000000001,25.415,10,29.569281532700273,48.91600471579369,19.346723183093417,22.43435180461703,24.59265117174126,36.343041112397145,40.027423010465455,3.657821662875024,4.312142949198521,1.6426782633973787,16.56724926120821,8.785865073972566,7.700000166893005,11,16.689994928433016,32.36172433847955,25.273762648501528,59.500886615199306
3930160,309e7a07-3983-4619-b896-06449b7974f0,72,Carry,15,7.700000000000001,25.415,10,29.569281532700273,48.91600471579369,19.346723183093417,22.43435180461703,24.59265117174126,36.343041112397145,40.027423010465455,3.657821662875024,4.312142949198521,1.6426782633973787,16.56724926120821,8.785865073972566,7.700000166893005,11,16.689994928433016,32.36172433847955,25.273762648501528,59.500886615199306
3930160,55a35a3d-0f7c-4dce-8466-c053bbec3d4d,72,Pass,17,8.049999999999999,34.085,10,28.588135557237518,49.231544050373174,20.643408493135656,28.91359836613291,33.28922141217571,36.16542451648756,37.47452814970663,3.9862358212567384,4.955735460568237,4.182869291323318,14.056057093913235,0.677950915875023,8.049999833106995,10,16.154221119046134,29.628373764757907,30.74740656757682,57.73048109934761
3930160,3cb51954-4a07-4dba-a841-79ea978fd849,72,Ball Receipt*,18,11.025,39.864999999999995,10,28.70890705294916,49.741040928435,21.032133875485837,28.564464550126814,32.904912368099104,36.70593582937888,40.768683387931965,4.28780781439181,5.171815850372954,5.338942703285596,12.852413278669534,0.4393246321254054,7.184114623636812,10,15.418232047609639,29.85885985969545,29.927580912133458,59.930491811455205
3930160,3445ee2b-cc9d-4354-9f91-dd846fc9cd1d,72,Carry,18,11.025,39.864999999999995,10,28.70890705294916,49.741040928435,21.032133875485837,28.564464550126814,32.904912368099104,36.70593582937888,40.768683387931965,4.28780781439181,5.171815850372954,5.338942703285596,12.852413278669534,0.4393246321254054,7.184114623636812,10,15.418232047609639,29.85885985969545,29.927580912133458,59.930491811455205
3930160,3b28984e-2597-49c3-b70e-50db5294c08f,72,Pass,24,18.1125,40.885,10,29.938942266919668,50.51099693328389,20.572054666364224,36.59715903290917,37.244155844165604,34.292399294511895,31.935187481519307,6.825847771693386,6.130943847069299,4.9250990555692695,14.431114032357293,0.226543135827324,18.11250066757202,10,21.92283055555651,36.40028198086597,31.74029213916708,60.43180896168368
3930160,93f8caf1-c6f5-4edd-bdf0-eb71b8351c73,72,Ball Receipt*,25,31.5,37.06,10,31.98777184115997,51.92808273295432,19.940310891794354,34.90607278536724,35.688572581385515,34.7188164517334,30.657883048743,7.374755810471494,6.046371102988766,3.307571221636671,13.265237450412773,1.3440422432453687,18.73354771451931,10,22.61357624772214,37.33762396100662,30.145917768836842,60.204109495695086
3930160,c9afe4d0-7a0d-4b7e-a5fc-57f47a916cec,72,Carry,25,31.5,37.06,10,31.98777184115997,51.92808273295432,19.940310891794354,34.90607278536724,35.688572581385515,34.7188164517334,30.657883048743,7.374755810471494,6.046371102988766,3.307571221636671,13.265237450412773,1.3440422432453687,18.73354771451931,10,22.61357624772214,37.33762396100662,30.145917768836842,60.204109495695086
3930160,c41c4dc0-cf84-433b-9966-8899428e8b74,72,Pass,28,40.949999999999996,31.11,9,43.15812264944496,59.39292538303684,16.234802733591877,33.94141028452227,34.55227358525431,31.51502776034367,37.44079962677138,4.751057487749059,3.2804495328220433,0.6304419926523792,10.461320685350238,11.102243198915037,40.94999933242798,8,44.53459016188659,50.94027677542083,34.385630340996286,61.92736027878346
3930160,d9c67bd1-b8c5-4677-911b-32b0c80ac126,72,Ball Receipt*,5,42.35,33.235,10,28.533575679868267,40.984407298314395,12.450831618446127,28.94653890860339,26.904353871323803,26.039170901430513,27.608705491509923,4.340378461189696,4.446018306414922,0.9594702201683454,12.75254780073276,3.182595262380371,20.98832102855807,7,27.20026914550018,32.05186398132988,30.428861156201403,42.91744135078297
3930160,77aaa47a-022a-43c8-9f6e-9ef533bab04e,72,Carry,5,42.35,33.235,10,28.533575679868267,40.984407298314395,12.450831618446127,28.94653890860339,26.904353871323803,26.039170901430513,27.608705491509923,4.340378461189696,4.446018306414922,0.9594702201683454,12.75254780073276,3.182595262380371,20.98832102855807,7,27.20026914550018,32.05186398132988,30.428861156201403,42.91744135078297
3930160,22497009-b554-4ba2-8c9b-41a44cc31159,72,Pass,6,42.35,33.574999999999996,10,31.166962209017044,44.41477854287168,13.247816333854637,35.17067447066909,29.516595048249812,25.682614359804784,15.141102182428192,5.96506925312492,2.796650641905363,1.9825870851828356,11.946563290612264,0.22881762596523458,22.13572598038698,7,29.45830276536241,34.46225374575919,34.765813631509566,44.88734544163444
3930160,17e2e067-0178-4e8a-9509-8a678e39f689,72,Ball Receipt*,7,39.2875,34.935,10,33.110577147592174,46.02284338992899,12.912266242336813,34.69022721678389,30.471025632071544,23.775281743175917,19.387799542579106,6.120036662198184,2.9709265579225135,0.610438498642381,10.396985369733457,2.680349517382247,23.53113204113904,7,31.089032296164145,35.98622253401867,34.27235954488403,46.22060186272237
3930160,4ca06f00-dc5d-4965-95df-a223ba6c5ac7,72,Carry,7,39.2875,34.935,10,33.110577147592174,46.02284338992899,12.912266242336813,34.69022721678389,30.471025632071544,23.775281743175917,19.387799542579106,6.120036662198184,2.9709265579225135,0.610438498642381,10.396985369733457,2.680349517382247,23.53113204113904,7,31.089032296164145,35.98622253401867,34.27235954488403,46.22060186272237
3930160,3538fda6-3709-4b47-ae0e-530cf0543734,72,Pass,8,40.074999999999996,34.51,10,34.85574990467129,47.60893793095103,12.753188026279737,35.73096135897738,31.4011640090662,22.554234796032105,19.59909559934336,5.936292983312887,3.2238430905619215,0.22453851532107905,10.15527800086555,3.1455487744116297,25.264595328138363,7,32.840771712961676,37.553209644194276,34.31079013961584,46.979960655130654
3930160,b0abacac-5e23-4748-9fee-936537f5e8a1,72,Ball Receipt*,8,35.9625,32.3,10,36.38975999423451,49.495337736220606,13.105577741986096,39.18835573607645,34.98599269110903,20.658555164512045,20.503910887896943,5.665704334481833,3.237909127066996,0.5351808145032777,9.654605057948302,3.3634173284440934,27.006952942048265,7,34.4846792527354,39.16453964625176,38.03818898638922,47.91068056832664
3930160,8841a111-9b99-4399-8e3f-f01c714a1d77,72,Pass,8,35.9625,32.3,10,36.38975999423451,49.495337736220606,13.105577741986096,39.18835573607645,34.98599269110903,20.658555164512045,20.503910887896943,5.665704334481833,3.237909127066996,0.5351808145032777,9.654605057948302,3.3634173284440934,27.006952942048265,7,34.4846792527354,39.16453964625176,38.03818898638922,47.91068056832664
3930160,4723f909-9dca-4789-a2a1-c7d94de1f165,72,Ball Receipt*,16,33.862500000000004,63.75,10,44.037381336392414,57.09226166351363,13.054880327121218,48.21784156183979,47.95498047588304,36.90718414543744,39.45286850832362,6.775897735015894,3.560573618176551,6.032488660437629,13.212211238971008,8.365219486386394,33.86250066757202,8,40.394600336440455,47.49972594233042,41.813689602634085,58.166432121683854
3930160,3e9823c5-d937-4a29-ac50-b454dc4485d8,72,Carry,16,33.862500000000004,63.75,10,44.037381336392414,57.09226166351363,13.054880327121218,48.21784156183979,47.95498047588304,36.90718414543744,39.45286850832362,6.775897735015894,3.560573618176551,6.032488660437629,13.212211238971008,8.365219486386394,33.86250066757202,8,40.394600336440455,47.49972594233042,41.813689602634085,58.166432121683854
3930160,84d3224d-b02e-45b7-9bdb-2a184a0b0360,72,Pass,17,33.6,62.9,10,40.542763253895906,55.38926677487934,14.846503520983433,50.08105684897065,46.412612105780866,32.40206596534728,39.05956923901798,5.170196636815319,3.538676279701184,0.8034405414569221,19.873963313065495,12.386818952964198,31.687508555051902,9,36.707510471722216,45.258950665464916,39.903386923132146,60.016185214232735
3930160,e211375d-c87c-4c2b-81e6-50bdd1ac02f6,72,Ball Receipt*,19,16.625,50.32,10,35.936576510628015,52.179260407553954,16.24268389692594,46.94057419475734,42.520438759443806,33.088001399142755,38.78778024315896,3.004256199627773,3.066520156755428,0.28413774829076743,20.032125082921784,11.65479144684478,16.625,10,27.91283387225926,40.12201656213582,38.12265072547103,58.66687475271318
3930160,363425c5-45f0-4a00-bf97-54425354239c,72,Carry,19,16.625,50.32,10,35.936576510628015,52.179260407553954,16.24268389692594,46.94057419475734,42.520438759443806,33.088001399142755,38.78778024315896,3.004256199627773,3.066520156755428,0.28413774829076743,20.032125082921784,11.65479144684478,16.625,10,27.91283387225926,40.12201656213582,38.12265072547103,58.66687475271318
3930160,f583c232-1d98-4cf7-9172-c29a062aaf26,72,Pass,22,22.837500000000002,51.765,10,35.21348766341799,51.522065795854125,16.308578132436132,46.92323806979534,42.82035768827489,32.630677719749436,39.944991381919394,4.61090463346983,2.7412895780135322,0.10372676022092975,21.90222347609432,9.731596419119139,22.83750033378601,10,28.11122715424719,40.59833877452705,40.40085212731924,61.80717271806277
3930160,e63fa9e4-13db-4a72-adf6-5bae2bf7f949,72,Ball Receipt*,23,30.712500000000002,67.235,10,35.417161418174466,51.27119340114653,15.854031982972067,45.431922907943104,40.4228560238798,36.76106291733498,39.50891974714845,5.702536292210451,2.5145323752319833,1.217146275175331,24.263305858799573,9.433187380138449,21.750466984760788,10,27.180674147905886,40.154020762620455,37.23900325072795,61.772504329648484
3930160,e74094ab-36d1-49d4-85d1-7d763c8e7941,72,Carry,23,30.712500000000002,67.235,10,35.417161418174466,51.27119340114653,15.854031982972067,45.431922907943104,40.4228560238798,36.76106291733498,39.50891974714845,5.702536292210451,2.5145323752319833,1.217146275175331,24.263305858799573,9.433187380138449,21.750466984760788,10,27.180674147905886,40.154020762620455,37.23900325072795,61.772504329648484
3930160,bf0feb14-febe-4a80-80d1-5dbf4082cd74,72,Pass,26,30.012499999999996,63.24,10,33.37791301139912,51.2366601794251,17.858747168025978,50.64394655047869,49.84151772558103,40.02442261860229,28.744488534585336,6.689810053078634,2.172362457682372,4.5431591685184145,24.025726779565357,1.8236653491194872,15.764418473013546,10,24.7697809701102,38.3930137682879,39.927151154631396,62.714829167250436
3930160,d25c2564-2921-478b-93dd-5879e83af8a9,72,Ball Receipt*,28,20.3875,38.165,10,30.82991572595688,51.14769346044697,20.317777734490093,44.43923586689955,36.34605214583648,34.32514289683842,39.967029013814866,7.121536784238061,2.6114002745379774,1.3735690921229775,18.977915851033792,0.8683563540762052,14.439020702429866,10,21.262209656346137,36.59698295376381,35.91227614303727,62.79145599931249
3930160,cdeb6f39-eb5e-4f3a-837d-050191b662da,72,Carry,28,20.3875,38.165,10,30.82991572595688,51.14769346044697,20.317777734490093,44.43923586689955,36.34605214583648,34.32514289683842,39.967029013814866,7.121536784238061,2.6114002745379774,1.3735690921229775,18.977915851033792,0.8683563540762052,14.439020702429866,10,21.262209656346137,36.59698295376381,35.91227614303727,62.79145599931249
3930160,490f53e4-f115-46c0-8781-2d92cefd75f1,73,Pass,30,13.825000000000001,27.964999999999996,9,27.896766167023067,48.31497928347592,20.418213116452854,36.61099865529603,29.381615407801647,35.074206040356074,36.919761977911264,8.881484022180674,4.811784950778945,4.077948922316793,13.976664747200992,3.8545538451741344,5.145950023060177,10,12.943887837539783,29.110290532202193,28.222690152221304,54.47270964217657
3930160,e6ffb335-cc0d-4e8b-b4f6-46d06d2aa8cb,73,Ball Receipt*,31,23.625,20.655,10,30.372910477184746,50.15698045641764,19.784069979232896,40.40829391079315,30.314143352442404,26.22580470340906,41.70912897394605,8.38501702936654,5.446239592178527,1.4024230833647202,14.87558241933311,2.307932065449396,7.694039436461059,11,15.946932996725458,33.84480105993936,35.33395046537532,59.21606755558949
3930160,249e5216-b785-461e-8ed3-d8c570bcfbb8,73,Carry,31,23.625,20.655,10,30.372910477184746,50.15698045641764,19.784069979232896,40.40829391079315,30.314143352442404,26.22580470340906,41.70912897394605,8.38501702936654,5.446239592178527,1.4024230833647202,14.87558241933311,2.307932065449396,7.694039436461059,11,15.946932996725458,33.84480105993936,35.33395046537532,59.21606755558949
3930160,4209d36c-f147-4c84-b7e5-b31cd3a9a0e4,75,Ball Receipt*,6,32.8125,4.08,10,33.81358662356736,52.61389128569511,18.80030466212775,24.75511559506132,25.699368440295302,40.22984905404846,39.11360504329168,5.361575760503066,4.761043900483428,2.5319222666773307,15.332151175745587,10.814609960599428,24.833808265206955,9,30.73371995593171,39.39123561068593,24.890469764918258,57.77991049416841
3930160,60e77071-63ca-42a9-a8ce-c62bfd403212,75,Carry,6,32.8125,4.08,10,33.81358662356736,52.61389128569511,18.80030466212775,24.75511559506132,25.699368440295302,40.22984905404846,39.11360504329168,5.361575760503066,4.761043900483428,2.5319222666773307,15.332151175745587,10.814609960599428,24.833808265206955,9,30.73371995593171,39.39123561068593,24.890469764918258,57.77991049416841
3930160,7d114242-6796-4f0b-aa4d-a39dfeeab23a,75,Pass,10,20.3,9.52,10,30.271982273251535,49.623311313654995,19.35132904040346,21.677951525224604,29.69354369115074,38.76895691693768,29.228110592274604,7.654483877023783,3.911905335191908,2.67549018676765,24.215268697183294,3.6679486837504953,17.2256663315616,10,23.533550977184916,35.22314693088083,24.470902891585983,53.40508126245793
3930160,15ffdaeb-b975-40ec-b93b-2033be61f31a,75,Ball Receipt*,12,7.5249999999999995,28.220000000000002,10,26.898987383313795,49.23910803336881,22.340120650055013,24.182184087563982,31.022484507939804,35.561732355320636,29.595261058651747,9.50082137702991,4.485571258511591,1.9286366556790302,20.30598637816968,0.3886748855887383,7.525000333786011,11,17.141649761876273,31.634551925249124,23.93196340149602,55.98471525604809
3930160,2bfd8dca-aee3-497f-8767-6acff541c8ef,75,Carry,12,7.5249999999999995,28.220000000000002,10,26.898987383313795,49.23910803336881,22.340120650055013,24.182184087563982,31.022484507939804,35.561732355320636,29.595261058651747,9.50082137702991,4.485571258511591,1.9286366556790302,20.30598637816968,0.3886748855887383,7.525000333786011,11,17.141649761876273,31.634551925249124,23.93196340149602,55.98471525604809
3930160,3f5d2f8d-571e-4abe-812b-dee2149ff799,75,Ball Receipt*,9,40.3375,27.2,10,44.8197995987054,59.020793299405874,14.200993700700472,25.850934655423792,28.314667119179717,33.183203522746524,37.328785021157,5.451737983908071,4.1053285290561945,2.728282933884529,18.342794501932623,11.29899569747446,31.200655287884842,10,35.08583532727157,46.173939823341804,29.69516294773639,59.47991316755539
3930160,dc15d959-7087-4a62-b8f8-a3764f1382d2,75,Carry,9,40.3375,27.2,10,44.8197995987054,59.020793299405874,14.200993700700472,25.850934655423792,28.314667119179717,33.183203522746524,37.328785021157,5.451737983908071,4.1053285290561945,2.728282933884529,18.342794501932623,11.29899569747446,31.200655287884842,10,35.08583532727157,46.173939823341804,29.69516294773639,59.47991316755539
3930160,6fef2335-5770-45ce-bed5-02c75e4907b2,76,Pass,16,7.0,34.935,8,24.7436361343994,47.09360332241538,22.349967188015984,34.501504759889585,28.190988457932235,34.73394358879099,40.30981395340448,5.508085781435753,2.1309803701538432,3.130218199723533,13.846805564363272,12.199361894492744,7.0,11,13.116058959050648,28.78541389970763,33.64792758350037,55.85496043603641
3930160,2b891832-3912-4fb3-aff9-465b125bb5a6,76,Ball Receipt*,17,10.237499999999999,50.489999999999995,10,25.101632364076544,49.93708843558426,24.835456071507714,37.50023344374638,33.538902782604445,36.163379029260845,44.2974836128463,6.106445824885216,2.931181581885392,4.359014546820077,16.110855809708596,11.791249993405138,4.926946231322697,11,13.060933041103127,29.87466283881798,35.50635126902786,56.37774765228744
3930160,a75544ad-58c6-4b7f-b731-ec88e0058a2e,76,Carry,17,10.237499999999999,50.489999999999995,10,25.101632364076544,49.93708843558426,24.835456071507714,37.50023344374638,33.538902782604445,36.163379029260845,44.2974836128463,6.106445824885216,2.931181581885392,4.359014546820077,16.110855809708596,11.791249993405138,4.926946231322697,11,13.060933041103127,29.87466283881798,35.50635126902786,56.37774765228744
3930160,c35c24f6-4b3e-4096-8cda-c6e40b324b3c,76,Pass,20,15.137500000000001,52.529999999999994,10,25.434732314762933,49.781772769331,24.347040454568067,42.273192609122155,37.12413042309223,32.16563619660954,41.681985795818086,5.780446703533531,2.6271754527901248,1.7339212544361118,19.165795752378596,11.906378429737046,14.326630207722793,10,18.67746565716757,32.41588700553804,37.50134038335038,60.99828649553935
3930160,7801d045-2e20-4a5d-8566-79cc31e658f2,76,Ball Receipt*,21,28.612500000000004,65.875,10,27.113860986568046,50.3399642589355,23.226103272367457,46.88183497023637,42.4912870346243,40.86695471636281,43.54991748085742,4.822589237828222,2.2993406965179166,1.8992292271070497,20.861471376304745,12.64410575837394,17.550864850000327,9,23.52549239958561,35.87684189730165,41.68464176124215,58.794113089283115
3930160,e58c9aa9-4273-463e-b209-27cf8a4f8782,76,Carry,21,28.612500000000004,65.875,10,27.113860986568046,50.3399642589355,23.226103272367457,46.88183497023637,42.4912870346243,40.86695471636281,43.54991748085742,4.822589237828222,2.2993406965179166,1.8992292271070497,20.861471376304745,12.64410575837394,17.550864850000327,9,23.52549239958561,35.87684189730165,41.68464176124215,58.794113089283115
3930160,fcdd8958-49d3-47f8-8d57-a5594ef6906a,76,Ball Receipt*,23,41.387499999999996,64.94,10,30.939848506938215,49.02901181056156,18.089163303623348,49.460030803014845,43.107429970401,41.29709697263496,41.11018344103233,5.560747535049165,4.033684145333873,2.835023333967051,20.62779155349972,1.9702992381328244,19.151182281272142,9,26.766611422367696,37.34728184858386,43.66933281269697,62.36810622406521
3930160,c1c7a59b-d6ac-46c3-a8f2-34c535a89944,76,Carry,23,41.387499999999996,64.94,10,30.939848506938215,49.02901181056156,18.089163303623348,49.460030803014845,43.107429970401,41.29709697263496,41.11018344103233,5.560747535049165,4.033684145333873,2.835023333967051,20.62779155349972,1.9702992381328244,19.151182281272142,9,26.766611422367696,37.34728184858386,43.66933281269697,62.36810622406521
3930160,5f8483d7-d262-4965-ae6d-abc2846a8887,76,Pass,24,38.0625,65.11,10,30.563203752558632,47.00490950406731,16.441705751508675,49.91741191523391,49.21557692822165,41.269575046928,40.96156051773062,5.848422417355063,4.737886827332666,4.304625374183836,20.13296548377731,0.3659289150290732,18.12840912372801,9,26.077588378625883,35.78808925268017,43.94856887397512,63.74196330934407
3930160,009c27b9-31c4-44ef-9817-22f1a84752ff,76,Ball Receipt*,25,31.9375,65.535,10,30.64716642141259,45.74270572537642,15.095539303963829,53.36436818208101,52.7293648468101,38.239498843564775,39.538215818219456,5.042219085823724,6.261840990419648,3.1369448782392126,19.08600209122161,0.14063199306144725,18.820108605651328,9,27.39253852608439,36.12075183841674,47.016125627595244,63.859670590053156
3930160,09f944ba-bda1-4f2f-a1b1-9e508760ffd6,76,Carry,25,31.9375,65.535,10,30.64716642141259,45.74270572537642,15.095539303963829,53.36436818208101,52.7293648468101,38.239498843564775,39.538215818219456,5.042219085823724,6.261840990419648,3.1369448782392126,19.08600209122161,0.14063199306144725,18.820108605651328,9,27.39253852608439,36.12075183841674,47.016125627595244,63.859670590053156
3930160,a7fba0f6-a253-46fc-a296-35a2f6e1098d,76,Pass,25,31.5,65.535,10,30.20966642141259,45.30520572537642,15.095539303963829,53.36436818208101,52.7293648468101,38.239498843564775,39.538215818219456,5.042219085823724,6.261840990419648,3.1369448782392126,19.08600209122161,0.14063199306144725,18.382608605651328,9,26.95503852608439,35.68325183841674,47.016125627595244,63.859670590053156
3930160,93c45644-aa1b-45e4-8849-388779241418,76,Ball Receipt*,26,38.762499999999996,61.199999999999996,10,31.985765615504,46.90197699863403,14.916211383130026,62.72698170485444,40.31141913995117,19.003955795883044,19.655217480133846,4.719019933301641,6.08087392431702,0.8954338876778962,12.42894106442511,0.02443911047561187,20.807794728260752,9,28.882410726162398,37.98915411648902,49.64870358967406,66.87381501447683
3930160,6b87ea80-989c-48c9-a8c2-563f853404e9,76,Carry,26,38.762499999999996,61.199999999999996,10,31.985765615504,46.90197699863403,14.916211383130026,62.72698170485444,40.31141913995117,19.003955795883044,19.655217480133846,4.719019933301641,6.08087392431702,0.8954338876778962,12.42894106442511,0.02443911047561187,20.807794728260752,9,28.882410726162398,37.98915411648902,49.64870358967406,66.87381501447683
3930160,a8f54eba-3c6f-4ac7-a5a1-6cdb1372bb79,76,Pass,28,50.050000000000004,62.30499999999999,9,41.85702971167382,53.99330923247938,12.136279520805566,52.21872774840439,50.25260163445422,34.407798345695426,27.957155730702787,4.328879876305151,1.7183431627388586,1.2986619850465289,16.118127843635996,5.23592384516661,31.09876151275229,7,38.73794080537351,46.05438065395809,50.471250330801816,59.929905465716914
3930160,7b8187ba-486f-49fa-8d52-c84f67830688,76,Ball Receipt*,13,57.574999999999996,43.435,10,43.34665795597967,55.63536399670837,12.288706040728698,20.62311479668701,31.56745598982905,45.30732680365678,39.23029209731214,5.749096019397204,3.5992546171450224,4.0509967176960835,29.602738527952255,9.119588531654841,33.455982076863236,10,35.06312384078453,42.786611247150084,24.565177273945686,38.04228903085804
3930160,0bcf72ff-067b-4b5a-ae03-916af744c29c,77,Pass,5,36.574999999999996,19.72,10,36.23273391934076,51.01877990524438,14.78604598590362,23.75129077982579,30.71632904483209,39.454184031732964,34.313860052069,5.1897263561092615,4.931340368546915,1.5757192618809128,29.192096067829954,7.6244315772014275,27.480913985940568,10,31.71423942102186,39.99416047836564,28.131709949836115,44.68164219654107
3930160,51a48886-1e90-464d-be19-c6a0a7a7a30a,77,Ball Receipt*,5,37.362500000000004,31.875,10,35.16878208301283,50.54908644396929,15.380304360956458,28.450797294403962,29.963914199668526,34.046449344675935,39.70554251136672,3.6035113673438137,4.665913813059792,3.0002375027481207,17.77096504826728,6.358974780045301,25.485762879077043,10,31.303994231639543,39.482034324350636,28.966196413367413,46.73569790957426
3930160,5c4edc20-30c2-4738-a626-f926490851aa,77,Carry,5,37.362500000000004,31.875,10,35.16878208301283,50.54908644396929,15.380304360956458,28.450797294403962,29.963914199668526,34.046449344675935,39.70554251136672,3.6035113673438137,4.665913813059792,3.0002375027481207,17.77096504826728,6.358974780045301,25.485762879077043,10,31.303994231639543,39.482034324350636,28.966196413367413,46.73569790957426
3930160,f81f78aa-554c-4517-9d36-614e66848a0c,77,Pass,6,37.7125,34.68,10,35.518780080296764,50.89908444125322,15.380304360956458,31.255796645905427,32.76891355116999,34.046449344675935,39.70554251136672,3.6035113673438137,4.665913813059792,3.0002375027481207,17.77096504826728,6.358974780045301,25.83576087636098,10,31.653992228923478,39.83203232163457,31.771195764868878,46.73569790957427
3930160,e97d86cc-dd49-4c18-87dc-d81d45dbdbe7,77,Ball Receipt*,7,24.150000000000002,43.35,10,33.409621158738176,50.87137609841575,17.461754939677576,33.09235198484763,32.87848873849056,29.963621203443296,39.74243666144739,4.0823861224340865,2.0057589587181246,3.5386694849379126,9.649269097945005,7.846538605855233,24.15000033378601,10,31.888454009257394,40.213786514370135,31.71009713030036,49.87742596465406
3930160,205cef31-b2b6-421a-8232-61cdd656264a,77,Carry,7,24.150000000000002,43.35,10,33.409621158738176,50.87137609841575,17.461754939677576,33.09235198484763,32.87848873849056,29.963621203443296,39.74243666144739,4.0823861224340865,2.0057589587181246,3.5386694849379126,9.649269097945005,7.846538605855233,24.15000033378601,10,31.888454009257394,40.213786514370135,31.71009713030036,49.87742596465406
3930160,4eb50fc7-2734-4604-b31a-eac2da308611,77,Pass,8,23.974999999999998,43.52,10,33.59312227415177,51.83011523143737,18.2369929572856,33.13340290206496,31.85617118766764,30.500327429503546,39.469412524093535,5.224532181902065,1.9538346605170909,3.4543849779342892,10.740258845968917,7.1811114070379745,23.97499966621399,10,32.20738523765837,41.16789793061385,31.667080416104454,51.33029589977912
3930160,17e911e5-a659-4a37-acd5-586501bdb9fe,77,Ball Receipt*,10,9.012500000000001,38.335,10,27.061137014494896,50.06031438757228,22.99917737307738,33.83713754042138,28.560251375900798,30.80932855076455,30.69060362779051,7.839566174633725,2.0213019378383725,1.3088895428492684,11.898651406460932,6.560716679826356,9.012500166893005,11,19.115344962318762,34.266773451547984,33.43022197850791,52.23051541472344
3930160,d7f0cb51-8bae-416a-8981-d16979d88cdf,77,Carry,10,9.012500000000001,38.335,10,27.061137014494896,50.06031438757228,22.99917737307738,33.83713754042138,28.560251375900798,30.80932855076455,30.69060362779051,7.839566174633725,2.0213019378383725,1.3088895428492684,11.898651406460932,6.560716679826356,9.012500166893005,11,19.115344962318762,34.266773451547984,33.43022197850791,52.23051541472344
3930160,33a4e9e3-bf84-4e09-ba0b-709e5cc95f3d,77,Pass,10,8.575000000000001,40.375,10,24.78882507642898,49.298658466623934,24.509833390194952,34.442951704095435,29.152890333487026,32.02426087916976,29.62573604497426,8.276678655033901,2.237516924092564,2.719570949584618,11.613980072631808,5.49205108188319,8.575000166893005,11,16.787375402666196,32.81100478712156,34.53184131417098,53.62799130477244
3930160,618224f8-c3e6-441b-9bdf-4fd6342f962c,81,Ball Receipt*,12,35.0875,19.465,9,41.892761979421685,59.98707418954476,18.09431221012307,13.631547186656803,20.223920421999097,28.780528214348557,35.12039106492173,6.071114825524971,6.2190847255652875,0.6908228228056283,18.456316131948824,1.8882512757954046,24.397704751540054,9,36.73100437960592,48.93653937080174,18.939809220663147,47.31607287420069
3930160,efd1c2f0-b550-4452-ad34-5e4a1df9afe5,81,Carry,12,35.0875,19.465,9,41.892761979421685,59.98707418954476,18.09431221012307,13.631547186656803,20.223920421999097,28.780528214348557,35.12039106492173,6.071114825524971,6.2190847255652875,0.6908228228056283,18.456316131948824,1.8882512757954046,24.397704751540054,9,36.73100437960592,48.93653937080174,18.939809220663147,47.31607287420069
3930160,b0d5229f-336c-48eb-a9c1-1a39f6b3eeea,82,Pass,5,24.0625,34.85,10,35.294544271707124,52.79072982094884,17.496185549241716,27.163180721349626,24.746533858705227,27.027877436563085,32.095422126549146,7.613842421241383,5.547197765381907,3.1695996359637384,10.87874272184348,0.5056654278329766,24.0625,10,27.794313649804966,39.46448484233959,23.991847787927597,59.51824481813108
3930160,33c4b2be-c1f0-4980-bab2-9e09e3ec8c26,82,Ball Receipt*,7,32.375,33.15,10,36.51490917643933,52.165928240807716,15.651019064368384,24.962146732612016,31.90595689759974,29.88844303697241,32.81360368000205,7.495296151421378,4.251234510617121,0.3680777787547971,17.989935208011573,1.2316392807669914,25.578606090217026,10,27.78399924358046,38.79283525776226,25.79434867863568,59.51090693134664
3930160,349344c9-44cc-4844-ad74-f5bdb1005fe0,82,Carry,7,32.375,33.15,10,36.51490917643933,52.165928240807716,15.651019064368384,24.962146732612016,31.90595689759974,29.88844303697241,32.81360368000205,7.495296151421378,4.251234510617121,0.3680777787547971,17.989935208011573,1.2316392807669914,25.578606090217026,10,27.78399924358046,38.79283525776226,25.79434867863568,59.51090693134664
3930160,03098e2d-d3c2-4d0c-b16c-6edd4a56f720,83,Dribbled Past,6,66.14999999999999,31.11,9,34.73804603046432,43.067710293159585,8.329664262695267,42.360533988688985,47.73398927157162,27.97063309945546,26.837703594402413,3.561168827229984,2.670426111933751,0.05262444618459483,17.595967017275974,6.348405703105271,32.83925765601943,7,37.31886639324193,39.75376136570748,47.329661736353515,46.076563704007164
3930160,bfbcc743-7b23-4237-a39d-df9ce5d54d02,83,Pass,21,28.175000000000004,60.35,8,23.125234037233422,41.87112503407881,18.745890996845386,44.365000122602495,42.25973752614004,38.43519093527948,23.555297115225592,7.383930164213748,5.886073409943851,3.566781007667359,13.443030963360222,11.09753201540422,15.262047278353025,9,18.203221673179794,27.78276521252443,42.430570829944244,35.89723078116513
3930160,52d178e8-9ebd-4e6e-809b-c39521474072,83,Ball Receipt*,23,44.7125,63.41,8,30.328590556606684,46.4223337940821,16.093743237475415,45.00088708018821,45.31563469936432,37.23554422231276,33.98484940338521,6.759528574956012,3.105120684649869,3.48592071788147,14.707556955897203,15.206528414856614,18.309415545698467,7,26.38998695052738,35.39823547211716,37.70727720556481,52.74654197886343
3930160,18dec8a8-dfeb-4f03-9edf-a6ded1864673,83,Pass,23,44.7125,63.41,8,30.328590556606684,46.4223337940821,16.093743237475415,45.00088708018821,45.31563469936432,37.23554422231276,33.98484940338521,6.759528574956012,3.105120684649869,3.48592071788147,14.707556955897203,15.206528414856614,18.309415545698467,7,26.38998695052738,35.39823547211716,37.70727720556481,52.74654197886343
3930160,18b3bc23-0cfc-480a-b7de-af9216a0c3d8,86,Pass,5,20.3875,64.94,10,27.73388981595185,44.71245214199315,16.978562326041295,56.45549148276126,49.22097162307652,34.972206028029035,43.65307666315466,4.5747663297323875,5.1270761756781145,2.4794258454440907,24.97290584371799,6.355034704912512,19.833807497683694,10,22.033328106859553,32.02827739331257,52.03647811615242,47.754568684784175
3930160,e01527ac-72a3-4619-9301-cbd7bc7ef59e,86,Dispossessed,13,53.550000000000004,60.00999999999999,10,40.9159468511255,55.17000952937053,14.254062678245035,14.123645095495473,12.962116886758913,23.68051791268435,29.88510643239193,6.526834541997212,4.242898522404875,1.1340841604171246,12.947334232751517,2.0643000020335105,31.919835513421948,9,40.94937536805269,49.97210930302119,12.83258580785299,35.325643380345625
3930160,5470b07f-1d93-409f-8c32-9bce53c23a89,86,Ball Receipt*,6,31.675000000000004,28.9,9,42.10952086869639,55.27603007613723,13.16650920744084,26.064308009089643,20.34842787913113,25.231013543748006,27.62575242144448,5.87809323384976,3.7081957212867604,1.0701567240760355,13.738213315703463,6.987089985269693,31.67500066757202,10,35.27218530883158,44.943593766540765,21.862722595059644,37.83055009003386
3930160,ffb20dce-b6c6-445e-8462-b49ddab42b81,86,Carry,6,31.675000000000004,28.9,9,42.10952086869639,55.27603007613723,13.16650920744084,26.064308009089643,20.34842787913113,25.231013543748006,27.62575242144448,5.87809323384976,3.7081957212867604,1.0701567240760355,13.738213315703463,6.987089985269693,31.67500066757202,10,35.27218530883158,44.943593766540765,21.862722595059644,37.83055009003386
3930160,73aa94cd-9b12-4a11-91b8-8de84d31591e,86,Pass,6,32.375,30.175,9,41.18152934574899,54.64049902011858,13.458969674369591,26.865839665136026,20.093829320897694,26.43432018836169,27.984150846998734,5.218284422876393,3.7443521463297444,0.9996130302398925,16.60518287787545,6.073508750100192,32.375,10,34.13954419484344,43.72958614929075,21.37777160873364,40.16404828367732
3930160,d5732b1d-8b88-4f60-95ca-f7c1900f7476,86,Ball Receipt*,8,44.800000000000004,24.224999999999998,9,41.7002708512227,55.36422699752048,13.663956146297785,31.170985024512625,24.486135723246015,23.740697681671094,26.105211159728192,4.697665913296973,3.6454785714901607,0.40162260246176373,11.728558696610158,5.608178862931261,31.816756504287888,10,33.56476409333778,42.977553934406814,25.527116387995655,41.98271999327929
3930160,a2c33cda-4110-476e-9caa-9b4acafd9ca0,86,Carry,8,44.800000000000004,24.224999999999998,9,41.7002708512227,55.36422699752048,13.663956146297785,31.170985024512625,24.486135723246015,23.740697681671094,26.105211159728192,4.697665913296973,3.6454785714901607,0.40162260246176373,11.728558696610158,5.608178862931261,31.816756504287888,10,33.56476409333778,42.977553934406814,25.527116387995655,41.98271999327929
3930160,c4121906-e577-46ad-aac3-6ce633886773,87,Ball Receipt*,6,35.7875,42.245000000000005,10,35.291125590871815,48.84993407331184,13.558808482440028,37.590163484993944,28.98494470457301,26.848242305063476,25.90952131696589,4.730155531777288,3.5218674340586387,1.955183702561051,10.877212139230977,0.5225302453787535,27.05277599785667,8,34.86519184544499,40.59989874360835,31.71825080419536,29.298464015859707
3930160,8dd78939-d3e5-47dc-b269-ca39c80c50bd,87,Carry,6,35.7875,42.245000000000005,10,35.291125590871815,48.84993407331184,13.558808482440028,37.590163484993944,28.98494470457301,26.848242305063476,25.90952131696589,4.730155531777288,3.5218674340586387,1.955183702561051,10.877212139230977,0.5225302453787535,27.05277599785667,8,34.86519184544499,40.59989874360835,31.71825080419536,29.298464015859707
3930160,6d709ef5-f071-4d07-924d-197457b5e0dd,87,Ball Recovery,7,38.237500000000004,39.61,10,37.008065572636454,50.99510547763272,13.987039904996266,38.084113154635716,28.610697364074802,27.366993855159826,25.38036311813659,4.997435616647605,3.187063009426138,1.8142995091279062,10.053783461294437,1.14954155546463,28.445434328829762,8,36.691071063172316,42.70893559810864,31.034060800993018,30.2220085666894
3930160,ef3770d9-bdfc-415d-ae1b-5af9d12e0db3,87,Carry,7,38.237500000000004,39.61,10,37.008065572636454,50.99510547763272,13.987039904996266,38.084113154635716,28.610697364074802,27.366993855159826,25.38036311813659,4.997435616647605,3.187063009426138,1.8142995091279062,10.053783461294437,1.14954155546463,28.445434328829762,8,36.691071063172316,42.70893559810864,31.034060800993018,30.2220085666894
3930160,341a2d0c-8472-4d40-b366-5e0221705dcb,87,Pass,8,41.387499999999996,38.504999999999995,10,40.385614609622294,54.66973592421444,14.284121314592149,39.341261396946,30.14042620086843,26.43964740290455,25.299116089418856,5.216073230660699,2.51285854314188,2.2710823680387193,11.811181361695201,6.604270946813305,30.416257580844807,8,39.66837224693009,45.58867608230488,32.3169483514624,33.826612325027966
3930160,d2e29c46-88f3-46a4-8224-a024d5adef24,87,Ball Receipt*,9,48.0375,38.335,10,40.665635266946914,54.1438356899599,13.478200423012986,38.77319966684544,32.974179407605305,23.816903505761353,24.58842017127375,5.020471117250686,3.0793671076348414,3.3395584051624105,8.255159875744631,0.49847693544721494,39.971219641999085,7,44.07607775633784,47.490636322247624,33.31130143765644,34.169904045590336
3930160,0c10d7d9-04dc-4b96-9471-873568191936,87,Carry,9,48.0375,38.335,10,40.665635266946914,54.1438356899599,13.478200423012986,38.77319966684544,32.974179407605305,23.816903505761353,24.58842017127375,5.020471117250686,3.0793671076348414,3.3395584051624105,8.255159875744631,0.49847693544721494,39.971219641999085,7,44.07607775633784,47.490636322247624,33.31130143765644,34.169904045590336
3930160,8bbcf7f4-ff8d-487b-9f2c-e13d55dc4e7b,87,Pass,9,49.0875,38.845,10,41.7240917228368,54.842872526109524,13.11878080327272,39.950525228938105,33.81433360381963,24.00424917697561,28.878013569308028,5.481135938999517,2.574934442499322,3.867273281258562,9.385206055588284,7.702707754832716,39.44604111947335,7,44.079566350356366,47.58831653427226,34.78080540725497,37.961907839895666
3930160,7b94cbc3-0265-46fe-b2ec-ec192b358ba3,88,Pass,19,18.8125,29.07,10,40.23504311030959,56.71705007045871,16.48200696014912,30.78836740906642,21.892070532713994,26.700999438102297,29.246360841403053,8.889586198478002,1.6499049475974203,0.03230874184121646,13.632640134739916,5.632168497665056,18.8125,11,27.2294629774371,42.63605720419377,25.29444735899674,51.21597595358243
3930160,4fc7be84-8073-4a0d-bced-2dbc6d57587b,88,Ball Receipt*,21,25.025000000000002,53.125,10,37.479824615507574,55.04908497134497,17.569260355837393,34.77174315445919,31.459114443533135,29.353116353806776,13.836042992080284,8.73566398937048,2.261950373404824,2.8116699706982793,14.643807691091475,0.09377869751953227,16.35054269359553,10,28.099477994085866,42.55629642571165,30.258565953894994,53.757263688855645
3930160,ffcd1b9e-1669-482a-a033-cd3b8c5bbcb6,88,Carry,21,25.025000000000002,53.125,10,37.479824615507574,55.04908497134497,17.569260355837393,34.77174315445919,31.459114443533135,29.353116353806776,13.836042992080284,8.73566398937048,2.261950373404824,2.8116699706982793,14.643807691091475,0.09377869751953227,16.35054269359553,10,28.099477994085866,42.55629642571165,30.258565953894994,53.757263688855645
3930160,895dbde1-2798-4a9f-8b64-64413e016512,88,Ball Receipt*,23,30.800000000000004,42.67,10,34.745634043253936,52.751319355037694,18.005685311783758,36.43012601708955,37.17781001890128,31.569423577801007,22.176248057416505,8.440707452539943,3.7767799388346233,2.5672397819171664,15.268232025099742,5.210485704372008,28.508670243624884,9,33.480325056091466,44.321618737058,31.266599638805204,60.868483913426495
3930160,280392a2-1c9e-445a-82c0-c5070987cab8,88,Carry,23,30.800000000000004,42.67,10,34.745634043253936,52.751319355037694,18.005685311783758,36.43012601708955,37.17781001890128,31.569423577801007,22.176248057416505,8.440707452539943,3.7767799388346233,2.5672397819171664,15.268232025099742,5.210485704372008,28.508670243624884,9,33.480325056091466,44.321618737058,31.266599638805204,60.868483913426495
3930160,e2844303-aa19-40f8-a60d-461c21eb5949,88,Pass,24,33.25,41.904999999999994,9,39.99190064854609,54.58670508035107,14.594804431804974,35.26872826834544,30.5407756456924,30.22438943714253,42.7483479914856,5.449237880768927,1.388049252007722,0.635988180273884,15.070622660700899,11.522505799062966,31.93551026018092,9,34.056247018712405,44.58606523633376,30.683859338099637,63.14041011538777
3930160,5fae4ea4-b4b3-4f74-aca2-a29a97274652,88,Ball Receipt*,24,44.7125,47.855,9,40.36780105483634,53.456652159289305,13.088851104452964,38.32881251806223,35.823695761381146,31.602906334175056,41.26753504233009,5.3388874653389555,2.8130591466866024,2.928047029920741,12.757697354695722,9.108023408399553,29.859672138667925,9,34.25143047886681,44.27684033840081,33.77986438830167,62.540518593904395
3930160,01e34c8f-0abf-4cc1-b5d0-15bff02c8f83,88,Carry,24,44.7125,47.855,9,40.36780105483634,53.456652159289305,13.088851104452964,38.32881251806223,35.823695761381146,31.602906334175056,41.26753504233009,5.3388874653389555,2.8130591466866024,2.928047029920741,12.757697354695722,9.108023408399553,29.859672138667925,9,34.25143047886681,44.27684033840081,33.77986438830167,62.540518593904395
3930160,56c1274b-70e4-4e40-a98e-9c1350c15d9a,88,Pass,24,44.7125,47.855,9,40.51263539068127,53.3773921361092,12.864756745427933,38.831982347384624,36.41307903331357,32.007699528369606,42.00649009789576,5.298932554456056,3.0055461165586657,3.1080184339784225,12.036047965622458,9.804118890305759,29.40043996810769,9,34.32052475290225,44.272025666012986,33.98423703221573,62.39933131165172
3930160,427fa09b-70f2-4bd9-a2f6-fdbf8c9da417,88,Ball Receipt*,25,39.2875,44.71,9,43.11462250640903,54.93156908157529,11.816946575166263,38.589309811518106,37.25122895453484,32.9838127768876,40.651223237136975,4.922913318405977,3.731900354521123,3.788333250258333,11.252013819338515,8.452857869304026,28.915851282787703,9,36.85395781690334,46.18605332475412,34.693664776837934,63.42511463741373
3930160,a5c17452-ee71-45ae-861a-5814e7abce71,88,Carry,25,39.2875,44.71,9,43.11462250640903,54.93156908157529,11.816946575166263,38.589309811518106,37.25122895453484,32.9838127768876,40.651223237136975,4.922913318405977,3.731900354521123,3.788333250258333,11.252013819338515,8.452857869304026,28.915851282787703,9,36.85395781690334,46.18605332475412,34.693664776837934,63.42511463741373
3930160,d42272ad-7390-4314-a591-b21ba97fdd36,89,Foul Won,41,55.737500000000004,10.54,10,40.60268730215813,51.65282855776884,11.050141255610711,40.6255888395268,48.20122271631525,35.056153298032335,36.28679714283241,4.931453262451535,3.493303623216153,1.6908490517880992,20.299378610829564,5.527174465975492,37.31743364681748,10,41.80925389110041,50.15224313954798,41.39887797688091,54.21316861435693
3930160,d2474feb-a51e-4674-952b-66bf72236783,89,Pass,25,17.0625,30.685,10,34.469011423652965,53.7254921603115,19.25648073665853,34.06836673298886,25.622797129242684,29.97073571169297,36.18683391511889,6.069407497076136,3.160365559434323,0.7551122365956857,12.24515037099922,2.0493078114176733,17.0625,11,24.387723948909468,40.07818603087498,31.838532753944083,64.08265700851167
3930160,65958229-464d-4cf4-9f2f-d7464d173bc6,89,Ball Receipt*,27,20.7375,50.32,10,34.67717468814555,55.19507626514799,20.51790157700244,37.53134330326327,28.146769653545284,31.73687186894671,34.57961166148651,6.994472770756351,3.0992121774038006,1.0016095608235105,12.295547843536223,0.6417028865438503,20.73750066757202,10,30.500841852182088,43.354428038526194,34.25932653989754,64.59929116791312
3930160,a5e9677e-f9fd-4852-a4e5-7a2ea46c75b6,89,Carry,27,20.7375,50.32,10,34.67717468814555,55.19507626514799,20.51790157700244,37.53134330326327,28.146769653545284,31.73687186894671,34.57961166148651,6.994472770756351,3.0992121774038006,1.0016095608235105,12.295547843536223,0.6417028865438503,20.73750066757202,10,30.500841852182088,43.354428038526194,34.25932653989754,64.59929116791312
3930160,f5038abb-dd4d-4293-8a37-5dbac12842f6,90,Ball Receipt*,5,32.637499999999996,18.869999999999997,10,45.07790181425143,57.62843513294047,12.550533318689034,28.602364441964784,28.612499563437837,30.451460215717233,22.559887838526848,3.0696838944525666,1.8550782990757817,1.6910664626689282,13.87905492489277,5.420107836523361,28.923133091898936,10,33.332803210468164,45.60843155666625,24.881009222584154,48.415756978509506
3930160,8157fd95-ab34-46c3-9140-5633d3a0d85c,90,Carry,5,32.637499999999996,18.869999999999997,10,45.07790181425143,57.62843513294047,12.550533318689034,28.602364441964784,28.612499563437837,30.451460215717233,22.559887838526848,3.0696838944525666,1.8550782990757817,1.6910664626689282,13.87905492489277,5.420107836523361,28.923133091898936,10,33.332803210468164,45.60843155666625,24.881009222584154,48.415756978509506
3930160,0fd5a5fb-2c4e-4382-b145-e8dd9c0d50cd,93,Ball Receipt*,6,36.225,60.35,8,28.175512067840145,49.61491702406452,21.439404956224372,39.133792207581266,35.03736220297052,17.75916033811711,27.630496578531623,5.0989889534309585,3.9124360794191104,0.4812277897980728,6.341695356133897,7.147632844955691,25.701289203255214,7,30.038229663332952,37.51444145072638,38.430528961755876,44.48808192667279
3930160,1c5416aa-eeaa-46b2-aabf-52e062d11571,93,Carry,6,36.225,60.35,8,28.175512067840145,49.61491702406452,21.439404956224372,39.133792207581266,35.03736220297052,17.75916033811711,27.630496578531623,5.0989889534309585,3.9124360794191104,0.4812277897980728,6.341695356133897,7.147632844955691,25.701289203255214,7,30.038229663332952,37.51444145072638,38.430528961755876,44.48808192667279
3930160,24336d7b-5ece-409f-aaf2-8bfbd5437a20,93,Pass,6,35.7875,3.995,10,28.386792786839663,45.583366939598235,17.196574152758572,31.329240804442247,15.570098394633838,38.544662018395684,27.30096440360507,2.9404737864214767,4.519162433353292,4.910321379112133,15.691489120093795,0.45219111879615426,20.981916403619998,8,25.26451222605026,34.04166691692266,26.00852943157524,38.14478567527599
3930161,26015c82-1a1b-4723-ac7c-86e3793057bb,3,Ball Receipt*,6,32.987500000000004,24.055,10,44.69339862339964,57.89944909847014,13.206050475070505,35.816478010416134,36.272296830617286,29.983062408191948,25.664570058185202,6.098545879495917,3.115877846811558,0.6845648295540769,11.743349734418931,4.316170355622116,24.710997571914323,10,32.84911887724379,43.90278532071861,37.48268217704908,63.5709323331954
3930161,afe22baa-7584-4099-acf0-0f521fe8f4db,3,Carry,6,32.987500000000004,24.055,10,44.69339862339964,57.89944909847014,13.206050475070505,35.816478010416134,36.272296830617286,29.983062408191948,25.664570058185202,6.098545879495917,3.115877846811558,0.6845648295540769,11.743349734418931,4.316170355622116,24.710997571914323,10,32.84911887724379,43.90278532071861,37.48268217704908,63.5709323331954
3930161,2909f909-7f80-4d02-9b74-2412a2b0d229,4,Pass,5,28.962500000000002,43.52,10,41.90716666795928,55.12489608584986,13.217729417890581,42.8545057381607,34.81155768580047,23.281037527052774,36.25636540353655,5.953273022421665,1.287831140099991,1.3407869598185727,10.444361657449107,7.5611349871301385,26.468929078969232,9,29.19520045322207,39.846056803291795,40.402702395387784,45.8439981573773
3930161,85f4575a-c138-4c3f-aa23-004c4d8d30e8,7,Duel,6,57.925000000000004,19.55,9,40.09110457867631,53.6322082645237,13.54110368584739,46.14731636497396,39.16448098610182,9.905398203061466,25.183170595962597,5.414922304519077,2.9670048532844198,0.8313221382901403,4.672652118692497,6.629193321776619,35.89778238542001,8,42.08242497041216,49.341956951276345,44.41456902766236,28.512153254235635
3930161,18cabb3a-5877-4014-8d9b-9ce56fdc5057,11,Ball Receipt*,14,47.949999999999996,4.08,10,41.589150195370976,58.026598137330055,16.43744794195908,15.205674816946205,29.5000203137454,36.70224337822916,23.20176634216755,5.743150534155732,6.646751371793044,0.9212946586318043,25.848421578509793,4.754692896308349,21.240818673225686,8,31.729114388468705,41.65296175271572,19.89535018647598,47.97818491297938
3930161,729c8d2f-a4d2-48fb-8857-4285a0f64907,11,Carry,14,47.949999999999996,4.08,10,41.589150195370976,58.026598137330055,16.43744794195908,15.205674816946205,29.5000203137454,36.70224337822916,23.20176634216755,5.743150534155732,6.646751371793044,0.9212946586318043,25.848421578509793,4.754692896308349,21.240818673225686,8,31.729114388468705,41.65296175271572,19.89535018647598,47.97818491297938
3930161,3f312bbe-b41a-4402-ac11-f6e12aa7b2a3,11,Pass,16,42.7875,6.375,10,40.450256404800335,55.40691556881353,14.956659164013196,13.968625545650706,25.94721741541055,31.251375973016167,21.62531876792301,4.760836266239596,6.494061912496504,1.6893856579635846,23.776513362386126,5.600661454467673,24.597054892607773,8,32.028975732640134,40.40461534805962,17.57913816987136,44.31864544473392
3930161,52f30013-5959-4d87-988a-43bf245b1586,11,Ball Receipt*,17,37.800000000000004,8.755,9,40.683615593879615,55.58493226225095,14.901316668371337,13.202957521780286,21.80188514795453,30.4025137172342,11.80597460239917,4.033191528424461,6.449284984204855,0.5623359925405458,24.319825399452494,0.1993356289572823,26.404655497250182,8,32.93657982126025,40.81645879438458,16.76913120137165,44.17720420308103
3930161,4ba34cc7-4d1a-48a0-a21b-2aa3f50940d8,11,Pass,17,37.800000000000004,8.755,9,40.683615593879615,55.58493226225095,14.901316668371337,13.202957521780286,21.80188514795453,30.4025137172342,11.80597460239917,4.033191528424461,6.449284984204855,0.5623359925405458,24.319825399452494,0.1993356289572823,26.404655497250182,8,32.93657982126025,40.81645879438458,16.76913120137165,44.17720420308103
3930161,b448e7b7-92a9-4698-b68b-63dbd101697d,11,Ball Receipt*,18,36.050000000000004,1.4449999999999998,9,41.83257511950849,56.767133104458125,14.934557984949635,19.04852757470207,18.541928381215037,32.6309572146912,13.710234917480678,4.003841427917569,6.342705764492303,3.4348140541891645,14.473640458471472,1.4022522308357246,26.273377744786153,8,33.58585837238242,41.44681953141289,19.34038023084976,45.18703704034309
3930161,209cd188-440d-4844-92d1-a1be7ec30f8e,11,Carry,18,36.050000000000004,1.4449999999999998,9,41.83257511950849,56.767133104458125,14.934557984949635,19.04852757470207,18.541928381215037,32.6309572146912,13.710234917480678,4.003841427917569,6.342705764492303,3.4348140541891645,14.473640458471472,1.4022522308357246,26.273377744786153,8,33.58585837238242,41.44681953141289,19.34038023084976,45.18703704034309
3930161,dbe11cb5-ca40-4e0d-8c37-24778bc2a536,12,Pass,9,19.95,2.125,8,26.25709849450566,44.141549864417016,17.884451369911357,21.292926962389778,17.954118153381703,37.85132126652312,22.067966478583106,5.2095685554126145,2.0188406947162285,0.0846161992007346,16.18035885308541,6.074123748833305,11.091011934426295,8,18.13951816107076,26.061673388743415,22.101360121046568,55.416229998387465
3930161,2dbd2476-eae3-4bbb-ae7e-7d721ede87cd,12,Ball Receipt*,11,35.875,3.74,8,27.10383327106043,39.69262002558907,12.588786754528641,18.566240600685692,14.136000637907827,35.78637305763648,20.63004187259024,4.881770973166524,3.3664923458732177,1.9610424084442233,15.6653435894371,9.123605775692987,12.081256705394367,7,19.42650477018326,25.582022562999004,13.855784996569485,32.887855999113576
3930161,b7fdb892-7259-45a0-8f6a-f4355a2c99f9,12,Carry,11,35.875,3.74,8,27.10383327106043,39.69262002558907,12.588786754528641,18.566240600685692,14.136000637907827,35.78637305763648,20.63004187259024,4.881770973166524,3.3664923458732177,1.9610424084442233,15.6653435894371,9.123605775692987,12.081256705394367,7,19.42650477018326,25.582022562999004,13.855784996569485,32.887855999113576
3930161,93ab607d-7120-4c5c-8873-69f9d5605a62,12,Ball Receipt*,13,7.174999999999999,6.969999999999999,8,23.359145606025738,34.4788020175018,11.119656411476061,8.834768764189066,19.966885327199233,24.27879257185802,31.479590041908743,5.588334436828226,4.762019367322784,0.7629294884395448,15.729329807827764,15.208536800506913,7.174999833106995,8,15.830694577290165,22.499955445265762,15.084019362309586,51.07615077594172
3930161,f2c9b1d8-ba0e-4e5d-b3cb-ee8b3c83bc77,12,Carry,13,7.174999999999999,6.969999999999999,8,23.359145606025738,34.4788020175018,11.119656411476061,8.834768764189066,19.966885327199233,24.27879257185802,31.479590041908743,5.588334436828226,4.762019367322784,0.7629294884395448,15.729329807827764,15.208536800506913,7.174999833106995,8,15.830694577290165,22.499955445265762,15.084019362309586,51.07615077594172
3930161,e3f60ff7-ed96-4c37-92c3-359d5e6860c7,13,Ball Receipt*,17,26.775000000000002,27.455,10,41.84926901863779,57.53763628623749,15.688367267599702,27.07020442744213,36.17086489100287,34.66206006369023,29.304437164069263,5.458656411616923,3.476806148810204,1.162767991261621,26.96890347492095,2.2329770196464125,26.77500033378601,10,31.150347952312814,43.56079250694158,35.21503882537821,58.686897365211905
3930161,7a1a72bd-bb2b-4e6d-a726-b46945c9f9dd,13,Carry,17,26.775000000000002,27.455,10,41.84926901863779,57.53763628623749,15.688367267599702,27.07020442744213,36.17086489100287,34.66206006369023,29.304437164069263,5.458656411616923,3.476806148810204,1.162767991261621,26.96890347492095,2.2329770196464125,26.77500033378601,10,31.150347952312814,43.56079250694158,35.21503882537821,58.686897365211905
3930161,889b988a-59cb-4ed9-9824-2e1dc4ac1d5d,13,Pass,18,26.775000000000002,27.2,10,44.772201524240536,58.586724114399665,13.814522590159129,29.64998233610016,35.445684969893314,35.67962552100421,28.216431683240323,5.440055582468792,3.4235461332377812,3.649092148154107,21.947954579742706,7.337794888143129,26.77500033378601,10,31.129765915925173,44.45630234006425,35.673502511734036,59.729172066172396
3930161,c73c477b-8091-46c8-a815-38ee70a8a279,17,Ball Receipt*,8,29.3125,40.29,10,41.5465539529297,57.97590208049549,16.429348127565788,35.53658593759836,36.63698416098559,32.892897442577826,37.03332627106924,6.350693536395128,3.113544890446987,2.11029003662469,16.09763467864998,5.454539864767568,26.55462707109383,10,33.32743144715685,45.21426450370468,32.5570296157272,56.59354611196879
3930161,daa7307a-b3f2-4df3-a40a-aa5b8b4a15e3,17,Pass,8,29.3125,40.29,10,41.5465539529297,57.97590208049549,16.429348127565788,35.53658593759836,36.63698416098559,32.892897442577826,37.03332627106924,6.350693536395128,3.113544890446987,2.11029003662469,16.09763467864998,5.454539864767568,26.55462707109383,10,33.32743144715685,45.21426450370468,32.5570296157272,56.59354611196879
3930161,7e386065-555f-4775-a859-d44652485d76,17,Ball Receipt*,10,28.962500000000002,17.764999999999997,10,41.74960879737155,58.942705641379845,17.193096844008295,27.569670153303946,31.859748220111022,31.715096229931884,32.32435096813383,6.001805148365944,3.4818938396678827,2.973499053784643,12.071217672844938,4.58187082584908,28.242246237021288,9,33.306474934092265,43.34255079379502,24.207280904562765,55.849909733969334
3930161,efc1afca-0ed5-48d7-b5b9-7c5b1a11e45e,17,Carry,10,28.962500000000002,17.764999999999997,10,41.74960879737155,58.942705641379845,17.193096844008295,27.569670153303946,31.859748220111022,31.715096229931884,32.32435096813383,6.001805148365944,3.4818938396678827,2.973499053784643,12.071217672844938,4.58187082584908,28.242246237021288,9,33.306474934092265,43.34255079379502,24.207280904562765,55.849909733969334
3930161,a913b41d-f3a2-4f46-963c-e5c09db8d922,17,Pass,11,27.7375,13.09,10,38.77802547633855,57.121963855225324,18.343938378886776,20.87735295462049,25.76286169981897,33.489283565388526,32.284956784004635,5.218825195773759,4.064479234688393,3.545475376242738,11.332113883233745,4.012154646176043,23.9184832526893,9,30.09703105737502,40.454179277205945,19.30750235351115,54.40810290792174
3930161,ccca43cf-f609-46be-a613-ef250912f3ff,17,Ball Receipt*,14,24.849999999999998,9.434999999999999,8,27.65988565551721,47.44404748724629,19.784161831729076,11.26381219394587,30.758061928617167,24.419043879324736,34.0848607784768,4.307410949689252,7.970098398612597,0.5530750796411872,14.535223875755126,4.242279299657,17.307630872784554,8,21.91821905872287,29.782291931210587,18.6134019752894,54.28962069869594
3930161,bca14338-bcc4-4485-9563-326e380e6172,17,Carry,14,24.849999999999998,9.434999999999999,8,27.65988565551721,47.44404748724629,19.784161831729076,11.26381219394587,30.758061928617167,24.419043879324736,34.0848607784768,4.307410949689252,7.970098398612597,0.5530750796411872,14.535223875755126,4.242279299657,17.307630872784554,8,21.91821905872287,29.782291931210587,18.6134019752894,54.28962069869594
3930161,d6bae3df-b9a1-4795-91a1-9c7cd032c81c,17,Pass,14,24.849999999999998,9.434999999999999,8,27.65988565551721,47.44404748724629,19.784161831729076,11.26381219394587,30.758061928617167,24.419043879324736,34.0848607784768,4.307410949689252,7.970098398612597,0.5530750796411872,14.535223875755126,4.242279299657,17.307630872784554,8,21.91821905872287,29.782291931210587,18.6134019752894,54.28962069869594
3930161,093c68fd-63ac-457e-a615-72be12b734e2,23,Ball Receipt*,9,30.275000000000002,57.290000000000006,10,40.956035259277755,51.86195984307542,10.905924583797663,35.95301636626691,31.938781860563658,32.59215702244073,33.241104197142825,6.119610128620434,2.3401745682985706,7.045737200741989,10.023507173092227,2.6925475403761148,17.267452569637296,8,28.749642760817267,39.03572708101824,40.30562220190421,41.350019440608136
3930161,7d500edd-e901-430a-bcc8-674972eed741,24,Pass,9,29.050000000000004,56.949999999999996,9,32.48668241329088,52.43663666300941,19.94995424971853,45.361810860883345,43.93075921098281,33.00785614158489,29.129658943734782,6.617423236866872,6.122150093516255,6.32706538522649,12.624691178564504,0.2894120821795241,16.827709190469566,10,24.179412114792303,37.62320473135647,41.04957062022704,55.431292105807785
3930161,cae9f23a-4c96-4b3c-930c-bf92486389b3,24,Pass,11,36.925000000000004,27.03,10,42.41334031998329,58.51878874715111,16.105448427167822,29.462601798309883,33.93874937334961,22.497023558910453,32.23258356989922,8.825649331278264,3.28694873310639,1.9044419826295922,12.858796722241888,9.793844188497523,26.597562643656687,10,31.31114847241482,42.66683524339067,30.23836358827947,53.58718176073653
3930161,d4ca46cf-728d-4ad2-a3f2-8ae3376cfcb3,26,Pass,6,12.424999999999999,25.5,8,17.251769601409883,36.23335451946383,18.981584918053947,22.498467887396906,31.42449783838974,33.07868537605382,35.106735887574125,3.647726013896264,5.126655746986006,3.223970268173588,15.386882400697932,16.418633977521807,1.026385939688085,11,6.610444416042355,16.240831108013978,30.369329319081668,47.31304171266868
3930161,cfe6fd24-3373-4125-a15a-4d88218c1335,26,Ball Receipt*,11,37.012499999999996,64.68499999999999,10,36.16271959310244,54.28683284297626,18.124113249873822,38.12580625561741,38.760629325223476,33.69259323545423,38.750662547308366,7.530954455782422,4.228931587865055,3.830642647043689,18.127669364001953,6.729469216514076,23.257440380878876,7,29.22614756388212,35.45539310410264,44.29499627759843,48.02504654276916
3930161,7792434e-c927-4deb-bb56-3fdc7fc5307c,26,Carry,11,37.012499999999996,64.68499999999999,10,36.16271959310244,54.28683284297626,18.124113249873822,38.12580625561741,38.760629325223476,33.69259323545423,38.750662547308366,7.530954455782422,4.228931587865055,3.830642647043689,18.127669364001953,6.729469216514076,23.257440380878876,7,29.22614756388212,35.45539310410264,44.29499627759843,48.02504654276916
3930161,dc5dfeb5-775d-43e1-a370-a4c3c8b90561,26,Pass,11,37.362500000000004,64.68499999999999,10,37.3544341497868,55.13707023344735,17.782636083660556,39.22889458483398,33.73480114394935,33.01543450657121,36.831340382928715,7.567027451827491,3.9081238722153016,3.8202147045132406,17.358226153380286,1.155940205696293,23.994428146489867,7,30.10391083377261,36.452073510754246,45.00660062261109,46.715187575586455
3930161,43184b7b-f588-4d40-860f-766c02163f0e,26,Ball Receipt*,13,33.3375,56.60999999999999,10,41.798862175194905,57.169231176523525,15.37036900132862,39.997044016725035,34.277808047840566,33.53124565791291,36.242673335188364,6.991733854437775,2.806683570344877,4.309166216375388,14.460174089999384,5.060242161871159,26.48936834277543,7,33.91326122047958,40.23088226317783,44.75230507668895,45.30314592253835
3930161,41cc064d-472f-4e62-839f-77617ffe7bd7,26,Carry,13,33.3375,56.60999999999999,10,41.798862175194905,57.169231176523525,15.37036900132862,39.997044016725035,34.277808047840566,33.53124565791291,36.242673335188364,6.991733854437775,2.806683570344877,4.309166216375388,14.460174089999384,5.060242161871159,26.48936834277543,7,33.91326122047958,40.23088226317783,44.75230507668895,45.30314592253835
3930161,6f65dcaa-ba5e-4442-8f15-a6dfce22ecb0,29,Ball Receipt*,25,29.574999999999996,20.145,10,45.03148462176677,56.199651920414865,11.168167298648093,33.721565282010154,34.83820289442936,35.287444275031746,26.639247711115797,3.6472673903456583,2.123251418279011,0.02808555618079467,17.125361459697295,6.951286275022362,15.509036475344612,11,27.746480142807975,44.3566948781329,33.80998968130089,52.1535324665652
3930161,3bc87d91-8302-4589-a749-58dbf8a51a52,29,Carry,25,29.574999999999996,20.145,10,45.03148462176677,56.199651920414865,11.168167298648093,33.721565282010154,34.83820289442936,35.287444275031746,26.639247711115797,3.6472673903456583,2.123251418279011,0.02808555618079467,17.125361459697295,6.951286275022362,15.509036475344612,11,27.746480142807975,44.3566948781329,33.80998968130089,52.1535324665652
3930161,cb6395d1-af6f-4350-adf4-64b84fef3640,31,Ball Receipt*,6,22.05,30.514999999999997,10,43.86972947361342,58.50718957901241,14.637460105398993,39.101530189215815,37.49389207410273,31.514127015632425,30.547715049180333,5.687383170530737,3.4607443344373956,7.042762098393645,8.626728931958091,8.808080871842435,13.092160160948536,11,23.554694445671355,40.496686273409175,39.14016195069924,60.966006602722395
3930161,cc1053a6-b234-49a1-97a6-84f8ccebea63,31,Carry,6,22.05,30.514999999999997,10,43.86972947361342,58.50718957901241,14.637460105398993,39.101530189215815,37.49389207410273,31.514127015632425,30.547715049180333,5.687383170530737,3.4607443344373956,7.042762098393645,8.626728931958091,8.808080871842435,13.092160160948536,11,23.554694445671355,40.496686273409175,39.14016195069924,60.966006602722395
3930161,2271ef10-1ff5-4575-8790-eba949759722,35,Ball Receipt*,12,13.125,53.21,10,25.666000584957004,49.65038212731505,23.984381542358044,37.40149037756994,35.68212728635075,43.88023373954174,18.26035766038147,7.037419217529921,6.398010712891103,4.62249743689701,16.12631600943051,0.26299148582054244,6.459340211523825,11,13.410985774083137,30.57795793515693,38.77927165376995,59.35107375747185
3930161,86733eff-d7b3-4fc4-b12f-8efcf130945f,35,Carry,12,13.125,53.21,10,25.666000584957004,49.65038212731505,23.984381542358044,37.40149037756994,35.68212728635075,43.88023373954174,18.26035766038147,7.037419217529921,6.398010712891103,4.62249743689701,16.12631600943051,0.26299148582054244,6.459340211523825,11,13.410985774083137,30.57795793515693,38.77927165376995,59.35107375747185
3930161,99033806-e326-44c1-8236-609b0aaa8ce9,35,Pass,13,13.125,53.975,10,22.937001528385697,47.916743046927124,24.979741518541427,37.57149260884412,39.7566144619163,42.80710987041028,33.59950271022507,7.537633190366542,7.480392410130614,3.6506180459293347,17.686804875780872,8.882452035091777,2.654834048429694,11,11.543311280836889,28.92919427582572,38.43462017298793,59.44376003396566
3930161,3b951a11-cb28-41a6-bbdc-994c24eec85f,35,Ball Receipt*,14,19.5125,62.815000000000005,10,20.41875548313351,45.83757873089067,25.41882324775716,46.09444327926652,29.977664544229828,29.141620496476726,42.37405135879227,6.563327945244815,7.513931796362046,4.835555398221885,10.285263151673725,9.461330378778772,-2.124191778647247,11,8.550210966834353,26.5817168628515,36.59741182769235,57.097072050387894
3930161,c0726db9-8c78-4bee-b04e-1cd8da8ef47c,35,Pass,14,23.099999999999998,63.324999999999996,10,24.00625581691952,49.42507906467668,25.41882324775716,46.60444198226945,30.48766324723276,29.141620496476722,42.37405135879227,6.563327945244815,7.513931796362046,4.835555398221885,10.285263151673725,9.461330378778776,1.463308555138764,11,12.137711300620364,30.16921719663751,37.10741053069528,57.097072050387894
3930161,78647cb6-4da0-4c3d-89a3-6e4e2c9350d7,35,Ball Receipt*,16,35.0875,61.879999999999995,10,26.28852138815044,48.72826108956222,22.439739701411778,42.6819925255118,44.01390256638692,47.44282294502579,34.61673836729628,6.44761935134143,7.285151929737634,7.068854300335062,18.92162443529277,4.270181403880095,13.768813957856725,10,18.459732004646316,33.21666387752378,39.688056761861006,52.27788291491599
3930161,094bb59a-8765-4d40-b130-43a401902a9d,35,Carry,16,35.0875,61.879999999999995,10,26.28852138815044,48.72826108956222,22.439739701411778,42.6819925255118,44.01390256638692,47.44282294502579,34.61673836729628,6.44761935134143,7.285151929737634,7.068854300335062,18.92162443529277,4.270181403880095,13.768813957856725,10,18.459732004646316,33.21666387752378,39.688056761861006,52.27788291491599
3930161,4bf347c1-ec2f-4287-8f27-3834021da92c,35,Pass,17,36.75,62.815000000000005,10,29.810068192527535,49.74894783487889,19.938879642351356,41.50505228751093,43.499338275995996,45.179703569495885,37.7092732833253,6.200640519078932,7.025132999172036,5.992691270043963,18.596389241380386,8.057251390583112,16.2417287741574,9,25.63443800047525,37.341112177387124,37.83342567546175,51.66299896521844
3930161,8c81c926-71bc-467a-b55e-45451256ce18,36,Ball Receipt*,13,46.199999999999996,63.154999999999994,9,35.57808316120353,56.66043979185171,21.082356630648178,49.233933740906295,37.22222260152175,35.214456982270065,25.8959968847808,10.565277169861384,4.3119596668660405,0.21817903923884785,17.02860656334392,1.0606419043549664,18.61868925513086,7,35.61700252272214,42.573289124121516,41.30558506040466,52.53673275747505
3930161,97b6dbcd-a693-475b-9b45-69210e02f1bf,36,Pass,13,46.199999999999996,63.154999999999994,9,35.57808316120353,56.66043979185171,21.082356630648178,49.233933740906295,37.22222260152175,35.214456982270065,25.8959968847808,10.565277169861384,4.3119596668660405,0.21817903923884785,17.02860656334392,1.0606419043549664,18.61868925513086,7,35.61700252272214,42.573289124121516,41.30558506040466,52.53673275747505
3930161,e7534bf1-538a-4da2-82cf-9038c5361085,36,Pressure,14,61.60000000000001,62.05,8,45.645501759381126,62.089018313650875,16.44351655426975,55.742247704061036,47.587748091205675,34.10379189594646,31.43666321885353,9.054556826603003,2.006814074168447,0.5707757163373657,15.4679298781991,15.040458515408574,41.36741778631434,5,49.0043765856868,51.52350153557825,52.62621109988369,33.661496887829465
3930161,40f2bc11-3968-4ed8-99bc-f1c00eb00c25,40,Pass,6,42.9625,4.93,9,41.6846733730618,53.822350743686016,12.137677370624218,11.75745430998703,20.63181385620158,22.251284260315344,24.6277798525213,2.8772578642346316,4.694220985533033,0.009515574604947119,17.78944378379262,0.5588603091758024,27.495550568537695,7,33.47426614543643,40.37943895198761,13.704721909087612,27.015286061960335
3930161,af15a004-9457-431a-8111-5150731c7c42,41,Pass,65,31.762499999999996,48.364999999999995,10,43.842930459190995,60.51242476184202,16.669494302651024,34.68143711578547,28.89772493106113,38.25941460293145,27.54120959194861,4.986054311269236,3.1350725129283115,5.10500437170511,14.93219345812988,2.6309076207387747,29.689931230389597,10,35.34082562077442,49.25128858158366,33.570602387258205,57.771530439953196
3930161,5942876a-b654-4462-864b-a2d507db9af3,41,Ball Receipt*,67,37.1,60.17999999999999,10,43.31163108896338,58.48970651302946,15.17807542406608,36.18200522502816,37.80792230007395,41.599052966942835,39.36939621388945,3.7656346899052475,2.693213250340065,3.642642896526681,15.855827856348371,9.243614446776263,30.37787880423472,10,35.101512137010296,47.90581700212841,33.02650103822283,55.549049928225884
3930161,ec103692-5dc4-4458-9f16-eee3bb276091,41,Carry,67,37.1,60.17999999999999,10,43.31163108896338,58.48970651302946,15.17807542406608,36.18200522502816,37.80792230007395,41.599052966942835,39.36939621388945,3.7656346899052475,2.693213250340065,3.642642896526681,15.855827856348371,9.243614446776263,30.37787880423472,10,35.101512137010296,47.90581700212841,33.02650103822283,55.549049928225884
3930161,4bca1b31-7d4f-491a-be44-b1c4d84f8c3a,42,Pass,17,36.137499999999996,28.304999999999996,10,43.29179130680996,56.38552629723904,13.093734990429077,30.532709616220604,30.89024854337311,20.11733619682245,35.03775289102608,4.953941912069804,3.7366661552844076,4.118551475379078,5.953223517005085,4.10685691230087,26.941489302930993,9,30.978855988541856,40.90720575202723,36.99741881291589,48.63997065687784
3930161,e597a3f6-4028-41db-ac3c-7ceb321e56e0,42,Ball Receipt*,9,42.175000000000004,61.795,9,40.95995826627412,57.81933516914236,16.85937690286824,34.24112932455042,32.846975411312805,39.767457988539896,25.803016658031662,2.5987940365728206,4.424324152788918,6.694358846201375,17.74269292139735,6.037225026873184,24.346416149737642,9,29.602839972721284,40.86506472820944,30.57945602794952,60.999108909702244
3930161,ebb4276f-e981-4aad-a63e-b907f1bc86ac,42,Carry,9,42.175000000000004,61.795,9,40.95995826627412,57.81933516914236,16.85937690286824,34.24112932455042,32.846975411312805,39.767457988539896,25.803016658031662,2.5987940365728206,4.424324152788918,6.694358846201375,17.74269292139735,6.037225026873184,24.346416149737642,9,29.602839972721284,40.86506472820944,30.57945602794952,60.999108909702244
3930161,9785ccce-634d-401d-bf7b-57fcabdd6c11,42,Pass,16,28.962500000000002,15.385000000000002,8,39.149031233880315,55.82431748158499,16.675286247704676,22.973223504530857,21.941833381946648,37.44469064936725,27.632028920363584,3.9960045839341594,4.503923915551434,4.974010873354889,14.752172960262062,13.322028730156763,27.52683894253929,8,31.063865804409332,40.83078342658031,21.283636433513372,57.70667533863737
3930161,2272edd5-b55d-498a-9e74-e5c1d5a9c052,42,Ball Receipt*,17,33.3375,4.08,8,40.39843505023054,55.533492994420925,15.135057944190386,21.506248432579167,21.509308128955112,39.38414547338945,23.42458357902803,5.002716487368949,4.110974931631866,3.4758108248152135,15.299446568225466,7.1067671258039,27.861483848294768,8,32.094043092102055,40.883751900386734,22.049905211807978,57.4321755054152
3930161,70b4d3a4-8af4-43b9-90e9-424f4705115a,42,Carry,17,33.3375,4.08,8,40.39843505023054,55.533492994420925,15.135057944190386,21.506248432579167,21.509308128955112,39.38414547338945,23.42458357902803,5.002716487368949,4.110974931631866,3.4758108248152135,15.299446568225466,7.1067671258039,27.861483848294768,8,32.094043092102055,40.883751900386734,22.049905211807978,57.4321755054152
3930161,04eb29f1-998a-4dcb-bb30-6e43568eb960,44,Ball Receipt*,15,24.150000000000002,45.135,10,27.331197555167513,50.88815171660703,23.556954161439513,40.24887658851174,38.89156873651662,25.207391412315967,34.741180519621224,7.218490030420433,6.651856915565597,4.367732767586901,9.889374378008842,5.513417409077967,14.980774986040304,9,21.028564840808386,34.82243785074775,43.29460582863621,46.40992559307263
3930161,660aa8b7-d9fc-4e2e-85a1-449e6e9624cf,44,Carry,15,24.150000000000002,45.135,10,27.331197555167513,50.88815171660703,23.556954161439513,40.24887658851174,38.89156873651662,25.207391412315967,34.741180519621224,7.218490030420433,6.651856915565597,4.367732767586901,9.889374378008842,5.513417409077967,14.980774986040304,9,21.028564840808386,34.82243785074775,43.29460582863621,46.40992559307263
3930161,1da58e1a-508d-46ca-9622-4123fe329232,46,Ball Receipt*,6,63.699999999999996,7.395,8,44.40845673155608,54.29391693945815,9.88546020790207,39.74444769602423,33.61600136470097,40.49201650298056,23.165987690395095,5.561543856036476,5.106325961747226,4.25282439514681,14.91109910983949,6.585551523804185,30.25486956047549,10,33.962034567140556,43.806474324726615,37.685235953514855,36.889440940150365
3930161,15b3f6a5-fb75-433b-8db5-a28599a34278,45,Pass,24,30.625,19.465,8,43.46371499121163,60.90471660985026,17.44100161863863,23.280526322891212,16.473059247305276,28.200010914426713,27.933077547685958,5.760885623362287,3.2861936390937836,1.5257248147713582,14.762617717996736,10.807640705587117,30.625,8,35.17455965145564,44.0435326639872,19.87732211529884,48.24954427987351
3930161,27e56505-08d8-4f2a-9a5f-6f1d573dc657,45,Ball Receipt*,26,44.1,3.57,9,41.47042112644541,57.359427487956914,15.889006361511505,26.89871835453033,22.842940836420915,34.63391113005943,29.528174033647954,5.566894726868561,5.085033792015701,3.479372365625043,16.796076567108102,7.477915291053314,26.863828537842537,9,31.31663339916758,42.322052471622065,26.179933193652996,46.25292830387255
3930161,2eff3b37-f051-4550-a401-27b785b69213,45,Carry,26,44.1,3.57,9,41.47042112644541,57.359427487956914,15.889006361511505,26.89871835453033,22.842940836420915,34.63391113005943,29.528174033647954,5.566894726868561,5.085033792015701,3.479372365625043,16.796076567108102,7.477915291053314,26.863828537842537,9,31.31663339916758,42.322052471622065,26.179933193652996,46.25292830387255
3930161,5d956c76-fa25-4685-ad49-e4e595c581fb,45,Pass,26,43.487500000000004,3.57,9,40.85792045887339,56.74692682038489,15.889006361511505,26.89871835453033,22.842940836420915,34.63391113005943,29.528174033647954,5.566894726868561,5.085033792015701,3.479372365625043,16.796076567108102,7.477915291053314,26.251327870270515,9,30.704132731595557,41.709551804050044,26.179933193652996,46.25292830387255
3930161,876fa656-e13f-4364-bb82-a455e19e3c52,45,Ball Receipt*,28,30.1875,7.819999999999999,9,39.978402454804026,56.13391731565102,16.155514860846992,10.936533744055364,29.64172944588273,21.533146532604228,35.40067598339373,4.755282511049642,5.077051792899405,4.031054081493975,8.476681867650404,2.7507852125977195,24.392716290017564,9,31.55191013797247,42.45608261976525,19.388282145704927,43.42836913231809
3930161,4ed07556-63fc-4838-a10d-debc4bd67fc6,45,Carry,28,30.1875,7.819999999999999,9,39.978402454804026,56.13391731565102,16.155514860846992,10.936533744055364,29.64172944588273,21.533146532604228,35.40067598339373,4.755282511049642,5.077051792899405,4.031054081493975,8.476681867650404,2.7507852125977195,24.392716290017564,9,31.55191013797247,42.45608261976525,19.388282145704927,43.42836913231809
3930161,0971511c-226d-441d-8f9e-834265a31fd4,45,Ball Receipt*,34,49.612500000000004,49.045,8,36.22053614716137,53.32996526321791,17.10942911605654,34.70479277264659,27.616774075663372,22.216306799920233,32.49740234286497,7.499162381558176,3.8901801315464266,2.0881865014003793,11.255465023951132,9.21504871733626,22.344959917894688,7,29.022038156954842,37.67616245284826,28.61487131210103,44.703717321992066
3930161,896f9a6e-f605-42c3-b04f-d23788ac07d8,45,Carry,34,49.612500000000004,49.045,8,36.22053614716137,53.32996526321791,17.10942911605654,34.70479277264659,27.616774075663372,22.216306799920233,32.49740234286497,7.499162381558176,3.8901801315464266,2.0881865014003793,11.255465023951132,9.21504871733626,22.344959917894688,7,29.022038156954842,37.67616245284826,28.61487131210103,44.703717321992066
3930161,0c3bc7b4-1735-4ccb-b712-a726e7a2ee14,46,Ball Receipt*,37,25.8125,45.56,10,41.60385554783552,59.238565139114144,17.63470959127862,37.6073968252935,30.855155398159056,34.30445421973201,19.231968470320208,8.424782084535462,2.405933355517062,4.878036285626379,11.395566239851245,3.8597067461819883,10.314243384116219,10,23.252570916617344,40.52242407604514,42.21733478052005,50.760921941015184
3930161,6ac7b470-2293-477d-97eb-e258cfac83a6,46,Carry,37,25.8125,45.56,10,41.60385554783552,59.238565139114144,17.63470959127862,37.6073968252935,30.855155398159056,34.30445421973201,19.231968470320208,8.424782084535462,2.405933355517062,4.878036285626379,11.395566239851245,3.8597067461819883,10.314243384116219,10,23.252570916617344,40.52242407604514,42.21733478052005,50.760921941015184
3930161,ea60f76c-6642-400d-ad54-76cd98963396,46,Pass,38,25.900000000000002,45.56,10,41.02837276060173,58.95121090937179,17.92283814877006,37.91479025499892,31.530076800088395,33.47348403060711,21.236681090389634,7.465257789507975,2.704759183988341,5.986638949192887,12.138326151825414,5.09020178532127,10.107773701288206,10,22.85224786028978,39.51513066380052,41.331494569603066,52.989418736330805
3930161,a9f00f14-6bfa-446c-be48-dae50101550f,46,Ball Receipt*,39,32.4625,47.345,10,41.55429722760484,59.49940717347081,17.945109945865966,39.383677954937845,33.43200165038113,33.82744668964794,21.475536225897486,6.168415543025125,3.2400424927484375,5.838781730667527,12.960286022563228,4.763038158625221,22.783339753794095,9,29.89139122910027,42.58829949487372,41.82032234744499,55.16302535605179
3930161,8ee16c95-45d2-431c-a849-e5188f46fc9d,46,Carry,39,32.4625,47.345,10,41.55429722760484,59.49940717347081,17.945109945865966,39.383677954937845,33.43200165038113,33.82744668964794,21.475536225897486,6.168415543025125,3.2400424927484375,5.838781730667527,12.960286022563228,4.763038158625221,22.783339753794095,9,29.89139122910027,42.58829949487372,41.82032234744499,55.16302535605179
3930161,390f8530-f79c-431c-9725-5ce9b599d426,46,Pass,42,32.8125,43.18,9,43.194674342924614,59.922509800865356,16.727835457940742,37.27460033553274,39.35160156348001,35.07773959330132,21.311868609632594,5.008507096915721,4.350855037638825,4.233482120694298,12.94917130512346,4.6774333716093,25.231054378909676,9,31.59207624697624,43.09522116748365,38.94519550492367,54.56122047603524
3930161,51f4dcf2-148f-497a-901c-2bb718556277,46,Pass,51,32.025,52.785,10,43.426145825241306,59.510771061136566,16.08462523589526,46.72404646928564,47.19483173290857,23.89967181870155,39.615934203923985,5.759496307388355,4.017642827240469,3.5988893112438944,9.354332896309444,9.819927927989006,26.586897163836362,8,33.87267602041351,45.94560932056443,50.19936252481831,47.36052358111321
3930161,9901c708-6d01-4068-a814-877c626d3a00,46,Ball Receipt*,54,13.125,36.21,8,37.33612914594784,56.34891232584962,19.01278317990178,38.44349380313603,39.74705836469261,26.156042476469523,44.02943973484996,5.969998762803658,3.4067247303558723,2.384310632970447,11.381289397614957,13.453262739173589,13.125,8,23.27172250626086,35.041450799256296,38.71298785043111,62.31343505490527
3930161,b2804f01-809a-410f-a90a-ce11cd653c5f,46,Carry,54,13.125,36.21,8,37.33612914594784,56.34891232584962,19.01278317990178,38.44349380313603,39.74705836469261,26.156042476469523,44.02943973484996,5.969998762803658,3.4067247303558723,2.384310632970447,11.381289397614957,13.453262739173589,13.125,8,23.27172250626086,35.041450799256296,38.71298785043111,62.31343505490527
3930161,f57a7c73-2dbd-48f9-b487-62cbc8a1eac8,47,Ball Receipt*,41,30.449999999999996,46.07,8,31.80608740792652,50.74419938277462,18.9381119748481,38.85275545384467,31.909805444828123,23.286611051226448,32.625793450057834,7.970372976445556,3.1438818664289756,3.330135948987646,8.278032026857709,7.339547229275965,20.795463349600602,9,24.822661198735688,35.93704779273953,37.664409691645304,57.943042865211424
3930161,6d9a0bab-86bb-42ed-ba69-8c2cf2fe57bd,47,Carry,41,30.449999999999996,46.07,8,31.80608740792652,50.74419938277462,18.9381119748481,38.85275545384467,31.909805444828123,23.286611051226448,32.625793450057834,7.970372976445556,3.1438818664289756,3.330135948987646,8.278032026857709,7.339547229275965,20.795463349600602,9,24.822661198735688,35.93704779273953,37.664409691645304,57.943042865211424
3930161,8e12ae4d-a6d6-4a58-b138-165324349e40,47,Pass,44,38.0625,47.94,10,37.713066208041624,55.61034881638499,17.897282608343367,39.80205399014608,33.85659448773423,20.284530307500123,29.74732398502672,7.8194722927346945,2.048204714681668,1.1790133620193082,8.69454846327369,7.194665838190446,26.71770545250313,9,36.377946999737134,44.45697692458848,38.69445658655528,60.95167747195856
3930161,df26d90e-7acd-4593-9a66-add209d1860d,47,Miscontrol,5,36.75,4.845,10,27.30060483902155,41.73558404259124,14.434979203569693,19.147462490070602,19.92295237894105,19.105486514589717,32.97610917667408,6.454936296198266,4.256153325077645,0.7576022338615829,8.679263987093925,1.0581077440552722,7.294055280844443,11,16.512505155485783,28.405786561001317,22.530212187828923,36.199097221319754
3930161,706771e0-18c8-424a-87e5-767f0940d18d,48,Pass,24,30.1875,47.175,9,29.220003035589325,51.39407135340373,22.174068317814406,39.336277548176554,38.19477284381815,27.207200636593786,36.40086929296947,6.474230038738437,4.961576292949104,0.5791353325444177,12.321140164943262,6.137215714823341,19.437120811890644,7,27.566079959616715,34.51005206369532,37.76161757863565,60.885451180971394
3930161,9b994a0c-66f3-4c4c-a106-e4987e520242,49,Ball Receipt*,20,37.449999999999996,6.375,10,31.833526833669964,50.38134762279299,18.547820789123023,20.841011028383083,30.23363700675852,32.90881547307528,38.9373888240549,3.591138850965244,8.001780576421401,2.99290734451143,22.307133118983025,0.23772437132332058,20.52408616417177,9,28.821811287475292,38.90918201826331,29.943722388904558,51.516999136105305
3930161,845fce7e-3a73-44d2-9290-ef1ec4309114,49,Carry,20,37.449999999999996,6.375,10,31.833526833669964,50.38134762279299,18.547820789123023,20.841011028383083,30.23363700675852,32.90881547307528,38.9373888240549,3.591138850965244,8.001780576421401,2.99290734451143,22.307133118983025,0.23772437132332058,20.52408616417177,9,28.821811287475292,38.90918201826331,29.943722388904558,51.516999136105305
3930161,bf0092bd-b044-4397-a154-bbeda9b89b60,49,Pass,20,38.15,6.375,10,32.53352616609794,51.081346955220965,18.547820789123023,20.841011028383083,30.23363700675852,32.90881547307528,38.9373888240549,3.591138850965244,8.001780576421401,2.99290734451143,22.307133118983025,0.23772437132332058,21.22408549659975,9,29.52181061990327,39.60918135069129,29.943722388904558,51.516999136105305
3930161,d8f09951-b77f-4e06-bcd9-9483d60c903e,49,Ball Receipt*,22,49.525,16.744999999999997,9,42.21867653008864,61.150641690082885,18.931965159994242,21.655012910057785,26.740634023467216,34.67738106673194,36.70035281759108,5.073924273578317,0.9551416912499073,3.008505022728251,13.744902951515801,6.331229722750663,35.28570271443708,8,37.95120625284417,46.95392334003081,26.310029049495355,50.112943434029106
3930161,113125d1-1a15-4381-9edc-c8dc9cd91a3d,49,Carry,22,49.525,16.744999999999997,9,42.21867653008864,61.150641690082885,18.931965159994242,21.655012910057785,26.740634023467216,34.67738106673194,36.70035281759108,5.073924273578317,0.9551416912499073,3.008505022728251,13.744902951515801,6.331229722750663,35.28570271443708,8,37.95120625284417,46.95392334003081,26.310029049495355,50.112943434029106
3930161,395d4f8f-6d5d-4004-8790-084e41bdfcf7,53,Ball Receipt*,33,55.9125,11.219999999999999,9,31.119653743378887,48.363163993523585,17.2435102501447,34.58440220502223,36.53145360875383,52.10976159580533,31.568922961009356,4.6496071610971885,4.056019820520318,6.001730569457074,22.20883986085621,1.8214473760865317,23.178568187951186,10,26.97364217866576,33.53136714669097,42.48592574813539,37.40406661748612
3930161,64aafd3b-0f31-40c2-93d4-5253db32b5d6,54,Pass,65,29.224999999999998,35.105,10,46.240601044034996,57.71857712543779,11.477976081402794,34.70578114784075,24.10175705161056,22.209238869607383,35.23931868909566,4.076728517020679,2.556729197374384,3.9134814674958847,7.736226447441055,6.839839183338148,29.225001335144043,10,35.18553989801031,46.757138987671595,32.80634570258976,61.75920264170674
3930161,b2070de2-a7b7-4ae5-9f00-d52d7b0dc2ca,54,Ball Receipt*,67,31.0625,18.955000000000002,10,44.83335498461129,54.82873582674321,9.995380842131922,31.36243381791048,48.90451600443173,32.26256126221931,26.283822659180032,4.262149077740069,3.346768117689861,1.0423334544886025,12.623148649385461,6.736273866805838,27.83307226297262,10,32.57969513029328,43.785664460528594,39.586145271443264,62.11498870442993
3930161,d3e07c78-fca5-4172-bbbe-6ee76d8974ca,54,Carry,67,31.0625,18.955000000000002,10,44.83335498461129,54.82873582674321,9.995380842131922,31.36243381791048,48.90451600443173,32.26256126221931,26.283822659180032,4.262149077740069,3.346768117689861,1.0423334544886025,12.623148649385461,6.736273866805838,27.83307226297262,10,32.57969513029328,43.785664460528594,39.586145271443264,62.11498870442993
3930161,32da6649-6cf7-46de-9383-d3e12e217337,54,Pass,68,32.199999999999996,19.72,10,44.72820723291834,55.715283783002775,10.987076550084431,32.05632559950429,37.17784419031036,38.39698273060099,41.19939723072979,5.120914310355776,3.273664379594074,0.8449579081464833,20.162191067879416,5.291410378632655,28.364645478188685,10,32.6929783323712,43.876536205548014,39.01585084588703,63.968443667697066
3930161,1915f3f5-9281-4b43-937a-9681c8ba8bd2,54,Ball Receipt*,69,32.4625,35.785000000000004,10,43.79530146454815,57.61603969043462,13.820738225886466,27.753535425466474,34.34498656579792,38.68505611238773,39.45628567571485,5.739942424677225,3.0822702710576513,3.9897099168114174,14.752072939924997,4.259969766267915,29.080568392053017,10,32.584418194397635,44.565650344869724,33.8700856953544,62.4461316072283
3930161,85fec6d8-da8f-41b3-91c3-e19747ffcbe3,54,Carry,69,32.4625,35.785000000000004,10,43.79530146454815,57.61603969043462,13.820738225886466,27.753535425466474,34.34498656579792,38.68505611238773,39.45628567571485,5.739942424677225,3.0822702710576513,3.9897099168114174,14.752072939924997,4.259969766267915,29.080568392053017,10,32.584418194397635,44.565650344869724,33.8700856953544,62.4461316072283
3930161,88348e9d-6084-4799-9a47-46cc0a0fc999,54,Pass,11,28.962500000000002,47.855,8,35.697629463658735,50.31360543896195,14.615975975303215,38.446505749512056,36.754360785889205,28.562640964578694,37.191962416244294,6.131997380202445,3.733432408303855,1.2359239362924512,15.204575424341197,13.466951949817382,19.38616636429385,9,26.335188548642627,36.38019849111517,35.814612104862526,58.98757240267238
3930161,2bc6aaf4-3eea-4521-a14a-6f3fd1bbc8f1,54,Ball Receipt*,14,31.675000000000004,34.595,8,35.53850797371028,52.3178595363737,16.77935156266342,34.9086108617969,39.55070224574187,26.37343420669835,37.3010561325588,5.821540362439007,1.4579841336530412,4.195207288481843,9.99659196501944,10.747225611083863,19.565040663601135,9,25.785724049172416,35.60420553708843,36.54576564056819,60.904337789107046
3930161,2273c0ac-9f61-454e-b8ff-8aecb24f0f4e,54,Carry,14,31.675000000000004,34.595,8,35.53850797371028,52.3178595363737,16.77935156266342,34.9086108617969,39.55070224574187,26.37343420669835,37.3010561325588,5.821540362439007,1.4579841336530412,4.195207288481843,9.99659196501944,10.747225611083863,19.565040663601135,9,25.785724049172416,35.60420553708843,36.54576564056819,60.904337789107046
3930161,ea0a84ad-3a9e-45d4-88ef-e0b8ff046867,56,Pass,10,31.324999999999996,27.03,9,29.497487566158146,48.97985815890113,19.482370592742985,28.608895526209988,35.001798118419146,26.919360121495956,21.500479969060272,8.194516957016397,4.0103521346049344,0.31336565631738367,12.974138021867265,0.42743580887054833,20.844396173742567,10,25.477454980594185,33.917623281701495,30.838455704743325,32.812611904315006
3930161,d6a126ef-3079-4158-b705-d6a2c2d5eea3,56,Ball Receipt*,11,38.5,38.335,10,34.22891878136231,52.15867851287472,17.929759731512412,33.9710334652472,36.93486830041791,27.0406954118814,23.55244942728206,5.117671278793924,4.9450238397040245,2.5024646968144495,14.171437173572983,7.278468888856011,25.311409545316373,10,28.33679831448697,37.409830281770375,34.79572005387685,35.25388859773438
3930161,2ec1e1e4-52f1-4d1e-917b-082e4c766134,56,Pass,11,38.85,38.165,10,34.57892011650635,52.508679848018765,17.929759731512412,33.80103605924135,36.76487089441204,27.040695411881398,23.552449427282056,5.117671278793924,4.9450238397040245,2.5024646968144495,14.17143717357298,7.278468888856011,25.661410880460416,10,28.686799649631013,37.75983161691442,34.62572264787098,35.25388859773438
3930161,eafc2318-639f-4986-a973-139cdda22dcc,56,Ball Receipt*,19,25.2,49.385,9,39.030951913526216,51.097993144139714,12.067041230613498,38.415659252087515,52.75648374797986,31.904828587266895,37.4787590289914,3.6416495336195074,3.9694869638320354,4.916019107420972,12.846648088814792,5.033735261855178,23.217146756187148,9,27.779903129021168,36.896543953946825,45.368851059543196,51.852740433017956
3930161,9dbdd0e8-e9ef-4951-ba52-bf4636306b1b,56,Carry,19,25.2,49.385,9,39.030951913526216,51.097993144139714,12.067041230613498,38.415659252087515,52.75648374797986,31.904828587266895,37.4787590289914,3.6416495336195074,3.9694869638320354,4.916019107420972,12.846648088814792,5.033735261855178,23.217146756187148,9,27.779903129021168,36.896543953946825,45.368851059543196,51.852740433017956
3930161,78dca0b0-7665-4033-842d-d9fad48a9085,56,Pass,20,25.55,49.385,10,38.99080221415676,51.912558774326264,12.921756560169506,37.25675358836806,50.65432575894937,30.755525034278765,38.36718932797809,3.8450319949983323,3.301289321853146,3.658263634477457,12.367656583320649,5.97537341111655,23.421467742577345,9,27.56713009505369,37.10257102383988,44.20874515739805,52.458277892560176
3930161,e948159a-68a5-4f18-ac30-5316191a8a2b,56,Ball Receipt*,21,30.887499999999996,58.99,10,38.885829558102316,53.116607675274736,14.23077811717242,36.80799075946879,50.858893768699446,33.697860935441106,22.972033249331375,4.508489108022854,2.623017584516961,4.942248613293323,11.737367113712743,4.047408269102313,24.404898977530813,7,34.0716714058422,40.21031382182745,49.09298662388778,42.5707892912466
3930161,3f2f163e-bc29-43e0-ab36-140f5e6ddb23,56,Carry,21,30.887499999999996,58.99,10,38.885829558102316,53.116607675274736,14.23077811717242,36.80799075946879,50.858893768699446,33.697860935441106,22.972033249331375,4.508489108022854,2.623017584516961,4.942248613293323,11.737367113712743,4.047408269102313,24.404898977530813,7,34.0716714058422,40.21031382182745,49.09298662388778,42.5707892912466
3930161,1d29ae4f-07e1-4eee-b98f-f243e6486057,56,Pass,23,36.050000000000004,59.67,10,41.96177131944836,54.36473953014834,12.402968210699981,37.62479944272375,44.90164200025789,40.62274717496629,36.609589090420975,4.996568636025237,4.019537752159849,6.04149006418583,13.68265154425757,4.755206234266375,24.235740053696794,7,36.42565700001202,42.3191549860642,47.947157616283576,43.453137960856665
3930161,fcbf2fa1-6157-4f30-b89e-7a41ebdd35ee,56,Ball Receipt*,24,43.4,65.705,10,43.97552493981705,54.8185184465415,10.842993506724454,39.13560070299302,46.99130779652472,40.07946325300294,35.60382772154277,4.961801916896323,4.406801043621758,6.474124494956094,15.048701102753512,2.7201261177769567,23.00125737533351,7,37.228292709508196,43.41244392742161,48.835736825222185,44.573562821198394
3930161,0b958653-790d-4120-be0c-1885570129f2,56,Carry,24,43.4,65.705,10,43.97552493981705,54.8185184465415,10.842993506724454,39.13560070299302,46.99130779652472,40.07946325300294,35.60382772154277,4.961801916896323,4.406801043621758,6.474124494956094,15.048701102753512,2.7201261177769567,23.00125737533351,7,37.228292709508196,43.41244392742161,48.835736825222185,44.573562821198394
3930161,ec97aa7b-d356-48fe-b4cb-8b23561d43cb,56,Pass,27,42.0,64.6,10,45.99113325389046,57.10686213268461,11.115728878794151,42.512883614545686,44.72035513793649,41.807177974326635,37.56009744871112,3.5841454865809195,3.4518308316899042,4.723079563997224,16.523528282425186,8.312407203118156,42.0,6,45.48106595369585,49.67047699977345,49.122569043788644,43.27559124046685
3930161,ab58c586-828a-4652-ab3b-bbf549b3d2dd,56,Ball Receipt*,29,26.25,53.55,10,45.07924207950768,57.94910143758698,12.869859358079303,44.937126913098844,46.06188132145972,40.08246419872235,36.68155438987192,3.834269749089167,3.624254315442666,6.96325281380301,13.986301033878533,5.418621449188407,26.25,9,35.930084591651976,46.83287774933488,45.05096104420612,49.359547405107854
3930161,39e7e3a2-887e-43c9-9f3b-f762b526c169,56,Carry,29,26.25,53.55,10,45.07924207950768,57.94910143758698,12.869859358079303,44.937126913098844,46.06188132145972,40.08246419872235,36.68155438987192,3.834269749089167,3.624254315442666,6.96325281380301,13.986301033878533,5.418621449188407,26.25,9,35.930084591651976,46.83287774933488,45.05096104420612,49.359547405107854
3930161,f72a5f70-0294-47c2-948c-2bee8ed9f269,56,Pass,30,26.25,50.489999999999995,10,42.8083756822506,56.512765360758564,13.704389678507965,47.84373349865902,37.82003849002764,29.434823753315932,39.15153639142737,4.7189318233346675,3.948966769086485,2.906786561917535,11.43956586813372,1.7818039513595068,25.761346903071686,9,35.007769339470826,45.63421029200855,43.609334603537846,49.74512287270481
3930161,e41cec5a-5ee4-480b-8f2b-399303d1d463,56,Ball Receipt*,32,30.099999999999998,20.91,10,43.149657315316155,59.22910286196842,16.079445546652266,32.308647019892824,38.29000956213784,32.76452261824905,36.60857892485058,5.5917033896420865,4.083298616240795,3.3299223026305,12.053956187782681,9.453528821499042,30.091375275276164,10,35.13521533333703,47.39560473131395,35.21399754876636,54.36715814310596
3930161,bdcf1df1-fde8-438b-9cd5-32deb530bd77,56,Carry,32,30.099999999999998,20.91,10,43.149657315316155,59.22910286196842,16.079445546652266,32.308647019892824,38.29000956213784,32.76452261824905,36.60857892485058,5.5917033896420865,4.083298616240795,3.3299223026305,12.053956187782681,9.453528821499042,30.091375275276164,10,35.13521533333703,47.39560473131395,35.21399754876636,54.36715814310596
3930161,8faf814d-9230-46d4-bf52-1ccdf6c67ce3,56,Pass,32,30.887499999999996,20.825,10,41.34641718439247,58.90656135885381,17.560144174461335,31.226401182489315,36.840883703065515,31.392018418376345,37.77259477783031,5.887699561364658,3.624957691304628,4.9210986851850365,11.950278394759238,9.94501619411222,29.352311330695112,10,34.29514387078635,47.034440489733484,35.75302624581523,57.83818279516033
3930161,845e622a-c03a-4b63-b14c-9b4143be4a14,56,Ball Receipt*,34,36.75,7.6499999999999995,10,39.77192609150649,57.69643683102976,17.92451073952327,27.58608380171973,36.461453569939806,34.404292345253204,44.273381576142086,5.785913392857838,3.9065788109115194,7.972409997103174,9.242285373385172,4.299846694635512,28.19794414819258,10,33.03254206639144,46.05328946514313,33.99293719596318,55.33309982570213
3930161,85d3d547-91a5-4cda-b554-290bacfcc5db,56,Pass,34,36.75,7.6499999999999995,10,39.77192609150649,57.69643683102976,17.92451073952327,27.58608380171973,36.461453569939806,34.404292345253204,44.273381576142086,5.785913392857838,3.9065788109115194,7.972409997103174,9.242285373385172,4.299846694635512,28.19794414819258,10,33.03254206639144,46.05328946514313,33.99293719596318,55.33309982570213
3930161,a3d1d1fd-3683-4837-bd01-51096254dac1,56,Ball Receipt*,35,45.0625,10.54,10,37.78412482438912,54.294939841098625,16.510815016709508,20.479424638501925,39.73200655991449,25.000842316158263,29.573887465513973,6.022589078779869,5.275019275340257,0.09940250644520177,10.89123777367752,4.167772855523118,24.625288382828053,10,31.293163183081028,44.078397155648474,34.684494923097084,54.19958564595383
3930161,1588cc84-88e0-496e-8c4d-77c23302b488,56,Pass,35,45.0625,10.2,10,37.78412482438912,54.294939841098625,16.510815016709508,20.139424962751193,39.392006884163756,25.000842316158263,29.573887465513973,6.022589078779869,5.275019275340257,0.09940250644520177,10.89123777367752,4.167772855523118,24.625288382828053,10,31.293163183081028,44.078397155648474,34.34449524734635,54.19958564595383
3930161,6ce73c62-2d18-4320-b180-90702aec85b6,57,Ball Receipt*,6,37.5375,37.315,9,45.716343913984915,58.86207325265445,13.145729338669533,48.03312447009341,36.77253711316066,28.856770424504784,13.82926503131127,4.2680112288803445,3.442896457277279,1.95939223361772,11.642379748229953,2.645344160329145,32.8359971632787,8,36.38287880665177,43.17683208730373,41.46952313979554,41.22697841194745
3930161,a53f9601-6d3d-4ac1-bd8c-4ddafa73754d,57,Carry,6,37.5375,37.315,9,45.716343913984915,58.86207325265445,13.145729338669533,48.03312447009341,36.77253711316066,28.856770424504784,13.82926503131127,4.2680112288803445,3.442896457277279,1.95939223361772,11.642379748229953,2.645344160329145,32.8359971632787,8,36.38287880665177,43.17683208730373,41.46952313979554,41.22697841194745
3930161,c072efe1-3295-458e-b708-93172c0dd6f0,57,Pass,7,37.7125,31.195,9,46.87598675235637,59.40986967780629,12.533882925449923,43.10839352484458,31.57190025175492,28.154254516431152,14.552391104730937,4.516891528955934,3.113423600577443,2.4252366892757777,11.632164829329184,3.0150176641245316,33.42015857086054,8,37.36469347796948,44.10824391530479,35.931060001621844,43.115617079034635
3930161,7b3c3bff-b9e5-41dd-81b7-5a1b349cbe79,59,Dispossessed,6,68.33749999999999,51.935,9,32.27922562313997,47.69107016909706,15.411844545957088,22.96973510776683,30.823475096233338,17.47342766492664,27.443550457786973,2.8437066538976845,6.543320420133368,1.1388283851215615,8.959263734767031,6.2255484889843515,33.20088763753014,8,36.42725124155972,43.692865255556654,28.705896916148284,33.969028427942305
3930161,baed9019-3f94-4c9b-8468-34be40081a61,60,Pass,11,43.487500000000004,43.605,10,43.49001365888971,57.89265745144429,14.402643792554585,34.94071482283836,33.49938259310817,23.451771476721696,23.029450122153968,6.982414027930966,2.3474279972902536,3.8529452561620836,8.250987024102976,4.170744389852111,25.795610792865975,10,35.13754567003232,45.25408243582024,36.875186056315854,63.858238542787916
3930161,93cf5787-0c67-498c-adc6-8d2710aed2c2,60,Pass,17,38.675000000000004,6.969999999999999,10,42.45578438081037,59.91994599013096,17.46416160932059,29.48722163296099,29.697799429423732,40.738561193355395,42.12782327262753,5.8842896869712655,3.613957920256026,7.537889638085083,12.881759220081072,7.606167798000547,33.49826036467666,10,35.59274874201069,47.11371600852454,31.477434760424227,57.89077493165125
3930161,59552841-0901-4a5a-a578-7fe49d4bda32,61,Ball Recovery,23,42.875,8.67,8,40.47678155792171,57.77658743525094,17.299805877329227,18.083692177010732,26.62578479352005,35.18369072260283,35.06056535491971,6.413909711701005,5.104080051277785,3.180082901248392,16.39426177044274,13.788296382399375,27.010702727230118,9,32.374812039459876,40.9794948728381,24.466047912188337,44.18704190709961
3930161,aa05dc59-6bcc-432d-9fe5-18186eda4c67,61,Carry,23,42.875,8.67,8,40.47678155792171,57.77658743525094,17.299805877329227,18.083692177010732,26.62578479352005,35.18369072260283,35.06056535491971,6.413909711701005,5.104080051277785,3.180082901248392,16.39426177044274,13.788296382399375,27.010702727230118,9,32.374812039459876,40.9794948728381,24.466047912188337,44.18704190709961
3930161,45872714-998f-4cba-8e72-120cdd897eb2,61,Pass,74,35.9625,18.36,10,43.9048109502353,54.945795596204526,11.040984645969225,23.888030199595622,37.74329090276407,29.053144504617293,36.287800492541834,5.581734306547387,3.0563458408783077,3.640027996092755,12.534295464064943,7.777793403438864,12.321027991631842,11,25.218025814051366,42.37168105641377,36.17309278736024,60.97274060897495
3930161,911c3577-6054-42e0-ab76-73562fa9b7f9,61,Ball Receipt*,76,26.075,36.72,10,43.05648936092231,55.070135179524605,12.013645818602292,32.993373678857104,27.742706860106956,37.44319575928209,29.674999346712625,6.1709581707066645,1.7203231869275644,6.621400361607066,15.955775981291879,3.4066369748825878,11.209255376537634,11,24.709367806744723,41.37233510943242,34.95016964749742,58.466437695908546
3930161,d05e65e1-cd5c-4959-a8c3-0423c9efb644,61,Carry,76,26.075,36.72,10,43.05648936092231,55.070135179524605,12.013645818602292,32.993373678857104,27.742706860106956,37.44319575928209,29.674999346712625,6.1709581707066645,1.7203231869275644,6.621400361607066,15.955775981291879,3.4066369748825878,11.209255376537634,11,24.709367806744723,41.37233510943242,34.95016964749742,58.466437695908546
3930161,b2aa4de5-1d86-4da7-a49a-a2504f0383cc,61,Pass,78,27.474999999999998,35.785000000000004,10,42.129966056467076,57.910968190900746,15.78100213443367,32.94377084031533,29.223622263282877,38.12839146458191,29.818849542636755,5.266718118618029,1.2824959154952669,4.709033159370087,12.989014453799683,3.9770549145735927,27.0803647714188,10,32.70592030614563,43.96345218505992,33.486932512716905,60.00377809941536
3930161,f863f607-e022-432a-8e9d-4b3868e58704,62,Ball Receipt*,80,32.987500000000004,29.835,10,41.79031954845519,58.67907398947452,16.88875444101933,34.2595523924643,31.176487427678374,36.941562215506764,30.41898815480094,5.752784468031263,1.5274096384374591,6.120801152152367,11.354151236150862,4.652655096742151,27.2013270190875,10,31.246189549709165,43.57770474594802,35.818145133154665,58.45980102717544
3930161,5a282e83-44ed-4678-88f0-e308fe7a104f,62,Carry,80,32.987500000000004,29.835,10,41.79031954845519,58.67907398947452,16.88875444101933,34.2595523924643,31.176487427678374,36.941562215506764,30.41898815480094,5.752784468031263,1.5274096384374591,6.120801152152367,11.354151236150862,4.652655096742151,27.2013270190875,10,31.246189549709165,43.57770474594802,35.818145133154665,58.45980102717544
3930161,f4ccee2d-ffda-4092-9580-76db514fb775,62,Pass,80,32.987500000000004,29.835,10,42.28126071414998,59.24276461420169,16.96150390005171,33.75371561950413,30.808737068011723,36.78394018386921,30.321309250062804,5.998045696128247,1.5365002541994077,4.8163099324398715,11.524625700084503,5.11992183105157,27.5222995970659,10,31.35882575481809,43.94422458339681,36.093863269693664,57.17814593605478
3930161,bca850a6-e2fa-4880-8127-d1fe12efdf9a,62,Ball Receipt*,82,29.224999999999998,18.955000000000002,10,40.48480906418389,57.48947123649622,17.00466217231233,31.934502264808323,30.275232027091572,38.31183529961494,27.180041509550257,6.573216370003959,1.4220285303860698,6.881074999343085,12.970895865995352,4.836924128568057,24.73616737402881,10,30.278704577493194,42.619721578437996,36.545274476092736,58.36831094021727
3930161,fb8bfb14-db1e-46b0-9eb6-67cfb67e4d23,62,Pass,82,29.224999999999998,18.955000000000002,10,40.48480906418389,57.48947123649622,17.00466217231233,31.934502264808323,30.275232027091572,38.31183529961494,27.180041509550257,6.573216370003959,1.4220285303860698,6.881074999343085,12.970895865995352,4.836924128568057,24.73616737402881,10,30.278704577493194,42.619721578437996,36.545274476092736,58.36831094021727
3930161,a4761ebc-05b8-49a3-90b6-4388a5d769ab,62,Ball Receipt*,84,12.075000000000001,37.485,10,36.03301153880214,55.329537697677914,19.29652615887577,31.842212531277653,29.113605513467878,42.88963517598938,25.811463771228155,6.3547315436407725,0.7481278934477644,9.751568121139634,12.372743917877152,6.210892936744884,12.075000166893005,11,20.7840584286222,37.47352865122545,36.152863460923385,60.481524725116074
3930161,971f200c-4019-442a-84a1-3bf35e986c85,62,Carry,84,12.075000000000001,37.485,10,36.03301153880214,55.329537697677914,19.29652615887577,31.842212531277653,29.113605513467878,42.88963517598938,25.811463771228155,6.3547315436407725,0.7481278934477644,9.751568121139634,12.372743917877152,6.210892936744884,12.075000166893005,11,20.7840584286222,37.47352865122545,36.152863460923385,60.481524725116074
3930161,35f4beaf-ef7a-45f6-93d9-53ab928e3e3c,62,Pass,85,12.775,38.08,10,34.69837994247778,55.149480353816,20.451100411338224,32.685756683944774,29.262602457505313,43.703635446565094,25.722610003951587,5.698239241807948,0.8638713067916215,8.723271476416002,12.07512651227509,5.008907052784956,12.77500033378601,11,18.809063477087243,36.470555233463024,36.28870638199517,62.220141358197935
3930161,4147a27b-d3a3-49cc-b26a-11dc8b3c12ec,62,Ball Receipt*,86,13.737499999999999,46.07,10,32.868029804987394,53.874050140271855,21.00602033528446,34.88483963578152,30.7754608123216,44.69485739698827,25.162407731804905,5.611993870540233,0.9341711739405189,7.732883384150675,12.54860041800891,5.261800336414542,11.329470891911264,11,16.44786608946694,34.45988517635753,37.70565503937176,62.18025224056971
3930161,9b0975bb-84e3-446b-a1ff-c2a309d39dab,62,Carry,86,13.737499999999999,46.07,10,32.868029804987394,53.874050140271855,21.00602033528446,34.88483963578152,30.7754608123216,44.69485739698827,25.162407731804905,5.611993870540233,0.9341711739405189,7.732883384150675,12.54860041800891,5.261800336414542,11.329470891911264,11,16.44786608946694,34.45988517635753,37.70565503937176,62.18025224056971
3930161,045fb2f7-032f-4974-9ee1-6637def1d69d,62,Pass,87,13.737499999999999,46.07,10,32.75772899171746,54.14068462371089,21.382955631993433,34.4843207890253,29.656960483245825,44.98245429044086,24.952538300361876,5.943453661409746,0.9589171888714608,7.3068759211025665,13.741025980140732,5.215400662747012,10.899842295775258,11,15.908148700214436,34.208593390966755,36.32569383749453,59.76170636945118
3930161,8fcc9823-8ba0-4d94-86b6-6863f7883ee5,62,Ball Receipt*,88,19.162499999999998,59.074999999999996,10,30.701698878022086,52.71340853121798,22.011709653195894,38.57314433760943,32.09551914737849,45.15019621790825,25.07778535555758,7.202435162159691,0.5978220267678613,5.973801672575213,15.606472662382599,5.8196709853051765,11.949911657769391,8,23.084044551045594,37.021074412529835,44.58518486162777,49.240727119006195
3930161,fc1c153d-bf75-4bfb-aea6-9900d3b0b970,62,Carry,88,19.162499999999998,59.074999999999996,10,30.701698878022086,52.71340853121798,22.011709653195894,38.57314433760943,32.09551914737849,45.15019621790825,25.07778535555758,7.202435162159691,0.5978220267678613,5.973801672575213,15.606472662382599,5.8196709853051765,11.949911657769391,8,23.084044551045594,37.021074412529835,44.58518486162777,49.240727119006195
3930161,e102aaf0-ca4d-4ef9-b131-4ca6a500f519,63,Ball Recovery,11,51.1875,24.055,10,33.463614097163145,48.915281010909965,15.45166691374682,24.20750323077293,21.324409505801086,34.06963309397434,12.852223374700449,5.581503156279248,3.795329156771641,3.8680114334566937,13.813321373402964,0.3139811331831801,22.141569879363807,9,25.26095800814337,37.42099190097259,29.36302905986909,46.22480906059515
3930161,c07e989b-2cd4-420f-91a6-43f298b19d20,63,Carry,11,51.1875,24.055,10,33.463614097163145,48.915281010909965,15.45166691374682,24.20750323077293,21.324409505801086,34.06963309397434,12.852223374700449,5.581503156279248,3.795329156771641,3.8680114334566937,13.813321373402964,0.3139811331831801,22.141569879363807,9,25.26095800814337,37.42099190097259,29.36302905986909,46.22480906059515
3930161,dfdffe2f-8514-471d-91b3-d355f069bcd4,69,Ball Receipt*,14,36.8375,12.92,8,37.95841485625373,56.35426814427842,18.39585328802469,19.001791011171594,27.47782984552427,24.955547485942798,22.397619971165273,8.085130980641615,2.596378278525738,0.15318813395737507,12.539562725935433,2.5955343376489353,18.95840323170313,8,29.501607461474777,38.82341169311998,23.33073671353133,48.17794950031469
3930161,167c9caf-09b8-4f99-ba3f-fd6e21928001,69,Carry,14,36.8375,12.92,8,37.95841485625373,56.35426814427842,18.39585328802469,19.001791011171594,27.47782984552427,24.955547485942798,22.397619971165273,8.085130980641615,2.596378278525738,0.15318813395737507,12.539562725935433,2.5955343376489353,18.95840323170313,8,29.501607461474777,38.82341169311998,23.33073671353133,48.17794950031469
3930161,347c6a20-f8eb-4519-b85a-e8391adf9154,69,Pass,15,41.737500000000004,14.535,8,43.144906856849914,59.65156173227456,16.506654875424644,19.512382310245638,20.855343725005753,27.97469929278114,24.967259755290147,8.2879825790686,2.952970615499915,2.6629980725582456,11.410438420919197,12.133298996935892,22.858851728730613,8,33.89298333179365,43.464162116992085,22.742514467145753,48.76061873921249
3930161,47a0ffa2-d9c2-4324-baff-c1066b1ce368,70,Dispossessed,59,67.6375,21.845,10,27.768227347733493,37.69164704027612,9.92341969254263,45.83169350591943,38.6794501444899,28.399292273737494,15.342892353358753,4.548919304572505,2.636683528823997,2.1797673409347738,12.041981131674547,4.337272933467432,27.036229422261364,8,31.586708436881526,38.386142004596486,44.571480256207224,38.07461429659785
3930161,5dcbf258-7185-40fe-8111-aa4acf9f2bc0,71,Pass,53,36.050000000000004,51.17,9,42.55605565881679,59.29861767908028,16.74256202026349,38.76902578297772,32.51228833758553,28.48240179142762,28.267867197868625,3.1217831348302445,5.787891545561338,2.7329854514853906,9.702794427872675,8.78776580641231,27.117380585280653,9,33.41477049977126,43.77956388027715,35.53454820622188,57.09415512100987
3930161,aa4c0329-e9e3-45a3-bfa4-19ec4ac5e484,71,Ball Receipt*,55,28.962500000000002,42.16,9,41.2711019874844,57.60117129675937,16.33006930927497,38.51485429319326,32.92668133286583,25.98663604361776,26.76894029172253,2.7039771170156057,5.352359502902174,1.1416502850168158,11.378954711056206,8.125039692468413,25.905938509284844,9,33.228435076615646,42.84667929988986,36.63717706842837,55.71220100379659
3930161,82738a1c-f234-4c06-a072-80388270851b,71,Carry,55,28.962500000000002,42.16,9,41.2711019874844,57.60117129675937,16.33006930927497,38.51485429319326,32.92668133286583,25.98663604361776,26.76894029172253,2.7039771170156057,5.352359502902174,1.1416502850168158,11.378954711056206,8.125039692468413,25.905938509284844,9,33.228435076615646,42.84667929988986,36.63717706842837,55.71220100379659
3930161,58e73d10-05d1-4b96-b8cd-055d09eaa935,71,Pass,58,32.375,44.029999999999994,9,41.55762159371388,58.82598034668977,17.268358752975885,39.017843297336675,33.94366585983572,24.655860862773913,28.06080861229771,4.560896744418057,4.638657336505175,1.748699246647483,11.697133350981105,7.4914900376321825,27.62583236565476,9,34.3286864670814,43.53857085874622,37.81452403403213,57.02862601682229
3930161,54f2c4d9-77f8-4d95-94ae-c43ede04549a,71,Ball Receipt*,59,36.574999999999996,53.04,9,42.450754830776916,61.561581396474246,19.11082656569733,39.74217890235032,34.1118871024109,25.985123277197502,31.268661251624845,4.646614678124322,5.28169207398914,3.960132217892024,11.463848939843537,7.405438220718725,30.633911275952958,9,36.08269872686939,45.58664397649503,36.72867817424287,58.32349951736972
3930161,f4b2c6cc-f8c5-4f37-89a1-e3cb2847b8a6,71,Carry,59,36.574999999999996,53.04,9,42.450754830776916,61.561581396474246,19.11082656569733,39.74217890235032,34.1118871024109,25.985123277197502,31.268661251624845,4.646614678124322,5.28169207398914,3.960132217892024,11.463848939843537,7.405438220718725,30.633911275952958,9,36.08269872686939,45.58664397649503,36.72867817424287,58.32349951736972
3930161,7b5c2038-7986-415b-ad5f-be94293455cc,71,Pass,59,35.875,53.04,10,40.70960815904844,59.92504359044753,19.215435431399086,40.00279479891408,40.33168692807233,26.453206262479526,35.18067845689252,4.77448195050173,5.395733036586602,3.7435645316305184,11.492367955398286,2.752227519938309,29.43237228856522,9,34.768083165016364,44.16412811836413,36.665987271414366,57.97776102085528
3930161,9a364a67-4228-44af-85fd-38db080319f3,71,Ball Receipt*,61,44.362500000000004,62.73,10,40.46831455697865,58.71493814203696,18.24662358505831,41.142950539839944,41.854611562502626,27.863475186650522,37.86173035142592,4.817482876344995,6.5442472386599215,4.178223955862556,11.60476528377939,2.6810034832520486,28.58362876153781,9,33.590706073377014,42.80464402453873,36.60621869410416,57.65998328187268
3930161,06fbc093-29e3-4010-b5d2-d60daf867383,71,Carry,61,44.362500000000004,62.73,10,40.46831455697865,58.71493814203696,18.24662358505831,41.142950539839944,41.854611562502626,27.863475186650522,37.86173035142592,4.817482876344995,6.5442472386599215,4.178223955862556,11.60476528377939,2.6810034832520486,28.58362876153781,9,33.590706073377014,42.80464402453873,36.60621869410416,57.65998328187268
3930161,654dc336-c95d-45a5-ac13-c9b42e85105f,71,Pass,62,44.449999999999996,61.965,10,42.10516844157638,59.85431241021695,17.749143968640567,44.98928944534681,35.0846734677007,33.20272006701364,28.768306065953613,5.274627551778225,6.5668308388774195,4.149442030063675,12.021696199539619,8.479477976691815,29.075299781244894,10,34.02779204379419,45.42665469192389,39.0631393262772,58.35487851992982
3930161,e6fd8361-c644-4900-a72e-b0c2c061bd7b,71,Pass,6,44.275,7.6499999999999995,9,41.17445331038871,58.14029400891867,16.965840698529966,21.355666425115196,27.614107689320914,25.818709788657728,36.48144727183771,8.56936185348549,4.449368583022025,0.5611843360049473,14.33008698482357,2.9451354173035824,28.12852640468811,8,33.74722914415698,41.952641802426214,23.855047255694686,42.838159756969
3930161,67e256d0-2535-451c-9c65-75ad38923a47,73,Pass,5,25.1125,46.239999999999995,10,40.439735712421,55.83746070792759,15.397724995506593,34.78665909797404,38.999548334743125,34.48769536568757,33.17500440789789,6.800716179122468,3.2521335857380427,5.914818362260206,10.129582919588088,9.526501253795473,25.11250066757202,8,34.24598078655875,43.68296114888704,38.9006801279503,51.90202868594722
3930161,385869c2-6b04-4849-896c-25d3c8a988f4,73,Ball Receipt*,7,32.987500000000004,62.98499999999999,10,37.489022436459344,52.09110161227723,14.602079175817885,34.99461248182113,38.234334201687,40.95877482685421,32.29125433950881,7.359993733593967,3.006973974662046,7.66210723628069,13.590228774132214,9.110431969031765,20.568381232500954,7,30.19735198425026,37.96692338256865,41.25319307690206,46.36109657496808
3930161,e7e217bb-7386-46ba-a427-2189d38c2b15,73,Carry,7,32.987500000000004,62.98499999999999,10,37.489022436459344,52.09110161227723,14.602079175817885,34.99461248182113,38.234334201687,40.95877482685421,32.29125433950881,7.359993733593967,3.006973974662046,7.66210723628069,13.590228774132214,9.110431969031765,20.568381232500954,7,30.19735198425026,37.96692338256865,41.25319307690206,46.36109657496808
3930161,8c19b8ad-d4c0-4f14-8c03-6f24e5f93350,73,Pass,9,32.199999999999996,58.99,10,36.537979918868615,50.15773105940692,13.619751140538305,46.724105380305375,35.49576269640364,30.706408758932064,35.302763074933466,4.769280037006558,4.290847125254526,1.604852222309468,15.000378589798949,8.802874030473053,16.527454224669366,7,28.90700605921419,36.27501359146735,45.85223409855227,41.91221676047009
3930161,9ec055a7-9c04-481f-8e12-db045e634075,73,Ball Receipt*,11,17.5,51.935,10,34.78395195911283,50.03747646398188,15.253524504869056,45.24257886432987,34.56136235345916,28.731111045490902,34.01840059688302,4.663054109310961,5.678452313404608,1.8242066586993957,13.495671047948463,9.322433375614875,17.5,8,29.118269115171387,39.417937095323495,41.78074097839296,39.736318242604085
3930161,1337d67e-6f74-43e8-bba7-e5843520d163,73,Carry,11,17.5,51.935,10,34.78395195911283,50.03747646398188,15.253524504869056,45.24257886432987,34.56136235345916,28.731111045490902,34.01840059688302,4.663054109310961,5.678452313404608,1.8242066586993957,13.495671047948463,9.322433375614875,17.5,8,29.118269115171387,39.417937095323495,41.78074097839296,39.736318242604085
3930161,6a4482e2-db60-4eef-aeb5-b974b9fef31a,73,Pass,12,18.025000000000002,49.81,10,33.92776065968104,50.158830763148664,16.231070103467623,39.2096732891438,35.75770946649205,26.605196697499384,36.21848118795282,5.664984334787395,5.846578282541569,1.3165429189588522,11.908349955303834,2.001664270130547,18.02500033378601,10,25.906701660143483,37.43493102753737,34.74440066889754,45.403858351573234
3930161,106555d2-1401-4c87-85f6-3f07c2cadaa1,73,Ball Receipt*,14,7.0874999999999995,34.0,10,29.468160690748384,49.06739745676107,19.599236766012687,35.38683441053778,32.80351983016664,28.650647053173344,36.801026727875794,7.1572062093612585,5.128306089300153,1.3260895763207152,10.277403447044556,2.7713041242244856,7.087500333786011,11,15.507018145148063,31.976648073208594,33.732112632752994,51.06877342201786
3930161,f9db7865-3b16-407a-b17b-7a1c02201359,73,Carry,14,7.0874999999999995,34.0,10,29.468160690748384,49.06739745676107,19.599236766012687,35.38683441053778,32.80351983016664,28.650647053173344,36.801026727875794,7.1572062093612585,5.128306089300153,1.3260895763207152,10.277403447044556,2.7713041242244856,7.087500333786011,11,15.507018145148063,31.976648073208594,33.732112632752994,51.06877342201786
3930161,9821bae7-09ee-4274-b0ec-79c760fd603b,73,Pass,15,7.4375,38.504999999999995,10,26.948912577192097,47.94532663332616,20.996414056134064,38.0050822877818,31.52123533370294,28.853552674412356,39.16488923157938,8.340185018163503,5.867340205890082,3.2783305685474247,10.23563788410064,5.719591436402528,7.4375,11,13.422645505114577,30.337479866411332,35.829201896202264,53.45499917431018
3930161,45d7256d-1167-4476-9cce-64df5909bd0d,73,Ball Receipt*,17,12.775,56.27,10,27.415518869957758,48.81464903441725,21.399130164459493,36.42704972014862,26.566115290155615,30.74967094626259,40.38709432660023,8.469602282614334,6.26875668123566,1.0603688865320748,14.182600877011978,8.849718168111632,6.056734473953538,10,17.03268222255025,32.41604534365433,33.67383335628683,57.459792904086655
3930161,32152f76-68d6-49c7-a11b-0d9429685e31,73,Carry,17,12.775,56.27,10,27.415518869957758,48.81464903441725,21.399130164459493,36.42704972014862,26.566115290155615,30.74967094626259,40.38709432660023,8.469602282614334,6.26875668123566,1.0603688865320748,14.182600877011978,8.849718168111632,6.056734473953538,10,17.03268222255025,32.41604534365433,33.67383335628683,57.459792904086655
3930161,38373f49-d364-4186-98b3-c874ccc1f619,73,Foul Won,20,66.9375,55.08,9,23.507966666466498,36.977640412380154,13.469673745913656,28.11176593398295,26.138970556986695,31.48664544176593,25.049712016825026,2.534042762365391,4.74791157130609,5.250582236390226,10.905197986846767,5.722428549422389,23.004172696534393,7,31.88594657809358,37.17199166317021,31.401243437313948,51.006543997901716
3930161,46af9bff-76d6-487f-a566-8f92a576fcba,75,Ball Receipt*,23,50.574999999999996,41.395,10,32.162691647793125,50.16186854616158,17.999176898368454,42.915482556697725,43.090194920676396,38.33936442665815,24.38833339677614,6.7962730267698905,3.3339446914190325,5.621607033108553,20.29362088728095,1.3332198509769526,16.090907997054874,10,22.14760374385773,34.255077476345576,36.528760442811006,43.397138282249074
3930161,28226810-1945-4ef4-a9c6-c28651afb852,76,Foul Won,10,55.0375,16.064999999999998,10,34.45842632648686,50.81177566118738,16.353349334700525,40.944819209664715,45.94317038443732,36.90450712250381,23.312699622960466,3.3359160414966267,1.7516470892731038,3.122619449118936,14.65180208752264,0.9028639244464856,32.21934972940968,9,37.27580831440863,48.49522082400229,37.827119192457836,53.4019066221827
3930161,71e18d69-817e-4284-8275-a162cd70d2eb,77,Ball Receipt*,18,37.449999999999996,10.88,10,42.65019607259731,59.387833197942356,16.737637125345046,32.02223252634617,34.59084537316333,38.73745255093653,39.93426240464838,6.754715394000746,2.429091690080044,4.614606398902211,20.704841344172834,8.17722569800955,25.9967851770975,10,32.11279083709852,44.35718623570263,36.77934863091887,60.30018303867938
3930161,8c0226e4-0f9d-4d16-9df1-d4307218e9ab,77,Carry,18,37.449999999999996,10.88,10,42.65019607259731,59.387833197942356,16.737637125345046,32.02223252634617,34.59084537316333,38.73745255093653,39.93426240464838,6.754715394000746,2.429091690080044,4.614606398902211,20.704841344172834,8.17722569800955,25.9967851770975,10,32.11279083709852,44.35718623570263,36.77934863091887,60.30018303867938
3930161,0e260361-f860-4f60-badc-89603bfe260f,77,Ball Receipt*,26,31.324999999999996,50.32,10,41.99703791552322,57.99078218659976,15.993744271076537,34.97755311346721,38.21765305214495,32.77822153160561,37.27488814904186,5.927087781759502,3.8364571106463288,1.2114751029836093,11.61799664393876,10.047971727409621,23.334343531549685,9,29.12600650316795,40.990165979532684,38.06529303522425,57.258246483667364
3930161,a563211a-a225-45d2-ba49-63490ba1e5a3,77,Carry,26,31.324999999999996,50.32,10,41.99703791552322,57.99078218659976,15.993744271076537,34.97755311346721,38.21765305214495,32.77822153160561,37.27488814904186,5.927087781759502,3.8364571106463288,1.2114751029836093,11.61799664393876,10.047971727409621,23.334343531549685,9,29.12600650316795,40.990165979532684,38.06529303522425,57.258246483667364
3930161,6d8438e9-5077-415e-8e8d-a8e2ae5312fe,77,Pass,27,33.862500000000004,51.425,10,43.65010885479569,59.534672652926815,15.884563798131126,36.61392956451211,40.421384130313335,31.405273202698044,37.67984305252557,5.527828481988398,4.100960061795699,1.7986330215247044,14.266664766894756,12.055888911589694,23.911784159260034,10,30.784390460660667,44.41112364582066,35.77093617781141,58.449590370083854
3930161,e8a3d8a0-21a9-49ee-af2d-33783cfd76eb,78,Pass,12,24.675,25.84,8,19.812437964228945,37.54741472903553,17.734976764806586,22.667511597811615,21.593122759328896,23.05852058261459,26.67720334818994,4.493005425162415,4.826229358782412,0.7788121994311155,11.893451727245015,5.815373999978881,11.625722158586292,8,15.255684967601749,22.328588605852282,26.155514863741338,31.87916972254485
3930161,fe4f00e7-9773-4a65-9209-bb4d6edb004e,78,Pass,15,36.3125,21.335,9,29.55841694326407,46.93414180427787,17.3757248610138,24.798190464702575,26.337889377481936,22.89268001472591,22.62074156903881,5.393276408044138,4.502841309005484,0.5513252260296362,11.583051850952542,1.3266128748514134,19.563448612823723,10,24.153419694128576,33.88768267737815,25.288217238474836,50.81344729882418
3930161,df95b50b-65ff-4eee-9920-08763245a165,78,Ball Receipt*,15,30.625,18.955000000000002,9,29.442624071372382,46.176825259797056,16.734201188424674,25.172962366248676,26.977983961319055,24.61970711634981,21.57559646825829,5.43926640768299,3.937683301097016,1.710776815848142,11.62561920236643,2.542637810635995,18.557903125783817,10,23.160023219652373,32.792558193890144,25.362108002016644,51.853269944222085
3930161,bb343553-0698-476c-84da-0050f9c88673,78,Carry,15,30.625,18.955000000000002,9,29.442624071372382,46.176825259797056,16.734201188424674,25.172962366248676,26.977983961319055,24.61970711634981,21.57559646825829,5.43926640768299,3.937683301097016,1.710776815848142,11.62561920236643,2.542637810635995,18.557903125783817,10,23.160023219652373,32.792558193890144,25.362108002016644,51.853269944222085
3930161,dc458146-e533-410d-abc0-24a9c67889cb,78,Pass,15,30.625,18.955000000000002,9,29.442624071372382,46.176825259797056,16.734201188424674,25.172962366248676,26.977983961319055,24.61970711634981,21.57559646825829,5.43926640768299,3.937683301097016,1.710776815848142,11.62561920236643,2.542637810635995,18.557903125783817,10,23.160023219652373,32.792558193890144,25.362108002016644,51.853269944222085
3930161,a31c0a89-39f9-439c-9cf0-3326575b298b,78,Pass,69,30.625,32.47,9,40.91746082146136,62.073321168362654,21.155860346901292,26.641172958216934,24.833532220852476,32.08793122954245,22.94477860847621,6.154719197629528,3.7323423208372177,2.431641646798383,11.824615040466622,1.639163938896111,27.67358314465855,9,33.77127434579353,45.44764119101282,25.776929091331773,57.720997326925804
3930161,efd7a170-d60d-469e-8a84-b1052e0c842f,79,Ball Receipt*,71,30.449999999999996,14.535,10,41.288564104754286,61.40782110819548,20.11925700344119,24.244152866432717,27.48373736386245,30.520553832198836,36.636350531635586,6.874545145780105,2.8367822208377804,1.3980840869003224,13.120639963557583,11.727033841570417,30.44999933242798,9,34.56691157264566,45.90972763852522,24.564592769711304,56.22781311606404
3930161,a5cffadc-3e41-4a78-855c-a6da9b0d8388,79,Carry,71,30.449999999999996,14.535,10,41.288564104754286,61.40782110819548,20.11925700344119,24.244152866432717,27.48373736386245,30.520553832198836,36.636350531635586,6.874545145780105,2.8367822208377804,1.3980840869003224,13.120639963557583,11.727033841570417,30.44999933242798,9,34.56691157264566,45.90972763852522,24.564592769711304,56.22781311606404
3930161,e7345756-eb5e-4e9e-8709-869b47cb0bbc,79,Pass,73,30.362500000000004,9.01,10,38.97121609458429,57.04496983663765,18.073753742053356,22.234903469092753,28.003269963974002,28.93123675264937,36.586668278188576,7.598617607132175,2.554411240033658,0.5588012530220752,14.896932557311459,7.624745331623497,25.84085375939666,9,31.491638278170896,41.0330585085902,24.491114493243874,52.72549842664904
3930161,9a5fdd41-48f4-4ba7-8cce-b6bde9217162,79,Ball Receipt*,74,48.2125,4.165,10,42.096865862731384,57.95103347813195,15.854167615400563,19.43421499803493,29.993647003823547,37.855334953018215,30.514249216384044,7.928743569288169,3.764623369751422,2.1335889767870935,15.765041899292449,7.365214946331655,29.126491242752625,9,34.41840118218361,42.895668611998744,24.899820942088656,48.375667970420125
3930161,48561c16-66b1-42e4-b278-9ad35c4ab064,79,Carry,74,48.2125,4.165,10,42.096865862731384,57.95103347813195,15.854167615400563,19.43421499803493,29.993647003823547,37.855334953018215,30.514249216384044,7.928743569288169,3.764623369751422,2.1335889767870935,15.765041899292449,7.365214946331655,29.126491242752625,9,34.41840118218361,42.895668611998744,24.899820942088656,48.375667970420125
3930161,780cd25f-d7fc-48c4-8aad-1a9dd5a29601,79,Ball Receipt*,5,50.574999999999996,61.115,9,41.15442212807405,53.70747691252761,12.553054784453558,41.79404093411456,44.060575139737836,24.770557544993192,25.315498099487993,2.3656849718008646,4.762284435103386,0.48430500093691364,16.60782634954653,6.307017687423855,22.6869116304094,7,25.57746651508844,34.84166433350803,44.214934783535575,43.431269817990696
3930161,56daf4db-a352-4287-811e-581654d1de35,79,Carry,5,50.574999999999996,61.115,9,41.15442212807405,53.70747691252761,12.553054784453558,41.79404093411456,44.060575139737836,24.770557544993192,25.315498099487993,2.3656849718008646,4.762284435103386,0.48430500093691364,16.60782634954653,6.307017687423855,22.6869116304094,7,25.57746651508844,34.84166433350803,44.214934783535575,43.431269817990696
3930161,1abf58f9-d5c4-4539-929a-a01179330786,79,Pass,6,48.65,62.13499999999999,10,45.145149120216516,53.92744925875101,8.782300138534495,43.43298830862014,45.461810277089086,27.927503727216553,26.392658786272897,2.2676492469292455,3.712372439932772,2.737567550874651,15.908566353324844,5.52516004473177,25.683386910914777,7,32.2134528799803,42.53303162067453,44.44816564568289,44.06253014908253
3930161,92a97a43-3ef7-41f3-92bc-59c0751893b7,79,Ball Receipt*,8,31.762499999999996,60.85999999999999,10,44.71043965121113,53.39616912126833,8.685729470057197,46.82670839916493,48.65919512436783,34.44857861754993,29.265929310777125,3.8343711507954854,3.729169211850358,3.3163068512169076,17.469448614442964,7.2297879188208185,26.591668086510975,8,33.16240484463057,42.122691071983674,43.94049832953528,46.699065725941594
3930161,1130422e-24c4-4735-a84d-be9ec3d8beea,79,Pass,8,31.587500000000002,60.434999999999995,10,44.53543898363911,53.22116845369631,8.685729470057197,46.40170839916493,48.23419512436783,34.448578617549934,29.265929310777125,3.8343711507954854,3.729169211850358,3.3163068512169147,17.46944861444296,7.229787918820811,26.416667418938953,8,32.98740417705855,41.94769040441165,43.515498329535276,46.699065725941594
3930161,80ea3a8a-9be3-4489-a159-dea4fefebf9f,79,Ball Receipt*,9,25.55,52.105,10,41.14384181710669,51.12835621466599,9.984514397559302,40.522268495285815,51.74619902870793,34.66210002592048,20.934613847918683,4.9275066693539715,3.034539000694787,2.9107061382552786,12.032408465228759,3.0149948461213114,21.037076234725944,9,27.78742931336639,37.7524948261949,41.42238760075376,48.78067306809594
3930161,41e36988-ce14-4aaa-9c00-eabbcdab46b5,79,Carry,9,25.55,52.105,10,41.14384181710669,51.12835621466599,9.984514397559302,40.522268495285815,51.74619902870793,34.66210002592048,20.934613847918683,4.9275066693539715,3.034539000694787,2.9107061382552786,12.032408465228759,3.0149948461213114,21.037076234725944,9,27.78742931336639,37.7524948261949,41.42238760075376,48.78067306809594
3930161,2085f837-4c34-4ef5-84f7-7fb9636861fd,79,Pass,10,27.474999999999998,49.81,10,39.84344617404109,52.094410429253706,12.250964255212615,39.65387963593504,52.00772314786625,33.528372839218164,21.92790417680908,4.728680745196338,2.2456969884629348,2.5617180114501323,12.5951299572306,3.1499581179493674,21.645100817668038,9,28.714464273226568,38.1224887291747,40.26673237214602,51.355671402706406
3930161,88cb8311-e2e5-4a84-bec5-189122b076d8,79,Ball Receipt*,12,25.375,24.055,9,39.49976644672089,54.72711698925896,15.227350542538069,33.52787162618951,45.246542277554596,34.77563147574378,36.68058411793763,3.6708273369789115,1.4385429242145278,3.0461471083288245,13.417315829524512,3.229700472322321,23.69840607856115,9,28.45659852291115,35.92450518508411,36.75440989695967,56.73182146183225
3930161,25161953-ebfe-4cff-80f5-499345a29564,79,Carry,12,25.375,24.055,9,39.49976644672089,54.72711698925896,15.227350542538069,33.52787162618951,45.246542277554596,34.77563147574378,36.68058411793763,3.6708273369789115,1.4385429242145278,3.0461471083288245,13.417315829524512,3.229700472322321,23.69840607856115,9,28.45659852291115,35.92450518508411,36.75440989695967,56.73182146183225
3930161,ad9193e4-b262-4710-987f-6f77a8410017,79,Pass,13,25.375,24.310000000000002,8,38.63060717122463,55.08485056853317,16.454243397308538,30.036350388965264,48.545512773044116,34.152670232851385,12.705025179746507,3.7891228873231406,1.162980229843404,1.798879496571299,15.983685007154797,5.05347842496753,22.795031372673414,9,28.22905869546965,35.93620132846315,35.16606074986329,57.648702879087686
3930161,f357378d-52e5-4c90-98f3-b2266b5cca8f,79,Ball Receipt*,15,32.2875,47.6,9,40.630935003716935,57.6796675257305,17.048732522013566,35.74633347076411,45.396844155496986,32.170685225150244,37.54114873443076,4.227323585832248,3.0250091832079886,0.1605938474442894,16.79910213503058,2.2205075234251623,23.6252936141667,10,29.467871411048094,40.066547112598,40.20866120613148,58.84131508518915
3930161,a3048885-6361-45ad-a602-fd8e13560962,79,Carry,15,32.2875,47.6,9,40.630935003716935,57.6796675257305,17.048732522013566,35.74633347076411,45.396844155496986,32.170685225150244,37.54114873443076,4.227323585832248,3.0250091832079886,0.1605938474442894,16.79910213503058,2.2205075234251623,23.6252936141667,10,29.467871411048094,40.066547112598,40.20866120613148,58.84131508518915
3930161,bfa61be9-cf77-482e-84e2-0c71df4a222a,80,Ball Receipt*,26,41.2125,47.515,9,41.948689467418205,57.571450744436554,15.622761277018348,42.32907188371728,32.552354256326716,35.798481568242465,17.69691520048713,5.054185682132323,2.3022348511036674,3.937601463574289,13.453215355657207,0.7802136397203228,23.756081663518223,8,34.63840336605193,41.39612154998894,36.98158743942116,58.96012551528837
3930161,bb96a29d-2fd6-4723-be38-78259dcc2cfc,80,Carry,26,41.2125,47.515,9,41.948689467418205,57.571450744436554,15.622761277018348,42.32907188371728,32.552354256326716,35.798481568242465,17.69691520048713,5.054185682132323,2.3022348511036674,3.937601463574289,13.453215355657207,0.7802136397203228,23.756081663518223,8,34.63840336605193,41.39612154998894,36.98158743942116,58.96012551528837
3930161,ca11d1d6-d5e4-47ec-a565-97f477929167,81,Ball Receipt*,5,7.612499999999999,11.9,8,16.073531924716328,27.660173568791418,11.58664164407509,15.3306784741793,31.23696114288646,22.588264382180093,25.432549726067627,3.8942983795042676,6.192753622419104,3.3656567094637433,10.014223237743426,0.5694236358491622,3.210912070441495,10,9.471478581224039,17.072125693654364,26.546006096143266,39.30977825850973
3930161,17535c0d-a9e8-4ffa-816f-adf36a6acf58,81,Carry,5,7.612499999999999,11.9,8,16.073531924716328,27.660173568791418,11.58664164407509,15.3306784741793,31.23696114288646,22.588264382180093,25.432549726067627,3.8942983795042676,6.192753622419104,3.3656567094637433,10.014223237743426,0.5694236358491622,3.210912070441495,10,9.471478581224039,17.072125693654364,26.546006096143266,39.30977825850973
3930161,ca579f62-47a2-451b-93fb-0a0ce84b6f8e,81,Ball Receipt*,24,38.237500000000004,41.48,10,40.94069523192162,61.03457937506979,20.093884143148166,38.435472439303034,35.3381253738571,31.045304479596915,33.253615028715544,6.456774443506155,4.404326228541626,0.335807947241598,10.561897003079714,9.642337163844594,24.684858343333442,9,31.57498811195368,43.5969000885549,36.70649584641029,52.16348150860283
3930161,5a402824-769b-40e2-929d-251dab0099f2,81,Carry,24,38.237500000000004,41.48,10,40.94069523192162,61.03457937506979,20.093884143148166,38.435472439303034,35.3381253738571,31.045304479596915,33.253615028715544,6.456774443506155,4.404326228541626,0.335807947241598,10.561897003079714,9.642337163844594,24.684858343333442,9,31.57498811195368,43.5969000885549,36.70649584641029,52.16348150860283
3930161,2101cc5a-3300-44e9-b45c-42020e92cc77,81,Pass,25,37.975,42.415,10,40.81128060121607,61.30447041412732,20.493189812911254,39.08210878324532,35.43031220379771,30.83889387933672,33.000170208313975,5.69562438157892,4.1328315163822715,0.3359384385294035,11.265506002365353,9.015249556389847,25.62248763218127,9,31.879210307445014,43.95895602266389,36.469646846566434,51.70100362485651
3930161,5977d5cf-6a81-4875-87cb-9d374be73046,81,Ball Receipt*,26,37.362500000000004,55.08,10,40.8950648190608,62.11346555747372,21.218400738412917,38.490297274378165,31.229516407347745,33.12390434573266,33.17903324321432,5.040643459732944,3.741179629797238,1.216766281209928,12.387049815601195,0.23415664361023047,27.45144168254704,9,32.34253694911898,44.71282571342714,34.941580311867064,51.05299951705701
3930161,aa251b27-d95a-4d3e-8072-16f329de5c00,81,Carry,26,37.362500000000004,55.08,10,40.8950648190608,62.11346555747372,21.218400738412917,38.490297274378165,31.229516407347745,33.12390434573266,33.17903324321432,5.040643459732944,3.741179629797238,1.216766281209928,12.387049815601195,0.23415664361023047,27.45144168254704,9,32.34253694911898,44.71282571342714,34.941580311867064,51.05299951705701
3930161,7985c7ea-31c7-4495-9f53-01d550a4e230,81,Pass,27,33.425000000000004,53.21,8,36.82249291543052,59.24335507565206,22.42086216022154,39.533898227270726,25.507752112572316,31.97215714714671,11.567558961408395,5.0934898952331125,3.990996776660515,2.1252951996640874,12.69264622355525,0.01810636219806483,25.327597167367568,9,29.39304878920977,41.982998711684445,35.82954408411612,48.97481128840766
3930161,ecb535f0-8b70-4fc9-b928-9577ff5224f1,84,Foul Won,100,56.262499999999996,22.185000000000002,9,37.134489880633325,53.080626954299774,15.94613707366645,40.27360122218674,43.51030679163364,33.904318565175345,18.831855514456247,3.8706214133756127,5.610444303682569,2.3998812775167764,14.490260728166454,1.0557244695200438,34.971096193171746,6,42.05194607075592,46.17828995862976,45.626638557535415,32.5386543706003
3930161,e5ab1ad0-8110-4bd3-aa61-ee8deb8f5ebd,84,Ball Receipt*,15,36.8375,8.33,9,44.852206789048104,61.17915830680694,16.326951517758836,13.818464776159837,24.958501646647612,22.657913076712745,25.035039702004664,6.104147261283858,5.560110094429969,0.07375886432400591,11.34376939835601,7.474740878154005,27.35959200351842,8,36.02947049273469,44.339220724806715,18.843998760298984,39.46737836788778
3930161,9191e983-ebe8-4b40-867c-6b04e345392f,84,Carry,15,36.8375,8.33,9,44.852206789048104,61.17915830680694,16.326951517758836,13.818464776159837,24.958501646647612,22.657913076712745,25.035039702004664,6.104147261283858,5.560110094429969,0.07375886432400591,11.34376939835601,7.474740878154005,27.35959200351842,8,36.02947049273469,44.339220724806715,18.843998760298984,39.46737836788778
3930161,2931d000-139f-4998-b8a7-3c25f6d966b8,84,Pass,16,35.4375,8.755,8,42.33208622778746,57.930224429209176,15.598138201421719,19.045273481962642,12.628523672361846,25.587531631893523,29.063145395505945,6.317631392595672,5.113605773020475,1.2687835100076583,15.033033689258332,11.15294127350565,25.13507649874288,8,34.45669145641132,43.151062080245296,16.602850633000504,38.06965259627655
3930161,1894cd30-28a0-4592-abdc-68d39a764d8b,87,Ball Receipt*,5,42.0875,24.224999999999998,9,40.082384632061846,58.5296065790867,18.447221947024858,21.998163790239907,21.9777346163651,41.693699492242196,33.72555983082207,4.030060552991049,4.81024458373339,3.7424298988892417,17.124164728632344,0.38494151965393186,29.68061121040343,8,33.13252396845149,41.97736309053232,17.4375913834118,44.55083814489958
3930161,67775e69-9f45-4a8e-b77d-7ea5b8a1db7a,87,Carry,5,42.0875,24.224999999999998,9,40.082384632061846,58.5296065790867,18.447221947024858,21.998163790239907,21.9777346163651,41.693699492242196,33.72555983082207,4.030060552991049,4.81024458373339,3.7424298988892417,17.124164728632344,0.38494151965393186,29.68061121040343,8,33.13252396845149,41.97736309053232,17.4375913834118,44.55083814489958
3930161,904798a4-6fc0-4b21-bc00-6d536e580a1e,87,Foul Won,12,59.5,29.24,10,32.33748219336387,44.381473918773594,12.043991725409725,37.00068869979243,39.53588711323644,28.16880443801931,6.987313959798065,3.8423520699949134,2.9972173327782845,0.40872522860312444,12.210536148712514,1.737095413182928,28.533043447114956,9,39.46594864923044,48.27292224781539,37.99098260628039,40.56911602271893
3930161,9b49a1e9-77b9-49e6-88af-acacb923b4ef,87,Carry,12,59.5,29.24,10,32.33748219336387,44.381473918773594,12.043991725409725,37.00068869979243,39.53588711323644,28.16880443801931,6.987313959798065,3.8423520699949134,2.9972173327782845,0.40872522860312444,12.210536148712514,1.737095413182928,28.533043447114956,9,39.46594864923044,48.27292224781539,37.99098260628039,40.56911602271893
3930161,e2c127dd-b5c2-407e-9949-36caf7e66f0a,87,Ball Recovery,44,33.25,31.79,10,29.300933983573998,49.06855051065048,19.767616527076484,29.780238894650637,25.51311778892131,30.03192862641873,12.958649280657774,6.907620227300203,2.9785798686983305,1.3410446395894127,16.266322662211476,0.6377984541042352,26.309368416501915,10,27.8089877811117,35.1300649944709,31.459494591413694,35.7730050879063
3930161,69d85a98-8366-43e1-b53e-331d31dacdbe,87,Carry,44,33.25,31.79,10,29.300933983573998,49.06855051065048,19.767616527076484,29.780238894650637,25.51311778892131,30.03192862641873,12.958649280657774,6.907620227300203,2.9785798686983305,1.3410446395894127,16.266322662211476,0.6377984541042352,26.309368416501915,10,27.8089877811117,35.1300649944709,31.459494591413694,35.7730050879063
3930161,c2f39f39-6864-45b8-9f36-5f535b528fe0,87,Pass,46,31.150000000000002,38.504999999999995,8,31.018301775088936,48.00599071460736,16.98768893951842,34.007457221482824,33.53177994364015,28.074029458072037,29.148562489163513,4.3979930945981245,2.725598971166222,2.2758879912674814,12.209986280883065,9.496630939462033,24.385646415754966,10,26.461834323393422,34.79323446937447,35.837783328706934,32.48286256871452
3930161,87778bc8-8f36-4a5e-a224-cb9ce64a9a1d,87,Ball Receipt*,47,24.2375,47.94,8,30.447113784673046,47.26579836691639,16.818684582243346,34.4617665309536,34.41573190265313,25.66020843211837,30.770022722699107,5.172316610407756,3.1101243075371494,2.3224628335301034,10.112342655975027,10.507102271615214,23.253465891116285,9,25.12007100603611,32.159246269083866,36.80651060107492,33.91957466527443
3930161,f5873e51-2d30-480d-a2a1-bf7fe3e5a7a9,87,Carry,47,24.2375,47.94,8,30.447113784673046,47.26579836691639,16.818684582243346,34.4617665309536,34.41573190265313,25.66020843211837,30.770022722699107,5.172316610407756,3.1101243075371494,2.3224628335301034,10.112342655975027,10.507102271615214,23.253465891116285,9,25.12007100603611,32.159246269083866,36.80651060107492,33.91957466527443
3930161,f62df9fd-e730-46e4-bae2-32dda942e783,87,Pass,48,24.5,47.94,8,30.709613117101025,47.52829769934437,16.818684582243346,34.4617665309536,34.41573190265313,25.66020843211837,30.770022722699107,5.172316610407756,3.1101243075371494,2.3224628335301034,10.112342655975027,10.507102271615214,23.515965223544264,9,25.382570338464088,32.421745601511844,36.80651060107492,33.91957466527443
3930161,e2e3861f-6918-4a2b-aeea-5b6a9264cd58,87,Ball Receipt*,48,30.887499999999996,44.285,8,31.870117002021733,47.823949777987394,15.953832775965662,37.05342285837781,36.66810478188376,26.48704806081629,31.60793350746527,5.8278474971823755,4.133352833440851,1.9747937961744881,11.52898019199175,11.005879590065746,23.693561661552273,10,25.845660759142735,35.506377326888426,38.68541760310062,36.55652459098982
3930161,8e4de52e-b6e9-42be-85ae-5eab179d6b9e,87,Pass,48,30.887499999999996,44.285,8,31.870117002021733,47.823949777987394,15.953832775965662,37.05342285837781,36.66810478188376,26.48704806081629,31.60793350746527,5.8278474971823755,4.133352833440851,1.9747937961744881,11.52898019199175,11.005879590065746,23.693561661552273,10,25.845660759142735,35.51539703111128,38.65167652452356,36.55652459098982
3930161,ee05a2c3-18a2-4671-8f81-424d11a0e94d,87,Ball Receipt*,49,37.7125,56.525,8,31.05973958388904,45.548479420105444,14.488739836216403,37.79950836556783,37.845754269799656,27.516611649215466,33.05308113498366,6.04407211021585,5.1377566922659215,3.460540641808528,10.938031067982294,12.32125631978963,21.49014910164028,10,24.058037863331837,34.19020530027685,39.39993373762101,38.54574911179908
3930161,c480d43c-2eae-4494-9eda-ad339f66fcb4,87,Carry,49,37.7125,56.525,8,31.05973958388904,45.548479420105444,14.488739836216403,37.79950836556783,37.845754269799656,27.516611649215466,33.05308113498366,6.04407211021585,5.1377566922659215,3.460540641808528,10.938031067982294,12.32125631978963,21.49014910164028,10,24.058037863331837,34.19020530027685,39.39993373762101,38.54574911179908
3930161,a4ff99df-ffea-4601-a4eb-055cb13bcb2d,88,Ball Receipt*,8,49.35,19.38,9,41.972161179585626,61.66614882308975,19.693987643504123,34.17071094683195,42.092306810390085,27.432987195552183,23.710999901925035,9.012153055538986,2.1574910635902844,3.1681373130341193,13.737278008824859,1.0170627675478556,33.44603431425524,7,40.11648537396694,46.73936327020406,37.61047871211997,37.384253487224214
3930161,35f1cc28-a03f-4323-aeaf-1000bf805c9e,88,Carry,8,49.35,19.38,9,41.972161179585626,61.66614882308975,19.693987643504123,34.17071094683195,42.092306810390085,27.432987195552183,23.710999901925035,9.012153055538986,2.1574910635902844,3.1681373130341193,13.737278008824859,1.0170627675478556,33.44603431425524,7,40.11648537396694,46.73936327020406,37.61047871211997,37.384253487224214
3930161,78e1c2cb-6796-49ff-b94c-bff13c77772d,88,Dribble,10,56.96249999999999,28.389999999999997,8,41.556868481717274,59.90486613897183,18.34799765725456,33.09112709931814,35.64195766675221,31.67578766502612,24.88748773600244,4.962686546341338,7.763099273055608,1.5853236120973193,13.41786806585554,10.151023981602265,38.83310163102203,9,44.07700282822607,54.76890045571801,27.156720895073747,37.9398865202347
3930161,6881845a-27b6-4941-8129-f0f36683b5e1,89,Ball Receipt*,44,25.375,20.57,8,40.169536672207116,58.40106008875813,18.231523416551013,26.690883420025386,36.51465397801557,26.48233264609708,38.28110543143255,6.653125405131493,2.464500981900278,3.468682489995043,10.459042967595877,14.67176452881339,25.375,8,33.886921165559855,43.36119804456974,32.94377405301118,43.56355631804105
3930161,796592dc-49c1-49f6-806e-9a91ab434eae,89,Carry,44,25.375,20.57,8,40.169536672207116,58.40106008875813,18.231523416551013,26.690883420025386,36.51465397801557,26.48233264609708,38.28110543143255,6.653125405131493,2.464500981900278,3.468682489995043,10.459042967595877,14.67176452881339,25.375,8,33.886921165559855,43.36119804456974,32.94377405301118,43.56355631804105
3930161,596c1422-befa-4bfc-b139-6e6978ae3f76,89,Pass,45,19.162499999999998,21.505,8,34.68861541607302,54.212737275517505,19.524121859444485,26.115256741784115,35.44241399082117,24.282004654765352,38.61541094718057,7.250812579019215,1.0721061271968844,2.281586950790164,8.778745429582976,14.422214912406318,6.145790643898572,9,20.82505574496458,34.98606906573161,32.0324991873229,44.76707332254899
3930161,ef110ca6-31f5-40ee-a89b-56ed001779e6,89,Pass,52,11.8125,38.76,10,25.83422075111805,51.82076853503346,25.98654778391541,33.66186850480866,38.97841689577109,29.211043088858048,36.65374404977739,6.390437830226186,4.095184828699574,2.3809922790624753,12.329746474852097,2.964206786996975,11.8125,10,18.27767115104521,34.558367153836116,36.802799570080566,54.538525954555624
3930161,1ea5cb71-0802-4b7d-939c-b3fa5cfe4534,89,Ball Receipt*,55,30.887499999999996,63.834999999999994,9,32.026338586247974,53.6738493126737,21.64751072642573,36.454011928934825,37.676389988836966,32.508809083184275,33.046663765923824,9.472524484482626,3.2610156897314773,0.2421750367574802,18.02506488226577,4.38272404153517,17.776279989717004,8,24.33185965679473,37.15096795051991,39.312011323018766,51.50219424404674
3930161,a5705552-6cc6-4d58-a746-c319beb32f5f,89,Carry,55,30.887499999999996,63.834999999999994,9,32.026338586247974,53.6738493126737,21.64751072642573,36.454011928934825,37.676389988836966,32.508809083184275,33.046663765923824,9.472524484482626,3.2610156897314773,0.2421750367574802,18.02506488226577,4.38272404153517,17.776279989717004,8,24.33185965679473,37.15096795051991,39.312011323018766,51.50219424404674
3930161,f1b5fc54-83cc-4a38-8468-f9849ed06e0f,92,Ball Receipt*,5,68.60000000000001,31.62,9,35.4227752312362,53.9238048884413,18.501029657205102,34.090916114525335,38.31943802752257,20.330938119776498,20.379416723985123,3.8288199701847114,6.751836775816052,2.8815878336686396,7.546765126212897,1.8856579928435906,33.533160670902085,10,39.06903030810149,49.88852289526843,33.38621409878867,27.38495605353765
3930161,2f0c04b6-bf97-4df0-8529-6b5d406f44e2,92,Duel,5,69.03750000000001,30.429999999999996,9,35.4227752312362,53.9238048884413,18.501029657205102,34.090916114525335,38.31943802752257,20.330938119776498,20.379416723985123,3.8288199701847114,6.751836775816052,2.8815878336686396,7.546765126212897,1.8856579928435906,33.533160670902085,10,39.06903030810149,49.88852289526843,33.38621409878867,27.38495605353765
3930161,26756cd0-dad7-45f4-8303-e57b7e365179,92,Ball Receipt*,17,17.675,6.29,8,27.166515498083903,46.56459990894854,19.398084410864634,24.46034430838803,22.882800285508523,38.16714690614069,33.0698160700586,6.585163351041909,3.6254505973111186,7.589439464195234,10.847940674135295,16.3329916673205,17.67500066757202,9,21.920426131308602,32.68344138168943,30.694727811308113,53.85282606736857
3930161,d0c06394-6974-4a78-a97a-e3e28f2ec5fe,92,Carry,17,17.675,6.29,8,27.166515498083903,46.56459990894854,19.398084410864634,24.46034430838803,22.882800285508523,38.16714690614069,33.0698160700586,6.585163351041909,3.6254505973111186,7.589439464195234,10.847940674135295,16.3329916673205,17.67500066757202,9,21.920426131308602,32.68344138168943,30.694727811308113,53.85282606736857
3930161,54f88629-eb1b-4db4-a6c6-9ef73bfcd20c,92,Pass,19,24.675,5.609999999999999,8,29.593536069144154,48.3388318087295,18.745295739585348,20.69147401516348,18.94029050846514,36.78122633599006,30.57366116074152,4.717413748864601,4.627492805555252,1.0211240672215292,13.485290096492747,11.971372310569546,20.572753642524063,8,26.98929287263773,36.960922823629915,25.19842292865814,48.39947033158902
3930161,34b62a14-5b00-4682-a5b7-15a86d3f0273,92,Foul Won,26,62.824999999999996,26.945,8,33.22037732341525,51.27385150557786,18.05347418216261,40.431940566181574,44.59728927326071,19.964904832828864,25.49574126902381,5.206771580412748,6.55985391469034,4.74123041507864,5.422439014591916,7.561938670116447,27.84800891051755,8,36.728556226931055,43.93871729768085,38.39003366359314,35.61745846626308
3930161,c82c85a9-d1d5-452e-93e8-39d51a8bd4ad,93,Ball Receipt*,10,50.925000000000004,58.395,9,39.652290102676524,58.94517115421633,19.29288105153981,48.087655041191724,37.5596452804788,41.788523451547434,30.037615284398154,6.803948605231092,4.232795051708743,4.692059609153347,19.31332870785025,4.2418904721466575,25.78644486207495,6,38.116822227016534,44.590648121001756,48.879074739084366,37.81019839879038
3930161,69ea54f8-410d-4863-a86e-004ff2053958,93,Carry,10,50.925000000000004,58.395,9,39.652290102676524,58.94517115421633,19.29288105153981,48.087655041191724,37.5596452804788,41.788523451547434,30.037615284398154,6.803948605231092,4.232795051708743,4.692059609153347,19.31332870785025,4.2418904721466575,25.78644486207495,6,38.116822227016534,44.590648121001756,48.879074739084366,37.81019839879038
3930161,803326e1-a134-49df-a555-7e77be805e32,94,Ball Receipt*,6,42.262499999999996,41.48,8,34.52267817330785,49.18766618857993,14.66498801527208,49.421706238795686,39.795205084326454,22.084977495372193,28.93478701462216,5.1622698243557466,4.830757937107259,1.6237094721133545,12.564170060309465,11.528177630433603,21.45541629779202,9,24.888213703456916,32.59709807366712,47.368091571383914,29.71674243791441
3930161,29f6c10d-718d-4228-b20d-2521b4de8c9d,94,Carry,6,42.262499999999996,41.48,8,34.52267817330785,49.18766618857993,14.66498801527208,49.421706238795686,39.795205084326454,22.084977495372193,28.93478701462216,5.1622698243557466,4.830757937107259,1.6237094721133545,12.564170060309465,11.528177630433603,21.45541629779202,9,24.888213703456916,32.59709807366712,47.368091571383914,29.71674243791441
3930161,8237e4a2-2eae-434f-81de-334eb08ebdc0,94,Pass,6,42.525,42.16,8,34.78517750573583,49.45016552100791,14.66498801527208,50.10170559029715,40.47520443582792,22.084977495372193,28.93478701462216,5.1622698243557466,4.830757937107259,1.6237094721133545,12.564170060309465,11.528177630433603,21.71791563022,9,25.150713035884895,32.8595974060951,48.04809092288538,29.71674243791441
3930162,2eba5556-05cc-474b-a8ae-963cb8c4d12d,0,Dispossessed,25,61.77499999999999,65.19500000000001,10,38.75841603514682,52.235645203639095,13.477229168492272,25.444513311943172,13.039528708971613,38.90262989115946,22.960295612715207,4.1655385186419505,4.7817093516433795,3.669621052781988,19.419294877324678,1.3107217690444166,33.714665239309284,7,41.528939308589976,46.590416159619984,22.893633240538417,52.21407202073519
3930162,e76685bd-ed1d-4d29-9d57-45f19324860a,4,Ball Receipt*,22,62.21249999999999,61.029999999999994,10,35.67800736177645,50.45301720402598,14.775009842249531,27.64402042215854,17.374692050078806,33.85076174664532,25.224924956114492,3.7510427444970826,5.735624171109314,0.6605186354464081,25.384202121677294,1.3275132202820732,27.342181660041824,9,32.25269889278811,39.73008633899897,18.922346789682233,21.85377064794898
3930162,70d2f0b5-5ef2-4d4d-97f3-bda3e3b2a438,6,Ball Receipt*,9,55.475,20.314999999999998,10,41.04292568030654,54.98041464428006,13.937488963973522,43.35082118546646,40.42993502199623,19.02938913995203,24.957431947245805,5.669682967996581,3.5588908170435674,4.080652940456524,5.438210485714613,0.011514316099621169,32.68716905760077,8,37.105150231013546,43.40742634285722,41.41645121945625,31.956683540747136
3930162,968a04b0-21b7-4755-a1b0-eade379d3290,6,Dribble,16,58.887499999999996,14.875,10,37.354380451756874,50.339131215664615,12.98475076390774,48.03870763170037,53.832076735900394,33.6206200394374,12.694122534963299,1.5955640035871341,3.53912593829001,7.678356814786557,9.571312123526134,0.24963510081505547,38.30998869872298,8,42.78332726186123,48.94585840206487,52.18257026308715,38.715771023954034
3930162,ce7e2aff-a1a8-4b43-8cf3-897b28376b81,11,Pass,7,41.387499999999996,48.875,8,46.00454044569372,60.9157922043478,14.911251758654082,44.58129530374249,30.51756329362965,16.311634642680225,17.570023890361423,6.102225708490594,1.7737114883491496,1.1144824309608623,8.871913808425134,4.926729492452225,30.098542331122758,7,38.539882547419175,45.154899000297426,34.15230392422793,35.25862942909524
3930162,ddb3b518-8f60-4c4e-adf4-482f91a21909,11,Ball Receipt*,8,37.7125,42.33,10,37.395919538508366,55.64707931453852,18.251159776030157,44.7240667429672,38.10136099290031,11.770521521238557,29.78107970183214,5.702851752632721,3.3400689147822344,1.9423436265665615,3.699229420975726,4.245106778352373,26.421158340809626,10,30.43318927208348,40.70404220594164,37.824291989635775,35.607322087552035
3930162,cd21bcd9-aa83-4c49-af5c-0830157a8190,11,Carry,8,37.7125,42.33,10,37.395919538508366,55.64707931453852,18.251159776030157,44.7240667429672,38.10136099290031,11.770521521238557,29.78107970183214,5.702851752632721,3.3400689147822344,1.9423436265665615,3.699229420975726,4.245106778352373,26.421158340809626,10,30.43318927208348,40.70404220594164,37.824291989635775,35.607322087552035
3930162,87440df4-d17d-4d40-9e76-a5cff65e48b0,18,Ball Recovery,9,38.762499999999996,21.76,10,35.6730848604754,49.752830216063764,14.079745355588365,21.038014572578025,24.014693877361267,12.556448170959031,25.71321897730626,4.545275482266474,2.8581669700022414,0.13626085755413087,6.347285254341028,0.4501498990493715,27.16718361209,10,29.146577543486288,37.14421650153361,24.666325897689326,29.901580210096306
3930162,8b33eeaa-87b5-4d1c-ad30-91a89121d36a,18,Carry,9,38.762499999999996,21.76,10,35.6730848604754,49.752830216063764,14.079745355588365,21.038014572578025,24.014693877361267,12.556448170959031,25.71321897730626,4.545275482266474,2.8581669700022414,0.13626085755413087,6.347285254341028,0.4501498990493715,27.16718361209,10,29.146577543486288,37.14421650153361,24.666325897689326,29.901580210096306
3930162,237d8e32-f7d5-44ec-9ec5-a3fd5fe16558,19,Pass,12,48.5625,49.385,10,43.24015522467833,58.16858830956788,14.928433084889548,40.284960510316054,41.234191187224546,20.869332516182418,23.00215081050558,6.309646267341773,2.695316908953296,3.4570501101854845,6.918005331427061,7.239680884742423,40.23928727448706,7,43.666176540301976,50.305192164185655,36.02965050197175,55.00140809434715
3930162,1893a7a8-46d8-48b8-b422-6c996c9fdcca,21,Ball Receipt*,8,47.949999999999996,53.21,9,37.8595419643558,49.92869553167151,12.069153567315709,53.82902290431964,43.09348480900435,19.140123627517454,23.62903710342343,5.097288535066692,2.853149491891871,0.758260361714548,11.33571862894437,1.6083807813303963,28.725419208719465,9,30.889278089042186,36.501283082207394,49.2599004460204,28.227363287143817
3930162,419e22dc-dd65-4406-8cb2-c5dee456e14d,21,Carry,8,47.949999999999996,53.21,9,37.8595419643558,49.92869553167151,12.069153567315709,53.82902290431964,43.09348480900435,19.140123627517454,23.62903710342343,5.097288535066692,2.853149491891871,0.758260361714548,11.33571862894437,1.6083807813303963,28.725419208719465,9,30.889278089042186,36.501283082207394,49.2599004460204,28.227363287143817
3930162,195f05de-123a-46d8-ad83-5ab96ddb9078,25,Dispossessed,28,67.9875,46.665,10,36.64149433511487,47.58961472904327,10.948120393928399,24.6440801359686,19.050909807803215,31.928609869307095,12.428515181503473,3.926170743589845,4.578870661666168,4.521645802011179,15.603973915614647,1.1544166201491368,36.62717737093349,7,42.132759863534666,47.644712582308934,17.17136464145133,32.91238767778087
3930162,c918aa1a-273a-413e-a42c-5436533b408c,29,Ball Receipt*,9,29.837500000000002,17.425,10,36.05139283400722,49.72872167584294,13.677328841835724,41.89758692801693,35.00464123372014,13.302004358134084,25.92549455554838,3.3642682708694456,3.093512233713944,0.05227060478395629,5.7077992564037885,6.343361980158093,21.420858044265206,9,31.776322001317418,40.147899362058126,37.632475856916166,36.980715954184774
3930162,7f625307-4d20-4ff3-bba3-b1c0969cba02,29,Carry,9,29.837500000000002,17.425,10,36.05139283400722,49.72872167584294,13.677328841835724,41.89758692801693,35.00464123372014,13.302004358134084,25.92549455554838,3.3642682708694456,3.093512233713944,0.05227060478395629,5.7077992564037885,6.343361980158093,21.420858044265206,9,31.776322001317418,40.147899362058126,37.632475856916166,36.980715954184774
3930162,18b02014-fcda-4fe8-a2e0-e852672c92f7,29,Pass,12,42.875,19.38,9,45.49732653180686,61.184858005923196,15.687531474116334,38.00832335169277,30.233422289179515,18.151860921210208,31.201102283869428,3.7069270664580585,1.3574235334874336,0.40455535052908687,8.609442312186047,7.001932817170765,42.875,8,46.147429177983014,52.26503147205095,36.01646669902914,42.702546455154
3930162,a52d7b80-864d-45f0-bdc4-46f8bd893994,29,Ball Receipt*,19,47.425000000000004,6.29,9,42.379487144063475,58.01527145993618,15.635784315872705,30.392323594609316,34.83955275786455,30.298509928269773,30.81192054159248,4.310114581563558,4.662584160216548,6.981317241209599,8.519497204172291,8.668575258839521,24.651434054534207,9,32.41348620793261,44.07700887608743,36.003754098762585,61.78031204686029
3930162,0c250054-273f-4284-bc5d-3cd45f34d675,30,Dribble,17,45.324999999999996,61.540000000000006,10,43.35144409063867,60.73846877312198,17.387024682483307,40.87058755769741,33.95116644740816,38.492932306284224,32.4985413153731,4.796328881491355,2.6462092116908087,5.096793701123751,15.028215134703522,5.792278776017685,36.6050802001019,8,41.98427723223325,50.279016359293294,35.65303816579039,52.78908601720464
3930162,6e15cbb0-e9cc-4766-9215-ce28d8fc18b5,30,Carry,17,45.324999999999996,61.540000000000006,10,43.35144409063867,60.73846877312198,17.387024682483307,40.87058755769741,33.95116644740816,38.492932306284224,32.4985413153731,4.796328881491355,2.6462092116908087,5.096793701123751,15.028215134703522,5.792278776017685,36.6050802001019,8,41.98427723223325,50.279016359293294,35.65303816579039,52.78908601720464
3930162,f7db574d-cc8f-4974-9558-51c7d8e474e2,35,Ball Receipt*,98,69.3,49.98,9,36.25724953410504,46.99423237211447,10.736982838009425,22.8328812071725,10.722358661578834,27.550131610202826,26.616810133223517,3.145853847086502,2.9666036781714804,3.2608770074971005,12.116991604156038,6.263023119070035,35.15676684672059,6,38.70551344840225,42.60681017604975,14.97745598126493,39.80743307356063
3930162,b2312ef5-0d36-4d17-aefe-9aebab2d6334,44,Ball Receipt*,5,30.362500000000004,31.79,9,26.55323430585343,38.72208905253946,12.16885474668603,31.687870162151096,33.07906951409002,11.145115932237736,19.69786053839344,4.848920313422592,3.7214872230549005,0.20812983734460744,6.095285472440725,3.6961535327521773,16.41547934190103,10,19.65674533687188,27.406711852802523,30.713521360462515,40.37782312701021
3930162,8e9ed514-b9f2-4b51-9065-fb890f64c200,44,Carry,5,30.362500000000004,31.79,9,26.55323430585343,38.72208905253946,12.16885474668603,31.687870162151096,33.07906951409002,11.145115932237736,19.69786053839344,4.848920313422592,3.7214872230549005,0.20812983734460744,6.095285472440725,3.6961535327521773,16.41547934190103,10,19.65674533687188,27.406711852802523,30.713521360462515,40.37782312701021
3930162,aeb24489-47a6-4afc-863c-8e3260973d14,44,Pass,6,30.012499999999996,35.955,8,30.26091471908385,41.633056714825365,11.372141995741515,32.90536187813486,34.09150665115164,10.74439504328689,20.76952967708065,5.34004458235856,4.48214344135491,0.6188839643042456,6.013406295789174,5.843936530651206,18.46575698261039,10,21.932733383445782,30.218405063728113,32.34270641382274,43.2514461639024
3930162,67d93ac9-a73e-4854-a332-519c7c73a4af,44,Ball Receipt*,7,29.050000000000004,57.205,8,32.56285176749415,43.11342229710215,10.550570529607995,43.210787194941716,45.1182584117383,21.80366457005357,10.78323181979298,3.474944408990752,0.7175252936236617,1.4071202533750693,10.740438270775357,4.126299960811245,20.41699569805176,9,23.350216312264337,30.378722193924162,37.74329266100193,44.607408416390975
3930162,3b3c4a44-2195-4d2b-ba9b-b2e17033b1dd,44,Carry,7,29.050000000000004,57.205,8,32.56285176749415,43.11342229710215,10.550570529607995,43.210787194941716,45.1182584117383,21.80366457005357,10.78323181979298,3.474944408990752,0.7175252936236617,1.4071202533750693,10.740438270775357,4.126299960811245,20.41699569805176,9,23.350216312264337,30.378722193924162,37.74329266100193,44.607408416390975
3930162,60933a7c-9901-4f27-9c24-46871ea7b389,44,Pass,8,30.012499999999996,58.309999999999995,8,34.01587925619157,47.76911959540428,13.75324033921271,43.58906693350394,44.31402831037794,25.073517352126828,13.806138638991861,2.7315554778510034,1.560794120958307,0.8499182788215123,12.520886859280928,5.070813127149506,22.410684361221676,7,26.512017826653015,31.7921753183285,41.37531249270507,30.31927400807528
3930162,a53d1838-00a2-4ffc-a7f0-149ea54fc2ed,45,Pass,25,36.050000000000004,26.945,9,44.83190770032022,61.46847185494909,16.636564154628864,29.246098319869056,30.852734774789067,17.356697436007618,35.70644050284151,4.078237771109108,3.7229857488859945,2.521292883449753,5.869388135338113,1.4063337840486358,33.51540522225847,10,38.29816799775774,49.58807253187604,29.015761428248346,63.517360081855735
3930162,11806573-3ff5-413a-8862-1aa92b388e4b,45,Ball Receipt*,27,37.449999999999996,7.6499999999999995,10,42.37211551937517,59.7380065251282,17.365891005753028,24.385460319002284,26.775225252389536,22.169108158121034,36.56468903474355,4.816158237710035,4.282815941388198,4.006370174864813,8.338363080955473,1.382937937368414,30.73418152244564,10,34.99766633475849,46.11641311252667,26.95588535127868,63.000717632662855
3930162,30aedfb1-d6b2-478e-8c47-2746623181ed,45,Carry,27,37.449999999999996,7.6499999999999995,10,42.37211551937517,59.7380065251282,17.365891005753028,24.385460319002284,26.775225252389536,22.169108158121034,36.56468903474355,4.816158237710035,4.282815941388198,4.006370174864813,8.338363080955473,1.382937937368414,30.73418152244564,10,34.99766633475849,46.11641311252667,26.95588535127868,63.000717632662855
3930162,c186df98-e4e4-4f28-b2d8-559adf4a8594,48,Ball Receipt*,38,68.075,52.870000000000005,9,36.669456565167025,49.69885315179722,13.029396586630199,34.58020438987683,21.79928217374812,48.51944299744936,39.05544997795876,4.84539414933607,4.745146981157333,7.338783375973646,16.639256111046436,11.452961277017275,27.261705505289655,10,31.54276720123301,39.459637719587555,26.28456761103492,32.769144954925565
3930162,3d24c7f7-83d3-41a6-ba3f-0723d01ac562,52,Ball Recovery,9,38.15,41.395,8,38.49047290879538,54.723126285676294,16.23265337688091,24.113554417587768,27.878323037254955,22.045780208810577,23.238475103094263,5.750362194627293,0.8486161152659558,0.5014361597700798,8.512305298260173,5.507022960456343,28.46835961172327,6,33.68146466869493,38.64626438884449,24.479523444150875,36.229878026142
3930162,616b8f86-53df-462a-b402-2c36eeee7b51,52,Carry,9,38.15,41.395,8,38.49047290879538,54.723126285676294,16.23265337688091,24.113554417587768,27.878323037254955,22.045780208810577,23.238475103094263,5.750362194627293,0.8486161152659558,0.5014361597700798,8.512305298260173,5.507022960456343,28.46835961172327,6,33.68146466869493,38.64626438884449,24.479523444150875,36.229878026142
3930162,062d9263-d0f1-412f-8e4e-f21288228d7a,52,Foul Committed,9,32.550000000000004,56.779999999999994,8,26.980913503827217,47.4414431059295,20.460529602102284,52.67928347480896,49.37528710571115,17.977423082488464,27.325487508068854,4.603863101199437,2.255511361658877,0.19234533847121327,13.212691032012458,13.284571261019792,20.948125377225743,8,25.40660017449689,33.930524539097306,49.455634727993555,37.35220726583407
3930162,27eb115c-f34c-4059-9422-cff4f569ba80,57,Ball Receipt*,49,66.9375,12.24,8,36.5365374039092,49.24541025244136,12.70887284853216,49.410657476439916,39.36892080797223,26.90056502503728,28.0811241655282,4.081519939042753,1.4475552434540664,1.4046006657644199,9.989300635852892,10.026372244593261,28.74736994101241,10,30.509249440543712,39.01098067150397,44.666007924503944,35.82034086849884
3930162,e7714317-2096-4071-9a8a-95f1c286463a,59,Ball Receipt*,40,62.03750000000001,55.75999999999999,8,38.06786929573663,51.55816647937322,13.490297183636592,25.760401488827476,24.47038222422256,53.93592690898425,36.270919479773895,3.472103676420636,3.1132189819215985,5.472692924246902,21.17449782479514,16.731482141748643,33.048628114156294,10,34.19709682622978,42.4819481751312,19.496066706238622,33.99701336625087
3930162,df5fe8b4-ade5-4a70-891e-3343dec7522c,60,Ball Receipt*,5,20.912499999999998,3.57,8,19.08090917711831,39.08255314974926,20.001643972630948,11.983809274562471,18.761765770969646,14.761647096085458,29.904915068216503,5.644541474091413,1.8965418388552462,0.29939109748663917,7.062026217117008,13.113215081914777,14.517854102939847,9,16.49554780750426,23.33403428185645,15.629371698246322,38.93585300536234
3930162,6d1e8d66-0300-4046-b641-c5503fec4fb4,60,Carry,5,20.912499999999998,3.57,8,19.08090917711831,39.08255314974926,20.001643972630948,11.983809274562471,18.761765770969646,14.761647096085458,29.904915068216503,5.644541474091413,1.8965418388552462,0.29939109748663917,7.062026217117008,13.113215081914777,14.517854102939847,9,16.49554780750426,23.33403428185645,15.629371698246322,38.93585300536234
3930162,a7d461dc-3294-419b-8b7f-2d9e13de3171,60,Pass,6,20.912499999999998,5.27,8,19.86787688133206,37.71045841798278,17.84258153665072,11.74149806019289,18.406653237918437,12.99398346252078,32.4439820596829,4.692529808002675,3.042852390003226,0.3278055700571638,5.655448575951976,12.244182563754075,14.55145139967576,9,17.545443626721944,23.780446176995937,15.718001329530786,39.906793446529605
3930162,dda8cf6d-9782-4058-8dee-6191284a872a,60,Ball Receipt*,12,49.525,60.690000000000005,10,42.00413481609853,56.932361809788986,14.928226993690458,30.19121895325722,39.170469536633824,30.40025891785686,40.444043310807686,5.089545733643961,4.016908288064435,3.8809584371959467,14.947955966424523,0.8602116270123261,27.438708568634976,10,33.917155975927216,44.51554469645676,32.88293810899382,52.055997378927266
3930162,48be9a1e-fc43-480e-beca-14a19070f6e2,60,Carry,12,49.525,60.690000000000005,10,42.00413481609853,56.932361809788986,14.928226993690458,30.19121895325722,39.170469536633824,30.40025891785686,40.444043310807686,5.089545733643961,4.016908288064435,3.8809584371959467,14.947955966424523,0.8602116270123261,27.438708568634976,10,33.917155975927216,44.51554469645676,32.88293810899382,52.055997378927266
3930162,0f2c4f2f-90f1-4a5d-bd98-4e6e8dabb959,61,Pass,14,45.5,51.17,10,43.012607035709735,57.37008854602573,14.357481510315992,40.89954201341359,33.60499335041572,28.598323033036866,27.05007957501099,4.858179810225734,4.34062991339168,2.4068767421316366,13.041274940260159,0.21677784213510165,30.0369241059827,10,34.26016451056893,45.19134009120856,34.97628940165828,50.441537344719244
3930162,8258994a-eadd-490f-9c7b-bfe8601fa658,62,Ball Receipt*,30,45.324999999999996,30.854999999999997,8,45.388220735140884,61.0778989644408,15.689678229299915,33.68433829679327,26.653193764084204,22.85418133474314,27.690016402102906,4.45426562977862,1.5468960336331115,1.1357051718958573,10.07831396109352,8.423349419536335,32.21973910538081,10,36.39747431795047,47.299305573427,32.054878563148506,59.68660285542074
3930162,56aee5f4-5e0d-45e7-a19e-de06476e24dc,62,Carry,30,45.324999999999996,30.854999999999997,8,45.388220735140884,61.0778989644408,15.689678229299915,33.68433829679327,26.653193764084204,22.85418133474314,27.690016402102906,4.45426562977862,1.5468960336331115,1.1357051718958573,10.07831396109352,8.423349419536335,32.21973910538081,10,36.39747431795047,47.299305573427,32.054878563148506,59.68660285542074
3930162,02c586e9-e589-46fc-ba21-a4ae10e750dc,63,Ball Receipt*,10,49.525,6.715,9,32.579211735145506,50.44095235331673,17.861740618171225,13.053661103606288,17.16350843843457,32.87231610786254,38.08648278396615,7.686697215556202,3.5475625036208256,4.037599092352113,13.132598300490674,6.0656198706544355,27.41357897152665,6,35.031958791277184,40.0751294931224,10.416695303628504,32.46326134367355
3930162,7442f77c-0088-4f2d-b922-a6156f6ac93a,63,Carry,10,49.525,6.715,9,32.579211735145506,50.44095235331673,17.861740618171225,13.053661103606288,17.16350843843457,32.87231610786254,38.08648278396615,7.686697215556202,3.5475625036208256,4.037599092352113,13.132598300490674,6.0656198706544355,27.41357897152665,6,35.031958791277184,40.0751294931224,10.416695303628504,32.46326134367355
3930162,f86ae780-f5ec-4332-a1ff-d3784a8316ce,63,Pressure,19,50.050000000000004,55.504999999999995,8,45.45386960441563,61.35345490418094,15.899585299765313,43.08436979299535,39.49717331176378,33.23601920242206,24.092724881125722,7.8538093906360995,4.585177417351917,2.218524332568201,14.091337914020077,3.017319491128646,35.91062395444163,8,45.700356193876374,51.177338179787284,37.46131836588679,47.9624019164922
3930162,1279efc1-ee47-408e-8d10-d54bc4d30659,63,Pass,26,46.199999999999996,35.614999999999995,9,41.34980176933648,60.653329212223206,19.303527442886725,39.62311831926807,36.795093927187395,25.750454493491517,29.337439092702308,5.546778238045633,1.7347980762443935,2.2366729725104193,14.747884220801645,6.49369937074794,32.81480122545851,7,41.56753795691539,46.71191880559524,32.77652406308891,39.96821041352561
3930162,9caba11e-b8eb-4b2c-b3fe-8a36cbeab302,66,Ball Receipt*,13,38.5875,43.775,9,39.12657024862774,53.98526744531748,14.85869719668974,44.05694728640166,45.10473915519003,29.034852797614562,27.348521693056835,5.668444107179716,3.2858575558202974,0.6243078056978035,15.401538980791486,6.6795330002030155,25.839875248877316,8,36.47165326638615,42.02979520734533,39.685067974478976,50.15023974269527
3930162,8e157ef4-0abf-4aac-8ddf-976eca8dd598,66,Carry,13,38.5875,43.775,9,39.12657024862774,53.98526744531748,14.85869719668974,44.05694728640166,45.10473915519003,29.034852797614562,27.348521693056835,5.668444107179716,3.2858575558202974,0.6243078056978035,15.401538980791486,6.6795330002030155,25.839875248877316,8,36.47165326638615,42.02979520734533,39.685067974478976,50.15023974269527
3930162,c7c43e59-6dc1-499f-817a-930886b5b907,66,Pass,13,43.137499999999996,43.775,9,44.474160427710615,59.52500576943949,15.050845341728873,43.89199292602153,43.581400046571865,27.834861485300017,29.911590888056985,4.656678186692931,2.901212655549384,2.6004071472181636,11.794916139055928,6.260400776363994,30.624689034946382,8,41.06861375093454,46.76612667639613,39.85745294471876,52.02013557353038
3930162,6f4210da-32e2-4079-94b8-bb4de3f627a9,68,Dispossessed,18,64.39999999999999,47.345,9,30.41280322758547,43.66658369045641,13.253780462870942,35.039386192908005,24.858804764660437,25.677548626380656,10.742231831400165,6.3415531315834395,3.9404262563597627,4.338878327474294,8.577368983500815,0.1565645071283086,23.552654488078517,9,30.54616963597061,39.919695007514555,34.042890793134404,42.0384128899865
3930162,3f86b2fe-ed9a-4669-8400-da5e0262816a,68,Ball Receipt*,11,42.7875,9.434999999999999,8,45.889563791521915,57.139569490824364,11.250005699302449,27.180713491509714,21.689274322321058,29.547038104332735,32.82056163203086,4.686398349654084,4.377515006852623,1.8176405592230864,12.39698684669385,14.086675215445787,30.129602201057992,7,37.291384973475786,45.287148945949674,17.378341410117063,37.56650679874616
3930162,9d86222a-dd08-4baf-b280-45226f1d8320,68,Carry,11,42.7875,9.434999999999999,8,45.889563791521915,57.139569490824364,11.250005699302449,27.180713491509714,21.689274322321058,29.547038104332735,32.82056163203086,4.686398349654084,4.377515006852623,1.8176405592230864,12.39698684669385,14.086675215445787,30.129602201057992,7,37.291384973475786,45.287148945949674,17.378341410117063,37.56650679874616
3930162,d38236db-3b20-46bc-bbe8-41ebb29b1a15,68,Pass,13,40.512499999999996,10.709999999999999,9,45.32175711117911,58.122317016068564,12.800559904889454,24.746612619584617,14.792486380442412,31.879272220040626,23.321911075118873,4.528985437188792,4.048911799699098,0.3386596746352808,14.355364200856066,4.488096793568511,33.96803457325199,6,40.89829707894053,45.940861962157236,15.076968516281951,35.60070957711875
3930162,e547825e-8c3b-4342-9bcc-9487a6fe188c,69,Dispossessed,31,63.262499999999996,27.2,9,40.59130337407852,52.55780265543271,11.966499281354189,29.701070864672964,31.35590595685285,25.997920646319763,19.863384461991693,4.424447465124344,0.6667135394868878,0.9773902783948181,13.264119315858347,5.029332445108285,38.07747389661843,7,42.586731981532736,47.735059208762664,32.80211089943093,57.404832473546655
3930162,ac8f7163-2b5c-45bb-ac25-0f088248b341,72,Ball Receipt*,13,43.4,64.68499999999999,8,39.232012914144015,56.10475816964803,16.872745255504014,42.46996274779245,33.86961701640933,36.991982295067146,31.040762486245786,5.432052064411405,3.359784380574074,4.359810564421856,12.56503885868922,12.82711676809281,27.38350008309412,9,31.43267193650179,41.63563012840812,35.206437799049745,61.107802723467614
3930162,0c1e670e-9b82-4d6e-a3c7-3ac0c88f463d,72,Pass,13,43.75,65.28,8,39.58201424928806,56.45475950479207,16.872745255504014,43.064966638783666,34.46462090740054,36.99198229506714,31.040762486245782,5.432052064411405,3.359784380574074,4.359810564421856,12.565038858689213,12.827116768092807,27.733501418238163,9,31.782673271645834,41.98563146355216,35.801441690040946,61.107802723467614
3930162,f1b97c48-56f0-4d92-b597-4d7c468ddc8e,82,Pass,19,44.012499999999996,13.939999999999998,8,46.723831245042525,60.692220278143374,13.968389033100848,18.810796618125696,25.43349965994253,21.108976879975778,26.245370370359048,4.947065482935531,4.64568806272193,2.249051716420688,7.9557730953007955,7.402703467278652,43.96568133820048,6,47.3283067225081,51.86836455929424,20.67598469844238,36.09550203999917
3930162,28b0050b-2562-41fa-875d-896149783b81,84,Ball Receipt*,13,67.28750000000001,63.665000000000006,9,22.70390383543485,38.96044034804868,16.256536512613827,31.421285789444376,16.194457532461314,46.78786493318656,25.087791855697333,3.1173647799672324,5.078655762068186,1.9896038277433377,21.90284363123914,1.156617656734447,6.4843707795778975,11,15.114683086505204,26.89765456040931,25.21333308805234,34.57445314213332
3930162,488ec103-3584-4a3a-9fe6-b3563977aa5b,89,Pressure,17,49.9625,56.779999999999994,10,45.91943409085994,57.490547333315675,11.571113242455738,49.09167357934648,46.82780864145532,8.767306748802397,17.401574106982693,5.627188437904759,3.0286455335569817,0.2810599246986385,5.561479731097343,2.100299702269922,32.26914522756579,10,35.729936126862796,45.44772166990328,46.14071563718669,23.955516842271294
3930162,158d9cfa-2529-4b2e-8d08-db33ccb16444,89,Ball Recovery,18,44.5375,46.58,8,46.93087512863194,57.65755359594544,10.726678467313498,46.44421694593917,48.938698534508404,12.182206623015908,22.017122008542636,5.363163173623081,3.021293108403541,0.960053312054093,5.0397743110387125,8.16238049571215,34.828825258428864,10,37.60505099887841,46.93305089253675,45.07069438178664,21.336801933975014
3930162,cedee29f-4bfd-4eca-af06-62eb0ead89a8,89,Carry,18,44.5375,46.58,8,46.93087512863194,57.65755359594544,10.726678467313498,46.44421694593917,48.938698534508404,12.182206623015908,22.017122008542636,5.363163173623081,3.021293108403541,0.960053312054093,5.0397743110387125,8.16238049571215,34.828825258428864,10,37.60505099887841,46.93305089253675,45.07069438178664,21.336801933975014
3930162,fcb7a999-2025-40be-831d-47632875a219,89,Pass,19,43.925000000000004,46.835,8,45.8937357326008,56.275902054943636,10.382166322342833,46.07360751649538,48.006215616712076,13.13119516561018,21.053002599166824,4.864970851277741,3.4084913047851155,1.6058614929017168,5.438217920783018,7.372857294430851,33.27361731848086,10,36.08602805271312,45.49095625082693,45.28078917884357,22.973572602745904
3930163,27298528-cd60-47c3-a4fa-0197476350b2,0,Ball Receipt*,6,48.824999999999996,54.315,8,35.12593808202164,49.22512078421109,14.099182702189452,48.82006333946921,53.08186221525972,26.55255527730599,4.615765520563578,9.651555004138855,3.694245183691142,4.751188106147531,11.244453203202603,0.20179192648139832,19.486178280170073,8,23.562827323045504,32.403040575355035,49.118865755647846,30.00782534261674
3930163,08c1733e-cb33-4a0f-a0f6-9543b67b35e8,0,Pass,6,48.824999999999996,54.315,8,35.12593808202164,49.22512078421109,14.099182702189452,48.82006333946921,53.08186221525972,26.55255527730599,4.615765520563578,9.651555004138855,3.694245183691142,4.751188106147531,11.244453203202603,0.20179192648139832,19.486178280170073,8,23.562827323045504,32.403040575355035,49.118865755647846,30.00782534261674
3930163,c6dd374e-a2e5-4bc2-99c9-2d032e8d125a,0,Ball Receipt*,13,42.612500000000004,17.0,8,45.15978351973761,55.0108142675551,9.85103074781749,36.806819773026334,32.22049090902431,26.472798467865445,31.362019758767083,4.747120577276016,5.036423062892142,1.9253021166436284,11.266213047810425,13.747595009682826,23.27630871732539,9,30.910120528744947,41.05247551505916,37.2174473108536,54.35045412081073
3930163,34b7c589-4aa6-4160-89f9-933402a59a0f,0,Carry,13,42.612500000000004,17.0,8,45.15978351973761,55.0108142675551,9.85103074781749,36.806819773026334,32.22049090902431,26.472798467865445,31.362019758767083,4.747120577276016,5.036423062892142,1.9253021166436284,11.266213047810425,13.747595009682826,23.27630871732539,9,30.910120528744947,41.05247551505916,37.2174473108536,54.35045412081073
3930163,7e8a2314-6e01-4d99-b93c-e6451949777e,0,Pass,13,42.612500000000004,17.0,8,45.15978351973761,55.0108142675551,9.85103074781749,36.806819773026334,32.22049090902431,26.472798467865445,31.362019758767083,4.747120577276016,5.036423062892142,1.9253021166436284,11.266213047810425,13.747595009682826,23.27630871732539,9,30.910120528744947,41.05247551505916,37.2174473108536,54.35045412081073
3930163,901546d0-2f3e-486f-9dbb-482c5be3a85c,0,Ball Receipt*,14,39.987500000000004,18.869999999999997,8,46.94557051169461,56.52768492052138,9.582114408826769,36.756038730437126,31.897272675163176,27.39908152067738,30.47622233181091,4.731236458568119,5.105504277896411,2.5488056213915193,11.658693672663404,13.106747150947811,24.16549093782351,9,32.317944848301636,42.635056905839434,37.51489089175913,55.17782795914661
3930163,0aa1cde1-1b60-4852-a44b-3636049609b1,0,Carry,14,39.987500000000004,18.869999999999997,8,46.94557051169461,56.52768492052138,9.582114408826769,36.756038730437126,31.897272675163176,27.39908152067738,30.47622233181091,4.731236458568119,5.105504277896411,2.5488056213915193,11.658693672663404,13.106747150947811,24.16549093782351,9,32.317944848301636,42.635056905839434,37.51489089175913,55.17782795914661
3930163,358ec200-cc2a-4617-8e8d-587fc27e4c3c,3,Ball Receipt*,23,24.412499999999998,47.6,10,44.33072030701649,56.219568052024826,11.888847745008334,33.514666375713304,43.78048564937769,30.089176647144992,30.616523772752526,5.9290092216045895,2.0625005037649973,5.01736174114275,11.403875800950733,7.713579855764181,16.545520842125242,11,25.841643442551103,41.28587850573404,38.66934716374899,62.45945782382567
3930163,f2bb951d-33c1-4db5-9b2f-3e8bf6158558,3,Carry,23,24.412499999999998,47.6,10,44.33072030701649,56.219568052024826,11.888847745008334,33.514666375713304,43.78048564937769,30.089176647144992,30.616523772752526,5.9290092216045895,2.0625005037649973,5.01736174114275,11.403875800950733,7.713579855764181,16.545520842125242,11,25.841643442551103,41.28587850573404,38.66934716374899,62.45945782382567
3930163,5875d6b1-059b-42e8-a07a-3c663479b5cc,8,Foul Won,29,68.16250000000001,32.81,9,26.97603654063301,37.57973558398274,10.603699043349728,34.5649624164714,35.986207732202246,30.086575145933416,19.597797174897764,2.1376320187254754,2.579868879041431,4.419253118654371,10.22716416388769,0.2802334743934978,26.418087491891356,6,29.65175202164712,33.23342551248287,29.104856049210326,29.06329201187829
3930163,130b6275-44cc-441d-93be-eaa221288808,10,Pass,9,38.85,11.475,10,45.21756331969064,57.477757052714765,12.260193733024124,17.72620401825547,23.83730866096429,26.30586125596782,38.57546491463391,4.644605846764347,2.860571837011045,2.674809310579585,13.813248915095791,11.159339406288776,38.85000133514404,7,44.8996927360178,48.97734536385006,12.38313058580097,36.21421780201859
3930163,13b574ea-8ad0-4415-8e6b-0b141e23efb2,10,Ball Receipt*,11,43.6625,2.21,10,45.297848906842844,58.09986445824042,12.802015551397574,20.431816333879706,26.043442510914492,30.247501127196244,35.35243264615411,4.686813477228302,2.688598122396717,1.6950685787219868,16.126876175295347,3.4034629973478534,37.42387819996455,7,44.41087176663586,49.44596102632566,16.60207043948717,35.18388616937327
3930163,f0eb0be8-ecc2-43e9-82be-94996ffbf0b0,10,Pass,11,43.6625,2.21,10,45.297848906842844,58.09986445824042,12.802015551397574,20.431816333879706,26.043442510914492,30.247501127196244,35.35243264615411,4.686813477228302,2.688598122396717,1.6950685787219868,16.126876175295347,3.4034629973478534,37.42387819996455,7,44.41087176663586,49.44596102632566,16.60207043948717,35.18388616937327
3930163,c68f3e2b-79b6-409d-a673-1a41c3cbbf30,13,Ball Receipt*,7,18.2,57.88499999999999,10,34.855837728047774,50.98655273828189,16.130715010234113,44.80815085281209,38.05891107648972,37.02952001983587,19.277636001271993,6.665564218395574,2.727125174574149,4.625721896339265,17.088406026271752,4.336276214237159,2.8724534257145242,10,15.30672844684803,31.739582664147214,36.21381858916955,60.27285943650786
3930163,64c18935-7f98-4f87-8cb3-798184f272fa,13,Carry,7,18.2,57.88499999999999,10,34.855837728047774,50.98655273828189,16.130715010234113,44.80815085281209,38.05891107648972,37.02952001983587,19.277636001271993,6.665564218395574,2.727125174574149,4.625721896339265,17.088406026271752,4.336276214237159,2.8724534257145242,10,15.30672844684803,31.739582664147214,36.21381858916955,60.27285943650786
3930163,82a0edd4-a949-489c-a873-bc7bc707c2bf,13,Pass,7,16.3625,58.73499999999999,9,33.063544531017975,49.985065695494505,16.92152116447653,46.324578270191274,39.692279161834044,37.11768204643318,19.63976135271102,7.348743952028287,2.8211585264934196,3.6067610251885043,17.506414576161426,3.04744938015903,1.9781565825849068,10,14.17911353297068,30.94477448703381,37.73227573833598,62.26519135021399
3930163,3a980bbc-a200-4735-b6b2-e2c452321eba,13,Ball Receipt*,15,53.637499999999996,37.57,8,44.757640741949764,61.97229804364273,17.214657301692966,29.292902199466663,31.6668396332356,30.966804881230864,20.77585670505299,2.8772278666112694,4.376553579257895,0.3226309431336887,12.248684928691766,8.224805731061963,46.65100331636321,7,48.77172133645183,54.59860861811581,33.09689135920503,46.53511586642237
3930163,e3191710-dc29-4f63-b1f5-081ee01adbc1,13,Duel,15,55.475,35.785000000000004,8,44.757640741949764,61.97229804364273,17.214657301692966,29.292902199466663,31.6668396332356,30.966804881230864,20.77585670505299,2.8772278666112694,4.376553579257895,0.3226309431336887,12.248684928691766,8.224805731061963,46.65100331636321,7,48.77172133645183,54.59860861811581,33.09689135920503,46.53511586642237
3930163,46eb8f6d-da50-4dde-a90e-553f57ae092f,13,Ball Receipt*,13,32.2875,28.729999999999997,8,42.43935307235139,51.371402869071005,8.932049796719618,32.18776238102755,34.574868087543884,31.63270474226195,37.4920807283167,5.1310710289929355,3.6278921362234247,1.162381863964967,11.124728095175982,9.932902865999345,26.025363858503255,8,28.60718376617001,35.71835223165631,32.35806326873734,54.567377167801666
3930163,a4e02c3b-e249-4ca5-90c4-4a9f39d922eb,13,Carry,13,32.2875,28.729999999999997,8,42.43935307235139,51.371402869071005,8.932049796719618,32.18776238102755,34.574868087543884,31.63270474226195,37.4920807283167,5.1310710289929355,3.6278921362234247,1.162381863964967,11.124728095175982,9.932902865999345,26.025363858503255,8,28.60718376617001,35.71835223165631,32.35806326873734,54.567377167801666
3930163,0eace9ae-f0d6-4759-b514-f11c69458f2e,13,Pass,14,32.637499999999996,28.729999999999997,8,42.974590078725704,51.3639714746194,8.389381395893693,32.35438900617498,34.70908864739295,30.954126696919403,35.01109324368809,4.943850884745146,3.439510288814978,2.0529023348976523,10.66690883366287,8.254127020801128,26.650226132458098,9,29.657885143430832,38.689733192800084,35.73556878546316,54.92149066473335
3930163,43a0fbc8-443f-449a-825a-4d28000496e7,13,Ball Receipt*,15,43.8375,23.46,8,44.63222113149381,52.45896134974796,7.826740218254152,33.42686784131283,39.593127490436785,29.359010335651934,34.81432269933336,4.2117563827233155,2.7770585516314634,2.763432573764252,11.931555908366349,16.563805462636235,28.640525886690167,9,32.67528150302964,40.44521786382583,38.73223264217792,53.9729207164462
3930163,ee3e5fe5-3521-4afb-888b-0ae58afb51b2,13,Carry,15,43.8375,23.46,8,44.63222113149381,52.45896134974796,7.826740218254152,33.42686784131283,39.593127490436785,29.359010335651934,34.81432269933336,4.2117563827233155,2.7770585516314634,2.763432573764252,11.931555908366349,16.563805462636235,28.640525886690167,9,32.67528150302964,40.44521786382583,38.73223264217792,53.9729207164462
3930163,80197b54-9d07-4a49-8246-21897cc0e00d,13,Pass,15,43.8375,23.46,8,45.51631185514738,53.36871876592475,7.852406910777368,32.780007233370675,38.98926467430476,29.304724875587596,34.841795106974836,4.145765474552111,2.6139222078354467,2.5600018061923393,11.41552681247127,16.90269967936306,29.41960935715726,9,33.68623464733964,41.32702236862808,38.22911632440871,54.60712730822509
3930163,ea8fd9d2-6e8f-47c7-b44b-3cc26b191929,13,Ball Receipt*,16,36.225,25.244999999999997,8,45.92963699147632,53.590681843489676,7.6610448520133545,31.31768264127401,36.96727977461689,29.14826317720464,35.97456555887605,3.82965416048989,2.1549426371143117,3.737118144858151,10.627866189214181,17.40546074300985,29.358959127308875,9,34.40941807198698,41.56255157023898,37.75590355118172,53.61772069809645
3930163,cea7f0fd-7cd2-4433-8a9b-5ed2c1cf036f,13,Carry,16,36.225,25.244999999999997,8,45.92963699147632,53.590681843489676,7.6610448520133545,31.31768264127401,36.96727977461689,29.14826317720464,35.97456555887605,3.82965416048989,2.1549426371143117,3.737118144858151,10.627866189214181,17.40546074300985,29.358959127308875,9,34.40941807198698,41.56255157023898,37.75590355118172,53.61772069809645
3930163,d0d46412-55a0-4a31-975b-fcd5bf90a4b5,14,Pass,14,38.675000000000004,30.514999999999997,8,42.427658829701286,52.598699795475255,10.171040965773969,31.308415443491004,29.50562451560035,23.089579936749683,32.51948356554547,6.637320096337976,2.5975263229576964,1.72169375253144,11.377600981639247,4.713562687455823,24.082538679255478,10,32.3634844219251,42.33448041192419,35.73865369883345,54.371503076885226
3930163,8bf3b91e-5e60-4308-81e1-d8d1b9a7bce5,14,Ball Receipt*,15,42.9625,43.18,10,45.52694404080635,57.73676963589287,12.20982559508652,31.099302435754396,30.327429622817007,23.271874777813064,31.854861574729068,6.720139858768005,3.69993192981066,3.9028570664098012,8.10531410087146,6.903664826431971,32.36212388784556,9,39.06145445702143,46.952297052677956,34.55995043930492,55.32077930162803
3930163,485bced0-4b52-40c1-b2b4-5bc847cac4bf,14,Carry,15,42.9625,43.18,10,45.52694404080635,57.73676963589287,12.20982559508652,31.099302435754396,30.327429622817007,23.271874777813064,31.854861574729068,6.720139858768005,3.69993192981066,3.9028570664098012,8.10531410087146,6.903664826431971,32.36212388784556,9,39.06145445702143,46.952297052677956,34.55995043930492,55.32077930162803
3930163,4384384b-5a13-4d94-aac9-810a25853a16,16,Ball Receipt*,114,51.449999999999996,65.02499999999999,8,46.74647365323669,57.571279912719014,10.824806259482322,48.65298931477476,43.91492972726558,36.827713290745486,42.13229164288133,4.097691110905786,2.160810006089099,5.959966014973844,12.883830416313842,20.45730372958554,33.95479010419305,7,39.96415209360987,46.85224273047759,48.48678794297239,40.18756591926413
3930163,69f46652-a893-445d-bb3f-a10a145cd94f,16,Carry,114,51.449999999999996,65.02499999999999,8,46.74647365323669,57.571279912719014,10.824806259482322,48.65298931477476,43.91492972726558,36.827713290745486,42.13229164288133,4.097691110905786,2.160810006089099,5.959966014973844,12.883830416313842,20.45730372958554,33.95479010419305,7,39.96415209360987,46.85224273047759,48.48678794297239,40.18756591926413
3930163,bbddae1f-1163-495e-bcdf-07a6a2183386,16,Pass,115,51.449999999999996,62.30499999999999,8,47.33979743445845,57.84350496389279,10.503707529434344,53.50563930118709,37.00550865260738,34.112307434361966,24.30002732674931,3.8809094989270596,2.8588503626137447,2.1048726197928787,21.87521943128068,3.897384630711798,34.55096696118498,7,40.64203395333256,47.4348034954441,48.254673424761435,39.994366962123905
3930163,03283bd1-a7b0-4db7-ac97-13004ca653fc,16,Ball Receipt*,116,44.7125,59.245,9,46.363889953893406,58.66189392395472,12.298003970061316,55.146448535737626,42.02816576683502,30.48473962704478,26.32615759763148,3.837946769782099,3.994733443721832,0.46991995294605005,22.887525092862866,2.4399512530495286,39.699673432459804,6,43.91243907697045,48.513710347623544,52.43038598146918,39.88558313829091
3930163,5b22b50f-673d-4c29-90ac-71717b7d0dfd,16,Carry,116,44.7125,59.245,9,46.363889953893406,58.66189392395472,12.298003970061316,55.146448535737626,42.02816576683502,30.48473962704478,26.32615759763148,3.837946769782099,3.994733443721832,0.46991995294605005,22.887525092862866,2.4399512530495286,39.699673432459804,6,43.91243907697045,48.513710347623544,52.43038598146918,39.88558313829091
3930163,d944b4b2-797d-4759-a442-21c4c30e1348,16,Ball Receipt*,121,59.324999999999996,30.514999999999997,8,40.74643760516396,58.399661823166674,17.653224218002713,29.543028882305162,26.81850493433626,27.97053080870448,35.121404856168574,5.895526173235172,2.312550520949608,4.551969811656015,10.776456605243585,12.470470493286228,32.54737189415084,10,36.75850089081593,43.489658038181716,30.18983958668311,37.68339997638083
3930163,2bcf4e19-f9fc-4cb1-bb40-e5c59b18450c,16,Foul Won,135,66.85000000000001,4.42,10,24.493317562212056,34.985070792173914,10.491753229961859,44.68270376533875,51.023274352467865,33.46356454475862,24.221896370780584,2.4886092494623004,2.5899175092718436,5.421580183744112,10.674547433426092,7.272037211947456,23.185940859868047,10,26.250750096000772,36.28826233550656,46.467449393536945,38.79069172559811
3930163,08f05aa1-4131-4bb8-b810-362496ad5fb7,17,Pass,6,16.974999999999998,21.335,8,33.13787341381582,48.49590451407223,15.358031100256412,22.921989299049695,23.545371344438127,27.254082621836304,37.53475391756311,3.658969864879586,2.515357526721442,2.529367308795891,9.479180089620645,8.932896462335421,16.97499966621399,8,25.36072587003738,35.76848763034607,16.662106519586708,41.90312768268423
3930163,2214a692-64f6-4278-b6cd-5b982f80d16b,17,Ball Receipt*,7,20.037499999999998,33.574999999999996,9,32.991760923830235,49.82232550131442,16.830564577484182,29.34097660922809,28.116389759521446,26.576738580316253,38.306301568910925,3.753797156862659,2.7878595584079386,3.121287590414621,8.65286252867767,1.3161500248529592,17.757542002119827,8,24.92681749524968,35.74067183000831,21.766260959489017,42.68170032584215
3930163,f09b47c0-69f9-4ef6-99ed-972c809131a8,17,Carry,7,20.037499999999998,33.574999999999996,9,32.991760923830235,49.82232550131442,16.830564577484182,29.34097660922809,28.116389759521446,26.576738580316253,38.306301568910925,3.753797156862659,2.7878595584079386,3.121287590414621,8.65286252867767,1.3161500248529592,17.757542002119827,8,24.92681749524968,35.74067183000831,21.766260959489017,42.68170032584215
3930163,ade2d10a-7afc-4620-a347-2f0593be2b83,17,Pass,11,36.4,42.585,10,40.470114526381636,53.62600424807521,13.155889721693576,34.76745508780694,31.448423659338168,28.280038614626918,28.683965673956624,3.169918232158266,2.448049172803467,2.940279910534244,12.33241824555553,1.3192693784306648,22.828382842137938,8,32.51804748372159,41.34124042975453,24.863057718034916,46.625679346917465
3930163,0db6a6e6-50b7-416e-83c1-ec4c609fbfaf,17,Ball Receipt*,13,37.012499999999996,61.455,10,41.72893537649189,55.61889695205123,13.88996157555934,41.43230189180227,37.560284398955936,35.27928245911461,31.138340190133288,4.112880143551351,1.7245231766025837,3.142753783369706,12.775558888479935,2.4352866179554837,22.63808862622887,10,33.2048084207165,44.27676826850598,36.51525403805012,61.68949358278313
3930163,43a7888f-b377-4424-82ed-cae228ed8c36,17,Carry,13,37.012499999999996,61.455,10,41.72893537649189,55.61889695205123,13.88996157555934,41.43230189180227,37.560284398955936,35.27928245911461,31.138340190133288,4.112880143551351,1.7245231766025837,3.142753783369706,12.775558888479935,2.4352866179554837,22.63808862622887,10,33.2048084207165,44.27676826850598,36.51525403805012,61.68949358278313
3930163,43ddc9c2-592f-41d5-9650-20621cc2afcf,17,Pass,14,36.6625,60.265,10,42.11998180592753,55.51496281973686,13.394981013809328,46.051584237185885,47.95731286877822,36.06447916785152,37.361333280030074,5.016563292306606,1.6285869885845083,3.7250005165315017,13.541507149037969,8.074785745404675,20.472261441797162,10,31.903952602830273,43.88332775148266,40.180905420646525,61.351005614265894
3930163,11df7150-2a70-4b02-8f27-52cfe505c577,17,Ball Receipt*,16,22.75,31.79,9,42.93082097086344,55.271452975657105,12.340632004793669,36.662905140281154,35.797967792692084,30.167704647613103,34.809828544563544,4.887398240449377,1.7263701138597412,3.402085899176427,10.984022690217603,4.139168307930564,22.75,9,30.763698033689828,41.865288432461654,29.86763095525774,60.052839191049955
3930163,1fad5281-e759-477b-acbb-ed323d5f04eb,17,Carry,16,22.75,31.79,9,42.93082097086344,55.271452975657105,12.340632004793669,36.662905140281154,35.797967792692084,30.167704647613103,34.809828544563544,4.887398240449377,1.7263701138597412,3.402085899176427,10.984022690217603,4.139168307930564,22.75,9,30.763698033689828,41.865288432461654,29.86763095525774,60.052839191049955
3930163,df0f1802-1e7b-4b21-b456-32d5cc262937,17,Pass,17,23.0125,31.79,9,43.00401084779404,55.07342096236886,12.069410114574815,36.35687963868097,35.08995331261359,29.672169514269093,35.80559004093725,4.682989367593801,1.656233207489572,2.971838439422541,11.22267930760021,5.112363219092117,23.01249933242798,9,30.47936306760205,41.67628989723413,29.979799271298216,62.58182799299291
3930163,2d15f5dc-db70-446a-a0d8-96fcd145a54b,17,Ball Receipt*,18,30.974999999999998,26.095,10,45.44228912882521,56.68746547883471,11.245176350009501,34.34337844496905,36.274089749358374,29.122541590673208,35.12965795606735,3.910561998126725,1.6405624720651621,3.6116668678386645,9.040735575517438,6.642290717350328,26.76628008123314,9,32.5294893809493,44.04057653146851,27.795731753534874,55.11359127098511
3930163,59d06cc2-1231-4a1e-89c6-827f53a789d9,17,Carry,18,30.974999999999998,26.095,10,45.44228912882521,56.68746547883471,11.245176350009501,34.34337844496905,36.274089749358374,29.122541590673208,35.12965795606735,3.910561998126725,1.6405624720651621,3.6116668678386645,9.040735575517438,6.642290717350328,26.76628008123314,9,32.5294893809493,44.04057653146851,27.795731753534874,55.11359127098511
3930163,349ecea0-860c-4b01-b9a1-739610566e17,17,Dispossessed,37,53.375,49.47,10,44.76937932738922,54.26771796262072,9.498338635231505,29.009076827610535,25.204083635429857,35.03956256428259,32.71663684834841,3.101837314542816,2.010141685563879,0.8267391967638318,17.61880520869566,0.16917942316391432,41.76987747592877,10,45.159702913008225,55.96575849088491,31.166087688865616,61.84782971020226
3930163,3aee1fba-8904-45ae-90dd-634ce6d57b37,19,Ball Receipt*,7,16.275000000000002,65.02499999999999,8,25.22317777289198,46.30060152770315,21.07742375481117,43.237804843911206,38.99692335481733,40.588691240235406,20.981695695695382,6.316929626979301,2.904679103809184,1.07874640035282,15.968414312456385,9.343719309713144,16.27500033378601,7,20.40032687313245,29.512451146918824,48.477182768054504,41.996660682780636
3930163,55517cbc-7051-4d2f-94b9-d3b4fb0c3930,19,Carry,7,16.275000000000002,65.02499999999999,8,25.22317777289198,46.30060152770315,21.07742375481117,43.237804843911206,38.99692335481733,40.588691240235406,20.981695695695382,6.316929626979301,2.904679103809184,1.07874640035282,15.968414312456385,9.343719309713144,16.27500033378601,7,20.40032687313245,29.512451146918824,48.477182768054504,41.996660682780636
3930163,371a3004-25b3-4c11-907a-929319ce4823,19,Pass,7,17.7625,64.515,8,26.792120204756362,47.377395788911066,20.585275584154704,43.83978204415159,39.322381428467594,43.47685848422942,22.06059322551072,5.733093501752618,3.066892315036993,0.7431950179759923,15.114185209802983,10.566879550517186,17.76249933242798,7,21.424069455362254,30.285237787837907,47.991069199051424,42.84704843303562
3930163,19e53600-d36c-481e-b468-a061c5ac2ce1,19,Ball Receipt*,8,32.2875,67.235,9,31.420106342466124,51.87381994795909,20.45371360549297,42.7810858572944,43.43764050966173,45.07498237578773,31.238935731501247,4.366009898845628,4.169808509310959,3.7141809383388775,15.814984004731802,9.299723418923698,18.33388234379872,9,22.956262974265023,37.17727206174872,47.215984815399395,44.01303021787764
3930163,143b0688-ef86-4a65-83d2-621a89fc40c5,19,Carry,8,32.2875,67.235,9,31.420106342466124,51.87381994795909,20.45371360549297,42.7810858572944,43.43764050966173,45.07498237578773,31.238935731501247,4.366009898845628,4.169808509310959,3.7141809383388775,15.814984004731802,9.299723418923698,18.33388234379872,9,22.956262974265023,37.17727206174872,47.215984815399395,44.01303021787764
3930163,e2bc24e1-9ce4-437c-9d3e-19b1bbccc35f,19,Pass,8,32.2875,67.235,9,31.420106342466124,51.87381994795909,20.45371360549297,42.7810858572944,43.43764050966173,45.07498237578773,31.238935731501247,4.366009898845628,4.169808509310959,3.7141809383388775,15.814984004731802,9.299723418923698,18.33388234379872,9,22.956262974265023,37.17727206174872,47.215984815399395,44.01303021787764
3930163,5761b457-4000-47bf-b08c-f4d853507730,19,Pass,9,30.625,57.545,10,42.992641898901454,56.58495032350164,13.592308424600184,37.65484755326253,35.55349295788706,35.58267756831014,42.31231540634361,7.624257103075009,3.3934064379158135,0.604361634411319,18.818494995153973,6.031114364503377,23.36632827911896,10,32.70180808907119,46.80863122526168,34.474188553676576,63.86549971568259
3930163,1c184439-856b-49c2-9e4b-0075927823cc,21,Pressure,27,34.300000000000004,49.64,10,34.95541250015013,53.143817585378365,18.188405085228233,45.22717347083265,38.7860764604291,34.327792958695454,36.38530935580212,8.476844525924538,3.6349081311786784,2.4098320657388257,22.750029674882654,8.805813567431507,24.862808212942422,10,27.402348462838628,39.60925518249013,41.14799769024482,49.65831858131165
3930163,ad934dc6-6628-4bf3-aa7b-8450bf1499bd,21,Ball Recovery,28,37.625,57.035,10,35.952362945699655,52.846778365864985,16.89441542016533,49.42013532986013,42.51551496088762,34.35867918918434,34.93049453094554,7.25093283437809,3.533460545467022,1.0555344145002081,21.786335384672274,8.410351945512012,26.0558948766907,10,28.226589965985703,39.88685504249871,45.549817526013065,49.447975345074
3930163,5b686a4d-e289-4b34-9cce-76d43d1291d4,21,Carry,28,37.625,57.035,10,35.952362945699655,52.846778365864985,16.89441542016533,49.42013532986013,42.51551496088762,34.35867918918434,34.93049453094554,7.25093283437809,3.533460545467022,1.0555344145002081,21.786335384672274,8.410351945512012,26.0558948766907,10,28.226589965985703,39.88685504249871,45.549817526013065,49.447975345074
3930163,61d20a37-e917-4b92-bd69-63818888cc85,21,Ball Receipt*,32,50.3125,60.945,10,40.882784103541795,55.05977376281142,14.176989659269623,48.25025268406465,47.02926981953519,41.11816191583979,35.703828637819356,6.297566996879241,3.2726322016197957,0.794235123777085,20.27201431375821,0.7722588488461071,28.75726617148866,10,31.510775911433107,42.19230306614786,47.65539691091961,51.10323496024569
3930163,b513d1f0-ae30-4c32-a9ad-94d0559c716e,21,Carry,32,50.3125,60.945,10,40.882784103541795,55.05977376281142,14.176989659269623,48.25025268406465,47.02926981953519,41.11816191583979,35.703828637819356,6.297566996879241,3.2726322016197957,0.794235123777085,20.27201431375821,0.7722588488461071,28.75726617148866,10,31.510775911433107,42.19230306614786,47.65539691091961,51.10323496024569
3930163,7e2256dd-d070-442f-9fda-798ca15f3bed,21,Pass,32,50.050000000000004,62.30499999999999,10,41.46967917722683,55.57237909147695,14.102699914250117,47.4970192196328,46.94420619022894,40.62036747627775,36.43596804743949,7.033268533600978,2.942928983357884,2.250688812470898,20.745601747221453,1.738920407299176,28.40160896597979,10,31.37203325985964,42.46743773307112,47.33143788475867,50.77953440657888
3930163,3703f9cc-0c00-4dfe-9fef-6fd7cd923a58,21,Ball Receipt*,33,56.699999999999996,63.665000000000006,10,44.83322428892865,58.97237544725012,14.139151158321475,47.344009141148454,47.293188315389585,39.96254719900147,38.22997724105704,7.9907107248560365,2.457353005141586,1.8117869464319867,20.670486648026298,3.193464024676352,30.319235836190362,9,37.55015094298108,46.72986836352071,45.641021544479116,51.28969391367696
3930163,78aa1fd0-cada-4c01-8ddf-fe334ebc06ea,21,Carry,33,56.699999999999996,63.665000000000006,10,44.83322428892865,58.97237544725012,14.139151158321475,47.344009141148454,47.293188315389585,39.96254719900147,38.22997724105704,7.9907107248560365,2.457353005141586,1.8117869464319867,20.670486648026298,3.193464024676352,30.319235836190362,9,37.55015094298108,46.72986836352071,45.641021544479116,51.28969391367696
3930163,1998a967-8279-4047-a2f5-31bbdd63e709,21,Pass,33,56.699999999999996,63.665000000000006,10,44.83322428892865,58.97237544725012,14.139151158321475,47.344009141148454,47.293188315389585,39.96254719900147,38.22997724105704,7.9907107248560365,2.457353005141586,1.8117869464319867,20.670486648026298,3.193464024676352,30.319235836190362,9,37.55015094298108,46.72986836352071,45.641021544479116,51.28969391367696
3930163,3bbed419-8ae7-451c-a85b-22849201caf8,22,Pass,54,42.7875,63.154999999999994,9,44.723264935131944,58.871540759650614,14.14827582451867,45.301117314476414,42.113860325803955,39.331846365764946,37.49882897228413,5.762487215234766,3.8659002476807798,2.5051339466356737,16.052655838737497,7.663152604950724,31.57770946863619,8,37.35175289512024,42.60599194337266,45.36953831170722,40.67644770920472
3930163,e714892b-2fac-4a2e-b73a-48bf7cd8114e,22,Ball Receipt*,66,56.699999999999996,23.119999999999997,8,40.22855189698784,59.44245820896591,19.21390631197807,27.54366595904575,27.11261711242953,35.19106007016878,33.50540830408096,7.050212197236183,1.7910218333593027,2.53680823766949,13.356820811227628,9.984533674440268,28.004199216384016,6,43.314973908931165,47.78066148271887,21.935276625899295,37.57832189085214
3930163,8df365a5-1cc3-43a9-beae-ccdf6e8248e0,22,Carry,66,56.699999999999996,23.119999999999997,8,40.22855189698784,59.44245820896591,19.21390631197807,27.54366595904575,27.11261711242953,35.19106007016878,33.50540830408096,7.050212197236183,1.7910218333593027,2.53680823766949,13.356820811227628,9.984533674440268,28.004199216384016,6,43.314973908931165,47.78066148271887,21.935276625899295,37.57832189085214
3930163,7edd87a6-4d3a-4c84-b82d-63e97efc352b,22,Pass,66,57.050000000000004,24.735,8,40.578546556411666,59.79245286838974,19.21390631197807,29.158665634796485,28.727616788180256,35.191060070168774,33.50540830408096,7.050212197236183,1.7910218333593027,2.5368082376694936,13.356820811227632,9.984533674440266,28.354193875807844,6,43.66496856835499,48.1306561421427,23.55027630165003,37.578321890852145
3930163,ce720c23-87d8-43be-98b7-c6e47807003a,22,Ball Receipt*,67,51.5375,27.879999999999995,8,41.511664088003315,60.367830166529956,18.85616607852664,30.72807608429245,30.26197932211359,34.642490127803995,30.32939022559773,5.958551790411338,2.7025013607016812,3.0870583523218684,11.229111984820104,8.728529699854246,30.674523584134306,6,44.82860847301624,48.969013464697326,25.51467649805637,34.762896021572196
3930163,55a51108-95a5-4fc5-b04b-cdf60161b053,22,Carry,67,51.5375,27.879999999999995,8,41.511664088003315,60.367830166529956,18.85616607852664,30.72807608429245,30.26197932211359,34.642490127803995,30.32939022559773,5.958551790411338,2.7025013607016812,3.0870583523218684,11.229111984820104,8.728529699854246,30.674523584134306,6,44.82860847301624,48.969013464697326,25.51467649805637,34.762896021572196
3930163,f312542b-9356-4a46-ba96-e758bd6be16e,23,Ball Receipt*,7,19.8625,55.845,8,34.699146173640266,48.04063289023676,13.341486716596492,41.94651078349488,36.65187293585712,41.207317895268574,21.54309655141518,8.38704488980516,2.0590911172140185,6.22278424426311,16.431385433025937,8.466660706106858,19.86250066757202,8,22.964636564222275,31.816118366149244,39.77843990358758,54.647103934892606
3930163,8d5004c6-ad7a-4fc7-b69a-818f1b0d9c41,23,Carry,7,19.8625,55.845,8,34.699146173640266,48.04063289023676,13.341486716596492,41.94651078349488,36.65187293585712,41.207317895268574,21.54309655141518,8.38704488980516,2.0590911172140185,6.22278424426311,16.431385433025937,8.466660706106858,19.86250066757202,8,22.964636564222275,31.816118366149244,39.77843990358758,54.647103934892606
3930163,ca4ab58a-40e5-4f59-9449-f10f9b484445,23,Ball Receipt*,18,14.4375,19.889999999999997,8,28.85889279715231,45.65173851289754,16.792845715745226,27.395762036118015,30.287827239664207,27.87630375772433,36.46918822765807,8.565750663992542,4.717352178257738,1.9399798523533747,10.155037086127443,11.0990216041371,10.131771704847928,8,16.197089292629553,27.171833632496906,32.291025023645986,43.147373307720116
3930163,b6d48614-7587-4e7e-9c97-c33cabc2c015,23,Carry,18,14.4375,19.889999999999997,8,28.85889279715231,45.65173851289754,16.792845715745226,27.395762036118015,30.287827239664207,27.87630375772433,36.46918822765807,8.565750663992542,4.717352178257738,1.9399798523533747,10.155037086127443,11.0990216041371,10.131771704847928,8,16.197089292629553,27.171833632496906,32.291025023645986,43.147373307720116
3930163,91fa5e21-53ac-408f-8b23-7d749343e785,23,Pass,20,15.137500000000001,19.889999999999997,8,26.47460170517645,46.04403189740436,19.56943019222791,24.99819481333534,28.84424903590197,27.54528292328032,36.902595724941264,6.9133800531841505,3.675281472025653,3.8401005958561782,9.934907571052662,11.118237473415718,5.473192306378023,9,14.132865708857704,25.945086869523028,27.446109531130396,55.30659693162447
3930163,9e6908de-55d7-470c-a0ee-7a91e2e88a03,24,Ball Receipt*,8,64.75,18.445,10,37.89009934260841,54.32747858921356,16.437379246605154,28.296548843321045,25.85751124955481,39.5753085893192,27.236925280334304,5.417925048185235,5.597629245657927,3.7870200466408477,16.60319095971078,2.1861523969891046,31.026269452090524,10,32.741232775389534,40.48373146544285,29.647692781740027,29.398054175673785
3930163,08cfaa03-da77-4729-8171-c65b3764fbe6,25,Pass,16,36.6625,40.035000000000004,9,43.980807638612205,58.243438428666806,14.262630790054601,31.809279263997137,29.58886552514703,27.37990640820969,30.600074932543734,3.092343700705115,2.27927834445517,3.7193821018827364,11.114011532007744,4.7758767322220805,23.623307690910906,9,32.90802776858857,44.25292476436128,29.93624875369194,59.37781646427756
3930163,dd161da8-9884-41f2-8a4f-3c4f50d29dc0,25,Ball Receipt*,17,38.237500000000004,56.865,8,43.86948263910635,57.87524038481066,14.005757745704308,34.550507259401215,27.790613552393115,33.143630286757066,24.363007567468195,3.402168266500663,1.8741549040611332,5.01082137143182,11.682106129822447,3.260100565065656,22.653809364799645,8,32.07460151490735,41.696291636565235,29.131731336643572,57.72085214474512
3930163,a6b58fff-623f-406f-91de-454d38866b61,25,Pass,17,38.85,56.525,8,44.48198330667837,58.48774105238268,14.005757745704308,34.21050596240414,27.45061225539605,33.14363028675706,24.363007567468188,3.402168266500663,1.8741549040611332,5.010821371431817,11.682106129822447,3.260100565065656,23.266310032371667,8,32.68710218247937,42.308792304137256,28.791730039646502,57.72085214474512
3930163,14bc4715-321b-4f26-8254-a0ff3f28fdb4,25,Ball Receipt*,28,48.2125,62.30499999999999,9,37.47130437573169,56.683486263311536,19.212181887579845,30.525338818287025,23.382692751939455,57.23494199843223,50.519813260504584,6.697237587064404,3.3299354476464886,0.9117153462536649,24.517329105596417,7.912900635742842,29.859458871878857,9,35.69716508822316,43.65493839390351,24.051023481866125,40.279491295828876
3930163,6b446a19-39f8-4772-95bd-efa988c51f15,25,Ball Receipt*,13,45.675000000000004,18.7,8,45.644148809189126,55.19649446157202,9.552345652382897,26.86000027266934,10.491776478165695,32.206529739158725,13.184621292005984,3.886759234726287,3.7107397073611974,2.167546603360499,17.510289413226353,3.0365174714853147,25.02250305276981,8,33.17119872182597,40.005494487514746,21.400789611731042,57.60004342031348
3930163,a7cb887d-1aa0-4c65-b911-3ac265acd05a,25,Pass,13,46.112500000000004,18.869999999999997,8,46.081648809189126,55.63399446157202,9.552345652382897,27.030000921167876,10.661777126664228,32.206529739158725,13.184621292005982,3.886759234726287,3.7107397073611974,2.167546603360499,17.510289413226353,3.036517471485313,25.46000305276981,8,33.60869872182597,40.442994487514746,21.57079026022958,57.60004342031348
3930163,1dfa9e40-5668-44a8-8bc9-034853caddcc,25,Ball Receipt*,15,37.1875,38.76,8,46.60455133561984,56.07476085632094,9.470209520701104,29.16461995579949,14.96901367035305,31.483600059830692,14.422554749354571,3.4779533685119315,3.3270506933703783,0.037738225269805525,15.044885758300396,0.36888188483098716,27.92670414046588,8,36.353382631660864,42.68540480957649,24.74380284599713,58.942122364783636
3930163,daaa4479-845f-4a30-9ff3-80e3f59aa568,25,Carry,15,37.1875,38.76,8,46.60455133561984,56.07476085632094,9.470209520701104,29.16461995579949,14.96901367035305,31.483600059830692,14.422554749354571,3.4779533685119315,3.3270506933703783,0.037738225269805525,15.044885758300396,0.36888188483098716,27.92670414046588,8,36.353382631660864,42.68540480957649,24.74380284599713,58.942122364783636
3930163,b5f93fb1-74fe-457b-93ff-b7db210f1cbf,27,Ball Receipt*,44,49.4375,44.879999999999995,8,34.58354750481031,50.4464909251763,15.862943420365987,45.85718424352667,40.772898284849695,36.93479159093957,34.841591628416495,4.482056470204009,4.962224891391684,1.3045008197639092,24.599338991805258,14.094875764472448,21.446249854703606,8,30.759406202155574,39.06423777200018,35.756869437030616,57.24234854701205
3930163,4592dd31-1dba-49b6-9dbe-2dee7e84904f,27,Carry,44,49.4375,44.879999999999995,8,34.58354750481031,50.4464909251763,15.862943420365987,45.85718424352667,40.772898284849695,36.93479159093957,34.841591628416495,4.482056470204009,4.962224891391684,1.3045008197639092,24.599338991805258,14.094875764472448,21.446249854703606,8,30.759406202155574,39.06423777200018,35.756869437030616,57.24234854701205
3930163,05be0047-b165-4769-976e-a337c1429b27,27,Pass,44,49.0875,44.370000000000005,8,34.23354616966627,50.096489590032256,15.862943420365987,45.34718554052374,40.26289958184677,36.93479159093957,34.8415916284165,4.482056470204009,4.962224891391684,1.3045008197639092,24.59933899180525,14.094875764472448,21.096248519559563,8,30.40940486701153,38.71423643685614,35.24687073402768,57.24234854701206
3930163,3a6c765d-42ed-4c40-9793-7b1988bb0b6a,31,Pass,23,35.175000000000004,17.085,10,45.60012552332794,57.54992113100384,11.949795607675902,24.15057232405911,30.50376200728281,27.608437605046426,39.728181164849566,4.4775227977762615,4.120653442203777,3.0436811273185,15.38624245486896,7.3003074913505195,28.206437714284576,9,33.52077557061528,44.560533121349785,24.04060318187105,51.37472092911095
3930163,5d614481-5c30-4272-a47a-34f8d0f06f9d,31,Ball Receipt*,24,41.5625,16.235,8,43.56146551946064,56.117933129745275,12.556467610284635,24.9009134051383,16.446431807945576,28.98582419154873,19.12628150654266,4.041447231022538,4.5722085045412655,3.477639959162829,15.862032793253178,6.509226310400429,26.25547862873162,9,32.22526003289146,42.8653721085743,23.447132851600802,49.92203209624269
3930163,1dde23eb-8b7e-493c-b868-57d657f1c9a7,31,Carry,24,41.5625,16.235,8,43.56146551946064,56.117933129745275,12.556467610284635,24.9009134051383,16.446431807945576,28.98582419154873,19.12628150654266,4.041447231022538,4.5722085045412655,3.477639959162829,15.862032793253178,6.509226310400429,26.25547862873162,9,32.22526003289146,42.8653721085743,23.447132851600802,49.92203209624269
3930163,d01dd44c-743d-4ce1-9b6d-44a9d8d87656,31,Pass,24,41.5625,16.66,8,43.56146551946064,56.117933129745275,12.556467610284635,25.3259134051383,16.87143180794558,28.985824191548723,19.12628150654266,4.041447231022538,4.5722085045412655,3.477639959162829,15.862032793253174,6.509226310400429,26.25547862873162,9,32.22526003289146,42.8653721085743,23.8721328516008,49.922032096242695
3930163,31b79325-d225-48e3-aec0-c94459b4dfa8,31,Ball Receipt*,28,28.525000000000002,34.339999999999996,8,43.75923080598124,57.47415292623509,13.714922120253853,28.451378856252838,20.76280273526245,29.843757238264566,19.728011530649635,4.255757556945816,3.0947960581882206,3.88307321511698,12.484618918484113,6.612348879310563,28.524998664855957,8,34.07794751155035,42.66714690915649,25.46189492058384,55.18059689183415
3930163,8356a868-5c75-4c28-834e-1d4b913b9e34,31,Carry,28,28.525000000000002,34.339999999999996,8,43.75923080598124,57.47415292623509,13.714922120253853,28.451378856252838,20.76280273526245,29.843757238264566,19.728011530649635,4.255757556945816,3.0947960581882206,3.88307321511698,12.484618918484113,6.612348879310563,28.524998664855957,8,34.07794751155035,42.66714690915649,25.46189492058384,55.18059689183415
3930163,11bc5ead-7497-4562-a6a0-e00473ad55a2,32,Ball Receipt*,47,49.0875,56.1,8,39.38409638942048,54.80293539306917,15.418839003648692,49.14403041074775,40.899271930299534,35.69833432802122,36.106179824774614,5.799876235341636,1.768859540663008,3.1532875344924136,18.510397895264983,16.120795038882434,26.90469107864761,7,36.27747704515906,43.68865489709204,37.987987629793466,58.603566157263494
3930163,b67eefb1-f627-4a36-85fb-82159bc0ddc8,32,Carry,47,49.0875,56.1,8,39.38409638942048,54.80293539306917,15.418839003648692,49.14403041074775,40.899271930299534,35.69833432802122,36.106179824774614,5.799876235341636,1.768859540663008,3.1532875344924136,18.510397895264983,16.120795038882434,26.90469107864761,7,36.27747704515906,43.68865489709204,37.987987629793466,58.603566157263494
3930163,f7727a9c-dda3-453e-bfc1-cfe77a599676,32,Pass,48,49.0875,56.1,10,42.33467108997253,59.46273267429232,17.128061584319788,49.63580848851681,42.215833704046965,34.462812141755045,33.959948304656585,7.069757343661645,3.122436595055576,2.020211598711178,18.147696266647294,7.580656914096849,29.55120985535728,8,38.699989002969495,48.18817285468573,40.638853468344266,57.3059836197603
3930163,309008a4-0ad1-4c92-8f16-a1dda85823bd,35,Ball Receipt*,5,26.075,49.98,9,32.688151681236825,47.83134286798611,15.143191186749284,41.230211892385,39.42641621112905,33.31742045941764,11.008917021212284,4.57864387015436,6.019327698594045,5.608910931223441,10.904178770248244,1.4060971081734621,21.330822599355617,9,26.519982039101617,34.00975482124859,48.96123473680271,26.61713366770482
3930163,1595b6be-f573-4059-9999-e5e27f894c93,35,Carry,5,26.075,49.98,9,32.688151681236825,47.83134286798611,15.143191186749284,41.230211892385,39.42641621112905,33.31742045941764,11.008917021212284,4.57864387015436,6.019327698594045,5.608910931223441,10.904178770248244,1.4060971081734621,21.330822599355617,9,26.519982039101617,34.00975482124859,48.96123473680271,26.61713366770482
3930163,7975770d-79b7-44da-9f8d-12be619c1561,35,Ball Receipt*,11,26.8625,39.525,8,26.070978008169856,41.30220126219671,15.231223254026855,41.49349188446659,35.38207686397484,35.97606787366105,13.397771368995897,5.448594645917143,4.4409537786902895,1.1427290051276913,14.973081423369749,5.878703784272481,16.560177577151883,8,21.629548059711905,28.081133250777704,42.171873960614825,29.462964134107494
3930163,1baea06a-c76a-44ae-8682-7e0c1837e0b2,35,Carry,11,26.8625,39.525,8,26.070978008169856,41.30220126219671,15.231223254026855,41.49349188446659,35.38207686397484,35.97606787366105,13.397771368995897,5.448594645917143,4.4409537786902895,1.1427290051276913,14.973081423369749,5.878703784272481,16.560177577151883,8,21.629548059711905,28.081133250777704,42.171873960614825,29.462964134107494
3930163,67e9c09a-39f8-422e-b754-731979f1475f,35,Pass,11,26.8625,39.525,8,26.070978008169856,41.30220126219671,15.231223254026855,41.49349188446659,35.38207686397484,35.97606787366105,13.397771368995897,5.448594645917143,4.4409537786902895,1.1427290051276913,14.973081423369749,5.878703784272481,16.560177577151883,8,21.629548059711905,28.081133250777704,42.171873960614825,29.462964134107494
3930163,0c357ffd-a1d7-458a-b4dc-05eb8a68cbaa,35,Ball Receipt*,12,22.575,49.64,8,27.119736697901224,41.169661466939694,14.04992476903847,40.37074977848086,33.34183987225649,32.6708990191222,15.533446049654636,4.305775143666667,4.082450287042039,3.9852217872472124,11.875928481628542,5.835645911839684,16.084682164363247,8,22.104725605118063,28.97946722582992,40.31499495236743,32.19820339687618
3930163,a0bee0d7-912d-410f-92f0-bc1e30ce41b7,35,Carry,12,22.575,49.64,8,27.119736697901224,41.169661466939694,14.04992476903847,40.37074977848086,33.34183987225649,32.6708990191222,15.533446049654636,4.305775143666667,4.082450287042039,3.9852217872472124,11.875928481628542,5.835645911839684,16.084682164363247,8,22.104725605118063,28.97946722582992,40.31499495236743,32.19820339687618
3930163,f664d72b-c807-4497-b394-720b84f22e10,35,Pass,12,22.575,49.98,8,27.119736697901224,41.169661466939694,14.04992476903847,40.71074783298524,33.6818379267609,32.6708990191222,15.53344604965464,4.305775143666667,4.082450287042039,3.9852217872472124,11.875928481628549,5.835645911839681,16.084682164363247,8,22.104725605118063,28.97946722582992,40.65499300687182,32.198203396876174
3930163,7b913a19-6431-4978-8640-b77f899e66c3,35,Ball Receipt*,13,30.625,49.214999999999996,8,27.926757811972124,41.85093720076109,13.924179388788964,42.35603089404535,35.08885358524193,31.353548385400735,16.951428592962024,4.024341775938743,4.257680553187422,4.517862793588819,9.29115931515858,5.735365498006097,15.993660578902688,8,22.35700504534784,29.652337554156865,41.75016312706753,33.24206907436829
3930163,93932f6d-3b1d-4299-8b7d-36443b7a6f82,35,Carry,13,30.625,49.214999999999996,8,27.926757811972124,41.85093720076109,13.924179388788964,42.35603089404535,35.08885358524193,31.353548385400735,16.951428592962024,4.024341775938743,4.257680553187422,4.517862793588819,9.29115931515858,5.735365498006097,15.993660578902688,8,22.35700504534784,29.652337554156865,41.75016312706753,33.24206907436829
3930163,41529f30-e9a4-4d60-a176-8689f57d1505,35,Pass,15,37.1875,48.364999999999995,9,35.9872590189706,51.202025117983325,15.214766099012728,41.64896337166685,41.19473927020493,29.601892113261698,28.054046714066605,4.342589936209724,6.22313244817574,2.7759932734281776,13.527814921524381,6.8021043689481,27.380095837627277,8,31.256649906227626,39.895112942004914,43.43911365733274,33.75776214620018
3930163,046b2e1a-20de-4675-bedb-92020daa4962,36,Pass,38,46.2875,48.025,10,37.49768549644385,54.643170575680045,17.145485079236195,36.19975263635302,32.86062536108058,33.27585549171911,35.978186052885896,7.63141760936551,3.4933977476486433,3.8739600313235556,14.575432202077657,5.0170665536276395,22.335063323896513,9,29.62972419944228,42.38995083044053,30.684419279400718,54.88092597142931
3930163,66ba0929-935e-4e37-aa99-4d6c7d2e845b,36,Pass,7,27.5625,55.675,8,29.73917403800349,46.16461847352489,16.4254444355214,37.535360330615546,36.05005182989682,38.128419243524405,20.327125876793254,11.210943494841853,0.4259226135714734,5.169389695220438,14.906544671886564,5.46987763811785,14.343588320361823,8,18.350809503988412,23.11996467485602,38.51414350449484,46.540297197682214
3930163,819f76fc-7e5f-467a-86d4-9f06bf504a7b,36,Ball Receipt*,7,26.425,47.6,8,29.42272272064538,45.20994825305852,15.787225532413142,33.819116235064214,40.58706887728692,24.81822591053669,32.870195130870584,10.862018567679675,0.5104339090208198,2.942764862521706,13.185650669113723,11.679709986618256,13.49135015502063,8,18.33211354849729,23.109472066708346,37.517847406404634,49.74812705277706
3930163,78c44b37-45a0-436b-b752-a2a5818bbbce,36,Carry,7,26.425,47.6,8,29.42272272064538,45.20994825305852,15.787225532413142,33.819116235064214,40.58706887728692,24.81822591053669,32.870195130870584,10.862018567679675,0.5104339090208198,2.942764862521706,13.185650669113723,11.679709986618256,13.49135015502063,8,18.33211354849729,23.109472066708346,37.517847406404634,49.74812705277706
3930163,35ab1135-7545-46b3-a649-fd9f443f2c42,36,Pass,9,28.962500000000002,46.665,8,31.560153702224444,47.56779925982122,16.007645557596778,36.548138469733345,42.33985057506653,25.4336173708929,34.322537551662656,9.302193120461984,0.9032236392549121,1.4199356950715227,14.701688270871092,12.243979964279035,14.93605280941252,9,20.829868929722178,29.10573283337039,37.86925895049884,53.51888416125627
3930163,ae0b81ea-4cf8-4b13-acae-edbedccbba9b,36,Ball Receipt*,10,32.025,24.310000000000002,10,34.10524860969658,51.35615187970193,17.250903270005352,32.75803595804787,34.36061848783995,24.507273782723388,35.760387801493536,7.5540563460671235,2.750053487433464,2.2884801491153155,11.372857775498193,10.184729556937757,23.50872885199163,8,30.278419673947113,37.85551595194981,35.56482455190361,54.462920759633846
3930163,5eaaac07-044f-45b7-a13c-aff0c088f78b,36,Carry,10,32.025,24.310000000000002,10,34.10524860969658,51.35615187970193,17.250903270005352,32.75803595804787,34.36061848783995,24.507273782723388,35.760387801493536,7.5540563460671235,2.750053487433464,2.2884801491153155,11.372857775498193,10.184729556937757,23.50872885199163,8,30.278419673947113,37.85551595194981,35.56482455190361,54.462920759633846
3930163,0a4e38f3-9cd2-45b9-9db9-2ff54fd85880,36,Pass,11,31.675000000000004,23.885,10,34.193070424621155,50.63623475794209,16.443164333320937,34.43006051446215,34.40795930511148,22.985578469916724,38.450633463822605,6.208676996831303,2.687338344244716,1.932749556832718,11.140022039368702,10.066669906028576,23.214033503286345,6,30.175504330665504,34.41791403925324,28.790314909236656,45.31387529787951
3930163,240a21c4-b20c-4a36-b54a-e5d65c9496bf,36,Ball Receipt*,13,40.1625,4.25,10,38.89585813607397,51.075264728779295,12.179406592705327,24.933913279928383,32.45793934711917,34.41251695462279,22.84819262849555,4.679104597956866,4.127255939821708,0.727586120824796,16.9635003626769,3.569792696546962,24.92636608029879,6,33.94234028326734,37.190363988111066,24.102763832504056,45.11132808036215
3930163,9cbb12ff-2649-4c92-ac13-fcc50505dea5,36,Carry,13,40.1625,4.25,10,38.89585813607397,51.075264728779295,12.179406592705327,24.933913279928383,32.45793934711917,34.41251695462279,22.84819262849555,4.679104597956866,4.127255939821708,0.727586120824796,16.9635003626769,3.569792696546962,24.92636608029879,6,33.94234028326734,37.190363988111066,24.102763832504056,45.11132808036215
3930163,0b5666d4-251d-45a6-8369-b024ccdf44f6,36,Ball Receipt*,15,24.587500000000002,13.26,9,40.790736287384185,50.73917161611031,9.948435328726127,22.83184870431736,28.94183540338191,34.69068447733779,25.599474040096034,3.5973566975437534,3.1936473665333516,3.8196229084794613,15.631527563309437,2.2710764134708583,24.58750033378601,7,33.08652421761637,37.8550767895531,24.54651878635499,43.430527085101296
3930163,2ae5dedf-aaa9-4345-8b94-45b4aac3f610,36,Carry,15,24.587500000000002,13.26,9,40.790736287384185,50.73917161611031,9.948435328726127,22.83184870431736,28.94183540338191,34.69068447733779,25.599474040096034,3.5973566975437534,3.1936473665333516,3.8196229084794613,15.631527563309437,2.2710764134708583,24.58750033378601,7,33.08652421761637,37.8550767895531,24.54651878635499,43.430527085101296
3930163,ba33e539-3c8a-4944-a8ea-a2315a7f5045,36,Pass,16,24.587500000000002,13.26,8,40.869398590612384,49.48239005182236,8.612991461209972,22.46256390662355,25.609740396443524,36.47559838483493,24.428422998095154,3.772062291765778,0.6424917239608612,2.2669512221811257,14.751656581242806,9.753279545197291,19.977050358562572,8,27.768947579021873,35.95408484132909,24.536492144937384,43.721766336577986
3930163,0c12c9f1-c2f9-4662-af2f-2c02f54378d4,36,Ball Receipt*,18,18.375,25.755,8,39.1470095765344,48.251544552377794,9.104534975843393,22.204607309837748,25.035722164313583,37.08659907147832,24.542668485900194,4.12549910339387,1.128302286077079,2.960859767098473,12.918292169638509,9.968080955422373,18.375,8,25.119267608143033,34.55697593109261,22.817421337906516,45.67051023723664
3930163,c500af59-4de0-48ec-9351-53054a4ec5b0,36,Carry,18,18.375,25.755,8,39.1470095765344,48.251544552377794,9.104534975843393,22.204607309837748,25.035722164313583,37.08659907147832,24.542668485900194,4.12549910339387,1.128302286077079,2.960859767098473,12.918292169638509,9.968080955422373,18.375,8,25.119267608143033,34.55697593109261,22.817421337906516,45.67051023723664
3930163,ddc29e15-3dfd-4a63-a691-27fd8fe17ebf,36,Pass,19,20.3,26.52,8,39.69841764082001,49.6589224617573,9.960504820937288,30.77908871532866,18.359012951526733,27.867564813461414,21.463988514141494,4.5364770142343165,1.4892835876108792,3.828623449599675,9.410777087012637,5.163313383317808,20.30000066757202,8,25.980628991045037,35.8241552117478,25.4879857479685,45.88139416750522
3930163,d8146861-6b24-4e79-9027-2737a18ed53a,36,Ball Receipt*,28,38.324999999999996,63.07,8,38.00247844685661,51.69062856046336,13.688150113606753,38.12023038566859,30.2777472512833,40.364942981027426,34.57968204936422,4.995162000730871,4.936673420492411,1.2520408581127285,13.822167970570504,12.880645568875613,21.387146969171383,9,28.013004095492885,37.897343828054005,34.47536086958039,62.978270534731685
3930163,acd771ed-0819-485a-9668-b2b36c8137a2,36,Pass,28,38.0625,62.9,8,37.73997911442863,51.42812922803538,13.688150113606753,37.95023297966274,30.10774984527744,40.36494298102743,34.579682049364216,4.995162000730871,4.936673420492411,1.2520408581127285,13.822167970570511,12.880645568875613,21.124647636743404,9,27.750504763064907,37.63484449562603,34.30536346357454,62.978270534731685
3930163,cd73db88-da73-452e-8c74-e9de2249f2ed,37,Ball Receipt*,30,30.974999999999998,55.25,8,40.61070950851645,53.31355147793091,12.702841969414457,37.9457103138914,26.907019654715754,42.279400616680576,27.432989308372324,4.475627763593239,4.4616546137091015,4.878795992238636,13.558486917830422,12.08070185118278,20.942683383211897,10,28.908071341615326,40.89829878778971,35.17940384023012,65.0211103561933
3930163,ce65a714-9ab2-40cf-881c-ff15e1deb883,37,Carry,30,30.974999999999998,55.25,8,40.61070950851645,53.31355147793091,12.702841969414457,37.9457103138914,26.907019654715754,42.279400616680576,27.432989308372324,4.475627763593239,4.4616546137091015,4.878795992238636,13.558486917830422,12.08070185118278,20.942683383211897,10,28.908071341615326,40.89829878778971,35.17940384023012,65.0211103561933
3930163,5c8c9d07-c8b4-4ac8-b9d3-28dbfeef09f6,37,Pass,30,31.0625,55.25,8,40.783237972130564,53.62475767089978,12.841519698769218,38.599352638605424,27.852858010015623,42.40047249340441,27.308781586719213,4.111506830282066,4.043955464049359,4.467354797901216,13.978911815952065,11.782560300118657,20.76479710450977,10,28.6289012666544,40.83413337591291,36.0720196674617,64.34435591697014
3930163,24ed23f7-b055-447a-8cb6-f188a707b2e9,37,Ball Receipt*,31,33.3375,45.815,8,39.43780983817872,52.973812412228845,13.536002574050123,36.130886638159936,25.751254595976064,40.8410637621754,26.50003229663114,3.4922801911937493,3.5023959370052333,3.956519847455027,13.743827593365829,11.282044784211976,18.870026831272117,10,26.686604591501805,39.55624247218475,33.63411613870316,65.16759363675135
3930163,1f8c0eac-7321-48da-a526-37175b42951d,37,Carry,31,33.3375,45.815,8,39.43780983817872,52.973812412228845,13.536002574050123,36.130886638159936,25.751254595976064,40.8410637621754,26.50003229663114,3.4922801911937493,3.5023959370052333,3.956519847455027,13.743827593365829,11.282044784211976,18.870026831272117,10,26.686604591501805,39.55624247218475,33.63411613870316,65.16759363675135
3930163,5218300c-4781-4b7b-adb0-6b449014166d,37,Ball Receipt*,37,23.8,22.865,9,41.87198183626343,55.63554980331189,13.76356796704846,35.31064671400127,27.833548122281673,38.22462280697596,25.370943318490994,4.346009493725402,2.6112547991777237,6.281512623750729,12.48302993043091,3.4960887820494406,21.23543305262488,9,27.518443716970857,39.89781209834358,33.75260650309761,62.96329439684933
3930163,d986d383-25c7-4ae6-b931-6a6eadd51d5d,37,Carry,37,23.8,22.865,9,41.87198183626343,55.63554980331189,13.76356796704846,35.31064671400127,27.833548122281673,38.22462280697596,25.370943318490994,4.346009493725402,2.6112547991777237,6.281512623750729,12.48302993043091,3.4960887820494406,21.23543305262488,9,27.518443716970857,39.89781209834358,33.75260650309761,62.96329439684933
3930163,91ce4452-4665-44a9-a049-30e0469225e7,37,Pass,38,27.474999999999998,20.485,10,43.59196298740561,56.09172065445986,12.499757667054254,33.7248670699054,29.976544872289068,37.02559293482305,39.50329225418028,3.5523795216832132,2.3810668920856206,5.165723952609412,12.436953296559537,9.537041342267386,23.47883313179682,10,29.791714672180852,43.081895766477075,33.29036192804678,59.8012900060101
3930163,f6a54393-1096-4fbd-9a8b-d3a84576a011,37,Ball Receipt*,40,39.112500000000004,3.655,10,46.35005378887276,57.498340506554044,11.14828671768128,29.85360854807824,21.910357957774885,38.18747416499122,20.7280656151477,3.2240128914257578,2.222117896593467,4.67631531648459,13.579023371489395,1.236657884155818,31.82154988377108,7,41.32149542287428,47.50005828228284,23.107332950087358,54.8791294686883
3930163,e9e7de82-dda3-412e-9721-f6d76ac35089,37,Carry,40,39.112500000000004,3.655,10,46.35005378887276,57.498340506554044,11.14828671768128,29.85360854807824,21.910357957774885,38.18747416499122,20.7280656151477,3.2240128914257578,2.222117896593467,4.67631531648459,13.579023371489395,1.236657884155818,31.82154988377108,7,41.32149542287428,47.50005828228284,23.107332950087358,54.8791294686883
3930163,49d750a0-668e-48e7-8bb8-86ea32536d0e,37,Ball Receipt*,5,25.2,9.01,9,23.300133509962176,33.95981016091058,10.659676650948402,26.117217494854106,24.97736344618177,31.46308559764975,34.28288482557058,4.616012605082563,2.518943927368283,2.623935081506147,13.89759079503613,2.0584543368623685,3.3870737023587747,10,9.342992913738208,19.21358702732984,30.88478513777067,40.679108227963056
3930163,21bbdbb3-e1f5-4ce9-abbf-b33112c90542,37,Carry,5,25.2,9.01,9,23.300133509962176,33.95981016091058,10.659676650948402,26.117217494854106,24.97736344618177,31.46308559764975,34.28288482557058,4.616012605082563,2.518943927368283,2.623935081506147,13.89759079503613,2.0584543368623685,3.3870737023587747,10,9.342992913738208,19.21358702732984,30.88478513777067,40.679108227963056
3930163,a478dff5-cb5e-4c84-9dbf-cb421ebb1767,37,Pass,5,24.849999999999998,8.415000000000001,9,22.950133843748187,33.60981049469659,10.659676650948402,25.522216846355573,24.38236279768324,31.46308559764975,34.282884825570584,4.616012605082563,2.518943927368283,2.623935081506147,13.897590795036134,2.0584543368623685,3.0370740361447854,10,8.992993247524218,18.86358736111585,30.28978448927213,40.679108227963056
3930163,dca1c9b8-ae41-40cf-bfcc-39004a5ddbcd,37,Ball Receipt*,6,18.6375,20.4,8,25.183559482012036,36.70997733462355,11.526417852611516,21.787752754279726,15.088815923548994,35.1196259421651,8.434243922884589,5.215954607283706,2.728701732401283,2.828398871955198,13.326245716547138,3.9921428218903205,4.25689919421254,10,9.91002876660541,20.55245087201651,28.602374958535346,42.34690503767317
3930163,5594e25d-5023-48f8-93c1-891ca1c76d91,37,Carry,6,18.6375,20.4,8,25.183559482012036,36.70997733462355,11.526417852611516,21.787752754279726,15.088815923548994,35.1196259421651,8.434243922884589,5.215954607283706,2.728701732401283,2.828398871955198,13.326245716547138,3.9921428218903205,4.25689919421254,10,9.91002876660541,20.55245087201651,28.602374958535346,42.34690503767317
3930163,583fba70-f663-46d0-80ef-d6240379bf13,39,Dribble,49,67.8125,28.304999999999996,9,28.59550203407026,38.811513430394726,10.216011396324465,36.45521217714583,37.44925916301172,31.031553609511132,19.193455496053616,2.877804466934966,3.624569882815746,3.946733100079836,12.311855874094562,0.2527356808754959,27.13005359953265,7,30.169193736401397,36.22011523665327,37.91984678510062,43.77053975564515
3930163,65b5f954-3b61-459b-b63a-58b47d2ebaaf,44,Pass,38,18.375,34.935,8,38.81613688872349,55.620539415953544,16.804402527230053,30.276978421644845,26.682504549268344,29.873128236984982,27.531923841648194,9.456132568843932,3.121238861863327,2.749002048656866,11.332641149002647,12.022156514776805,18.375,10,27.69670946346939,41.34898679602528,28.315297063744232,58.7966176135423
3930163,dc0c1448-aaa7-49eb-bec3-30b9db3a1218,44,Ball Receipt*,6,36.75,64.09,9,19.74490227707476,43.7738508560394,24.02894857896464,47.51985945578197,43.901517333478424,42.879809512684076,38.849948462695224,7.603283514782373,4.09641004417985,2.2930958177819107,25.726023341856394,11.322741173865147,13.324877630513258,9,16.957563076562984,29.101770034493413,45.30584965159194,41.96778538450118
3930163,b27cef46-de73-486d-ac1e-5fcafd32661c,44,Carry,6,36.75,64.09,9,19.74490227707476,43.7738508560394,24.02894857896464,47.51985945578197,43.901517333478424,42.879809512684076,38.849948462695224,7.603283514782373,4.09641004417985,2.2930958177819107,25.726023341856394,11.322741173865147,13.324877630513258,9,16.957563076562984,29.101770034493413,45.30584965159194,41.96778538450118
3930163,d8bcb90a-dc29-41a4-99e5-1e42d84883ff,44,Ball Receipt*,12,17.587500000000002,65.45,9,26.541523839111193,46.43427966528201,19.89275582617082,49.83953373499501,46.663637063917896,41.592957808055026,30.865967417469832,5.805468964911601,6.025776488350804,0.024195479706797585,24.172761180749056,5.563797331497803,17.58750033378601,8,23.46508001408513,33.85504862981663,48.736546405992215,39.23935686502413
3930163,db0ff1ef-9242-46c6-9313-a08201e2a5f7,44,Carry,12,17.587500000000002,65.45,9,26.541523839111193,46.43427966528201,19.89275582617082,49.83953373499501,46.663637063917896,41.592957808055026,30.865967417469832,5.805468964911601,6.025776488350804,0.024195479706797585,24.172761180749056,5.563797331497803,17.58750033378601,8,23.46508001408513,33.85504862981663,48.736546405992215,39.23935686502413
3930163,aabcfdbb-0585-4ac5-8210-b99655378fe1,44,Pass,12,17.7625,65.28,9,25.708013180111447,46.65974205518055,20.951728875069104,50.17064683711069,46.9717483117923,40.59737671482131,31.430518635725996,5.836452457133072,5.469911989159299,1.6327050319544583,23.176257165039416,6.707515466438501,10.634024629591352,9,18.56001426507587,31.220768451795216,49.32657628513414,39.27971292908682
3930163,68b516af-f799-49f2-9e50-e74b3c5b8231,44,Pass,30,42.35,38.845,8,44.41359129745563,57.56924361249461,13.155652315038978,42.29729871044844,36.539355132685934,33.8964777455018,26.856120320387785,6.69385334930506,3.2418087843333465,0.9664731700273563,16.04333392911772,11.79111428694539,24.442619927587632,8,39.201751789296864,46.79308495046597,33.38513219461719,48.7619645613426
3930163,fb6d325a-1830-455c-a7bc-d8f56aff4ec2,45,Ball Receipt*,16,57.39999999999999,47.089999999999996,9,40.47235013703657,57.94545735114028,17.473107214103706,44.18550942247092,39.950249497757866,32.87562535796506,21.355111313473262,7.122186569074547,3.2293488388434004,3.254728155283118,14.170668148021608,0.42763393043149023,28.062406363665296,10,32.705898452022865,41.326601378066876,42.23096128679704,46.93195244331373
3930163,a6a25bbc-ead9-4a43-a698-e9c9c0cf69a2,45,Carry,16,57.39999999999999,47.089999999999996,9,40.47235013703657,57.94545735114028,17.473107214103706,44.18550942247092,39.950249497757866,32.87562535796506,21.355111313473262,7.122186569074547,3.2293488388434004,3.254728155283118,14.170668148021608,0.42763393043149023,28.062406363665296,10,32.705898452022865,41.326601378066876,42.23096128679704,46.93195244331373
3930163,b6d2ad59-442d-4dec-bf46-0c2b54dd3dae,46,Pass,64,29.662499999999998,18.955000000000002,9,45.385956447554925,60.17427094335576,14.788314495800833,27.608840131496287,40.68373852967182,33.298712265344555,28.470795906879033,7.756820701872346,2.6107554157712536,0.165866147134885,13.39240723464414,5.3560165379976254,16.374506005115002,10,29.56504811748424,45.30550175330443,36.18537790052149,59.18561870269945
3930163,adda3632-fad4-471f-8a14-83c3ce427378,46,Ball Receipt*,67,21.0,42.33,8,42.28158652932992,56.63383426393992,14.352247734609996,29.676932245499255,47.91139614607334,28.603967573325974,14.955087180611415,8.543769801027462,2.616302319305979,1.7845803750978924,10.597646188136407,6.5284110021078945,21.0,9,29.91424931843,41.9477241037744,38.79913809728683,56.569731857089664
3930163,3cd3c272-dc22-4c25-b408-22d16b74756d,46,Carry,67,21.0,42.33,8,42.28158652932992,56.63383426393992,14.352247734609996,29.676932245499255,47.91139614607334,28.603967573325974,14.955087180611415,8.543769801027462,2.616302319305979,1.7845803750978924,10.597646188136407,6.5284110021078945,21.0,9,29.91424931843,41.9477241037744,38.79913809728683,56.569731857089664
3930163,60e3d5d7-0e7c-47ce-85fe-465b4807e2b1,46,Ball Receipt*,69,37.012499999999996,62.475,10,43.50802696928118,58.40228336066687,14.894256391385689,37.648920017493126,41.33903544829409,36.61792506792953,41.253583738522664,7.652016466727553,2.2689086435659647,3.582622081678636,13.89453302417072,5.788535706874136,36.15147139153916,8,40.86842012115049,48.69912504356013,43.7715708552995,54.2931433261229
3930163,3e646fc0-25c4-4e26-b566-2ebdd01d72a9,46,Carry,69,37.012499999999996,62.475,10,43.50802696928118,58.40228336066687,14.894256391385689,37.648920017493126,41.33903544829409,36.61792506792953,41.253583738522664,7.652016466727553,2.2689086435659647,3.582622081678636,13.89453302417072,5.788535706874136,36.15147139153916,8,40.86842012115049,48.69912504356013,43.7715708552995,54.2931433261229
3930163,7a99eb64-b6c5-422f-9896-df3c7a1bd6d4,46,Pass,6,29.75,8.245,8,28.504237050394796,39.245731869077936,10.74149481868314,20.073781281258068,11.823761184848594,33.807484454860436,11.597098321334792,4.327699400688459,3.57212542158108,1.7533185346156275,17.72137181672395,2.2648582768350956,15.650142241922653,9,19.966284551692866,29.488456467277235,21.043008700751233,37.10440693169589
3930163,d05142a0-0f1a-461c-9cc2-3e9240d0ad28,46,Ball Receipt*,11,50.050000000000004,53.125,10,32.81977254843618,47.4497659622547,14.629993413818525,22.589640802419755,39.15579629228767,24.809202486652797,34.94851514639662,5.727480627249963,5.227874946196665,2.2945831144523012,8.862415005177855,0.4115178706623084,20.811104431486662,9,24.416883569421433,35.43666908931096,28.62645899554715,41.163653124395
3930163,d15dd17c-e21c-41bb-bf99-4a56481604ad,46,Carry,11,50.050000000000004,53.125,10,32.81977254843618,47.4497659622547,14.629993413818525,22.589640802419755,39.15579629228767,24.809202486652797,34.94851514639662,5.727480627249963,5.227874946196665,2.2945831144523012,8.862415005177855,0.4115178706623084,20.811104431486662,9,24.416883569421433,35.43666908931096,28.62645899554715,41.163653124395
3930163,b8b81bf8-7d0c-44b8-ab22-8bc6caa6652a,46,Pass,11,50.050000000000004,53.125,10,32.99594212859904,47.53610134656296,14.540159217963918,22.851885465432783,38.900000040563256,24.923049314672028,35.04683229114092,5.681994924025166,5.101127825054247,2.2326375550560726,8.553723090516183,0.17883064354033706,21.123581345548292,9,24.608764278835427,35.68617370416962,28.663813656396794,40.63104733119118
3930163,92bc36d8-3133-4ef3-a19f-e953b4f0e7df,46,Ball Receipt*,12,50.574999999999996,40.375,10,35.26770334875202,53.05236021503797,17.78465686628595,21.408254271492773,39.55345224334152,27.331166730981145,33.03054827552285,6.536655558090132,3.767508680239766,2.4806928635187404,10.467483497327411,0.6406284650294936,24.491619870816734,8,29.349483348389164,40.848472969484476,28.172665571982513,43.49394436439171
3930163,b1d44827-142d-4a12-aa35-6eddb5238bb4,46,Carry,12,50.574999999999996,40.375,10,35.26770334875202,53.05236021503797,17.78465686628595,21.408254271492773,39.55345224334152,27.331166730981145,33.03054827552285,6.536655558090132,3.767508680239766,2.4806928635187404,10.467483497327411,0.6406284650294936,24.491619870816734,8,29.349483348389164,40.848472969484476,28.172665571982513,43.49394436439171
3930163,a69f89d1-a625-4fce-af5d-76045b91c948,47,Ball Receipt*,6,35.7875,62.645,8,34.73408788978173,46.07517754410846,11.34108965432673,44.18567942246589,35.59037220361331,29.366558734387425,25.043611213132756,4.543428549690449,4.358799903686329,3.3261701070694656,12.77253640708053,12.328454223888677,27.298548821716174,6,32.22935386936825,34.578032233749916,45.18336712786229,29.12600316165937
3930163,3c1a43af-6e85-46dc-acb7-bbf3f315f9ea,47,Carry,6,35.7875,62.645,8,34.73408788978173,46.07517754410846,11.34108965432673,44.18567942246589,35.59037220361331,29.366558734387425,25.043611213132756,4.543428549690449,4.358799903686329,3.3261701070694656,12.77253640708053,12.328454223888677,27.298548821716174,6,32.22935386936825,34.578032233749916,45.18336712786229,29.12600316165937
3930163,85c0d22a-7e46-4dfb-8bba-5045f70b465a,47,Pass,19,42.7875,34.51,8,44.0896762161381,60.38332655643378,16.293650340295677,32.37952388228669,35.87270489536066,13.725383376624368,24.804399488343424,7.213289942253584,2.24665019299602,0.6871130627826076,7.503794769440386,8.624460487183544,31.914837453574354,9,35.424381739728716,43.15503621932985,35.71636772317217,54.97143496543249
3930163,a8874b95-d9de-438d-a60c-633f7b7f80e9,47,Ball Receipt*,20,40.425000000000004,27.54,9,42.664289298106056,59.407651823204645,16.74336252509859,27.973858591655677,35.30200337542503,20.210909703982455,26.084721413705463,6.157875238413557,3.4541231410252786,0.26536638223415565,8.18479371788245,1.4444821382544362,32.89292365434061,9,37.0526622019719,44.81412101840248,35.00469316943283,55.30246375569227
3930163,2c2d2751-7d76-4329-a761-c568c2d29564,47,Carry,20,40.425000000000004,27.54,9,42.664289298106056,59.407651823204645,16.74336252509859,27.973858591655677,35.30200337542503,20.210909703982455,26.084721413705463,6.157875238413557,3.4541231410252786,0.26536638223415565,8.18479371788245,1.4444821382544362,32.89292365434061,9,37.0526622019719,44.81412101840248,35.00469316943283,55.30246375569227
3930163,9d463713-9e60-465f-b20b-8fae14e6db63,47,Pass,21,43.050000000000004,25.669999999999998,9,44.8957972785413,61.292614122222595,16.396816843681293,26.848227073496634,35.094968811834754,17.644910120653098,27.06356872362028,5.812920686287563,3.4238674820166786,1.1469721431499025,8.634002118337147,0.4756739188786341,34.08942672559787,10,37.404198488742836,46.208573272154844,32.172096135238625,56.007600302752074
3930163,1f2938aa-0893-4573-b835-157517d26e29,47,Ball Receipt*,6,35.35,62.559999999999995,8,26.055073707775524,36.52747420611944,10.47240049834392,39.107171700256984,56.03481896515395,39.51558923920578,11.202864150230937,4.560020576537063,1.2893299470078607,5.878048721226655,13.463204217856944,4.959235053961912,4.745675901732217,11,13.190308016220296,25.623148221058308,43.66077866039416,36.82557855530139
3930163,d0af88dd-293f-44f7-9ae5-48ffcfa3bceb,47,Pass,6,35.0875,62.13499999999999,8,25.792571037487438,36.26497153583136,10.47240049834392,38.68217170025698,55.60981896515395,39.51558923920578,11.202864150230944,4.560020576537063,1.2893299470078607,5.878048721226648,13.463204217856944,4.959235053961912,4.483173231444131,11,12.92780534593221,25.360645550770222,43.23577866039415,36.82557855530139
3930163,556b111b-c90b-4524-bce0-78d147ba58a5,47,Ball Receipt*,7,44.800000000000004,54.824999999999996,9,27.667157148908313,40.393210686057095,12.726053537148783,42.8562206952549,59.20819007402464,39.15841740870446,11.006584769686768,4.795227724211049,2.8803300161338226,3.0137031889922596,16.180252139691795,0.764800586356067,13.918582542003694,9,20.579594450679124,30.418294932646162,46.31192422410597,37.64911008415215
3930163,89c6ff92-efb5-4f05-840f-be2e0498eede,47,Carry,7,44.800000000000004,54.824999999999996,9,27.667157148908313,40.393210686057095,12.726053537148783,42.8562206952549,59.20819007402464,39.15841740870446,11.006584769686768,4.795227724211049,2.8803300161338226,3.0137031889922596,16.180252139691795,0.764800586356067,13.918582542003694,9,20.579594450679124,30.418294932646162,46.31192422410597,37.64911008415215
3930163,9e678003-0ed0-4c3b-87a7-a3d0b5787605,48,Pass,5,43.225,45.135,9,43.22325054223838,56.59745729934523,13.374206757106847,41.516681151939224,38.74339318909824,38.1651793395356,20.330479658555664,3.4515775404445277,3.6057784809531093,4.999239794832256,13.952263957486547,2.7334712166751274,34.423430685569045,7,40.67550709964728,48.26476981298431,39.920470451380034,38.790475108657006
3930163,21ccbf85-720c-413a-b1cc-7b902b82e345,49,Pass,26,19.775000000000002,27.54,8,23.939781607924886,37.410452366753596,13.47067075882871,29.595217782894167,41.70927907718333,33.62005716006763,23.98986760489166,6.759285906135099,1.166109882551417,3.870026182084434,12.124857919482352,11.008390686418352,14.761897408393075,7,21.209623299235464,28.61226529101819,26.891733988341908,44.64782009123134
3930163,f8fae503-311d-4a3d-b4a7-c8e314260831,49,Ball Receipt*,26,31.150000000000002,30.939999999999998,8,24.4883957362603,35.70567475729142,11.217279021031118,27.99652434192452,40.773602320172266,33.202162227854174,21.825130103404824,6.141155299876353,2.042255422685261,0.38619962078386294,13.804931865797286,9.904485531211918,15.658232924561084,7,22.12639945602558,28.510307329876802,26.026452116957653,42.600764454753765
3930163,324d0d4e-9b6e-4cb3-bb44-7f876c0236ac,49,Carry,26,31.150000000000002,30.939999999999998,8,24.4883957362603,35.70567475729142,11.217279021031118,27.99652434192452,40.773602320172266,33.202162227854174,21.825130103404824,6.141155299876353,2.042255422685261,0.38619962078386294,13.804931865797286,9.904485531211918,15.658232924561084,7,22.12639945602558,28.510307329876802,26.026452116957653,42.600764454753765
3930163,58291443-85a5-4f6a-925f-458ef4b2f70b,49,Pass,27,26.8625,30.175,8,25.406935404049104,36.07927779716568,10.672342393116576,27.83392114125661,38.37031126998021,32.85821427204771,26.820436706562763,4.984877338310413,2.048371657066662,2.830677116162967,14.40053551814741,11.707360686091832,16.288566475020176,7,21.994053287188283,25.15824429275448,29.194251208192444,56.469038666588986
3930163,81036c36-1135-4f95-90cf-3d2b3cf337bd,49,Ball Receipt*,28,23.099999999999998,27.2,8,25.460853164316013,36.09054055800765,10.62968739369164,25.65024207603425,35.323496781352624,32.0173650393574,27.949342092561132,4.516663470456728,1.9048791110084577,2.9168019413999176,14.952836601567196,12.43309969596875,13.733916634862357,8,19.096551557112385,23.368708814246652,28.335286238989923,54.4834369842671
3930163,5da0674b-ac08-4b32-8f2d-aeb58c19f1fe,49,Carry,28,23.099999999999998,27.2,8,25.460853164316013,36.09054055800765,10.62968739369164,25.65024207603425,35.323496781352624,32.0173650393574,27.949342092561132,4.516663470456728,1.9048791110084577,2.9168019413999176,14.952836601567196,12.43309969596875,13.733916634862357,8,19.096551557112385,23.368708814246652,28.335286238989923,54.4834369842671
3930163,6ab9e371-cd8f-4746-9f98-80f8d688bb5d,49,Pass,28,21.875,27.2,8,24.235853498102024,34.865540891793664,10.62968739369164,25.65024207603425,35.323496781352624,32.0173650393574,27.949342092561132,4.516663470456728,1.9048791110084577,2.9168019413999176,14.952836601567196,12.43309969596875,12.508916968648368,8,17.871551890898395,22.143709148032663,28.335286238989923,54.4834369842671
3930163,ab221e8f-dc4d-4042-b390-15de17c4f200,49,Ball Receipt*,10,44.012499999999996,47.175,8,39.0688236223002,54.11559342105486,15.04676979875466,39.8232584814031,37.91255691956415,36.37034336432367,20.606452854665775,6.052256634704733,2.8620467602581536,0.07865423110308001,20.591911596250142,0.7002483669734545,30.104220321117168,8,35.88598390985052,44.311133384610976,34.969147148806755,56.26130358174447
3930163,685bd451-f430-4134-ae9c-c575e075504c,49,Pass,10,44.012499999999996,47.175,8,39.0688236223002,54.11559342105486,15.04676979875466,39.8232584814031,37.91255691956415,36.37034336432367,20.606452854665775,6.052256634704733,2.8620467602581536,0.07865423110308001,20.591911596250142,0.7002483669734545,30.104220321117168,8,35.88598390985052,44.311133384610976,34.969147148806755,56.26130358174447
3930163,1d2099b2-0293-4873-a8ae-ec3d8b60f8bc,49,Ball Receipt*,13,37.975,60.35,9,46.411976489278615,57.8805044601947,11.468527970916085,44.827509008042256,49.04005247632259,39.326116392536434,32.37971950678015,6.942044031577372,3.2301093038553255,5.183999028256395,17.213251109054763,1.091880890526987,35.57239362903355,9,40.484165357757426,50.00317843705999,38.29959455230772,56.7142599048834
3930163,3f425b66-2782-4a0d-83da-c184d7dea987,49,Carry,13,37.975,60.35,9,46.411976489278615,57.8805044601947,11.468527970916085,44.827509008042256,49.04005247632259,39.326116392536434,32.37971950678015,6.942044031577372,3.2301093038553255,5.183999028256395,17.213251109054763,1.091880890526987,35.57239362903355,9,40.484165357757426,50.00317843705999,38.29959455230772,56.7142599048834
3930163,6d2850a9-fb2d-423d-b52a-4bca8c1c341e,49,Pass,15,36.925000000000004,59.415000000000006,8,42.780412080268675,54.70718217836429,11.926770098095616,49.864553615543215,39.283016904170026,20.164890313252307,42.20011293388086,6.342911705495127,1.4541820769447267,0.7552598036804952,11.298822227284639,12.614016288484382,31.9136327228388,8,38.627098951599024,46.32711260104378,40.07147992146304,53.97853748338469
3930163,a272ca0a-5b06-4827-bdeb-ae3e66879b72,50,Pass,33,37.449999999999996,28.729999999999997,8,33.33387426334085,52.633190297066335,19.299316033725482,31.752037810247078,33.17994658304396,35.38507778161664,27.753759711308646,8.940591242379442,3.8865483812625614,1.9568251882176035,13.199132792525567,2.0788302153816787,23.562585448758725,9,31.6211207653663,39.46813004973872,30.006430975174695,43.02901827330304
3930163,f659117e-f0f4-4cde-a61d-68931bdf8260,50,Ball Receipt*,34,46.550000000000004,39.185,9,37.45652781338787,54.65229304577653,17.19576523238866,30.407997270174416,37.25931589632535,22.16554147194588,35.925675331764154,8.603380578698816,4.2360728376343015,0.4234649822845462,10.49931153481721,7.931159910314435,27.571721727504126,9,34.39926698930903,41.56352150221717,31.567963567854324,40.03707176003722
3930163,a22776b8-b187-4731-9f28-3025b63766a9,50,Carry,34,46.550000000000004,39.185,9,37.45652781338787,54.65229304577653,17.19576523238866,30.407997270174416,37.25931589632535,22.16554147194588,35.925675331764154,8.603380578698816,4.2360728376343015,0.4234649822845462,10.49931153481721,7.931159910314435,27.571721727504126,9,34.39926698930903,41.56352150221717,31.567963567854324,40.03707176003722
3930163,ac33145c-2d91-46ef-b846-5b34a5ac0c0d,50,Pass,35,45.762499999999996,40.545,9,39.19755219238779,55.291235635934484,16.093683443546695,30.739343690934213,37.10391480033287,20.602568647527928,35.27351776157975,7.8694029592227,4.2805660836328725,0.19533323791826973,11.095506015600893,7.656710864461559,28.31965645024514,10,32.98184583406257,41.04036135646602,32.68846214081935,39.566648235501766
3930163,beef27bf-9eaf-4176-984f-a51a6803a2cc,50,Ball Receipt*,35,38.9375,39.695,9,34.72058575827005,51.18517344416192,16.46458768589187,30.579911502351415,39.94919173488789,20.84447046091466,19.052115752794855,7.4643489428434195,4.064785312615627,0.29134920291801336,10.141235103776616,2.2108177518345116,28.057776423141874,10,32.85523044796299,40.37043896139404,32.02141926531586,39.51455404057539
3930163,9b81338a-e9f0-4310-b43c-6073cc8cd089,50,Carry,35,38.9375,39.695,9,34.72058575827005,51.18517344416192,16.46458768589187,30.579911502351415,39.94919173488789,20.84447046091466,19.052115752794855,7.4643489428434195,4.064785312615627,0.29134920291801336,10.141235103776616,2.2108177518345116,28.057776423141874,10,32.85523044796299,40.37043896139404,32.02141926531586,39.51455404057539
3930163,e946a99d-740f-4f5e-a8ac-124e54aa72a5,51,Pass,8,20.212500000000002,15.81,8,21.57557022668443,30.616882626818338,9.041312400133908,22.665348760791176,16.406488390016136,42.062030383947395,19.04747125079484,3.2523578565238425,4.344839228393703,7.8781887882272,15.350309811330678,6.450853478633423,9.826213613123233,8,15.485914311269136,23.001787620003235,17.521176123709683,44.895623290216434
3930163,32c5dd0d-cb41-4d58-89cb-d3bb321051e6,52,Pass,21,31.9375,42.754999999999995,8,36.946332990849484,49.590810717765144,12.64447772691566,39.975266037121244,39.16411071194735,19.05349842332008,38.97117597388213,7.244111654547246,0.8858030266380892,1.6532002067849838,10.0853166111774,14.126843239508467,23.420798951373456,8,29.79678325398084,37.34656628703409,31.428715954844883,57.84455600379963
3930163,fc69ce6b-370c-4edf-ae3f-45fb902c7b56,52,Ball Receipt*,21,31.412499999999998,32.725,8,37.858162162999996,50.03535912437201,12.177196961372012,39.58520422674612,39.04311014297844,20.35782850040238,39.75636580293987,7.03170039673737,1.1839516126777214,2.0957571796105086,9.188392558583292,14.640852526544244,25.385991461600494,8,30.869816744523717,38.333524946097285,31.569376375494915,58.57527567157355
3930163,0e2ef84b-58b1-4875-a178-f7284d944df8,52,Carry,21,31.412499999999998,32.725,8,37.858162162999996,50.03535912437201,12.177196961372012,39.58520422674612,39.04311014297844,20.35782850040238,39.75636580293987,7.03170039673737,1.1839516126777214,2.0957571796105086,9.188392558583292,14.640852526544244,25.385991461600494,8,30.869816744523717,38.333524946097285,31.569376375494915,58.57527567157355
3930163,06940589-2fc5-45b8-a352-4345a2855006,52,Ball Receipt*,27,49.4375,47.175,9,43.403984437655936,56.34251887663834,12.938534438982401,37.336753543712696,33.10153757289484,20.132832542769314,35.70009761409827,6.0044565427465635,5.622988251719904,3.1018070871179546,8.5454012571928,1.084795696712085,34.54063948846394,8,37.832452774940805,44.58261188824433,30.44363476994659,55.8030592533855
3930163,830783c3-25c7-43b2-bb79-903c882e1748,52,Carry,27,49.4375,47.175,9,43.403984437655936,56.34251887663834,12.938534438982401,37.336753543712696,33.10153757289484,20.132832542769314,35.70009761409827,6.0044565427465635,5.622988251719904,3.1018070871179546,8.5454012571928,1.084795696712085,34.54063948846394,8,37.832452774940805,44.58261188824433,30.44363476994659,55.8030592533855
3930163,2863ca7e-76ba-457b-a4b9-4200b5dc3364,52,Pass,29,50.8375,48.449999999999996,9,46.043391166627686,58.779270640064524,12.735879473436839,41.731413229388906,24.9692362729974,23.32591722913814,21.15146023522114,6.5224263371420745,5.24271933921534,2.4875928929360214,9.354764947944542,3.787362374216336,36.13983731713476,8,40.13403752964059,46.97852183970409,29.39787610588293,55.64672401578963
3930163,b743881d-f72d-415c-9dc8-37ffa5b3800d,52,Pass,33,39.725,47.43,9,43.634724294727484,60.38628010674552,16.751555812018033,44.129981035247454,26.80230625641583,22.806657640656038,26.095448165507005,4.307438028066339,2.715140950724187,0.4385367909841804,14.792862406841845,2.9263071943281354,25.121534654098394,9,34.154203512241324,44.24214865825367,32.329852869641655,52.955071087644285
3930163,3590ba9e-4c3a-4c6c-9939-b58009447d26,53,Ball Receipt*,58,44.7125,51.935,8,31.711471001572768,48.65379388476746,16.94232288319469,45.70215650589262,38.77202256831044,34.37512490329098,30.96201623054915,8.168361024630945,4.568718427933228,4.674571092033609,15.707936091020184,14.865778657542876,20.16157242155759,7,29.740436028358296,36.37436645816173,36.9155191413675,40.30524053153107
3930163,0d61bc56-d48a-4114-bf6c-1456cc9ada7c,53,Pass,58,44.7125,51.935,8,31.711471001572768,48.65379388476746,16.94232288319469,45.70215650589262,38.77202256831044,34.37512490329098,30.96201623054915,8.168361024630945,4.568718427933228,4.674571092033609,15.707936091020184,14.865778657542876,20.16157242155759,7,29.740436028358296,36.37436645816173,36.9155191413675,40.30524053153107
3930163,2c22a64c-6076-4c4d-a11a-e10c58e10805,54,Pressure,5,37.800000000000004,45.815,8,47.500167269230914,59.81812022128651,12.317952952055599,44.03536051907812,36.60914351634917,21.02553005632884,17.411209440420475,7.344252645985209,1.8889883202534417,1.1338459866554444,9.314983515957849,7.862166562816924,37.09162839457,9,39.153115472722185,48.460043106298144,38.5228587220328,31.906809222817373
3930163,b19ee55c-ab2a-4282-9711-db73fb3852d3,54,Pass,8,39.199999999999996,36.975,8,42.272898675040736,54.91811498243708,12.645216307396346,38.799507772321796,39.976260753492284,34.44369668974155,8.047412461679414,6.268364862085014,1.874185904647488,0.5113021335030012,14.617051072554894,2.808101956491356,29.614563572877213,8,34.63816931048967,39.72554954445127,38.763690346055924,25.264433811019877
3930163,bd4a636e-482e-4b38-a75e-f873467648eb,54,Ball Receipt*,10,43.137499999999996,47.175,8,39.84592880807547,51.42726797035914,11.581339162283669,40.74350833575104,41.664322690126454,36.66244694382395,8.319100169050081,4.628860569757589,4.493150365726804,2.228094454872789,19.06491695080841,1.9447453120852032,29.604955230232413,10,31.49338431046222,40.676110346584885,40.68762995109405,27.32834806357405
3930163,a6e06e33-2169-4f5d-be66-0b70162178b5,54,Carry,10,43.137499999999996,47.175,8,39.84592880807547,51.42726797035914,11.581339162283669,40.74350833575104,41.664322690126454,36.66244694382395,8.319100169050081,4.628860569757589,4.493150365726804,2.228094454872789,19.06491695080841,1.9447453120852032,29.604955230232413,10,31.49338431046222,40.676110346584885,40.68762995109405,27.32834806357405
3930163,b4699011-3175-40a5-8f71-a436454c054b,55,Ball Receipt*,15,25.6375,11.475,8,41.85169051746773,56.21017615598205,14.358485638514317,24.08367332202118,31.328474437385086,34.63413360237317,40.311281231505454,7.107699797277237,3.7644199704485146,1.3504876145811195,14.636352574654222,13.809867923455371,18.975848790442093,9,25.942821405633765,37.60577497068786,24.44263877124242,59.589580534934726
3930163,1c394684-9e21-4a66-a0ab-d4661398ce6f,55,Carry,15,25.6375,11.475,8,41.85169051746773,56.21017615598205,14.358485638514317,24.08367332202118,31.328474437385086,34.63413360237317,40.311281231505454,7.107699797277237,3.7644199704485146,1.3504876145811195,14.636352574654222,13.809867923455371,18.975848790442093,9,25.942821405633765,37.60577497068786,24.44263877124242,59.589580534934726
3930163,fe95897e-174b-41ed-84e3-55eeba758363,55,Pass,16,25.287499999999998,11.73,8,41.442845337616006,55.855423326164704,14.412577988548698,24.681572820728714,31.068981338335693,32.87978519231136,42.88083647661804,7.137195471886457,3.7826079172945075,0.8801624402989958,15.127502054412808,14.000222300676839,18.355545041821618,9,25.56340708213263,36.90415060461928,25.261139824528296,59.999072867454245
3930163,73acc3f9-e5d4-4fb2-b710-0f5a6f2eaef2,55,Ball Receipt*,17,37.800000000000004,6.12,8,43.42808154526152,57.22111884832356,13.793037303062043,23.55089405522731,29.649365992181625,31.27645833529971,44.89091555893673,6.9186514617778165,2.79763482649172,0.052246466397484426,16.437013161335557,15.17050925921857,28.078430343903285,7,35.78224947550329,42.82832283578529,22.80967084341476,57.09561685653918
3930163,03b01d3e-493b-4ab1-a46c-686b9a479159,55,Carry,17,37.800000000000004,6.12,8,43.42808154526152,57.22111884832356,13.793037303062043,23.55089405522731,29.649365992181625,31.27645833529971,44.89091555893673,6.9186514617778165,2.79763482649172,0.052246466397484426,16.437013161335557,15.17050925921857,28.078430343903285,7,35.78224947550329,42.82832283578529,22.80967084341476,57.09561685653918
3930163,45696807-0993-4425-969a-f2f474c96c3f,56,Ball Receipt*,7,19.25,59.84,8,18.17961711026098,37.608413558963775,19.428796448702794,40.168553418046486,34.97808383860872,34.50730590592989,26.16879074294966,4.254722396969517,1.937458277434381,2.081763360355204,15.297261976877365,9.019389601553677,12.547724873964723,8,18.39409732378612,25.4115329696948,35.3037377333946,45.92947291482983
3930163,dffc1b7d-fdf8-4877-a936-7a385bf309d9,56,Carry,7,19.25,59.84,8,18.17961711026098,37.608413558963775,19.428796448702794,40.168553418046486,34.97808383860872,34.50730590592989,26.16879074294966,4.254722396969517,1.937458277434381,2.081763360355204,15.297261976877365,9.019389601553677,12.547724873964723,8,18.39409732378612,25.4115329696948,35.3037377333946,45.92947291482983
3930163,a9687c34-7b0c-4e26-b95e-5609b0ecaca3,56,Pass,7,18.55,61.199999999999996,8,17.479617777833003,36.9084142265358,19.428796448702794,41.528552121049415,36.33808254161165,34.50730590592989,26.16879074294966,4.254722396969517,1.937458277434381,2.081763360355204,15.297261976877365,9.019389601553677,11.847725541536745,8,17.69409799135814,24.711533637266818,36.66373643639753,45.92947291482983
3930163,f98ae2d0-2741-4ce6-8330-5f34f3684879,57,Ball Receipt*,40,57.925000000000004,13.005,8,43.43167843836509,58.4403448325452,15.00866639418011,49.6621848231574,41.61455802456742,37.30292013321459,21.226104576661204,6.735255735950768,2.9882043782156873,1.212946297986008,20.145206310284316,6.41050360074086,33.79585038790055,9,35.01040937673932,43.91119320103843,44.65101357320993,42.73243106466785
3930163,58bfd112-33bb-4a27-b741-d4989c80765c,58,Ball Receipt*,19,37.012499999999996,65.02499999999999,9,35.11911275173146,49.706282954822115,14.587170203090658,45.1607748626764,43.154857407002524,42.002966560502955,33.322396673555545,5.207894640984769,3.7466574096804535,2.8453059366716573,15.471810624419373,6.566970743632417,23.580281557304843,7,30.893399938575158,37.20627372150627,46.83433451546842,48.34908331571121
3930163,61e6b1ed-f38c-4cda-8105-e2760d03b057,58,Pass,19,37.012499999999996,65.02499999999999,9,35.11911275173146,49.706282954822115,14.587170203090658,45.1607748626764,43.154857407002524,42.002966560502955,33.322396673555545,5.207894640984769,3.7466574096804535,2.8453059366716573,15.471810624419373,6.566970743632417,23.580281557304843,7,30.893399938575158,37.20627372150627,46.83433451546842,48.34908331571121
3930163,bc6be404-65f8-4a2d-af70-4d442274366e,58,Ball Receipt*,20,37.975,57.205,9,35.05838159493347,48.814787102756924,13.756405507823452,46.23198320401889,44.81399646320951,39.51294166513756,32.18968112297292,5.034541907486459,4.212568499783281,2.1311135175977824,14.579536556638224,6.666688825143382,21.825858082680064,7,30.336471015758605,36.26975020295349,48.484392004842455,46.98176088423601
3930163,5554466e-a4cb-42f9-88cb-e59c32215f2e,58,Pass,20,37.7125,57.290000000000006,9,34.795878924645386,48.55228443246884,13.756405507823452,46.31698190702182,44.898995166212444,39.51294166513756,32.189681122972914,5.034541907486459,4.212568499783281,2.1311135175977753,14.579536556638217,6.666688825143375,21.563355412391978,7,30.07396834547052,36.0072475326654,48.569390707845386,46.981760884236024
3930163,d9068c2f-bc51-4b65-954c-ea63872ae161,61,Ball Receipt*,21,53.987500000000004,41.48,8,40.938924187230086,59.998555865455444,19.059631678225358,30.56100845169878,36.72637584564375,39.504121095969936,24.92056610414167,5.302524571684223,3.8197957341605178,0.420591393830513,13.766218791552793,6.463134984310358,28.96317488894202,6,39.748065072224406,46.049158106426525,27.72593489475371,49.77932033729948
3930163,4078091e-8c8a-4eef-beb5-b6705e3cbcf2,61,Carry,21,53.987500000000004,41.48,8,40.938924187230086,59.998555865455444,19.059631678225358,30.56100845169878,36.72637584564375,39.504121095969936,24.92056610414167,5.302524571684223,3.8197957341605178,0.420591393830513,13.766218791552793,6.463134984310358,28.96317488894202,6,39.748065072224406,46.049158106426525,27.72593489475371,49.77932033729948
3930163,22cca2bb-41ca-4666-8512-7598f81455a0,61,Pass,6,31.150000000000002,44.114999999999995,8,43.34795001398034,61.11959040610312,17.771640392122784,45.15173476897307,21.394286446991103,28.84269923208624,15.618918127622852,6.119180298879301,3.5339876402988373,0.6829641977181424,14.695087082359912,4.103003975686452,31.149998664855957,9,35.02968602601115,46.969479337685755,33.185355473864014,61.79501711423124
3930163,0bdcfb36-5362-4652-97b1-15d4be2d4ba0,61,Ball Receipt*,7,31.675000000000004,16.064999999999998,8,43.607255920819526,58.79790340713979,15.190647486320266,37.0220382504044,13.699192996529847,29.257813485111615,14.817523718875721,6.454412776177759,3.6285023354275934,2.1649373420952287,12.031635298201873,5.804836638008611,19.13551231970525,8,30.463694460240582,39.12671629200156,29.168972517428323,49.54329314228962
3930163,63624471-0c64-4337-897f-243eb8fcb239,61,Carry,7,31.675000000000004,16.064999999999998,8,43.607255920819526,58.79790340713979,15.190647486320266,37.0220382504044,13.699192996529847,29.257813485111615,14.817523718875721,6.454412776177759,3.6285023354275934,2.1649373420952287,12.031635298201873,5.804836638008611,19.13551231970525,8,30.463694460240582,39.12671629200156,29.168972517428323,49.54329314228962
3930163,dfe92274-8f04-4e63-a331-ae573026f31a,61,Pass,9,31.675000000000004,16.064999999999998,8,41.508540954379825,55.19090037079087,13.682359416411046,30.436052463465586,18.836245625184603,37.35851280783868,29.471638976580543,6.127869566167432,4.061827486287652,7.456698339886689,11.178090126854908,12.838687070814292,29.32652388827273,8,33.62499483746154,41.83797580776393,24.648795665949006,56.28536823411719
3930163,06e14f0f-60f4-46c2-96f9-eea4e9ff8730,61,Ball Receipt*,9,36.75,21.93,8,41.37981010910289,54.223381493981236,12.843571384878345,24.794068148188135,21.749224285884306,27.161781274436876,43.835167036556506,5.496406709626335,3.6399118902008287,4.3248661866151465,9.36064247988531,12.843247407367375,28.43720272343306,8,33.145437076082025,41.01867555726744,21.717543248778323,55.59607148789573
3930163,58581d4a-e69c-4fac-b8b7-724fc5759e45,61,Pass,9,36.925000000000004,21.505,8,41.55481077667491,54.39838216155326,12.843571384878345,24.369068148188138,21.324224285884302,27.16178127443688,43.8351670365565,5.496406709626335,3.6399118902008287,4.3248661866151465,9.360642479885314,12.843247407367375,28.61220339100508,8,33.32043774365405,41.193676224839464,21.292543248778323,55.59607148789573
3930163,c72a7021-ed96-4fd6-a82b-9ad6404ee4e9,61,Ball Receipt*,19,48.2125,56.865,10,37.70643861226156,53.632544851886806,15.926106239625248,41.25888544730342,27.041405527570273,26.078648259781186,43.43488590644925,5.118260555086499,2.6694086733718034,0.26516740088334245,12.118920430511665,3.285626971420548,22.7726059624744,9,30.49479154714077,41.97150868427426,26.620244916980013,59.20898140814843
3930163,7b5ea870-fce8-44cf-b1eb-8dbca089af02,61,Carry,19,48.2125,56.865,10,37.70643861226156,53.632544851886806,15.926106239625248,41.25888544730342,27.041405527570273,26.078648259781186,43.43488590644925,5.118260555086499,2.6694086733718034,0.26516740088334245,12.118920430511665,3.285626971420548,22.7726059624744,9,30.49479154714077,41.97150868427426,26.620244916980013,59.20898140814843
3930163,ed9df273-0e52-4c0c-9636-be11366e6c25,65,Foul Won,31,65.8875,21.59,8,33.68767817525331,47.46892577611405,13.781247600860738,43.9222787614503,34.93299064877044,19.033995740289857,28.02845081301783,6.079573898047379,4.038024893120217,1.6833307717769515,10.571266502215448,7.908701685326008,28.51342855011263,7,36.84019037344408,43.18614001434797,42.08772096348697,30.465722343759072
3930163,d8225b13-643d-4d00-ac59-9f3b0b2be260,71,Ball Receipt*,19,43.225,44.029999999999994,9,37.108840130782376,56.00548217287732,18.896642042094946,33.71542315515857,31.59364198741754,31.75531159768014,43.39673066014212,4.015557902850961,1.169664386487086,2.064780560229231,15.308556606783265,11.486261234338176,22.059606002384257,7,33.452858045569144,41.85148865832291,41.01186027207082,36.77721208599833
3930163,6e8ff901-53be-425c-ac92-b23282af2ea4,71,Pass,19,43.225,43.86,9,37.108840130782376,56.00548217287732,18.896642042094946,33.54542250666003,31.423641338919005,31.755311597680148,43.39673066014211,4.015557902850961,1.169664386487086,2.064780560229238,15.308556606783268,11.486261234338176,22.059606002384257,7,33.452858045569144,41.85148865832291,40.84185962357228,36.77721208599833
3930163,65b728ad-8df1-451d-a79e-2144ce3b8c2b,71,Pass,21,51.275,44.879999999999995,9,39.4775574800215,54.15904119944064,14.681483719419134,35.38634903247571,34.22742440105671,33.92760510870971,39.73346495495089,3.9371971363067515,1.596034902663672,3.3559906636675123,19.59548681121965,9.308941190676222,25.7352213204329,7,36.30416417744752,42.72399076741929,42.16849785083905,32.66117931954872
3930163,5f0307c1-4225-4fcb-aebb-e8c5cf951a61,74,Pass,6,47.074999999999996,10.115,9,41.45492447890198,54.51551175790635,13.060587279004373,20.32509952202331,24.58308066011447,32.576405580511924,30.824421651447537,5.627129767352796,2.893116416785184,1.3843160131951677,14.663334319973753,6.876499016884296,38.64557726076284,5,45.337372127786956,46.612637114913596,21.501358649545676,40.195743432243546
3930163,b64f2865-b14d-412c-b6f8-9744cfe27764,74,Ball Receipt*,7,43.925000000000004,1.53,9,44.0407066324589,57.50660883122132,13.465902198762421,15.76796491211326,21.808774472391363,31.735370093746173,31.503046257854677,4.532681838497594,2.8275436460505503,1.0225304692687551,15.399038227321464,7.7458887745578515,43.92500066757202,5,49.19621730626107,50.71201004219103,19.392972589167798,38.82086990738467
3930163,0e96349f-c908-46fb-9306-3b917f651748,74,Carry,7,43.925000000000004,1.53,9,44.0407066324589,57.50660883122132,13.465902198762421,15.76796491211326,21.808774472391363,31.735370093746173,31.503046257854677,4.532681838497594,2.8275436460505503,1.0225304692687551,15.399038227321464,7.7458887745578515,43.92500066757202,5,49.19621730626107,50.71201004219103,19.392972589167798,38.82086990738467
3930163,143314f6-53d7-4ec0-b5d8-9521f5ee0e6a,74,Dribble,7,43.925000000000004,1.7,9,44.0407066324589,57.50660883122132,13.465902198762421,15.937964952644418,21.97877451292252,31.73537009374617,31.503046257854677,4.532681838497594,2.8275436460505503,1.0225304692687551,15.399038227321466,7.7458887745578515,43.92500066757202,5,49.19621730626107,50.71201004219103,19.562972629698955,38.82086990738466
3930163,98f7087d-e68e-44ab-a07e-46f4d7404912,74,Carry,7,43.925000000000004,1.7,9,44.0407066324589,57.50660883122132,13.465902198762421,15.937964952644418,21.97877451292252,31.73537009374617,31.503046257854677,4.532681838497594,2.8275436460505503,1.0225304692687551,15.399038227321466,7.7458887745578515,43.92500066757202,5,49.19621730626107,50.71201004219103,19.562972629698955,38.82086990738466
3930163,f30b3b05-51e8-4eb5-8d66-b3d7fdba7dfd,75,Ball Receipt*,16,64.05,52.870000000000005,9,41.554361069884415,61.07200250738548,19.517641437501062,29.353538796227276,34.7442910566721,43.196549533879704,42.1630718717373,5.501615789309045,5.892800774836062,6.056299948387693,22.24782762004066,5.657860461174884,30.626460570694654,8,33.277639703274666,42.27917902697075,27.930710517179268,37.32863031093162
3930163,a6ded552-a52b-4fa8-ad91-4fa61b4358b7,75,Foul Won,21,68.60000000000001,58.48,9,30.59197541342251,47.386362507645664,16.794387094223154,24.56354114821739,23.24800301690836,36.63026641702524,25.0705463537726,3.2072276599467453,7.637233647370524,2.6932292441407135,15.280286739065456,2.791384226881817,30.669779945319643,9,34.956435014912024,44.518428935453215,26.551046436895437,43.45337999602019
3930163,494f3d48-354c-4641-8e42-18772757c3ef,76,Ball Receipt*,5,29.837500000000002,36.635,8,47.0197679274829,58.635330195931004,11.615562268448102,34.21431689542999,33.94133730402071,29.385391345443093,40.36022968869697,4.409480951977832,2.5166542846060995,5.248344921482449,13.10604526025902,20.159724761257287,29.837498664855957,7,35.45747298228431,44.3173069378946,40.52660395069308,55.45832129093608
3930163,4f3beb4e-f05b-486f-89cf-5396487d5381,76,Carry,5,29.837500000000002,36.635,8,47.0197679274829,58.635330195931004,11.615562268448102,34.21431689542999,33.94133730402071,29.385391345443093,40.36022968869697,4.409480951977832,2.5166542846060995,5.248344921482449,13.10604526025902,20.159724761257287,29.837498664855957,7,35.45747298228431,44.3173069378946,40.52660395069308,55.45832129093608
3930163,b4963834-2581-46bd-86ce-955f160854da,77,Ball Receipt*,5,37.1875,19.294999999999998,9,21.783533128685622,37.07336999318742,15.289836864501797,26.650978132344477,24.290187081732043,41.39039135639875,29.788755458609398,2.6254860023202182,4.200403421742313,4.016295997489603,16.581146805962184,5.7838270237720515,14.535451268914795,8,17.417385889157877,24.623796580437702,22.0381363962508,30.73090216627098
3930163,0c660414-d6e0-4557-b10e-08ef055bc23b,77,Carry,5,37.1875,19.294999999999998,9,21.783533128685622,37.07336999318742,15.289836864501797,26.650978132344477,24.290187081732043,41.39039135639875,29.788755458609398,2.6254860023202182,4.200403421742313,4.016295997489603,16.581146805962184,5.7838270237720515,14.535451268914795,8,17.417385889157877,24.623796580437702,22.0381363962508,30.73090216627098
3930163,5fd94762-1879-4b98-b613-0754f44a8f6e,78,Pass,7,30.887499999999996,16.405,8,32.91461498488539,50.41499275660342,17.50037777171803,14.367962694105131,20.61654769333415,29.021820155473318,39.907992687027,8.001202523763872,1.5753547072741496,0.8541560586524994,15.012617821583042,14.004345250882054,14.726643020380594,7,23.46208058191356,29.50065051311066,17.56224100538394,47.526299838083595
3930163,21fb484a-f1e6-4972-886e-b4bdc04429ab,78,Ball Receipt*,8,36.925000000000004,22.099999999999998,8,36.26150151052853,52.22395069794908,15.962449187420546,16.72102899547616,23.29323046911045,30.07142591515326,39.108845191721336,6.9042304357915425,1.9950840906282392,1.9859629914158496,11.121841964335012,13.329074347022267,15.62233140137743,8,22.47298223732144,30.60548548844006,22.621480286256002,50.41752488193359
3930163,a4560d30-012f-4f1b-b6c6-715e5e5e84b2,78,Carry,8,36.925000000000004,22.099999999999998,8,36.26150151052853,52.22395069794908,15.962449187420546,16.72102899547616,23.29323046911045,30.07142591515326,39.108845191721336,6.9042304357915425,1.9950840906282392,1.9859629914158496,11.121841964335012,13.329074347022267,15.62233140137743,8,22.47298223732144,30.60548548844006,22.621480286256002,50.41752488193359
3930163,b19f6b19-74f6-47c3-9162-c44523dcb6f3,83,Ball Receipt*,6,49.875,13.939999999999998,10,42.62665070055128,53.61627753523554,10.989626834684259,18.55715281125228,14.27846257767509,18.492380566643,11.10570339856234,5.005277175345703,3.10070214784337,0.0739605446332714,9.851318443734463,0.2310949263677493,30.730699161350728,10,35.843928273771596,44.16496881326245,20.83428087634015,34.026005979101235
3930163,68285816-2221-4383-944d-a5c13deec311,83,Pass,6,50.75,13.77,10,43.50165070055128,54.49127753523554,10.989626834684259,18.38715378400008,14.108463550422892,18.492380566643,11.105703398562342,5.005277175345703,3.10070214784337,0.0739605446332714,9.851318443734463,0.23109492636775286,31.605699161350728,10,36.718928273771596,45.03996881326245,20.66428184908795,34.026005979101235
3930163,2bdc68d5-810f-4273-bf8d-42ea27943e73,83,Block,7,56.262499999999996,13.174999999999999,10,46.21105180626603,56.88162764024797,10.670575833981943,17.60877534682704,11.313927758950841,18.55589759413919,8.027008360507235,4.673818348056608,2.5765631242210487,0.775999266018637,9.579410531160327,0.4047968231820338,33.528939672781526,10,39.59265833903428,47.4161758547338,19.479122263619324,35.276747543482166
3930163,d76ea36a-5a17-49d7-a6c6-5aba1f67700f,83,Pass,6,35.875,42.16,9,45.312287856705765,58.486978792981105,13.17469093627534,37.17017392966148,37.91274325393092,26.662438910606024,30.379975395418427,5.274296950397854,4.268139162884708,2.378301555656563,14.414548487526634,1.4322414693251133,35.875,9,38.67006469971793,47.6306424686786,39.66810984183758,39.929015462796634
3930163,09a42539-3664-46c0-9a99-125f89129e8b,86,Pass,10,29.400000000000002,12.155000000000001,9,45.08218056340653,60.57404241881912,15.491861855412587,21.710618060427322,27.526722808764294,25.774508187693897,32.30844782754704,6.520559328668489,2.8016260368833086,1.7887317145500248,14.612697320266268,2.8295390613030076,29.399998664855957,8,39.404576609263486,46.35006932201145,23.473738692183584,37.85613163537236
3930163,6d8ade17-23fd-44b2-9f81-303a93564567,89,Foul Won,17,65.625,23.035,9,35.85871979724944,46.50675672330229,10.648036926052846,40.83702771761416,43.02982275280033,17.847733691127612,36.734761542503676,5.038570271537922,3.7711757026206376,0.27670665946460815,8.719745068805551,2.424435550795131,31.308851209080622,7,36.85093023853027,42.36229075518703,44.879537846382824,39.19232408472867
3930163,c8fa3d61-93c0-4f85-b7d8-8680f8d9e5f4,89,Carry,17,65.625,23.035,9,35.85871979724944,46.50675672330229,10.648036926052846,40.83702771761416,43.02982275280033,17.847733691127612,36.734761542503676,5.038570271537922,3.7711757026206376,0.27670665946460815,8.719745068805551,2.424435550795131,31.308851209080622,7,36.85093023853027,42.36229075518703,44.879537846382824,39.19232408472867
3930163,acb12edb-4cda-403e-bc35-f69d509b7718,89,Dispossessed,17,64.75,23.375,9,36.73371979724944,47.38175672330229,10.648036926052846,40.497026420617104,42.689821455803255,17.84773369112761,36.734761542503676,5.038570271537922,3.7711757026206376,0.27670665946460815,8.719745068805558,2.424435550795124,32.18385120908062,7,37.72593023853027,43.23729075518703,44.53953654938575,39.192324084728675
3930163,68710f21-9656-41a4-99bc-a1c28c8b1896,89,Pass,27,28.962500000000002,25.33,8,39.79123887514069,52.88088425354323,13.089645378402537,23.220534623214284,30.8843884716775,29.384075903794756,35.24788653140444,4.881841627340629,2.97043445784015,5.280703637005196,12.238029423642523,5.673537676776824,26.227481881591867,8,32.14448742279049,39.02737178526236,25.89091951102081,54.72463649277243
3930163,83b8e815-3c7c-45ad-a7ff-5b8386a4839a,89,Ball Receipt*,36,54.425000000000004,37.654999999999994,8,40.19468947684827,59.12985844143429,18.93516896458602,30.422274169287334,36.07300224438765,42.33975470180489,24.499111325279404,4.861632569984422,2.89769950343606,4.563009397136835,16.577713107635653,10.180357275485818,27.331108829750978,8,32.5720651496153,42.71797007440777,33.61567023242388,56.73075878270948
3930163,43a629db-08a2-4a04-a886-c9c7bf636adb,89,Pass,36,54.949999999999996,38.845,8,40.719688141704225,59.654857106290244,18.93516896458602,31.612275466284405,37.26300354138473,42.33975470180489,24.499111325279404,4.861632569984422,2.89769950343606,4.563009397136838,16.577713107635645,10.180357275485818,27.856107494606935,8,33.097063814471255,43.24296873926373,34.80567152942095,56.73075878270948
3930163,4f40e2df-c8e9-48f9-9920-5eca3a698840,89,Ball Receipt*,38,58.27499999999999,53.295,8,46.4560575001073,61.86214318722204,15.40608568711474,33.766197645940125,41.634166180659875,43.46615561758176,22.106001710931167,6.205347197786792,1.8518857094543653,7.543783667113459,14.171079424246004,10.400874124980547,33.749188299262215,7,42.315189461672844,48.938255980698266,34.43108261975296,43.425198217950644
3930163,0ef73317-5aba-4855-8561-fbf42a6f0b70,89,Carry,38,58.27499999999999,53.295,8,46.4560575001073,61.86214318722204,15.40608568711474,33.766197645940125,41.634166180659875,43.46615561758176,22.106001710931167,6.205347197786792,1.8518857094543653,7.543783667113459,14.171079424246004,10.400874124980547,33.749188299262215,7,42.315189461672844,48.938255980698266,34.43108261975296,43.425198217950644
3930163,930a7fb2-1cbc-4713-a676-fd443752615b,90,Foul Won,26,60.28750000000001,60.605,10,31.697050599458453,43.414069725649234,11.717019126190781,23.45160858738463,11.183645379403636,38.07444089817978,12.148039619765623,2.181331907337353,3.7677608413973847,3.677353185095285,11.592799621946527,0.19584581301658233,31.968408605627495,8,39.39066575437813,45.55893971460216,23.149245003178553,50.299400210667294
3930163,6327a97d-c526-4b3a-9be2-e7dd4182459b,93,Ball Receipt*,6,35.612500000000004,60.945,10,18.71000326129959,34.99511371067858,16.28511044937899,45.94692145289401,55.5039846336262,25.03924615753826,21.732727730268564,3.6961857074777527,5.0206911879529805,4.07502710328815,8.186528714806535,2.7081082959169294,5.388205219376454,11,12.160243128535132,19.851111706821634,44.319569135951326,32.164885010286255
3930163,78d2e619-f589-47ef-a1eb-b39f4d36540f,93,Carry,6,35.612500000000004,60.945,10,18.71000326129959,34.99511371067858,16.28511044937899,45.94692145289401,55.5039846336262,25.03924615753826,21.732727730268564,3.6961857074777527,5.0206911879529805,4.07502710328815,8.186528714806535,2.7081082959169294,5.388205219376454,11,12.160243128535132,19.851111706821634,44.319569135951326,32.164885010286255
3930164,579dd0e9-55c7-4ce5-9f4d-6dc2d8eaed6d,0,Pass,20,28.0,31.195,10,33.81309724484942,53.90141749457271,20.08832024972329,31.696816337548107,25.95762196161214,18.91536902415345,39.2361266098886,7.35360303415096,3.5217563420540388,0.8101585558628877,7.8230898056346305,1.743075491478189,11.803296810765467,11,21.320205401626858,39.37767908068032,30.51423424854859,60.014395426295636
3930164,6b250f0f-aa32-4392-9c59-836baf8d2db3,0,Pass,14,21.349999999999998,41.565,10,45.63649668092603,55.840256213080565,10.203759532154535,46.2491541064888,32.35184439513757,23.24691106095638,22.487509238332432,3.0194676274699956,3.9997318377125954,0.8245945654630233,8.990387127561995,4.869662713406409,21.34999966621399,11,28.946114410430937,44.03654463792213,41.6336932537007,63.55736748044007
3930164,dc0d2713-1a6e-4dd9-a90f-a0025e0699ae,0,Ball Receipt*,15,25.55,21.675,10,43.58714082696216,54.60577336347363,11.018632536511468,35.5577247528672,28.206339892576754,33.70397227028587,22.410853596715825,1.923873093270069,4.180095319122559,7.269634921210574,9.92089282592633,2.3871902136273135,19.549509049295636,11,27.441926432730302,42.189731164275635,36.04171961152907,65.49587904157016
3930164,9c4efeef-f1e2-4887-8d0d-dd1d9999796a,0,Carry,15,25.55,21.675,10,43.58714082696216,54.60577336347363,11.018632536511468,35.5577247528672,28.206339892576754,33.70397227028587,22.410853596715825,1.923873093270069,4.180095319122559,7.269634921210574,9.92089282592633,2.3871902136273135,19.549509049295636,11,27.441926432730302,42.189731164275635,36.04171961152907,65.49587904157016
3930164,61dcb011-a136-40f7-8d8b-736acf0ae253,0,Pass,16,24.675,19.72,10,41.200458697530976,53.15747492122468,11.957016223693707,32.719834143470635,34.25365933045506,34.057807615826896,22.896745078704452,2.2963665564530324,4.466892399370315,5.62334586041764,10.249316166508745,3.1455790320967942,16.297113914564303,11,25.612970498450906,40.20575917738064,33.83977528762136,64.81525467588337
3930164,57e7dbd2-c1ff-4ace-a317-d49ad3dc52e2,0,Ball Receipt*,18,35.35,3.74,10,41.85484327791819,55.06436678949148,13.209523511573288,29.319858329092362,31.490786908157133,37.9054282403643,23.556409369609657,3.2699159511295566,4.713218193470301,6.332056257583966,11.889569519371165,4.542064480714323,26.161928495003895,10,32.11481455802305,43.40749502368746,32.93140452846332,64.79195178839457
3930164,8d6f2a51-bff5-4aa8-84a1-a0b746efb17d,0,Carry,18,35.35,3.74,10,41.85484327791819,55.06436678949148,13.209523511573288,29.319858329092362,31.490786908157133,37.9054282403643,23.556409369609657,3.2699159511295566,4.713218193470301,6.332056257583966,11.889569519371165,4.542064480714323,26.161928495003895,10,32.11481455802305,43.40749502368746,32.93140452846332,64.79195178839457
3930164,ed2af431-a886-4a5e-8ccf-111693f6140f,0,Pass,19,33.6875,3.9099999999999997,10,39.27654646049782,54.17319964696539,14.896653186467567,20.417063557370525,31.684842304063103,28.88386002787094,42.026866402635626,4.026373258233785,4.852877160127042,1.568400701107059,10.953848122543715,5.553308139059752,23.033762788485582,10,29.776168311026986,41.1546318285344,30.926601372780816,64.4211452439041
3930164,403503e1-0628-4d99-94d5-18ed0d732b27,0,Ball Receipt*,20,23.0125,12.325,10,37.03599562081437,53.705568412062235,16.669572791247866,20.944782177409905,32.776117632559966,26.803445208192294,40.93682882983983,4.999498322007166,4.344473871568036,3.392043857813878,10.308656647140662,4.323934075517322,11.330778219967886,11,23.54810593840464,38.48582192710529,30.541979384365973,64.42894988736255
3930164,03b47c53-fe2d-471a-9c78-a931168cc153,0,Carry,20,23.0125,12.325,10,37.03599562081437,53.705568412062235,16.669572791247866,20.944782177409905,32.776117632559966,26.803445208192294,40.93682882983983,4.999498322007166,4.344473871568036,3.392043857813878,10.308656647140662,4.323934075517322,11.330778219967886,11,23.54810593840464,38.48582192710529,30.541979384365973,64.42894988736255
3930164,6839823e-8351-4d24-aa4c-f42d3ec52f4c,1,Ball Receipt*,12,49.525,18.189999999999998,10,44.637388703291464,59.51869985367368,14.881311150382217,21.88183005399612,26.277009917313684,9.647986146266607,33.50158179077275,3.8989256332365043,4.232148107793081,1.081571199789881,3.3311118539530256,7.764177210429114,35.46675099562658,10,40.04892214541493,49.80437371803974,23.47698193188847,33.05543759056478
3930164,68546078-f061-4689-b1c6-ad45f51386c6,1,Ball Receipt*,18,26.599999999999998,36.55,10,44.232161617459816,59.086232625623,14.854071008163181,31.891192995921784,34.21098497469366,24.691058723346465,33.53249999728118,6.139378525433405,3.3904670282219413,0.8576246287025917,12.1435315737724,6.816123827247839,26.59999966621399,10,32.97454655372057,48.067748258121334,31.635730523171855,50.19491378015691
3930164,ae55be8f-b3d1-4003-93d7-5edaf3321e3f,1,Carry,18,26.599999999999998,36.55,10,44.232161617459816,59.086232625623,14.854071008163181,31.891192995921784,34.21098497469366,24.691058723346465,33.53249999728118,6.139378525433405,3.3904670282219413,0.8576246287025917,12.1435315737724,6.816123827247839,26.59999966621399,10,32.97454655372057,48.067748258121334,31.635730523171855,50.19491378015691
3930164,48e40ecc-5b1e-4d58-b9af-cbc179af808b,1,Pass,22,25.900000000000002,37.654999999999994,9,38.327277080061286,55.22518833875928,16.897911258697995,38.510646647903926,24.22042590092005,29.554621443112985,18.723893280843626,6.995042189706876,4.422232663299423,2.4082522449465174,11.281926292556662,0.5604315170515264,24.24863080301123,9,31.450554878322173,42.52919042514348,29.730968358578032,62.607083647622765
3930164,f1b8e409-63cc-4d81-a82f-c84be513c17e,1,Ball Receipt*,24,13.737499999999999,34.0,10,35.24435160911444,54.59752612147439,19.35317451235995,38.40087941961964,27.22263948373225,29.739098946854295,29.812145972636188,8.657270529250507,3.8106318972354822,1.832664464127852,10.361768605014525,0.08542080898636328,13.737499833106995,10,22.835344024446403,38.425853281786694,31.4363062572943,62.37744969518212
3930164,3496ee61-4600-4edb-ac36-692406bf1aa1,1,Carry,24,13.737499999999999,34.0,10,35.24435160911444,54.59752612147439,19.35317451235995,38.40087941961964,27.22263948373225,29.739098946854295,29.812145972636188,8.657270529250507,3.8106318972354822,1.832664464127852,10.361768605014525,0.08542080898636328,13.737499833106995,10,22.835344024446403,38.425853281786694,31.4363062572943,62.37744969518212
3930164,20128bf5-daa6-44b0-85df-a51527a63205,1,Pass,26,14.4375,32.64,9,31.0934258135552,51.52328920868834,20.42986339513314,35.2237017314382,25.22999421079361,30.46582331776498,34.19271584829706,9.797048529499321,4.5456810126223655,6.377254769336638,9.825910541163836,1.4809554092507753,14.4375,10,20.09943674838771,35.35999038294523,29.64230166208528,63.375440255939466
3930164,8b1e3e09-8854-442f-8868-3f994c7f97f3,1,Pass,10,28.0,15.13,8,37.3119051806828,48.19955824548058,10.887653064797782,26.565625795594194,15.07746217201523,32.434439674878845,17.749203122200424,4.578258142391304,3.9535310946050823,5.442770415744789,10.477131169565261,8.140400486879397,22.719322223504975,8,28.918924846735,35.64281072373484,25.136535051093155,57.10738927610901
3930164,59f567d4-493d-49ea-a211-5076150bfc9d,1,Ball Receipt*,11,32.112500000000004,1.19,8,35.973151211997234,47.023367281654686,11.050216069657452,24.365623511254945,22.7471208831408,38.0657140813823,32.950961258136466,4.487682365720672,5.470176012093652,6.5321820673835225,13.361487130787907,14.804251244799218,21.010993809113373,9,27.381852074806012,36.51652275754993,31.268908234005544,63.840187028391824
3930164,e3906e21-bca3-44aa-bc68-210e8cfbbea3,1,Carry,11,32.112500000000004,1.19,8,35.973151211997234,47.023367281654686,11.050216069657452,24.365623511254945,22.7471208831408,38.0657140813823,32.950961258136466,4.487682365720672,5.470176012093652,6.5321820673835225,13.361487130787907,14.804251244799218,21.010993809113373,9,27.381852074806012,36.51652275754993,31.268908234005544,63.840187028391824
3930164,1c9082a8-aa89-49c1-bd42-d784d0e957d4,1,Pass,12,30.887499999999996,1.9549999999999998,8,34.94661461678562,46.580757500286204,11.634142883500587,16.835781105443353,30.80393942449095,29.550536136982974,35.47029028025683,3.895732886515041,5.616864420008339,3.0146345101971725,13.39902424272167,6.290046675427803,19.639687130813883,8,28.253045840321533,37.04954008322238,32.18347979496083,62.182524363443584
3930164,18387a9f-cb37-473a-bd18-95e34971d152,2,Dribble,26,39.112500000000004,58.48,9,32.4138353351707,50.52830655963797,18.114471224467266,52.42905195690982,45.61835711731488,27.16435288075428,29.468437077752274,5.189203202313679,5.608618712216287,0.7202346197267744,13.187241362069926,2.77619891220197,20.768495451855646,6,31.161292934437274,35.69853616747172,55.38167809942626,23.200596094569285
3930164,139d1ab1-cfe6-41b9-b615-a5a6e99eb7eb,2,Carry,26,39.112500000000004,58.48,9,32.4138353351707,50.52830655963797,18.114471224467266,52.42905195690982,45.61835711731488,27.16435288075428,29.468437077752274,5.189203202313679,5.608618712216287,0.7202346197267744,13.187241362069926,2.77619891220197,20.768495451855646,6,31.161292934437274,35.69853616747172,55.38167809942626,23.200596094569285
3930164,4aaf28a9-c8a8-4fee-b326-22c890c6a7d5,2,Duel,62,61.77499999999999,64.345,8,32.9005750920313,49.41032672191587,16.50975162988457,28.275121675383,26.152979694876546,42.67072769738796,42.69691786697031,4.557307139182365,4.349058240731053,5.736888503953821,15.198847761470972,18.154896892497938,30.869218590417706,8,36.274253867477256,43.26122495702999,24.540621827724628,42.84176446971644
3930164,c6b17271-d21f-4f95-9133-16e68ff522ef,2,Pass,69,32.112500000000004,63.495,9,41.84989522247229,56.64366675034447,14.793771527872181,48.327217720644114,46.1123263449388,33.785257132231166,37.32290529538568,4.85290626206242,4.260929074574229,0.7871042882296422,21.589740388261077,4.383903402690748,32.11250066757202,7,36.47709157775551,43.46852705829775,50.092634882161065,52.42422478909202
3930164,06b6a7c9-391d-4168-a207-f06e96e4e094,2,Ball Receipt*,70,36.225,58.65,8,39.49673949769766,53.97348509372963,14.476745596031968,51.19002912664681,55.734732004681256,35.31724385454956,17.38806923326608,5.117025712273505,4.719908992852546,2.846493757634917,20.094984158301394,4.984159025682601,31.14794443611499,7,34.79955881161371,41.470360414966756,51.88294156059305,53.6886205521526
3930164,a13a985d-f2e9-425f-99cb-2ed42d327a88,2,Carry,70,36.225,58.65,8,39.49673949769766,53.97348509372963,14.476745596031968,51.19002912664681,55.734732004681256,35.31724385454956,17.38806923326608,5.117025712273505,4.719908992852546,2.846493757634917,20.094984158301394,4.984159025682601,31.14794443611499,7,34.79955881161371,41.470360414966756,51.88294156059305,53.6886205521526
3930164,1924051f-d2ea-4a72-afac-04c8a6975bb8,2,Pass,70,36.4,59.67,8,39.73522927360031,54.310121633660174,14.574892360059863,52.61749493088509,56.446911046475726,34.949982231342204,16.72511666794299,5.23406438504312,4.621646462280498,3.4636766725629897,19.392892648183796,3.941985017925006,31.420259501478284,6,37.166294420138286,42.77941447283569,58.77843532851649,34.89812458721843
3930164,545c09fd-1ca9-445c-817e-78c226663127,2,Ball Receipt*,76,24.2375,53.295,10,38.62391206012064,52.829805327807925,14.205893267687287,40.52405780501921,34.18974527444601,33.47430922117181,24.952255243466038,3.0790373378385776,5.029065935362455,6.847695816738543,9.967689141911038,4.406004308104663,14.937326806413452,9,27.059012839264767,40.333437328372725,45.100421322061266,49.005212589189114
3930164,60152b4a-5c51-4494-a103-2d414e1e346f,2,Carry,76,24.2375,53.295,10,38.62391206012064,52.829805327807925,14.205893267687287,40.52405780501921,34.18974527444601,33.47430922117181,24.952255243466038,3.0790373378385776,5.029065935362455,6.847695816738543,9.967689141911038,4.406004308104663,14.937326806413452,9,27.059012839264767,40.333437328372725,45.100421322061266,49.005212589189114
3930164,857c5263-c9ad-42d6-b3ed-2adb1b310f85,2,Pass,79,36.225,52.36,10,44.30017311266819,56.504182786909624,12.204009674241433,43.37705548231679,44.9899644684189,28.557574955880586,20.798227251749438,4.561947550783534,4.500881545036805,0.6958333666156307,12.230334862971525,4.229671955214002,34.96394900951449,7,38.46185524503319,44.94880849345679,49.60847401389587,34.181626881754944
3930164,8a015878-bf99-45c0-bcff-f47a8ca68b6d,3,Ball Receipt*,9,35.4375,2.635,8,29.044107751343404,48.511555952925654,19.46744820158225,20.600107361550037,28.658461311619842,29.37864162130005,42.1403772250548,6.125042107527922,1.6109392382294174,2.804404164863726,13.90424614226517,8.718605031303227,16.12291542677227,7,29.066151060117967,37.55986835361887,18.869956443950112,42.365975792680345
3930164,24a31917-0eba-44e8-b7df-b711f997c396,3,Carry,9,35.4375,2.635,8,29.044107751343404,48.511555952925654,19.46744820158225,20.600107361550037,28.658461311619842,29.37864162130005,42.1403772250548,6.125042107527922,1.6109392382294174,2.804404164863726,13.90424614226517,8.718605031303227,16.12291542677227,7,29.066151060117967,37.55986835361887,18.869956443950112,42.365975792680345
3930164,b8ff22a2-b412-4055-90bd-052598ede87c,3,Pass,9,35.699999999999996,2.635,8,29.306607083771382,48.77405528535363,19.46744820158225,20.600107361550037,28.658461311619842,29.37864162130005,42.1403772250548,6.125042107527922,1.6109392382294174,2.804404164863726,13.90424614226517,8.718605031303227,16.38541475920025,7,29.328650392545946,37.822367686046846,18.869956443950112,42.365975792680345
3930164,6f9ce942-fca2-401f-8c75-84486f7c0ab4,4,Ball Receipt*,13,33.6,62.13499999999999,10,43.01267939923232,57.53405630690476,14.52137690767244,44.07275864335395,42.90203280870522,40.36587847308032,36.27624876634738,5.00008914667006,3.24027479711296,1.3658680037311868,24.09640114128765,6.686734656954336,32.31656446018139,10,36.56516856571798,48.09628601614882,43.61069133405614,59.89836152534498
3930164,2747c2dc-8385-406c-a4cd-9c0d7fda8a68,4,Carry,13,33.6,62.13499999999999,10,43.01267939923232,57.53405630690476,14.52137690767244,44.07275864335395,42.90203280870522,40.36587847308032,36.27624876634738,5.00008914667006,3.24027479711296,1.3658680037311868,24.09640114128765,6.686734656954336,32.31656446018139,10,36.56516856571798,48.09628601614882,43.61069133405614,59.89836152534498
3930164,850ef79b-9e38-4e3a-976b-3a35897c73e7,4,Pass,14,31.237500000000004,64.42999999999999,9,39.12729827496118,54.33900080436722,15.21170252940604,47.03542563730085,45.709912377363565,42.31723822692835,37.04904297581891,6.0437766310989085,3.0998865656307752,4.153092698876662,21.82467529025685,8.17059024917689,28.47153325089457,10,33.43699389968775,44.9822251559347,45.66505694952982,60.27752201670825
3930164,85d73543-a0a5-4840-9dd0-2534cb1d8d45,4,Ball Receipt*,16,35.0,1.87,10,35.05469893208339,52.4105538245218,17.35585489243841,25.387060551375463,18.673902698056796,39.06070271983731,20.507409371572674,4.9405440891367185,3.8979635081541826,5.382571868267156,14.812241758542527,5.0401190731032735,18.406485731978847,10,23.250273622564595,36.60439824919062,29.61485133383797,61.501543181788385
3930164,10944277-83f1-4e65-b341-7393c908653c,4,Carry,16,35.0,1.87,10,35.05469893208339,52.4105538245218,17.35585489243841,25.387060551375463,18.673902698056796,39.06070271983731,20.507409371572674,4.9405440891367185,3.8979635081541826,5.382571868267156,14.812241758542527,5.0401190731032735,18.406485731978847,10,23.250273622564595,36.60439824919062,29.61485133383797,61.501543181788385
3930164,7bc4bf07-d301-40f5-8547-82ee8c72d5f9,4,Pass,17,40.3375,2.635,10,38.86813346045938,55.23847752471262,16.37034406425324,24.05194783129469,21.09444704684798,38.592363746117385,34.55022854795283,5.613686169615154,3.793599118749096,3.063119239511982,15.766196306683398,3.121076200085561,21.09968344009444,9,27.80312479162708,40.8237254247478,31.335536867371154,62.12452145011977
3930164,f7737b9d-fa91-4f2c-98f0-68774244348b,4,Ball Receipt*,18,51.625,10.115,9,45.93029264699924,58.73224194986649,12.80194930286725,22.815474448938357,22.799313191890445,41.268019526418804,31.203429565429712,3.3685068724612672,1.8752745235259778,5.8658208088443144,17.174471121257486,8.679302616025375,32.011545309466705,8,36.308121748571025,45.33947242845758,30.899844782931275,61.01888947553834
3930164,146fa097-f959-48a7-839f-793bdc7be2c8,4,Carry,18,51.625,10.115,9,45.93029264699924,58.73224194986649,12.80194930286725,22.815474448938357,22.799313191890445,41.268019526418804,31.203429565429712,3.3685068724612672,1.8752745235259778,5.8658208088443144,17.174471121257486,8.679302616025375,32.011545309466705,8,36.308121748571025,45.33947242845758,30.899844782931275,61.01888947553834
3930164,0c806f47-5458-4a19-975f-6ac5c3be4c0e,5,Ball Receipt*,17,7.9624999999999995,26.86,8,27.802916060985147,47.24435799780972,19.441441936824575,22.332647809785716,29.814322072752947,24.178856320274505,33.42155859698586,7.289882214396421,4.51908565328007,0.9428007694048688,12.170424651786139,14.149033740795133,7.962500333786011,10,16.703938094484577,31.861110798031042,30.015337872798586,44.42858609585623
3930164,d41e67e7-bda9-481b-b01a-7993405cf728,5,Carry,17,7.9624999999999995,26.86,8,27.802916060985147,47.24435799780972,19.441441936824575,22.332647809785716,29.814322072752947,24.178856320274505,33.42155859698586,7.289882214396421,4.51908565328007,0.9428007694048688,12.170424651786139,14.149033740795133,7.962500333786011,10,16.703938094484577,31.861110798031042,30.015337872798586,44.42858609585623
3930164,cf1a114a-c2e9-4248-8c6b-947b8f7e7269,5,Pass,29,38.675000000000004,56.440000000000005,10,40.92198679314453,60.093916746533736,19.17192995338921,34.41906911434191,47.269936042449736,32.44658741284544,35.452606414260295,7.661665306215378,4.175614976117829,4.199602616432841,13.81928540015867,4.475476241128632,26.122440542615184,10,37.31509493017423,49.06284485980069,40.697947599044575,52.50187252029624
3930164,0b00bf61-cdba-4907-99ed-646f6fcd0606,7,Pass,5,42.175000000000004,45.645,10,41.56717390129493,55.81244414040868,14.24527023911375,34.1321285575883,39.30623186796537,35.548628668783074,22.98730254857332,5.874386100433801,4.748026128753707,4.8411254166332895,12.778654386156596,3.5009781631926735,27.059420993188837,10,31.867660338843514,41.79842132811517,34.34891965040305,47.96072729674248
3930164,a303c2ec-f6a0-4139-926e-0f19783e9d39,7,Ball Receipt*,6,35.4375,64.77,10,40.76776718589956,56.71214492421312,15.944377738313563,41.73009817845802,39.10292181043583,32.608304928931915,38.10609784649876,5.992020173016763,4.240069546475211,2.7352459971332905,14.227711931535794,9.641924596850686,26.52081044388211,10,31.735553314204054,42.85137155931162,38.01923744223543,49.91897833706977
3930164,cfcee683-9724-4648-a8bd-b7019e26b6c9,7,Carry,6,35.4375,64.77,10,40.76776718589956,56.71214492421312,15.944377738313563,41.73009817845802,39.10292181043583,32.608304928931915,38.10609784649876,5.992020173016763,4.240069546475211,2.7352459971332905,14.227711931535794,9.641924596850686,26.52081044388211,10,31.735553314204054,42.85137155931162,38.01923744223543,49.91897833706977
3930164,cb14b604-1c38-4243-a68d-5ca122faa277,7,Pass,7,31.762499999999996,62.22,10,37.470791372421274,54.24429087341911,16.773499500997836,43.803755903412586,43.17832637633375,34.763083846162004,37.164991044711684,6.546420044298442,4.245441579763166,2.6312305374681415,12.49894705358679,10.948642157019954,22.10907838679166,10,28.26312146023859,40.54191149247595,40.108815976993476,46.10123587419697
3930164,37fc8882-d989-416c-8051-086dc8608d11,7,Ball Receipt*,9,18.1125,48.11,9,33.479191557132594,50.000687887083146,16.52149632995055,39.42258722872775,40.55468843562724,31.473395309799105,34.99100462850302,7.069116056702824,4.737416979902101,1.3826750724653323,10.587312054584654,9.415329774081279,18.11250066757202,10,24.08541722731617,37.40611762177217,37.47999259018973,47.27976523807485
3930164,1703c4c9-7b6e-41bc-985e-9be19482ef5f,7,Carry,9,18.1125,48.11,9,33.479191557132594,50.000687887083146,16.52149632995055,39.42258722872775,40.55468843562724,31.473395309799105,34.99100462850302,7.069116056702824,4.737416979902101,1.3826750724653323,10.587312054584654,9.415329774081279,18.11250066757202,10,24.08541722731617,37.40611762177217,37.47999259018973,47.27976523807485
3930164,7f0160ce-0d2c-4506-ab9f-8dcc38218fd1,7,Pass,12,18.55,44.029999999999994,8,27.079001571701667,44.41851313483636,17.339511563134693,40.23236479677367,29.331210332575427,25.190234415512663,26.726403992335182,6.559398693797889,5.767923805855221,2.338591137568873,9.108453856040043,2.4121168705817233,16.411016288316134,9,21.596347350027294,33.562643045677895,38.67129712625352,54.824533039187024
3930164,68ad17f8-1b9e-4940-868c-fcbe81ccc789,7,Ball Receipt*,15,41.475,1.785,9,34.591055012855165,54.10145353764831,19.510398524793146,25.785330686406706,31.175959223048785,39.40811661553343,34.84762386752832,7.708536676882318,3.6541893294408268,2.847343641799675,16.909362380541186,2.495111274932519,20.598548071090082,8,31.040226464203062,42.20423074462157,25.599640518651203,50.09564576839447
3930164,b42a8122-7ef4-4608-b0f1-cd5538bf4c36,7,Pass,15,41.824999999999996,1.4449999999999998,9,34.9410530101391,54.45145153493225,19.510398524793146,25.445330808000186,30.83595934464226,39.40811661553343,34.84762386752833,7.708536676882318,3.6541893294408268,2.847343641799675,16.909362380541182,2.495111274932519,20.948546068374018,8,31.390224461486998,42.554228741905504,25.259640640244676,50.095645768394476
3930164,3303c755-543f-4f7d-9bc8-e82c826ded89,7,Ball Receipt*,16,52.5875,1.4449999999999998,8,44.69258895432152,57.823688727360235,13.131099773038713,23.666049184196403,21.30582257472365,43.711580803562725,38.886098504687865,6.215886020782368,3.3206503889817776,7.717369382198626,14.402669402935613,15.694495215130264,35.493752392223925,7,42.172447881456755,48.23863687001354,21.75652971868078,49.21382408789327
3930164,7a0951f7-1fb6-4981-9a3b-1621392a3f7d,7,Carry,16,52.5875,1.4449999999999998,8,44.69258895432152,57.823688727360235,13.131099773038713,23.666049184196403,21.30582257472365,43.711580803562725,38.886098504687865,6.215886020782368,3.3206503889817776,7.717369382198626,14.402669402935613,15.694495215130264,35.493752392223925,7,42.172447881456755,48.23863687001354,21.75652971868078,49.21382408789327
3930164,0937698f-ca76-4bc8-a656-241a4eb1ce21,7,Ball Receipt*,6,25.900000000000002,12.92,10,42.359810500366265,59.48118478942578,17.121374289059517,14.600201275499543,21.448152810417266,28.26679091517027,39.1449956280896,5.5770182924405285,3.0974551307018143,3.1771248792129114,11.604359435933876,10.749039696639386,25.90000033378601,8,39.63145866158205,48.94022262412241,15.828209617890273,47.71098035385697
3930164,0b1fe559-856c-4fb9-b2b9-828ba3e91a0b,7,Carry,6,25.900000000000002,12.92,10,42.359810500366265,59.48118478942578,17.121374289059517,14.600201275499543,21.448152810417266,28.26679091517027,39.1449956280896,5.5770182924405285,3.0974551307018143,3.1771248792129114,11.604359435933876,10.749039696639386,25.90000033378601,8,39.63145866158205,48.94022262412241,15.828209617890273,47.71098035385697
3930164,7d342795-b0fc-4ac0-ab91-fe481a1896ad,7,Pass,8,21.787499999999998,18.7,10,36.59209385235596,54.19963602682457,17.607542174468612,20.033975546671865,26.573162527840754,30.748707099394977,37.54026256376445,8.698965275438042,3.5899427839334863,0.7773743500320691,12.309040401827861,10.266059811630793,21.78749966621399,9,36.37733458198329,46.3269796662162,25.377694347103443,62.54369329498075
3930164,153691a3-51b0-42e5-92a2-de0b053c5372,7,Ball Receipt*,11,8.75,35.529999999999994,10,26.717779375384133,48.9838726403452,22.266093264961064,37.312477540128974,24.529458961754933,27.01098889145324,31.89949319459305,9.453718138043719,4.108347342059807,4.516142809268981,9.499854798575953,3.8048138211264,8.75,10,19.270277335930572,35.4632743112535,32.97388450714614,64.3945068904631
3930164,84887ddd-095a-4dab-bc65-13b23f187362,7,Carry,11,8.75,35.529999999999994,10,26.717779375384133,48.9838726403452,22.266093264961064,37.312477540128974,24.529458961754933,27.01098889145324,31.89949319459305,9.453718138043719,4.108347342059807,4.516142809268981,9.499854798575953,3.8048138211264,8.75,10,19.270277335930572,35.4632743112535,32.97388450714614,64.3945068904631
3930164,1cc7aeb8-33b4-4577-ac21-a361d6f08f45,7,Pass,12,9.1,37.824999999999996,9,23.335210834016728,48.062119688679886,24.726908854663158,40.970437546829054,26.180974447544855,26.847183088066508,35.308694015593346,9.319225368871367,4.511785533782674,2.4294026606356525,10.596634702195459,4.583875407773995,9.09999966621399,10,16.4608517404993,33.86627028329375,34.986667789037725,62.01163844252911
3930164,89a8581a-9245-444c-bb1e-619b2047eee4,8,Ball Receipt*,13,45.237500000000004,1.615,9,39.25804775800695,56.778750522863305,17.520702764856352,14.289128899671397,24.129723089928653,22.440338303762115,29.59121975200429,4.846200418969886,4.910502201753539,0.7596262534030718,12.469082104653745,0.7884115999404031,31.957397278091786,8,39.57146314085962,47.81517471127024,21.584588141995685,48.19342808275676
3930164,402b8f03-4443-4fa8-95bc-ec70a6660354,8,Carry,13,45.237500000000004,1.615,9,39.25804775800695,56.778750522863305,17.520702764856352,14.289128899671397,24.129723089928653,22.440338303762115,29.59121975200429,4.846200418969886,4.910502201753539,0.7596262534030718,12.469082104653745,0.7884115999404031,31.957397278091786,8,39.57146314085962,47.81517471127024,21.584588141995685,48.19342808275676
3930164,500766db-0987-4301-95a6-a3cc2ac1bea4,9,Ball Recovery,6,56.4375,16.235,9,33.625971235598534,61.2291174082675,27.603146172668964,42.19670512607139,29.63125399402793,27.657086114399558,24.88243389150576,10.24468782730026,4.527344855674907,1.9275269592704802,15.637200821380691,5.0094096991860155,28.5740606089539,9,30.912765755495954,42.88528547782183,36.80728941025117,39.48141733556935
3930164,8decd511-69b5-4a7b-b74f-3ff6e93ac296,9,Carry,6,56.4375,16.235,9,33.625971235598534,61.2291174082675,27.603146172668964,42.19670512607139,29.63125399402793,27.657086114399558,24.88243389150576,10.24468782730026,4.527344855674907,1.9275269592704802,15.637200821380691,5.0094096991860155,28.5740606089539,9,30.912765755495954,42.88528547782183,36.80728941025117,39.48141733556935
3930164,37afaf0e-c136-4af5-ab37-8424dd1ec1b8,13,Ball Receipt*,5,49.4375,28.304999999999996,9,34.73373237727101,52.76774465788174,18.03401228061073,23.416259125067178,33.17869760455881,22.95951765732265,33.0861412889987,9.571987794949864,4.782800044117517,3.0096415571169786,8.388612551744838,5.9019759516728385,15.149830354389788,9,26.717497726925387,38.47244150407907,27.321046986740832,49.64603492403521
3930164,43c26cb4-cd4f-461b-aecb-89c0ad4b2cc9,13,Carry,5,49.4375,28.304999999999996,9,34.73373237727101,52.76774465788174,18.03401228061073,23.416259125067178,33.17869760455881,22.95951765732265,33.0861412889987,9.571987794949864,4.782800044117517,3.0096415571169786,8.388612551744838,5.9019759516728385,15.149830354389788,9,26.717497726925387,38.47244150407907,27.321046986740832,49.64603492403521
3930164,3cf3a7cb-6424-4611-acaf-d16d54b581bc,13,Ball Receipt*,6,62.125,63.324999999999996,9,40.46327445205968,51.09492610657167,10.631651654511991,22.923916234323535,40.50551052417721,57.90189229468098,30.18884203388996,4.03002788376219,4.988449682440431,0.33878519992566414,31.785545784794376,4.084453554115466,32.05349025151726,10,36.752863962552716,43.6588482211629,32.159339200595426,41.578678199114364
3930164,9485c661-ebcb-4322-bd10-a9a07e4ebbcc,14,Ball Receipt*,5,29.137499999999996,31.96,8,46.91295361590564,58.873415317045556,11.960461701139913,37.33838243916441,35.51505580890346,33.01993814736278,36.52960937200224,5.4585568517471135,4.634813210626444,2.4938866017828545,13.230720275654495,9.421800015833593,29.13749933242798,7,38.10697461341685,46.320835321723564,31.297675248653313,45.903645741627315
3930164,97be06c2-96dd-4ccf-bdb6-dcbaafff3571,14,Carry,5,29.137499999999996,31.96,8,46.91295361590564,58.873415317045556,11.960461701139913,37.33838243916441,35.51505580890346,33.01993814736278,36.52960937200224,5.4585568517471135,4.634813210626444,2.4938866017828545,13.230720275654495,9.421800015833593,29.13749933242798,7,38.10697461341685,46.320835321723564,31.297675248653313,45.903645741627315
3930164,0fa8ef97-d3b7-4beb-a907-eb4139caf4e6,14,Ball Receipt*,16,37.1,62.05,9,43.738053168485365,58.600527629349145,14.86247446086378,53.298477714800924,59.95631933181912,32.455418662540296,18.646123675713184,6.353284506231242,3.2960614785612026,4.756526073589768,13.36593058522702,2.100320709221819,37.10000133514404,6,43.58791304339496,48.80828286580441,60.999193802435855,29.281801675684754
3930164,24cdd00b-0b0a-47b0-b7eb-defc3eb449f6,14,Carry,16,37.1,62.05,9,43.738053168485365,58.600527629349145,14.86247446086378,53.298477714800924,59.95631933181912,32.455418662540296,18.646123675713184,6.353284506231242,3.2960614785612026,4.756526073589768,13.36593058522702,2.100320709221819,37.10000133514404,6,43.58791304339496,48.80828286580441,60.999193802435855,29.281801675684754
3930164,a653b403-c196-4765-89ab-ce2b08ccd849,14,Pass,17,37.1,62.39,9,42.25647206432711,58.0601254172568,15.803653352929686,54.2695630503879,60.45075859907743,32.81565095350365,20.568385430720582,6.3294119222519365,3.2238189616350326,5.805951347018805,12.996445798218481,1.2785327491945253,37.10000133514404,6,42.537536624567466,48.05508320199692,61.53687167126957,29.66952355044713
3930164,d5d10aa4-8e41-44eb-ad88-22730070c7d8,14,Ball Receipt*,18,35.35,66.97999999999999,9,40.21358491665235,56.866519550564504,16.652934633912153,50.47810858294153,55.74810029352186,33.70456758480752,20.187625425616446,6.201407697657965,3.2058932051248274,3.624990240120624,12.24387253620078,2.2848738135341904,35.35000133514404,5,40.84955449500542,44.12708430055267,59.09836110124371,30.88157004574279
3930164,bebd96e2-1e2e-4a18-b052-57e38f7014ff,14,Carry,18,35.35,66.97999999999999,9,40.21358491665235,56.866519550564504,16.652934633912153,50.47810858294153,55.74810029352186,33.70456758480752,20.187625425616446,6.201407697657965,3.2058932051248274,3.624990240120624,12.24387253620078,2.2848738135341904,35.35000133514404,5,40.84955449500542,44.12708430055267,59.09836110124371,30.88157004574279
3930164,5060b97b-6727-479b-b891-b51a7d09c579,14,Ball Receipt*,30,26.8625,45.05,10,34.29571074538849,50.097453857599994,15.801743112211504,35.01990199738991,31.72800884530573,33.203617901536276,20.063704743889122,4.782680555247641,4.6595303620190345,2.3278630897251205,11.130599513602956,2.785562861825653,26.86250066757202,8,30.77337115744195,40.19374210953092,43.57284724484874,41.577097160964
3930164,b96a1d27-57de-4880-b373-377feecb55a2,14,Carry,30,26.8625,45.05,10,34.29571074538849,50.097453857599994,15.801743112211504,35.01990199738991,31.72800884530573,33.203617901536276,20.063704743889122,4.782680555247641,4.6595303620190345,2.3278630897251205,11.130599513602956,2.785562861825653,26.86250066757202,8,30.77337115744195,40.19374210953092,43.57284724484874,41.577097160964
3930164,52f8a153-b237-45f8-a9e0-111e103ab2a8,14,Pass,31,31.150000000000002,44.370000000000005,10,37.16114924788998,53.17930768694577,16.01815843905579,34.819128973062014,31.57121167281612,32.544207809571176,20.877157574519828,4.963580999211266,4.49857044452342,1.143229488743426,13.268770894472897,2.4834634608440638,31.149998664855957,8,34.23424222379757,43.34378463728457,43.064535904023614,40.72758177118452
3930164,da95c002-efff-45ed-a530-22eba566fe8e,14,Ball Receipt*,32,37.1,40.714999999999996,9,41.67184185201764,57.040855983189076,15.369014131171433,40.7918553724282,37.63588207767143,31.727855038530485,31.600812611033678,4.681930504594124,0.9219204072626073,5.104210987411683,14.94732235305765,7.896384648483465,33.892491001991885,8,36.05715798187491,44.521010863006865,45.92820107301601,40.632961986061396
3930164,5cff1260-ae45-4fe0-8f88-cc84bdbae6a0,14,Carry,32,37.1,40.714999999999996,9,41.67184185201764,57.040855983189076,15.369014131171433,40.7918553724282,37.63588207767143,31.727855038530485,31.600812611033678,4.681930504594124,0.9219204072626073,5.104210987411683,14.94732235305765,7.896384648483465,33.892491001991885,8,36.05715798187491,44.521010863006865,45.92820107301601,40.632961986061396
3930164,7b849f38-407c-46b9-8737-dad826a95fd0,14,Pass,33,38.15,43.265,9,42.69571722155176,57.33060118860364,14.634883967051877,42.97678061657136,38.20665971090083,30.42800820733805,31.413579723041394,4.648836246925068,0.9240345376520367,1.2384079743412215,17.80074635806169,9.134979462331092,33.14323060929154,8,36.49946018862977,44.55033204522858,45.9451249941102,38.355151860334935
3930164,f1d3048b-723b-48a0-8973-dfec96fa96dd,16,Ball Recovery,5,26.775000000000002,13.77,8,29.627261635561002,44.872490760055506,15.245229124494504,16.351829654995512,25.451087104234446,17.727137748589076,33.32419137512379,8.063525146753435,4.074173178329144,0.047565769235834665,8.554626087793467,11.922052497029512,18.72147518170842,9,26.548303585505728,35.258108715743845,21.68791010083514,42.07477498155018
3930164,c30102b7-efb8-4d90-876a-89c0e97803f8,16,Carry,5,26.775000000000002,13.77,8,29.627261635561002,44.872490760055506,15.245229124494504,16.351829654995512,25.451087104234446,17.727137748589076,33.32419137512379,8.063525146753435,4.074173178329144,0.047565769235834665,8.554626087793467,11.922052497029512,18.72147518170842,9,26.548303585505728,35.258108715743845,21.68791010083514,42.07477498155018
3930164,80824c58-922d-47fd-aa80-77dc8b976e4d,16,Ball Receipt*,13,6.5625,28.389999999999997,8,26.763489376270535,45.52335671711226,18.759867340841723,20.286591391420263,31.386911347124492,28.776874787477617,31.325492906348117,7.1693778357427576,4.923395644751541,3.500662378467963,13.713443715026916,12.450526398485799,6.5625,9,16.18267668995878,29.623759680161292,25.286341202332423,53.04666871516399
3930164,0b75f2c0-7c34-4800-af04-afc5a8382879,16,Carry,13,6.5625,28.389999999999997,8,26.763489376270535,45.52335671711226,18.759867340841723,20.286591391420263,31.386911347124492,28.776874787477617,31.325492906348117,7.1693778357427576,4.923395644751541,3.500662378467963,13.713443715026916,12.450526398485799,6.5625,9,16.18267668995878,29.623759680161292,25.286341202332423,53.04666871516399
3930164,a554214c-a501-4de9-9ec1-d25232b09482,16,Pass,25,28.962500000000002,46.41,10,35.91622227868772,49.42387922269476,13.507656944007039,36.2677992298777,47.99749113672481,34.35051562776942,24.20415327180288,6.046084025676703,4.105525954002836,0.602553004343811,20.663001251619512,5.358535191290009,28.59681504651267,10,32.4260167266806,40.91586588804682,40.37336833878228,40.271440092058015
3930164,de0107c8-c74d-4e96-9535-71164d1fff4e,16,Clearance,29,28.4375,24.735,9,33.39152843200887,48.30488579828713,14.913357366278262,26.727300791741374,30.506253816269297,26.046322947650744,29.217677773838638,4.88180674514424,3.7539874041746155,1.0996210985685906,9.47834332895796,3.9447456595810877,24.2465715484587,10,28.32858204377648,37.28376133720328,29.998705104488447,28.83477374851801
3930164,972766f3-860e-4a93-b950-b111119dc6d9,16,Pass,31,32.637499999999996,17.935000000000002,8,30.190663756325584,45.853608209793244,15.66294445346766,26.385247022615346,30.19452156513412,22.587531966222798,28.699535527665653,4.586367054197528,3.07564440252609,0.7300730249729952,9.927374388664031,10.866765126384006,19.82178385480202,9,24.58733308737145,33.010919711502076,28.620989223424843,26.23771304381483
3930164,8b2cd05c-df63-4234-b3e4-a02a9497f4db,17,Pass,5,18.900000000000002,13.515,8,36.556152723359325,52.58502652124466,16.028873797885332,13.258409836167383,27.817996689848645,17.107363817362863,37.04661715686962,8.578570015186207,2.5151464122546123,1.143483315313743,6.270697489095861,11.567801737736225,18.90000033378601,8,29.6421954331122,36.89791552204875,23.064054335975076,47.23449297737341
3930164,8ea0b73d-6a98-4bdb-a859-f51e745795ad,17,Ball Receipt*,7,17.5,19.465,10,36.7367038678537,49.401066017202254,12.664362149348555,31.256290567712945,25.607894630101597,33.068210739004456,28.466874880872318,4.677074128421435,4.226478724770547,6.018899578102072,11.535406406282444,4.12847976001089,11.028644680525183,10,20.133780307164773,34.66676394192998,37.03913263116827,64.76559352539887
3930164,325ec5fa-5148-4621-a84d-778ec123cee1,17,Pass,9,24.587500000000002,17.935000000000002,10,35.343748418410755,50.298029756887814,14.95428133847706,25.214588445084296,27.441274219893394,21.82017163167499,42.33067965616902,5.970787487895923,4.927288918048447,0.7898426221180053,9.555027786940226,12.98859324333305,10.395150468456118,10,21.918645008640773,35.78725016879167,36.468483731108414,64.93118481929358
3930164,ba7716e6-a133-4f1c-9c50-bc282f6b8fa3,18,Ball Receipt*,12,50.6625,9.605,10,36.08135571396033,48.792141533621255,12.710785819660927,15.305086390519737,30.955851910145284,28.934312132256732,39.106509385854,3.2436683870916663,4.687348009864367,0.7989604339487393,17.903323762226407,5.871762984245386,22.41192160893423,9,29.426078185593894,41.15187952648701,33.3202670702844,63.122602910830494
3930164,ffdb8550-ca50-4a52-aad1-3ebbdf847a1c,18,Carry,12,50.6625,9.605,10,36.08135571396033,48.792141533621255,12.710785819660927,15.305086390519737,30.955851910145284,28.934312132256732,39.106509385854,3.2436683870916663,4.687348009864367,0.7989604339487393,17.903323762226407,5.871762984245386,22.41192160893423,9,29.426078185593894,41.15187952648701,33.3202670702844,63.122602910830494
3930164,64a66475-44c8-49a8-b1f7-a3e7c1a6e22f,18,Pass,13,45.675000000000004,6.8,10,39.21824900481571,49.79933763578443,10.581088630968722,23.77187303966616,19.403197354207173,40.493546518160905,35.12897568647256,4.010356668923372,4.779344855163861,3.8729021751601067,16.186316864654955,2.580903567303104,24.1605457611927,9,31.609215975263325,42.27967768438314,32.479167113781514,62.461034134750456
3930164,c9adf743-484b-4343-a7f5-1a61ea35ebfe,19,Pass,8,20.3,26.435000000000002,10,38.278842212305086,59.00329305260736,20.724450840302275,32.16021919558004,14.610845377073076,36.88075284725761,28.133628567909238,9.468010799379774,3.4385773025097395,0.8485596835525939,16.09181505785802,1.0331733735045514,20.30000066757202,11,24.118552603227705,43.11364556384997,27.639952884021124,64.77905410731086
3930164,bc417d06-1043-4def-b33e-5151ef1b7c10,20,Ball Receipt*,10,23.8875,48.11,10,35.22368291567425,57.14307542898146,21.91939251330721,37.83211542800877,18.648984564455652,38.604146833544206,29.277607348242896,8.25749731200944,3.665015858821242,5.07769691852819,11.912223954714364,3.2392384983894473,16.97597135702367,11,22.77506534868227,41.08882369281927,31.50352527786367,64.78574468969092
3930164,fb68955b-4772-415a-83d6-7c67acccb520,20,Carry,10,23.8875,48.11,10,35.22368291567425,57.14307542898146,21.91939251330721,37.83211542800877,18.648984564455652,38.604146833544206,29.277607348242896,8.25749731200944,3.665015858821242,5.07769691852819,11.912223954714364,3.2392384983894473,16.97597135702367,11,22.77506534868227,41.08882369281927,31.50352527786367,64.78574468969092
3930164,9ebb091c-1b86-46b3-b8b5-b45fba7702ed,20,Pass,10,23.8,51.085,10,35.227937143903944,57.134170599116445,21.9062334552125,41.82899770553287,22.347220729777245,37.542766823131586,29.793459259245623,8.013978720870446,3.6460061183775,5.65207444567703,11.235797703705323,2.194588381499493,16.511618199047447,11,22.816382216938834,41.12610695848579,35.04770985537661,63.66684548480237
3930164,69f0072a-c76a-4902-a386-3f20d1f87f0a,20,Ball Receipt*,11,16.45,36.379999999999995,10,31.149437341181407,54.20467607291114,23.055238731729734,39.83260506980363,28.281228462730418,36.51871563401223,49.48322473411682,9.120239047664462,3.813773885313995,5.140766382359118,13.04791997791579,12.84399314631159,16.44999933242798,11,20.990937478319015,38.759310292138935,33.029754977601414,62.38210701128689
3930164,6cc15ef0-55a1-4bf3-8a3b-f2da2b587b54,20,Carry,11,16.45,36.379999999999995,10,31.149437341181407,54.20467607291114,23.055238731729734,39.83260506980363,28.281228462730418,36.51871563401223,49.48322473411682,9.120239047664462,3.813773885313995,5.140766382359118,13.04791997791579,12.84399314631159,16.44999933242798,11,20.990937478319015,38.759310292138935,33.029754977601414,62.38210701128689
3930164,5d7889c1-7e3e-44e0-aab7-322fffd7463f,20,Pass,12,16.8,40.885,8,29.83235225553072,51.07305886225266,21.24070660672194,43.283246898028054,22.91600835507729,34.315524244498995,31.229676798309395,10.471538776780617,3.826753354188353,2.96634694412532,16.42521835359979,12.312582810619048,16.80000066757202,9,20.325949092502643,33.291773829355215,36.142196891251274,63.35348195409792
3930164,df38fd6f-46ab-4054-b55f-a77c5e01eb9a,20,Ball Receipt*,5,32.4625,3.4,8,32.48448796741857,49.533712881287364,17.04922491386879,17.151379473543226,25.312880267969348,19.39666824530758,26.579651807022493,5.523758447135683,0.6462898873252423,0.5388149733681971,13.653219882847013,5.388731117167865,25.493195281359277,8,29.688765751923114,34.86299981222037,18.819776991310743,39.690897577167476
3930164,8b5c0188-0ab5-49c1-b685-2aee1539e48b,20,Carry,5,32.4625,3.4,8,32.48448796741857,49.533712881287364,17.04922491386879,17.151379473543226,25.312880267969348,19.39666824530758,26.579651807022493,5.523758447135683,0.6462898873252423,0.5388149733681971,13.653219882847013,5.388731117167865,25.493195281359277,8,29.688765751923114,34.86299981222037,18.819776991310743,39.690897577167476
3930164,12067181-0eca-4a59-8553-308ea04bb2ba,20,Pass,6,32.637499999999996,1.785,8,32.87755065687412,49.71154971738844,16.833999060514323,16.96820128970354,25.145774013870536,23.212557390806506,25.398892214938748,5.700662806908389,1.1792947700426097,1.9407751505398352,13.921084319142837,2.801765928239492,25.171269618881592,9,29.42202027833911,36.60976418765204,16.844397979169777,41.35079860283284
3930164,2f17b820-145a-4305-9f72-88f8bea4affc,22,Ball Receipt*,12,40.6,63.665000000000006,8,30.78461926336949,43.75341396520944,12.96879470183995,49.03659432230076,50.54070554219387,33.5620509735249,28.662297110802264,5.176164285022864,5.101157431268492,7.2476892088190255,9.048151412213947,10.542045186211574,23.52337590005231,6,29.26202110227773,35.31013421976553,45.49560070040681,43.94884710516419
3930164,87703bf8-3bac-48c4-ad98-51a68e5877ae,22,Carry,12,40.6,63.665000000000006,8,30.78461926336949,43.75341396520944,12.96879470183995,49.03659432230076,50.54070554219387,33.5620509735249,28.662297110802264,5.176164285022864,5.101157431268492,7.2476892088190255,9.048151412213947,10.542045186211574,23.52337590005231,6,29.26202110227773,35.31013421976553,45.49560070040681,43.94884710516419
3930164,ad90d9a5-28bc-48d1-a410-d80b8cc6495f,22,Miscontrol,12,40.862500000000004,63.324999999999996,9,33.19230249034273,47.377670463708384,14.18536797336565,52.58895792989345,41.18884440822243,33.05359851616699,39.465633341910966,4.673659662166677,5.918249535434535,1.955994963113362,18.508428800112227,5.025249757563287,27.330198203241103,6,36.25651540419598,41.990296857264205,49.512777890442656,46.940777855758704
3930164,eb1bc49b-0961-4b5b-9f62-ffc857d456c6,23,Ball Receipt*,25,17.587500000000002,36.125,10,41.37896044468008,54.15856148053967,12.779601035859585,28.760551031538693,37.704882849506056,20.24444973082931,39.10895048211164,4.729695597548045,4.133409316125672,2.282869892554885,7.226630619635301,2.2201268604294526,17.58750033378601,10,28.429162711190543,40.55169151920636,34.98569509391728,60.25490419001113
3930164,448fa874-74c9-4196-aa5e-70c93e42f52f,23,Carry,25,17.587500000000002,36.125,10,41.37896044468008,54.15856148053967,12.779601035859585,28.760551031538693,37.704882849506056,20.24444973082931,39.10895048211164,4.729695597548045,4.133409316125672,2.282869892554885,7.226630619635301,2.2201268604294526,17.58750033378601,10,28.429162711190543,40.55169151920636,34.98569509391728,60.25490419001113
3930164,23860534-5c48-4d4d-8c4e-5507a4ebae1f,23,Pass,26,16.712500000000002,33.32,10,38.06502742178411,51.63322564816023,13.568198226376118,32.469914020338365,35.290693643296,34.303967525085994,26.362533258083392,3.914339821758992,4.214824278652259,6.834486429021915,12.306235818699228,4.728956224421211,16.71250033378601,9,25.17581183003201,35.02493216969055,35.544409620841186,63.35195697444422
3930164,5b76a6b1-31cb-4db5-b43b-9b5b55ad795b,23,Ball Receipt*,27,23.1875,46.41,10,36.70982384381561,50.79103668172995,14.081212837914336,38.303280095430445,32.720234878312226,34.48674012871837,23.073747966239825,3.7000624538457196,3.834571415171688,6.4702583102778455,12.94687402892508,3.8191311280965934,16.004656278295506,11,23.739065119234603,37.38543096759869,39.62081502989019,61.41539705249765
3930164,011710d3-260d-4109-8ea2-0bce76e2e511,23,Carry,27,23.1875,46.41,10,36.70982384381561,50.79103668172995,14.081212837914336,38.303280095430445,32.720234878312226,34.48674012871837,23.073747966239825,3.7000624538457196,3.834571415171688,6.4702583102778455,12.94687402892508,3.8191311280965934,16.004656278295506,11,23.739065119234603,37.38543096759869,39.62081502989019,61.41539705249765
3930164,90259215-1a9e-45bd-86fa-b906980f8b2d,23,Pass,30,23.1875,46.41,10,34.47762362315706,50.16110423283055,15.683480609673495,39.24819952248012,35.05792141313539,30.652670976631093,26.059733098664132,5.372311154399189,3.9756898085743093,1.3838165110759277,10.749728179669766,5.485334312287641,23.1875,8,29.21398665207894,40.32010017314987,46.53999857526456,47.96966255102172
3930164,cc881aea-b452-4463-8233-72b4ec835279,23,Ball Receipt*,30,30.887499999999996,41.31,9,34.73513726067161,51.31698857809357,16.581851317421965,40.19709120477564,35.655159892806246,29.9200397451837,25.849414677126084,5.51669528616927,4.143616346689216,1.542744143974673,9.936043276459941,5.490430765256782,24.891925571200176,7,29.753006440656613,39.167426096194525,43.79822962968797,49.005253373117505
3930164,25a7deec-9860-49ee-bc0e-9718f0e8899c,23,Carry,30,30.887499999999996,41.31,9,34.73513726067161,51.31698857809357,16.581851317421965,40.19709120477564,35.655159892806246,29.9200397451837,25.849414677126084,5.51669528616927,4.143616346689216,1.542744143974673,9.936043276459941,5.490430765256782,24.891925571200176,7,29.753006440656613,39.167426096194525,43.79822962968797,49.005253373117505
3930164,109af635-8059-4749-bce2-934e7a0c6ccf,24,Ball Receipt*,36,32.4625,3.995,9,33.36473867626495,52.034550452947514,18.669811776682565,30.24369647293319,36.3185141395853,39.83930378528916,21.565203415521562,4.506341312124575,4.579684309177699,4.870772391232599,11.764565545616097,4.501480854510625,19.515415553557148,9,23.951797713063968,35.3680676948124,38.83184583095944,60.50065082371884
3930164,b477ca2c-b353-4386-b8af-d0e9afa19e89,24,Carry,36,32.4625,3.995,9,33.36473867626495,52.034550452947514,18.669811776682565,30.24369647293319,36.3185141395853,39.83930378528916,21.565203415521562,4.506341312124575,4.579684309177699,4.870772391232599,11.764565545616097,4.501480854510625,19.515415553557148,9,23.951797713063968,35.3680676948124,38.83184583095944,60.50065082371884
3930164,fd7244d2-55db-4dec-b1d9-3da6fe2ffc6c,24,Pass,37,32.4625,3.8249999999999997,9,34.393797043946876,52.71694648325628,18.323149439309404,28.40480622015491,35.441406772743115,40.79486664208845,21.478006253022556,4.747736304329817,4.634913512487452,4.730299397301561,12.58757783703674,3.8175833386543303,19.691194459047782,9,24.111252810936513,35.75176965815443,38.117695760902365,59.464700523642385
3930164,1b2bd821-fe86-4a08-91b4-3657b54aeac9,24,Ball Receipt*,53,27.037499999999998,62.9,10,35.33807546434157,52.31268543100559,16.97460996666402,42.90916691031307,49.682999541947574,31.562462773932843,22.018767662864107,3.2781339029944787,3.7298329171087117,5.217585786306643,11.457552649187704,4.841323861346808,21.26763546426736,7,27.545880571557042,37.69205783134164,51.58823952487911,35.05273801910577
3930164,d2d1eb6a-1469-45f7-99bb-2563b1d56b4f,24,Carry,53,27.037499999999998,62.9,10,35.33807546434157,52.31268543100559,16.97460996666402,42.90916691031307,49.682999541947574,31.562462773932843,22.018767662864107,3.2781339029944787,3.7298329171087117,5.217585786306643,11.457552649187704,4.841323861346808,21.26763546426736,7,27.545880571557042,37.69205783134164,51.58823952487911,35.05273801910577
3930164,610269b8-3bd7-4e07-a58c-1c0c17017ced,24,Pass,59,28.262499999999996,32.385,10,37.15413999202999,53.691598444879034,16.537458452849044,36.07634105776846,43.302696733316324,33.4837113620959,20.500749329597262,3.1734623791267036,4.157153730586436,5.977885878751451,9.922298516300273,3.8964017947374785,23.37777798836671,9,30.797928539528712,41.24961851150029,39.465517173821965,60.51157892856488
3930164,99695697-485b-4566-a637-ac27f1afdf32,24,Ball Receipt*,61,28.087500000000002,50.574999999999996,10,39.51394850890266,54.97855283593249,15.464604327029832,41.985047309396364,41.31916705955623,31.108278218752115,24.700604333524453,3.716990965551505,4.129086104979446,6.199026884029831,9.114044060908576,4.679972930044315,28.087498664855957,8,34.087648528973105,44.218427506317994,50.422635972140384,51.77576642988373
3930164,f2c335da-e892-4c20-8ca1-5f3c9606b59b,24,Carry,61,28.087500000000002,50.574999999999996,10,39.51394850890266,54.97855283593249,15.464604327029832,41.985047309396364,41.31916705955623,31.108278218752115,24.700604333524453,3.716990965551505,4.129086104979446,6.199026884029831,9.114044060908576,4.679972930044315,28.087498664855957,8,34.087648528973105,44.218427506317994,50.422635972140384,51.77576642988373
3930164,1cbc394f-dc21-4bd3-a5d4-99a0c7273989,24,Pass,61,29.400000000000002,47.43,10,40.301641004869715,55.7402834423342,15.438642437464488,37.59336083340919,37.09789668638072,32.026418091622446,25.034956741602215,4.038297533553889,4.285104573962522,6.011086697452118,10.33031560511401,3.654274295942372,29.399998664855957,8,34.92363786615903,45.00591991820565,45.96875035285783,50.25928664492657
3930164,6a375776-1088-4279-bc99-139fd4648be8,24,Ball Receipt*,62,39.725,44.029999999999994,10,41.21446642308265,56.5020786661006,15.287612243017954,40.86754413446924,40.39599065181601,32.50145830357728,26.103972796131693,4.343344640035139,4.3061399381210395,5.179188204942868,11.377096559440979,3.044100181463861,31.76548064125254,8,35.988225475718906,45.94319344222056,48.39562168526864,50.30011646874722
3930164,d1417896-421c-4f83-9278-a554541219b4,24,Carry,62,39.725,44.029999999999994,10,41.21446642308265,56.5020786661006,15.287612243017954,40.86754413446924,40.39599065181601,32.50145830357728,26.103972796131693,4.343344640035139,4.3061399381210395,5.179188204942868,11.377096559440979,3.044100181463861,31.76548064125254,8,35.988225475718906,45.94319344222056,48.39562168526864,50.30011646874722
3930164,a2483915-2f7f-454c-af62-f48facf99541,24,Ball Receipt*,67,65.97500000000001,3.74,8,34.42487533619451,50.557583066937156,16.132707730742645,34.245348871150156,32.52149995249899,59.45513365908501,30.433502673886117,3.8829726780087284,1.6295741414714862,3.3996539017448555,21.9680141328498,7.295613222638451,30.157245370336902,9,30.7402621752563,37.963568390560056,34.92728167159234,28.715427412013028
3930164,58fa451d-d7f1-4172-aad4-4559de77e7c9,24,Ball Receipt*,71,67.28750000000001,43.35,8,36.572819552597345,52.00247701662666,15.429657464029319,21.47124228672488,23.10629281492621,37.42503454408078,22.344112603840863,5.973561989135237,1.901202372183041,1.600337736928413,15.537902090582262,8.786045633061262,29.697384240807782,10,30.802151601170248,38.836280576594575,28.549848126438143,30.551211853114935
3930164,bbe26051-badf-4910-9026-9e5c7527d84f,24,Ball Receipt*,7,13.475,39.949999999999996,8,35.306231105327626,48.93506309414687,13.628831988819243,36.3351593365163,30.90774095365642,42.14379872219375,25.672011667083055,5.033472139773499,4.011067463581323,7.895732351478507,14.865969058113677,12.098738490050827,13.47499966621399,9,23.434858882517958,34.635801957002585,34.077200397504996,55.06679049715403
3930164,42324720-439a-4d7c-887e-32b2cac84746,24,Carry,7,13.475,39.949999999999996,8,35.306231105327626,48.93506309414687,13.628831988819243,36.3351593365163,30.90774095365642,42.14379872219375,25.672011667083055,5.033472139773499,4.011067463581323,7.895732351478507,14.865969058113677,12.098738490050827,13.47499966621399,9,23.434858882517958,34.635801957002585,34.077200397504996,55.06679049715403
3930164,7772c9a4-88ff-4584-aeee-67b12425bd24,24,Pass,14,23.8,55.42,8,29.995829630199882,45.77666345793347,15.780833827733591,36.15506690141858,41.61099853205786,37.96056276646303,31.110550054563202,7.322225934092654,4.262462769943563,4.979820202687783,13.732737928622598,8.835350897577815,17.508226610387858,8,26.382596165255908,35.07851408140152,37.28301518552337,56.38971753933558
3930164,4d696fbf-5b8f-4c19-ae62-0449e7492c1e,24,Ball Receipt*,15,46.8125,36.635,10,34.329833038659864,50.138035544272846,15.808202505612982,35.476836798997496,36.899193132251156,39.553668634646876,33.65277673173456,7.627045025284835,4.8703574864744414,7.0541769642470005,13.94316298501084,4.819300171552857,22.157749550633795,9,35.44784905009885,44.66833190036189,34.77051767520814,58.37522882074507
3930164,6a5c8550-0c86-4f35-b4da-32a8fde9b4e3,24,Carry,15,46.8125,36.635,10,34.329833038659864,50.138035544272846,15.808202505612982,35.476836798997496,36.899193132251156,39.553668634646876,33.65277673173456,7.627045025284835,4.8703574864744414,7.0541769642470005,13.94316298501084,4.819300171552857,22.157749550633795,9,35.44784905009885,44.66833190036189,34.77051767520814,58.37522882074507
3930164,1bb47f63-b2e2-41c0-8ec4-2d5f8e5ac1d2,24,Miscontrol,15,47.775,37.06,10,35.29233170351582,51.1005342091288,15.808202505612982,35.90183679899749,37.32419313225116,39.55366863464687,33.65277673173456,7.627045025284835,4.8703574864744414,7.054176964247002,13.943162985010837,4.819300171552857,23.120248215489752,9,36.41034771495481,45.63083056521785,35.19551767520815,58.375228820745086
3930164,f5a0c53f-ab06-4d5a-938e-ed64db032607,26,Ball Receipt*,9,12.6875,34.339999999999996,10,39.089770654102914,54.49836201455963,15.408591360456718,37.60630964617426,37.0897026777545,32.21535803503909,30.6763494549778,5.941981073784279,2.8163704959475813,2.402336104801165,13.253690833696734,8.716180342613026,12.6875,9,23.174332366906903,38.150239613947036,35.76279145546486,59.99184256679181
3930164,6bb103fa-e59c-4231-83de-ec562615d25e,26,Carry,9,12.6875,34.339999999999996,10,39.089770654102914,54.49836201455963,15.408591360456718,37.60630964617426,37.0897026777545,32.21535803503909,30.6763494549778,5.941981073784279,2.8163704959475813,2.402336104801165,13.253690833696734,8.716180342613026,12.6875,9,23.174332366906903,38.150239613947036,35.76279145546486,59.99184256679181
3930164,d83a101b-c84a-4572-a040-7f7ca64598c1,26,Pass,11,11.637500000000001,31.96,10,34.63746136942714,49.26249721664082,14.625035847213674,35.59529423659676,27.289746159249667,32.18802381899848,21.920589496575477,5.7948668589231325,3.856284118732693,1.0178531974750697,12.741588099828334,4.723169868906087,11.637500166893005,11,18.73669717851886,36.133121021314,32.99333796979971,61.44744234877228
3930164,9ae3a257-c254-4c29-af33-8194ffc7f59c,26,Ball Receipt*,12,16.8875,43.18,10,33.62180222946932,49.433053895601766,15.81125166613245,35.83867638894869,32.16694000204343,32.08440166217377,23.981529330394505,4.931406817529118,4.0358436730130824,4.672998243015215,11.7872226871443,4.131800567828787,12.185419717925457,10,20.6534705724741,36.19225107855505,37.59634496423382,64.06916058289569
3930164,990458e7-eeee-4334-8305-73d822003cb9,26,Carry,12,16.8875,43.18,10,33.62180222946932,49.433053895601766,15.81125166613245,35.83867638894869,32.16694000204343,32.08440166217377,23.981529330394505,4.931406817529118,4.0358436730130824,4.672998243015215,11.7872226871443,4.131800567828787,12.185419717925457,10,20.6534705724741,36.19225107855505,37.59634496423382,64.06916058289569
3930164,c4ae4a29-6961-4fc1-bce1-9133d0f319a5,26,Pass,16,21.7,45.22,10,36.45674492934286,51.28723512847851,14.830490199135646,41.06083316482169,34.0691584347347,29.56340732921364,24.758066066685057,4.396760613960883,5.281251233130839,3.6621862437317816,11.715938707859408,4.274541744699626,21.69999933242798,8,28.45213400946269,40.17072732093227,45.19304519090571,54.96032123537515
3930164,da3adb02-df3e-460c-9c83-7b43b6a3b510,26,Ball Receipt*,19,20.7375,18.615,10,35.691645923594976,51.56223543750717,15.870589513912194,31.48584757668662,37.470002242392546,30.798589283520275,19.069433525140454,4.756845478385934,5.9094542974767945,3.580027637850378,10.669315345230096,1.9817704466203736,20.73750066757202,10,25.981706881937598,38.210499699470105,33.673399356368414,64.13396729419827
3930164,5969497d-d4d6-4a31-aa88-7b3e2613f437,26,Carry,19,20.7375,18.615,10,35.691645923594976,51.56223543750717,15.870589513912194,31.48584757668662,37.470002242392546,30.798589283520275,19.069433525140454,4.756845478385934,5.9094542974767945,3.580027637850378,10.669315345230096,1.9817704466203736,20.73750066757202,10,25.981706881937598,38.210499699470105,33.673399356368414,64.13396729419827
3930164,58ee3ecb-d0f5-4570-8712-3c704bc6389a,26,Pass,20,27.3875,18.105,10,37.24754435825826,53.3347739252395,16.087229566981243,29.5173391598398,37.44554512358977,33.78742848626167,19.136787072279805,4.6233423147296255,5.626257296397738,0.5675887280156822,15.643158418214476,0.9505008999163032,22.957043401543437,10,29.238070090744564,40.336640391416914,33.44484411158054,62.677029798542364
3930164,23891300-712a-4731-b5d9-2a6cf763d699,26,Ball Receipt*,21,35.4375,5.865,9,38.018947288488505,53.79539501551163,15.776447727023125,29.203310821792485,37.8405481920077,37.23619506464425,20.601421816130703,3.977267328987317,5.010916266568659,0.9605197422553857,18.120876351249027,0.3385429065009724,22.56122586335268,9,28.41766040794448,37.73242548824266,37.51201521609328,63.19484427480795
3930164,6e5ec751-09a8-41a9-968e-e5ab5c05406d,26,Carry,21,35.4375,5.865,9,38.018947288488505,53.79539501551163,15.776447727023125,29.203310821792485,37.8405481920077,37.23619506464425,20.601421816130703,3.977267328987317,5.010916266568659,0.9605197422553857,18.120876351249027,0.3385429065009724,22.56122586335268,9,28.41766040794448,37.73242548824266,37.51201521609328,63.19484427480795
3930164,b1738ff1-ef1c-48a5-8436-064d0bbd3de5,26,Pass,22,36.4,3.57,9,39.20227818533911,55.228209317730155,16.025931132391044,24.858286187536265,34.30089079974217,41.12374441197687,21.152879017467843,3.960817461029531,4.924822869375566,0.5750899652322872,19.300056616494373,0.4539375290291332,23.255219915377303,8,31.323076338739522,40.099083158936736,36.43441352222227,61.84858993270284
3930164,cf4721ef-2279-4172-83d6-477203ec9b5d,26,Ball Receipt*,23,55.65,7.055000000000001,10,43.50708592223191,57.54414976902214,14.037063846790232,22.93494530896167,28.064242463014992,42.72072248144464,40.13765081038226,4.439433615871657,4.20975735975581,0.5703438647757473,20.309022416731434,8.399015846956122,25.48201037695515,9,34.33826745131475,44.84621455294404,32.514599131455924,63.69394392296729
3930164,ceea6ba7-0c94-4cd6-8b06-9f0b9bd89849,26,Carry,23,55.65,7.055000000000001,10,43.50708592223191,57.54414976902214,14.037063846790232,22.93494530896167,28.064242463014992,42.72072248144464,40.13765081038226,4.439433615871657,4.20975735975581,0.5703438647757473,20.309022416731434,8.399015846956122,25.48201037695515,9,34.33826745131475,44.84621455294404,32.514599131455924,63.69394392296729
3930164,c0749df0-8456-4c9b-b253-e753e5f502d2,27,Ball Receipt*,5,38.0625,24.48,10,38.90641271624516,54.29423512711624,15.387822410871081,27.519917100085138,23.433007009957606,32.05580328283033,24.354680133773403,5.524817326683647,4.089431082422916,3.860840968936195,14.70295401354943,4.782890101366213,30.91083212719444,8,37.2784688889333,45.40172388617479,34.980877270726914,60.62521637723077
3930164,35f9a6a4-23d6-4061-869f-4e5250dd82b2,27,Carry,5,38.0625,24.48,10,38.90641271624516,54.29423512711624,15.387822410871081,27.519917100085138,23.433007009957606,32.05580328283033,24.354680133773403,5.524817326683647,4.089431082422916,3.860840968936195,14.70295401354943,4.782890101366213,30.91083212719444,8,37.2784688889333,45.40172388617479,34.980877270726914,60.62521637723077
3930164,6a231199-1c46-4fcf-aa8a-083819d07d5b,27,Pass,7,39.025,26.349999999999998,10,40.52555844057227,55.34802986205999,14.82247142148772,31.826095130624832,34.09320024608817,22.4579484161043,31.07911387344602,5.207073660099785,3.9207884303344294,1.1316345757727468,10.967399934331283,9.879428684115034,30.60781495946435,9,37.156208087367595,47.0177755995614,35.49780898388725,63.34653872031945
3930164,e23a4088-8ba4-40f4-b5fe-653c6013d873,27,Ball Receipt*,8,31.587500000000002,10.285,10,40.86806338721019,54.49193505349256,13.62387166628237,25.293489491584502,31.070249784350384,30.127553972820685,25.562745034043637,4.998648371915039,4.46814765179897,2.694175412909047,9.88749175125104,3.7014981055952667,28.965616823646045,10,33.26198833318533,43.98837323160985,30.14403038143423,64.31391869265194
3930164,4b55e818-0073-4295-a74a-ed054864ae25,27,Carry,8,31.587500000000002,10.285,10,40.86806338721019,54.49193505349256,13.62387166628237,25.293489491584502,31.070249784350384,30.127553972820685,25.562745034043637,4.998648371915039,4.46814765179897,2.694175412909047,9.88749175125104,3.7014981055952667,28.965616823646045,10,33.26198833318533,43.98837323160985,30.14403038143423,64.31391869265194
3930164,364dc0a5-8654-437a-99f8-cd234055804d,27,Pass,9,30.362500000000004,6.545,10,39.70950994723555,53.706161522920524,13.996651575684972,21.909635127897804,24.543968609011667,34.86657068208794,37.55476070290235,4.906304937866279,4.338386432785235,0.6882553801381492,15.687949220079851,10.151200518981941,27.189165028351496,10,32.01332995846439,42.31905887032639,28.091851451258925,61.06148673307919
3930164,cc1b3f83-89a9-4d6d-a6e2-3a1583367d40,27,Pass,19,28.087500000000002,47.43,10,40.410940117483015,54.13184774659848,13.720907629115466,45.50380235555794,42.46748125134041,31.49168080243496,37.56587899296209,5.104690675724866,4.806405454131627,2.038907256499762,17.196202576273283,9.449790627318052,28.087498664855957,7,33.812871374055305,42.52809164132946,53.151717013027856,42.13361551136184
3930164,183533f2-c8e5-478e-b599-a064b82d32df,27,Ball Receipt*,21,28.699999999999996,20.314999999999998,10,39.6707082229097,53.44596433282961,13.775256109919908,29.006723567035056,35.75316589215798,22.50050170547062,36.870725405756176,4.562320534689701,4.952369246413479,1.6483129958051208,8.739806447130228,0.2489237387111487,28.234070430536427,10,32.25689179043532,42.148590603287595,31.44379604467419,63.10089674256118
3930164,7806c406-604d-4de0-9ccb-57841088fe7d,27,Carry,21,28.699999999999996,20.314999999999998,10,39.6707082229097,53.44596433282961,13.775256109919908,29.006723567035056,35.75316589215798,22.50050170547062,36.870725405756176,4.562320534689701,4.952369246413479,1.6483129958051208,8.739806447130228,0.2489237387111487,28.234070430536427,10,32.25689179043532,42.148590603287595,31.44379604467419,63.10089674256118
3930164,7c7cef5b-c372-41d8-909e-efba47b82ad0,27,Pass,22,32.550000000000004,18.275,10,41.46792153849949,55.9110801157112,14.443158577211712,25.720138999625256,36.09692864325345,19.378232156666805,25.089148646185368,4.320180150042326,4.922570230156452,2.846318968583077,7.791501341874465,0.286075886285289,30.084094877913817,10,35.111845392030176,44.57589895101395,28.750905690311576,61.487500911894614
3930164,dc0b9b8a-ee0b-4433-93b9-b7c19a78e334,28,Ball Receipt*,37,29.662499999999998,45.39,8,45.570055367624306,59.62417772136367,14.054122353739366,44.69226889214561,52.09467489156979,29.088016923912623,13.942894714456287,5.631064757511541,4.105937910371338,3.040349749626216,14.305139372466503,1.3748018972742173,29.662501335144043,7,37.479264291083155,45.96027519235083,49.31392038752194,42.27760898984953
3930164,e4cb11e8-79fa-4b9e-9c91-6366696ae140,28,Carry,37,29.662499999999998,45.39,8,45.570055367624306,59.62417772136367,14.054122353739366,44.69226889214561,52.09467489156979,29.088016923912623,13.942894714456287,5.631064757511541,4.105937910371338,3.040349749626216,14.305139372466503,1.3748018972742173,29.662501335144043,7,37.479264291083155,45.96027519235083,49.31392038752194,42.27760898984953
3930164,d8f4bcba-9052-49e6-ad1b-b5f03f32c960,28,Ball Receipt*,40,26.775000000000002,17.764999999999997,9,39.12472381305366,53.93694449765516,14.812220684601499,33.03496385711897,34.11390711913374,33.255030980643376,26.444151156757684,7.218288058779488,4.641603615106916,6.712445116023659,10.9087364008015,4.411522874202316,21.913450785759828,8,32.18600578438908,41.020410195813,36.22001227127733,64.69032290658876
3930164,82c4f93d-60ce-4015-8876-fa66782b1abf,28,Carry,40,26.775000000000002,17.764999999999997,9,39.12472381305366,53.93694449765516,14.812220684601499,33.03496385711897,34.11390711913374,33.255030980643376,26.444151156757684,7.218288058779488,4.641603615106916,6.712445116023659,10.9087364008015,4.411522874202316,21.913450785759828,8,32.18600578438908,41.020410195813,36.22001227127733,64.69032290658876
3930164,97c84780-d289-48d9-8047-42a402e16aad,31,Ball Receipt*,17,43.225,22.865,9,29.07172011922915,50.33779767656525,21.266077557336104,37.17438135972016,37.5482669668506,31.364325698422157,24.759086499199793,4.257103231927101,4.0899157678517835,3.6957559130208324,11.965519250789178,2.745861950117007,18.743054294882114,8,20.74582746801736,34.6775296708797,38.46278741917959,53.979826769359946
3930164,94af88ab-c6f8-4a79-a3de-60edbf29ba75,31,Carry,17,43.225,22.865,9,29.07172011922915,50.33779767656525,21.266077557336104,37.17438135972016,37.5482669668506,31.364325698422157,24.759086499199793,4.257103231927101,4.0899157678517835,3.6957559130208324,11.965519250789178,2.745861950117007,18.743054294882114,8,20.74582746801736,34.6775296708797,38.46278741917959,53.979826769359946
3930164,28e8abb3-c64a-4252-87d6-15dd559cde70,31,Pass,18,47.074999999999996,17.425,10,34.51063838337417,55.89886184574989,21.38822346237572,35.35125459903273,34.759479872457476,32.19799350235762,24.497568362738644,5.224378566745446,3.4010056106343716,5.456715298330035,10.43232842645289,2.269879757172774,25.232445671945207,8,26.863186917384674,40.23219958438473,35.96702888290806,56.77606339087783
3930164,fcaf60f8-9f02-4efb-b460-f0f45cdf8899,32,Ball Receipt*,6,24.675,2.635,8,20.150463675054283,32.68793948701134,12.537475811957059,20.9693598038595,23.326339007492617,24.29285842567817,40.08487533725498,3.607276871633959,4.961287513568438,4.1809250970829925,9.312802179743667,16.993975201303325,14.730203333152417,9,17.59015197622352,22.51603955698009,25.62798238297421,42.84079734004222
3930164,5f864cfc-7ac4-4c0e-920c-41c38cef7a4d,32,Carry,6,24.675,2.635,8,20.150463675054283,32.68793948701134,12.537475811957059,20.9693598038595,23.326339007492617,24.29285842567817,40.08487533725498,3.607276871633959,4.961287513568438,4.1809250970829925,9.312802179743667,16.993975201303325,14.730203333152417,9,17.59015197622352,22.51603955698009,25.62798238297421,42.84079734004222
3930164,d36a45f4-7f1d-4e4f-a533-d82cbbee6c65,32,Pass,7,25.6375,4.42,8,22.263784288168324,34.52010289943713,12.256318611268803,21.655769001135198,24.279135988515364,25.581482147460036,39.96672326919088,3.4315048882246812,5.6097852809217175,3.768088130101514,9.7387918047157,17.36949890053567,16.4966728219215,9,19.876360081589347,24.605075646850366,26.907757530625783,42.60936730768181
3930164,4c11f5af-d94e-4f04-8085-8a8239d2a561,32,Ball Receipt*,8,19.8625,14.705,8,22.595122747430377,34.946215897845036,12.351093150414659,19.9454726846642,22.354244995585955,24.118671503742107,37.80884299895657,3.565387825953098,4.939467775371154,1.9761348649004962,9.75934878489098,17.3279683890138,15.819212826011952,8,20.489698611358776,24.972803046935145,24.35868486116491,48.734382324610266
3930164,d79a5a15-3ddb-4655-8bef-8a635e5d36e5,32,Carry,8,19.8625,14.705,8,22.595122747430377,34.946215897845036,12.351093150414659,19.9454726846642,22.354244995585955,24.118671503742107,37.80884299895657,3.565387825953098,4.939467775371154,1.9761348649004962,9.75934878489098,17.3279683890138,15.819212826011952,8,20.489698611358776,24.972803046935145,24.35868486116491,48.734382324610266
3930164,a3500d97-d4b0-4428-8c21-9bdd9c4bba8e,32,Pass,9,21.875,14.96,8,23.220253872058773,37.733530399080685,14.513276527021912,18.823447891819463,19.006990868036127,19.0274995782448,34.80372964039794,4.645681307842545,1.4077649233630962,1.4263849597920597,8.739037446471286,15.99873243314978,15.475316722220256,7,20.436968526530084,25.99631178484632,17.772112092652556,43.4945084324353
3930164,06046e2c-dd68-4a9a-949b-51aba0233052,32,Ball Receipt*,10,36.574999999999996,34.935,9,30.793825961856395,47.13893013228237,16.345104170425973,29.301847154757144,28.824008920200917,17.738882322960745,33.90707888863406,5.511362446047188,5.094171106695298,1.136069168732167,8.06114719478957,6.667590545873267,18.173899229987434,8,22.948979153222616,31.184526032036384,26.84468212320146,42.60664696009884
3930164,e1f01f29-2ac1-4624-a673-cb30ca546f39,32,Carry,10,36.574999999999996,34.935,9,30.793825961856395,47.13893013228237,16.345104170425973,29.301847154757144,28.824008920200917,17.738882322960745,33.90707888863406,5.511362446047188,5.094171106695298,1.136069168732167,8.06114719478957,6.667590545873267,18.173899229987434,8,22.948979153222616,31.184526032036384,26.84468212320146,42.60664696009884
3930164,acaa25b4-f6ee-4e7d-8e21-8e639a170228,32,Pass,11,36.574999999999996,34.765,8,32.61384129385323,48.638477461963284,16.024636168110057,30.255383768624974,26.12062420536346,16.16294691686456,34.27869827438501,4.356983115154529,3.829853612142598,1.515690495457683,6.069822374253498,17.031075155901526,19.936529723831757,9,24.858020315518047,33.268361232596106,29.430327988086315,54.719540604468136
3930164,2984e914-5a38-4d66-a812-d8b86c890820,32,Ball Receipt*,12,35.9625,53.379999999999995,10,30.724668463090904,49.115407362787245,18.39073889969634,35.092565128443354,35.949269598082836,16.88715549976901,33.60209832293167,6.608791642460731,6.024400302916031,0.49700276985132064,7.348591062622937,8.17196984509114,22.07784307924148,9,27.317831437045147,35.65444314044732,34.97962956475955,56.37504078456281
3930164,0f9dab8e-6650-4238-9103-a6aacc94caa2,32,Carry,12,35.9625,53.379999999999995,10,30.724668463090904,49.115407362787245,18.39073889969634,35.092565128443354,35.949269598082836,16.88715549976901,33.60209832293167,6.608791642460731,6.024400302916031,0.49700276985132064,7.348591062622937,8.17196984509114,22.07784307924148,9,27.317831437045147,35.65444314044732,34.97962956475955,56.37504078456281
3930164,64f82229-0a32-4ce5-a7bb-c4569cd58f87,32,Pass,14,37.800000000000004,55.504999999999995,9,38.93343942399717,57.633456319485326,18.700016895488154,36.294322131281646,36.85840992901878,20.403873155014775,35.23439122180962,5.16579488041911,3.25489506112381,3.475380577742115,8.075685630290277,7.8648651704378665,25.44026630555011,9,31.69900567752103,40.19067722398365,33.32936763795215,59.10860206848393
3930164,0c3a6086-2920-4596-82ba-530bd063396a,33,Ball Receipt*,78,50.137499999999996,56.779999999999994,8,45.845596361507724,58.33354505596905,12.487948694461323,44.28806380891304,42.88061017056183,44.26667582842458,33.99371019677761,4.305456001033583,0.3535037661018801,4.620537275766779,16.151381073227306,15.286540656516259,22.652927921034667,9,34.489631000993,44.232902147706426,41.80535160443652,46.04730806907537
3930164,f1b48c3c-458c-42c1-96e6-f6c1cfaf0b26,33,Pass,78,49.612500000000004,56.779999999999994,8,45.32059769665177,57.80854639111309,12.487948694461323,44.28806380891304,42.88061017056183,44.26667582842458,33.99371019677761,4.305456001033583,0.3535037661018801,4.620537275766779,16.151381073227306,15.286540656516259,22.12792925617871,9,33.96463233613704,43.70790348285047,41.80535160443652,46.04730806907537
3930164,a7d3a8ea-9a30-4789-892f-b9bd0e4c981b,37,Pass,6,30.537499999999998,49.385,9,24.928274972899864,35.685030490302296,10.756755517402432,45.60058223779292,41.94732841017153,13.05832990917628,24.346044762144462,3.0542699702427853,6.69983363653187,0.36609086098968646,8.672278180386002,2.661751587604293,15.581730093731036,9,18.078872787387084,26.469292426494505,38.955789099792895,34.324361598458545
3930164,ea0d3f5b-3c38-414f-a836-0371530a6b53,38,Pass,20,22.400000000000002,25.415,8,44.08384769578573,55.52583219711864,11.441984501332911,25.386809934561246,37.16947869683138,21.798303597306138,30.331340018410327,4.507580038969855,2.898691642496776,3.066981030773782,10.08179751038216,12.041196548263134,22.40000033378601,8,30.388657249207075,37.981986477430176,28.25435768151142,61.939250401768746
3930164,fb52f75f-4dcd-47b6-9348-ce4b50436ab2,38,Ball Receipt*,22,38.762499999999996,7.48,10,43.18994970410138,55.77080342700003,12.580853722898652,27.09304368401434,43.19772216667113,25.65775734734433,29.568669135115638,4.2306595548145145,3.1669436953655477,1.4460195090987966,10.612100003248251,4.499472089222557,20.16080274971727,11,28.84113828446707,43.018048899762405,35.08909840312053,63.24368407943421
3930164,68af418e-f9e6-462a-b12b-05e64a3b2b39,38,Carry,22,38.762499999999996,7.48,10,43.18994970410138,55.77080342700003,12.580853722898652,27.09304368401434,43.19772216667113,25.65775734734433,29.568669135115638,4.2306595548145145,3.1669436953655477,1.4460195090987966,10.612100003248251,4.499472089222557,20.16080274971727,11,28.84113828446707,43.018048899762405,35.08909840312053,63.24368407943421
3930164,0bdfd021-9699-42a3-9ef7-c5269c5f8c72,38,Pass,24,40.425000000000004,5.185,10,44.466418396458586,57.520559066249845,13.05414066979126,19.365155600160286,26.3961140035902,30.33014191282054,42.91473200145861,4.891706544517606,3.292144038168006,2.3445022032263623,12.34670206364467,10.513285902425778,29.854640279273234,8,38.172410229523976,46.649986900619666,35.79745002809609,61.004438096127295
3930164,cee5edae-ca89-4a57-b0bc-7e532e48e25f,38,Ball Receipt*,25,22.400000000000002,7.565,10,41.009171987740125,53.97617072072208,12.966998732981956,18.381550629576147,25.40311969398858,29.997449926657147,41.92155008201681,6.488904336997499,2.5339803126499914,0.3070909236314687,13.580617852552681,8.847746425283308,10.825526902604796,9,24.448730501082224,36.63365177078717,29.839245690085036,63.299913811835545
3930164,9fb276a6-8f6d-40b2-b777-0442068319ff,38,Carry,25,22.400000000000002,7.565,10,41.009171987740125,53.97617072072208,12.966998732981956,18.381550629576147,25.40311969398858,29.997449926657147,41.92155008201681,6.488904336997499,2.5339803126499914,0.3070909236314687,13.580617852552681,8.847746425283308,10.825526902604796,9,24.448730501082224,36.63365177078717,29.839245690085036,63.299913811835545
3930164,3f25d94b-c1d9-4731-a5e1-843db02685b6,38,Pass,40,26.6875,53.379999999999995,10,39.46862552209076,54.61494257394206,15.146317051851298,47.22735727845443,49.83174369056658,31.948321563846434,20.334554698520527,5.4074824037900155,4.122529721872029,3.2932165575378747,10.358758378065765,3.216362325602816,26.6875,8,32.65488255997894,43.26636872253237,52.4887675573854,50.32394817151186
3930164,97ebb3f5-f340-4289-86fe-f709d7386049,38,Ball Receipt*,42,23.712500000000002,21.93,10,38.740582277101886,53.82971915826563,15.089136881163746,34.355750245008,37.11318050436949,35.18895411286563,20.948302591917685,5.554387847843368,4.648766766220187,2.937020032065547,13.032361715729639,3.6492450816595188,23.71250033378601,10,30.013772443346436,41.39263475299922,35.3942110475569,63.278313388222244
3930164,470ae05d-3a02-415e-a77b-b317da0eced9,38,Carry,42,23.712500000000002,21.93,10,38.740582277101886,53.82971915826563,15.089136881163746,34.355750245008,37.11318050436949,35.18895411286563,20.948302591917685,5.554387847843368,4.648766766220187,2.937020032065547,13.032361715729639,3.6492450816595188,23.71250033378601,10,30.013772443346436,41.39263475299922,35.3942110475569,63.278313388222244
3930164,c94ccda6-82a3-41b8-a2d5-9cb8efe717be,38,Pass,44,28.262499999999996,19.125,10,38.53279006191268,53.96265723399066,15.429867172077984,26.152224500003598,38.95894626190362,22.932099343318068,24.25250989753025,4.9476050019345985,4.988028306369517,1.1385927894847185,8.33211457755593,2.0798497957338213,26.990303777589965,10,31.680270223939317,42.164452748455645,33.1163230148484,65.10958788509838
3930164,058c36df-8479-4070-9549-d3cbce3644b3,38,Ball Receipt*,47,50.050000000000004,7.055000000000001,10,42.51385533074524,54.36649174029472,11.852636409549483,22.642912556266303,34.32313407130373,30.83201590224429,43.927761175670454,4.152182271606523,4.576522074587437,0.17966650938122797,12.692724806444282,6.369050949311784,25.67279892875717,9,35.88038881877546,44.05096180203231,35.76714837420523,62.196312922096226
3930164,eb42a911-5afe-4924-9e86-f0aa7f45d346,38,Carry,47,50.050000000000004,7.055000000000001,10,42.51385533074524,54.36649174029472,11.852636409549483,22.642912556266303,34.32313407130373,30.83201590224429,43.927761175670454,4.152182271606523,4.576522074587437,0.17966650938122797,12.692724806444282,6.369050949311784,25.67279892875717,9,35.88038881877546,44.05096180203231,35.76714837420523,62.196312922096226
3930164,f201a69a-719c-42d0-9bee-0892b4d07e94,38,Miscontrol,47,50.050000000000004,7.055000000000001,10,42.51385533074524,54.36649174029472,11.852636409549483,22.642912556266303,34.32313407130373,30.83201590224429,43.927761175670454,4.152182271606523,4.576522074587437,0.17966650938122797,12.692724806444282,6.369050949311784,25.67279892875717,9,35.88038881877546,44.05096180203231,35.76714837420523,62.196312922096226
3930164,869c8cb0-efb1-419f-9ceb-aa2331a10bbc,40,Ball Receipt*,6,35.875,33.83,10,44.37321238525625,56.05546343268802,11.68225104743177,41.0941779540852,48.257893744126505,33.08829818010423,21.985111716772806,4.6932640613864285,4.596010217210099,1.7097016208487261,17.05619605057754,0.5736083438690329,27.26367752309298,10,32.251774089776006,43.61731167922294,42.81963356157164,52.032564088384916
3930164,2f0b3260-36eb-4f5b-9050-a657983ff34d,40,Carry,6,35.875,33.83,10,44.37321238525625,56.05546343268802,11.68225104743177,41.0941779540852,48.257893744126505,33.08829818010423,21.985111716772806,4.6932640613864285,4.596010217210099,1.7097016208487261,17.05619605057754,0.5736083438690329,27.26367752309298,10,32.251774089776006,43.61731167922294,42.81963356157164,52.032564088384916
3930164,29054226-4333-46a4-ba20-9af33bb0ed8a,40,Dribble,7,37.7125,27.285,10,43.451851708844345,57.2786884481129,13.826836739268558,32.03906070473624,42.23978939866069,27.698568476338995,27.35427328252416,4.870921949545126,4.588820924780599,1.1455050218907488,14.085418260054063,3.1441260502813932,29.04796683212223,10,34.18515656261213,44.81934584967506,35.00076676933347,54.46168974755369
3930164,8f86d7b7-bb7c-4295-a2df-12ba0ded2559,40,Carry,7,37.7125,27.285,10,43.451851708844345,57.2786884481129,13.826836739268558,32.03906070473624,42.23978939866069,27.698568476338995,27.35427328252416,4.870921949545126,4.588820924780599,1.1455050218907488,14.085418260054063,3.1441260502813932,29.04796683212223,10,34.18515656261213,44.81934584967506,35.00076676933347,54.46168974755369
3930164,90109ec8-d35f-4745-aad8-7425e42e83bc,41,Pass,23,30.537499999999998,44.54,10,42.42932429414638,55.498002852065426,13.068678557919043,44.148246427457174,33.24448257464302,29.17757413315296,26.275156265039733,5.634764815511406,4.296592197983126,1.1583645347114455,17.56227336609163,4.003127091572765,30.537501335144043,7,37.370742662746466,45.801074869671595,49.83117699522875,41.6260321406502
3930164,ad2aae02-7bbb-4247-9c73-b1ca0158f8ec,41,Ball Receipt*,25,32.2875,16.744999999999997,10,43.13480851326278,54.948179754389244,11.813371241126461,33.893260289782816,33.5456301946077,30.933522621784512,34.19074009222057,4.091197203774232,4.084446339695257,2.9133059494379516,17.174176955352408,9.539712411241883,30.260667847909787,10,34.289854120448844,45.20752040360375,31.468336438685945,63.536431025436535
3930164,c567447a-df2c-42ce-ad7a-a04cc28a692c,41,Carry,25,32.2875,16.744999999999997,10,43.13480851326278,54.948179754389244,11.813371241126461,33.893260289782816,33.5456301946077,30.933522621784512,34.19074009222057,4.091197203774232,4.084446339695257,2.9133059494379516,17.174176955352408,9.539712411241883,30.260667847909787,10,34.289854120448844,45.20752040360375,31.468336438685945,63.536431025436535
3930164,f7b0fc72-c0a0-4bab-867d-f01eda02a9a8,41,Pass,27,34.65,14.705,10,43.65429919201263,55.35802911780192,11.70372992578929,26.734695915050033,30.80092660182893,37.6588017902502,29.338233265602202,4.194090138580815,3.7244323102551014,0.3989808283835963,16.287704484020864,5.215526787142778,28.1861378293014,10,34.875891217739394,45.09061957517133,29.160844928349043,61.291432692457626
3930164,28f01fcd-5f6b-4ce1-861c-4253f8bc94f6,42,Pass,24,22.662499999999998,19.805,9,32.78978514512741,50.69738977051816,17.907604625390746,26.814631629480505,38.960008360030734,23.040321102681634,27.387918835389584,5.556071552939071,4.430023172445063,4.262520481611016,7.872517202280768,4.594152467936063,18.564379076177165,10,24.89533046348802,35.33974569195373,30.614305403168693,57.00403925245715
3930164,ab247fc8-c23a-4a12-b454-ba9b91b0f389,42,Ball Receipt*,26,34.387499999999996,3.57,10,37.24613948336075,53.800040626568276,16.553901143207526,23.206123056353945,30.40834926430199,28.255569481331886,39.619501419948236,5.113008502798926,3.8122513440653956,4.5198382511232325,10.007058134771714,6.918392688147797,21.539405117158168,10,28.256641258525736,38.98011954427764,27.39787396998641,55.19443508386574
3930164,2c39b614-d95d-4296-a4f0-9ae272e101e9,42,Carry,26,34.387499999999996,3.57,10,37.24613948336075,53.800040626568276,16.553901143207526,23.206123056353945,30.40834926430199,28.255569481331886,39.619501419948236,5.113008502798926,3.8122513440653956,4.5198382511232325,10.007058134771714,6.918392688147797,21.539405117158168,10,28.256641258525736,38.98011954427764,27.39787396998641,55.19443508386574
3930164,3bf36eb0-af6c-4b40-a9c8-95bf4945b097,42,Pass,27,34.9125,4.675,10,39.51593950309156,52.555703021407524,13.039763518315965,18.63930629978226,26.41267182610258,28.683426565923185,40.325851438255185,4.162583509453748,3.192272591966214,3.1647925667647936,11.373155287366622,5.621868821096459,21.896896370999436,10,28.48475729114014,39.60540586334803,24.250652736785128,51.58551726740849
3930164,797d16cd-c1f5-404a-b523-9bde2f05c4b6,42,Ball Receipt*,29,22.400000000000002,14.705,8,40.35415757876493,51.8991025003911,11.544944921626175,18.881814401989402,31.448565708688193,28.032449860151672,39.989302514815826,4.590959073328624,3.3817993541622626,4.4335452407304885,10.591752426007893,11.515769973607,7.398477442379146,10,21.178242960304296,34.70259977039675,25.015701796515838,52.147491109432806
3930164,02fdcc28-e39a-4675-ba67-120ad8d1bc96,42,Carry,29,22.400000000000002,14.705,8,40.35415757876493,51.8991025003911,11.544944921626175,18.881814401989402,31.448565708688193,28.032449860151672,39.989302514815826,4.590959073328624,3.3817993541622626,4.4335452407304885,10.591752426007893,11.515769973607,7.398477442379146,10,21.178242960304296,34.70259977039675,25.015701796515838,52.147491109432806
3930164,01437bca-d86c-4930-ac78-63ba7294b05d,42,Ball Receipt*,33,32.025,49.385,9,41.31810155208358,54.650798157499274,13.332696605415691,27.567168562196958,38.73262780366116,26.86652749373521,29.99638959183317,4.832651556907008,4.270346763724432,0.5311430118383704,11.796240469373515,8.371623954725017,24.70067384795138,7,35.34300593960825,42.44430803611941,34.88728865625171,55.41445800968644
3930164,45a36f4b-1aec-4518-b1fe-c89be4ac772a,42,Carry,33,32.025,49.385,9,41.31810155208358,54.650798157499274,13.332696605415691,27.567168562196958,38.73262780366116,26.86652749373521,29.99638959183317,4.832651556907008,4.270346763724432,0.5311430118383704,11.796240469373515,8.371623954725017,24.70067384795138,7,35.34300593960825,42.44430803611941,34.88728865625171,55.41445800968644
3930164,41bb2f1d-4789-448d-8a77-0a48a078a516,42,Pass,37,34.65,50.489999999999995,10,44.28137050824718,56.70103875226633,12.41966824401915,43.90281844771611,36.75622844980112,18.755847165636816,32.33770039393598,3.543958789452194,3.972499647212674,1.4583384588487434,7.158161113064736,1.7062158636513018,34.64999866485596,7,43.52371822949721,49.154930558459625,41.34435377154062,51.08853764058093
3930164,1857e063-95e3-4c43-acc3-7e6ec14c6ab7,42,Ball Receipt*,39,47.775,66.55499999999999,10,45.93631938203995,57.508365588943235,11.572046206903288,44.63448695637321,36.43867002835255,23.196148425247053,34.79350848520074,3.760686984171278,4.066350183892921,0.5068321374320988,7.687205370642246,2.5752438590020077,36.75613775496997,7,44.95392003525738,50.42236671279045,40.46859324933269,49.73777876946993
3930164,94f3c42b-6a3f-4854-9832-5f073de84749,42,Carry,39,47.775,66.55499999999999,10,45.93631938203995,57.508365588943235,11.572046206903288,44.63448695637321,36.43867002835255,23.196148425247053,34.79350848520074,3.760686984171278,4.066350183892921,0.5068321374320988,7.687205370642246,2.5752438590020077,36.75613775496997,7,44.95392003525738,50.42236671279045,40.46859324933269,49.73777876946993
3930164,1e931186-08b4-4358-b59d-8147b107a454,43,Ball Receipt*,48,31.587500000000002,20.145,10,44.339407195037275,58.35993797925892,14.020530784221648,33.23953786761844,42.771007109935994,26.08808900222817,20.680255876166278,4.459959481494585,3.659162161409768,1.5433483170317785,10.604730994751616,1.3085210021046265,31.587498664855957,10,37.375566451894365,47.650065845763535,33.026245161189195,59.416502408220076
3930164,df69c0b3-b687-4a17-8cf8-30510d47898c,43,Carry,48,31.587500000000002,20.145,10,44.339407195037275,58.35993797925892,14.020530784221648,33.23953786761844,42.771007109935994,26.08808900222817,20.680255876166278,4.459959481494585,3.659162161409768,1.5433483170317785,10.604730994751616,1.3085210021046265,31.587498664855957,10,37.375566451894365,47.650065845763535,33.026245161189195,59.416502408220076
3930164,96fce650-4351-40b8-85b0-436fae76f9c3,43,Pass,50,31.762499999999996,18.445,10,43.57870185523251,57.84901727664415,14.270315421411638,29.83229330595853,40.71986242212421,26.3574539359533,24.570166589300435,4.796530858566008,3.3164173867288933,4.591435011257758,10.67696425989472,3.400587758254865,31.76249933242798,10,37.16058343245888,46.80048310094841,31.431139545566587,60.35324980284674
3930164,1402718c-8653-4596-8e20-909adb2b18bd,43,Ball Recovery,6,24.5,33.574999999999996,9,22.797313730184023,36.96971421244049,14.17240048225647,27.337556304115104,29.54783057664988,29.289817174035143,18.28070836250049,7.270698317773564,3.1486846079963744,1.0367628152095172,12.00831716125134,1.2159307029865332,14.98715402704536,10,17.602938535488594,24.545175222425435,29.062601384927394,36.07491705986464
3930164,b20424e3-02eb-49a9-90bc-8820df8f4bcc,43,Carry,6,24.5,33.574999999999996,9,22.797313730184023,36.96971421244049,14.17240048225647,27.337556304115104,29.54783057664988,29.289817174035143,18.28070836250049,7.270698317773564,3.1486846079963744,1.0367628152095172,12.00831716125134,1.2159307029865332,14.98715402704536,10,17.602938535488594,24.545175222425435,29.062601384927394,36.07491705986464
3930164,0013c473-aad5-4068-9800-7605c3d379c7,43,Pass,7,24.5,34.935,9,25.097463630404583,39.72271965045813,14.625256020053548,32.78717893920452,27.030389830475578,30.46183626845486,24.378195120494688,6.023830629231688,2.765188598285949,1.9659820347207813,14.957347115852473,5.5562285986169115,17.536694002563408,10,19.680730703451395,26.749968662873773,30.408781078844736,37.58337668488596
3930164,7312f915-63e0-4f79-865c-9efb78c6c526,45,Pass,27,41.65,9.52,10,44.79139941735285,58.7399596717046,13.948560254351747,15.532950551238248,24.66717406472528,21.847216501040062,37.84329122449358,5.142594719477265,3.9177468728077134,0.5066419656995134,8.830901119463862,7.666646102002456,29.143810600504317,10,36.55577774088535,48.334689075193005,24.304090290547016,58.42832813178352
3930164,17958fd4-a980-49ec-bce7-fe9e634520f5,45,Ball Receipt*,29,19.25,29.75,10,40.016198358773664,53.107607177960766,13.091408819187102,25.841075831096948,26.693382681688746,30.939451428881952,32.83968839169319,4.554984372769022,3.6182438603240867,0.1394261929659475,12.78885016289749,8.756493181501405,19.25,11,25.71144625418094,40.50487014871919,26.213226675678854,58.71537162541553
3930164,7823b204-11bd-4c95-a900-aa4be3ebb075,45,Carry,29,19.25,29.75,10,40.016198358773664,53.107607177960766,13.091408819187102,25.841075831096948,26.693382681688746,30.939451428881952,32.83968839169319,4.554984372769022,3.6182438603240867,0.1394261929659475,12.78885016289749,8.756493181501405,19.25,11,25.71144625418094,40.50487014871919,26.213226675678854,58.71537162541553
3930164,d64e9657-c951-45b0-915a-c25318fbc446,45,Pass,30,21.175,30.939999999999998,10,41.1086274705162,53.90408714237151,12.795459671855312,27.94968808202399,28.047993917238426,31.084662168304526,33.133200583231414,4.34116804586552,3.2301234695164642,0.990206573477062,12.46505017488441,9.15943224829536,21.17500066757202,11,26.58046617227626,41.12241524938172,27.534484948859802,58.484382991462674
3930164,e106eb41-46c5-4356-8c76-403555eb3f90,45,Ball Receipt*,31,27.037499999999998,43.69,10,40.65561515487972,52.42459300294234,11.768977848062619,32.2867729706624,22.969611464097014,30.79235212477686,22.724430206623627,4.156910019321474,3.4213678800321574,2.156997483943556,12.314113625711805,0.9065954457139451,18.297334814358187,11,24.623035819410745,39.16216002388259,30.073485962887762,62.366402007692585
3930164,0f9b1168-4a68-4f17-aff9-8fa3c3581ff8,45,Carry,31,27.037499999999998,43.69,10,40.65561515487972,52.42459300294234,11.768977848062619,32.2867729706624,22.969611464097014,30.79235212477686,22.724430206623627,4.156910019321474,3.4213678800321574,2.156997483943556,12.314113625711805,0.9065954457139451,18.297334814358187,11,24.623035819410745,39.16216002388259,30.073485962887762,62.366402007692585
3930164,a66a10cf-4918-4d72-961e-2e7d245d41af,45,Pass,33,31.237500000000004,43.52,10,44.02108141628769,55.998890142448566,11.977808726160873,37.321973936053425,25.95168997934836,26.45332886140045,22.912056398097203,4.683279769106517,4.381412335734107,4.592036881371371,8.705567695341777,1.0401847042154841,26.64523524782087,10,33.38397955488301,44.45125318888982,32.39607064849092,60.648060265721874
3930164,d0048ac1-8e9a-435b-8723-bd6196dc6a67,46,Pass,14,43.6625,36.464999999999996,9,39.71117890820295,58.55138859072909,18.840209682526137,49.65923674267698,43.04466694744463,23.439257471447696,33.43316582488944,9.762457482698997,2.4913451472611783,1.925965028230685,9.768127830657534,7.44961145007715,30.528879418901617,9,36.23962293956905,43.49225830089677,41.298842531485406,40.46548077497171
3930164,4b5839dd-0b75-4dd1-bc34-5cd3e439a414,46,Ball Receipt*,15,45.0625,20.74,10,40.002882584763476,60.30225521319535,20.299372628431875,44.56069847359788,36.301386527922915,30.25016222732811,32.38986603888772,8.075997086723959,4.0310619400976275,1.014663876101075,11.114450089496657,9.209816846992815,34.68832738847984,9,40.73858572953073,48.103531440842374,36.85894655674228,44.28002845157992
3930164,297d9503-64ce-4842-b79b-ccfa30baaa37,46,Carry,15,45.0625,20.74,10,40.002882584763476,60.30225521319535,20.299372628431875,44.56069847359788,36.301386527922915,30.25016222732811,32.38986603888772,8.075997086723959,4.0310619400976275,1.014663876101075,11.114450089496657,9.209816846992815,34.68832738847984,9,40.73858572953073,48.103531440842374,36.85894655674228,44.28002845157992
3930164,389d0679-175e-4148-8d3e-4426131569c0,47,Ball Receipt*,13,44.362500000000004,3.06,8,27.895949665943256,50.09934776586076,22.203398099917507,18.001601316793092,18.040510526622878,35.04805136996836,28.419954456835562,7.325594233745405,3.717648886167311,1.7272292550853656,15.953268715262261,13.048109620263736,20.1754389896267,5,27.519032303607148,30.887725976400123,14.905763011868672,29.058201805145337
3930164,65b3edc4-934e-48f7-a775-def4227156b1,47,Carry,13,44.362500000000004,3.06,8,27.895949665943256,50.09934776586076,22.203398099917507,18.001601316793092,18.040510526622878,35.04805136996836,28.419954456835562,7.325594233745405,3.717648886167311,1.7272292550853656,15.953268715262261,13.048109620263736,20.1754389896267,5,27.519032303607148,30.887725976400123,14.905763011868672,29.058201805145337
3930164,6795097d-f480-44c4-8076-830855abd8d7,47,Ball Receipt*,17,29.3125,57.459999999999994,10,37.30541190928093,54.34988026543971,17.04446835615878,28.66763035836305,33.34443810586569,27.060076047039317,34.43872148644152,5.437688344956938,4.364729201829748,4.050402377974912,9.530988054696515,8.015509155470433,21.5944057577151,10,25.99160217510638,38.17243529151692,35.9310818182855,57.79981795777758
3930164,c885c866-8b74-4f0a-80a1-1e873a982840,47,Carry,17,29.3125,57.459999999999994,10,37.30541190928093,54.34988026543971,17.04446835615878,28.66763035836305,33.34443810586569,27.060076047039317,34.43872148644152,5.437688344956938,4.364729201829748,4.050402377974912,9.530988054696515,8.015509155470433,21.5944057577151,10,25.99160217510638,38.17243529151692,35.9310818182855,57.79981795777758
3930164,9ad80ba2-784c-4cac-a15f-71734ec11af1,48,Pass,10,35.699999999999996,7.905,9,46.552918273660886,58.7126620205104,12.159743746849514,20.812185968547773,14.98669946157123,34.56347640763112,20.010750858435088,5.3161065548880995,3.5034158751048357,0.7367826068159289,17.355340606588467,4.556932703155967,35.69999933242798,7,44.376022034895854,50.73430767627193,11.695620892067836,28.17805808405013
3930164,bf1956db-7aba-43d6-a270-602546f838c7,48,Ball Receipt*,12,18.462500000000002,25.415,10,42.792059653438315,55.22774690041528,12.435687246976968,27.940693263211198,16.384849651056307,29.360210623952554,20.15550299477391,5.4994954333533626,3.525650766841971,1.0137408102423713,13.193491100630588,4.726778738394924,18.46250033378601,11,29.314054904462658,43.26430240207453,25.073058092622237,59.43647103531454
3930164,26af0e37-2575-4b7f-970a-b3279c94b90d,48,Carry,12,18.462500000000002,25.415,10,42.792059653438315,55.22774690041528,12.435687246976968,27.940693263211198,16.384849651056307,29.360210623952554,20.15550299477391,5.4994954333533626,3.525650766841971,1.0137408102423713,13.193491100630588,4.726778738394924,18.46250033378601,11,29.314054904462658,43.26430240207453,25.073058092622237,59.43647103531454
3930164,94fb8bb0-611d-4691-a5a4-7d4d12424bf4,48,Pass,13,19.075,25.415,10,41.2126174677996,53.82828431993934,12.61566685213974,29.794868214023655,27.257252834215382,28.28548046375285,32.31451463290127,4.88614401395598,4.164525256555216,1.8828848185024682,13.799289324556526,7.476309172334787,19.07499933242798,11,26.94491095239963,41.23264192472488,25.783430622136464,61.502869722867814
3930164,92d278ce-03d5-4065-b50b-f304ebc1b637,48,Ball Receipt*,15,26.425,6.205,10,40.9771933102186,53.98311374869941,13.005920438480807,23.430902410427457,27.98653488107208,37.196819737095595,24.452088452131846,4.929660704560431,4.744230039684061,1.6780942369479988,15.160709031306823,3.3001838309261444,26.42500066757202,9,34.867332990150565,44.761106707566164,21.71146658858353,61.636984809527014
3930164,5f3a135b-aa99-4356-b154-dfc4f686b6ac,48,Carry,15,26.425,6.205,10,40.9771933102186,53.98311374869941,13.005920438480807,23.430902410427457,27.98653488107208,37.196819737095595,24.452088452131846,4.929660704560431,4.744230039684061,1.6780942369479988,15.160709031306823,3.3001838309261444,26.42500066757202,9,34.867332990150565,44.761106707566164,21.71146658858353,61.636984809527014
3930164,2ef00fca-8a29-429a-b061-f3b0731193d1,48,Pass,17,29.574999999999996,6.545,10,41.50453391038182,55.8077124677616,14.30317855737978,20.498541223992525,26.12771160742635,36.0997251532399,23.798039920427563,5.489023437642706,5.2456389096656535,1.0468274930187178,18.57345220114668,2.466642824750892,29.57499933242798,8,35.32918782692653,45.885438201167894,15.686881348726601,51.35858989487201
3930164,e6480d6d-245e-4b35-90d9-8888844bc6b6,48,Ball Receipt*,17,37.5375,1.19,10,39.53659784879458,54.024566738670416,14.487968889875837,21.12128556469986,26.607584549202922,37.96747221157223,25.403015443461985,5.465408651305847,5.3628888549161555,1.6177345252187916,19.15888130642027,2.6193955739796486,26.861050651411638,7,33.10031138597802,42.145030608244085,12.190365970825507,25.040962572968084
3930164,3793f843-a3c6-4087-8baa-c5a347bc3190,48,Carry,17,37.5375,1.19,10,39.53659784879458,54.024566738670416,14.487968889875837,21.12128556469986,26.607584549202922,37.96747221157223,25.403015443461985,5.465408651305847,5.3628888549161555,1.6177345252187916,19.15888130642027,2.6193955739796486,26.861050651411638,7,33.10031138597802,42.145030608244085,12.190365970825507,25.040962572968084
3930164,9581c3d1-042c-46ee-9e70-7ed1bae0df53,48,Pass,19,36.050000000000004,1.36,9,38.60750122100116,53.223150720660236,14.615649499659078,20.667904653731945,11.711423422671587,40.58977332904211,21.447482166474007,3.9313881349772544,4.735826654963767,7.217735071152431,13.298247954813235,3.2669821652195026,21.172866685323918,7,31.126945880557123,40.66527307913884,11.19128479015933,24.291744207665495
3930164,006fd4a7-3531-46b2-abcd-6e95a8768d78,48,Ball Receipt*,20,23.625,9.01,9,41.161314888674475,54.72199563939111,13.560680750716635,22.06506888192344,13.191274366892827,39.17108570883391,20.0665895313851,3.423538587895816,4.49389731182004,5.009637600966347,12.078085290808886,2.1732629183202583,23.625,6,33.67554155916767,40.58915007649663,10.789270204130604,24.793100252688582
3930164,46542a72-8624-4384-aca0-a5e14d31a4ff,48,Carry,20,23.625,9.01,9,41.161314888674475,54.72199563939111,13.560680750716635,22.06506888192344,13.191274366892827,39.17108570883391,20.0665895313851,3.423538587895816,4.49389731182004,5.009637600966347,12.078085290808886,2.1732629183202583,23.625,6,33.67554155916767,40.58915007649663,10.789270204130604,24.793100252688582
3930164,8b1db872-2471-4930-b740-1d050f96cd94,48,Pass,23,29.3125,10.285,10,41.335123526761905,55.41438413377334,14.079260607011435,22.692272696838298,23.31020727513541,36.06671012580626,26.29960768098214,4.870410961860184,4.414503884310047,4.339811001274497,14.81148817919869,4.935865219318492,29.3125,9,34.808684631759675,44.82792192492812,20.328719906215017,56.183384406780426
3930164,e74e7383-6843-42e4-ac7e-d09e2979c763,48,Ball Receipt*,24,38.762499999999996,0.765,10,39.37613635022884,53.98155993954502,14.605423589316182,22.863421987394435,23.998292802199828,40.20822654006815,26.507260791731973,5.01976779189728,4.515888125690263,6.765675861537762,16.816362756561325,5.110803094939058,25.851553413286062,9,32.34750715963232,42.71591364749045,21.8371849076344,54.2101904844743
3930164,1cf31526-6d81-464b-81b5-7f9c036e6687,48,Carry,24,38.762499999999996,0.765,10,39.37613635022884,53.98155993954502,14.605423589316182,22.863421987394435,23.998292802199828,40.20822654006815,26.507260791731973,5.01976779189728,4.515888125690263,6.765675861537762,16.816362756561325,5.110803094939058,25.851553413286062,9,32.34750715963232,42.71591364749045,21.8371849076344,54.2101904844743
3930164,a233725e-e935-46ef-8f32-1ef162bf7f20,48,Pass,25,39.199999999999996,0.935,10,39.41777125047957,53.901102141482085,14.483330891002517,22.146259052936603,14.884468757363102,42.99286564427581,20.149936335679616,4.673928141702955,4.3507766040102425,8.066851162698626,17.524640996787646,4.7625874818253955,24.339010210537623,8,32.09293473913057,42.7957821843667,17.843371856873897,48.731201536789214
3930164,b9a83a10-ca01-47cf-960b-1529edaca060,48,Ball Receipt*,26,52.0625,1.7,10,40.70709396422164,53.37322296142792,12.666128997206279,20.717731235863255,18.654104792718115,43.777448843936476,35.39398297532131,4.2523069629349495,4.059972878780875,6.454467275120367,17.297007435707872,8.701089252464465,36.441485826685664,6,44.52168417116924,48.20949513582266,16.76887745004403,46.64542644260717
3930164,3de7226b-6dcb-403e-ad06-c8dcd7a47aca,48,Carry,26,52.0625,1.7,10,40.70709396422164,53.37322296142792,12.666128997206279,20.717731235863255,18.654104792718115,43.777448843936476,35.39398297532131,4.2523069629349495,4.059972878780875,6.454467275120367,17.297007435707872,8.701089252464465,36.441485826685664,6,44.52168417116924,48.20949513582266,16.76887745004403,46.64542644260717
3930164,298cc1d7-241f-4ff1-93ac-9991608ffc96,48,Pass,28,44.1,6.034999999999999,10,43.2192623851318,54.0537228743071,10.8344604891753,22.43442256347758,16.848144175099506,33.961752212501366,35.10872398575466,4.414995201317891,3.5308090338614795,4.289856661754978,15.870615250089749,0.06416825982581509,39.05308618928056,6,45.86448876451766,49.176878406169656,17.27380456019704,45.82687042116278
3930164,ee59d622-1cfc-46d3-b63e-b640cc28a678,48,Pass,32,31.5,9.69,10,44.298326834025424,56.90691398282166,12.60858714879624,22.974442168952926,18.756346035172875,34.425301442843875,34.28306830271402,4.686948913121635,3.259596853664869,3.249809714689805,12.71812695998636,1.4760728789785444,31.5,10,34.684581107489706,45.23070380558477,23.834075173617087,53.476712850078016
3930164,4a63eff3-46ff-4410-9aec-6c93f537db47,48,Ball Receipt*,33,33.425000000000004,24.99,10,44.537275745323754,57.504346872393825,12.96707112707007,23.55943354882654,20.0849502263354,34.249216823709105,34.76529434109109,4.883295544945606,3.9269504836877984,1.4689673150508913,15.656399135871197,1.3392516457145227,33.197989064642286,10,35.8386280756606,46.3283977237723,25.196608826035348,57.34189626576069
3930164,2a482de7-bc58-492a-a1c8-5cac49682381,48,Carry,33,33.425000000000004,24.99,10,44.537275745323754,57.504346872393825,12.96707112707007,23.55943354882654,20.0849502263354,34.249216823709105,34.76529434109109,4.883295544945606,3.9269504836877984,1.4689673150508913,15.656399135871197,1.3392516457145227,33.197989064642286,10,35.8386280756606,46.3283977237723,25.196608826035348,57.34189626576069
3930164,d04a9e34-8ad7-48c7-bd42-cf7f628bf2fa,48,Pass,34,33.425000000000004,24.99,10,42.956983061607325,57.356531321608614,14.39954826000129,25.21826014627382,21.768199533800882,31.74871626651975,34.504232592333224,4.8866297725301315,4.043217898000628,0.6803780834614486,16.161557591781534,0.6074283253013926,32.24841946241644,10,35.218390368232086,45.90585388928157,26.614530141853344,60.086785896527005
3930164,02ff400b-73c8-4f10-ab93-5ee2a7c5ac19,48,Ball Receipt*,35,38.5875,20.4,10,42.07456040744503,56.80738220143952,14.732821793994496,25.361583294584296,16.85522093921423,29.44881446000189,21.542980040873072,4.983691349129158,3.8995850400969867,0.08808657365336181,16.080183517640997,0.7253196378836471,31.1833989366208,10,34.051663655279164,45.06662459108473,26.740396148472485,57.96763217247145
3930164,e80924e3-c3ea-430c-aafe-618aec6cac59,48,Pass,35,38.5875,20.4,10,42.07456040744503,56.80738220143952,14.732821793994496,25.361583294584296,16.85522093921423,29.44881446000189,21.542980040873072,4.983691349129158,3.8995850400969867,0.08808657365336181,16.080183517640997,0.7253196378836471,31.1833989366208,10,34.051663655279164,45.06662459108473,26.740396148472485,57.96763217247145
3930164,f51df93f-56ce-413c-b67d-33d7de243698,48,Ball Receipt*,35,30.712500000000002,24.48,10,41.71884005350309,56.823579507802094,15.104739454299008,24.73750019492807,15.854715257995384,26.398675265403142,21.38740094230424,5.141580332329324,3.611570351106995,0.15140872472363576,13.735114152005227,0.6931868560703807,30.53287995179774,10,33.123660356603416,44.470587982919355,26.04710787044673,56.70662153913922
3930164,ed01405e-12d4-4469-8a47-03cc601ff8b2,48,Carry,35,30.712500000000002,24.48,10,41.71884005350309,56.823579507802094,15.104739454299008,24.73750019492807,15.854715257995384,26.398675265403142,21.38740094230424,5.141580332329324,3.611570351106995,0.15140872472363576,13.735114152005227,0.6931868560703807,30.53287995179774,10,33.123660356603416,44.470587982919355,26.04710787044673,56.70662153913922
3930164,1143a3d0-1f13-4c2a-85af-42c97aa58459,48,Pass,39,26.6875,30.26,10,42.946189863044836,58.264280106445426,15.31809024340059,31.90318881180292,29.912557946212893,20.772249792845358,34.87133430811882,6.392182406288275,2.9603344201869453,0.3434688483595849,9.343855395549703,9.674645050963498,26.6875,10,31.93286960207011,44.80590057572853,28.583197103998167,62.993473737877174
3930164,6cbc23fa-3cae-4044-a9ba-2fb4e5f64fe6,48,Ball Receipt*,42,35.699999999999996,16.32,10,42.00857615205147,56.73532468775349,14.726748535702022,31.567996948174976,33.047935385897084,33.243999348343834,27.42941480919913,3.8660396775614365,3.8579372435780916,0.6943301629483614,12.878251645560816,3.027435524600797,35.69999933242798,7,44.02997459143927,50.13583396163557,24.958921618580792,52.5022415997519
3930164,58efb6b2-bb9c-4054-a817-937e69ed660b,48,Carry,42,35.699999999999996,16.32,10,42.00857615205147,56.73532468775349,14.726748535702022,31.567996948174976,33.047935385897084,33.243999348343834,27.42941480919913,3.8660396775614365,3.8579372435780916,0.6943301629483614,12.878251645560816,3.027435524600797,35.69999933242798,7,44.02997459143927,50.13583396163557,24.958921618580792,52.5022415997519
3930164,73d265f1-6e36-4b5a-9423-9cc557717964,48,Pass,44,38.762499999999996,22.185000000000002,10,45.093476647012025,58.46071902035383,13.367242373341803,30.959389329646353,20.50909946503949,23.96314647674994,20.36477576997166,3.2099509744116284,4.46858202321118,0.03736631636623855,12.235828725955457,3.4355471861816937,34.22652483801744,8,41.92779323350675,50.07346534316993,24.381676006645463,53.97453223545727
3930164,a24f4974-516c-41c7-84f4-e16bf1d63749,49,Pressure,18,42.699999999999996,5.44,8,31.74777634530023,45.0972128752646,13.349436529964372,24.815070388879978,34.447661948074746,48.10641187518046,44.885579625784274,6.782191288705899,2.8202485842244336,1.5063894768019495,26.2664006336184,8.20206663245304,6.7599107754904395,10,22.53494191395265,33.199387645922364,26.429665761444266,45.33134033064179
3930164,ce1c55e8-3502-4914-a9b8-502fbda58044,49,Pressure,24,54.25,10.455,10,32.381457847296254,46.91513325548159,14.533675408185339,19.58349802674568,25.133905271030763,49.301889685361544,36.074395953802984,5.246134796952772,5.572996219751381,4.756909413101233,22.641536032764556,4.617536859971018,24.622418644687368,9,27.906078941712984,36.874800801629476,21.014510729977243,40.89908469773265
3930164,d21bfaff-2f86-4703-a173-3349ee27d690,49,Pass,27,33.862500000000004,24.564999999999998,8,35.15562902558497,45.586098903413934,10.430469877828962,21.163839514997104,30.50580010633036,46.423314769317805,29.94792179831979,4.375131040238575,2.1078321442555814,5.524668378278061,23.62352158581268,14.845299875365942,27.417401732404592,10,29.578703059845424,37.471156137503996,21.93172781583686,32.4657327870622
3930164,70127f65-713c-44e9-b547-fa729d243186,52,Pass,5,26.8625,47.004999999999995,10,37.54053362455248,51.2466553412006,13.70612171664812,41.380393932398746,44.74680955122273,34.74649738462843,19.151728146592916,4.283992460495751,5.7560486220419325,5.481011302923328,10.765310888453264,0.062377516965533175,20.65447917784466,9,28.18438670668582,38.72762667445115,36.13009130575339,64.00318215871401
3930164,5530f794-bec5-469b-9bc6-5e7fbd546a5a,52,Ball Receipt*,7,27.037499999999998,26.945,10,36.81760493188435,51.51453542101054,14.696930489126196,32.835236640477135,43.29285898689143,24.84714283567927,22.280015592831255,4.819931648345335,5.634805782974865,1.39791951819781,10.494537588526274,2.6279934973199772,21.653622082569864,8,28.394653114663065,37.620092671944064,27.60266854169143,60.4418581722384
3930164,69ca6d91-10f9-4ea9-b04a-ce68a82c2c6c,52,Carry,7,27.037499999999998,26.945,10,36.81760493188435,51.51453542101054,14.696930489126196,32.835236640477135,43.29285898689143,24.84714283567927,22.280015592831255,4.819931648345335,5.634805782974865,1.39791951819781,10.494537588526274,2.6279934973199772,21.653622082569864,8,28.394653114663065,37.620092671944064,27.60266854169143,60.4418581722384
3930164,a92af2a8-fb5f-4f28-b1b1-eea0bd2ad6e4,52,Pass,10,32.637499999999996,26.264999999999997,10,40.18492188201302,55.52363700850119,15.338715126488168,31.07148167558629,37.52126065079202,21.607948126726832,41.24991005550672,3.7010862666126414,5.281472710517027,2.1751113709788115,7.566982851174473,3.0566430120300865,27.45040806195258,7,33.88579462365274,42.068369458117125,23.100071879160186,35.02629158142553
3930164,e48c85b0-c4e9-4d2c-994d-54a833f2b82f,52,Ball Receipt*,11,31.5,13.685,10,43.57546616533274,59.340376966342816,15.764910801010075,26.329921726050465,36.270891606279605,22.41303079383789,41.582201611104736,3.7438294175909004,5.061503852746745,2.984152704435779,7.44697439789266,2.3239344373625173,31.5,7,37.606429868424335,45.661209880813736,20.170070613795964,33.16410903814805
3930164,89b168a2-102c-4757-8d4f-6ccedb4cdaa0,52,Carry,11,31.5,13.685,10,43.57546616533274,59.340376966342816,15.764910801010075,26.329921726050465,36.270891606279605,22.41303079383789,41.582201611104736,3.7438294175909004,5.061503852746745,2.984152704435779,7.44697439789266,2.3239344373625173,31.5,7,37.606429868424335,45.661209880813736,20.170070613795964,33.16410903814805
3930164,b8041265-a0f2-4ba5-aeca-25249489ef35,52,Dribble,18,62.21249999999999,0.765,9,40.2967275667476,51.996969025766674,11.700241459019075,47.559116555657404,49.37725307422356,39.93370185518317,40.255796510367034,4.2397379390094,2.794761778221519,2.5197495599163986,16.251932468075353,7.073795981716053,38.20583710876755,6,45.123158493829585,49.625101292033385,53.2743222268959,31.670001001523403
3930164,29551b85-5ff8-49bc-8b99-fdd954402b2a,52,Pass,8,32.637499999999996,34.254999999999995,10,44.13335892918004,57.45772619311759,13.324367263937546,32.079689293720314,22.612439579058147,30.171027391710233,23.727617925147094,4.661266106060027,3.8254919949936133,1.960262217360004,14.236494703548583,6.105821677630354,31.323744847370886,10,35.728090755026194,46.51509229580512,27.915330151723794,56.95250955972929
3930164,574981d5-84df-46e0-ac0b-a7f1bd12e7eb,53,Pass,6,36.137499999999996,2.8049999999999997,8,31.403087704542987,44.08783198840496,12.68474428386197,14.166565863468332,9.072343605418142,31.016528421209113,5.713052319792187,4.592754512299011,4.271002719064255,0.7876832994494252,18.917213021013836,2.5716576128728477,6.604686029879135,11,19.08708761449047,30.879347267618392,20.20624248601736,46.21258911198765
3930164,cdcdff99-f5a9-449b-9029-b8101880c120,53,Ball Receipt*,7,38.237500000000004,25.669999999999998,9,33.309132857111315,47.74915844972064,14.440025592609324,15.873957295610072,17.955418957836088,27.261688019728588,29.297246465173657,4.921327403507973,4.51847471917804,0.7621830807477252,15.080035033380618,4.868227036290383,22.979673721755034,9,27.334096824032954,35.977786250489885,22.92083548352574,48.47973001153234
3930164,43a389f5-a86d-495b-9cac-4b8e47d8f1c4,53,Carry,7,38.237500000000004,25.669999999999998,9,33.309132857111315,47.74915844972064,14.440025592609324,15.873957295610072,17.955418957836088,27.261688019728588,29.297246465173657,4.921327403507973,4.51847471917804,0.7621830807477252,15.080035033380618,4.868227036290383,22.979673721755034,9,27.334096824032954,35.977786250489885,22.92083548352574,48.47973001153234
3930164,c57e218c-8a68-437a-92a2-4dd1cd60ad34,53,Pass,9,37.887499999999996,17.935000000000002,10,34.15957372448197,51.35846269976406,17.198888975282088,19.037394985723054,22.88445107646895,20.61689420972486,30.633312313538713,4.667590983058973,4.073326394046508,1.464609310262766,8.39090651806108,8.419502837869839,24.601135221077996,9,27.350117708470997,35.88308312908958,23.830476744790435,49.779644874104164
3930164,08572191-c670-4af8-af91-c1ea26c87451,53,Ball Receipt*,16,49.612500000000004,14.194999999999999,10,28.855696594234907,48.610325100218176,19.75462850598327,21.023313736037277,23.314858634951225,36.59715039370372,37.89718750812436,4.94702204936185,3.9052216335059207,2.2592000597251456,17.120153795962455,10.436584016543325,19.88284470566564,10,23.08189056516926,34.727099031905325,24.665502569062372,48.90150238440114
3930164,cd2f5f8d-a6f0-449b-94d4-1223e2d9a28d,53,Carry,16,49.612500000000004,14.194999999999999,10,28.855696594234907,48.610325100218176,19.75462850598327,21.023313736037277,23.314858634951225,36.59715039370372,37.89718750812436,4.94702204936185,3.9052216335059207,2.2592000597251456,17.120153795962455,10.436584016543325,19.88284470566564,10,23.08189056516926,34.727099031905325,24.665502569062372,48.90150238440114
3930164,db13dd97-8607-4518-b216-e3c570b6c4b5,53,Pass,16,49.612500000000004,14.194999999999999,10,28.855696594234907,48.610325100218176,19.75462850598327,21.023313736037277,23.314858634951225,36.59715039370372,37.89718750812436,4.94702204936185,3.9052216335059207,2.2592000597251456,17.120153795962455,10.436584016543325,19.88284470566564,10,23.08189056516926,34.727099031905325,24.665502569062372,48.90150238440114
3930164,a231e979-69f5-42e0-b605-82c1a3c2113d,53,Ball Receipt*,17,55.5625,24.65,10,32.537472141231774,52.67760607041292,20.140133929181147,22.038931681368982,23.462770938352627,36.78548415407557,35.18919483541284,5.51721388371106,3.1641233156179958,1.0950528647524003,17.54511049619098,7.277478325796029,24.0404605259903,8,33.42721694022367,41.94021120122148,28.217749545466084,42.90462788102952
3930164,c4d6787d-96d4-4571-9596-b8b425e092fe,53,Carry,17,55.5625,24.65,10,32.537472141231774,52.67760607041292,20.140133929181147,22.038931681368982,23.462770938352627,36.78548415407557,35.18919483541284,5.51721388371106,3.1641233156179958,1.0950528647524003,17.54511049619098,7.277478325796029,24.0404605259903,8,33.42721694022367,41.94021120122148,28.217749545466084,42.90462788102952
3930164,d348b6b6-a817-4f65-9364-c7e0237195a3,53,Pass,17,55.5625,24.65,10,32.537472141231774,52.67760607041292,20.140133929181147,22.038931681368982,23.462770938352627,36.78548415407557,35.18919483541284,5.51721388371106,3.1641233156179958,1.0950528647524003,17.54511049619098,7.277478325796029,24.0404605259903,8,33.42721694022367,41.94021120122148,28.217749545466084,42.90462788102952
3930164,bfd955a3-abbd-41cf-be19-5040e3536986,53,Ball Receipt*,18,46.9,21.08,8,46.16770506633575,60.282179113733264,14.114474047397515,22.937995335264674,28.392262877213373,31.390907834825768,19.71295885804013,7.069893365186133,1.4995150164704554,0.6972906839465729,15.741538461646169,7.16752467191332,38.60101850201806,6,46.10576685555065,49.61464887901442,30.35871635178526,38.26252381484135
3930164,010965db-9f19-4633-8432-2e1152362977,53,Carry,18,46.9,21.08,8,46.16770506633575,60.282179113733264,14.114474047397515,22.937995335264674,28.392262877213373,31.390907834825768,19.71295885804013,7.069893365186133,1.4995150164704554,0.6972906839465729,15.741538461646169,7.16752467191332,38.60101850201806,6,46.10576685555065,49.61464887901442,30.35871635178526,38.26252381484135
3930164,52a97474-2db6-4ebe-aabd-e708a71c297e,57,Ball Recovery,11,36.4,35.105,10,36.006901717496625,54.912061871055876,18.90516015355925,39.21142431326719,39.39064370159738,23.28070754403362,27.809556530580675,7.321177225420931,5.131331457789351,2.3298349764918598,10.880106595962921,0.5699034330279886,25.56303846046915,10,31.54208257393038,42.232256968888564,38.075723511198774,47.29994789495214
3930164,08d401af-3416-46b1-905b-24c2a6ffb07d,57,Carry,11,36.4,35.105,10,36.006901717496625,54.912061871055876,18.90516015355925,39.21142431326719,39.39064370159738,23.28070754403362,27.809556530580675,7.321177225420931,5.131331457789351,2.3298349764918598,10.880106595962921,0.5699034330279886,25.56303846046915,10,31.54208257393038,42.232256968888564,38.075723511198774,47.29994789495214
3930164,705ccf00-1c4d-499c-940d-b564914a5844,57,Pass,15,25.8125,41.395,8,31.930747442235237,47.75261184418534,15.821864401950101,34.417858438137,43.50932195662807,20.613040279815607,19.966404523636186,4.59381715904489,5.540600486921646,1.4337412458166057,9.845824939859853,8.103657068866958,24.002392452445704,8,28.463768137628065,35.647770062716226,37.547178648938406,44.72030158018152
3930164,16902ee4-3730-4b2c-9988-c57630dba174,57,Ball Receipt*,16,49.612500000000004,30.175,10,33.67876443724447,50.33780455568511,16.659040118440643,38.566479510283585,28.290683688228953,20.88106371769569,22.944493936365916,5.757228407249827,4.680444947011063,0.9146373426639407,11.068061404493491,1.0058154936138486,25.558996444848724,9,32.4380181828697,41.77957362577029,36.46183283195917,55.396974188492194
3930164,a51cb14f-565b-43f8-af8b-10d0cd1e0687,57,Carry,16,49.612500000000004,30.175,10,33.67876443724447,50.33780455568511,16.659040118440643,38.566479510283585,28.290683688228953,20.88106371769569,22.944493936365916,5.757228407249827,4.680444947011063,0.9146373426639407,11.068061404493491,1.0058154936138486,25.558996444848724,9,32.4380181828697,41.77957362577029,36.46183283195917,55.396974188492194
3930164,2e98520b-8fb4-437a-b485-95fe8d184219,57,Pass,18,46.9,31.365,10,38.190668966126744,51.10274534797096,12.912076381844216,38.032802814161435,35.7816860435633,20.25381707276916,22.25235536467788,7.144453065894061,4.672217936103923,0.8446479333375478,9.247049002186294,5.713054231745957,28.73566738447483,9,36.38801052756587,43.94006125094862,35.02737660103418,58.152072565998054
3930164,e4b04f9c-0cba-4123-95d0-342284862c81,57,Ball Receipt*,19,47.074999999999996,38.589999999999996,10,38.87072301431377,50.56510430610665,11.69438129179288,33.08943505677164,40.95623557800528,16.43499963439807,18.579650481322208,7.5283937712194655,4.882599816994422,2.5020323034619274,7.256121187419218,3.3616044866951285,29.214709658985782,10,34.39501342065009,42.70127981936198,33.818371456275585,56.94627837978159
3930164,7c0015de-3399-4d38-9baa-81d0e9c2ae00,57,Carry,19,47.074999999999996,38.589999999999996,10,38.87072301431377,50.56510430610665,11.69438129179288,33.08943505677164,40.95623557800528,16.43499963439807,18.579650481322208,7.5283937712194655,4.882599816994422,2.5020323034619274,7.256121187419218,3.3616044866951285,29.214709658985782,10,34.39501342065009,42.70127981936198,33.818371456275585,56.94627837978159
3930164,872d4228-dcd6-49db-b7a9-22681b74bbc1,57,Pass,19,46.550000000000004,38.504999999999995,10,38.4899348998968,49.89912949959876,11.409194599701955,33.54869239740262,41.42186878543659,16.884807078533868,18.598589390211394,7.441402058800796,4.99231193571199,2.4923723074859367,5.502507497656502,3.3710067500475844,28.88290227094018,10,33.91659890124473,42.212631927611746,34.33227680381556,56.22289079824956
3930164,94ab3186-c0c5-484a-a3bd-c29872ae601f,59,Ball Receipt*,10,28.962500000000002,41.989999999999995,9,40.47904370189907,55.021243270893464,14.542199568994391,30.949868888740838,34.02037509211329,24.461333756623716,35.84112470575902,4.273103828169018,5.377960116386272,0.9729705789099583,9.618497786597377,9.719134075492924,27.689881348890417,9,28.989737466686705,39.8923526307186,32.84933533483645,56.88754068194227
3930164,7bfc82fe-c0e1-4b67-b565-8b471030f0f7,59,Carry,10,28.962500000000002,41.989999999999995,9,40.47904370189907,55.021243270893464,14.542199568994391,30.949868888740838,34.02037509211329,24.461333756623716,35.84112470575902,4.273103828169018,5.377960116386272,0.9729705789099583,9.618497786597377,9.719134075492924,27.689881348890417,9,28.989737466686705,39.8923526307186,32.84933533483645,56.88754068194227
3930164,be327817-b986-430e-a567-5d32d901b7c2,59,Pass,12,27.3,43.86,10,40.43078103726584,56.31107204177372,15.880291004507882,37.465489768031254,33.71752206398915,32.988186159041064,25.73675609931904,6.400426021215006,4.532565425343732,3.3872811031408148,12.479765477557141,3.6442838809447835,26.661511193004205,10,29.425098437460395,42.92047801620792,36.445144026440076,61.891891637046236
3930164,a913bc53-32b1-4263-91db-f6ee1f12f030,59,Ball Receipt*,13,31.675000000000004,52.785,10,39.86422171336298,56.82963969931443,16.965417985951447,41.74287395677341,39.08525134751559,34.105726631644316,33.61053754731887,5.196995579184083,4.727489718855304,3.4141229886773345,12.288777362535303,3.839811412514365,27.24484234253623,10,32.080580241751136,44.50703987588417,39.20860646151186,60.66227693288286
3930164,7f25798b-90fd-415d-9ec4-54a6c971e7ef,59,Carry,13,31.675000000000004,52.785,10,39.86422171336298,56.82963969931443,16.965417985951447,41.74287395677341,39.08525134751559,34.105726631644316,33.61053754731887,5.196995579184083,4.727489718855304,3.4141229886773345,12.288777362535303,3.839811412514365,27.24484234253623,10,32.080580241751136,44.50703987588417,39.20860646151186,60.66227693288286
3930164,018f0519-fb2d-4375-bd32-6ff4e7f7cc5c,59,Pass,15,34.387499999999996,56.695,10,42.18531995601634,58.41846802857607,16.23314807255973,44.90998327339894,44.41757054827412,34.15836153195761,34.75163961804287,3.192524289015804,3.9307432578028423,4.5193826241408175,15.57099862649547,2.30819032468807,29.548875128528454,10,36.03395684035934,46.36355664603583,40.40772172883341,60.32325366518142
3930164,0b544cf8-7d69-476c-ba6b-c4b8ce88a7eb,59,Ball Receipt*,16,38.237500000000004,65.45,10,42.24442618413936,57.20555120438344,14.961125020244083,46.6280193400565,46.46205040918518,34.47144580089242,35.85043823110497,3.0278085518646134,4.142998866783112,2.49202431786118,15.121427586351778,1.943616615230141,29.56041424725285,10,35.0431227306815,45.59286305576583,41.52096792216206,60.068717689854324
3930164,81db2169-bfe3-4123-ae3c-0efa6c537a29,59,Carry,16,38.237500000000004,65.45,10,42.24442618413936,57.20555120438344,14.961125020244083,46.6280193400565,46.46205040918518,34.47144580089242,35.85043823110497,3.0278085518646134,4.142998866783112,2.49202431786118,15.121427586351778,1.943616615230141,29.56041424725285,10,35.0431227306815,45.59286305576583,41.52096792216206,60.068717689854324
3930164,5b01e2eb-5f47-4def-b5cd-73870d63ada4,59,Pass,17,37.5375,65.11,10,42.29288376409802,55.41318286689694,13.120299102798917,48.229457314714395,48.637140626486286,34.71757436274801,37.445660978233064,2.4444124040523625,3.940476484945739,3.387648091470595,13.740634873695761,2.253800193087663,28.564034927962503,10,33.863805545883764,45.03327053650246,42.50836684341404,61.01410071483767
3930164,f33774c7-2afb-49dc-8103-5550973d1df6,59,Ball Receipt*,19,24.5,55.08,9,39.31031144754371,53.571014059151935,14.260702611608224,46.27516283049628,44.07025146511768,33.785565993068516,37.66981726170255,4.358696927414782,3.735740133821982,3.980068721659329,12.43712549935351,5.5129903801965625,13.142199660331057,11,24.89615398811003,40.986044115778384,40.762811097609266,59.73230795332392
3930164,e11a9560-49d5-4b5a-9186-abcbf8763e45,59,Carry,19,24.5,55.08,9,39.31031144754371,53.571014059151935,14.260702611608224,46.27516283049628,44.07025146511768,33.785565993068516,37.66981726170255,4.358696927414782,3.735740133821982,3.980068721659329,12.43712549935351,5.5129903801965625,13.142199660331057,11,24.89615398811003,40.986044115778384,40.762811097609266,59.73230795332392
3930164,7090259f-fb4f-4f1d-9845-9b9575807789,59,Pass,41,38.762499999999996,13.855,10,45.026836031740196,58.15894102185007,13.132104990109873,25.089987538884962,16.41360225039802,30.957407472739987,25.765488880439737,4.277986558166401,3.2842544411440566,3.91857536455686,11.287631977119865,4.806879180848291,38.76249933242798,5,47.92384958793026,49.869709930446156,12.871069940429503,40.66173771843073
3930164,2b85dc2a-f8f2-4e66-9378-95a04a20bdb1,60,Ball Recovery,6,49.875,46.665,8,45.04990232107102,56.0905250012648,11.040622680193778,46.93228903085674,37.16435988070912,20.56624078610556,15.52496671657876,4.955519073300326,4.201412417196134,4.148159026818881,6.1271192063249345,1.2001929588370785,32.77909818071546,8,35.35302612532809,42.846659591324425,39.48025169060298,29.344433146526583
3930164,b41d0fa2-0c91-4f9e-ad2f-7c70593a4951,60,Carry,6,49.875,46.665,8,45.04990232107102,56.0905250012648,11.040622680193778,46.93228903085674,37.16435988070912,20.56624078610556,15.52496671657876,4.955519073300326,4.201412417196134,4.148159026818881,6.1271192063249345,1.2001929588370785,32.77909818071546,8,35.35302612532809,42.846659591324425,39.48025169060298,29.344433146526583
3930164,25418fde-6eee-4813-8e9c-4ce6e5743be5,60,Dribble,6,51.5375,47.685,8,46.68082287945706,57.8532703478102,11.172447468353141,49.66816066387539,37.17066021467844,19.276188924164586,10.479608092661316,4.859622839587361,4.2867442936140066,1.4948513428055463,8.882583412122294,1.629288107531508,34.659467609353506,8,37.1526475870719,44.62607865591711,41.001247298696086,30.325677004009673
3930164,f56a4ac5-34c6-4464-9c93-2099e344d95e,65,Ball Receipt*,15,13.2125,27.115,10,38.200479800318206,54.13752581786243,15.937046017544226,33.8496569883922,22.14524109352759,27.907433372424094,22.316603386639912,6.072978097319522,3.0879675891232576,0.30449798410101536,16.477576307124714,1.9746372101035465,13.21250033378601,11,23.750978778046935,40.334595204853606,30.315914820905377,61.29296941513406
3930164,86701acb-a9ed-40e6-b773-307092c842d9,65,Carry,15,13.2125,27.115,10,38.200479800318206,54.13752581786243,15.937046017544226,33.8496569883922,22.14524109352759,27.907433372424094,22.316603386639912,6.072978097319522,3.0879675891232576,0.30449798410101536,16.477576307124714,1.9746372101035465,13.21250033378601,11,23.750978778046935,40.334595204853606,30.315914820905377,61.29296941513406
3930164,3e2fdc52-26c5-4183-ba67-11a4e40cedcd,65,Pass,13,41.0375,14.194999999999999,8,44.09856536604119,61.247599820113805,17.149034454072613,21.216779756810933,29.07420275541341,37.334601709713176,35.898644297553965,5.765465777728676,1.8176016044050642,3.298712761483344,17.02932769920349,8.79969524503494,26.37974406269205,9,37.23316123661966,47.31850000249166,25.913004664452345,52.90898990289525
3930164,a359865a-c1bd-4301-b721-04fedf9ecce7,65,Ball Receipt*,13,38.675000000000004,5.95,9,39.12775999607842,60.27667015540963,21.148910159331216,18.612914538669518,27.453942199795335,37.188509195510946,35.53434914933858,7.002295974921135,3.1635417907394343,3.8020467330404273,22.153787351177765,8.392021412435543,27.900427946929653,9,38.406800505175646,48.347482149821005,25.20349068168892,53.49714206399728
3930164,9c8d0847-2893-400a-a711-e8221d69c84c,65,Carry,13,38.675000000000004,5.95,9,39.12775999607842,60.27667015540963,21.148910159331216,18.612914538669518,27.453942199795335,37.188509195510946,35.53434914933858,7.002295974921135,3.1635417907394343,3.8020467330404273,22.153787351177765,8.392021412435543,27.900427946929653,9,38.406800505175646,48.347482149821005,25.20349068168892,53.49714206399728
3930164,227bf125-cb64-40a8-b111-aca62ba1dc04,65,Pass,16,41.0375,6.034999999999999,9,44.373286848168036,61.04122816114628,16.667941312978243,19.743620144685643,24.79778919512425,37.28187185256747,32.92862872659564,5.7376518276668325,2.197664980815521,3.3002449154879905,13.935437299997751,2.3787758396441685,26.39476650159171,9,37.00015831076651,46.2138488540167,26.060242641327434,53.73651637387361
3930164,cd63269b-3e3c-4b50-8c71-fdb22302d2ec,68,Ball Receipt*,17,33.775,18.275,10,46.55797404742378,57.17202736329317,10.614053315869391,34.274954270294565,28.98710976342955,29.898345038332067,27.946377588532542,5.82118844828383,2.484992404312614,3.226953212730905,9.887423485803644,8.455145072644719,24.212062323170183,10,37.17559591739081,50.95265148280279,25.16787957603298,49.64977750776274
3930164,c9daeb6b-a1ae-4a69-8f2c-66edfbc043fd,68,Carry,17,33.775,18.275,10,46.55797404742378,57.17202736329317,10.614053315869391,34.274954270294565,28.98710976342955,29.898345038332067,27.946377588532542,5.82118844828383,2.484992404312614,3.226953212730905,9.887423485803644,8.455145072644719,24.212062323170183,10,37.17559591739081,50.95265148280279,25.16787957603298,49.64977750776274
3930164,0b740c7a-5228-4b4e-8ef5-60c43129a48d,68,Ball Receipt*,6,57.66250000000001,37.06,9,27.5968782733432,55.68227625385569,28.08539798051249,38.54709367834603,35.419742378615815,33.3386883123311,26.107743070093683,3.9528937652727123,3.0485417808036304,4.745067069616482,10.809806299414646,1.9960892283121225,23.6516555974764,10,26.53962919007069,37.45063029056676,35.75979011733118,34.141652494482415
3930164,a597bec4-e3c8-4514-b134-1f92ffee4759,68,Miscontrol,6,57.3125,36.464999999999996,9,27.391803903211972,55.30956972469012,27.91776582147815,38.293575213287525,34.86284875332209,33.33125096840577,24.27005742140754,3.9575285337108093,2.931720327730443,5.018870410694827,9.931342597052655,2.119991806163931,23.50199937774196,10,26.27945417238675,37.187353554503105,35.79388018603295,34.35857712121812
3930164,8ce4a718-9214-4c47-a635-dd5ed7f964b3,69,Ball Recovery,5,37.5375,50.404999999999994,9,29.952483275805026,47.81380595216553,17.861322676360505,51.41060936061111,53.360519726070606,32.11185309770218,27.491034221605233,5.060347055611226,6.284635160897471,4.184482592857279,13.480437281311929,3.230720299248304,22.46956895593047,10,24.814483096933557,33.624094827736435,50.90822313178614,26.420560488027377
3930164,28541033-9e58-4dd1-9ca0-9c5895217bcc,69,Pass,6,35.4375,52.19,8,31.718461589942326,46.009380938095546,14.29091934815322,48.96473300250368,48.49328354846614,31.54129037852846,26.213153480907636,5.0234084793773865,5.252901368346214,1.9727846236703996,11.524582488140858,12.349721118780266,24.42581203587003,10,26.148728942424125,34.369779879153306,48.41091835883379,25.54350699007317
3930164,282d9631-776a-4e3b-ad72-43df33bd731c,69,Ball Receipt*,7,49.4375,51.765,10,32.91529052947521,48.590156745632726,15.674866216157518,48.009303461901325,48.83186633902193,28.998244753942657,25.693699808515,4.870190026726101,4.27866543966223,0.1757920728364155,11.652607723439644,4.391914588344022,25.97837399703555,10,27.55252314536569,35.65922264666204,47.653360407501076,27.004667624034596
3930164,b9e2c9bb-e275-4245-9e1f-4cdb1270a4cc,69,Carry,7,49.4375,51.765,10,32.91529052947521,48.590156745632726,15.674866216157518,48.009303461901325,48.83186633902193,28.998244753942657,25.693699808515,4.870190026726101,4.27866543966223,0.1757920728364155,11.652607723439644,4.391914588344022,25.97837399703555,10,27.55252314536569,35.65922264666204,47.653360407501076,27.004667624034596
3930164,9fbaaaa2-0bb4-4be3-a64e-7e6d2bafc61d,69,Pass,8,48.65,50.745000000000005,10,35.353691316224484,49.89349159073493,14.539800274510448,48.876975365973195,48.349576798764275,29.492791551090058,26.362798569923022,5.780558449113349,3.2104142503301354,0.022309291456963365,11.238173683531443,1.7288857527241603,27.772310429396217,10,29.401440386096084,37.61657543684637,47.55834359429974,28.709391757906698
3930164,03a4e205-0ab0-4304-8489-dfb10b506442,69,Ball Receipt*,9,48.475,38.08,9,44.4448172413143,57.15031629510226,12.70549905378796,46.35975940116031,43.10850128787996,26.400099477950853,26.635564802319468,6.366064662524893,2.7571969280918114,2.208807317235042,11.432711099145024,5.137477547994493,31.992706515796076,9,36.16980132640762,43.31054647875678,44.557653759954434,30.951381980890375
3930164,4df3b7f7-efa2-4670-ac73-6907a25b7476,69,Carry,9,48.475,38.08,9,44.4448172413143,57.15031629510226,12.70549905378796,46.35975940116031,43.10850128787996,26.400099477950853,26.635564802319468,6.366064662524893,2.7571969280918114,2.208807317235042,11.432711099145024,5.137477547994493,31.992706515796076,9,36.16980132640762,43.31054647875678,44.557653759954434,30.951381980890375
3930164,0d35afa3-4832-4764-8dc8-f33da2ecbb81,70,Pass,12,19.599999999999998,17.68,8,31.94560133517541,50.69889138383015,18.75329004865474,28.531559548769724,23.919707114623034,32.364256723086484,23.835889183825742,5.919725185871821,6.236358945091947,2.3843485510100617,13.564668468112156,7.322331680008741,19.59999966621399,7,27.320156290520558,35.57257724997355,25.66880260246967,56.833435521422075
3930164,177dfbdf-827b-4c9f-921a-5298ec1ecbd6,70,Ball Receipt*,14,8.3125,29.75,9,31.038537728449437,49.78319032068615,18.744652592236715,30.034030096312467,24.20352028535671,30.194124600058476,23.282316217859158,4.892233442531049,5.899936686266871,2.607496123730151,11.415174032228574,4.167084553234382,8.3125,8,16.930830659218792,26.292864126047792,30.201145465959566,58.02361730546693
3930164,23ffb789-71bd-41eb-b19d-240dcd596ffb,70,Carry,14,8.3125,29.75,9,31.038537728449437,49.78319032068615,18.744652592236715,30.034030096312467,24.20352028535671,30.194124600058476,23.282316217859158,4.892233442531049,5.899936686266871,2.607496123730151,11.415174032228574,4.167084553234382,8.3125,8,16.930830659218792,26.292864126047792,30.201145465959566,58.02361730546693
3930164,9533fd8f-5822-41a6-9a47-12783a39fa32,70,Pass,16,9.975,29.495,10,33.014944019268015,50.35524843137901,17.340304412110996,31.714197749460276,26.69582994941241,30.855047427597963,25.442534077624117,3.2400186710637255,5.472966117244152,2.307883784018678,10.486852079196257,2.7897892493651106,9.97499966621399,9,17.724889821386302,29.88670154311648,28.702667572037726,58.83950682168076
3930164,465e6fe9-1e23-4cc3-8b50-785591172b7c,70,Ball Receipt*,17,17.587500000000002,19.04,9,34.78106281297714,52.285097959176845,17.504035146199705,32.13451966772486,26.696640451362207,34.00514734319469,27.110795206382804,2.541852819925184,5.0416515420694985,5.697166622491359,10.089306323188417,1.637798482848357,17.58750033378601,7,27.847184332912224,35.792824454664306,27.33912631199334,60.4061489921907
3930164,56d3494d-5ebb-4a0d-8320-39204514d595,70,Carry,17,17.587500000000002,19.04,9,34.78106281297714,52.285097959176845,17.504035146199705,32.13451966772486,26.696640451362207,34.00514734319469,27.110795206382804,2.541852819925184,5.0416515420694985,5.697166622491359,10.089306323188417,1.637798482848357,17.58750033378601,7,27.847184332912224,35.792824454664306,27.33912631199334,60.4061489921907
3930164,6fe98197-1e0e-4d18-8e2e-841dea2386f6,71,Ball Receipt*,21,20.3875,43.86,8,32.42259335352097,50.498496124646884,18.07590277112591,32.322826880524204,31.764944658003504,35.893884444952874,35.21870859353413,5.236201730072571,5.186865063367623,2.015627461180344,12.66319185643031,14.656121962045468,19.884772814126457,8,25.470971551093086,33.920838004847795,30.787590688493587,61.34907798467968
3930164,25d2a844-e33b-4178-8ffe-138b56fe14ff,71,Carry,21,20.3875,43.86,8,32.42259335352097,50.498496124646884,18.07590277112591,32.322826880524204,31.764944658003504,35.893884444952874,35.21870859353413,5.236201730072571,5.186865063367623,2.015627461180344,12.66319185643031,14.656121962045468,19.884772814126457,8,25.470971551093086,33.920838004847795,30.787590688493587,61.34907798467968
3930164,0bebca3e-0ae1-4d45-b3a7-e2ad9523cb1d,71,Pass,23,23.275000000000002,48.195,10,34.54270085347321,51.8128271392212,17.270126285747992,36.5022609822058,37.09519480972884,30.18764329955857,34.27785847185039,4.5920025326700085,4.837860351888531,2.9741238346563144,12.443749807717566,9.14644924984674,22.20753752722112,10,27.129264643632197,39.16993806061794,38.12715061541942,61.28083114752533
3930164,fed9123e-edd0-4dd4-b54d-3fc3fc783aab,71,Ball Receipt*,25,31.324999999999996,63.92,10,35.839871547672445,52.46222251655575,16.622350968883303,38.990316168300566,39.46279802192484,33.04022178928976,35.201773062731895,4.030174041741118,4.509422988290575,3.616797865458551,12.03605616726422,7.483383518577256,22.78773659682699,10,27.573202143157182,39.79128962790238,38.063574748209895,59.72772064704587
3930164,c593e3e3-b3d5-4ff1-99d1-c832baf15ee3,71,Carry,25,31.324999999999996,63.92,10,35.839871547672445,52.46222251655575,16.622350968883303,38.990316168300566,39.46279802192484,33.04022178928976,35.201773062731895,4.030174041741118,4.509422988290575,3.616797865458551,12.03605616726422,7.483383518577256,22.78773659682699,10,27.573202143157182,39.79128962790238,38.063574748209895,59.72772064704587
3930164,7e1687c7-1c77-4bc2-9131-62b2b2fbf651,71,Pass,25,32.025,63.92,10,36.91925455356816,53.286601957760254,16.367347404192095,40.70642040409746,40.86372179488521,35.71182682505956,35.597521560792444,4.200677492882047,4.485392269116388,4.5044958501039645,11.71255767494062,6.421107467511057,22.955861611734644,10,28.247389443232397,40.448933206953434,38.638818087230035,59.7758817851917
3930164,9e38ea19-05bc-4c8d-8612-b64c8b4ef4ca,71,Ball Receipt*,26,42.4375,60.00999999999999,10,36.37588361200331,51.667433457924474,15.291549845921168,42.77047645010724,44.3014542850967,37.5109454195645,37.8328924482637,4.326674841685825,4.778869568216769,4.32215453777129,12.207718179551506,3.6121362614573442,21.312376516756967,9,31.220372537288327,40.8160659979641,38.850052597692354,59.94582910426844
3930164,6e127440-0978-47dd-aeaf-9da1305e0b15,71,Carry,26,42.4375,60.00999999999999,10,36.37588361200331,51.667433457924474,15.291549845921168,42.77047645010724,44.3014542850967,37.5109454195645,37.8328924482637,4.326674841685825,4.778869568216769,4.32215453777129,12.207718179551506,3.6121362614573442,21.312376516756967,9,31.220372537288327,40.8160659979641,38.850052597692354,59.94582910426844
3930164,e69285d3-09d9-42ab-9b3d-a16afb25a705,72,Dispossessed,12,65.45,12.325,10,29.726200561483864,40.257719902534205,10.531519341050341,50.547735146021736,48.08712816490372,32.581572004255214,30.18254102882851,3.177516240709718,1.1767765854748027,1.9344841960541572,11.949565199375698,6.641491477327854,27.915803447426054,7,34.891918327730686,40.91679379128403,47.13444675734671,41.48638807348207
3930164,423d77c5-3b5b-45da-9880-6e16c48e6d03,73,Ball Receipt*,24,36.137499999999996,45.645,9,36.27793028143387,53.020247844314696,16.742317562880828,41.13507689263751,43.583060904197424,21.780117717189032,38.23238537381829,6.126181111093917,5.0156733649473555,0.42347061553999765,11.325181190036826,1.3657268131497347,24.453139969603125,8,32.738099967525635,42.60202530139733,45.879272195012334,56.466496743617235
3930164,7c783dff-e551-45e1-9831-26637fda194f,73,Carry,24,36.137499999999996,45.645,9,36.27793028143387,53.020247844314696,16.742317562880828,41.13507689263751,43.583060904197424,21.780117717189032,38.23238537381829,6.126181111093917,5.0156733649473555,0.42347061553999765,11.325181190036826,1.3657268131497347,24.453139969603125,8,32.738099967525635,42.60202530139733,45.879272195012334,56.466496743617235
3930164,59345419-41fd-4880-b599-5ffcf2c4c793,73,Pass,31,43.3125,41.82,9,44.63428212806406,59.94513962937104,15.310857501306984,45.28338918986129,35.98356917628252,21.4172437201386,37.144114327036824,5.148818474244545,3.62147116786219,0.7525627981706791,8.21482924959625,4.554137298026177,43.3125,6,44.87365146554169,48.70971377448901,44.94034124187075,56.478050758746555
3930164,ae42a7a6-529d-4efb-a4d3-d449213e2f45,73,Ball Recovery,35,32.8125,42.5,8,43.35529772583372,57.571918714281566,14.216620988447843,33.72405156182139,51.43167583942084,34.572641770012076,18.997272601913323,4.482520408329861,2.8286974790334294,3.585813129973051,16.720162833718703,8.096914651351995,32.8125,10,36.397094194319244,44.39672798505613,39.659068274933425,44.665387757080076
3930164,3df4c5f3-e2f8-435c-aef6-9fbaa1db62e6,73,Carry,35,32.8125,42.5,8,43.35529772583372,57.571918714281566,14.216620988447843,33.72405156182139,51.43167583942084,34.572641770012076,18.997272601913323,4.482520408329861,2.8286974790334294,3.585813129973051,16.720162833718703,8.096914651351995,32.8125,10,36.397094194319244,44.39672798505613,39.659068274933425,44.665387757080076
3930164,edface8e-6e2b-4e58-94fa-68966e07fa5b,73,Pass,40,43.3125,38.589999999999996,9,44.294206990015724,59.217860498249614,14.92365350823389,35.90404967211379,46.42324761893614,27.49640370614232,19.687257979776234,5.025358797405765,3.8577943025095367,4.258191634762149,10.185388822327916,1.2133328616477144,34.401154144217685,8,38.190115494764534,43.94484721101695,42.72738085790658,49.0709790371756
3930164,22ccf634-153e-4ed4-86b2-72024326b512,73,Ball Receipt*,41,38.5,38.08,9,44.0777571450903,59.395995893228935,15.318238748138633,34.40560073644207,43.969471221685275,26.63531617378651,19.44528741571925,5.123339287624218,3.799098787876113,1.9071150935479935,9.977997034226696,1.706633982541618,30.690008737019923,9,35.674787713638224,43.14386930045812,39.75873413797561,50.40039834672068
3930164,fe45cb46-d4ee-4d81-a1c3-cc41532b3250,73,Carry,41,38.5,38.08,9,44.0777571450903,59.395995893228935,15.318238748138633,34.40560073644207,43.969471221685275,26.63531617378651,19.44528741571925,5.123339287624218,3.799098787876113,1.9071150935479935,9.977997034226696,1.706633982541618,30.690008737019923,9,35.674787713638224,43.14386930045812,39.75873413797561,50.40039834672068
3930164,664e5d9e-ae69-4420-838d-00977299f13c,73,Pass,42,36.75,37.315,8,42.10317828302796,57.82356302958479,15.720384746556832,34.21489864370111,46.43243581381461,26.60357477542141,19.599325320366873,5.8955269615074215,3.3688221916978147,2.506808318386952,8.378170680793922,9.321964866160165,30.00033673140091,9,34.18183814783624,42.99983594547502,39.908763969668215,52.45205219753906
3930164,830eccd1-09e6-41ab-ae17-62aa00af6358,73,Pass,44,29.3125,44.370000000000005,8,37.1116409122195,53.682531292468155,16.570890380248656,36.725861724655104,48.00036236613644,31.717695086148872,24.50777694862235,6.798488930724518,2.2324927821233493,6.060739629765962,11.621712631379829,9.46305254631779,25.48426792875273,8,30.36367234221677,38.46777265395357,41.108652449458106,54.025528287798856
3930164,b41c1ca7-78fe-4101-84bf-b4d5a35b23d8,73,Ball Receipt*,46,46.375,48.96,9,39.84773683260951,55.18132756968231,15.333590737072797,43.213954808803614,40.927750422493204,35.244300882932976,34.62207682418941,5.548043066990284,4.199404789390075,1.1916406539424855,18.094443546589783,7.439357974180261,27.203225424694317,8,31.464280866804167,41.44009649076972,44.90819952870156,51.78640479299199
3930164,3d58e3d1-2dcd-4345-8f70-816b4a0756c4,73,Carry,46,46.375,48.96,9,39.84773683260951,55.18132756968231,15.333590737072797,43.213954808803614,40.927750422493204,35.244300882932976,34.62207682418941,5.548043066990284,4.199404789390075,1.1916406539424855,18.094443546589783,7.439357974180261,27.203225424694317,8,31.464280866804167,41.44009649076972,44.90819952870156,51.78640479299199
3930164,602c4d4a-c468-48fa-a218-1444741ffced,78,Ball Receipt*,14,23.625,40.375,8,37.31177014208643,51.86253434631359,14.550764204227157,37.43768280556735,41.712261977836114,33.86292892775923,18.3095577832868,3.374221298031811,2.9423625577242896,7.47123224703304,10.571161120531023,1.0981347012633904,20.802365387773087,10,25.582949723724475,37.41648249004449,36.23893383933875,57.86171936053243
3930164,4d266f9c-3e4e-4aed-9f61-8bff989bcfdc,78,Carry,14,23.625,40.375,8,37.31177014208643,51.86253434631359,14.550764204227157,37.43768280556735,41.712261977836114,33.86292892775923,18.3095577832868,3.374221298031811,2.9423625577242896,7.47123224703304,10.571161120531023,1.0981347012633904,20.802365387773087,10,25.582949723724475,37.41648249004449,36.23893383933875,57.86171936053243
3930164,fd971864-c894-4b69-94c3-6c4c3c844218,78,Pass,15,29.75,40.885,10,41.22437057549646,55.80905428418763,14.584683708691173,35.22203590241058,40.97452047275546,32.77078221061307,17.985991551507375,3.82624128817711,3.4447113759700514,5.250450080315673,10.60740802763295,4.227436721273044,25.054137046596193,10,30.108251350530875,41.07841615338431,34.70506615310886,59.578420097390605
3930164,b0fb1131-8ef7-4e6e-aa76-6f774466df29,78,Ball Receipt*,16,32.2875,47.004999999999995,10,42.06679544633727,56.457848185402185,14.391052739064918,37.1003208912502,42.709922554187024,32.10981618157375,18.504926461962597,4.123479109716484,3.565241933946443,4.369583818620541,10.300690014151705,2.5877603994501115,26.273050456849578,10,30.848340716578306,41.80532775159246,36.10570615846755,58.76419067347456
3930164,977e8a24-5f8c-41f1-9e62-8c3a75988150,78,Carry,16,32.2875,47.004999999999995,10,42.06679544633727,56.457848185402185,14.391052739064918,37.1003208912502,42.709922554187024,32.10981618157375,18.504926461962597,4.123479109716484,3.565241933946443,4.369583818620541,10.300690014151705,2.5877603994501115,26.273050456849578,10,30.848340716578306,41.80532775159246,36.10570615846755,58.76419067347456
3930164,22e1370f-ab04-4d43-aa69-61d0637c3c54,78,Pass,17,36.3125,47.94,10,44.25743761998308,58.06705201805792,13.809614398074842,38.8646193069966,44.62413422672159,31.4339204725794,19.41978419815875,4.016460942854393,3.6261425476378375,5.183212732642964,11.173509528458805,0.24600170420048784,28.453426407303176,10,32.853804794817194,43.99344682281485,36.93812304399053,60.98664442903654
3930164,24b78f28-3adf-402d-a956-6fa5ce1434f5,81,Dispossessed,19,55.387499999999996,14.025,9,37.94671135952289,52.82775078110957,14.881039421586685,43.14115054496558,43.87985844162093,29.076044632944914,28.520865846321016,4.068482928134133,3.428536349804217,4.816987840427323,9.98409446044083,0.05059999530488568,35.78797745600693,9,39.11628066841636,47.52501583655968,43.11068688099979,49.94266005462225
3930164,130f887b-c703-445d-9eed-e99965a9196c,81,Pass,10,39.550000000000004,3.74,9,47.11171889837401,57.90047608478773,10.788757186413719,22.245998817923187,23.699118957139934,37.06974368886238,13.832743305761795,4.185685518179355,4.164962267016188,1.8113675737426078,21.101007220581536,0.23442865897260035,30.594599793195552,6,39.80130653778561,44.03468663677887,17.507065594759855,40.23533631928496
3930164,38b41095-60eb-439d-ab78-e8db041c1556,81,Ball Receipt*,11,33.1625,14.62,9,46.96310327845206,57.38465724843842,10.421553969986363,25.171899936540076,20.62609353778729,33.600576209035,26.227321792657673,3.809858578579993,3.7929631473878587,3.485546772880646,13.626178867720515,2.1121555351290198,33.16250133514404,6,40.92216685601454,44.980048032236276,17.895270655594846,37.96188820054312
3930164,009328ee-7377-4168-b1da-135222461755,81,Carry,11,33.1625,14.62,9,46.96310327845206,57.38465724843842,10.421553969986363,25.171899936540076,20.62609353778729,33.600576209035,26.227321792657673,3.809858578579993,3.7929631473878587,3.485546772880646,13.626178867720515,2.1121555351290198,33.16250133514404,6,40.92216685601454,44.980048032236276,17.895270655594846,37.96188820054312
3930164,e62a56ae-7d88-4ea8-a63f-5b689b1dad71,89,Pass,20,22.3125,47.685,10,43.40393746805589,58.958946440894906,15.555008972839019,45.8439635511681,37.18944876740331,35.23177323668581,20.740216800470275,9.590215005232123,0.7496857759683876,0.8077749473490101,20.060179432782583,3.406385696089295,22.3125,11,38.16012206108464,49.566795750312934,42.14008692875101,52.67615836268398
3930164,db431fbc-d040-4fb8-91d0-663ee3676fbb,89,Ball Receipt*,6,24.587500000000002,32.214999999999996,10,46.1559745996956,57.20437314861232,11.048398548916722,28.571959300394155,23.718779420724083,31.668653780416665,20.062495793709306,3.508926206691007,3.395790748422741,4.728239233748354,9.904504218408015,4.665380875890008,24.58750033378601,10,33.18435443242063,45.8068600770398,27.59332950631987,55.426203537928984
3930164,623d07cf-4f3a-4349-948c-d67b0249fece,91,Ball Receipt*,5,61.60000000000001,51.51,10,40.67900968409547,59.69067622602827,19.011666541932804,39.049592050774464,36.99732877586912,20.19072829835287,30.592434915021027,5.066766965840516,3.832418748534078,1.7508985373968642,11.326225330961012,7.677312681872728,28.55014318357293,10,32.90695991556751,45.90456469576445,36.82574641214923,34.09278710823381
3930164,5e0a9668-4429-4d70-9206-2813a2379133,91,Carry,5,61.60000000000001,51.51,10,40.67900968409547,59.69067622602827,19.011666541932804,39.049592050774464,36.99732877586912,20.19072829835287,30.592434915021027,5.066766965840516,3.832418748534078,1.7508985373968642,11.326225330961012,7.677312681872728,28.55014318357293,10,32.90695991556751,45.90456469576445,36.82574641214923,34.09278710823381
3930164,6436c79d-6b84-4228-adcd-dc2eb53c11a5,92,Pass,11,26.425,1.7,10,36.85720268474324,57.51048050538546,20.653277820642217,12.959643230762287,17.34207449381713,23.403066838347982,31.287376344363885,6.939265310989389,2.527113593148198,3.103300707789024,8.268381531464353,6.529530969627588,26.42500066757202,10,30.265339648832175,44.23591104345596,16.81539783309155,36.41439417572395
3930164,061fd2fe-6cde-4689-b244-d40624cbd036,96,Pass,6,18.287499999999998,13.005,8,16.327658550285037,28.38206977845657,12.054411228171535,21.499940437641715,18.449178062011637,35.610241998851315,20.04514501442449,3.391063089051366,5.015115193916418,5.976410514685139,10.863726589876098,4.72084330040018,3.9104219563900706,11,12.584072716230889,19.636865121023884,22.45219370458121,34.730005868204124
3930164,ba8014e3-f27c-4900-8d66-376613c2d78f,96,Ball Receipt*,7,38.9375,11.985,9,16.752687877262986,31.690322343370525,14.93763446610754,22.012520957242735,16.861980789388944,35.7201912383322,19.465583380126823,2.806544906514197,6.549389052127064,7.656062277965329,10.330243525395577,2.440018127587347,3.3347316876369373,11,12.576396811114401,20.15929940457969,22.49187629000621,32.75369826974392
3930164,12a90d0e-38e4-4433-94e3-8e64bc61f4be,96,Carry,7,38.9375,11.985,9,16.752687877262986,31.690322343370525,14.93763446610754,22.012520957242735,16.861980789388944,35.7201912383322,19.465583380126823,2.806544906514197,6.549389052127064,7.656062277965329,10.330243525395577,2.440018127587347,3.3347316876369373,11,12.576396811114401,20.15929940457969,22.49187629000621,32.75369826974392
3930164,626d157b-5f37-4e3d-9845-f690614c4d26,96,Miscontrol,7,38.0625,12.325,9,16.580655645979526,31.071099732843585,14.49044408686406,22.628701120408277,17.745200453661763,35.743243913918974,19.042551743361127,2.788285910753113,6.365743457910875,7.052988460636417,10.077700286697834,2.1153455240103796,2.8118215140108873,11,12.225116755036012,19.963511710122738,23.181210921782636,32.16995764513862
3930164,d6a97466-0793-41c7-b05e-def542262c19,96,Pressure,8,30.974999999999998,8.584999999999999,9,21.262517577283898,34.78243710951508,13.519919532231182,23.419048810485897,16.55675290913126,37.03057412041594,20.343388127966094,3.2418716124868463,4.869254381101203,6.6674423762500865,10.90787387905046,1.7550222401506907,6.4575657437749125,11,16.351446526940492,24.932391394081446,24.06217274088962,32.35682998556249
3930164,633679f0-7137-4a5a-9cdd-bef40983a622,96,Block,9,31.762499999999996,9.265,9,19.091200936476135,32.393129951210916,13.301929014734782,26.657823217331924,18.885326965275564,39.81368342370322,22.024278444557986,3.379056017189834,5.404712104486887,6.539240190472089,12.187261587419403,1.6764589413339621,3.7910315505891763,11,13.932348500603071,23.04392292774089,26.676545277232503,35.24494705728728
3930164,da4e5bd0-dc82-481d-833e-3af767f793be,96,Ball Recovery,11,40.775,5.015000000000001,9,22.8175691018457,37.70045499655311,14.882885894707414,24.93302303482674,13.337853222313994,39.37565614790516,22.656769028884746,3.3443304791769988,3.856071058669314,5.953805821852992,15.52715140150802,1.3241803861943628,6.331211819136952,11,17.58035817177614,27.16928336307515,23.286239060483787,37.71438974835599
3930164,9804ed23-8160-4819-99cc-49c0a0e50b28,96,Carry,11,40.775,5.015000000000001,9,22.8175691018457,37.70045499655311,14.882885894707414,24.93302303482674,13.337853222313994,39.37565614790516,22.656769028884746,3.3443304791769988,3.856071058669314,5.953805821852992,15.52715140150802,1.3241803861943628,6.331211819136952,11,17.58035817177614,27.16928336307515,23.286239060483787,37.71438974835599
3930164,abf1b5b2-d3f0-4eb5-b541-e95edcc835f9,96,Dribble,11,42.262499999999996,6.46,9,25.777824880722754,44.6331477457223,18.855322864999543,26.298200782663724,17.7248821645559,33.43148561717708,26.28445324106688,5.806240069683178,6.309702797766946,6.128172233509336,11.935383310173378,3.045287174570757,22.044514589848035,9,24.46201710754316,31.78458093422482,23.904379105722768,36.7535850897852
3930164,8d5cf021-279f-4f91-ae8e-14455936a825,96,Carry,11,42.262499999999996,6.46,9,25.777824880722754,44.6331477457223,18.855322864999543,26.298200782663724,17.7248821645559,33.43148561717708,26.28445324106688,5.806240069683178,6.309702797766946,6.128172233509336,11.935383310173378,3.045287174570757,22.044514589848035,9,24.46201710754316,31.78458093422482,23.904379105722768,36.7535850897852
3930164,5f9fce9f-ba66-482f-aba9-cbb0ea55423a,96,Pass,9,38.4125,35.699999999999996,10,40.958412602790204,58.91968322630207,17.961270623511865,36.59916697242777,37.219938620132204,18.899186023175563,31.126225663882725,3.634986610459899,0.6182239661054325,3.244330829919079,6.5925412137305806,5.1908681714977405,29.6851111218107,5,39.587801309191455,43.421584608825285,29.820272289563253,16.509132106488888
3930164,4b12631d-7ed2-4562-98a7-b34accbc1c13,97,Ball Recovery,7,47.6875,24.564999999999998,8,45.87620641980583,61.3049121270748,15.428705707268968,29.20882578611812,28.15603931514296,30.132939263365444,29.153044955448166,6.2384146398229525,3.3551910703342482,1.9435662175139043,18.2595238980035,13.712232531733132,36.687824821163495,7,43.54369098731495,49.004335893823225,31.546992535269517,39.752246806662484
3930164,c39b3d13-9815-49d1-9194-53b198da7ba6,97,Carry,7,47.6875,24.564999999999998,8,45.87620641980583,61.3049121270748,15.428705707268968,29.20882578611812,28.15603931514296,30.132939263365444,29.153044955448166,6.2384146398229525,3.3551910703342482,1.9435662175139043,18.2595238980035,13.712232531733132,36.687824821163495,7,43.54369098731495,49.004335893823225,31.546992535269517,39.752246806662484
3930164,14fca45e-7ff1-45e6-a788-bec7ca311343,97,Ball Receipt*,13,47.775,14.025,10,42.381620505132844,60.16378603375475,17.782165528621903,29.31177086244805,23.242549850585334,31.58676071986409,33.90438094541918,4.729853394254257,6.682701790887366,2.731919527193469,19.251927339174962,6.18132035922229,33.290054626394856,10,38.80066964010962,49.371400045094916,28.38192785868378,45.67384287424667
3930164,c4540937-b206-49c9-8fde-66562249690a,97,Carry,13,47.775,14.025,10,42.381620505132844,60.16378603375475,17.782165528621903,29.31177086244805,23.242549850585334,31.58676071986409,33.90438094541918,4.729853394254257,6.682701790887366,2.731919527193469,19.251927339174962,6.18132035922229,33.290054626394856,10,38.80066964010962,49.371400045094916,28.38192785868378,45.67384287424667
3930164,d47004b3-dccc-4297-95a6-597006b36f03,97,Pass,16,38.237500000000004,12.58,9,40.55760966231803,57.45314653830283,16.895536875984803,22.0656858176285,25.657703055811126,29.21105682926735,36.06673102599785,5.154857821819273,7.258890521108619,5.183282583270046,10.976045116681002,5.258599445611964,31.043317885299693,9,35.411255997472914,45.21210844276143,25.21467850599018,48.04122778172969
3930164,073c0a3b-569e-43cd-9995-bf0ddb639705,97,Ball Receipt*,17,50.050000000000004,6.885,10,39.98875170379683,55.25435429784278,15.265602594045951,21.236926243809837,25.595460691550066,31.706123955713245,35.174965036101206,5.039080019064297,6.72797243856197,4.023122640485404,12.662072895071027,8.045696403769846,29.422098021846587,10,34.49254677839273,46.39386575163305,25.880059300560468,49.073981675220566
3930164,df9d67dd-c77f-4e84-a217-30dcd12b3567,97,Carry,17,50.050000000000004,6.885,10,39.98875170379683,55.25435429784278,15.265602594045951,21.236926243809837,25.595460691550066,31.706123955713245,35.174965036101206,5.039080019064297,6.72797243856197,4.023122640485404,12.662072895071027,8.045696403769846,29.422098021846587,10,34.49254677839273,46.39386575163305,25.880059300560468,49.073981675220566
3930164,f09d5d96-d249-497d-b6ca-60d1d0c79830,97,Pass,17,49.4375,7.225,10,39.37625103622481,54.64185363027076,15.265602594045951,21.57692591956057,25.9354603673008,31.706123955713245,35.174965036101206,5.039080019064297,6.72797243856197,4.023122640485404,12.662072895071027,8.045696403769846,28.809597354274565,10,33.88004611082071,45.78136508406103,26.2200589763112,49.073981675220566
3930165,3ec50551-9323-4da0-b447-cc12e8e53016,2,Ball Receipt*,12,69.7375,55.845,10,34.35061130565074,50.858715774158384,16.508104468507646,25.063183300502715,31.072681021694923,42.97431393447925,44.655576257661,4.849424999542514,5.647770217481893,8.30077781247595,13.058806198436734,0.21271653851731998,28.67628230886855,9,34.150529447826344,41.45391008093931,22.001990785004793,38.836792017345005
3930165,d965da71-6f10-43e1-952e-8fa9b3667e3c,3,Pass,15,38.237500000000004,23.63,9,45.518550519561806,60.81068228584843,15.292131766286623,23.941277036646376,26.131956815859596,30.05510920323877,18.295329466967438,4.687350936094255,4.690579574791586,1.5254684784235089,16.69837007738175,4.0537731459718,32.441507587185136,9,36.92567895963788,46.93184144809644,25.91599048678856,55.549507000138284
3930165,fbd7fd34-c883-45a5-a228-d7ec31d1b237,3,Ball Receipt*,15,34.9125,14.875,9,43.38499761546977,59.89471910329392,16.50972148782415,21.158736708700626,24.388722017897713,28.47747519767978,20.272027256309663,4.4410003504887,4.42485423708349,0.8594343552370205,20.07407965888096,4.7558524602361025,30.90504929567158,9,36.470768865195005,46.128493121590374,24.80899628459911,55.90759257091273
3930165,27d11496-a4f1-4cf0-b8f4-30d3b44ee3ae,3,Pass,15,34.9125,14.875,9,43.38499761546977,59.89471910329392,16.50972148782415,21.158736708700626,24.388722017897713,28.47747519767978,20.272027256309663,4.4410003504887,4.42485423708349,0.8594343552370205,20.07407965888096,4.7558524602361025,30.90504929567158,9,36.470768865195005,46.128493121590374,24.80899628459911,55.90759257091273
3930165,95f8eb14-09f5-4c50-9d08-3ca2a35e2192,3,Ball Receipt*,17,30.887499999999996,30.939999999999998,8,43.00469477793047,58.476467381235715,15.471772603305247,22.93714246967,21.829322225370863,25.989467967081662,16.69841568329223,4.117406945310988,4.502141035075338,0.8224546259609831,19.06440760278956,5.782086321839859,30.88749933242798,9,36.250910539059376,46.06058069798715,24.592285362104377,55.14089843621431
3930165,1562e1a1-091b-4644-96e0-ede236012b87,3,Carry,17,30.887499999999996,30.939999999999998,8,43.00469477793047,58.476467381235715,15.471772603305247,22.93714246967,21.829322225370863,25.989467967081662,16.69841568329223,4.117406945310988,4.502141035075338,0.8224546259609831,19.06440760278956,5.782086321839859,30.88749933242798,9,36.250910539059376,46.06058069798715,24.592285362104377,55.14089843621431
3930165,ff6cb5d4-6526-403d-a3c5-2bec772b9735,3,Pass,23,40.425000000000004,63.495,8,45.99396821193766,58.91746554258668,12.92349733064902,42.97069566466907,50.61481177267317,38.501556995778486,39.30395958405039,5.749039190345241,5.199751268377074,6.725132992062605,12.382717186462237,9.53790672447601,30.45429655488088,9,37.94423022360823,48.35635146248531,45.502307911616064,59.2000398619826
3930165,4c5ee38c-ad0e-439f-991c-f56df3d25b70,3,Ball Receipt*,24,44.975,66.38499999999999,8,44.39502089516808,57.73214420496634,13.337123309798258,52.34978873313372,38.25318355108559,32.51112659283144,36.55745342836969,4.780667794010836,5.438232458554652,1.7254310773334822,12.24101580919077,4.310264052999294,32.565450180483,9,41.93677220789337,51.344157572830426,43.50577774901633,58.03038157148746
3930165,f478e816-b260-420f-87b4-501b72a71b74,3,Pass,24,44.975,66.38499999999999,8,44.39502089516808,57.73214420496634,13.337123309798258,52.34978873313372,38.25318355108559,32.51112659283144,36.55745342836969,4.780667794010836,5.438232458554652,1.7254310773334822,12.24101580919077,4.310264052999294,32.565450180483,9,41.93677220789337,51.344157572830426,43.50577774901633,58.03038157148746
3930165,89de3ad3-b644-47d3-839c-aa19efa1eac2,3,Dribble,27,59.237500000000004,59.33,10,39.84764664166883,51.90269344371176,12.05504680204293,21.94091384345984,10.750658692867205,31.82049723389516,9.097191738474994,5.878542115594853,4.975339769543872,1.1254702660825053,21.774069787265,2.3600703421602454,33.51890416983953,8,41.01988756876987,46.70564194426044,21.892980199141,48.39343112520971
3930165,80d3b137-9334-4a2c-b2d4-2511a41b1a8f,3,Ball Receipt*,7,46.725,6.545,8,29.228180955919917,47.43981760539401,18.211636649474094,20.043404574325592,16.315909612952066,25.65368385511644,28.57371152489162,6.225136119957654,2.4997599573446085,3.551418681294109,9.081132709073465,2.352248054528679,9.5787724464227,10,19.954967704669464,33.01539600047893,17.904238315278537,30.291303307853564
3930165,3261f6db-5d90-4e54-9d71-eb2686d3e847,3,Carry,7,46.725,6.545,8,29.228180955919917,47.43981760539401,18.211636649474094,20.043404574325592,16.315909612952066,25.65368385511644,28.57371152489162,6.225136119957654,2.4997599573446085,3.551418681294109,9.081132709073465,2.352248054528679,9.5787724464227,10,19.954967704669464,33.01539600047893,17.904238315278537,30.291303307853564
3930165,67173a3a-7aeb-4720-9c4e-95d046ca0dad,3,Pass,7,47.074999999999996,6.8,8,29.578178953203853,47.78981560267795,18.211636649474094,20.298404736450227,16.5709097750767,25.65368385511644,28.57371152489163,6.225136119957654,2.4997599573446085,3.5514186812941055,9.081132709073465,2.3522480545286797,9.928770443706636,10,20.3049657019534,33.365393997762865,18.159238477403175,30.29130330785356
3930165,0dce4a33-4224-4012-a09b-ccf410237a47,3,Ball Receipt*,8,51.800000000000004,15.639999999999999,10,33.17843449827112,50.23150513474326,17.053070636472135,23.588427030412724,19.02201342933939,26.58185940841958,28.535806187044997,6.427758556920641,2.8807748437547365,4.787636004450629,8.620553985839585,2.09161270330279,23.787873633402796,10,29.541052917413502,40.03795945302827,21.449425031365813,29.559062268521615
3930165,43191227-7288-4761-8061-80a1a9de1f70,3,Foul Committed,8,51.800000000000004,15.214999999999998,10,33.17843449827112,50.23150513474326,17.053070636472135,23.588427030412724,19.02201342933939,26.58185940841958,28.535806187044997,6.427758556920641,2.8807748437547365,4.787636004450629,8.620553985839585,2.09161270330279,23.787873633402796,10,29.541052917413502,40.03795945302827,21.449425031365813,29.559062268521615
3930165,fdf0d49b-4213-4ccf-bb4c-bd47d003122b,4,Pass,34,37.012499999999996,36.295,8,44.96774025281054,60.051871497034874,15.08413124422433,40.81905569745959,39.789481021107896,26.422257165788224,30.276392600323735,5.194849501591681,4.099895707624055,0.017605810764649732,11.499605560654096,13.92719382726608,31.26955727754523,10,35.56913185192393,47.15159700155221,36.99305561669838,56.69834010305719
3930165,527976f8-d856-4cad-89c2-b2ffc71b79ad,4,Ball Receipt*,41,42.7875,10.37,8,43.716708383061984,56.676785606491194,12.96007722342921,27.073079341904503,14.214152573010912,29.0261768386035,14.538774056219454,5.368060690381943,4.08493647903611,4.2651502545638245,10.463555883278044,5.065069464903594,30.909271856486587,10,34.730134319500095,44.586257052513034,25.56713608588443,51.2701173986684
3930165,1940e417-da5e-4a85-aa36-134020f70384,4,Carry,41,42.7875,10.37,8,43.716708383061984,56.676785606491194,12.96007722342921,27.073079341904503,14.214152573010912,29.0261768386035,14.538774056219454,5.368060690381943,4.08493647903611,4.2651502545638245,10.463555883278044,5.065069464903594,30.909271856486587,10,34.730134319500095,44.586257052513034,25.56713608588443,51.2701173986684
3930165,95084f1b-53d4-4596-a355-8251038bdec3,4,Pass,43,47.512499999999996,4.505,10,44.331245930131416,58.182613089635275,13.851367159503859,20.451580664989784,21.82830312079039,34.54281835539482,17.584958538572934,6.049048720053918,3.6980783283854977,1.9783228961616999,14.729012031219096,4.106128246916139,28.766353780170242,9,37.249188283096665,46.71690904280825,22.079326991915746,49.27501162563483
3930165,b1c96c42-50b7-4303-9d7c-f917204dee2d,5,Pass,12,33.6,40.375,8,44.52246458936027,61.45108455162707,16.9286199622668,39.60723375891522,22.932619031251505,21.080076014083858,12.055410920517474,6.9936145917854144,3.8500060241463707,2.3690261135465462,11.318462914325252,2.6827415732389035,33.60000133514404,9,39.361541940039494,50.483603725606166,32.79698683906257,57.47259328914878
3930165,93a7cf3e-584c-4410-a4ad-77c70fe31381,6,Ball Recovery,23,37.887499999999996,36.805,10,37.33491651167061,54.85275105627227,17.517834544601655,40.437955038423624,38.61732620359975,23.828223076972908,18.075776667574203,7.169420598878466,4.9718976088511795,2.2022533609618833,14.691839657766803,3.5612641046449554,26.45672544218255,10,33.93449702417645,41.80933928929215,38.91086982274267,45.592312147353866
3930165,24918545-6e89-47fd-b635-d1d3d4ca373f,6,Carry,23,37.887499999999996,36.805,10,37.33491651167061,54.85275105627227,17.517834544601655,40.437955038423624,38.61732620359975,23.828223076972908,18.075776667574203,7.169420598878466,4.9718976088511795,2.2022533609618833,14.691839657766803,3.5612641046449554,26.45672544218255,10,33.93449702417645,41.80933928929215,38.91086982274267,45.592312147353866
3930165,37c0109d-6476-4d00-ac18-972686c27fb7,6,Pass,25,39.550000000000004,27.03,10,40.25320584409101,55.43633479917004,15.183128955079027,32.18237889874981,35.09113710703325,19.65465619955993,30.15818991533835,5.902826037269123,5.632085171387478,0.5026830297539107,7.713768668638146,6.110510198844267,30.136489985559123,10,35.73887756860211,43.42706177115387,31.576871597934236,46.0310795159546
3930165,67884f1c-4ee9-40c7-98d5-1eaa31a74756,6,Dispossessed,33,66.5,1.19,9,34.803984239391504,46.509060316413965,11.705076077022461,50.75888886649854,42.8002837013005,40.97654396198687,26.71341022606459,4.143196609507991,4.776479666048018,1.6663683618001528,19.15589310435299,1.068875729679128,36.39122446462316,6,42.823463898967056,46.59388402679179,49.315826885228255,47.93334103662654
3930165,047dcd97-ba00-464b-bf3f-e142faf3a0c6,7,Ball Recovery,15,37.625,24.055,10,32.45471760733055,49.70401056909739,17.24929296176684,18.00966581250763,18.47027353438126,13.675355039412638,15.067356584576387,7.022140725039715,4.513749682608376,2.0319496291178964,5.5471665681933775,1.6772938984657628,25.8425968298037,9,28.404880617480664,35.96253917746892,19.820114939765144,29.383455454701448
3930165,ee187835-f655-49cf-8160-88c82d6eade9,7,Carry,15,37.625,24.055,10,32.45471760733055,49.70401056909739,17.24929296176684,18.00966581250763,18.47027353438126,13.675355039412638,15.067356584576387,7.022140725039715,4.513749682608376,2.0319496291178964,5.5471665681933775,1.6772938984657628,25.8425968298037,9,28.404880617480664,35.96253917746892,19.820114939765144,29.383455454701448
3930165,e7db2bed-293b-472b-8bed-a94c01b219fc,7,Pass,17,37.887499999999996,17.764999999999997,9,34.56362101925432,51.95083408149755,17.387213062243227,19.775204617493607,20.06189701151284,14.694707973741684,17.640752341597207,5.391508169505077,6.175602941590875,1.044347008319349,5.8228568251197,4.1427067349488915,28.325912075850923,9,30.24059191447199,38.65215825185811,20.695129810870522,33.05794155064649
3930165,a36f144c-57ac-4606-97b7-c49e18708c61,7,Ball Receipt*,19,49.875,5.779999999999999,9,43.10680165407187,58.555390619997425,15.448588965925552,18.031687920786077,24.109978379271507,17.69643111488883,35.08162265448274,4.999898120261063,3.4334411054550595,2.67107126284413,8.417791498252651,7.877068825896817,30.98980251803514,8,35.896701652593144,45.37040946031733,17.708777930386145,39.01000745289562
3930165,f36d0c2e-c770-4f0a-b92c-fb5c184b2b7e,7,Carry,19,49.875,5.779999999999999,9,43.10680165407187,58.555390619997425,15.448588965925552,18.031687920786077,24.109978379271507,17.69643111488883,35.08162265448274,4.999898120261063,3.4334411054550595,2.67107126284413,8.417791498252651,7.877068825896817,30.98980251803514,8,35.896701652593144,45.37040946031733,17.708777930386145,39.01000745289562
3930165,23cdc1a1-d7a1-4f78-8fe8-e0255e6a509a,7,Dribble,19,51.887499999999996,7.14,9,44.88294058213084,59.68222530315563,14.79928472102479,18.62206393843324,24.20088540305239,17.28374377926415,34.38492189183716,5.314977760969375,4.381004821867982,2.3716997623598317,8.00823584696698,8.48244596956518,32.450601517063205,8,37.46757021454289,47.13008372725053,18.0824084239947,38.710430557815
3930165,2043c12e-0b8a-4cad-b9d0-bf13ee079446,7,Carry,19,51.887499999999996,7.14,9,44.88294058213084,59.68222530315563,14.79928472102479,18.62206393843324,24.20088540305239,17.28374377926415,34.38492189183716,5.314977760969375,4.381004821867982,2.3716997623598317,8.00823584696698,8.48244596956518,32.450601517063205,8,37.46757021454289,47.13008372725053,18.0824084239947,38.710430557815
3930165,c40a3158-824a-4bf2-a6a7-c1d11b768f59,9,Pass,7,23.625,42.245000000000005,9,42.43186191053447,56.716546494478315,14.284684583943843,36.41113694417488,34.50965942950832,34.92072490213655,26.860449273247507,7.658654602105948,1.1420653711802957,2.940595249571615,13.248511783549688,3.4546069261852352,16.37686769765424,11,24.98920096726345,41.481702212136874,35.07565250184516,59.39032992047638
3930165,9e3a2d13-1f26-4472-87f7-71c78c750bd5,9,Ball Receipt*,8,32.112500000000004,47.345,10,39.84048096556897,54.33133121016584,14.49085024459687,39.80612953785181,37.75782641965608,35.71764285489833,26.840309396595032,7.9614324174834,1.3895813376733128,5.185521229942438,11.482187047861139,2.791633565445615,14.731108697317707,11,22.905962569298907,39.417528690069204,38.09305300302855,59.82119112922264
3930165,151edd63-16ee-45be-baff-9ea32d8a7a4d,9,Carry,8,32.112500000000004,47.345,10,39.84048096556897,54.33133121016584,14.49085024459687,39.80612953785181,37.75782641965608,35.71764285489833,26.840309396595032,7.9614324174834,1.3895813376733128,5.185521229942438,11.482187047861139,2.791633565445615,14.731108697317707,11,22.905962569298907,39.417528690069204,38.09305300302855,59.82119112922264
3930165,dc6958c1-74ff-4af5-becb-befb29483235,9,Pass,9,32.112500000000004,47.345,10,40.84267455954914,55.41461274593318,14.571938186384038,40.601242709563806,40.41249879773563,36.14636081792709,25.681591193872872,8.67292350270879,1.5797207530115884,5.881835685886152,11.297304161884917,4.755992959361691,16.2055123710747,11,24.125407405302354,40.824949540581976,38.98773913960452,58.7718036323604
3930165,3215b4f0-787b-4518-ab4d-acd139ef3fed,9,Ball Receipt*,9,21.4375,51.765,10,38.49466953748263,53.06668021738123,14.572010679898604,40.17394314092388,39.47287595878146,36.8747837328499,24.602074721842442,9.424603542891193,1.5578859338970958,5.613998250382274,10.703037091721484,6.152209777711143,13.750619093388497,11,21.63688497917969,38.628937951488325,38.62144260127318,58.85193829990519
3930165,592907c5-a533-4df4-a501-c218dc04468d,9,Carry,9,21.4375,51.765,10,38.49466953748263,53.06668021738123,14.572010679898604,40.17394314092388,39.47287595878146,36.8747837328499,24.602074721842442,9.424603542891193,1.5578859338970958,5.613998250382274,10.703037091721484,6.152209777711143,13.750619093388497,11,21.63688497917969,38.628937951488325,38.62144260127318,58.85193829990519
3930165,d1dc8ab2-a03a-4f14-81d6-4f1b1931b6ee,9,Pass,12,23.099999999999998,57.205,10,35.70101740140768,52.626686545045736,16.925669143638054,50.272215395346926,34.536619055070624,28.040261927027544,23.05632757619469,9.49307249711213,2.174525559982972,3.0314137827944947,10.00995608375711,4.635540141137739,23.09999966621399,10,27.37895771430619,40.15437352346796,41.19288343476082,56.011689904065676
3930165,7e14a688-34c3-4ffa-995a-3e79936d2d8b,9,Ball Receipt*,23,34.0375,52.870000000000005,8,32.308307374726674,45.7313902473634,13.423082872636726,50.33391557125149,40.42636192314864,23.516870318967385,37.3929258130152,7.10660704628107,4.759542777210649,3.531701720960683,8.046336259203507,7.487962244775787,22.318109372837284,10,27.18876098019354,36.76570805801007,44.31705400924152,45.17729691695738
3930165,ea18a331-5952-423e-9a11-581b7849b7a2,9,Pass,23,34.0375,52.870000000000005,8,32.308307374726674,45.7313902473634,13.423082872636726,50.33391557125149,40.42636192314864,23.516870318967385,37.3929258130152,7.10660704628107,4.759542777210649,3.531701720960683,8.046336259203507,7.487962244775787,22.318109372837284,10,27.18876098019354,36.76570805801007,44.31705400924152,45.17729691695738
3930165,6532be44-a10c-4fce-bd11-151d3ca406a3,10,Ball Receipt*,10,46.199999999999996,66.3,8,34.424791494582145,54.60536282284506,20.180571328262914,43.56291935625719,42.00469444703173,35.32306593454604,41.99274682849368,6.747754952678323,6.389533444742834,2.5098085141897286,16.39409992957411,16.099430210320218,19.2708137184469,8,30.406289380916796,40.175474151343266,37.700498920328045,59.1485134804856
3930165,c33c4e0d-fd0e-43cd-9e4c-6af62ea7800d,10,Carry,10,46.199999999999996,66.3,8,34.424791494582145,54.60536282284506,20.180571328262914,43.56291935625719,42.00469444703173,35.32306593454604,41.99274682849368,6.747754952678323,6.389533444742834,2.5098085141897286,16.39409992957411,16.099430210320218,19.2708137184469,8,30.406289380916796,40.175474151343266,37.700498920328045,59.1485134804856
3930165,a1e83c4f-07a6-4f0f-a5c5-08d86a080bcf,10,Pass,12,45.15,65.45,10,36.774039760495626,55.76729308385062,18.993253323354992,53.209230051447776,37.35474029398843,31.196272804695127,39.772483427992846,7.152843721996323,5.88249798496912,1.859946889992301,17.83047853714561,2.8662926903774135,20.5641481701389,9,32.25557786083439,43.05674919286118,40.95347240890866,58.48109088302559
3930165,7ed737ef-324c-4e85-85a7-217888a603ea,11,Pass,55,29.925000000000004,43.01,10,36.4527271926382,50.7732703871761,14.320543194537898,39.97142869402019,34.24720377628753,34.30190286663338,28.314812337442323,4.8789836031835145,2.045573788141683,5.2927329496486735,11.29583994985687,4.036559965249701,27.05784859831988,10,31.150889746443013,40.599779249884506,31.767008650602172,56.62902244387076
3930165,157ecccf-d3d2-423b-a205-5b7ff25f31f5,11,Ball Receipt*,56,35.35,34.17,10,36.82369581533192,50.22521317876449,13.401517363432575,38.82558638908842,33.7757641166575,32.80608489734736,26.440103591714454,4.607561492162141,1.9770104227483338,4.099865792927353,12.888474588090602,5.098849161499743,26.75072857284558,10,31.17331300095703,40.16736466494924,31.459647294880774,54.83976366003572
3930165,6ff00230-f012-4eb1-af42-3a80a68c35a1,11,Carry,56,35.35,34.17,10,36.82369581533192,50.22521317876449,13.401517363432575,38.82558638908842,33.7757641166575,32.80608489734736,26.440103591714454,4.607561492162141,1.9770104227483338,4.099865792927353,12.888474588090602,5.098849161499743,26.75072857284558,10,31.17331300095703,40.16736466494924,31.459647294880774,54.83976366003572
3930165,be139595-4116-402d-ad3f-b6a237450a9c,11,Pass,56,36.925000000000004,33.15,10,38.13427314755218,51.270423350754655,13.136150203202476,38.06167130082447,32.95509065948134,29.367952123397707,26.104625977383566,4.710160449560742,2.2057308611281177,1.1796963865868264,12.856089561987766,6.521609481754442,27.78799746582507,10,32.1743037861972,41.18481022418738,30.894088881581144,52.8215613136946
3930165,5864e1bf-4918-41aa-bc74-2259fbdb4e02,11,Ball Receipt*,57,48.65,23.035,10,40.45015748825766,52.12595369138697,11.675796203129309,35.71809225135571,29.12302285781781,26.157617101988233,23.807245163207938,5.293967834584634,3.033996029551188,0.3054647427019894,12.402971456978442,7.202526622867797,29.048273223892068,10,33.652266311400126,42.41722791097202,28.72818956275115,51.37983849650734
3930165,0b0a51cf-0802-4ba7-a471-c5264ce41045,11,Carry,57,48.65,23.035,10,40.45015748825766,52.12595369138697,11.675796203129309,35.71809225135571,29.12302285781781,26.157617101988233,23.807245163207938,5.293967834584634,3.033996029551188,0.3054647427019894,12.402971456978442,7.202526622867797,29.048273223892068,10,33.652266311400126,42.41722791097202,28.72818956275115,51.37983849650734
3930165,9db76b14-7891-475f-af29-7af58df430a6,11,Pass,59,44.887499999999996,22.61,10,41.10441776727029,52.670659413097766,11.566241645827475,30.301151160437193,32.550997613217184,20.879888709138562,32.671133341595336,5.029625150975736,4.568920662183514,1.8458204832629335,9.054534313305894,2.815917678544942,30.227038906351986,10,35.27560828059348,43.48710683339054,30.329307569122136,49.30380071728969
3930165,07f53639-02f3-40cc-98ff-f3bdb8f475a0,11,Ball Receipt*,60,39.2875,14.875,10,40.372002691440024,53.7885964377418,13.416593746301778,25.669622423498243,31.005506671048355,23.195545392519747,33.86785768879578,4.343242608792318,5.157663482363298,0.6203696229635476,10.214733790966932,2.977160849860759,31.334599334257526,10,36.36220833557407,44.29980021274868,27.41509319210183,48.32225504175018
3930165,0bd0f05d-ad87-4dbb-b868-d819c9d3491f,11,Pass,60,39.2875,14.875,10,40.372002691440024,53.7885964377418,13.416593746301778,25.669622423498243,31.005506671048355,23.195545392519747,33.86785768879578,4.343242608792318,5.157663482363298,0.6203696229635476,10.214733790966932,2.977160849860759,31.334599334257526,10,36.36220833557407,44.29980021274868,27.41509319210183,48.32225504175018
3930165,1e951652-603a-4cc6-8252-6e2b6be39593,11,Ball Receipt*,61,47.074999999999996,2.295,10,41.52581381657982,56.10815034390777,14.582336527327946,22.33702033865663,27.224096015380542,26.077324080184347,32.155699486768555,5.0054332003304305,5.160663359564526,0.8934556012280783,12.369703697306335,2.3294142333722476,32.01365402709392,10,37.16034752772539,45.585298426368546,24.234104307766,47.391587480828775
3930165,35342487-38af-4642-b9e7-bccf259d3f6a,11,Carry,61,47.074999999999996,2.295,10,41.52581381657982,56.10815034390777,14.582336527327946,22.33702033865663,27.224096015380542,26.077324080184347,32.155699486768555,5.0054332003304305,5.160663359564526,0.8934556012280783,12.369703697306335,2.3294142333722476,32.01365402709392,10,37.16034752772539,45.585298426368546,24.234104307766,47.391587480828775
3930165,15fe693f-231e-43c7-966e-faa5457a480f,11,Pass,19,35.7875,36.464999999999996,8,45.35821634357638,57.60410687804696,12.245890534470583,30.276785257056382,30.067145928547177,30.715321447746142,23.365844657410907,4.264894009174899,4.4440221739463475,2.3100082356362748,11.702568851344466,9.878454413819956,27.927864791054876,9,33.13237482677555,42.59225787572638,31.245775497051195,58.71995749686665
3930165,c83eab62-1ee8-41d7-be1c-d3b0c82c9aa2,11,Ball Receipt*,20,31.0625,20.74,9,44.078290280062845,59.88569968418467,15.807409404121827,25.182191817701572,27.318098555390293,32.2600046460433,22.936453878551333,5.577084390976314,3.9208593936572886,0.8195258106016432,13.25059383238985,3.107322906090495,30.97174403724948,9,35.053591868819176,44.228245633672714,27.40608488248628,59.3900858450504
3930165,9001713c-37a2-4057-a012-648eafcac771,11,Pass,20,31.0625,20.74,9,44.078290280062845,59.88569968418467,15.807409404121827,25.182191817701572,27.318098555390293,32.2600046460433,22.936453878551333,5.577084390976314,3.9208593936572886,0.8195258106016432,13.25059383238985,3.107322906090495,30.97174403724948,9,35.053591868819176,44.228245633672714,27.40608488248628,59.3900858450504
3930165,2112d7fd-d857-47f1-8380-cc27d12e30ed,12,Block,27,43.925000000000004,65.28,8,36.39686419981067,48.23594759914107,11.839083399330399,56.10005532385928,46.48249519693858,25.88064149821821,42.95791013479468,6.148526809718133,4.168099671143913,0.029704462593699077,13.397808655942498,20.93599526133425,9.978150675803356,10,22.83590137494057,36.625602659777805,47.87324460689568,56.66851846577291
3930165,31096731-371e-4839-b926-1ff897f2d379,12,Foul Won,35,66.85000000000001,27.37,10,34.727894691820055,44.39478702478053,9.666892332960472,29.922722384999275,26.548507434641426,19.093948466829698,20.55584545683362,2.9314014054556385,3.0978171742759324,1.458499901483524,7.009626790434794,4.0280430520159385,32.32321504602504,10,36.079667610088094,44.98926679370355,30.658305958237612,37.95847826072834
3930165,fc3a2e75-7f1d-4db5-983a-b726915a4bd3,14,Ball Receipt*,6,44.1,43.265,8,30.528037821146228,46.64060287686747,16.11256505572124,44.122255053845606,52.78825721184564,21.32176702043611,18.86286925859531,9.875006494344534,3.0343400547019765,0.025622060885851283,8.735559749347985,8.922274408126647,16.485984168814618,7,25.786657227509174,34.3749099412338,40.26281491896791,37.31115160308026
3930165,81b44a92-81db-4082-b18c-9b8bf2611313,15,Pass,31,32.987500000000004,25.075,8,33.37584742631661,48.66911872568543,15.293271299368818,20.581702466404412,16.329654441988314,18.860997155710226,5.804880834979167,6.453101774667693,6.90613094010174,0.39618283303399693,7.489002079553696,1.8415801505533747,24.512991708108427,9,28.310932470981896,37.117391541617216,23.820146001266234,43.814541167364936
3930165,29f68389-f86d-43b8-8c67-4512c801f5d0,15,Ball Receipt*,32,41.9125,48.620000000000005,10,38.34071433962456,56.07447644648793,17.733762106863367,28.871741643545022,32.440906057029565,20.254971689328837,30.86055400183728,7.032804640141506,6.463999141431358,0.36283329661739927,7.72915062342771,1.1272805901079472,29.750188467636274,9,33.96733516405564,42.29766745003877,32.266577450989274,43.65053698627747
3930165,cc8d193c-66e0-4bdd-b066-3d9ca3ab9241,15,Carry,32,41.9125,48.620000000000005,10,38.34071433962456,56.07447644648793,17.733762106863367,28.871741643545022,32.440906057029565,20.254971689328837,30.86055400183728,7.032804640141506,6.463999141431358,0.36283329661739927,7.72915062342771,1.1272805901079472,29.750188467636274,9,33.96733516405564,42.29766745003877,32.266577450989274,43.65053698627747
3930165,2a234df9-ca56-4805-92bb-f2d1b56311e5,16,Ball Receipt*,8,26.5125,62.13499999999999,8,30.758709109151617,47.32016813499687,16.561459025845252,34.363582602819996,40.27263062258823,25.66257644435557,23.39741374472689,5.624214875182051,2.4925083458384734,0.18594532341656844,15.971887469336355,6.0965187774418155,21.78737851973721,7,25.84261137640526,30.93931484086437,36.315616476781194,42.7660493113364
3930165,56a3326b-dc94-4d4c-b5b2-9a99fdec988e,16,Carry,8,26.5125,62.13499999999999,8,30.758709109151617,47.32016813499687,16.561459025845252,34.363582602819996,40.27263062258823,25.66257644435557,23.39741374472689,5.624214875182051,2.4925083458384734,0.18594532341656844,15.971887469336355,6.0965187774418155,21.78737851973721,7,25.84261137640526,30.93931484086437,36.315616476781194,42.7660493113364
3930165,5439add3-646d-4e4d-b0d1-125afdaba195,16,Pass,13,40.3375,62.815000000000005,8,46.71899609891839,61.48941726492748,14.770421166009093,45.62878011823507,47.163867912735896,32.363552314472585,8.196627462356496,3.2243490101535754,2.2273885038866625,2.0966953423551047,18.549158933349382,4.02039950527648,35.95052070669924,7,41.39179271255665,48.22561510370952,42.88375724596811,41.80686031798038
3930165,f57146a8-3c0a-4093-8f1c-9aed871a5832,17,Foul Won,45,67.8125,54.23,10,24.208618299456845,35.41145606423691,11.202837764780064,22.70216467946819,24.421143810428404,21.57508351700221,31.497454511940063,2.339084293708034,2.615072382352068,3.2299613588361744,7.483267187309565,1.0466393377637022,20.84280797978341,10,25.458770331576858,35.155060632976536,22.902322299968425,33.567429312512544
3930165,5a6f3beb-d017-48f1-bd5a-8f7160c981b5,18,Ball Receipt*,12,65.8875,26.689999999999998,10,31.878395293874707,46.46022797146309,14.581832677588384,41.81251484437406,30.181357017825935,47.7753097954851,36.51306248390898,4.4221339490493685,3.8157028186479702,1.5255645542639371,25.104055765696145,10.414783585985099,25.89448419075687,10,27.339171761251343,35.62483301887826,37.34949635544449,33.03474001499047
3930165,d08cca71-dc67-401c-b8f7-20e786e64285,19,Pass,23,37.5375,9.094999999999999,8,47.64265243755683,60.514398066440286,12.871745628883453,24.605353009353916,20.10359295204295,34.66364563132413,31.84040330056868,3.241748484293629,3.0477899743848837,3.799718456766417,10.6363590005584,15.542918673605229,29.969818159319743,9,34.27913496217922,45.238708329241554,22.213331159459305,51.66837118297012
3930165,506ba177-9e6f-45bf-97b9-657d505214af,19,Ball Receipt*,24,44.275,10.709999999999999,8,46.582004135560354,60.33175897593222,13.749754840371864,22.14199311477889,18.396647364846828,35.973634001950096,31.248182234469933,2.662300578943768,3.3129569154509224,5.280878643580797,10.638448869876342,14.73166203826116,29.571674828959736,9,33.814941605083185,44.396475660285176,20.6744759589165,52.32520381732743
3930165,552d6428-b9c1-4e25-94e9-853827707e2a,19,Carry,24,44.275,10.709999999999999,8,46.582004135560354,60.33175897593222,13.749754840371864,22.14199311477889,18.396647364846828,35.973634001950096,31.248182234469933,2.662300578943768,3.3129569154509224,5.280878643580797,10.638448869876342,14.73166203826116,29.571674828959736,9,33.814941605083185,44.396475660285176,20.6744759589165,52.32520381732743
3930165,c90cfc08-63e8-4b9f-88e9-8104d0bbc5cd,19,Pass,6,41.300000000000004,52.19,9,34.30417943972134,53.44652984557483,19.14235040585349,48.34877565146098,45.467974913066854,15.346772236766931,20.78550051528908,7.349675043231553,3.4576165713429767,0.20513397403241385,7.402935542618131,4.864533958125705,24.725776684636514,7,35.534933180836504,41.31535356275664,48.19339808419914,23.69516947910926
3930165,b9c675ae-cc65-4d49-8abd-8dadd757a1f8,19,Ball Receipt*,7,49.0,62.13499999999999,8,44.59061716949846,61.40148240574606,16.8108652362476,48.53440569945787,41.06653580881104,20.649256351130887,13.51625598026061,6.964556775847182,3.4565347556550665,0.712315125030031,8.572991718079948,4.976055801736166,47.6610779959718,5,50.18428585828826,52.60589714824927,46.3736254476265,25.434018463263115
3930165,725e0c79-d5e3-44bb-ba8b-bfac75e0c9d8,19,Carry,7,49.0,62.13499999999999,8,44.59061716949846,61.40148240574606,16.8108652362476,48.53440569945787,41.06653580881104,20.649256351130887,13.51625598026061,6.964556775847182,3.4565347556550665,0.712315125030031,8.572991718079948,4.976055801736166,47.6610779959718,5,50.18428585828826,52.60589714824927,46.3736254476265,25.434018463263115
3930165,f1aa77d7-79f5-4f5a-a27e-89f3c350a0b9,19,Pass,7,30.887499999999996,16.235,10,34.944186852700554,53.45838893336715,18.514202080666593,22.72748331732401,23.535686223992116,27.442266942269736,35.171281244481996,4.6557836097850736,3.4681469767996864,5.89003897309348,8.82030479583107,5.303060659013902,30.88749933242798,8,33.8735961301135,42.53673869361997,22.68352161892328,47.14362508715571
3930165,131163f1-203f-4d0d-b950-199d757b62a4,19,Ball Receipt*,7,33.425000000000004,23.885,10,35.09173014397178,52.84023341451358,17.748503270541796,24.317800347764052,25.115827538514253,25.738498972300516,35.43466148720096,3.150179348965039,3.7915463233845323,5.880072315311626,7.318163256113856,3.395121264717215,31.34079529348056,8,33.65548807774384,41.9847713225258,24.642506276105212,48.68344857453985
3930165,6c8a6202-b81a-422a-b675-1243ba84c424,19,Carry,7,33.425000000000004,23.885,10,35.09173014397178,52.84023341451358,17.748503270541796,24.317800347764052,25.115827538514253,25.738498972300516,35.43466148720096,3.150179348965039,3.7915463233845323,5.880072315311626,7.318163256113856,3.395121264717215,31.34079529348056,8,33.65548807774384,41.9847713225258,24.642506276105212,48.68344857453985
3930165,6c946063-22c7-4470-8d1a-8fafc6b49b6f,19,Pass,9,28.525000000000002,19.974999999999998,9,34.06219731030079,52.90125031218649,18.839053001885702,23.41256590797317,21.28684392372427,25.75412208387103,19.55286063013788,3.9912908863587497,4.281880327944986,3.411038037391741,10.073633434693186,2.4057771358392017,28.20356760863099,8,32.55982984319535,41.58478843691852,23.79825013648444,51.20631852306328
3930165,3a3939f7-ae29-410c-8256-08dc05f867a1,23,Ball Receipt*,7,32.725,48.96,9,22.971818735416626,41.5126254747932,18.54080673937657,33.89503413597453,35.82574822788075,29.80457520956755,35.115275961539496,5.811736544541091,6.32636848660452,0.3099472901528415,20.791052034391196,6.61044680568066,13.956196800123925,11,14.742508563034267,25.9439235765588,34.40353799150699,45.579185657109335
3930165,9c28b0ee-1f27-429a-b6ce-085b53ef8bfc,23,Carry,7,32.725,48.96,9,22.971818735416626,41.5126254747932,18.54080673937657,33.89503413597453,35.82574822788075,29.80457520956755,35.115275961539496,5.811736544541091,6.32636848660452,0.3099472901528415,20.791052034391196,6.61044680568066,13.956196800123925,11,14.742508563034267,25.9439235765588,34.40353799150699,45.579185657109335
3930165,dfdf1d49-7ba7-4580-a604-03ed5864631e,23,Pass,7,31.9375,50.15,9,26.112590947939015,42.6915594832394,16.578968535300387,35.46905952881346,39.452391265048895,28.194916182825157,36.435487690025234,6.758501126806397,6.237752801774127,1.0205178004460294,17.016942539109706,6.374843057743345,13.768963515001186,10,15.796682503573487,28.601537986614574,35.34721166006112,49.67501590945726
3930165,e516b5d5-e1a8-4c61-ac65-9f88ff4e4ed9,23,Ball Receipt*,10,19.8625,51.765,8,31.76015989269867,49.622090680069654,17.861930787370984,38.52145195623149,31.611401337255128,32.35431188548474,17.752858100203014,7.4109808975239355,3.505854354913438,4.243837071462629,10.97282304262228,6.843597974705212,11.432900323096359,10,17.139764043815347,29.739044694195258,34.27660072143787,46.26048560321389
3930165,4461e1c0-1d68-4e15-be11-27fd48fb791f,23,Carry,10,19.8625,51.765,8,31.76015989269867,49.622090680069654,17.861930787370984,38.52145195623149,31.611401337255128,32.35431188548474,17.752858100203014,7.4109808975239355,3.505854354913438,4.243837071462629,10.97282304262228,6.843597974705212,11.432900323096359,10,17.139764043815347,29.739044694195258,34.27660072143787,46.26048560321389
3930165,4eccce53-da19-430b-ad96-2d2031975d52,23,Ball Receipt*,22,30.012499999999996,1.02,8,31.082435524609828,50.26830781434969,19.185872289739862,18.173282384146393,21.72985994857419,36.30426645994572,27.21834216867001,5.195624567590323,6.9422885290394785,5.701247175191983,17.211149234709215,12.901131467738342,26.15908063424462,7,29.33824601587075,38.333606094047276,20.176140727512234,49.07723536484773
3930165,7c55d317-3462-4486-880c-231c96d8e2cc,23,Carry,22,30.012499999999996,1.02,8,31.082435524609828,50.26830781434969,19.185872289739862,18.173282384146393,21.72985994857419,36.30426645994572,27.21834216867001,5.195624567590323,6.9422885290394785,5.701247175191983,17.211149234709215,12.901131467738342,26.15908063424462,7,29.33824601587075,38.333606094047276,20.176140727512234,49.07723536484773
3930165,690ffc28-766d-4496-a2b5-8a8e9c3426a8,23,Pass,22,30.012499999999996,1.02,8,31.082435524609828,50.26830781434969,19.185872289739862,18.173282384146393,21.72985994857419,36.30426645994572,27.21834216867001,5.195624567590323,6.9422885290394785,5.701247175191983,17.211149234709215,12.901131467738342,26.15908063424462,7,29.33824601587075,38.333606094047276,20.176140727512234,49.07723536484773
3930165,28881e40-57cb-4630-a6c3-082c0e4a1cbd,23,Ball Receipt*,23,45.9375,3.145,10,34.896353817957944,48.84297740641728,13.946623588459339,16.799105764298055,24.508724767885898,32.12714490567375,44.0167440386309,4.821014068190451,6.382763352327579,1.3745092381655244,15.400338780473387,12.696944509155353,27.791983711649763,8,32.461868945088014,41.47730756241345,22.028794254729295,48.10141731336382
3930165,d9afed43-cb18-4fd9-a3e7-5b0fd7b88374,23,Carry,23,45.9375,3.145,10,34.896353817957944,48.84297740641728,13.946623588459339,16.799105764298055,24.508724767885898,32.12714490567375,44.0167440386309,4.821014068190451,6.382763352327579,1.3745092381655244,15.400338780473387,12.696944509155353,27.791983711649763,8,32.461868945088014,41.47730756241345,22.028794254729295,48.10141731336382
3930165,20622418-d06e-4ffe-a7ed-92c8205daa67,23,Pass,23,45.675000000000004,2.975,10,34.633854485529966,48.580478073989305,13.946623588459339,16.629105723766894,24.338724727354737,32.12714490567375,44.0167440386309,4.821014068190451,6.382763352327579,1.3745092381655244,15.400338780473387,12.696944509155355,27.529484379221785,8,32.199369612660036,41.21480822998547,21.858794214198134,48.10141731336382
3930165,575c3bb1-aace-42be-89b4-0a02e3ecf2db,23,Ball Receipt*,24,44.975,7.225,10,37.455541706661954,49.586953337974705,12.131411631312751,17.569162201706504,10.479489733323835,28.380367940369425,26.449558723445964,5.114399758174371,5.093803585292813,3.7896444862649736,9.992259112105437,0.9362796351967404,25.978694263166997,9,31.071086863626896,41.32560433088798,19.06448000260127,51.96111648876975
3930165,b76f3cd4-6447-4515-b5cc-1ba19f67ed7e,23,Carry,24,44.975,7.225,10,37.455541706661954,49.586953337974705,12.131411631312751,17.569162201706504,10.479489733323835,28.380367940369425,26.449558723445964,5.114399758174371,5.093803585292813,3.7896444862649736,9.992259112105437,0.9362796351967404,25.978694263166997,9,31.071086863626896,41.32560433088798,19.06448000260127,51.96111648876975
3930165,e36feccd-5b3c-4e14-82c3-dbbe5c5806f5,23,Pass,5,36.225,30.854999999999997,10,29.14752566699452,48.59776977064727,19.450244103652746,35.48557815080426,36.10226262149657,33.83630519309073,28.14553258779916,7.63659609634637,2.6699776280805563,3.547092341378523,20.54386217667929,1.6437600162839558,24.875893059885897,9,28.35049966235702,37.83697936167124,41.391598326425274,24.896938385439125
3930165,3fa9e5ce-09f1-4f81-abb3-e6ae9f2bab5a,23,Ball Receipt*,6,36.225,44.964999999999996,10,33.19749075395454,52.56746451257304,19.3699737586185,37.59520861699307,37.570730600324055,31.248917039523036,26.579376487046197,7.898683458450972,2.894786975964113,2.469785561201448,21.831119334716085,1.91118953545908,28.811929172943536,9,32.582736747713994,41.52660306990679,42.33975126402365,26.365346157751304
3930165,4b15bb0c-335d-442b-b299-52f6ebc740f1,23,Carry,6,36.225,44.964999999999996,10,33.19749075395454,52.56746451257304,19.3699737586185,37.59520861699307,37.570730600324055,31.248917039523036,26.579376487046197,7.898683458450972,2.894786975964113,2.469785561201448,21.831119334716085,1.91118953545908,28.811929172943536,9,32.582736747713994,41.52660306990679,42.33975126402365,26.365346157751304
3930165,c2eadf99-4f4b-4122-8458-07d2c2245674,23,Pass,7,39.2875,45.985,9,39.178611723909015,56.681528660559174,17.50291693665016,37.31864040829377,39.30609756488424,30.594085385162767,25.122712056620582,6.5503510651806005,1.263000638929149,2.2785421695169603,20.645285298596658,7.675281868090117,31.832077123530915,8,36.29307109357682,44.3336613873756,43.912478623508854,27.454063848691547
3930165,a067f3dd-44d7-4cae-a434-efc151d553dc,24,Interception,6,36.137499999999996,29.495,10,20.96707194329357,42.04905666524273,21.081984721949162,35.267521077738145,37.22069475688586,12.115381095904947,21.538472528875253,5.049170383280401,7.782861756317116,2.3853710782104756,3.9123482768359104,3.1690145301451977,7.143903094130155,11,17.963520790447042,27.647535066196188,33.08806960831325,25.273157139703187
3930165,b2111120-443a-4e30-92bc-b76c8d19697e,24,Carry,6,36.137499999999996,29.495,10,20.96707194329357,42.04905666524273,21.081984721949162,35.267521077738145,37.22069475688586,12.115381095904947,21.538472528875253,5.049170383280401,7.782861756317116,2.3853710782104756,3.9123482768359104,3.1690145301451977,7.143903094130155,11,17.963520790447042,27.647535066196188,33.08806960831325,25.273157139703187
3930165,3ff7f194-cd88-41ea-9586-2267059096bb,24,Pass,7,36.6625,35.105,10,22.416284346636868,43.0625974017506,20.646313055113733,38.27461494038896,40.58065012144625,12.595544154302665,18.889028621507784,5.399304467295973,6.627927889670047,1.5998628767591256,5.192492412393797,1.5773830752272744,6.134083245096548,11,18.680566883188796,29.17366296495229,36.11754973111244,26.04613663281309
3930165,2f1dde00-c363-40c6-8f72-e6da34172b3c,24,Ball Receipt*,8,30.1875,32.81,10,22.754816488836237,42.60251306987928,19.847696581043042,36.73981924590555,38.44082278793212,13.76271127733013,18.74843882435819,5.268314494319722,6.360692342792909,1.0636322354864056,6.295683571063947,1.2490175601802989,5.07839236004562,11,18.229739376111677,28.85163365080052,34.016064629236816,26.72824166110923
3930165,e2cb64bd-305b-4208-a79b-c8a11cdb6c8b,24,Pass,8,31.237500000000004,32.129999999999995,10,23.80481715640826,43.6525137374513,19.847696581043042,36.059819894404086,37.760823436430655,13.76271127733013,18.74843882435819,5.268314494319722,6.360692342792909,1.0636322354864056,6.295683571063947,1.2490175601802989,6.1283930276176415,11,19.2797400436837,29.90163431837254,33.33606527773535,26.72824166110923
3930165,bbb7a3dd-31c1-4438-8c7e-76a827d226ee,24,Ball Receipt*,9,43.137499999999996,23.29,10,31.477068559381017,50.0565775607647,18.579509001383684,36.54798557668839,35.89901558727578,15.940724604802217,22.773579996820477,5.993043006161211,5.5959300229030475,1.1872830259856428,8.360086881096706,1.5705013045469798,26.870835146791975,10,29.156247533833998,38.094184057369475,33.069941964620305,29.855333670461548
3930165,d47ff0d2-5d04-409d-ab33-eb518a083e9f,24,Carry,9,43.137499999999996,23.29,10,31.477068559381017,50.0565775607647,18.579509001383684,36.54798557668839,35.89901558727578,15.940724604802217,22.773579996820477,5.993043006161211,5.5959300229030475,1.1872830259856428,8.360086881096706,1.5705013045469798,26.870835146791975,10,29.156247533833998,38.094184057369475,33.069941964620305,29.855333670461548
3930165,657fc40c-0f4a-4362-97b1-dccf56cd2e10,24,Pass,11,45.15,15.98,10,36.06137411751406,54.861941667812864,18.8005675502988,30.25533383580489,33.485713458253365,24.095385863990106,20.17637105697141,6.886760050810018,5.47012769099559,3.6522316337557577,7.8996249070499545,0.6109826256112072,29.711011091020055,10,32.47820968728763,41.59165927347053,29.264922489735586,34.36621195125303
3930165,28360cd5-c26c-4702-9fc9-adc0898a8a3c,24,Ball Receipt*,12,37.012499999999996,15.214999999999998,10,37.148919650231264,55.87414839032435,18.725228740093087,26.843379299661933,28.738109283603034,27.246375000325383,27.464613895924415,6.75198823901485,5.351516256701288,4.277147154611889,9.748811535564915,2.3651502078255184,28.645064917993142,10,32.28433585943181,41.481075491952495,26.77642244663677,40.478474325683756
3930165,d42c434e-7ee3-4247-9c6f-2e78948b3ffa,24,Pass,12,37.012499999999996,15.214999999999998,10,37.148919650231264,55.87414839032435,18.725228740093087,26.843379299661933,28.738109283603034,27.246375000325383,27.464613895924415,6.75198823901485,5.351516256701288,4.277147154611889,9.748811535564915,2.3651502078255184,28.645064917993142,10,32.28433585943181,41.481075491952495,26.77642244663677,40.478474325683756
3930165,dba9b591-8af2-4e01-9e17-cb5d5ced768d,24,Ball Receipt*,13,52.5875,19.974999999999998,10,42.09534357592027,59.668294358881965,17.572950782961698,26.18193514244593,28.45576097306049,27.37871444477326,27.117585152778652,6.834824759566193,4.755322402114379,2.8213071556155107,10.647539106747088,3.5143918205726443,31.819682736179654,10,34.863538892043394,44.000667562703015,26.982757716754946,47.982125992297625
3930165,b3d6b512-edf0-4b1a-ac19-72f681b5c9dc,24,Carry,13,52.5875,19.974999999999998,10,42.09534357592027,59.668294358881965,17.572950782961698,26.18193514244593,28.45576097306049,27.37871444477326,27.117585152778652,6.834824759566193,4.755322402114379,2.8213071556155107,10.647539106747088,3.5143918205726443,31.819682736179654,10,34.863538892043394,44.000667562703015,26.982757716754946,47.982125992297625
3930165,0a1aab91-c29c-4d54-9ea5-9da60246bd3b,26,Interception,14,18.9875,14.62,8,16.177560845268914,28.826136621318486,12.648575776049572,17.379309741368804,23.406441571149387,26.083462977236227,39.549305855467594,1.2117299041430605,6.836338537262961,1.7515528760853485,8.777082678961719,10.856131161442566,14.23399230780187,10,14.68995650410645,20.293328350547746,24.02782937610523,27.921402224871734
3930165,d320eb8f-be85-4e46-a02c-e970a3a9091d,26,50/50,15,20.5625,17.34,8,16.05809348558057,28.58198144456846,12.523887958987888,18.765228533432808,24.726735927259373,26.21878166620199,40.420390881667466,1.1714992915846545,6.726975263197806,1.520011518681116,8.990273249264897,9.925674422155371,13.431512495618945,10,14.183617663997932,19.928496242394214,25.260318647270807,27.869411128508503
3930165,b39b5fc8-7cec-4bb1-af8d-edad16df166d,26,Ball Recovery,16,18.6375,16.66,8,17.48468812291629,29.13540593862956,11.650717815713271,14.70875975018202,28.67366947841344,19.92736306397103,37.32985009985926,1.3449074186790189,7.107005538471576,0.9487119640851134,8.37085323118206,12.984736839087368,13.845743866450672,10,14.659245357565322,20.645474983494992,23.444564790960676,26.333367095523343
3930165,949f9af1-21ad-49d5-a6a6-bda87f2e2183,26,Carry,16,18.6375,16.66,8,17.48468812291629,29.13540593862956,11.650717815713271,14.70875975018202,28.67366947841344,19.92736306397103,37.32985009985926,1.3449074186790189,7.107005538471576,0.9487119640851134,8.37085323118206,12.984736839087368,13.845743866450672,10,14.659245357565322,20.645474983494992,23.444564790960676,26.333367095523343
3930165,dc52bd92-c8ea-4cc4-94f1-486832d9b0c0,26,Ball Recovery,18,18.462500000000002,22.27,8,18.135827102555037,31.11271907856464,12.976891976009604,17.339680830142818,27.630937847085978,17.354791001906506,34.0583624667531,1.9388136174480708,5.798591478314164,0.1843753500405647,7.99413815313517,13.911070976096731,13.978253123600055,9,15.4145822534419,20.316304038425994,24.576481615517995,26.05870342387815
3930165,320ec6e7-394d-4e6f-a0da-9fd3824ce335,26,Carry,18,18.462500000000002,22.27,8,18.135827102555037,31.11271907856464,12.976891976009604,17.339680830142818,27.630937847085978,17.354791001906506,34.0583624667531,1.9388136174480708,5.798591478314164,0.1843753500405647,7.99413815313517,13.911070976096731,13.978253123600055,9,15.4145822534419,20.316304038425994,24.576481615517995,26.05870342387815
3930165,b1e1fa70-99ab-4f79-b3ae-5577fd56ede8,26,Pass,19,20.037499999999998,20.145,8,20.05423839943125,33.692569192247674,13.638330792816426,19.393011376502468,29.419062567709073,14.373968016481747,30.215337932739423,1.567647708606437,4.608372543574663,0.9619939000499578,7.633574363979854,14.84965684315656,15.698664003883113,9,17.022557739101508,22.570634885934798,25.716897231262855,26.646182104078065
3930165,c1df574d-1e24-4fa2-8ecf-39c2eee52164,26,Ball Receipt*,20,29.574999999999996,20.994999999999997,8,22.520828114672945,36.23231441215606,13.711486297483113,20.43209605809384,31.82604544866142,14.895219544285661,26.705528690251434,2.075655866833355,4.5933090371818475,0.5098552859593148,6.362369903364007,10.943361768337159,17.469096679844547,9,18.92910226056192,24.998607572361223,27.321233122303983,29.112856155353164
3930165,f7da32b2-2fdd-4b64-b412-08e19ea1e8e3,26,Carry,20,29.574999999999996,20.994999999999997,8,22.520828114672945,36.23231441215606,13.711486297483113,20.43209605809384,31.82604544866142,14.895219544285661,26.705528690251434,2.075655866833355,4.5933090371818475,0.5098552859593148,6.362369903364007,10.943361768337159,17.469096679844547,9,18.92910226056192,24.998607572361223,27.321233122303983,29.112856155353164
3930165,458bfbfa-d7ca-4134-97b8-2c862d47510f,26,Pass,22,24.7625,34.51,8,28.308938705605442,40.68818416479281,12.379245459187366,23.256381012993064,32.978203500359825,16.514800564673195,24.369442120602745,4.254015880221859,5.766949826084948,0.3704556093916356,8.201304712771721,3.7873594285392542,21.20557811216509,10,23.82551870665854,32.20815927553423,27.64241539961251,43.14011465843947
3930165,7d75a63c-e885-4884-b0c7-580c3bc45a6d,26,Dribble,28,65.8,64.77,10,34.349614200122154,49.45834039987147,15.108726199749313,28.380964488662187,35.935887114586066,45.02200633463004,31.23715808690049,5.50449082844884,6.525900030534101,3.231517000265498,19.461326452118186,4.040994407536651,31.2679557109095,10,38.27669595738025,49.17667762836861,32.02705999745469,48.364845778426535
3930165,2d1014cd-aaac-4854-9277-824fc5951832,27,Pass,5,32.637499999999996,30.599999999999998,10,34.63329359514788,48.87724282891318,14.2439492337653,32.714133459332146,29.17956825458053,21.244760188001234,28.924192115581203,3.843654751072039,3.795665605155649,3.586772266481834,8.341683353596661,4.153670566023539,28.152440468037785,7,32.41795332631944,39.523480159439565,30.44528672536935,38.37915713546007
3930165,4d4bd3d8-d672-43f2-b413-97048279a87f,27,Ball Receipt*,7,10.9375,31.62,10,34.02330943293865,52.13861456618666,18.115305133248008,31.94316770928093,26.10419964162351,24.911538544309188,30.62371272892544,5.034443566146681,1.9427210731608229,3.2286094317655625,9.990327475029467,4.2368034439653535,10.9375,11,21.69095942608744,34.9507158788166,25.035132913072196,44.8505050763823
3930165,cc01f820-e5b1-4c0d-8410-267b47f28f9d,27,Carry,7,10.9375,31.62,10,34.02330943293865,52.13861456618666,18.115305133248008,31.94316770928093,26.10419964162351,24.911538544309188,30.62371272892544,5.034443566146681,1.9427210731608229,3.2286094317655625,9.990327475029467,4.2368034439653535,10.9375,11,21.69095942608744,34.9507158788166,25.035132913072196,44.8505050763823
3930165,b966347e-8aae-465f-b994-d021647b9c9e,27,Pass,18,31.324999999999996,43.86,9,41.43221327757169,52.8397459047343,11.40753262716261,42.20689425695234,42.05175822008295,34.36364854417827,20.57579261145849,3.1792722526096213,3.0030895050438,5.292655250146964,11.174977460577729,0.022532817215015655,27.036306571602708,8,33.3166267659669,40.629566661637924,44.20137851187997,45.388485368780906
3930165,336b3a24-a8e6-434c-996a-08eb416c4fd9,27,Ball Receipt*,20,32.987500000000004,23.544999999999998,8,45.4902671290651,55.84073701437541,10.350469885310304,38.94006092028873,41.40550314316956,36.298116856843706,21.352559375124414,3.0464932481925744,2.8509930499865463,6.493892141538112,11.937113992241006,8.054859088586952,32.98750066757202,9,37.90487600676549,45.371757830722665,37.81211373853734,60.63479945187564
3930165,9401d207-70ed-48fb-8384-de7d1930319d,27,Carry,20,32.987500000000004,23.544999999999998,8,45.4902671290651,55.84073701437541,10.350469885310304,38.94006092028873,41.40550314316956,36.298116856843706,21.352559375124414,3.0464932481925744,2.8509930499865463,6.493892141538112,11.937113992241006,8.054859088586952,32.98750066757202,9,37.90487600676549,45.371757830722665,37.81211373853734,60.63479945187564
3930165,9a3dfa8e-d119-4e21-b59e-2ad215f8e395,32,Ball Receipt*,18,44.1,37.485,9,36.3276625797873,53.73828252247529,17.410619942687987,33.20214667571141,33.59507814705158,36.470239702620624,30.241761599237623,4.570280207789047,5.113246885670438,0.26108254884213267,14.73843287416458,4.106518919133826,18.169935077413783,9,27.17024249199567,38.56194971695964,31.940147801382995,60.738564243067806
3930165,0e1e7105-c658-421c-8e97-55873815ce83,32,Carry,18,44.1,37.485,9,36.3276625797873,53.73828252247529,17.410619942687987,33.20214667571141,33.59507814705158,36.470239702620624,30.241761599237623,4.570280207789047,5.113246885670438,0.26108254884213267,14.73843287416458,4.106518919133826,18.169935077413783,9,27.17024249199567,38.56194971695964,31.940147801382995,60.738564243067806
3930165,75389987-1b3d-4eb8-9137-b588aa63cffe,32,Pass,19,48.475,29.07,9,42.8778473191864,59.795580516299026,16.917733197112625,29.856013768549463,28.507085031224552,33.50932539284811,29.765265818821806,5.472445185265211,6.155166376262958,2.521166824794655,11.464609068658085,0.47570359671993145,24.917573818581566,8,32.69259090691831,44.552643676960116,25.077510504639555,46.1076926989612
3930165,c9879b2e-e6c3-44d5-9575-3febcc992bfe,34,Ball Receipt*,6,20.212500000000002,14.535,8,22.360098521731196,41.05424434655503,18.694145824823835,37.14391688355405,43.681032655126266,33.983964687247195,17.41520238016338,4.728852770607573,4.438995478362463,1.6283598078187325,19.06356091106471,5.539751484759975,15.621356576583414,9,17.017886378748884,25.581037218978196,32.671995901839665,32.02247281198319
3930165,e603ba6f-dc32-4230-998f-b07f19698202,34,Pass,7,25.287499999999998,1.19,8,28.698933006246513,48.13725068877477,19.438317682528258,24.934136908047456,29.399469103887654,33.65455310132666,41.66473064813085,7.338451464732722,3.0768781877791676,2.689472140630908,19.498196901193513,6.947310505846339,17.071574880455373,8,22.30009413542598,32.343819741895175,20.50407656801667,38.93095363371971
3930165,bdd93e87-72c1-4227-b4d7-d2df5b45a841,34,Ball Receipt*,9,40.25,1.53,8,37.43348966865255,53.83694239652463,16.40345272787208,17.697894474452305,34.03072513578312,38.181182956737395,27.920429423920876,4.471070192251902,3.1624876390323133,3.5763296560734594,16.095622202219843,7.978043677450067,24.060711608441387,7,32.65278228445525,37.47146970761893,20.04381519269283,45.37237860406955
3930165,0295f918-ef38-4395-aa3d-46fb438fc795,34,Carry,9,40.25,1.53,8,37.43348966865255,53.83694239652463,16.40345272787208,17.697894474452305,34.03072513578312,38.181182956737395,27.920429423920876,4.471070192251902,3.1624876390323133,3.5763296560734594,16.095622202219843,7.978043677450067,24.060711608441387,7,32.65278228445525,37.47146970761893,20.04381519269283,45.37237860406955
3930165,43ca1b23-fd6c-4b23-8071-8e0d3dfde7b0,34,Pass,10,40.074999999999996,4.59,9,35.68828042126355,53.25756481825937,17.56928439699582,20.02616542209588,22.661194672706436,30.768211240304776,42.64258496706258,7.79706855644131,5.876666294274546,3.4977717009757043,16.123054728875832,9.538154576868742,18.53089524885077,8,29.35797384447044,37.95236388867578,18.364180562936816,47.027522810182745
3930165,5dbd98a4-0b55-44a5-a762-3da05af83da2,34,Ball Receipt*,11,50.225,5.44,8,45.547899170817914,60.12381715443788,14.575917983619966,15.092467420660125,25.58721783804876,28.665537298113943,36.60910889263936,3.708626823779671,1.5171652124542123,0.5744712825219747,19.773336161559552,12.339433779451316,30.985459103456044,7,40.01116584578861,45.822435340639814,16.761347201121275,44.19157868871056
3930165,97aa1f02-bce3-4fb8-99ca-b501496a0355,34,Pass,11,51.1,5.185,8,45.547899170817914,60.12381715443788,14.575917983619966,15.092467420660125,25.58721783804876,28.665537298113943,36.60910889263936,3.708626823779671,1.5171652124542123,0.5744712825219747,19.773336161559552,12.339433779451316,30.985459103456044,7,40.01116584578861,45.822435340639814,16.761347201121275,44.19157868871056
3930165,4f9c9dd7-a7b6-404e-998f-faf4dd02423b,34,Pressure,14,50.4,3.145,8,44.20711411873765,57.921374177643855,13.714260058906206,20.882651622421474,17.525591705188504,36.851119684179324,16.269418856541492,6.0221457417671465,3.8249645473661915,2.8756528993072337,19.903923563861113,2.4527287342522666,34.10281653817913,7,42.760369817781246,47.97204453877521,18.22109056881813,43.787491843795905
3930165,f0495ff0-8996-4a11-be74-8aa3e8121c24,34,Ball Receipt*,27,67.375,52.529999999999994,10,34.73505275359281,49.59729084246739,14.862238088874577,41.092917860882054,31.25292678674155,47.73737123500225,40.02213560685772,4.923444701839098,3.710043960384671,1.4645188569157668,18.85833858081405,9.355947336648374,27.14868749221521,10,29.76559533637713,37.82908345052685,34.339803694124434,36.18071607630172
3930165,500e9330-592c-4b61-8d9b-f0ce642ced28,34,Pass,6,40.425000000000004,2.975,10,37.29534716488662,53.17867357376377,15.883326408877146,25.991913359800844,26.334327224877917,41.80803855399795,41.08381805294049,6.233401163680568,3.898404633427339,4.991599854501921,15.18066228086562,6.943273317531453,28.92468656640785,10,31.9910700055945,42.48169116776616,23.608196875769618,43.655710008712006
3930165,a8c22634-6789-464d-856d-04bcf184f6f6,34,Ball Receipt*,7,37.7125,17.68,10,35.1912332884861,52.46924802717466,17.278014738688555,22.31821082322182,34.19621242676406,42.16659103285947,38.13286359195446,5.484326239731073,3.947112088322353,3.821216115276135,18.18479467364108,7.593464054721082,26.761820847790357,10,30.530917516842816,41.31608236981315,24.697662515615338,45.70282824140638
3930165,3849e38d-a949-4b58-b01b-60a6af2457c2,34,Carry,7,37.7125,17.68,10,35.1912332884861,52.46924802717466,17.278014738688555,22.31821082322182,34.19621242676406,42.16659103285947,38.13286359195446,5.484326239731073,3.947112088322353,3.821216115276135,18.18479467364108,7.593464054721082,26.761820847790357,10,30.530917516842816,41.31608236981315,24.697662515615338,45.70282824140638
3930165,e13d2ecd-9618-452a-9593-b6e62ad05e08,34,Pass,7,37.887499999999996,17.764999999999997,10,35.59837308232816,52.92960192117572,17.331228838847558,21.76074295954649,32.49566854693658,41.19655946188007,36.552063740808975,4.958020728301114,3.9165375616528877,3.986708376280953,17.45983717822844,8.073282197170336,27.120101250428796,10,31.042416689317445,41.679959587238066,23.69390969040375,46.593513916491496
3930165,52f7bbcd-af41-4344-8f31-e6d6a68728ec,34,Ball Receipt*,8,43.137499999999996,26.18,10,39.50277462100022,56.5357611018234,17.032986480823176,23.434396257179912,32.441880648636456,40.41928578200457,35.63197401545623,4.955975815261211,3.795952344863034,5.329119371434878,16.23638948674839,7.6048488285351965,30.45187699888276,10,34.30266130120285,44.97221663600282,24.231860553198626,45.920405683989124
3930165,bbe1b2a0-a59d-4d8d-a451-066dd784885f,34,Carry,8,43.137499999999996,26.18,10,39.50277462100022,56.5357611018234,17.032986480823176,23.434396257179912,32.441880648636456,40.41928578200457,35.63197401545623,4.955975815261211,3.795952344863034,5.329119371434878,16.23638948674839,7.6048488285351965,30.45187699888276,10,34.30266130120285,44.97221663600282,24.231860553198626,45.920405683989124
3930165,a1d6591c-f66b-4946-8ced-04c06d47295c,36,Foul Won,17,67.02499999999999,2.975,10,36.36430637650947,48.163603276198636,11.799296899689168,46.16802416492938,34.937273849318146,43.34742080518265,31.627528445238806,2.780090575716522,4.355060979968304,3.7626796734593455,16.218050806106234,0.012650081203801733,38.505044924792486,6,41.01126649953663,45.65126262696228,45.41997807643117,47.8821318813687
3930165,c905af2f-ecd8-42b7-aa5a-fa2b3038da2c,37,Pass,7,23.45,38.589999999999996,9,25.35108120480512,40.7480519930875,15.396970788282381,48.59116900261243,43.81244173816053,31.291279493325234,12.247964611390842,5.974659644356035,4.468908832019246,2.125307088476397,14.874617997551958,1.9906531808289358,20.050689494456684,10,22.317555523983607,30.386012016001654,44.93844000544216,32.325927282125235
3930165,22a9e10a-8cfd-4137-912f-30cc0b7cd1a2,40,Ball Receipt*,7,49.699999999999996,25.585,10,31.994591435901345,49.179211426635675,17.18461999073433,15.925320967435947,25.744933831004364,21.08159032788003,21.44523230934196,6.614888145096875,6.231860210822024,2.7683590198252546,8.319224117000228,4.5663139511905655,22.472359738200602,7,29.444035954266745,36.06361750653591,20.318233889371818,28.246615905432694
3930165,597d18fa-d545-4cd7-b881-aa7c3df622b6,40,Miscontrol,7,49.699999999999996,25.415,10,31.994591435901345,49.179211426635675,17.18461999073433,15.755320318937413,25.574933182505827,21.08159032788003,21.44523230934196,6.614888145096875,6.231860210822024,2.7683590198252546,8.319224117000225,4.566313951190569,22.472359738200602,7,29.444035954266745,36.06361750653591,20.148233240873285,28.24661590543269
3930165,312ccfd7-cfc9-44d3-adfc-b82880be8ece,42,Pass,5,14.612499999999999,37.23,8,24.41312489178217,38.785806947056464,14.372682055274293,32.7490921729584,38.16275776709037,29.95904299770038,22.219220731533905,5.987194028397336,1.4773090534625581,4.173317941589353,13.273638210862316,7.066667596431195,3.9661670473195114,9,13.508083135555577,23.27318740718187,33.014005538387984,36.05472882233477
3930165,169fd80f-b206-49f1-b309-65f7e7817322,42,Dribble,36,65.3625,65.96,8,35.90094350458289,46.8800054983038,10.979061993720912,19.57230943068982,14.440023406952934,42.770616912910455,19.713236025633613,5.6996795679318515,3.95977531646654,0.7659929678822444,20.72746517026572,1.2554653874263382,34.20632472489897,7,41.04045397894411,45.30504370947047,27.77320900745436,49.930627365826446
3930165,2b2888d2-24bf-4374-a698-ffad612242c4,50,Pass,18,40.425000000000004,22.95,8,43.78563273822847,57.305752672624635,13.520119934396163,29.159650639767346,40.50567136508334,28.66673518919544,33.73505252592502,2.154251637012412,2.5999289410896873,1.4728148038681077,14.114403870434174,13.018417897321612,28.408113186481142,9,36.938832647170244,45.044472870817444,33.05194469470905,54.36541972700585
3930165,50797e9e-472c-4653-9b37-2617ae012bfd,50,Ball Receipt*,20,40.775,5.185,9,42.42025646224194,58.61645204922357,16.19619558698163,22.572525754240313,28.25808058763993,35.06159063324438,46.491500495303534,2.2535504333294125,3.233207149388069,3.2720621811985033,13.472299719007111,8.700043046960339,29.58397491740515,9,36.437270776657115,45.28516661783865,31.309187057195572,53.97398127389551
3930165,262039ec-bd73-4624-9d83-3b211d2ee9a5,50,Carry,20,40.775,5.185,9,42.42025646224194,58.61645204922357,16.19619558698163,22.572525754240313,28.25808058763993,35.06159063324438,46.491500495303534,2.2535504333294125,3.233207149388069,3.2720621811985033,13.472299719007111,8.700043046960339,29.58397491740515,9,36.437270776657115,45.28516661783865,31.309187057195572,53.97398127389551
3930165,e0f94070-64cb-416f-a071-f4047c698be8,51,Miscontrol,22,49.0875,39.695,10,29.472273530439885,50.23042990818384,20.75815637774395,44.297697576914274,42.46691229881064,15.931642137511858,23.95366434869087,6.31837620472286,5.177618268683632,1.849108947327906,5.560563276260737,4.899658905648366,24.56054610237944,7,31.26579877632834,40.303843579022406,43.54672487756517,26.37514777361508
3930165,eefbfdce-65da-4078-81be-d4899e70e7b0,53,Pass,15,19.5125,43.52,9,37.28972828244052,50.92813591082373,13.638407628383206,35.52633411172138,32.48876045641133,35.632818345614474,28.46079628236133,7.644989449710926,3.5408103400974835,2.4029552986513707,13.685642892446403,3.4460842196393315,14.40197044566966,11,20.09970214648405,36.501443392720034,32.614299654852545,61.261375633840764
3930165,34f17c38-a98c-4da2-ac4c-e140b28bd863,53,Ball Receipt*,16,14.875,33.065,10,38.28164739012236,51.66411889559673,13.38247150547437,34.74915617894452,31.808081363940364,34.65909872102819,27.955763834382644,7.9822634578234,3.7141921858722435,1.8369975324159,12.376039604784474,1.8259982576848834,14.875,11,21.635808568780085,37.71926988358641,31.986193375362053,61.39363837616243
3930165,be9edf41-3240-4048-a527-765fb13951bc,53,Carry,16,14.875,33.065,10,38.28164739012236,51.66411889559673,13.38247150547437,34.74915617894452,31.808081363940364,34.65909872102819,27.955763834382644,7.9822634578234,3.7141921858722435,1.8369975324159,12.376039604784474,1.8259982576848834,14.875,11,21.635808568780085,37.71926988358641,31.986193375362053,61.39363837616243
3930165,26227968-e639-4d92-a24e-e3911fa7e298,53,Pass,22,37.625,50.489999999999995,10,43.30264932951643,58.18685456864863,14.8842052391322,40.99659504606449,31.50361315459444,24.689809106175243,33.81805547575943,6.610991766177277,3.64667496122372,4.17847610505526,9.652762338839594,3.916270511478263,30.030898094408972,10,36.31762293406225,46.60728604793063,34.95285370598293,56.584185305220075
3930165,ba5f7c0e-5a9e-4c82-b811-dde989dd755e,53,Ball Receipt*,26,41.125,50.404999999999994,10,43.26091139426609,53.088556436361934,9.827645042095845,48.945363647883966,44.540039103463194,21.331097474178094,35.653320818960154,2.8364038771814606,2.2895778494786128,2.582020807215663,8.107398287955533,7.9234808392769835,28.309210460786645,10,34.18891621524996,44.60037344398018,44.34645554326695,49.007033519518345
3930165,aaa8c910-0e5b-4c2f-b90a-d6bbf8c61cf0,53,Pass,26,41.824999999999996,48.449999999999996,10,43.96091072669407,53.78855576878991,9.827645042095845,46.9903642963825,42.58503975196173,21.331097474178094,35.65332081896014,2.8364038771814606,2.2895778494786128,2.582020807215663,8.107398287955533,7.923480839276976,29.009209793214623,10,34.88891554767794,45.30037277640816,42.391456191765485,49.007033519518345
3930165,087d1f8d-d83e-47c9-a15e-ac9c9140e972,53,Ball Receipt*,28,30.012499999999996,60.265,10,44.29974939137363,54.10217736029662,9.802427968922991,49.279143931033964,45.95636485751025,20.283135906807665,36.17706472035276,2.9287571563989427,1.7645448637422778,2.0647456426975666,7.982513325841673,7.921369824196418,17.22913756451846,11,28.115519933655257,42.248331215630195,45.23549214058095,52.567621060491376
3930165,65b38934-673d-4ddd-ba28-cca6878d95be,53,Carry,28,30.012499999999996,60.265,10,44.29974939137363,54.10217736029662,9.802427968922991,49.279143931033964,45.95636485751025,20.283135906807665,36.17706472035276,2.9287571563989427,1.7645448637422778,2.0647456426975666,7.982513325841673,7.921369824196418,17.22913756451846,11,28.115519933655257,42.248331215630195,45.23549214058095,52.567621060491376
3930165,e5042830-d9de-42df-a86a-986b50bb2020,54,Ball Receipt*,31,31.412499999999998,20.994999999999997,10,44.16313095251866,57.315939942108976,13.15280898959032,36.92356964243466,29.458524206872557,26.695480927700764,35.79025176162128,5.199913113630997,1.8401829775087235,5.199019916315148,8.54654654531831,5.2340980653376405,31.412501335144043,10,36.87037044243739,47.05488569457704,34.07792387620559,59.49045210645412
3930165,244182bc-8160-4dd5-b9b2-ebaa61c0e1a8,54,Pass,31,31.412499999999998,20.994999999999997,10,44.16313095251866,57.315939942108976,13.15280898959032,36.92356964243466,29.458524206872557,26.695480927700764,35.79025176162128,5.199913113630997,1.8401829775087235,5.199019916315148,8.54654654531831,5.2340980653376405,31.412501335144043,10,36.87037044243739,47.05488569457704,34.07792387620559,59.49045210645412
3930165,e6636465-c532-48d6-b220-ce075e14cc74,54,Ball Receipt*,33,18.1125,35.275,10,40.45766029694695,54.23260882993638,13.774948532989434,40.436294524591474,30.44102748176833,25.825487025946412,32.58437774348745,6.34151044016586,2.6390401315195566,1.6433724544090111,10.100982032929608,2.5901633799092387,18.11250066757202,10,28.474472028944838,41.39753048931393,34.100817412102764,49.34529277640245
3930165,020c9ae7-a69a-4e23-b8d5-2ab9214deac7,54,Carry,33,18.1125,35.275,10,40.45766029694695,54.23260882993638,13.774948532989434,40.436294524591474,30.44102748176833,25.825487025946412,32.58437774348745,6.34151044016586,2.6390401315195566,1.6433724544090111,10.100982032929608,2.5901633799092387,18.11250066757202,10,28.474472028944838,41.39753048931393,34.100817412102764,49.34529277640245
3930165,b664a790-72e9-48d4-a1f1-eb7ea80a9913,54,Pass,34,18.55,35.275,10,38.928625137961525,52.69402510176575,13.765399963804228,39.52222010076429,28.990058333207458,25.0986168672274,32.15095308807513,6.16012798465888,2.4979678474586473,0.31919502886665896,10.392651781319977,1.7307328050625195,18.55000066757202,9,26.445813671671054,37.87994647251035,32.34668165207493,51.83834126530174
3930165,857fee53-cd0d-42e5-9986-20e490027903,54,Pass,39,26.6875,56.184999999999995,8,37.353612510720254,52.655858707886466,15.302246197166212,43.8800320352672,29.03961324698238,20.501891392312537,35.459912871338005,7.382541662126174,1.2154930042948426,0.23900738556059054,9.805906785634939,6.412300602325832,12.458394288519113,11,22.676925858547854,37.66548826783942,36.710267457237755,58.157538511506104
3930165,35fbaa28-150c-4c36-9eb3-951aebca9d15,60,Pass,5,37.800000000000004,44.879999999999995,9,38.80805547544295,51.407575825718155,12.599520350275206,46.09200736317755,40.8687823755082,18.966929336547103,23.88031412145679,4.386534603231342,3.1831232493370654,1.2896797547089207,9.58448599078325,3.3579193763327595,27.256802595723876,7,36.60189275335426,41.10970363642177,44.09670659253572,32.214969895897354
3930165,6889d1be-625f-4f3c-9ec7-9ae2c0b8e3a5,61,Pass,9,47.074999999999996,37.145,9,45.470326034790624,60.56513850987556,15.094812475084936,33.44351555504247,30.19811232184218,27.746401797766378,23.95748285755887,3.9306202094148963,0.6388128818870061,2.332406161766194,11.39299854231755,5.040023411008825,29.490141199786052,8,35.47989315334469,44.20734350635678,23.485602515137643,32.47393867338363
3930165,6ea1bf4c-ef2b-448a-93b0-7c38fe51d136,63,Ball Recovery,5,46.375,21.675,10,43.55715588371565,58.36631704046441,14.809161156748758,17.95706658855101,16.345555344865378,22.931863790594345,18.661110287649166,4.87640949063856,2.4392476836669674,0.9086340594980662,11.175959778976011,3.9405241232907713,34.30970069638888,10,37.24748133686669,46.019248349958495,24.867128524840812,49.602132754372455
3930165,325076d4-b27b-4a07-9f58-dace94e2c276,63,Carry,5,46.375,21.675,10,43.55715588371565,58.36631704046441,14.809161156748758,17.95706658855101,16.345555344865378,22.931863790594345,18.661110287649166,4.87640949063856,2.4392476836669674,0.9086340594980662,11.175959778976011,3.9405241232907713,34.30970069638888,10,37.24748133686669,46.019248349958495,24.867128524840812,49.602132754372455
3930165,19969658-577c-4b93-8317-3a6dc5fb46f4,65,Duel,29,56.262499999999996,40.629999999999995,10,26.727612036970935,40.79707472628715,14.069462689316214,27.727723170935526,25.718751631460677,27.39278110283103,9.535128724686384,3.0308107688518113,5.929368427953117,4.486410502735977,8.804317893232152,2.928813785167627,24.451755820912677,10,26.422548412397312,39.220981032523376,29.429600493749444,28.933120254329584
3930165,4609dce5-5963-4c24-b8bf-7e08168239a8,69,Pass,5,33.6875,39.695,10,35.8394158663311,49.38669463914782,13.547278772816718,41.594835710318634,40.200970052361015,13.052614367056577,34.633409716628464,3.3028431778585357,4.190365955995606,0.7606160323164275,7.3122181691000065,3.21971729344947,26.957747930165475,7,33.231775342600876,39.644661937542146,42.02579982976935,33.99530223393259
3930165,1d91bc86-96f8-4cff-b9c4-49784fac292d,69,Ball Receipt*,7,22.75,31.96,10,35.76930576545307,51.12629381390778,15.35698804845471,37.05972046670946,35.300445676521825,15.113950257262598,32.92506619689428,3.1596294265209712,3.1496041898183633,1.3598365866271536,5.891434172426617,1.3494739308632155,22.75,10,25.886052829054222,36.613608375819474,36.11885052782926,37.92085039934103
3930165,4ae9e435-7bcb-4b00-938e-4fa28bc3e418,69,Carry,7,22.75,31.96,10,35.76930576545307,51.12629381390778,15.35698804845471,37.05972046670946,35.300445676521825,15.113950257262598,32.92506619689428,3.1596294265209712,3.1496041898183633,1.3598365866271536,5.891434172426617,1.3494739308632155,22.75,10,25.886052829054222,36.613608375819474,36.11885052782926,37.92085039934103
3930165,1c4ae2b3-1ac9-4765-89c1-a251ef5b34f0,69,Pass,8,18.55,27.37,10,36.60498808134749,53.25171900076923,16.646730919421735,34.72659965080383,32.04433121312362,19.23790574837059,33.553149905211804,3.7812189158916722,1.9549343400507755,1.6109288198505318,6.654410983303173,2.1701036895772674,9.166886430266278,11,20.013370910813148,35.37239336036747,34.57937918539099,44.5572318269536
3930165,0654f4dc-0ee4-4ab6-8cbc-22636862db5b,69,Ball Receipt*,11,30.099999999999998,16.32,10,39.46741002848083,56.25647127944161,16.789061250960785,34.81760717746907,32.19635820038844,22.82547015521116,35.748556896533636,4.243859809102062,1.1018452351783692,1.0270353587093801,10.67933489146786,7.353605589133718,10.758716269824612,11,21.56304175925898,37.78156491663387,35.98752643709805,48.37545927837286
3930165,66d83f65-fc4c-4ab1-a347-4de9e37c3fbf,69,Carry,11,30.099999999999998,16.32,10,39.46741002848083,56.25647127944161,16.789061250960785,34.81760717746907,32.19635820038844,22.82547015521116,35.748556896533636,4.243859809102062,1.1018452351783692,1.0270353587093801,10.67933489146786,7.353605589133718,10.758716269824612,11,21.56304175925898,37.78156491663387,35.98752643709805,48.37545927837286
3930165,c6c6b344-2fa8-47e1-a429-a70d84c9d463,69,Pass,15,24.5,24.82,10,40.81243599715036,58.09119868666751,17.27876268951715,30.56759814122798,32.36741969488228,28.30431668249432,39.28455346739143,2.768091454902538,1.2635406923900934,1.5798195812127034,10.94364113238855,7.156240426912127,14.094323525345034,11,23.91119749341067,40.277184136085275,33.6030515376706,56.319440143766045
3930165,754eafb2-9d5f-48d9-b80c-28ff074d3d9e,69,Ball Receipt*,16,27.212500000000002,44.879999999999995,10,41.779090602730165,58.77586428417933,16.996773681449163,35.66940918305998,39.57560812310162,31.126809410661025,40.491340669352546,3.021947142971206,1.7844646021438713,3.017353270007966,10.417241578324628,8.420530308127127,15.06234825915365,11,24.435339208593803,41.4581613835078,38.08126351765834,56.936623724424756
3930165,c151c0a2-f9de-478a-b384-651656d48817,69,Carry,16,27.212500000000002,44.879999999999995,10,41.779090602730165,58.77586428417933,16.996773681449163,35.66940918305998,39.57560812310162,31.126809410661025,40.491340669352546,3.021947142971206,1.7844646021438713,3.017353270007966,10.417241578324628,8.420530308127127,15.06234825915365,11,24.435339208593803,41.4581613835078,38.08126351765834,56.936623724424756
3930165,386c65c2-ecf6-404c-ad76-53c6fc60c9ca,69,Pass,17,27.212500000000002,45.56,10,40.88345294908282,57.7977843898293,16.91433144074648,35.6727804418922,40.00203966255676,32.02378800597864,41.52961172843881,3.5388835787498647,2.159950971782867,4.430855606287032,10.875143324489152,7.7191890199679065,13.334576459161063,11,23.476048476264605,40.61477503413449,37.42062829997449,56.42053473687275
3930165,385bf8f1-fc3e-4771-90ac-94fb5d3839a9,69,Ball Receipt*,22,47.25,65.36500000000001,10,41.357897975488484,57.11371934226371,15.755821366775223,51.88210126271481,33.234957994812206,34.58084867079954,31.856336062913858,7.578508218019661,3.5865944770883806,0.5775183713809895,16.963728922944746,3.263742446667912,22.068900902334377,10,28.71861724271765,42.83557513873929,38.60130283961626,55.60319902396648
3930165,6da0e7db-b34c-43c6-96ab-cc7894f8115a,69,Carry,22,47.25,65.36500000000001,10,41.357897975488484,57.11371934226371,15.755821366775223,51.88210126271481,33.234957994812206,34.58084867079954,31.856336062913858,7.578508218019661,3.5865944770883806,0.5775183713809895,16.963728922944746,3.263742446667912,22.068900902334377,10,28.71861724271765,42.83557513873929,38.60130283961626,55.60319902396648
3930165,9a84668a-95d0-48b4-91f8-ce744d5b6e13,69,Pass,23,41.475,62.73,10,40.9053036732412,57.20048980133569,16.295186128094493,54.079719530609864,37.198802851316856,26.786210879023848,33.47031395941926,6.205869056966445,3.4498300268164406,0.0070675725036721815,15.01667546071215,2.7477071407295526,24.070216682532322,10,29.068526619580027,41.96099598386779,42.38425410095375,54.003515736522
3930165,756cd607-1c6b-4239-babe-f56d1e8c173d,69,Ball Receipt*,25,30.099999999999998,27.625,10,42.71813407394525,57.5201465998472,14.80201252590195,46.56485388997771,31.074542685245465,21.058401599656484,31.07260283514605,5.114934727464664,3.2579753684462522,0.15523830044597275,14.528563503112672,3.260792321119638,26.823155833091157,9,31.995267315947196,41.99275815070503,40.69843110256008,49.95017845383748
3930165,0dd6e017-e27e-4fe9-b3c1-7c9546b61967,69,Carry,25,30.099999999999998,27.625,10,42.71813407394525,57.5201465998472,14.80201252590195,46.56485388997771,31.074542685245465,21.058401599656484,31.07260283514605,5.114934727464664,3.2579753684462522,0.15523830044597275,14.528563503112672,3.260792321119638,26.823155833091157,9,31.995267315947196,41.99275815070503,40.69843110256008,49.95017845383748
3930165,42c9ff98-51f0-4a8b-aee6-7213de028fb6,71,Pass,17,29.837500000000002,18.36,10,45.68329695058763,56.25255350043601,10.569256549848376,23.31767694244878,27.839855411087292,22.49232546331357,33.5800310557116,4.332342143046189,2.551527727236637,2.5689522359932546,6.790906740285658,10.883015760104133,18.025065356231647,10,29.844727561655642,42.26856351865337,25.994834778136813,58.959604605664836
3930165,b247c20b-357c-4ce2-89f3-f99e61d1452e,71,Ball Receipt*,19,42.0,16.405,10,44.612437814197094,56.51715205576302,11.904714241565927,22.705371134342464,26.71095180425302,18.705725424175863,33.69994029263764,3.5833205450101855,2.430201893713209,1.196700339473729,7.866100419280052,10.685837166726706,29.916504884468743,10,36.589663543661814,46.301109165970466,24.907401633017948,61.12711882569647
3930165,7f730cca-90a8-462b-9c87-1e4dd88c15f4,71,Carry,19,42.0,16.405,10,44.612437814197094,56.51715205576302,11.904714241565927,22.705371134342464,26.71095180425302,18.705725424175863,33.69994029263764,3.5833205450101855,2.430201893713209,1.196700339473729,7.866100419280052,10.685837166726706,29.916504884468743,10,36.589663543661814,46.301109165970466,24.907401633017948,61.12711882569647
3930165,0fcf4dda-3c0f-43f3-807b-3f61557addeb,71,Pass,19,42.0,16.405,10,44.612437814197094,56.51715205576302,11.904714241565927,22.705371134342464,26.71095180425302,18.705725424175863,33.69994029263764,3.5833205450101855,2.430201893713209,1.196700339473729,7.866100419280052,10.685837166726706,29.916504884468743,10,36.589663543661814,46.301109165970466,24.907401633017948,61.12711882569647
3930165,101374ff-bffd-47ea-80a8-2599c5688b60,71,Ball Receipt*,20,31.5,24.310000000000002,10,44.611323768250685,57.27576330606723,12.664439537816548,26.010566175625502,34.09197891518889,19.4207117548982,35.01024457030609,3.7377444196183185,2.4407097268533513,1.2423532238297312,7.63222016318749,3.909645951606265,30.760421613897606,10,36.92839030163822,46.77236768902858,28.095392837247726,62.7120746917408
3930165,61bbe2c6-b909-4466-acf6-3f27ebda3b21,71,Carry,20,31.5,24.310000000000002,10,44.611323768250685,57.27576330606723,12.664439537816548,26.010566175625502,34.09197891518889,19.4207117548982,35.01024457030609,3.7377444196183185,2.4407097268533513,1.2423532238297312,7.63222016318749,3.909645951606265,30.760421613897606,10,36.92839030163822,46.77236768902858,28.095392837247726,62.7120746917408
3930165,e317c3c2-d7a5-48ee-b3c9-34386820673b,71,Pass,21,29.574999999999996,22.355,10,44.13019250927685,57.059709169572635,12.929516660295782,22.07575031301713,24.82592185019547,20.079694920129093,35.59889099533793,3.496789356709308,2.9091302088957853,1.205136009631783,8.169834601711031,9.08594081267669,29.57499933242798,10,36.58069387765901,46.632019121236695,23.794501726741483,62.33403855557811
3930165,5b242ebe-5b9c-4398-9e31-90e546b53af8,76,Ball Receipt*,5,46.112500000000004,13.344999999999999,10,34.17434858004408,53.18585893072701,19.011510350682926,21.997011748302643,22.34652993944352,37.60152314571774,20.268284688624124,6.796521961413123,2.847271289858559,7.140417878722917,14.447637237876037,0.3381461850272842,18.275007905748343,9,27.786993870508475,39.08143350296557,30.815032848478594,48.60152069179955
3930165,b5f7643d-7e02-493b-9091-80d23e581c77,76,Carry,5,46.112500000000004,13.344999999999999,10,34.17434858004408,53.18585893072701,19.011510350682926,21.997011748302643,22.34652993944352,37.60152314571774,20.268284688624124,6.796521961413123,2.847271289858559,7.140417878722917,14.447637237876037,0.3381461850272842,18.275007905748343,9,27.786993870508475,39.08143350296557,30.815032848478594,48.60152069179955
3930165,c64721ca-46cd-4368-9dcf-fed393019496,76,Ball Recovery,12,43.574999999999996,47.345,8,35.84496733097001,47.71499331698933,11.870025986019321,33.38480802743779,37.26462880301576,32.089643170584935,29.480231113314314,3.787869491404774,1.9550179289464416,1.2572072696323175,17.565811066387802,5.6733529455716365,29.50605591333349,9,33.26199365957841,40.980834942878275,37.64216920256688,23.195318621755902
3930165,a2b24716-e370-4795-bb97-199d44f4c98c,76,Carry,12,43.574999999999996,47.345,8,35.84496733097001,47.71499331698933,11.870025986019321,33.38480802743779,37.26462880301576,32.089643170584935,29.480231113314314,3.787869491404774,1.9550179289464416,1.2572072696323175,17.565811066387802,5.6733529455716365,29.50605591333349,9,33.26199365957841,40.980834942878275,37.64216920256688,23.195318621755902
3930165,ee984f00-97e5-41f2-acbc-a13818640c15,76,Pass,13,43.137499999999996,49.3,9,36.23245693313075,50.21809825187206,13.985641318741308,36.81812044317695,41.36377378011529,31.439072759166546,29.442751678406342,3.861294675822462,5.400410027805703,0.9303788818555532,16.185462824818604,4.124698570192578,29.21675033969972,9,33.13454802596639,40.926733329096955,40.7376847763359,24.82295262770234
3930165,c4559144-2db3-4d07-aea9-41fe424819f3,76,Ball Receipt*,14,54.1625,40.629999999999995,9,42.34556431363145,56.71656305231584,14.370998738684392,38.573207894494125,35.75672501914771,32.349585092046226,30.16955928855611,5.141898721528763,3.561451934416034,0.1240992347526273,25.2259111882245,9.77338077003786,31.261547006577192,8,39.48022243052245,45.48853148993646,39.13977583982707,26.358649087587214
3930165,df86cdc5-09a4-4fe6-8b9e-1b1ba3524c2a,76,Carry,14,54.1625,40.629999999999995,9,42.34556431363145,56.71656305231584,14.370998738684392,38.573207894494125,35.75672501914771,32.349585092046226,30.16955928855611,5.141898721528763,3.561451934416034,0.1240992347526273,25.2259111882245,9.77338077003786,31.261547006577192,8,39.48022243052245,45.48853148993646,39.13977583982707,26.358649087587214
3930165,851d5312-66e3-4091-8776-01a306e1d682,76,Pass,15,54.074999999999996,44.879999999999995,9,44.72529224640877,58.52177373652165,13.796481490112882,41.06998550004162,39.161509301799484,31.678133225640597,30.17141708673147,5.623473246431736,2.6926417357619754,0.37390359027352105,24.855480032677374,8.7222740428871,43.47748394012676,7,45.31359748042616,49.43880373457244,41.39592180758126,29.74921508217413
3930165,7efb59e8-2498-40e5-b912-35fe682e2dfe,77,Ball Receipt*,33,65.625,35.529999999999994,10,30.570117410972237,46.853172075998025,16.283054665025787,39.78115841811667,42.856912232611975,52.802169123569094,46.393538374941926,6.179441515638957,3.667964161375182,1.096919855699717,21.48231992993616,8.870491836980257,22.500257474493907,10,25.26650332724916,33.49305346711234,39.192887566546744,26.62930687819727
3930165,688881fa-175b-4a79-a7bf-3a1b5e23a2d1,80,Ball Receipt*,23,53.375,61.540000000000006,8,45.920537580457925,56.40689251701861,10.486354936560687,52.20794497871725,52.99186890123417,34.125611679189845,16.656395489296052,4.947896038220997,5.232417761540798,3.2966912038825313,19.254051290251297,6.758218543770816,33.346503581860716,9,42.09162527573238,49.34338755336624,45.92430479372787,42.172746253086686
3930165,3d0a7759-ff4d-4ab9-ab74-86f584ceb781,80,Pass,23,53.375,61.540000000000006,8,45.920537580457925,56.40689251701861,10.486354936560687,52.20794497871725,52.99186890123417,34.125611679189845,16.656395489296052,4.947896038220997,5.232417761540798,3.2966912038825313,19.254051290251297,6.758218543770816,33.346503581860716,9,42.09162527573238,49.34338755336624,45.92430479372787,42.172746253086686
3930165,964edd59-dc54-4552-ab5d-640021b3af19,81,Pass,15,41.300000000000004,6.034999999999999,9,40.84472579966817,57.61732014317281,16.772594343504643,23.50475314029181,28.676362492541024,37.77928718786078,23.87987164734887,6.308184015081224,2.177975907501757,1.0749279054155139,16.094679367044037,0.35441128945682365,26.466801980592148,9,35.318271052797684,45.12367695380488,28.507919787393153,51.29006469905964
3930165,816d43b8-e9cf-4f07-b7b1-938c18d6e4e5,81,Ball Receipt*,16,42.699999999999996,15.555,10,39.05982031961606,55.55961520911434,16.499794889498283,25.049147673853742,20.863484478516366,28.95595122673209,22.68019837662181,6.800430820827174,5.709641741514251,0.40685255240678764,16.500307469736242,0.4395272485027668,28.934603890562087,10,33.760528125326076,45.09011500066706,27.99449340906424,49.52785580147531
3930165,ffb8c3b1-8f3f-4d05-8ad6-d72601965f5c,81,Pass,16,42.699999999999996,15.555,10,39.05982031961606,55.55961520911434,16.499794889498283,25.049147673853742,20.863484478516366,28.95595122673209,22.68019837662181,6.800430820827174,5.709641741514251,0.40685255240678764,16.500307469736242,0.4395272485027668,28.934603890562087,10,33.760528125326076,45.09011500066706,27.99449340906424,49.52785580147531
3930165,d4ed0e7b-99dc-4f74-9cda-fe9a32e9af91,81,Pass,7,41.5625,50.66,8,41.18997862910428,57.685491231438895,16.495512602334614,34.35194163235841,42.19911307376709,28.33868731095407,18.11968150632795,7.614369085063691,3.964825165723075,1.3642108149212113,9.254917586680481,6.146565929746423,40.06284791404145,5,44.54443854665095,47.56679897751889,37.85324171321211,29.582857781995262
3930165,9ea73e81-7b12-4a10-9b8e-46ed38598a2e,81,Dispossessed,10,56.875,45.135,8,43.77016263505124,57.04320073134543,13.273038096294187,28.206306723448716,34.1390301733136,26.830894663611208,17.653273527284803,4.961210292736036,3.19046622486037,2.197923205739201,11.279805228597962,8.43690379744524,38.836153974195206,5,45.52997033391776,48.26002414128894,29.784611437217013,29.655271801371654
3930165,46950921-ee75-4265-8b8d-8f16550b8b7d,92,Ball Receipt*,6,69.91250000000001,15.214999999999998,8,37.4666752852922,54.37884354136236,16.91216825607016,43.05764348457784,35.18909002991621,37.9584167957157,24.54258247470258,5.808735677636075,3.1395720269083895,1.7002427147194652,15.973108199443715,9.252997681535359,27.973969136355404,10,30.64238944136254,40.4581382188675,43.66053100224501,34.61220667371501
3930165,fca99e90-6679-4327-a1a7-1a65a7ac0cc1,93,Foul Won,13,65.8875,1.615,9,33.05186805129646,43.88012335369748,10.828255302401018,45.96566410721273,50.14721425923544,31.819612017908227,39.45579495058199,2.9445701656492638,3.501397760766402,4.500481184101552,11.288662238346284,6.997060113305295,31.352265912032063,7,36.280421762960884,40.891082795153054,43.57371497666886,49.06062792622179
3930165,917d567f-2af6-4918-97a8-5b015a947e1d,95,Pass,64,31.237500000000004,3.655,10,43.67411782581185,60.22274669222567,16.54862886641382,18.086515822687225,23.0927747699876,35.31546002908392,29.971474615060533,5.453945385991483,2.600593067364057,1.8410630354163162,17.248226886766787,8.179856697694067,31.23750066757202,10,35.88761880117885,46.77783303765809,19.957286273855523,42.01135016221442
3930165,0fdd40d6-f98b-4466-b266-f6666b3fea22,96,Ball Receipt*,7,28.962500000000002,37.485,9,29.11609796536634,46.150942256458166,17.034844291091826,38.75194172198485,42.64834575553208,20.18828151873526,25.732769155728356,4.652160164485248,5.5978804285763815,1.4827687147079942,7.328507290821406,3.6762514742562757,18.516536716433812,9,21.90459599625347,30.44692926818214,38.62051129628328,42.4323808440193
3930165,57137dac-d378-4548-a714-a920214f4fc3,96,Carry,7,28.962500000000002,37.485,9,29.11609796536634,46.150942256458166,17.034844291091826,38.75194172198485,42.64834575553208,20.18828151873526,25.732769155728356,4.652160164485248,5.5978804285763815,1.4827687147079942,7.328507290821406,3.6762514742562757,18.516536716433812,9,21.90459599625347,30.44692926818214,38.62051129628328,42.4323808440193
3930165,9e343c47-4b8c-4a7d-9be3-740adbb9ad63,96,Pass,9,30.537499999999998,32.129999999999995,10,33.57470109194075,47.48733116924363,13.912630077302879,33.94076945465878,36.83195831513247,21.590639727175695,25.524711962457705,4.152932952229161,3.366497076076495,2.9060318772922287,9.14267341699922,3.2430885421336306,19.517265654389234,10,24.73027778497921,35.298267018476416,31.072140911201053,50.43334346525821
3930165,73abf28c-9c0f-431d-8108-062b080a2782,96,Ball Receipt*,10,22.3125,24.564999999999998,10,35.50604593731121,49.22287639057784,13.716830453266631,35.74286845146865,37.31545758449056,23.734708697730177,24.618989570360917,5.308902351535019,3.039336022331281,1.2360934908419665,11.851211961520626,1.6558480636672037,20.777716883261625,10,26.255567885461573,37.214828583662964,32.22425972699708,50.79377170804464
3930165,a847b064-7817-4fe1-ae83-358ff29d6f11,96,Carry,10,22.3125,24.564999999999998,10,35.50604593731121,49.22287639057784,13.716830453266631,35.74286845146865,37.31545758449056,23.734708697730177,24.618989570360917,5.308902351535019,3.039336022331281,1.2360934908419665,11.851211961520626,1.6558480636672037,20.777716883261625,10,26.255567885461573,37.214828583662964,32.22425972699708,50.79377170804464
3930165,68273ab0-ff72-44df-ba8e-2b2f4ca681b0,96,Pass,13,31.237500000000004,22.099999999999998,10,40.33603355250484,55.06297082840916,14.726937275904326,28.045005961688126,33.67199167479451,24.609508271183962,31.870972621098957,4.422504243423848,1.9041414658334235,0.23090686207116207,12.570746845255364,3.928391117510408,24.200478054369906,10,32.10946487890704,43.01850551161794,29.040513855697405,53.44165045452961
3930165,81fbfbfc-96cd-41e3-b52a-e57343d8074d,96,Ball Receipt*,14,47.949999999999996,11.475,10,43.35014309577176,58.58522172474637,15.235078628974605,23.082938527437367,28.88473862483282,25.06885048059785,29.786527029633408,4.687648104474844,2.1990568605077945,0.03500631272980925,12.992200243907089,0.9216638408429674,35.47797284252337,9,40.26935724430983,48.6200322960815,24.68174107457247,52.97797170059576
3930165,a0b2a062-6699-4ef9-837f-793d2f043a9f,96,Carry,14,47.949999999999996,11.475,10,43.35014309577176,58.58522172474637,15.235078628974605,23.082938527437367,28.88473862483282,25.06885048059785,29.786527029633408,4.687648104474844,2.1990568605077945,0.03500631272980925,12.992200243907089,0.9216638408429674,35.47797284252337,9,40.26935724430983,48.6200322960815,24.68174107457247,52.97797170059576
3930165,06c63e86-fefc-414d-9a13-bbd8c0d944a0,97,Foul Won,40,61.074999999999996,52.870000000000005,9,27.895043646280516,40.43567409286767,12.540630446587155,30.950948958758875,28.017437393501105,27.8554909128298,27.309792029703175,2.4183035021601875,5.549473212065092,3.191915874618104,13.147851663032133,0.21234786687107032,23.504765908295717,9,29.482541914446998,40.21144074072775,31.95205257406563,41.86115648033706
3930165,19b7eba2-4474-4c8e-a4c8-784605695b28,97,Carry,40,61.074999999999996,52.870000000000005,9,27.895043646280516,40.43567409286767,12.540630446587155,30.950948958758875,28.017437393501105,27.8554909128298,27.309792029703175,2.4183035021601875,5.549473212065092,3.191915874618104,13.147851663032133,0.21234786687107032,23.504765908295717,9,29.482541914446998,40.21144074072775,31.95205257406563,41.86115648033706
3930165,d1467649-4163-45ea-acf9-0bf5e309ad44,98,Ball Receipt*,7,18.6375,39.695,9,19.557499397423843,39.8142480508528,20.256748653428954,43.32551711531584,38.43077976891059,29.05879299873576,32.729920069683835,6.072645402697355,3.808098000977669,0.9228543494597616,10.486361145293301,9.4763208506748,2.548810924595812,11,11.00031733845256,21.762057959828457,44.91807109302893,30.648290244513248
3930165,baa53f05-2cc6-4f4d-aa63-ef225bb40793,98,Carry,7,18.6375,39.695,9,19.557499397423843,39.8142480508528,20.256748653428954,43.32551711531584,38.43077976891059,29.05879299873576,32.729920069683835,6.072645402697355,3.808098000977669,0.9228543494597616,10.486361145293301,9.4763208506748,2.548810924595812,11,11.00031733845256,21.762057959828457,44.91807109302893,30.648290244513248
3930165,4f7c3f72-0f54-4d73-8a5d-e22feaae4f03,98,Pass,9,23.0125,38.675,10,21.94994083056232,42.54498116125739,20.59504033069507,42.652929450448994,36.235934020541485,29.701065017271773,32.437607933699425,4.1618575477914055,4.126960025886944,0.5984509107572293,10.093543484784199,1.931692176169399,14.375324614772087,9,20.654399826226836,28.74450204034734,46.821890048077655,31.58798407607462
3930165,b0ebcf2e-d041-4764-9d04-2fe17521f16d,98,Ball Receipt*,10,38.5,48.705,9,27.854996261109438,50.198573264207354,22.343577003097916,36.26253613923548,37.96116821781331,18.019941824289994,30.961768764088497,6.393237504893943,2.624134388193273,2.7714271776650037,5.931597444751688,8.993400153356085,16.807882071471838,9,23.286194511707464,32.37135851881138,45.006002790227676,31.592132552462488
3930165,8cbdc5f7-4d1f-4483-8603-c413ba77d8c9,98,Carry,10,38.5,48.705,9,27.854996261109438,50.198573264207354,22.343577003097916,36.26253613923548,37.96116821781331,18.019941824289994,30.961768764088497,6.393237504893943,2.624134388193273,2.7714271776650037,5.931597444751688,8.993400153356085,16.807882071471838,9,23.286194511707464,32.37135851881138,45.006002790227676,31.592132552462488
