event_id,d1,n_near,n_block,n_def,presser_line,presser_x,ball_x,ball_y,back_line_x,mid_line_x,back_gap_max,back_width,highest_att_x,att_line_x,rel_back,rel_mid,excursion,committed,engaged
00010fcb-257b-4d21-b643-c030bf8752f9,9.979975448412498,0,1,8,back,64.90540662128402,68.425,22.185,58.755618710386024,46.41996246683552,8.276123089320023,26.40058611136925,72.46564059272497,67.90421647759032,9.669381289613973,22.005037533164476,6.149787910897992,False,False
0013c473-aad5-4068-9800-7605c3d379c7,3.9845097065647113,2,3,9,back,83.46290753807847,80.5,34.935,79.90253636959542,65.27728034954187,14.957347115852471,30.46183626845486,87.46330599743659,85.31926929654861,0.597463630404576,15.222719650458131,3.5603711684830444,True,False
006fd4a7-3531-46b2-abcd-6e95a8768d78,13.385438675132908,0,0,9,back,68.9413550903702,81.375,9.01,63.83868511132552,50.27800436060889,12.078085290808886,39.17108570883391,81.375,71.32445844083233,17.536314888674482,31.09699563939111,5.102669979044677,False,False
009328ee-7377-4168-b1da-135222461755,11.88595070987327,0,0,9,back,62.4381269484596,71.8375,14.62,58.03689672154794,47.61534275156158,13.626178867720515,33.600576209035,71.83749866485596,64.07783314398546,13.800603278452066,24.222157248438428,4.401230226911657,False,False
009c27b9-31c4-44ef-9817-22f1a84752ff,1.8808638137707188,3,3,9,back,72.52696787918481,73.0625,65.535,74.35283357858741,59.25729427462358,19.08600209122161,38.239498843564775,86.17989139434867,77.6074614739156,-1.2903335785874077,13.805205725376418,-1.8258656994025984,True,True
00a2ab16-04e7-47fe-bd2d-0b62493aae2b,6.573650779056086,0,1,9,back,69.04805036497572,74.9,7.055000000000001,69.05595311972027,50.26748512155018,21.884036615172107,39.88115945318215,74.89999866485596,73.12467533489925,5.844046880279734,24.632514878449825,-0.007902754744549156,False,False
00a6112a-348a-48a1-b9ee-d19596d5c1ce,0.9116600979708613,2,3,9,back,72.10696326934334,72.01249999999999,8.924999999999999,65.65448105982517,51.61503679881353,12.406980740679018,25.096834266089733,80.11280467666714,73.6338956174741,6.358018940174816,20.39746320118646,6.452482209518166,True,True
010965db-9f19-4633-8432-2e1152362977,6.7744811485085314,0,3,8,back,62.80362073245539,58.1,21.08,58.83229493366425,44.717820886266736,15.741538461646169,31.390907834825768,66.39898149798194,58.89423314444935,-0.7322949336642495,13.382179113733265,3.971325798791142,False,False
01126bd9-5b8b-429a-a08e-0068e3325f58,7.438505688421432,0,1,9,back,88.54129972880179,94.85,37.315,75.69352955042123,52.57925748538912,12.056522367468888,30.773997056039875,94.84999966621399,84.53362660671375,19.156470449578762,42.27074251461087,12.847770178380557,False,False
011710d3-260d-4109-8ea2-0bce76e2e511,11.794303903148537,0,0,9,back,73.9461052715233,81.8125,46.41,68.29017615618439,54.20896331827005,12.94687402892508,34.48674012871837,88.9953437217045,81.2609348807654,13.522323843815613,27.60353668172995,5.655929115338907,False,False
0133ac23-6745-483d-acd0-2d8d3f41cbf4,1.4818576959010066,1,2,9,back,62.30206511793554,61.25,14.364999999999998,60.46893976910674,45.562566858433435,10.819801346207411,38.77008840528599,72.35449401107918,67.91206196854482,0.7810602308932602,15.687433141566565,1.8331253488288013,True,True
01437bca-d86c-4930-ac78-63ba7294b05d,13.481324216060301,0,0,9,back,61.49706368519489,72.975,49.385,63.68189844791642,50.34920184250072,11.796240469373515,26.86652749373521,80.29932615204862,69.65699406039175,9.293101552083577,22.625798157499275,-2.184834762721529,False,False
018f0519-fb2d-4375-bd32-6ff4e7f7cc5c,5.120705498584342,0,1,9,back,65.97471617181915,70.6125,56.695,62.81468004398366,46.58153197142393,15.57099862649547,34.15836153195761,75.45112487147155,68.96604315964066,7.79781995601634,24.03096802857607,3.1600361278354967,False,False
01dbe020-8c90-410e-bb4b-4343c4b8c164,0.45124538477771997,2,2,9,back,61.87136925518502,62.3,6.12,59.69201918036026,46.925121609653104,12.975143411509972,29.153060985202057,76.03502661821443,69.89746571259926,2.607980819639735,15.374878390346893,2.179350074824761,True,True
01e34c8f-0abf-4cc1-b5d0-15bff02c8f83,3.517100255096298,2,2,9,back,63.327161898762995,60.2875,47.855,64.63219894516365,51.543347840710695,12.757697354695722,31.602906334175056,75.14032786133208,70.74856952113319,-4.34469894516365,8.744152159289307,-1.3050370464006562,True,False
020c9ae7-a69a-4e23-b8d5-2ab9214deac7,15.508123436558474,0,0,9,back,73.02330585199363,86.8875,35.275,64.54233970305305,50.76739117006362,10.100982032929608,25.82548702594641,86.88749933242798,76.52552797105515,22.345160296946958,36.120108829936385,8.480966148940581,False,False
02754459-29d0-4cab-aca2-4acfd3922a45,2.1785548944548605,1,4,9,mid,53.35000484280853,55.475,11.645,70.85617408365366,52.800080755882135,15.64464564575116,34.244112742556986,80.2296124001596,77.36832658475655,-15.381174083653654,2.6749192441178664,-17.506169240845125,True,True
0295f918-ef38-4395-aa3d-46fb438fc795,3.0500915837058837,2,2,8,back,62.31818943352905,64.75,1.53,67.56651033134744,51.16305760347537,16.095622202219843,38.1811829567374,80.93928839155862,72.34721771554476,-2.8165103313474447,13.586942396524627,-5.248320897818395,True,False
02c586e9-e589-46fc-ba21-a4ae10e750dc,1.2319370906947251,1,2,9,mid,54.89692347223351,55.475,6.715,72.4207882648545,54.55904764668327,13.132598300490674,32.87231610786254,77.58642102847335,69.96804120872281,-16.945788264854492,0.9159523533167331,-17.523864792620984,True,True
02fdcc28-e39a-4675-ba67-120ad8d1bc96,14.077887589456411,0,0,8,back,70.9882354321804,82.6,14.705,64.64584242123507,53.1008974996089,10.591752426007892,28.032449860151672,97.60152255762085,83.82175703969571,17.95415757876492,29.499102500391096,6.3423930109453295,False,False
02ff400b-73c8-4f10-ab93-5ee2a7c5ac19,6.762163644798717,0,2,9,back,69.8398108914746,66.4125,20.4,62.92543959255497,48.19261779856048,16.080183517640997,29.44881446000189,73.8166010633792,70.94833634472084,3.4870604074450213,18.219882201439518,6.914371298919626,False,False
03098e2d-d3c2-4d0c-b16c-6edd4a56f720,23.881935844635507,0,0,9,mid,62.65642027603896,38.85000000000001,31.11,70.26195396953568,61.93228970684041,17.595967017275974,27.97063309945546,72.16074234398057,67.68113360675807,-31.411953969535674,-23.0822897068404,-7.605533693496724,False,False
03283bd1-a7b0-4db7-ac97-13004ca653fc,4.773754734672804,1,4,9,back,55.90002741154551,60.2875,59.245,58.636110046106594,46.33810607604528,22.887525092862862,30.48473962704478,65.3003265675402,61.08756092302955,1.651389953893407,13.949393923954723,-2.736082634561086,True,False
03418041-bb03-42d0-9663-3104e5323a22,0.3452138366313263,2,5,9,mid,47.780239228622875,48.125,51.765,60.76080187172234,48.78495041595848,21.611652033846724,30.9041736411756,70.21028604110774,64.57546828434465,-12.635801871722343,-0.6599504159584768,-12.980562643099468,True,True
0359f125-bfda-4bca-a9db-4fa05a43634a,9.856908603099482,0,1,9,back,64.48111739121649,73.5,6.034999999999999,65.43810893742574,52.86254231837785,11.893188431754254,29.168264380171102,78.7442610596513,73.75304779355517,8.061891062574261,20.637457681622152,-0.9569915462092524,False,False
03a4e205-0ab0-4304-8489-dfb10b506442,3.0217406829880065,2,3,9,back,57.24679376653323,56.525,38.08,60.5551827586857,47.84968370489774,11.432711099145024,26.400099477950853,73.00729348420393,68.83019867359238,-4.030182758685704,8.675316295102256,-3.308388992152473,True,False
03b01d3e-493b-4ab1-a46c-686b9a479159,10.071737312164661,0,0,8,back,57.16886411163559,67.2,6.12,61.57191845473848,47.77888115167644,16.437013161335557,31.27645833529971,76.92156965609672,69.21775052449671,5.628081545261523,19.421118848323566,-4.4030543431028875,False,False
03b47c53-fe2d-471a-9c78-a931168cc153,9.505538276073002,0,1,9,back,76.12595649797008,81.9875,12.325,67.96400437918564,51.29443158793776,10.308656647140662,26.803445208192294,93.66922178003212,81.45189406159537,14.023495620814359,30.69306841206224,8.161952118784441,False,False
045fb2f7-032f-4974-9ee1-6637def1d69d,14.99655903553954,0,0,9,back,79.21944566135582,91.2625,46.07,72.24227100828254,50.85931537628911,13.741025980140732,44.98245429044086,94.10015770422474,89.09185129978556,19.02022899171746,40.40318462371089,6.977174653073277,False,False
046b2e1a-20de-4675-bedb-92020daa4962,1.8025578010770766,1,3,9,back,58.89146067922133,58.7125,48.025,67.50231450355615,50.356829424319955,14.575432202077655,33.27585549171911,82.66493667610348,75.37027580055772,-8.789814503556151,8.355670575680044,-8.610853824334818,True,True
047dcd97-ba00-464b-bf3f-e142faf3a0c6,0.8951456868363671,2,2,9,back,68.23769175056415,67.375,24.055,72.54528239266945,55.29598943090261,5.5471665681933775,13.675355039412638,79.1574031701963,76.59511938251933,-5.170282392669449,12.079010569097392,-4.307590642105296,True,True
04bbc443-d2ad-41cd-8532-ee8b939c24bd,2.7264150218800416,1,4,8,back,77.74009943887646,80.15,39.695,80.90783436721554,60.35523174182583,9.75123407128557,23.118536472112933,91.86617216683106,83.15055408458618,-0.757834367215537,19.794768258174173,-3.1677349283390868,True,True
04eb29f1-998a-4dcb-bb30-6e43568eb960,5.3555929919246745,0,2,9,back,76.73230373530555,80.85,45.135,77.66880244483248,54.11184828339297,9.889374378008842,25.207391412315967,90.0192250139597,83.97143515919161,3.1811975551675147,26.73815171660702,-0.9364987095269299,False,False
04ee9851-a9cd-413b-bd2f-a19c17d1e1c1,8.413390987307967,0,3,9,back,64.45550842443646,56.2625,20.995,63.30078550148998,49.23360355487395,13.644487372373725,37.71606515961174,77.14105137419249,67.56555239095594,-7.03828550148998,7.028896445126051,1.1547229229464762,False,False
04f724f6-6f20-4a60-9466-541b718b4d9c,3.108367905932711,3,4,9,back,76.03649094145193,78.8375,20.74,76.7471280212913,63.73315682472348,6.106411301422051,15.7965035552892,100.73768794780113,87.8912100240515,2.0903719787087027,15.104343175276526,-0.7106370798393726,True,False
04fc41e2-0cee-44b3-a6c6-0bb371babdb9,16.599283093752504,0,0,8,back,84.40453148014532,94.5,46.92,75.9777578685856,55.68742041519214,16.34317317139633,35.64674392093236,98.02095595113272,91.01687487917492,18.5222421314144,38.81257958480786,8.426773611559724,False,False
054a1dd8-063b-42da-97e2-29d73b0699fc,16.19408161942314,0,0,9,back,74.18807765767242,80.675,43.69,66.20070349354484,50.64170068965754,13.328322464458608,36.285954152745866,90.73315800770915,78.98224702516808,14.474296506455161,30.033299310342457,7.987374164127587,False,False
057165d4-122e-44b5-a287-b392824c0c98,2.9653268853161077,1,3,9,back,69.30844015520981,72.01249999999999,38.59,70.02626313777264,55.638706513867106,13.65938458045813,29.507934377753426,84.11086328876293,75.06345194839722,1.9862368622273436,16.373793486132882,-0.7178229825628364,True,True
058c36df-8479-4070-9549-d3cbce3644b3,2.182131582388415,1,2,9,mid,52.77237586711746,54.95,7.055000000000001,62.48614466925476,50.63350825970528,12.692724806444282,30.83201590224429,79.32720107124283,69.11961118122454,-7.53614466925476,4.3164917402947225,-9.713768802137302,True,True
05be0047-b165-4769-976e-a337c1429b27,1.8903016489119373,1,1,8,mid,55.95515250675665,55.9125,44.370000000000005,70.76645383033373,54.903510409967744,24.59933899180525,36.93479159093957,83.90375148044043,74.59059513298847,-14.85395383033373,1.0089895900322574,-14.811301323577084,True,True
06046e2c-dd68-4a9a-949b-51aba0233052,6.267246617200608,0,1,9,back,64.38590046203373,68.425,34.935,74.2061740381436,57.86106986771763,8.06114719478957,17.738882322960745,86.82610077001256,82.05102084677739,-5.781174038143604,10.563930132282366,-9.82027357610987,False,False
06122942-13c4-491e-94cd-1dc4239aa939,32.06527700493024,0,0,9,mid,59.39756927580435,45.2375,2.465,69.03763905086923,57.31709914083584,11.008537660838693,21.15618227612501,77.602558208906,69.38297046978393,-23.800139050869234,-12.079599140835846,-9.64006977506488,False,False
061fd2fe-6cde-4689-b244-d40624cbd036,3.1180261559722195,2,3,8,back,84.60744935267901,86.7125,13.005,88.67234144971496,76.61793022154343,10.863726589876098,35.610241998851315,101.08957804360993,92.41592728376911,-1.9598414497149577,10.094569778456574,-4.064892097035951,True,False
062d9263-d0f1-412f-8e4e-f21288228d7a,1.39552304766245,2,3,8,back,71.91963380610167,72.44999999999999,56.78,78.01908649617278,57.5585568940705,13.212691032012458,17.977423082488464,84.05187462277425,79.59339982550311,-5.569086496172787,14.89144310592949,-6.099452690071104,True,True
0654f4dc-0ee4-4ab6-8cbc-22636862db5b,11.915700279294567,0,0,9,back,68.62010491201578,74.9,16.32,65.53258997151917,48.74352872055839,10.67933489146786,22.82547015521116,94.24128373017538,83.43695824074102,9.367410028480833,26.156471279441618,3.087514940496604,False,False
06940589-2fc5-45b8-a352-4345a2855006,3.7338612228140318,1,2,9,back,57.21706282036362,55.5625,47.175,61.596015562344064,48.65748112336166,8.5454012571928,20.132832542769314,70.45936051153606,67.1675472250592,-6.033515562344064,6.905018876638337,-4.3789527419804415,True,False
06b6a7c9-391d-4168-a207-f06e96e4e094,0.9966734541121712,1,3,8,back,67.79454326231766,68.775,58.65,65.50326050230234,51.02651490627037,20.094984158301397,35.31724385454956,73.85205556388502,70.20044118838629,3.2717394976976664,17.748485093729634,2.2912827600153207,True,True
06c63e86-fefc-414d-9a13-bbd8c0d944a0,28.5494789725418,0,0,9,mid,70.53419793879667,43.925,52.870000000000005,77.10495635371947,64.56432590713233,13.147851663032132,27.8554909128298,81.49523409170428,75.517458085553,-33.179956353719476,-20.63932590713233,-6.570758414922807,False,False
06e14f0f-60f4-46c2-96f9-eea4e9ff8730,3.1080762451575135,2,2,8,back,66.4445131648582,68.25,21.93,63.62018989089711,50.77661850601876,9.36064247988531,27.16178127443688,76.56279727656694,71.85456292391797,4.629810109102891,17.473381493981243,2.8243232739610846,True,False
06f762e3-b9e8-4819-8957-07d019f8ac94,7.7349610366239965,0,1,9,back,72.0777488860401,73.76249999999999,57.375,72.11316051559649,54.49140996992119,7.231605616515196,21.84476659823331,88.17634233192089,80.3886858473003,1.649339484403498,19.271090030078796,-0.035411629556392654,False,False
06fbc093-29e3-4010-b5d2-d60daf867383,6.753463989436816,0,1,9,mid,57.58213431668784,60.6375,62.73,64.53168544302136,46.28506185796304,11.60476528377939,27.86347518665052,76.41637123846219,71.40929392662298,-3.8941854430213567,14.35243814203696,-6.9495511263335175,False,False
073c0a3b-569e-43cd-9995-bf0ddb639705,0.5212477408613638,1,2,9,mid,54.47136198657256,54.95,6.885,65.01124829620318,49.74564570215722,12.662072895071027,31.706123955713245,75.57790197815342,70.50745322160728,-10.061248296203175,5.204354297842784,-10.539886309630617,True,True
07a2613f-d2d8-4e5c-b626-ec0967ec17e1,4.626744502488738,1,5,9,back,54.74512211857683,50.1375,35.105,58.3831565083254,46.88840062823948,1.3109703631383098,3.3720567845808915,59.24232924971488,52.50424385781582,-8.245656508325396,3.249099371760522,-3.6380343897485687,True,False
07ce9e5c-d174-4d24-8ba9-0a72bc0227d1,8.974693811110352,0,1,8,back,53.86770164328535,62.7375,2.04,57.58427673891039,47.50338001072129,7.135146450010369,21.358892891568672,64.37343649243476,62.4923160835534,5.153223261089607,15.23411998927871,-3.716575095625039,False,False
07dbeb9f-2747-499d-91f9-280197aaf763,9.848769605791471,0,1,9,back,78.73935432574689,87.5,40.375,69.18311480670422,52.84056387326468,8.592769605354597,23.701283678150144,87.5,78.08662300942038,18.316885193295775,34.65943612673532,9.556239519042663,False,False
07dc4dbe-9669-41a3-82ce-7d4b673216de,8.226386216003071,0,1,9,back,58.22985227961828,55.825,66.55499999999999,63.04549001143534,47.85790228479607,24.098658947342077,38.87654061482233,73.17767112785728,67.85070941541109,-7.220490011435338,7.967097715203934,-4.815637731817063,False,False
07f53639-02f3-40cc-98ff-f3bdb8f475a0,2.842855945713735,1,3,9,back,63.62783457352434,65.7125,14.875,64.62799730855998,51.2114035622582,10.214733790966932,23.195545392519747,73.66540066574247,68.63779166442593,1.0845026914400222,14.501096437741808,-1.0001627350356443,True,True
07f64215-074e-4543-b81e-7f0818908ed7,0.5400960457433576,1,4,8,back,78.5061906667473,79.0125,48.705,83.20427057838506,60.34906507268613,7.945285305967062,21.20167878890864,103.04901632439316,92.95401116584685,-4.191770578385061,18.663434927313872,-4.6980799116377625,True,True
08572191-c670-4af8-af91-c1ea26c87451,2.862131778579231,1,1,9,mid,53.389653577861026,55.3875,14.195,76.1443034057651,56.389674899781824,17.120153795962455,36.59715039370372,85.11715529433437,81.91810943483074,-20.756803405765098,-1.0021748997818207,-22.754649827904075,True,True
087d1f8d-d83e-47c9-a15e-ac9c9140e972,14.4992473477147,0,0,9,back,65.98266706747245,74.9875,60.265,60.70025060862637,50.89782263970338,7.982513325841673,20.283135906807665,87.77086243548155,76.88448006634474,14.287249391373628,24.08967736029662,5.282416458846079,False,False
08a863e4-ba27-42c8-9e31-976a7aa6c27f,1.0738814000100667,1,3,8,mid,68.08413977866293,69.125,7.225,76.99822199026256,60.23299622654938,18.6616718758348,40.968442546741365,89.94639987281462,83.34642195289955,-7.873221990262564,8.892003773450618,-8.914082211599634,True,True
08c1733e-cb33-4a0f-a0f6-9543b67b35e8,0.4660301203183159,2,3,8,mid,56.454763877637625,56.175,54.315,69.87406191797837,55.77487921578891,11.244453203202603,26.55255527730599,85.51382171982992,81.4371726769545,-13.69906191797837,0.4001207842110901,-13.419298040340742,True,True
08c9aacd-1f56-4547-b5be-3674fc47195a,0.9956799904158025,1,1,9,back,55.05702913027242,55.65,8.5,59.23527896576665,44.930551490402,16.84390148955673,36.84505838700636,68.74700499986498,66.3841410445359,-3.585278965766655,10.719448509597996,-4.178249835494235,True,True
08cfaa03-da77-4729-8171-c65b3764fbe6,8.299244102258504,0,3,9,back,60.20140026626616,68.3375,40.035,61.019192361387795,46.756561571333194,11.114011532007744,27.37990640820969,81.3766923090891,72.09197223141143,7.318307638612211,21.580938428666812,-0.8177920951216322,False,False
08d401af-3416-46b1-905b-24c2a6ffb07d,3.398242183531103,1,4,9,back,65.22105455305697,68.6,35.105,68.99309828250338,50.08793812894412,10.88010659596292,23.28070754403362,79.43696153953084,73.45791742606963,-0.39309828250338796,18.512061871055877,-3.772043729446409,True,False
08f05aa1-4131-4bb8-b810-362496ad5fb7,12.823432785470334,0,0,8,back,75.20731390792676,88.025,21.335,71.86212658618419,56.50409548592777,9.479180089620645,27.254082621836304,88.02500033378601,79.63927412996262,16.162873413815817,31.520904514072235,3.3451873217425714,False,False
08ff3357-93dd-4cca-a09b-f707b2d228f6,8.357233309821698,0,1,9,back,68.7026823645389,71.925,14.195,62.088828021644,47.217276345989376,11.475043819769713,35.13502881235674,77.05496633286185,70.62413924430317,9.836171978355999,24.70772365401062,6.6138543428949035,False,False
092d8622-e1ac-4066-8620-31f113028e0a,25.102313196665257,0,0,9,mid,61.24121651562572,39.6375,44.370000000000005,77.22720213469348,61.96574637282754,18.8084420345994,41.714007263131066,84.42495018995105,82.61271981418122,-37.58970213469348,-22.328246372827536,-15.985985619067762,False,False
0937698f-ca76-4bc8-a656-241a4eb1ce21,11.02569911717847,0,0,9,back,68.0818826168052,79.1,12.92,62.640189499633735,45.51881521057422,11.604359435933876,28.26679091517027,79.09999966621399,65.36854133841794,16.45981050036626,33.58118478942578,5.441693117171468,False,False
093c68fd-63ac-457e-a615-72be12b734e2,17.484583211012517,0,0,9,back,57.75389000772814,74.725,57.290000000000006,64.04396474072223,53.13804015692458,10.023507173092227,32.59215702244073,87.7325474303627,76.25035723918273,10.681035259277763,21.586959843075412,-6.290074732994093,False,False
094bb59a-8765-4d40-b130-43a401902a9d,2.1173257138805286,1,2,9,mid,68.8285958841272,69.9125,61.88,78.71147861184956,56.27173891043778,18.92162443529277,47.44282294502579,91.23118604214328,86.54026799535367,-8.798978611849563,13.640761089562211,-9.882882727722361,True,True
0971511c-226d-441d-8f9e-834265a31fd4,3.015665574611051,1,2,8,mid,54.3593163362073,55.3875,49.045,68.77946385283863,51.67003473678209,11.255465023951132,22.216306799920236,82.65504008210532,75.97796184304516,-13.391963852838629,3.7174652632179104,-14.420147516631332,True,False
09a42539-3664-46c0-9a99-125f89129e8b,4.477697943778741,1,1,9,back,71.28880983910051,75.6,12.155,59.91781943659347,44.42595758118088,14.612697320266268,25.774508187693897,75.60000133514404,65.59542339073651,15.682180563406526,31.174042418819113,11.37099040250704,True,False
09a4a03a-1f6e-4151-8aa4-87b0ecd3d1f2,1.390001253863225,2,2,9,mid,55.89481531445311,55.825,45.56,69.78083093932814,51.55806264956746,15.342898490460044,37.37832001569194,85.25542694188832,76.60910360328508,-13.955830939328138,4.266937350432542,-13.886015624875029,True,True
09f5d7e9-4d19-4930-a0f9-808d72b4c524,5.423831752052116,0,1,9,back,65.84719998556265,69.125,64.42999999999999,66.01960335864908,51.67098507342766,10.755610810635453,20.455828368212124,77.63517231376437,67.66923263826048,3.1053966413509215,17.45401492657234,-0.17240337308642495,False,False
09f944ba-bda1-4f2f-a1b1-9e508760ffd6,1.8808638137707188,3,3,9,back,72.52696787918481,73.0625,65.535,74.35283357858741,59.25729427462358,19.08600209122161,38.239498843564775,86.17989139434867,77.6074614739156,-1.2903335785874077,13.805205725376418,-1.8258656994025984,True,True
0a1aab91-c29c-4d54-9ea5-9da60246bd3b,3.134265196349434,2,4,8,mid,84.68822710249114,86.0125,14.62,88.82243915473109,76.17386337868152,8.777082678961719,26.083462977236227,90.76600769219813,90.31004349589355,-2.809939154731083,9.838636621318486,-4.1342120522399455,True,False
0a4e38f3-9cd2-45b9-9db9-2ff54fd85880,4.062130869292907,1,2,9,back,75.47008697183018,73.32499999999999,23.885,70.80692957537885,54.36376524205791,11.140022039368702,22.985578469916724,81.78596649671366,74.8244956693345,2.5180704246211434,18.96123475794208,4.663157396451339,True,False
0a7605cb-836c-4bd8-aa46-7e7e7117393b,1.6838912901293512,2,3,9,mid,50.55106739852292,48.91250000000001,49.895,62.441281777998846,47.1239964446921,24.529742897823432,35.910946571035176,72.95521944260963,66.94159037455616,-13.528781777998837,1.788503555307912,-11.890214379475928,True,True
0aa1cde1-1b60-4852-a44b-3636049609b1,7.698282224548077,0,1,8,back,60.33119861364217,65.0125,18.87,58.05442948830539,48.47231507947862,11.658693672663404,27.39908152067738,80.8345090621765,72.68205515169836,6.958070511694615,16.540184920521384,2.2767691253367843,False,False
0afe3203-47aa-47bd-a760-dcd4f82a6a3c,1.1130533100908728,1,1,9,back,80.45399855551247,80.9375,24.905,71.55201455012929,52.595016570784146,19.85768583609685,36.95538376537762,80.9375,75.73773164058504,9.385485449870714,28.342483429215854,8.901984005383184,True,True
0b00bf61-cdba-4907-99ed-646f6fcd0606,0.8812349908072249,1,3,9,back,61.98710255067061,62.825,45.645,63.43282609870507,49.18755585959132,12.778654386156596,35.548628668783074,77.94057900681116,73.13233966115648,-0.6078260987050683,13.637444140408682,-1.445723548034458,True,True
0b0a51cf-0802-4ba7-a471-c5264ce41045,1.4744159503912935,1,3,9,mid,56.58635364199546,56.35,23.035,64.54984251174234,52.87404630861303,12.402971456978442,26.157617101988237,75.95172677610793,71.34773368859987,-8.19984251174234,3.4759536913869695,-7.963488869746882,True,True
0b1fe559-856c-4fb9-b2b9-828ba3e91a0b,11.02569911717847,0,0,9,back,68.0818826168052,79.1,12.92,62.640189499633735,45.51881521057422,11.604359435933876,28.26679091517027,79.09999966621399,65.36854133841794,16.45981050036626,33.58118478942578,5.441693117171468,False,False
0b3927e6-fab0-4062-b0a1-8664ee4ee4e2,9.861146525565855,0,1,9,back,61.01899446176416,69.38749999999999,10.37,63.949438913028054,46.74219217656571,13.877325769592712,26.790117221277065,74.0531085664692,70.7714643798828,5.438061086971935,22.64530782343428,-2.930444451263895,False,False
0b544cf8-7d69-476c-ba6b-c4b8ce88a7eb,7.574887877045052,0,2,9,back,67.45038636705405,66.7625,65.45,62.75557381586064,47.79444879561656,15.121427586351778,34.47144580089242,75.43958575274715,69.9568772693185,4.00692618413936,18.968051204383443,4.694812551193408,False,False
0b5666d4-251d-45a6-8369-b024ccdf44f6,10.193126512513045,0,0,9,back,70.26448951401746,80.4125,13.26,64.20926371261581,54.26082838388969,15.631527563309437,34.69068447733779,80.41249966621399,71.91347578238363,16.203236287384186,26.151671616110306,6.055225801401647,False,False
0b740c7a-5228-4b4e-8ef5-60c43129a48d,0.39494199134973634,1,3,9,mid,46.94511758398845,47.33749999999999,37.06,77.40312172665679,49.31772374614431,10.809806299414646,33.3386883123311,81.3483444025236,78.46037080992932,-30.0656217266568,-1.9802237461443184,-30.458004142668344,True,True
0b75f2c0-7c34-4800-af04-afc5a8382879,13.99679913298017,0,0,8,back,88.2945266292576,98.4375,28.39,78.23651062372947,59.47664328288774,13.713443715026916,28.776874787477617,98.4375,88.81732331004122,20.200989376270527,38.96085671711226,10.058016005528131,False,False
0b8a0dbb-ae2f-4ac3-a826-23949122f89e,4.669750228673632,1,3,9,back,59.92644590856993,63.6125,28.39,67.23201317037348,51.50791786798801,7.447744538364965,17.778333490431894,84.20291819156681,78.81481708013551,-3.61951317037348,12.104582132011984,-7.305567261803546,True,False
0b958653-790d-4120-be0c-1885570129f2,7.967738667439553,0,3,9,back,65.89384278064149,61.6,65.705,61.02447506018295,50.1814815534585,15.048701102753512,40.07946325300294,81.99874262466649,67.7717072904918,0.5755249398170506,11.418518446541505,4.869367720458541,False,False
0bcf72ff-067b-4b5a-ae03-916af744c29c,2.9239979829308362,1,3,9,back,65.59075716968516,68.425,19.72,68.76726608065924,53.98122009475562,29.192096067829954,39.45418403173296,77.51908601405944,73.28576057897814,-0.34226608065924324,14.443779905244376,-3.1765089109740785,True,True
0bd0f05d-ad87-4dbb-b868-d819c9d3491f,2.842855945713735,1,3,9,back,63.62783457352434,65.7125,14.875,64.62799730855998,51.2114035622582,10.214733790966932,23.195545392519747,73.66540066574247,68.63779166442593,1.0845026914400222,14.501096437741808,-1.0001627350356443,True,True
0bdcfb36-5362-4652-97b1-15d4be2d4ba0,11.575935737903437,0,0,8,back,63.19917002832156,73.32499999999999,16.064999999999998,61.392744079180474,46.20209659286021,12.031635298201872,29.257813485111612,85.86448768029476,74.53630553975941,11.932255920819514,27.12290340713978,1.8064259491410866,False,False
0bdfd021-9699-42a3-9ef7-c5269c5f8c72,1.2515640844943956,1,1,9,back,63.342804449702385,64.575,5.185,60.533581603541414,47.479440933750155,12.34670206364467,30.33014191282054,75.14535972072676,66.82758977047602,4.041418396458589,17.095559066249848,2.8092228461609707,True,True
0bebca3e-0ae1-4d45-b3a7-e2ad9523cb1d,7.1110344773610725,0,1,9,back,75.01930789194424,81.725,48.195,70.4572991465268,53.1871728607788,12.443749807717566,30.18764329955857,82.79246247277888,77.8707353563678,11.267700853473201,28.537827139221193,4.562008745417444,False,False
0bfc79dd-94a7-42fa-951e-5d7c2a3d085a,5.38461368288154,0,1,9,back,88.50016807763993,91.35,30.175,73.49186026664687,51.79162886990884,9.71981531934696,26.79973457548408,91.34999966621399,85.40145423108682,17.858139733353127,39.55837113009115,15.00830781099306,False,False
0c10d7d9-04dc-4b96-9471-873568191936,4.346344086556245,1,4,9,mid,55.62391430276464,56.9625,38.335,64.33436473305309,50.8561643100401,8.255159875744631,23.816903505761356,65.02878035800092,60.92392224366216,-7.371864733053094,6.106335689959899,-8.710450430288454,True,False
0c12c9f1-c2f9-4662-af2f-2c02f54378d4,18.006769436819418,0,0,8,back,69.01844900568022,86.625,25.755,65.8529904234656,56.748455447622206,12.918292169638509,37.08659907147832,86.625,79.88073239185697,20.7720095765344,29.876544552377794,3.165458582214626,False,False
0c170c47-dfe3-4b97-bfec-944f3faaa722,1.4589973165110783,3,5,9,back,54.90011539641549,56.2625,54.4,59.75944558649749,48.78828156565795,5.467929732892337,10.764355239770303,71.71423977345367,67.18504506257932,-3.496945586497489,7.474218434342056,-4.859330190082005,True,True
0c1e670e-9b82-4d6e-a3c7-3ac0c88f463d,3.700285979550992,1,1,8,back,58.37094378007681,61.25,65.28,65.41798575071195,48.54524049520793,12.565038858689212,36.99198229506714,77.26649858176184,73.21732672835417,-4.167985750711949,12.704759504792072,-7.047041970635142,True,False
0c250054-273f-4284-bc5d-3cd45f34d675,1.689577933017165,1,1,9,back,58.18508954476182,59.675,61.540000000000006,61.64855590936133,44.26153122687802,15.028215134703522,38.492932306284224,68.3949197998981,63.01572276776675,-1.9735559093613304,15.413468773121977,-3.4634663645995047,True,True
0c2ec245-75c1-4af2-a619-cc49005774aa,3.312145964195076,1,3,8,mid,72.65388520631129,75.94999999999999,4.335,85.72803020624559,67.80369689874121,14.13294119942608,29.77811545902554,103.32832689499575,92.74241424605147,-9.778030206245603,8.14630310125878,-13.074144999934305,True,False
0c357ffd-a1d7-458a-b4dc-05eb8a68cbaa,4.561012174694422,1,2,8,back,82.1149061894881,82.425,49.64,77.88026330209877,63.830338533060306,11.875928481628542,32.6708990191222,88.91531783563676,82.89527439488194,4.544736697901229,18.59466146693969,4.234642887389327,True,False
0c3a6086-2920-4596-82ba-530bd063396a,1.1145680942580771,1,3,8,back,54.51747956693649,54.8625,56.78,59.15440363849227,46.66645494403095,16.151381073227306,44.26667582842458,82.34707207896534,70.510368999007,-4.291903638492272,8.196045055969044,-4.636924071555782,True,True
0c3bc7b4-1735-4ccb-b712-a726e7a2ee14,14.12688951388089,0,0,9,back,79.64645805751685,79.1875,45.56,63.39614445216448,45.761434860885856,11.395566239851243,34.30445421973201,94.68575661588378,81.74742908338266,15.791355547835522,33.426065139114144,16.250313605352375,False,False
0c46b3ee-9e33-4910-810b-a649d0fc27c7,1.9029814431121466,1,2,9,back,70.13779881464333,72.01249999999999,38.59,67.95716417649416,53.81920287698997,14.40007434945842,28.9984192758176,81.39451548916233,73.31521392596429,4.055335823505828,18.19329712301002,2.180634638149172,True,True
0c50c04d-02f3-43ce-9b63-73ded2d0667f,2.5460014462482374,1,3,9,back,65.01159146704569,67.4625,55.335,63.87650907703092,47.9789001243853,24.3448665901884,36.54767153979607,74.6815853469204,68.51309731262549,3.5859909229690885,19.483599875614708,1.135082390014773,True,True
0c591619-c52b-450b-b190-1bcb9791547f,10.021405316200946,0,0,9,back,63.5131547701765,55.9125,46.495000000000005,62.41320706835276,49.89537797341371,11.01454226265206,32.29391621985836,63.59268960409152,56.220511692336345,-6.50070706835276,6.017122026586293,1.0999477018237371,False,False
0c660414-d6e0-4557-b10e-08ef055bc23b,5.509270474231119,0,3,9,mid,73.2809731637729,67.8125,19.295,83.21646687131438,67.92663000681259,16.581146805962184,41.39039135639875,90.4645487310852,87.58261411084212,-15.403966871314381,-0.11413000681258723,-9.935493707541482,False,False
0c806f47-5458-4a19-975f-6ac5c3be4c0e,15.221094592078776,0,0,8,back,88.01240680028796,97.0375,26.86,77.19708393901485,57.75564200219028,12.17042465178614,24.178856320274505,97.03749966621399,88.29606190551542,19.84041606098515,39.281857997809716,10.815322861273117,False,False
0d35afa3-4832-4764-8dc8-f33da2ecbb81,3.04394076313919,1,1,8,back,82.42738498536725,85.4,17.68,73.05439866482459,54.30110861616985,13.564668468112156,32.364256723086484,85.40000033378601,77.67984370947944,12.345601335175417,31.098891383830157,9.372986320542665,True,False
0d61bc56-d48a-4114-bf6c-1456cc9ada7c,2.9413682639859173,2,2,8,mid,58.24126643001991,60.2875,51.935,73.28852899842724,56.34620611523254,15.707936091020184,34.37512490329098,84.8384275784424,75.25956397164171,-13.001028998427238,3.941293884767461,-15.047262568407326,True,True
0d7d5c77-6268-44fe-89fa-54ac1f11429c,9.9120414639302,0,1,9,back,61.81213937829656,61.6,1.19,62.40440361995095,50.84267100371794,15.225896580910298,26.39851756106699,77.37810909200155,71.34195927334827,-0.8044036199509463,10.757328996282062,-0.5922642416543908,False,False
0dae2cd4-e9c3-45f0-98ec-98be67e3458f,8.357233309821698,0,1,9,back,68.7026823645389,71.925,14.195,62.088828021644,47.217276345989376,11.475043819769713,35.13502881235674,77.05496633286185,70.62413924430317,9.836171978355999,24.70772365401062,6.6138543428949035,False,False
0db6a6e6-50b7-416e-83c1-ec4c609fbfaf,8.089066007127405,0,1,9,back,61.444864844559945,67.9875,61.455,63.27106462350811,49.38110304794877,12.775558888479935,35.27928245911461,82.36191137377114,71.7951915792835,4.716435376491887,18.606396952051227,-1.8261997789481654,False,False
0dce4a33-4224-4012-a09b-ccf410237a47,1.0689230713811024,1,3,9,mid,52.156645687828195,53.2,15.64,71.82156550172888,54.76849486525674,8.620553985839585,26.58185940841958,81.2121263665972,75.45894708258649,-18.62156550172888,-1.5684948652567385,-19.66491981390069,True,True
0dd6e017-e27e-4fe9-b3c1-7c9546b61967,18.93539358607383,0,0,9,back,56.41579593916776,74.9,27.625,62.28186592605475,47.4798534001528,14.528563503112672,21.058401599656484,78.17684416690884,73.0047326840528,12.618134073945257,27.420146599847207,-5.866069986886991,False,False
0e118574-94d7-4903-b200-1593ffffb9f6,8.143425184616422,0,2,8,back,82.67002765343494,86.1875,42.5,77.78061822505396,63.6163166298809,12.347316269959933,32.11654469385443,92.10121048784697,87.31080476664548,8.406881774946044,22.5711833701191,4.889409428380986,False,False
0e1e7105-c658-421c-8e97-55873815ce83,3.3305597226298755,1,2,9,mid,60.000360421971465,60.9,37.485,68.6723374202127,51.26171747752471,14.73843287416458,36.470239702620624,86.83006492258622,77.82975750800433,-7.7723374202127005,9.638282522475286,-8.671976998241234,True,False
0e260361-f860-4f60-badc-89603bfe260f,9.371674503389976,0,1,9,back,69.22579112552695,73.675,50.32,63.00296208447678,47.00921781340024,11.61799664393876,32.77822153160561,81.66565646845032,75.87399349683204,10.67203791552322,26.665782186599756,6.222829041050176,False,False
0e2ef84b-58b1-4875-a178-f7284d944df8,6.320828524155493,0,1,8,back,67.38472263340671,73.5875,32.725,67.141837837,54.96464087562799,9.188392558583292,20.35782850040238,79.6140085383995,74.13018325547628,6.445662163000009,18.622859124372013,0.24288479640671312,False,False
0e714723-f8ad-4ea6-a602-08a5dc2c4fee,11.907947443655361,0,0,9,back,86.61891187319179,88.9875,43.86,73.8701018989859,55.47213540659753,14.686849504323604,38.20612652996043,97.56835533497502,86.22153819346822,15.117398101014103,33.51536459340247,12.748809974205898,False,False
0e96349f-c908-46fb-9306-3b917f651748,1.1546829775198926,1,2,9,back,60.18574671588642,61.075,1.53,60.9592933675411,47.49339116877868,15.399038227321464,31.735370093746173,61.07499933242798,55.80378269373893,0.11570663245890245,13.581608831221324,-0.7735466516546836,True,True
0ea695ff-ff3e-471f-8cfd-06e3e7111b83,10.829289500090061,0,0,8,back,81.88766092519381,85.925,66.3,86.0678713971171,71.04620399567418,10.343675905316736,14.8935794499846,97.3109214266164,89.81158995608608,-0.14287139711710495,14.878796004325821,-4.180210471923289,False,False
0eace9ae-f0d6-4759-b514-f11c69458f2e,6.371963701261372,0,2,8,back,70.34865773917551,72.3625,28.73,62.0254099212743,53.6360285253806,10.66690883366287,30.954126696919403,78.3497738675419,75.34211485656917,10.337090078725694,18.726471474619395,8.323247817901205,False,False
0ef73317-5aba-4855-8561-fbf42a6f0b70,1.8028149133131324,1,1,8,mid,45.12213616423128,46.72500000000001,53.295,58.5439424998927,43.13785681277796,14.171079424246004,43.46615561758176,71.25081170073778,62.68481053832715,-11.818942499892692,3.587143187222047,-13.421806335661422,True,True
0f2c4f2f-90f1-4a5d-bd98-4e6e8dabb959,0.9105411992025763,1,3,9,back,58.71238359553032,59.5,51.17,61.987392964290265,47.62991145397427,13.04127494026016,28.598323033036863,74.9630758940173,70.73983548943107,-2.4873929642902652,11.870088546025727,-3.275009368759946,True,True
0f45faf6-2f3e-41ab-9608-c4bb7654ffb7,1.167904267957264,2,4,9,back,61.62404892671058,61.5125,6.545,61.957453614916105,45.96444438468489,6.636561838870181,9.711488870837131,69.36495383037598,63.86480808258368,-0.44495361491610197,15.548055615315114,-0.33340468820552616,True,True
0f85455e-9a31-4f95-8b2c-cacc3eb13654,0.9096683754814046,2,3,9,back,74.44302235271056,74.9875,0.935,75.14242077911473,61.29349591186675,14.124378343403189,24.325716380553303,83.57028074540055,80.7464730994186,-0.15492077911473245,13.694004088133248,-0.6993984264041728,True,True
0f9b1168-4a68-4f17-aff9-8fa3c3581ff8,12.390621106314336,0,0,9,back,66.93144563782457,77.9625,43.69,64.34438484512029,52.57540699705766,12.314113625711803,30.79235212477686,86.70266518564182,80.37696418058925,13.618115154879717,25.387093002942343,2.5870607927042784,False,False
0f9dab8e-6650-4238-9103-a6aacc94caa2,9.370770334219902,0,1,9,back,74.47154456474736,69.0375,53.38,74.27533153690909,55.884592637212755,7.348591062622937,16.88715549976901,82.92215692075852,77.68216856295486,-5.237831536909098,13.15290736278724,0.19621302783826877,False,False
0fa8ef97-d3b7-4beb-a907-eb4139caf4e6,5.709346763617118,0,2,9,back,62.38410325039342,67.9,62.05,61.261946831514635,46.399472370650855,13.36593058522702,32.455418662540296,67.89999866485596,61.41208695660504,6.638053168485371,21.50052762934915,1.122156418878788,False,False
0fcf4dda-3c0f-43f3-807b-3f61557addeb,3.056852156004511,2,3,9,back,59.94460781108773,63.0,16.405,60.38756218580291,48.48284794423698,7.866100419280052,18.705725424175863,75.08349511553126,68.4103364563382,2.6124378141970865,14.51715205576302,-0.4429543747151854,True,False
0fd5a5fb-2c4e-4382-b145-e8dd9c0d50cd,11.586618270903134,0,0,8,back,73.42620913492053,68.775,60.35,76.82448793215985,55.38508297593548,6.341695356133897,17.75916033811711,79.29871079674479,74.96177033666704,-8.049487932159849,13.389917024064523,-3.3982787972393282,False,False
0fdd40d6-f98b-4466-b266-f6666b3fea22,4.099902164041459,1,2,9,back,79.23063638565465,76.0375,37.485,75.88390203463366,58.849057743541834,7.328507290821406,20.18828151873526,86.4834632835662,83.09540400374652,0.1535979653663304,17.18844225645816,3.3467343510209844,True,False
100e6c6a-bda6-4b9d-ae4f-27bbb4672da3,8.089265031602826,0,1,9,back,78.88690228377426,86.975,26.69,75.05148712840221,54.96635010757995,11.097520206804075,29.441640785328183,86.97499966621399,79.78810581004808,11.92351287159778,32.008649892420046,3.835415155372047,False,False
100feae9-2d5e-48a4-a6ba-00a2aac66b33,1.4446638842869122,2,3,9,back,67.4541205671758,68.6,59.925,60.58403724140403,46.471308954723575,8.684860384142887,21.346040472056508,68.6418913427393,65.68987284839976,8.015962758595961,22.12869104527642,6.870083325771773,True,True
101374ff-bffd-47ea-80a8-2599c5688b60,11.137731517415073,0,0,9,back,66.34194233834735,73.5,24.31,60.388676231749315,47.72423669393277,7.63222016318749,19.4207117548982,74.2395783861024,68.07160969836178,13.111323768250685,25.775763306067233,5.953266106598036,False,False
106555d2-1401-4c87-85f6-3f07c2cadaa1,15.009990968927783,0,0,9,back,85.40623731573945,97.9125,34.0,75.53183930925161,55.93260254323893,10.277403447044556,28.650647053173344,97.91249966621399,89.49298185485193,22.380660690748385,41.979897456761066,9.874398006487837,False,False
10944277-83f1-4e65-b341-7393c908653c,7.648039165556445,0,1,9,back,73.64716006545152,70.0,1.87,69.9453010679166,52.5894461754782,14.812241758542529,39.06070271983731,86.59351426802115,81.74972637743541,0.05469893208339727,17.4105538245218,3.701858997534913,False,False
109af635-8059-4749-bce2-934e7a0c6ccf,5.6549701756916795,0,1,9,back,72.07735028664209,72.5375,3.995,71.63526132373505,52.96544954705248,11.764565545616096,39.83930378528916,85.48458444644285,81.04820228693603,0.9022386762649433,19.572050452947515,0.4420889629070359,False,False
109bc327-67a3-4665-ae1f-326cbd459fe3,26.4289886908916,0,0,8,back,63.51966446256836,44.8,13.345,65.10938209035703,51.68925610387168,16.58369232854467,32.40639739541358,68.86170517096889,61.53281575120329,-20.309382090357033,-6.889256103871681,-1.5897176277886729,False,False
10ef120d-7951-444d-9ea6-0a52b2f23d9b,2.3394285217210404,1,2,9,back,61.97232095558013,64.225,17.849999999999998,67.54302459604905,50.06224767580928,11.30039561085389,22.88870701920508,77.61056860237167,73.36020032250991,-3.3180245960490566,14.162752324190713,-5.5707036404689205,True,True
11130b15-61eb-4f2d-bdea-5cfad0ecf585,10.57136774387327,0,0,9,back,74.71954620613667,85.05,15.385000000000002,71.55456664885187,54.586437798367314,13.26882519083663,31.47754571208223,85.78417510453235,79.0275431361458,13.495433351148122,30.463562201632683,3.164979557284795,False,False
1130422e-24c4-4735-a84d-be9ec3d8beea,6.9656017489776145,0,1,9,back,66.44959275696638,73.4125,60.435,60.46456101636089,51.77883154630369,17.46944861444296,34.448578617549934,78.58333258106104,72.01259582294145,12.947938983639105,21.633668453696302,5.985031740605493,False,False
113125d1-1a15-4381-9edc-c8dc9cd91a3d,3.209951524054548,1,2,9,back,58.334004620622025,55.475,16.744999999999997,62.78132346991136,43.849358309917115,13.7449029515158,34.67738106673194,69.71429728556292,67.04879374715583,-7.306323469911355,11.625641690082887,-4.447318849289331,True,False
1143a3d0-1f13-4c2a-85af-42c97aa58459,7.86606128980316,0,1,9,back,70.68983053477879,78.3125,30.26,62.05381013695516,46.73571989355457,9.343855395549705,20.77224979284536,78.3125,73.06713039792989,16.258689863044843,31.576780106445433,8.636020397823636,False,False
11806573-3ff5-413a-8862-1aa92b388e4b,5.008035892748251,0,1,9,back,65.65775169020475,67.55,7.649999999999999,62.62788448062483,45.2619934748718,8.338363080955473,22.169108158121038,74.26581847755436,70.00233366524151,4.9221155193751684,22.288006525128196,3.029867209579919,False,False
119fe01b-8ca0-4674-bee6-bfcd9e6ff763,1.2874787467832625,2,2,9,mid,56.85380192019771,56.175,45.985,70.22837515270808,52.25370711717113,16.234829018818548,36.75424142712136,85.25471917016142,76.96004778639465,-14.053375152708085,3.9212928828288653,-13.374573232510372,True,True
11a4be87-20bd-406d-8351-536c5015ac5e,4.988827484714962,1,1,9,back,51.16486220480776,55.3,63.665000000000006,59.384069972337784,44.43275924404688,10.995368234045609,25.380375214910774,71.03267602286485,64.72881327385997,-4.084069972337787,10.86724075595312,-8.219207767530023,True,False
11a7e43c-5eb3-4fb6-af59-db2ad1671949,3.791874418716172,2,4,9,back,62.641999011340985,63.4375,52.7,61.9632712108671,47.76760246989614,7.356969011341214,14.931093293991305,70.76237609679325,66.97985440689203,1.4742287891329013,15.66989753010386,0.6787278004738866,True,False
11bc5ead-7497-4562-a6a0-e00473ad55a2,6.103524740999056,0,3,8,mid,50.22245726281232,55.9125,56.1,65.61590361057952,50.19706460693083,18.510397895264983,35.69833432802122,78.0953089213524,68.72252295484094,-9.703403610579521,5.715435393069171,-15.393446347767203,False,False
11d0fb61-8779-4c04-8520-eb3a728ba9c0,7.000886094985004,0,2,9,back,67.34172701393804,63.0875,51.935,73.65413622937837,53.67124234817032,8.83570741178707,22.468292812192644,78.68312741585224,75.39799796364967,-10.566636229378368,9.416257651829682,-6.312409215440326,False,False
11df7150-2a70-4b02-8f27-52cfe505c577,16.311721697446572,0,0,9,back,68.02658349771727,82.25,31.79,62.06917902913656,49.72854702434289,10.984022690217603,30.167704647613103,82.25,74.23630196631018,20.180820970863437,32.52145297565711,5.957404468580705,False,False
11dfc300-72db-40c8-bafd-7beca0847a58,11.613853717688865,0,0,9,back,88.64128943212228,95.55,36.38,75.02863092735663,53.259370594691326,12.698680505056371,36.34997567394093,95.549999833107,85.14854919726507,20.521369072643367,42.29062940530867,13.612658504765648,False,False
12053694-2ea3-4c9c-b22a-ed2e8c7fcf81,1.612559514191525,1,1,9,back,78.40309857943834,79.7125,21.505,67.83746467147981,49.09553753076597,16.58084622011159,36.20603349760212,79.71250033378601,74.499149732015,11.875035328520198,30.61696246923404,10.565633907958528,True,True
12067181-0eca-4a59-8553-308ea04bb2ba,4.455908047492933,1,2,8,back,70.39693805097001,72.3625,1.785,72.12244934312588,55.28845028261156,13.921084319142835,23.212557390806506,79.8287303811184,75.57797972166088,0.24005065687411786,17.07404971738844,-1.725511292155872,True,False
1279efc1-ee47-408e-8d10-d54bc4d30659,6.065495089273914,0,2,9,back,61.66910773027833,58.8,35.614999999999995,63.65019823066352,44.346670787776794,14.747884220801645,25.75045449349152,72.18519877454149,63.43246204308461,-4.850198230663523,14.453329212223203,-1.9810905003851929,False,False
12a90d0e-38e4-4433-94e3-8e64bc61f4be,2.1264924081486,1,2,9,mid,64.04928955534129,66.0625,11.985,88.24731212273701,73.30967765662947,10.330243525395575,35.7201912383322,101.66526831236307,92.42360318888561,-22.184812122737014,-7.247177656629475,-24.198022567395725,True,True
130b6275-44cc-441d-93be-eaa221288808,3.1314592582018728,1,2,9,back,67.02550460856493,66.15,11.475,59.78243668030936,47.522242947285235,13.813248915095793,26.30586125596782,66.14999866485596,60.1003072639822,6.367563319690646,18.62775705271477,7.24306792825557,True,False
130f887b-c703-445d-9eed-e99965a9196c,2.4552160769973503,1,1,9,back,63.53431942172612,65.45,3.74,57.88828110162599,47.09952391521227,21.101007220581536,37.06974368886238,74.40540020680444,65.1986934622144,7.561718898374011,18.35047608478773,5.646038320100125,True,True
131163f1-203f-4d0d-b950-199d757b62a4,3.2323788560189732,1,3,9,back,68.34445571047118,71.57499999999999,23.885,69.90826985602823,52.15976658548642,7.318163256113856,25.73849897230052,73.65920470651943,71.34451192225616,1.666730143971762,19.415233414513565,-1.5638141455570462,True,False
1337d67e-6f74-43e8-bba7-e5843520d163,11.01190568872286,0,0,9,back,76.52494773811512,87.5,51.935,70.21604804088717,54.96252353601812,13.495671047948465,28.731111045490906,87.5,75.88173088482861,17.283951959112827,32.53747646398188,6.308899697227943,False,False
13739c35-4d89-4c0d-8bd4-738d6cf74a44,3.509807713158594,1,1,9,mid,54.42232815447831,57.05,24.31,70.00441645314729,53.357251356193544,10.841367616833146,26.37544987307361,78.63012720228899,75.77899727657174,-12.954416453147289,3.6927486438064534,-15.582088298668978,True,False
138d4e66-56cf-40e0-82e4-815597789383,3.8162628791939057,2,5,9,back,60.54466011957409,60.8125,52.7,67.59252065351114,55.10256841782416,6.198365727251357,16.343552956442686,80.4096176397559,74.91081097368834,-6.780020653511144,5.709931582175841,-7.047860533937055,True,False
139d1ab1-cfe6-41b9-b615-a5a6e99eb7eb,0.9052073273909561,2,3,9,back,66.35804372852039,65.8875,58.48,72.5861646648293,54.47169344036203,13.187241362069926,27.16435288075428,84.23150454814436,73.83870706556272,-6.698664664829295,11.415806559637971,-6.228120936308912,True,True
13a04a46-f747-4d71-947d-4e1245a5f3e4,5.439776883388486,0,3,9,mid,55.66994406033501,60.55,60.35,79.30205232034558,60.32310301574532,13.741722174527585,35.781013237716294,85.45154121268307,78.41913602119736,-18.752052320345584,0.22689698425467952,-23.63210826001057,False,False
13aed9f3-c1a2-4c7c-a355-37cc4137ead1,7.697993770103147,0,1,9,back,63.62553580259026,60.2,4.335,63.511552272618715,47.69883431058733,14.309771801399672,31.32948527539036,67.28057611802168,64.19980415829637,-3.3115522726187123,12.501165689412673,0.11398352997154149,False,False
13b574ea-8ad0-4415-8e6b-0b141e23efb2,5.645094484515333,0,1,9,back,58.78955070620561,61.3375,2.21,59.702151093157156,46.90013554175958,16.126876175295347,30.247501127196244,67.57612180003545,60.58912823336414,1.635348906842843,14.437364458240417,-0.9126003869515458,False,False
13ca312b-2765-4170-a0bf-4a316deb9d55,10.257063055704688,0,0,9,back,89.90024667585213,98.0875,26.605,74.51904731373021,54.29351415482642,13.673596916507533,36.11214304773544,98.0874999165535,86.18513708137681,23.568452686269794,43.79398584517359,15.381199362121919,False,False
13e7118a-ffb1-4e32-b25e-86125fe441f2,2.3338515239739155,2,4,9,mid,45.91204298007044,45.14999999999999,55.92999999999999,60.03101567707385,47.22501338533114,22.62790457564201,39.31925461303175,69.31962842091524,63.03783242636336,-14.881015677073862,-2.0750133853311468,-14.118972697003414,True,True
1402718c-8653-4596-8e20-909adb2b18bd,7.682096808776697,0,3,9,back,87.30390056638643,80.5,33.575,82.20268626981598,68.0302857875595,12.00831716125134,29.289817174035143,90.01284597295464,87.39706146451141,-1.7026862698159846,12.469714212440493,5.101214296570447,False,False
142d5ba0-52dc-41ac-89f0-43aff7439902,11.48151667304578,0,0,9,mid,50.15386216852253,44.625,21.505,60.42899156427884,50.6162507100638,17.24685981579431,27.557279724881703,59.60169598462003,54.14984856277097,-15.803991564278839,-5.991250710063802,-10.27512939575631,False,False
143314f6-53d7-4ec0-b5d8-9521f5ee0e6a,1.154683003374306,1,2,9,back,60.18574671588642,61.075,1.7,60.9592933675411,47.49339116877868,15.399038227321466,31.73537009374617,61.07499933242798,55.80378269373893,0.11570663245890245,13.581608831221324,-0.7735466516546836,True,True
143b0688-ef86-4a65-83d2-621a89fc40c5,4.543754433235186,1,1,9,back,74.97132572482886,72.7125,67.235,73.57989365753387,53.12618005204091,15.814984004731802,45.07498237578773,86.66611765620128,82.04373702573497,-0.8673936575338672,19.586319947959097,1.3914320672949856,True,False
1457c35e-ee1c-4d66-b845-2d001d7cc119,3.2303065870815897,1,1,9,back,79.3574934779785,82.075,46.92,69.54117803467221,51.213115324686115,12.3206742572352,23.12089693970842,86.35593863642228,78.77758584022423,12.533821965327789,30.86188467531389,9.81631544330628,True,False
146fa097-f959-48a7-839f-793bdc7be2c8,4.6118341456669745,1,3,9,mid,49.09060881165933,53.375,10.115,59.06970735300076,46.26775805013351,17.174471121257486,41.2680195264188,72.9884546905333,68.69187825142896,-5.694707353000759,7.107241949866491,-9.979098541341429,True,False
14bc4715-321b-4f26-8254-a0ff3f28fdb4,10.924290093830255,0,0,9,back,67.6293180462568,56.7875,62.30499999999999,67.52869562426831,48.316513736688464,24.517329105596417,57.23494199843223,75.14054112812114,69.30283491177684,-10.741195624268308,8.470986263311538,0.10062242198848992,False,False
14fca45e-7ff1-45e6-a788-bec7ca311343,3.2061407496666052,1,2,9,mid,54.097428712536434,57.225,14.025,62.61837949486715,44.83621396624525,19.25192733917496,31.58676071986409,71.70994537360514,66.19933035989038,-5.393379494867148,12.388786033754748,-8.520950782330715,True,False
151edd63-16ee-45be-baff-9ea32d8a7a4d,6.766644415653924,0,2,9,back,66.17473373180945,72.88749999999999,47.345,65.15951903443103,50.66866878983416,11.48218704786114,35.71764285489833,90.26889130268229,82.09403743070109,7.72798096556896,22.21883121016583,1.0152146973784255,False,False
153691a3-51b0-42e5-92a2-de0b053c5372,7.166115837247842,0,1,9,back,92.54402603485921,96.25,35.529999999999994,78.28222062461586,56.0161273596548,9.499854798575951,27.01098889145324,96.25,85.72972266406943,17.96777937538414,40.2338726403452,14.261805410243355,False,False
1562e1a1-091b-4644-96e0-ede236012b87,12.50321093415037,0,0,8,back,65.63258170375792,74.1125,30.94,61.99530522206953,46.52353261876428,19.06440760278956,25.989467967081666,74.11250066757202,68.74908946094062,12.117194777930465,27.58896738123572,3.6372764816883887,False,False
157ecccf-d3d2-423b-a205-5b7ff25f31f5,4.2877024203507625,1,3,9,back,66.83093933505657,69.65,34.17,68.17630418466808,54.77478682123551,12.888474588090602,32.80608489734736,78.24927142715441,73.82668699904298,1.4736958153319222,14.875213178764497,-1.3453648496115136,True,False
1588cc84-88e0-496e-8c4d-77c23302b488,1.648521339698259,1,2,9,back,58.31189427869437,59.9375,10.2,67.21587517561088,50.70506015890137,10.89123777367752,25.000842316158263,80.37471161717195,73.70683681691898,-7.278375175610876,9.232439841098632,-8.903980896916508,True,True
158d9cfa-2529-4b2e-8d08-db33ccb16444,4.138544939134547,1,4,8,back,63.7381201186126,60.4625,46.58,58.06912487136806,47.34244640405456,5.0397743110387125,12.182206623015908,70.17117474157114,67.39494900112159,2.393375128631938,13.120053595945436,5.668995247244538,True,False
1595b6be-f573-4059-9999-e5e27f894c93,8.804495762917156,0,1,9,back,74.41522756931575,78.925,49.98,72.31184831876317,57.16865713201389,10.904178770248244,33.31742045941764,83.66917740064439,78.48001796089838,6.613151681236829,21.756342867986106,2.103379250552578,False,False
15b3f6a5-fb75-433b-8db5-a28599a34278,4.367907081343001,1,1,8,back,70.03311260862338,74.375,19.465,61.53628500878837,44.09528339014974,14.762617717996736,28.200010914426716,74.375,69.82544034854436,12.838714991211631,30.27971660985026,8.496827599835015,True,False
15d41e0f-fc96-4e82-9dda-25d4b478d70d,9.482090501941977,0,1,9,back,63.52516088823566,60.8125,2.635,69.58507227050308,51.473014579823115,8.658628488012019,27.65946833375984,82.49877991804128,77.17269572381976,-8.772572270503076,9.339485420176885,-6.0599113822674155,False,False
15f1a240-f1dd-40ab-a0fe-5158bb461e09,37.92273845319719,0,0,9,back,77.2317461865055,49.175,57.8,76.97667241365178,61.60292282916451,12.107192909777886,22.386154967812693,75.95567242059121,73.38893908335653,-27.801672413651787,-12.427922829164515,0.25507377285372,False,False
15fa6804-ef03-4f47-a08e-852791ae508b,4.5886253185103705,1,1,9,back,81.21227027527831,80.15,50.49,69.18145651687693,53.66894996674759,14.000675347864686,31.069133211870124,80.15000033378601,72.6911363277919,10.96854348312307,26.481050033252416,12.03081375840138,True,False
15fe693f-231e-43c7-966e-faa5457a480f,6.783400401266387,0,1,8,back,62.49779138252972,69.2125,36.465,59.64178365642362,47.39589312195304,11.702568851344466,30.715321447746145,77.07213520894513,71.86762517322444,9.570716343576386,21.81660687804697,2.8560077261060997,False,False
15ffdaeb-b975-40ec-b93b-2033be61f31a,6.62651194544198,0,1,9,back,91.09713131602209,97.475,28.22,78.1010126166862,55.76089196663119,20.30598637816968,35.56173235532064,97.47499966621399,87.85835023812373,19.37398738331379,41.7141080333688,12.99611869933588,False,False
167c9caf-09b8-4f99-ba3f-fd6e21928001,5.301627638006518,0,2,8,back,67.80217658493984,68.1625,12.92,67.04158514374626,48.64573185572158,12.539562725935433,24.9555474859428,86.04159676829687,75.49839253852522,1.1209148562537337,19.516768144278416,0.7605914411935828,False,False
16902ee4-3730-4b2c-9988-c57630dba174,0.7637621648524902,1,1,9,mid,55.094385250662754,55.3875,30.175,71.32123556275553,54.66219544431489,11.068061404493491,20.88106371769569,79.44100355515127,72.5619818171303,-15.93373556275553,0.7253045556851134,-16.22685031209278,True,True
169fd80f-b206-49f1-b309-65f7e7817322,41.69799572644445,0,0,8,mid,54.92047602084654,39.6375,65.96,69.0990564954171,58.1199945016962,20.72746517026572,42.770616912910455,70.79367527510104,63.95954602105589,-29.4615564954171,-18.482494501696195,-14.178580474570559,False,False
16f932dd-2b5a-485c-b2f9-71c538d5ee8d,1.0296297664578418,1,2,8,mid,55.012108875019024,55.9125,4.505,70.94671012967032,49.64983847548137,18.39596888638176,32.05255918429876,84.94293750530082,77.51691096873395,-15.03421012967032,6.262661524518634,-15.934601254651298,True,True
1703c4c9-7b6e-41bc-985e-9be19482ef5f,12.956411196448595,0,0,9,back,74.01950547643777,86.8875,48.11,71.5208084428674,54.999312112916854,10.587312054584654,31.473395309799105,86.88749933242798,80.91458277268383,15.366691557132597,31.88818788708315,2.498697033570366,False,False
17535c0d-a9e8-4ffa-816f-adf36a6acf58,4.1199552486934925,1,1,8,back,94.09174575516298,97.3875,11.9,88.92646807528368,77.33982643120859,10.014223237743426,22.588264382180093,101.7890879295585,95.52852141877597,8.461031924716323,20.04767356879141,5.165277679879296,True,False
17796aae-b30d-4b3f-8ccf-ecd1ebcf10cc,4.249117511944157,1,2,9,back,70.53169652821741,74.63749999999999,6.8,72.93307318638212,53.52166842181366,21.39472255970588,37.46986374929737,81.2363372303641,77.41738106294467,1.7044268136178715,21.11583157818633,-2.4013766581647076,True,False
177dfbdf-827b-4c9f-921a-5298ec1ecbd6,17.43947582148729,0,0,9,back,79.35265888876484,96.6875,29.75,73.96146227155056,55.21680967931385,11.415174032228574,30.19412460005848,96.6875,88.0691693407812,22.72603772844944,41.47069032068615,5.391196617214277,False,False
17958fd4-a980-49ec-bce7-fe9e634520f5,19.89978391707156,0,0,9,back,65.98844570971642,85.75,29.75,64.98380164122634,51.892392822039234,12.78885016289749,30.939451428881952,85.75,79.28855374581906,20.766198358773664,33.857607177960766,1.0046440684900801,False,False
17b40521-dbb4-4c4a-83f3-d1c90309b7a3,9.507186836602184,0,1,9,back,62.88426497453311,64.575,1.615,59.94487252179449,47.47461599669309,11.493124328287308,23.856177787826358,79.11023732523006,71.30774728754017,4.630127478205516,17.100384003306914,2.9393924527386233,False,False
17e2e067-0178-4e8a-9509-8a678e39f689,3.1540123106389286,2,4,9,back,63.01429378682856,65.7125,34.935,71.88942285240782,58.97715661007101,10.396985369733455,23.77528174317592,81.46886795886095,73.91096770383585,-6.176922852407813,6.7353433899289925,-8.875129065579259,True,False
17e911e5-a659-4a37-acd5-586501bdb9fe,6.807157125352708,0,1,9,back,90.13644656614582,95.9875,38.335,77.9388629855051,54.93968561242772,11.898651406460932,30.80932855076455,95.987499833107,85.88465503768124,18.0486370144949,41.047814387572274,12.197583580640725,False,False
183533f2-c8e5-478e-b599-a064b82d32df,13.326259328173956,0,0,9,back,73.63221301922823,76.3,20.315,65.3292917770903,51.55403566717039,8.739806447130228,22.50050170547062,76.76592956946357,72.74310820956468,10.970708222909693,24.745964332829608,8.302921242137927,False,False
18387a9f-cb37-473a-bd18-95e34971d152,0.9052073273909561,2,3,9,back,66.35804372852039,65.8875,58.48,72.5861646648293,54.47169344036203,13.187241362069926,27.16435288075428,84.23150454814436,73.83870706556272,-6.698664664829295,11.415806559637971,-6.228120936308912,True,True
1857e063-95e3-4c43-acc3-7e6ec14c6ab7,8.192223270684384,0,1,9,back,58.16873583760666,57.225,66.55499999999999,59.06368061796005,47.49163441105676,7.687205370642246,23.196148425247053,68.24386224503003,60.04607996474262,-1.8386806179600512,9.733365588943244,-0.8949447803533914,False,False
185a77d8-d4a0-4d1c-828e-742cba50fe67,10.728024947499582,0,0,8,back,78.4803607589786,88.9,24.395,69.82680418703136,50.14478579758401,13.4619597102499,25.564435497578707,97.47537066829884,89.74875569175379,19.07319581296865,38.755214202416,8.653556571947249,False,False
1893a7a8-46d8-48b8-b422-6c996c9fdcca,2.559219099897121,3,4,9,mid,56.961011147378315,57.05,53.21,67.1404580356442,55.07130446832849,11.33571862894437,19.14012362751745,76.27458079128053,74.11072191095782,-10.090458035644204,1.9786955316715051,-10.179446888265886,True,True
1894cd30-28a0-4592-abdc-68d39a764d8b,8.646822550757852,0,2,9,back,66.71471348306426,62.9125,24.225,64.91761536793815,46.4703934209133,17.124164728632344,41.6936994922422,75.31938878959657,71.8674760315485,-2.005115367938153,16.442106579086705,1.7970981151261043,False,False
18b02014-fcda-4fe8-a2e0-e852672c92f7,11.649118127322343,0,0,9,back,53.47814398210824,62.125,19.38,59.50267346819314,43.8151419940768,8.609442312186047,18.151860921210208,62.125,58.85257082201699,2.6223265318068627,18.309858005923203,-6.024529486084894,False,False
18b3bc23-0cfc-480a-b7de-af9216a0c3d8,0.8579221894841986,1,3,9,back,84.94478968220245,84.6125,64.94,77.26611018404815,60.28754785800685,24.97290584371799,34.972206028029035,85.1661925023163,82.96667189314044,7.346389815951852,24.324952141993144,7.67867949815431,True,True
18cabb3a-5877-4014-8d9b-9ce56fdc5057,0.47433616889932145,1,2,9,back,56.90195662509865,57.05,4.08,63.410849804629024,46.973401862669945,25.848421578509797,36.70224337822916,83.75918132677431,73.2708856115313,-6.3608498046290265,10.076598137330052,-6.508893179530375,True,True
18d2bfd0-4942-42bd-8422-269709cb2779,1.3013052718993146,3,3,8,back,78.8649820736316,79.7125,23.63,76.83679720922117,61.63081280966859,17.153957541505036,28.321959992657103,85.80744967958495,83.84019835533519,2.8757027907788313,18.081687190331415,2.02818486441042,True,True
18dec8a8-dfeb-4f03-9edf-a6ded1864673,1.9427609854337997,1,1,8,mid,59.3421435607437,60.2875,63.41,74.67140944339332,58.5776662059179,14.707556955897203,37.23554422231276,86.69058445430153,78.61001304947263,-14.383909443393314,1.7098337940821011,-15.329265882649615,True,True
1905a345-3cde-4599-bfa2-f168ddce560c,2.1785548944548605,1,4,9,mid,53.35000484280853,55.475,11.645,70.85617408365366,52.800080755882135,15.64464564575116,34.244112742556986,80.2296124001596,77.36832658475655,-15.381174083653654,2.6749192441178664,-17.506169240845125,True,True
1915f3f5-9281-4b43-937a-9681c8ba8bd2,9.550951414691243,0,1,9,back,63.36660899042141,72.5375,35.785000000000004,61.20469853545185,47.38396030956538,14.752072939924997,38.68505611238773,75.91943160794699,72.41558180560236,11.332801464548147,25.153539690434613,2.161910454969565,False,False
1924051f-d2ea-4a72-afac-04c8a6975bb8,0.5871190961418495,1,3,8,back,68.14193501801,68.6,59.67,65.26477072639969,50.689878366339826,19.3928926481838,34.949982231342204,73.57974049852172,67.83370557986171,3.335229273600305,17.910121633660168,2.8771642916103133,True,True
1940e417-da5e-4a85-aa36-134020f70384,2.3140121232248956,1,2,8,back,61.28446603998544,62.2125,10.37,61.283291616938016,48.3232143935088,10.463555883278044,29.0261768386035,74.09072814351342,70.2698656804999,0.9292083830619831,13.8892856064912,0.001174423047423545,True,True
195f05de-123a-46d8-ad83-5ab96ddb9078,24.01202585777125,0,0,9,mid,49.9102020529445,37.0125,46.665,68.35850566488513,57.41038527095673,15.603973915614649,31.928609869307092,68.37282262906652,62.867240136465334,-31.346005664885126,-20.397885270956728,-18.44830361194063,False,False
1962865b-2d4d-4d50-a2ef-4e86516c74cf,12.182339327335637,0,0,8,back,85.051414748231,96.25,28.985,77.70591133736515,58.63057318927188,10.95308847997655,27.6784767311793,96.25,90.1336692883099,18.54408866263485,37.61942681072812,7.345503410865845,False,False
1995a0e8-2fe0-44f0-afac-b56894571e80,11.830151804041575,0,0,9,back,80.48446877276038,92.3125,19.125,66.81213477492402,49.28968762594063,10.691744484756128,28.275072927651024,92.3125,82.02076483886913,25.50036522507598,43.02281237405937,13.672333997836361,False,False
19969658-577c-4b93-8317-3a6dc5fb46f4,15.12934427753137,0,0,9,mid,56.17500066757202,48.7375,40.63,78.27238796302908,64.20292527371285,8.804317893232152,27.39278110283103,80.54824417908732,78.5774515876027,-29.534887963029078,-15.465425273712853,-22.097387295457054,False,False
1998a967-8279-4047-a2f5-31bbdd63e709,1.3114902932270314,2,3,9,mid,49.29289589389647,48.3,63.665000000000006,60.16677571107135,46.02762455274988,20.670486648026294,39.96254719900147,74.68076416380964,67.44984905701892,-11.866775711071355,2.27237544725012,-10.873879817174881,True,True
199ae467-9798-47c6-9e81-b88bdd8c32d5,1.4208685792864046,1,1,9,back,96.42930497533757,97.825,48.96,88.52660818239943,65.2657423831347,8.101949806414375,19.823325880507355,103.43721367209497,95.79972421785153,9.298391817600574,32.55925761686531,7.902696792938144,True,True
19b3dfac-686a-4a45-a96b-df9c010a0f6e,0.8991192470011653,1,3,9,back,62.502939263750875,61.6875,12.58,60.98810073352125,44.90607134441626,12.154981822697298,40.02792480457583,71.79820136815268,67.28796569748579,0.6993992664787498,16.78142865558374,1.5148385302296248,True,True
19b7eba2-4474-4c8e-a4c8-784605695b28,28.5494789725418,0,0,9,mid,70.53419793879667,43.925,52.870000000000005,77.10495635371947,64.56432590713233,13.147851663032132,27.8554909128298,81.49523409170428,75.517458085553,-33.179956353719476,-20.63932590713233,-6.570758414922807,False,False
19c768be-d902-4555-a035-9bdc35d304ca,6.615738127118759,0,1,8,back,50.94165465962532,57.05,2.72,57.08842127660752,47.2641988360326,12.073580505549415,30.95340236043245,69.31763000115065,63.3501819096534,-0.03842127660752226,9.785801163967399,-6.146766616982198,False,False
19e53600-d36c-481e-b468-a061c5ac2ce1,4.543754433235186,1,1,9,back,74.97132572482886,72.7125,67.235,73.57989365753387,53.12618005204091,15.814984004731802,45.07498237578773,86.66611765620128,82.04373702573497,-0.8673936575338672,19.586319947959097,1.3914320672949856,True,False
1a049eb1-ad8a-48bb-af83-b168514f5fea,5.764700382231197,0,1,9,back,75.54479066244213,81.2875,48.025,66.03624947092038,51.25736557576907,12.16036311408336,31.814959448499053,82.9668059022199,75.77123574944893,15.251250529079613,30.030134424230923,9.508541191521743,False,False
1a777350-bb7a-4753-b450-d320166c566d,5.197224050881323,0,1,9,back,77.36938669428736,80.4125,6.885,74.53132678422122,53.285081323393115,11.522635419731769,31.46090188852244,91.63250926701605,81.01034639003396,5.881173215778773,27.12741867660688,2.8380599100661357,False,False
1a9c70f6-4006-4d53-9e97-27f323d39f9b,8.955791601136367,0,2,9,back,84.76519958015452,92.75,35.7,74.73359869452028,52.21142071902144,15.168143870229102,33.342671228660805,92.75,83.25053188807368,18.016401305479718,40.53857928097856,10.031600885634234,False,False
1abf58f9-d5c4-4539-929a-a01179330786,2.8897928849869206,1,2,9,mid,54.80787526144996,56.35,62.13499999999999,59.85485087978348,51.07255074124899,15.908566353324844,27.927503727216557,79.31661308908522,72.78654712001969,-3.5048508797834756,5.2774492587510125,-5.046975618333519,True,True
1ac20928-e6b1-4f19-85e1-9c3db7154b9f,5.5388595678480135,0,3,9,back,75.52553519428317,74.9875,30.855,72.3797919777341,58.538590609704926,14.18370925061285,35.45416014903804,89.81925516787086,82.71691739075017,2.6077080222658964,16.44890939029507,3.1457432165490644,False,False
1ad452a8-3ada-4e93-83cf-c70538361e49,2.1207496637782826,1,2,9,back,59.90685394458063,61.6875,47.26,62.518155486480474,46.9268487688221,6.279116487828638,10.936123002514693,77.99237063244928,69.08997998001462,-0.8306554864804738,14.760651231177903,-2.6113015418998415,True,True
1b2bd821-fe86-4a08-91b4-3657b54aeac9,9.96052731609377,0,1,9,back,69.70140650239864,77.9625,62.9,69.66192453565843,52.68731456899441,11.457552649187704,31.562462773932843,83.73236453573264,77.45411942844297,8.300575464341577,25.275185431005596,0.03948196674021176,False,False
1baea06a-c76a-44ae-8682-7e0c1837e0b2,5.082192366791021,0,4,8,back,76.76163982078866,78.1375,39.525,78.92902199183014,63.69779873780329,14.973081423369749,35.97606787366105,88.43982242284812,83.37045194028809,-0.7915219918301375,14.439701262196714,-2.1673821710414813,False,False
1bb47f63-b2e2-41c0-8ec4-2d5f8e5ac1d2,1.0116654277596713,1,2,9,mid,56.29672867914616,57.225,37.06,69.70766829648417,53.8994657908712,13.943162985010837,39.55366863464687,81.87975178451025,68.58965228504519,-12.48266829648417,3.3255342091288043,-13.410939617338009,True,True
1c184439-856b-49c2-9e4b-0075927823cc,1.0732935925131377,1,2,9,back,69.95277538466344,70.69999999999999,49.64,70.04458749984987,51.856182414621635,22.75002967488265,34.327792958695454,80.13719178705757,77.59765153716137,0.6554125001501205,18.843817585378353,-0.0918121151864284,True,True
1c394684-9e21-4a66-a0ab-d4661398ce6f,15.261678180322347,0,0,8,back,67.3277932697759,79.3625,11.475,63.14830948253227,48.78982384401795,14.636352574654222,34.63413360237317,86.02415120955791,79.05717859436623,16.214190517467728,30.572676155982045,4.179483787243626,False,False
1c4ae2b3-1ac9-4765-89c1-a251ef5b34f0,15.50897365757459,0,0,9,back,71.40549001180493,86.45,27.37,68.3950119186525,51.74828099923077,6.654410983303173,19.23790574837059,95.83311356973373,84.98662908918685,18.054988081347503,34.70171900076923,3.010478093152429,False,False
1c5416aa-eeaa-46b2-aabf-52e062d11571,11.586618270903134,0,0,8,back,73.42620913492053,68.775,60.35,76.82448793215985,55.38508297593548,6.341695356133897,17.75916033811711,79.29871079674479,74.96177033666704,-8.049487932159849,13.389917024064523,-3.3982787972393282,False,False
1c8725fe-5c6f-491c-bc62-eef5fef8a702,4.988827484714962,1,1,9,back,51.16486220480776,55.3,63.665000000000006,59.384069972337784,44.43275924404688,10.995368234045609,25.380375214910774,71.03267602286485,64.72881327385997,-4.084069972337787,10.86724075595312,-8.219207767530023,True,False
1c9082a8-aa89-49c1-bd42-d784d0e957d4,2.415668870955121,1,1,8,back,72.14738035787238,74.1125,1.955,70.05338538321439,58.41924249971379,13.39902424272167,29.550536136982974,85.36031286918612,76.74695415967847,4.059114616785607,15.693257500286208,2.0939949746579885,True,True
1ca42a1c-7866-44ac-80a2-e7c963132fc5,4.40621379248155,1,1,9,mid,57.04191300053907,61.075,65.02499999999999,67.91097652583619,52.56894177534009,20.73487783388914,38.9336787870584,81.48253947770608,68.51620991897902,-6.8359765258361875,8.50605822465991,-10.869063525297122,True,False
1cbc394f-dc21-4bd3-a5d4-99a0c7273989,8.310922322561124,0,1,9,back,67.39347346276571,75.6,47.43,64.69835899513028,49.2597165576658,10.33031560511401,32.026418091622446,75.60000133514404,70.07636213384097,10.901641004869717,26.340283442334197,2.6951144676354346,False,False
1cc7aeb8-33b4-4577-ac21-a361d6f08f45,3.080760701043692,1,1,9,back,93.79877539450725,95.9,37.825,81.66478916598328,56.937880311320114,10.59663470219546,26.847183088066508,95.90000033378601,88.5391482595007,14.235210834016726,38.96211968867989,12.133986228523966,True,False
1ce9ab29-6cee-4dc3-86e0-957f136b8ec6,6.787544404966288,0,1,9,back,64.35297817569264,69.2125,67.235,67.3005192840967,53.909836749929795,11.776734049106947,30.024575938167928,79.09932691353244,71.87160945406961,1.9119807159033115,15.30266325007021,-2.947541108404053,False,False
1cf31526-6d81-464b-81b5-7f9c036e6687,5.768828057158512,0,1,9,back,63.18183037942689,66.2375,0.765,65.62386364977115,51.01844006045498,16.816362756561325,40.20822654006815,79.14844658671393,72.65249284036767,0.6136363502288447,15.21905993954502,-2.442033270344261,False,False
1d2099b2-0293-4873-a8ae-ec3d8b60f8bc,11.854197754908114,0,0,9,back,55.17765118525919,67.025,60.35,58.588023510721385,47.1194955398053,17.213251109054763,39.326116392536434,69.42760637096646,64.51583464224257,8.43697648927862,19.905504460194706,-3.4103723254621983,False,False
1d29ae4f-07e1-4eee-b98f-f243e6486057,1.698945737212726,1,1,9,back,69.004846187426,68.95,59.67,63.03822868055164,50.63526046985166,13.68265154425757,40.62274717496629,80.76425994630321,68.57434299998798,5.911771319448363,18.314739530148344,5.966617506874357,True,True
1d4eb228-e072-43d0-9c2c-cda5be3cdece,3.644814430894908,1,1,8,mid,52.539745619064206,55.7375,2.72,67.5876537100425,52.05282295662067,15.727226920311232,38.72105920382887,75.27519480850624,67.02372305692028,-11.850153710042505,3.684677043379324,-15.047908090978297,True,False
1d91bc86-96f8-4cff-b9c4-49784fac292d,11.204168097059059,0,0,9,back,72.03869542092649,82.25,31.96,69.23069423454693,53.87370618609222,5.891434172426617,15.113950257262598,82.25,79.11394717094578,13.019305765453069,28.37629381390778,2.808001186379556,False,False
1d9c9ed4-5143-4b4c-9f68-a67d932e87ec,10.728024947499582,0,0,8,back,78.4803607589786,88.9,24.395,69.82680418703136,50.14478579758401,13.4619597102499,25.564435497578707,97.47537066829884,89.74875569175379,19.07319581296865,38.755214202416,8.653556571947249,False,False
1d9db139-788f-45a6-b915-049a5d67fc32,2.428838259090696,1,2,9,mid,60.95805131498824,63.175,57.88499999999999,75.38981203087998,56.5388819487214,17.201233652509934,31.6704307835319,85.57946425797402,81.60703786683473,-12.214812030879983,6.636118051278601,-14.431760715891741,True,True
1da3c9fd-7049-48d9-9bd5-937faab063c4,8.926957733673357,0,1,9,back,69.65204135261244,60.9,2.21,71.50203124469617,49.64305726566662,13.402308709901243,39.29180115699605,84.55859545340432,75.011207154487,-10.602031244696171,11.256942734333379,-1.8499898920837268,False,False
1da58e1a-508d-46ca-9622-4123fe329232,13.157568791940365,0,0,8,mid,43.5008667807588,41.3,7.395,60.59154326844392,50.70608306054185,14.91109910983949,40.49201650298056,74.7451304395245,71.03796543285944,-19.291543268443924,-9.406083060541853,-17.090676487685123,False,False
1dde23eb-8b7e-493c-b868-57d657f1c9a7,2.127705607313011,1,3,8,back,61.32537993018583,63.4375,16.235,61.43853448053936,48.88206687025472,15.862032793253178,28.98582419154873,78.74452137126838,72.77473996710853,1.99896551946064,14.555433129745282,-0.11315455035352784,True,True
1df85d47-a6cc-48d9-abde-87bfa67ec9fa,0.9813900414769023,2,4,8,back,69.16295759061597,68.5125,39.525,75.73973106526934,62.67579646854084,17.898347844804373,26.87052021617569,81.26603767859253,79.42609172165882,-7.227231065269336,5.836703531459165,-6.576773474653365,True,True
1dfa9e40-5668-44a8-8bc9-034853caddcc,13.886472607875893,0,0,8,back,53.92740829411737,67.8125,38.76,58.39544866438016,48.92523914367906,15.044885758300396,31.48360005983069,77.07329585953411,68.64661736833914,9.417051335619838,18.887260856320943,-4.468040370262791,False,False
1e3322ba-316e-4c71-bbf2-2bc534337c1d,7.009053779839042,0,2,9,back,58.92499318303244,53.9,57.205,64.33657772191991,51.97663809444469,20.772723205141777,39.35256395786544,79.47900806377413,68.40351019087254,-10.43657772191991,1.9233619055553106,-5.4115845388874675,False,False
1e7c2681-9a83-4bc3-942b-65b10550bcf9,20.282380755730717,0,0,9,back,55.48171771364004,38.675,16.405,61.62184769567928,45.79450114340967,27.63127448803096,60.35437850128593,66.92286626861103,65.64140985131209,-22.94684769567928,-7.119501143409671,-6.140129982039241,False,False
1e8b9b50-f08c-4078-abae-99debe1eac0e,5.9070374766822,0,1,9,back,66.58599585638393,68.8625,8.245,60.85270414997196,47.366989227743254,12.291541257651318,31.57201013201548,76.14808420777848,69.3684167733936,8.009795850028034,21.495510772256743,5.733291706411968,False,False
1e931186-08b4-4358-b59d-8147b107a454,13.407342303548456,0,0,9,back,61.35864643843077,73.4125,20.145,60.66059280496272,46.64006202074108,10.604730994751616,26.08808900222817,73.41250133514404,67.62443354810563,12.751907195037276,26.772437979258918,0.6980536334680494,False,False
1e94db67-9518-419b-8366-cd8639085358,13.768025323058902,0,0,9,back,78.09806065387913,84.0,40.885,67.40224393534942,51.61309368152489,15.884868389701612,30.58751286250905,84.0,74.86870122448039,16.597756064650582,32.38690631847511,10.695816718529713,False,False
1e951652-603a-4cc6-8252-6e2b6be39593,10.839996300035853,0,0,9,back,62.622259930798464,57.925,2.295,63.47418618342018,48.89184965609223,12.369703697306337,26.077324080184347,72.98634597290608,67.83965247227461,-5.549186183420183,9.033150343907764,-0.8519262526217162,False,False
1e996171-9da4-4675-b3a4-51c3ac299f89,4.466353352126727,1,4,9,mid,56.35599934845604,54.775,54.91,65.0084052935991,51.997699000032526,34.82361596315704,45.32467247993759,77.27935710619843,66.19412893375528,-10.233405293599098,2.7773009999674727,-8.652405945143059,True,False
1ea5cb71-0802-4b7d-939c-b3fa5cfe4534,15.314093684671471,0,0,9,back,79.48424004086301,74.1125,63.835,72.97366141375203,51.3261506873263,18.02506488226577,32.508809083184275,87.22372001028299,80.66814034320527,1.1388385862479709,22.7863493126737,6.510578627110988,False,False
1f1455b2-6970-4a5e-959e-ad6c9f7c5830,4.856019558756316,1,1,9,back,58.47496673268476,60.9875,52.7,61.95479161030895,44.83775257662377,11.268221173743193,31.071982573155157,73.7259046666573,67.96599758329492,-0.9672916103089548,16.149747423376226,-3.479824877624189,True,False
1f2938aa-0893-4573-b835-157517d26e29,3.0223572928831905,1,3,8,mid,66.84999616683211,69.65,62.56,78.94492629222448,68.47252579388055,13.463204217856944,39.51558923920578,100.25432409826779,91.8096919837797,-9.294926292224474,1.1774742061194559,-12.094930125392366,True,False
1f340065-8065-4739-a2dd-29ff77e86629,0.6263886612859456,1,2,8,back,87.1605812830807,86.5375,60.85999999999999,83.56227332371145,64.37413246812409,12.63955618528783,24.883709953273588,87.39908296633115,84.60947617100095,2.9752266762885426,22.163367531875906,3.598307959369251,True,True
1f8c0eac-7321-48da-a526-37175b42951d,5.1614391802434865,0,2,8,back,72.36118482359728,71.6625,45.815,65.56219016182128,52.026187587771155,13.743827593365827,40.8410637621754,86.12997316872787,78.3133954084982,6.100309838178717,19.63631241222884,6.798994661776007,False,False
1fad5281-e759-477b-acbb-ed323d5f04eb,16.311721697446572,0,0,9,back,68.02658349771727,82.25,31.79,62.06917902913656,49.72854702434289,10.984022690217603,30.167704647613103,82.25,74.23630196631018,20.180820970863437,32.52145297565711,5.957404468580705,False,False
20128bf5-daa6-44b0-85df-a51527a63205,3.1183747367398937,1,1,9,back,88.40657396528917,90.5625,32.64,73.9065741864448,53.47671079131166,9.825910541163836,30.46582331776498,90.5625,84.90056325161228,16.6559258135552,37.08578920868834,14.49999977884437,True,False
2043c12e-0b8a-4cad-b9d0-bf13ee079446,0.21465797951049861,1,3,9,mid,52.89803518335599,53.1125,7.14,60.11705941786916,45.31777469684437,8.00823584696698,17.28374377926415,72.5493984829368,67.53242978545711,-7.00455941786916,7.79472530315563,-7.219024234513171,True,True
205cef31-b2b6-421a-8232-61cdd656264a,6.5155973401727385,0,1,9,back,74.93609137872842,80.85,43.35,71.59037884126182,54.12862390158425,9.649269097945004,29.963621203443296,80.84999966621399,73.1115459907426,9.25962115873817,26.721376098415746,3.3457125374665964,False,False
20622418-d06e-4ffe-a7ed-92c8205daa67,0.3634171809482065,1,2,9,mid,58.96885090439448,59.325,2.975,70.36614551447003,56.419521926010695,15.400338780473389,32.12714490567375,77.47051562077822,72.80063038733996,-11.041145514470031,2.9054780739893076,-11.397294610075555,True,True
2085f837-4c34-4ef5-84f7-7fb9636861fd,8.632276603482959,0,2,9,back,70.61310273876472,77.525,49.81,65.15655382595891,52.905589570746294,12.5951299572306,33.528372839218164,83.35489918233196,76.28553572677343,12.368446174041097,24.619410429253712,5.456548912805815,False,False
2095dfbd-412c-46c9-8a49-7ee21aed28c5,9.942649354004597,0,1,9,back,79.0568141576451,86.45,29.92,69.11782318129545,51.81717433904545,11.360878328219286,37.03922655692118,86.52918460653481,81.99111932143373,17.332176818704554,34.63282566095455,9.938990976349658,False,False
209cd188-440d-4844-92d1-a1be7ec30f8e,4.575104325736394,1,1,9,back,65.16115798352865,68.95,1.4449999999999998,63.16742488049151,48.232866895541875,14.473640458471472,32.6309572146912,78.72662225521384,71.41414162761758,5.782575119508493,20.717133104458128,1.993733103037144,True,False
20c02e34-ee24-4353-ab94-a223bf445d9f,22.675234398238153,0,0,9,mid,61.66642544899154,39.28750000000001,26.86,77.56905283629084,60.54891751317787,15.4190473932942,28.521116786559983,100.12919542762513,87.49264028400677,-38.28155283629083,-21.26141751317786,-15.902627387299297,False,False
2101cc5a-3300-44e9-b45c-42020e92cc77,3.272579660346539,1,3,9,back,63.91641789464737,67.025,42.415,64.18871939878393,43.69552958587268,11.265506002365353,30.83889387933672,79.37751236781872,73.120789692555,2.8362806012160746,23.32947041412733,-0.2723015041365642,True,False
2112d7fd-d857-47f1-8380-cc27d12e30ed,0.9388050712100464,2,3,8,back,61.52388736575825,61.075,65.28,68.60313580018934,56.76405240085893,13.397808655942498,25.88064149821821,95.02184932419664,82.16409862505944,-7.528135800189332,4.310947599141073,-7.079248434431086,True,True
212e6468-a488-4591-9c05-21cf5b24656b,13.28643141260691,0,0,8,mid,54.35046876193685,41.91250000000001,36.89,65.40470568607593,54.46812473608593,9.060810385224386,22.525668027309248,65.93719202970013,62.262027829423154,-23.49220568607592,-12.555624736085925,-11.054236924139076,False,False
21428eb3-8109-48a0-b526-6cbea84a2b93,41.975842849592816,0,0,9,back,72.68464734945621,42.52499999999999,67.405,70.13828677551275,58.89943310646331,9.625034668292258,26.022462686099928,73.62770978156223,64.59999789205715,-27.613286775512762,-16.37443310646332,2.54636057394346,False,False
2170aa75-eaa4-46b7-bf72-895ac98be036,2.02151770765666,1,2,9,back,71.87119719787749,73.85,64.68499999999999,72.93548468959348,52.779768258161624,15.245905729019585,37.992965438567545,74.60039944915034,72.04106092012748,0.9145153104065145,21.07023174183837,-1.0642874917159872,True,True
2190a74e-b976-4495-8b02-d07cd749c2a1,0.6776841515824826,2,3,8,back,51.775935658205945,51.1,51.425,59.258628707851315,47.45974681918301,28.648107679342697,35.83592426455688,74.18270487953316,68.40662254679839,-8.158628707851314,3.640253180816991,-7.48269304964537,True,True
21bbdbb3-e1f5-4ce9-abbf-b33112c90542,4.887494479839467,1,2,9,back,79.18013647796191,79.8,9.01,81.69986649003782,71.04018983908942,13.89759079503613,31.46308559764975,101.61292629764122,95.65700708626179,-1.899866490037823,8.759810160910575,-2.519730012075911,True,False
21c8906d-c550-41fa-a644-dfd3a276680f,6.656917066336941,0,1,9,back,77.59967309338262,83.65,53.89,72.27242340359236,59.44104993582114,16.978543131685175,23.808559154751496,85.6836348895909,80.26795615846447,11.37757659640765,24.208950064178865,5.327249689790264,False,False
21ccbf85-720c-413a-b1cc-7b902b82e345,3.647016812384887,1,2,8,back,82.99540410794023,85.225,27.54,81.06021839207511,67.5895476332464,12.124857919482352,33.62005716006763,90.23810259160692,83.79037670076454,4.16478160792488,17.635452366753597,1.9351857158651171,True,False
21f053ca-2897-4bba-b7fa-8cc3ce2148cd,0.7170366446309228,1,3,9,mid,57.25807591708007,57.925,31.875,66.90005748072583,54.07173641927657,8.569727561958047,23.335678271631743,77.71062503048552,75.0363417127602,-8.975057480725837,3.8532635807234286,-9.641981563645764,True,True
21fb484a-f1e6-4972-886e-b4bdc04429ab,6.285873478737381,0,2,8,back,72.0266433023118,68.075,22.1,68.73849848947147,52.77604930205092,11.121841964335012,30.07142591515326,89.37766859862256,82.52701776267855,-0.6634984894714648,15.298950697949081,3.2881448128403292,False,False
2214a692-64f6-4278-b6cd-5b982f80d16b,10.316418308178479,0,0,9,back,75.72410462335314,84.9625,33.575,72.00823907616976,55.17767449868558,8.65286252867767,26.576738580316253,87.24245799788017,80.07318250475032,12.954260923830248,29.784825501314423,3.715865547183384,False,False
222917a0-5081-4b81-b568-1342ada233b6,2.7212007963733167,1,2,9,back,78.48918275337022,80.0625,21.505,71.90631304813733,56.33322439690811,10.16696958362828,24.31978721380144,81.03721013242321,78.75038301955587,8.156186951862665,23.729275603091892,6.582869705232881,True,True
22497009-b554-4ba2-8c9b-41a44cc31159,0.781797936205731,3,4,9,mid,61.95341543170028,62.65,33.575,73.83303779098296,60.58522145712832,11.946563290612264,25.682614359804784,82.86427401961302,75.54169723463758,-11.183037790982958,2.0647785428716787,-11.879622359282678,True,True
2271ef10-1ff5-4575-8790-eba949759722,5.969312370373597,0,1,9,back,86.49060985470783,91.875,53.21,79.333999415043,55.34961787268495,16.12631600943051,43.88023373954174,98.54065978847618,91.58901422591687,12.541000584957004,36.52538212731505,7.156610439664831,False,False
2272edd5-b55d-498a-9e74-e5c1d5a9c052,5.526871229863192,0,1,8,back,67.77403004457373,71.6625,4.08,64.60156494976945,49.466507005579075,15.299446568225466,39.38414547338945,77.13851615170523,72.90595690789795,7.06093505023054,22.19599299442092,3.1724650948042807,False,False
2273c0ac-9f61-454e-b8ff-8aecb24f0f4e,5.658161330103705,0,2,8,back,76.08547469285307,73.32499999999999,34.595,69.46149202628972,52.6821404636263,9.99659196501944,26.37343420669835,85.43495933639886,79.21427595082758,3.86350797371027,20.64285953637369,6.62398266656335,False,False
227bf125-cb64-40a8-b111-aca62ba1dc04,2.7748207569471166,1,2,9,back,61.87888293984132,63.9625,6.034999999999999,60.62671315183196,43.95877183885372,13.935437299997751,37.28187185256747,78.6052334984083,67.99984168923349,3.3357868481680413,20.003728161146277,1.2521697880093612,True,True
22a9e10a-8cfd-4137-912f-30cc0b7cd1a2,1.0044296848412895,1,2,9,mid,55.51955062143229,55.3,25.585,73.00540856409866,55.82078857336432,8.319224117000228,21.08159032788003,82.5276402617994,75.55596404573325,-17.70540856409866,-0.5207885733643209,-17.48585794266637,True,True
22cca2bb-41ca-4666-8512-7598f81455a0,3.042944571257482,1,1,8,back,70.82329658527831,73.85,44.115,61.65204998601966,43.88040959389688,14.695087082359912,28.84269923208624,73.85000133514404,69.97031397398885,12.197950013980332,29.969590406103116,9.171246599258652,True,False
22ccf634-153e-4ed4-86b2-72024326b512,6.431766796093082,0,3,9,back,60.64986974103672,66.5,38.08,60.9222428549097,45.604004106771065,9.977997034226696,26.63531617378651,74.30999126298008,69.32521228636178,5.5777571450903025,20.895995893228935,-0.27237311387298035,False,False
22e1370f-ab04-4d43-aa69-61d0637c3c54,3.7404925397305604,1,2,9,back,64.95652661473991,68.6875,47.94,60.74256238001692,46.93294798194208,11.173509528458805,31.4339204725794,76.54657359269683,72.1461952051828,7.9449376199830795,21.75455201805792,4.213964234722994,True,False
231c3004-054b-4182-b097-468a8cdf3cc0,4.455036231287355,1,3,9,back,69.9883754968443,66.675,47.26,63.022404980862795,51.609247321500355,14.167739666036436,25.83883951720116,78.31054215174207,68.21862265301827,3.652595019137202,15.065752678499642,6.965970515981503,True,False
237d8e32-f7d5-44ec-9ec5-a3fd5fe16558,2.3738933445158246,2,3,9,back,58.1147434866312,56.4375,49.385,61.75984477532167,46.83141169043212,6.918005331427061,20.869332516182418,64.76071272551295,61.333823459698024,-5.3223447753216675,9.60608830956788,-3.6451012886904692,True,True
23860534-5c48-4d4d-8c4e-5507a4ebae1f,15.547944488207214,0,0,9,back,72.92809544706543,88.2875,33.32,66.93497257821589,53.36677435183977,12.306235818699228,34.303967525085994,88.28749966621399,79.82418816996798,21.352527421784103,34.92072564816022,5.9931228688495395,False,False
23891300-712a-4731-b5d9-2a6cf763d699,9.085806682149425,0,1,9,back,65.18600273611989,69.5625,5.865,66.9810527115115,51.20460498448837,18.120876351249027,37.23619506464425,82.43877413664733,76.58233959205552,2.581447288488505,18.35789501551163,-1.7950499753916063,False,False
23cdc1a1-d7a1-4f78-8fe8-e0255e6a509a,0.21465797951049861,1,3,9,mid,52.89803518335599,53.1125,7.14,60.11705941786916,45.31777469684437,8.00823584696698,17.28374377926415,72.5493984829368,67.53242978545711,-7.00455941786916,7.79472530315563,-7.219024234513171,True,True
23ffb789-71bd-41eb-b19d-240dcd596ffb,17.43947582148729,0,0,9,back,79.35265888876484,96.6875,29.75,73.96146227155056,55.21680967931385,11.415174032228574,30.19412460005848,96.6875,88.0691693407812,22.72603772844944,41.47069032068615,5.391196617214277,False,False
240a21c4-b20c-4a36-b54a-e5d65c9496bf,4.793603718640816,1,1,9,back,60.27885207371223,64.8375,4.25,66.10414186392603,53.924735271220705,16.9635003626769,34.41251695462279,80.07363391970121,71.05765971673266,-1.2666418639260257,10.912764728779301,-5.825289790213802,True,False
24336d7b-5ece-409f-aaf2-8bfbd5437a20,4.844907899196592,1,2,9,mid,65.52934479223279,69.2125,3.995,76.61320721316034,59.41663306040176,15.691489120093795,38.54466201839568,84.01808359638,79.73548777394974,-7.400707213160331,9.795866939598248,-11.083862420927545,True,False
244182bc-8160-4dd5-b9b2-ebaa61c0e1a8,6.699916908534599,0,1,9,back,67.2940462189861,73.5875,20.995,60.83686904748134,47.684060057891024,8.54654654531831,26.695480927700764,73.58749866485596,68.12962955756261,12.750630952518662,25.90343994210898,6.457177171504753,False,False
24849712-67e0-4738-a121-e75ad2cc6886,13.71404598248072,0,0,9,back,75.49122205812176,74.63749999999999,33.065,64.86326873136335,48.043236029679875,21.23639193355989,34.73396898533615,77.13632556294043,72.08843587994338,9.77423126863664,26.594263970320114,10.627953326758416,False,False
24918545-6e89-47fd-b635-d1d3d4ca373f,7.929529026620194,0,1,9,back,61.2292564435957,67.1125,36.805,67.66508348832939,50.14724894372773,14.691839657766804,23.828223076972908,78.54327455781745,71.06550297582355,-0.5525834883293896,16.965251056272265,-6.435827044733685,False,False
249e5216-b785-461e-8ed3-d8c570bcfbb8,7.691386912794312,0,1,9,back,85.1467834797899,81.375,20.655,74.62708952281525,54.84301954358236,14.87558241933311,26.22580470340906,97.30596056353895,89.05306700327455,6.747910477184746,26.531980456417642,10.519693956974649,False,False
24a31917-0eba-44e8-b7df-b711f997c396,1.1719667830051015,1,1,8,back,68.41160548621956,69.5625,2.635,75.9558922486566,56.48844404707435,13.90424614226517,29.37864162130005,88.87708457322773,75.93384893988204,-6.393392248656596,13.074055952925647,-7.544286762437039,True,True
24b78f28-3adf-402d-a956-6fa5ce1434f5,11.564962820815872,0,0,9,mid,49.53956777782917,49.6125,14.025,67.05328864047712,52.17224921889043,9.98409446044083,29.076044632944917,69.21202254399307,65.88371933158365,-17.440788640477123,-2.559749218890431,-17.51372086264795,False,False
24cdd00b-0b0a-47b0-b7eb-defc3eb449f6,5.709346763617118,0,2,9,back,62.38410325039342,67.9,62.05,61.261946831514635,46.399472370650855,13.36593058522702,32.455418662540296,67.89999866485596,61.41208695660504,6.638053168485371,21.50052762934915,1.122156418878788,False,False
24e89e7f-3438-4cd1-a1fe-4eb68d2ca798,1.2751236336648037,1,3,9,back,57.23833746804316,56.2625,61.88,59.07974684381409,45.73349216132907,7.832464758676267,27.916136110141537,67.81758129153029,65.82717177263683,-2.8172468438140896,10.529007838670935,-1.8414093757709296,True,True
24ed23f7-b055-447a-8cb6-f188a707b2e9,5.1614391802434865,0,2,8,back,72.36118482359728,71.6625,45.815,65.56219016182128,52.026187587771155,13.743827593365827,40.8410637621754,86.12997316872787,78.3133954084982,6.100309838178717,19.63631241222884,6.798994661776007,False,False
25161953-ebfe-4cff-80f5-499345a29564,11.413939311866008,0,0,9,back,68.39907376612396,79.625,24.055,65.50023355327912,50.27288301074104,13.417315829524512,34.77563147574378,81.30159392143885,76.54340147708885,14.124766446720884,29.35211698925896,2.8988402128448456,False,False
252d2c37-5f40-4886-ac00-231910bfd76f,2.6390768036434142,2,3,9,back,64.41688686673999,64.05,8.924999999999999,63.17216874214908,50.927711939562336,14.579234539031845,34.923934106564204,71.51620797783912,68.37050159412647,0.8778312578509144,13.122288060437661,1.2447181245909036,True,True
25418fde-6eee-4813-8e9c-4ce6e5743be5,0.29228112543615903,3,3,8,back,53.17412245162138,53.4625,47.685,58.31917712054294,47.1467296521898,8.882583412122294,19.276188924164583,70.3405323906465,67.8473524129281,-4.85667712054294,6.315770347810201,-5.14505466892156,True,True
25a7deec-9860-49ee-bc0e-9718f0e8899c,3.0229023469023173,1,3,9,back,71.73648437461337,74.1125,41.31,70.2648627393284,53.68301142190643,9.93604327645994,29.9200397451837,80.10807442879982,75.2469935593434,3.847637260671604,20.42948857809357,1.4716216352849756,True,False
25d2a844-e33b-4178-8ffe-138b56fe14ff,12.52275213818697,0,0,8,back,72.5267133279095,84.6125,43.86,72.57740664647903,54.50150387535312,12.66319185643031,35.893884444952874,85.11522718587355,79.52902844890691,12.035093353520963,30.110996124646874,-0.050693318569528856,False,False
26009a30-c719-4cdc-8e66-23ed9e0a8a28,5.974036459561662,0,1,9,back,79.28636311202754,84.875,15.13,72.89425124511767,53.77433585340414,12.741804445712422,31.74040673473529,86.69385800387494,79.787407993557,11.980748754882327,31.10066414659586,6.392111866909872,False,False
26015c82-1a1b-4723-ac7c-86e3793057bb,8.271283231070479,0,1,9,back,65.10993209443431,72.01249999999999,24.055,60.30660137660036,47.10055090152986,11.743349734418931,29.983062408191948,80.28900242808568,72.1508811227562,11.705898623399627,24.91194909847013,4.803330717833951,False,False
2609f64b-7972-4e9e-a22c-6835688978b5,18.319184346912635,0,0,9,back,72.20039556701518,90.125,18.19,76.55567570453,54.47388675795943,13.921546352778904,36.370238655935125,91.19969860131992,84.08317543177078,13.569324295469997,35.65111324204057,-4.355280137514825,False,False
262039ec-bd73-4624-9d83-3b211d2ee9a5,1.8244456640316489,1,1,9,back,63.4261787776952,64.225,5.185,62.57974353775806,46.38354795077643,13.472299719007111,35.06159063324438,75.41602508259484,68.56272922334287,1.6452564622419317,17.841452049223562,0.8464352399371364,True,True
26227968-e639-4d92-a24e-e3911fa7e298,4.141058776235121,1,1,9,back,63.9487384825033,67.375,50.49,61.69735067048357,46.81314543135137,9.652762338839594,24.689809106175243,74.96910190559103,68.68237706593774,5.677649329516427,20.561854568648627,2.251387812019729,True,False
26756cd0-dad7-45f4-8303-e57b7e365179,8.934859089045037,0,1,8,back,87.77144439565484,87.325,6.29,77.8334845019161,58.43540009105146,10.847940674135296,38.16714690614069,87.32499933242798,83.0795738686914,9.4915154980839,28.88959990894854,9.937959893738736,False,False
26af0e37-2575-4b7f-970a-b3279c94b90d,16.128439444019243,0,0,9,back,72.14678933743312,86.5375,25.415,62.20794034656168,49.77225309958472,13.193491100630588,29.360210623952558,86.53749966621399,75.68594509553735,24.329559653438317,36.76524690041528,9.938848990871442,False,False
26c87c55-6c0d-4f12-8c11-9d0a9a50b371,11.091815721347396,0,0,9,back,64.85861772734806,70.0,67.065,68.38894822743072,54.97115248865808,10.955884835113793,24.73539936911176,76.59187672699663,71.62599725000831,1.611051772569283,15.028847511341922,-3.5303305000826555,False,False
26d2ec06-7186-4e29-8dee-0ef96741c11d,11.77457390340185,0,0,9,back,57.74526746682112,69.38749999999999,6.8,65.46724684411939,49.93081592566373,13.80587547869928,26.835910828576992,78.27966020570855,73.24468388828137,3.9202531558806015,19.45668407433626,-7.721979377298268,False,False
271fd044-3bcd-4083-abe6-c0039bcff186,0.39899353359997425,1,3,9,back,62.0695190710347,61.8625,17.849999999999998,75.07742453748192,53.47354673138359,13.410598569028007,30.61523336022341,86.07034644874423,81.89050883310011,-13.21492453748192,8.388953268616405,-13.00790546644722,True,True
27298528-cd60-47c3-a4fa-0197476350b2,0.4660301203183159,2,3,8,mid,56.454763877637625,56.175,54.315,69.87406191797837,55.77487921578891,11.244453203202603,26.55255527730599,85.51382171982992,81.4371726769545,-13.69906191797837,0.4001207842110901,-13.419298040340742,True,True
273544fe-d66f-4bff-b830-b7593fdf9ae0,8.290432269893719,0,1,9,mid,56.07989319897806,60.8125,65.96,66.47844167778898,53.4026393630712,15.751383344568929,30.90653718543446,80.06097905714263,72.29187416915529,-5.665941677788979,7.409860636928798,-10.398548478810916,False,False
2747c2dc-8385-406c-a4cd-9c0d7fda8a68,7.032735405232153,0,1,9,back,64.68137505104457,71.4,62.13499999999999,61.98732060076768,47.46594369309524,24.09640114128765,40.36587847308032,72.68343553981862,68.43483143428202,9.412679399232324,23.934056306904765,2.6940544502768873,False,False
27aff6ff-018f-4f79-a8e5-27e9928e9244,2.895582939292453,2,4,9,back,75.49295454244454,72.975,58.65,72.53658327340318,61.12055869629376,21.39728909035982,36.79158258085496,85.64024432445714,77.43544750137818,0.4384167265968131,11.854441303706231,2.9563712690413553,True,True
27d11496-a4f1-4cf0-b8f4-30d3b44ee3ae,5.31163408548543,0,3,9,back,67.26860159301441,70.0875,14.875,61.61500238453023,45.10528089670608,20.07407965888096,28.47747519767978,74.09495070432843,68.529231134805,8.472497615469777,24.98221910329393,5.653599208484181,False,False
27e56505-08d8-4f2a-9a5f-6f1d573dc657,6.974830472535035,0,1,9,mid,54.93566172162295,60.9,3.57,63.52957887355459,47.640572512043086,16.796076567108102,34.63391113005943,78.13617146215746,73.68336660083241,-2.6295788735545926,13.259427487956913,-8.593917151931642,False,False
27eb115c-f34c-4059-9422-cff4f569ba80,20.05246828897799,0,0,8,mid,54.31156278578737,38.0625,12.24,68.4634625960908,55.75458974755864,9.989300635852892,26.90056502503728,76.25263005898759,74.49075055945629,-30.400962596090807,-17.69208974755864,-14.151899810303433,False,False
280392a2-1c9e-445a-82c0-c5070987cab8,6.30446880732487,0,1,9,back,76.2703845503645,74.19999999999999,42.67,70.25436595674606,52.248680644962306,15.268232025099742,31.569423577801007,76.49132975637511,71.51967494390854,3.945634043253932,21.951319355037683,6.0160185936184405,False,False
28226810-1945-4ef4-a9c6-c28651afb852,14.102729501319846,0,0,9,mid,53.88875596021287,49.9625,16.064999999999998,70.54157367351314,54.18822433881262,14.65180208752264,36.90450712250381,72.78065027059031,67.72419168559136,-20.579073673513143,-4.225724338812618,-16.652817713300273,False,False
282d9631-776a-4e3b-ad72-43df33bd731c,3.668021298844309,1,3,9,mid,52.42151206149832,55.5625,51.765,72.08470947052479,56.409843254367274,11.652607723439644,28.998244753942657,79.02162600296445,77.44747685463432,-16.522209470524786,-0.8473432543672743,-19.663197409026466,True,False
28360cd5-c26c-4702-9fc9-adc0898a8a3c,8.850549519645016,0,1,9,back,59.52758297186913,67.9875,15.214999999999998,67.85108034976874,49.12585160967565,9.748811535564917,27.246375000325383,76.35493508200686,72.71566414056818,0.1364196502312609,18.861648390324348,-8.323497377899606,False,False
28541033-9e58-4dd1-9ca0-9c5895217bcc,2.3582469916160163,1,3,8,back,67.90712539494169,69.5625,52.19,73.28153841005766,58.990619061904454,11.524582488140858,31.54129037852846,80.57418796412998,78.85127105757587,-3.7190384100576637,10.571880938095546,-5.374413015115977,True,True
2863ca7e-76ba-457b-a4b9-4200b5dc3364,1.7836658590355603,2,2,9,back,53.57721156938873,54.1625,48.45,58.956608833372314,46.22072935993547,9.354764947944542,23.32591722913814,68.86016268286524,64.86596247035942,-4.794108833372313,7.941770640064533,-5.379397263983584,True,True
2864ad3c-7a07-45cf-b54b-ea84f97f7322,6.231673850585998,0,3,9,back,68.57609713663896,74.725,41.055,70.62867700285409,55.89937507480104,14.052291305717976,30.39934004677065,84.42048881712057,75.48167614817332,4.096322997145904,18.82562492519895,-2.052579866215126,False,False
28881e40-57cb-4630-a6c3-082c0e4a1cbd,0.3634165186617034,1,2,9,mid,58.7063515719665,59.0625,3.145,70.10364618204206,56.15702259358272,15.400338780473389,32.12714490567375,77.20801628835024,72.53813105491199,-11.041146182042056,2.9054774064172832,-11.397294610075555,True,True
288da273-8e52-4e5a-b78d-94dd571e5381,3.6346222223496234,1,2,9,back,78.8930947544032,82.5125,54.06,72.72208555689916,53.72957556568204,8.321337453889178,23.46301469091685,82.51249933242798,75.90588795098034,9.790414443100843,28.782924434317962,6.171009197504034,True,False
28ae2da9-f8b1-47c9-a80e-41afa0342eca,10.57136774387327,0,0,9,back,74.71954620613667,85.05,15.385000000000002,71.55456664885187,54.586437798367314,13.26882519083663,31.47754571208223,85.78417510453235,79.0275431361458,13.495433351148122,30.463562201632683,3.164979557284795,False,False
28b0050b-2562-41fa-875d-896149783b81,37.715960372605764,0,0,9,mid,58.54255953932925,37.71249999999999,63.665000000000006,82.29609616456514,66.03955965195132,21.90284363123914,46.78786493318656,98.5156292204221,89.88531691349479,-44.58359616456515,-28.32705965195133,-23.753536625235895,False,False
28d886fe-dbe1-4941-b789-8377ca055ee3,1.9821852849801453,1,1,9,back,85.91963649223659,87.85,34.85,70.79106073284633,52.97510496015716,8.106760299591265,18.709339911298976,87.84999966621399,79.60991574448148,17.05893926715366,34.87489503984283,15.128575759390259,True,True
28e8abb3-c64a-4252-87d6-15dd559cde70,5.767170707475814,0,1,9,back,63.32115819716648,57.925,17.425,70.48936161662583,49.10113815425011,10.43232842645289,32.19799350235762,79.76755432805479,78.13681308261532,-12.564361616625831,8.823861845749889,-7.168203419459346,False,False
28f01fcd-5f6b-4ce1-861c-4253f8bc94f6,5.351127530272482,0,1,9,back,76.98644837588347,82.3375,19.805,72.21021485487259,54.30261022948184,7.872517202280768,23.040321102681634,86.43562092382284,80.10466953651198,10.127285145127416,28.034889770518163,4.77623352101088,False,False
29054226-4333-46a4-ba20-9af33bb0ed8a,1.2637642449271071,1,2,9,back,66.39358935770495,67.2875,27.285,61.548148291155655,47.7213115518871,14.085418260054064,27.698568476338995,75.95203316787777,70.81484343738788,5.739351708844339,19.566188448112896,4.845441066549299,True,True
2909f909-7f80-4d02-9b74-2412a2b0d229,4.2589711639661445,1,1,9,back,71.78871945265682,76.0375,43.52,63.09283333204072,49.87510391415014,10.444361657449107,23.28103752705277,78.53107092103076,75.80479954677793,12.944666667959275,26.162396085849856,8.695886120616102,True,False
2931d000-139f-4998-b8a7-3c25f6d966b8,4.378158800132411,1,1,8,back,65.23347284789416,69.5625,8.755,62.66791377221254,47.069775570790824,15.033033689258332,25.587531631893523,79.86492350125712,70.54330854358868,6.894586227787457,22.492724429209176,2.5655590756816196,True,False
29551b85-5ff8-49bc-8b99-fdd954402b2a,4.464637527178801,1,1,9,back,68.72178497478075,72.3625,34.254999999999995,60.86664107081996,47.54227380688241,14.236494703548583,30.171027391710236,73.67625515262911,69.27190924497381,11.495858929180038,24.820226193117584,7.855143903960787,True,False
297d9503-64ce-4842-b79b-ccfa30baaa37,13.220243956544373,0,0,9,back,69.11871384400861,59.9375,20.74,64.99711741523652,44.69774478680465,11.114450089496655,30.25016222732811,70.31167261152015,64.26141427046926,-5.0596174152365165,15.239755213195352,4.121596428772094,False,False
2984e914-5a38-4d66-a812-d8b86c890820,9.370770334219902,0,1,9,back,74.47154456474736,69.0375,53.38,74.27533153690909,55.884592637212755,7.348591062622937,16.88715549976901,82.92215692075852,77.68216856295486,-5.237831536909098,13.15290736278724,0.19621302783826877,False,False
298cc1d7-241f-4ff1-93ac-9991608ffc96,4.040877568699146,1,3,9,back,58.33357960261372,60.9,6.034999999999999,61.7807376148682,50.9462771256929,15.870615250089749,33.961752212501366,65.94691381071944,59.13551123548234,-0.8807376148682025,9.953722874307097,-3.4471580122544836,True,False
29f68389-f86d-43b8-8c67-4512c801f5d0,7.959189447629496,0,1,9,back,60.10938482800644,63.0875,48.620000000000005,66.65928566037545,48.92552355351207,7.72915062342771,20.25497168932884,75.24981153236372,71.03266483594436,-3.571785660375447,14.161976446487927,-6.549900832369005,False,False
29f6c10d-718d-4228-b20d-2521b4de8c9d,0.473661087567071,1,3,8,mid,62.35161861874848,62.7375,41.48,70.47732182669215,55.81233381142007,12.564170060309465,22.084977495372197,83.54458370220797,80.11178629654307,-7.73982182669215,6.925166188579929,-8.125703207943666,True,True
2a03b78f-735d-4dd8-bfc3-e2631c336f5a,6.265728976304451,0,1,9,mid,54.03808577057496,54.3375,3.995,68.82065771527341,55.31184196323993,10.479396560143506,35.73389069882247,81.8543978981645,76.57143848696876,-14.483157715273414,-0.9743419632399295,-14.782571944698454,False,False
2a234df9-ca56-4805-92bb-f2d1b56311e5,16.430495603017743,0,0,8,back,83.93023074417214,78.4875,62.13499999999999,74.24129089084838,57.67983186500313,15.971887469336355,25.66257644435557,83.21262148026278,79.15738862359474,4.246209109151621,20.807668134996867,9.68893985332376,False,False
2a3d22f6-408b-4559-a29e-194e010c3da3,17.212584931985322,0,0,9,back,77.90415521931702,94.9375,37.23,69.92084097914753,52.4484914695899,14.162907010406345,25.70104903379301,94.9375,89.34464722480402,25.016659020852472,42.4890085304101,7.983314240169491,False,False
2a482de7-bc58-492a-a1c8-5cac49682381,9.924256159760825,0,1,9,back,62.54234360405077,71.57499999999999,24.99,60.46272425467624,47.49565312760617,15.656399135871196,34.249216823709105,71.80201093535771,69.16137192433939,11.11227574532375,24.07934687239382,2.079619349374532,False,False
2a5a2b8e-950a-40b8-83fb-948053b9b29c,18.920905144258068,0,0,9,back,61.67869295300029,50.8375,50.32,61.26114195140794,53.70349861850593,17.549110603081346,26.643337106461907,60.63826185416324,55.882707837881114,-10.423641951407944,-2.865998618505934,0.4175510015923436,False,False
2a857731-f0a6-40aa-8ebf-582d8e4175da,8.724592868260768,0,1,9,back,70.91587165846073,77.525,66.045,75.13743209439176,54.04238187272751,10.309217943183612,31.917138355047385,84.16327318448498,80.86955459362449,2.3875679056082504,23.482618127272495,-4.221560435931025,False,False
2ad9d2a1-ae71-45b3-b208-f8a9c44c627b,0.6170100100037601,2,2,8,mid,53.60593900362187,53.4625,3.315,58.96203032256359,48.03972721347316,16.55208089236505,44.65882056596832,69.93048265340349,66.5052393444757,-5.499530322563594,5.422772786526842,-5.356091318941722,True,True
2ae5dedf-aaa9-4345-8b94-45b4aac3f610,10.193126512513045,0,0,9,back,70.26448951401746,80.4125,13.26,64.20926371261581,54.26082838388969,15.631527563309437,34.69068447733779,80.41249966621399,71.91347578238363,16.203236287384186,26.151671616110306,6.055225801401647,False,False
2b2888d2-24bf-4374-a698-ffad612242c4,1.8423116160466237,2,3,8,back,64.45554433829288,64.575,22.95,61.21436726177153,47.69424732737536,14.114403870434174,28.66673518919544,76.59188681351885,68.06116735282976,3.3606327382284746,16.880752672624645,3.2411770765213532,True,True
2b82931d-6629-4059-adf4-d3a9a6a687a1,9.183706128097828,0,1,9,back,62.74161729433239,57.3125,1.7,63.84704912482552,52.61584298174011,13.75285450684165,28.05644986611791,77.16540382529885,71.2189177003924,-6.534549124825517,4.6966570182598915,-1.1054318304931243,False,False
2b85dc2a-f8f2-4e66-9378-95a04a20bdb1,0.7737957199899465,3,3,8,mid,54.49498948155417,55.125,46.665,59.95009767892898,48.9094749987352,6.127119206324935,20.56624078610556,72.22090181928453,69.64697387467191,-4.825097678928977,6.215525001264801,-5.4551081973748055,True,True
2b891832-3912-4fb3-aff9-465b125bb5a6,12.734523691322185,0,0,9,back,91.71717504598267,94.7625,50.49,79.89836763592345,55.06291156441574,16.110855809708596,36.163379029260845,100.0730537686773,91.93906695889687,14.864132364076553,39.69958843558426,11.818807410059222,False,False
2bc6aaf4-3eea-4521-a14a-6f3fd1bbc8f1,5.658161330103705,0,2,8,back,76.08547469285307,73.32499999999999,34.595,69.46149202628972,52.6821404636263,9.99659196501944,26.37343420669835,85.43495933639886,79.21427595082758,3.86350797371027,20.64285953637369,6.62398266656335,False,False
2bcf4e19-f9fc-4cb1-bb40-e5c59b18450c,48.21760408764528,0,0,9,mid,71.29090320555758,38.14999999999999,4.42,80.50668243778794,70.01492920782609,10.674547433426092,33.46356454475862,81.81405914013195,78.74924990399923,-42.35668243778795,-31.864929207826094,-9.21577923223036,False,False
2bdc68d5-810f-4273-bf8d-42ea27943e73,0.3830759419127935,3,7,9,mid,49.07138025568122,48.7375,13.175,58.78894819373397,48.11837235975203,9.579410531160327,18.55589759413919,71.47106032721848,65.40734166096573,-10.051448193733975,0.6191276402479673,-9.717567938052753,True,True
2be9da55-5fa7-4f8d-ba76-5276b015a799,1.9552400592905126,3,4,9,back,70.02965722121085,69.7375,54.57,69.40014230458314,56.2811857441939,13.2690208333917,21.49520175554386,72.32689126765601,69.9103515401597,0.33735769541685556,13.456314255806099,0.6295149166277128,True,True
2bfd8dca-aee3-497f-8767-6acff541c8ef,6.62651194544198,0,1,9,back,91.09713131602209,97.475,28.22,78.1010126166862,55.76089196663119,20.30598637816968,35.56173235532064,97.47499966621399,87.85835023812373,19.37398738331379,41.7141080333688,12.99611869933588,False,False
2c0fe035-a3b8-404f-ad3c-5cda9dadf7e1,3.351122130769051,1,1,8,back,84.99593620458194,87.675,64.515,85.32517499519784,67.64734159813312,17.438804385455185,37.78767777859948,96.30920120489873,87.80757367085943,2.349825004802156,20.027658401866873,-0.32923879061590355,True,False
2c22a64c-6076-4c4d-a11a-e10c58e10805,1.076411468434632,1,1,8,back,66.13927113896025,67.2,45.815,57.499832730769086,45.18187977871349,9.314983515957849,21.02553005632884,67.90837160543,65.84688452727781,9.700167269230917,22.018120221286516,8.639438408191168,True,True
2c2d2751-7d76-4329-a761-c568c2d29564,5.5143880455582295,0,3,9,back,59.07005416084941,64.575,27.54,62.335710701893944,45.592348176795355,8.18479371788245,20.210909703982452,72.10707634565938,67.9473377980281,2.2392892981060584,18.982651823204648,-3.2656565410445353,False,False
2c39b614-d95d-4296-a4f0-9ae272e101e9,7.667294262714948,0,1,9,back,65.53836111557672,70.6125,3.57,67.75386051663925,51.19995937343172,10.007058134771714,28.25556948133189,83.46059488284183,76.74335874147427,2.858639483360747,19.41254062656828,-2.21549940106253,False,False
2cd8571c-c3bf-437b-8565-ba72b052e1bd,2.754253976013653,2,3,8,mid,62.37294003478841,64.925,13.005,78.89943094207452,61.59228872045596,16.836409501350566,24.338392935736017,98.43608563282876,87.12953764156111,-13.97443094207452,3.3327112795440357,-16.52649090728611,True,True
2d1014cd-aaac-4854-9277-824fc5951832,1.9142324300590206,2,3,9,back,70.47576901968908,72.3625,30.6,70.36670640485212,56.12275717108682,8.341683353596661,21.244760188001237,76.84755953196222,72.58204667368057,1.9957935951478731,16.23974282891318,0.109062614836958,True,True
2d15f5dc-db70-446a-a0d8-96fcd145a54b,12.577359387381822,0,0,9,back,65.24205965634232,74.025,26.095,59.55771087117479,48.31253452116529,9.040735575517438,29.122541590673208,78.23371991876687,72.4705106190507,14.467289128825215,25.712465478834716,5.684348785167529,False,False
2d80e1ae-7a6b-4093-b33b-8e20a4bddd99,10.341725371154604,0,0,8,mid,50.679118756551624,44.8875,33.32,65.49266905219852,52.59719665650449,5.210562953670596,16.34136946974035,67.62621391678441,64.5921533246335,-20.60516905219852,-7.709696656504484,-14.813550295646898,False,False
2daa814f-79b0-45c8-bedf-ee59b0f0e761,6.319357705265435,0,1,9,back,79.2119309994977,82.8625,21.59,76.46861370904062,56.40563000743801,12.319374007441354,23.33000537600862,86.99300927715065,81.0168764654818,6.393886290959372,26.456869992561984,2.743317290457071,False,False
2dbd2476-eae3-4bbb-ae7e-7d721ede87cd,0.6695741101919223,1,1,8,mid,68.53476854135235,69.125,3.74,77.89616672893956,65.30737997441094,15.6653435894371,35.78637305763648,92.91874329460563,85.57349522981674,-8.771166728939562,3.817620025589065,-9.361398187587213,True,True
2e98520b-8fb4-437a-b485-95fe8d184219,0.5843247999022518,2,5,9,mid,57.72821727885706,58.1,31.365,66.80933103387326,53.89725465202904,9.247049002186294,20.25381707276916,76.26433261552518,68.61198947243413,-8.709331033873262,4.202745347970961,-9.081113755016204,True,True
2eba5556-05cc-474b-a8ae-963cb8c4d12d,34.26817991953631,0,0,9,back,68.25772322542353,43.22500000000001,65.19500000000001,66.24158396485318,52.764354796360905,19.41929487732468,38.90262989115946,71.28533476069072,63.471060691410024,-23.01658396485317,-9.539354796360897,2.0161392605703554,False,False
2ec1e1e4-52f1-4d1e-917b-082e4c766134,1.5343000530612754,2,4,9,back,64.87055494062672,66.15,38.165,70.42107988349365,52.491320151981235,14.17143717357298,27.0406954118814,79.33858911953959,76.31320035036899,-4.271079883493641,13.658679848018771,-5.550524942866929,True,True
2ef00fca-8a29-429a-b061-f3b0731193d1,3.0259596947646443,1,1,9,back,73.68122807878987,75.425,6.545,63.49546608961818,49.1922875322384,18.57345220114668,36.0997251532399,75.42500066757202,69.67081217307347,11.929533910381814,26.232712467761594,10.185761989171688,True,False
2eff3b37-f051-4550-a401-27b785b69213,6.974830472535035,0,1,9,mid,54.93566172162295,60.9,3.57,63.52957887355459,47.640572512043086,16.796076567108102,34.63391113005943,78.13617146215746,73.68336660083241,-2.6295788735545926,13.259427487956913,-8.593917151931642,False,False
2f0b3260-36eb-4f5b-9050-a657983ff34d,7.25281820009818,0,2,9,back,61.903681185548855,69.125,33.83,60.62678761474375,48.94453656731198,17.05619605057754,33.08829818010423,77.73632247690702,72.748225910224,8.498212385256252,20.180463432688022,1.2768935708051075,False,False
2f0c04b6-bf97-4df0-8529-6b5d406f44e2,11.25021781632298,0,0,9,mid,44.14866994924327,35.96249999999999,30.43,69.5772247687638,51.0761951115587,7.546765126212897,20.330938119776494,71.46683932909792,65.93096969189851,-33.61472476876381,-15.113695111558705,-25.428554819520528,False,False
2f17b820-145a-4305-9f72-88f8bea4affc,0.42111695594713516,1,1,8,mid,63.98264732195526,64.4,63.665000000000006,74.21538073663051,61.24658603479056,9.048151412213947,33.5620509735249,81.47662409994768,75.73797889772227,-9.815380736630502,3.1534139652094453,-10.232733414675245,True,True
2f1dde00-c363-40c6-8f72-e6da34172b3c,4.474670542242478,1,3,9,back,73.41428568181898,74.8125,32.81,82.24518351116376,62.39748693012072,6.295683571063947,13.76271127733013,99.92160763995437,86.77026062388832,-7.432683511163759,12.41501306987928,-8.830897829344778,True,False
2f6b1f58-fdbf-4f3b-88ca-aee802515d02,2.4926930960293556,1,3,9,mid,57.168318442991115,54.775,26.945,61.91911835504045,54.223909195027424,12.432504982717504,19.38272916626505,79.96413157941176,71.73843015033557,-7.144118355040455,0.5510908049725742,-4.750799912049338,True,True
2f94d0dc-ee9c-495c-b942-6e827fe0a1a2,16.656674231213906,0,0,9,mid,45.38646445873672,43.925,61.03,63.88533566078546,48.42687835895295,20.246535290230582,33.441559210211004,72.89652222149866,69.317388052962,-19.96033566078546,-4.5018783589529505,-18.49887120204874,False,False
2ff9c960-0b03-4d84-b4c9-122f2968828a,0.7073095459641965,3,3,9,back,57.62517567115211,57.3125,11.645,66.51431305619138,51.33500213452582,16.99623975553428,34.67416844871255,75.88669913505814,71.18534555071378,-9.201813056191384,5.977497865474177,-8.889137385039277,True,True
309008a4-0ad1-4c92-8f16-a1dda85823bd,8.804495762917156,0,1,9,back,74.41522756931575,78.925,49.98,72.31184831876317,57.16865713201389,10.904178770248244,33.31742045941764,83.66917740064439,78.48001796089838,6.613151681236829,21.756342867986106,2.103379250552578,False,False
309e7a07-3983-4619-b896-06449b7974f0,18.697791039644287,0,0,9,back,78.88480401910049,97.3,25.415,75.43071846729973,56.08399528420631,16.56724926120821,36.343041112397145,97.299999833107,88.31000507156699,21.86928153270027,41.21600471579369,3.454085551800759,False,False
30acb0df-4390-44cf-b12e-a7663e7ad85a,5.423831752052116,0,1,9,back,65.84719998556265,69.125,64.42999999999999,66.01960335864908,51.67098507342766,10.755610810635453,20.455828368212124,77.63517231376437,67.66923263826048,3.1053966413509215,17.45401492657234,-0.17240337308642495,False,False
30aedfb1-d6b2-478e-8c47-2746623181ed,5.008035892748251,0,1,9,back,65.65775169020475,67.55,7.649999999999999,62.62788448062483,45.2619934748718,8.338363080955473,22.169108158121038,74.26581847755436,70.00233366524151,4.9221155193751684,22.288006525128196,3.029867209579919,False,False
30b5cbda-97e9-45a3-843b-050fce241ea8,3.382925080561549,1,3,9,back,70.38892277898307,72.5375,56.865,72.77407748901771,54.08150471447764,16.27412383680221,34.780501660995874,79.785115999675,76.7733378817832,-0.23657748901771924,18.455995285522356,-2.385154710034641,True,False
31096731-371e-4839-b926-1ff897f2d379,20.327725792108012,0,0,9,mid,55.54234597986765,38.14999999999999,27.37,70.27210530817995,60.60521297521947,7.009626790434794,19.093948466829698,72.67678495397496,68.9203323899119,-32.122105308179954,-22.45521297521948,-14.729759328312298,False,False
312ccfd7-cfc9-44d3-adfc-b82880be8ece,2.208062768490828,1,2,8,back,88.38272531749529,90.3875,37.23,80.58687510821782,66.21419305294353,13.273638210862316,29.95904299770038,101.03383295268048,91.49191686444442,9.800624891782178,24.173306947056474,7.795850209277461,True,True
319941c5-bb16-4288-ade7-4c2766ce8cbd,2.2867962163701683,1,1,9,back,81.86835423996253,83.7375,26.86,73.21215433090967,53.11964251065052,9.623416088109655,29.195832740628823,83.73750066757202,77.68473957293506,10.525345669090328,30.617857489349475,8.656199909052859,True,True
31b79325-d225-48e3-aec0-c94459b4dfa8,11.089869691452304,0,0,8,back,69.20990405603735,76.475,34.34,61.24076919401876,47.52584707376491,12.484618918484111,29.84375723826457,76.47500133514404,70.92205248844965,15.234230805981234,28.949152926235087,7.969134862018585,False,False
320ec6e7-394d-4e6f-a0da-9fd3824ce335,2.494470764217364,2,5,8,back,84.27867217011584,86.5375,22.27,86.86417289744496,73.88728092143536,7.99413815313517,17.354791001906506,91.02174687639994,89.58541774655811,-0.32667289744496486,12.650219078564632,-2.5855007273291193,True,True
32152f76-68d6-49c7-a11b-0d9429685e31,9.161431568336004,0,1,9,back,89.032711086922,92.225,56.27,77.58448113004224,56.18535096558275,14.182600877011978,30.74967094626259,98.94326552604646,87.96731777744975,14.64051886995776,36.039649034417245,11.448229956879771,False,False
3215b4f0-787b-4518-ab4d-acd139ef3fed,10.064704144581858,0,0,9,back,74.40189130064223,83.5625,51.765,66.50533046251738,51.93331978261877,10.703037091721484,36.8747837328499,91.2493809066115,83.36311502082032,17.057169537482622,31.629180217381233,7.896560838124856,False,False
323b0908-fdd7-4e52-864c-46a677ba0589,30.78628233738426,0,0,8,back,58.956469110957705,44.71249999999999,62.815000000000005,62.22088898915641,51.528807598235026,11.887527827022277,30.252061072989868,60.84310692735743,55.97515863681019,-17.508388989156416,-6.816307598235035,-3.2644198781987015,False,False
324d0d4e-9b6e-4cb3-bb44-7f876c0236ac,1.8447403472131645,2,3,8,mid,72.16147617290585,73.85,30.94,80.5116042637397,69.29432524270858,13.804931865797286,33.202162227854174,89.34176707543892,82.87360054397442,-6.661604263739704,4.555674757291413,-8.350128090833849,True,True
325076d4-b27b-4a07-9f58-dace94e2c276,1.794736796956084,1,2,9,back,60.4025258764994,58.625,21.675,61.44284411628435,46.63368295953559,11.175959778976011,22.931863790594345,70.69029930361111,67.75251866313332,-2.8178441162843484,11.99131704046441,-1.0403182397849449,True,True
325ec5fa-5148-4621-a84d-778ec123cee1,2.9235244122724597,1,1,9,back,79.91436162540224,80.4125,17.935000000000002,69.65625158158925,54.70197024311219,9.555027786940226,21.82017163167499,94.60484953154388,83.08135499135923,10.756248418410749,25.7105297568878,10.25811004381299,True,True
3261f6db-5d90-4e54-9d71-eb2686d3e847,2.0100901617559717,2,2,8,mid,59.13989072777197,58.275,6.545,75.77181904408008,57.56018239460599,9.081132709073463,25.65368385511644,95.4212275535773,85.04503229533054,-17.496819044080077,0.7148176053940105,-16.631928316308105,True,True
326d444a-8868-47cc-b032-f004bc8eae32,6.4382326633380655,0,1,8,back,89.4372616243497,95.725,50.66,83.53612455579427,64.9844644667203,14.526529074079818,38.05659540465153,95.72499966621399,89.81881152919581,12.18887544420572,30.740535533279697,5.901137068555428,False,False
32a93561-c803-4fe5-8984-c90f06012f96,2.754253976013653,2,3,8,mid,62.37294003478841,64.925,13.005,78.89943094207452,61.59228872045596,16.836409501350566,24.338392935736017,98.43608563282876,87.12953764156111,-13.97443094207452,3.3327112795440357,-16.52649090728611,True,True
32b4a805-96c5-4543-b4a9-cd09dff87059,1.199296134381188,1,3,8,back,59.16893090923724,58.3625,61.88,59.97839440994721,49.218467575430985,8.937859198072282,29.461179037752338,68.74808611528599,66.25557286653662,-1.6158944099472095,9.144032424569012,-0.8094635007099669,True,True
32c5dd0d-cb41-4d58-89cb-d3bb321051e6,8.263474536422112,0,2,8,back,66.0309716601597,73.0625,42.755,68.0536670091505,55.40918928223486,10.0853166111774,19.05349842332008,81.57920104862654,75.20321674601917,5.008832990849498,17.653310717765137,-2.0226953489908084,False,False
32d47030-cd13-423c-b81d-07b0a26ded0b,1.5830189004581912,1,2,9,back,56.99256640222425,57.1375,37.315,63.820700107241734,47.56590284402277,17.19085587652272,36.35786463421804,79.71122706061323,68.52264567858943,-6.683200107241731,9.57159715597723,-6.8281337050174855,True,True
32da6649-6cf7-46de-9383-d3e12e217337,5.296731947598693,0,1,9,back,69.83345279301405,72.8,19.72,60.27179276708166,49.284716216997225,20.162191067879416,38.39698273060099,76.63535452181131,72.3070216676288,12.52820723291834,23.515283783002772,9.56166002593239,False,False
32f0b5ea-8d65-41e7-9ad2-538baa9379ff,9.189089495467762,0,2,9,back,84.76519958015452,92.925,35.870000000000005,74.73359869452028,52.21142071902144,15.168143870229102,33.342671228660805,92.75,83.25053188807368,18.191401305479715,40.71357928097856,10.031600885634234,False,False
32fd5999-922c-402d-a369-4bd40f81aba4,5.352339172204017,0,3,9,back,70.03856433645755,65.1,51.68,72.39508440268145,57.10722498430554,5.827608295005753,13.596348662513485,82.85146742891342,74.56550362546295,-7.295084402681454,7.9927750156944555,-2.3565200662238937,False,False
3303c755-543f-4f7d-9bc8-e82c826ded89,1.0031264806201046,1,2,8,mid,51.85172954184733,52.4125,1.4449999999999998,60.30741104567848,47.17631127263976,14.402669402935611,43.711580803562725,69.50624760777607,62.82755211854324,-7.894911045678477,5.236188727360243,-8.455681503831151,True,True
336b3a24-a8e6-434c-996a-08eb416c4fd9,13.17120122318019,0,0,8,back,61.61653098421988,72.01249999999999,23.545,59.5097328709349,49.15926298562459,11.937113992241006,36.298116856843706,72.01249933242798,67.09512399323451,12.502767129065091,22.853237014375395,2.106798113284981,False,False
33a4e9e3-bf84-4e09-ba0b-709e5cc95f3d,2.8873604472037324,1,1,9,back,93.54216513384996,96.425,40.375,80.21117492357102,55.701341533376066,11.613980072631808,32.02426087916976,96.424999833107,88.2126245973338,16.213825076428975,40.72365846662393,13.33099021027894,True,True
33bedad0-b48f-4636-97c3-0ae37a51f602,5.195143744039658,0,3,9,back,67.73571478926232,72.7125,6.375,62.35129047005263,48.57327960650858,13.358257507474956,27.828712483681507,77.03026480619788,71.1234197566306,10.361209529947374,24.139220393491428,5.3844243192096855,False,False
33c4b2be-c1f0-4980-bab2-9e09e3ec8c26,6.605115218858624,0,1,9,back,74.115752454942,72.625,33.15,68.48509082356067,52.83407175919228,17.989935208011573,29.88844303697241,79.42139390978298,77.21600075641953,4.139909176439332,19.790928240807723,5.630661631381329,False,False
341a2d0c-8472-4d40-b366-5e0221705dcb,4.306460424446027,1,3,9,back,67.68806523644618,63.6125,38.505,64.61438539037772,50.33026407578556,11.8111813616952,26.43964740290455,74.58374241915519,65.33162775306991,-1.0018853903777227,13.28223592421444,3.0736798460684582,True,False
3445ee2b-cc9d-4354-9f91-dd846fc9cd1d,13.715761016797154,0,0,9,back,80.54403518691701,93.975,39.865,76.29109294705084,55.258959071565,12.852413278669534,36.70593582937888,97.81588537636318,89.58176795239036,17.683907052949152,38.71604092843499,4.252942239866172,False,False
34556f3c-3085-498e-bb07-c91421891835,10.257063055704688,0,0,9,back,89.90024667585213,98.0875,26.605,74.51904731373021,54.29351415482642,13.673596916507533,36.11214304773544,98.0874999165535,86.18513708137681,23.568452686269794,43.79398584517359,15.381199362121919,False,False
347c6a20-f8eb-4519-b85a-e8391adf9154,8.298648771671845,0,1,8,back,58.57048389301236,63.2625,14.535,61.85509314315008,45.34843826772544,11.410438420919196,27.97469929278114,82.14114827126939,71.10701666820634,1.4074068568499243,17.91406173227456,-3.28460925013772,False,False
349077f3-2c65-4e8a-97b9-dc3903b03869,3.9459527312677114,2,5,9,back,60.576604994913616,60.8125,52.870000000000005,67.59765180156018,55.098871814200194,6.339701336094478,16.508817366953664,80.38545807175049,74.8168554182975,-6.7851518015601755,5.713628185799806,-7.0210468066465594,True,False
349344c9-44cc-4844-ad74-f5bdb1005fe0,6.605115218858624,0,1,9,back,74.115752454942,72.625,33.15,68.48509082356067,52.83407175919228,17.989935208011573,29.88844303697241,79.42139390978298,77.21600075641953,4.139909176439332,19.790928240807723,5.630661631381329,False,False
3496ee61-4600-4edb-ac36-692406bf1aa1,11.16016282194376,0,0,9,back,82.52611301135225,91.2625,34.0,69.75564839088557,50.40247387852561,10.361768605014523,29.73909894685429,91.262500166893,82.1646559755536,21.506851609114435,40.86002612147439,12.770464620466683,False,False
349ecea0-860c-4b01-b9a1-739610566e17,1.9332405104271055,1,1,9,mid,50.29506808451936,51.625,49.47,60.23062067261078,50.73228203737928,17.61880520869566,35.03956256428259,63.23012252407123,59.84029708699177,-8.605620672610783,0.892717962620722,-9.935552588091426,True,True
34abf9e9-f69a-4541-9835-583de27cc95b,18.319184346912635,0,0,9,back,72.20039556701518,90.125,18.19,76.55567570453,54.47388675795943,13.921546352778904,36.370238655935125,91.19969860131992,84.08317543177078,13.569324295469997,35.65111324204057,-4.355280137514825,False,False
34b62a14-5b00-4682-a5b7-15a86d3f0273,11.143589834280212,0,0,8,mid,51.12944440390093,42.175,26.945,71.77962267658475,53.72614849442214,5.422439014591916,19.964904832828864,77.15199108948245,68.27144377306894,-29.604622676584754,-11.551148494422144,-20.650178272683817,False,False
34b7c589-4aa6-4160-89f9-933402a59a0f,8.627226458266378,0,2,8,back,62.37720084947287,62.3875,17.0,59.84021648026239,49.9891857324449,11.266213047810425,26.472798467865445,81.72369128267461,74.08987947125505,2.5472835197376114,12.3983142675551,2.5369843692104794,False,False
34bd9f14-f7ce-4b1a-8f42-0b141c33632a,11.57037765643976,0,0,9,back,64.79263676775616,66.85,40.715,66.88852003884637,49.85028574037931,23.48244258407072,34.54348565350254,71.80335708753235,67.11920650132674,-0.03852003884637156,16.99971425962068,-2.0958832710902016,False,False
34ef4e20-0cb4-4804-bf2a-9aa3b8a13bc2,2.895582939292453,2,4,9,back,75.49295454244454,72.975,58.65,72.53658327340318,61.12055869629376,21.39728909035982,36.79158258085496,85.64024432445714,77.43544750137818,0.4384167265968131,11.854441303706231,2.9563712690413553,True,True
34f17c38-a98c-4da2-ac4c-e140b28bd863,10.535897174238206,0,0,9,back,81.31716369550472,90.125,33.065,66.71835260987764,53.33588110440327,12.376039604784474,34.65909872102819,90.125,83.36419143121992,23.40664739012236,36.78911889559673,14.598811085627077,False,False
35342487-38af-4642-b9e7-bccf259d3f6a,10.839996300035853,0,0,9,back,62.622259930798464,57.925,2.295,63.47418618342018,48.89184965609223,12.369703697306337,26.077324080184347,72.98634597290608,67.83965247227461,-5.549186183420183,9.033150343907764,-0.8519262526217162,False,False
3538fda6-3709-4b47-ae0e-530cf0543734,2.87423445049104,3,5,9,back,62.05572836511043,64.925,34.51,70.14425009532872,57.39106206904897,10.15527800086555,22.554234796032105,79.73540467186163,72.15922828703832,-5.219250095328718,7.533937930951026,-8.088521730218282,True,True
3541d6be-80b2-431c-ab60-4164630f965c,4.909166053426781,1,1,9,back,65.00610477821084,68.8625,7.734999999999999,64.02579443044911,45.61785362617341,18.29748432207281,32.10879254780871,75.47848314561796,69.84634230504531,4.836705569550887,23.24464637382659,0.9803103477617299,True,False
3545b966-2541-4b91-b1e5-f35a3ee8a559,3.6346222223496234,1,2,9,back,78.8930947544032,82.5125,54.06,72.72208555689916,53.72957556568204,8.321337453889178,23.46301469091685,82.51249933242798,75.90588795098034,9.790414443100843,28.782924434317962,6.171009197504034,True,False
358ec200-cc2a-4617-8e8d-587fc27e4c3c,12.87692576892269,0,0,9,back,69.46458540726283,80.5875,47.6,60.66927969298351,48.780431947975174,11.403875800950733,30.089176647144992,88.45447915787476,79.1583565574489,19.918220307016497,31.80706805202483,8.795305714279323,False,False
3590ba9e-4c3a-4c6c-9939-b58009447d26,2.9413682639859173,2,2,8,mid,58.24126643001991,60.2875,51.935,73.28852899842724,56.34620611523254,15.707936091020184,34.37512490329098,84.8384275784424,75.25956397164171,-13.001028998427238,3.941293884767461,-15.047262568407326,True,True
35ab1135-7545-46b3-a649-fd9f443f2c42,6.16458533770205,0,1,8,back,69.88881995929796,76.0375,46.665,73.43984629777556,57.43220074017878,14.701688270871092,25.4336173708929,90.06394719058748,84.17013107027782,2.5976537022244344,18.605299259821216,-3.551026338477598,False,False
35ad30af-036c-4512-b109-bded916dd0de,2.1294175090643996,2,4,9,back,62.30311889555835,63.6125,51.595,67.19116374961078,53.7289341340189,16.24233496863344,38.28648828082597,74.63964228695818,70.9732725295103,-3.578663749610783,9.883565865981097,-4.888044854052431,True,True
35f1cc28-a03f-4323-aeaf-1000bf805c9e,4.313759883521897,1,1,9,back,51.46301861763932,55.65,19.38,63.027838820414374,43.33385117691025,13.73727800882486,27.432987195552183,71.55396568574476,64.88351462603306,-7.377838820414375,12.316148823089748,-11.564820202775053,True,False
35f4beaf-ef7a-45f6-93d9-53ab928e3e3c,15.612058297702172,0,0,9,back,77.47619573906495,92.225,38.08,70.30162005752223,49.850519646184,12.07512651227509,43.70363544656509,92.22499966621399,86.19093652291275,21.923379942477766,42.374480353816,7.17457568154272,False,False
35f9a6a4-23d6-4061-869f-4e5250dd82b2,2.631353636710358,1,4,9,back,65.78203879732354,66.9375,24.48,66.09358728375484,50.70576487288376,14.70295401354943,32.05580328283033,74.08916787280556,67.7215311110667,0.843912716245157,16.231735127116238,-0.31154848643130606,True,True
35fbaa28-150c-4c36-9eb3-951aebca9d15,3.5169978255877457,2,4,9,back,64.81017096404344,67.2,44.88,66.19194452455704,53.59242417428184,9.58448599078325,18.966929336547103,77.74319740427612,68.39810724664574,1.0080554754429585,13.607575825718165,-1.381773560513608,True,False
363425c5-45f0-4a00-bf97-54425354239c,16.278863376851977,0,0,9,back,74.27494466341135,88.375,50.32,69.06342348937198,52.820739592446046,20.032125082921784,33.088001399142755,88.375,77.08716612774074,19.311576510628015,35.554260407553954,5.211521174039362,False,False
364dc0a5-8654-437a-99f8-cd234055804d,1.1588218274517759,1,1,9,back,73.61489688072834,74.63749999999999,6.545,65.29049005276445,51.293838477079476,15.687949220079853,34.86657068208794,77.8108349716485,72.9866700415356,9.347009947235534,23.343661522920513,8.324406827963884,True,True
36c1c27f-f9c9-4506-a2d1-af2aa973e93d,5.747344670527948,0,1,9,back,76.7999680676414,80.2375,65.62,74.3119540985398,55.50953749211247,15.812884367877372,30.74552327755753,87.9743669442801,81.41580211417447,5.925545901460197,24.727962507887526,2.488013969101601,False,False
3703f9cc-0c00-4dfe-9fef-6fd7cd923a58,1.3114902932270314,2,3,9,mid,49.29289589389647,48.3,63.665000000000006,60.16677571107135,46.02762455274988,20.670486648026294,39.96254719900147,74.68076416380964,67.44984905701892,-11.866775711071355,2.27237544725012,-10.873879817174881,True,True
371a3004-25b3-4c11-907a-929319ce4823,4.616619054939141,1,1,8,back,82.70700941796332,87.2375,64.515,78.20787979524364,57.622604211088934,15.114185209802985,43.47685848422942,87.23750066757202,83.57593054463774,9.029620204756355,29.614895788911063,4.499129622719678,True,False
372a1c29-1833-4272-b7df-426fbdd93e51,1.0687199136067533,2,2,9,back,65.24999811289382,64.4,22.355,66.64842945246941,50.30359527936689,8.79914980017483,12.202211186365826,76.29503175997675,73.63083279781313,-2.2484294524694093,14.096404720633117,-1.3984313395755947,True,True
3793e6cb-7412-45f7-805b-1fec7bd4a3be,9.938442936812342,0,1,8,back,81.2697579524046,90.9125,43.095,90.82030086654028,69.80550868914591,13.77502814476158,25.40821703298589,103.84569059412195,90.20741091859988,0.0921991334597152,21.106991310854085,-9.550542914135676,False,False
3793f843-a3c6-4087-8baa-c5a347bc3190,8.029279230390806,0,1,9,back,62.32135279779364,67.4625,1.19,65.46340215120543,50.975433261329584,19.15888130642027,37.96747221157223,78.13894934858835,71.89968861402198,1.9990978487945767,16.48706673867042,-3.1420493534117924,False,False
37afaf0e-c136-4af5-ab37-8424dd1ec1b8,0.8339548052213744,1,3,9,mid,55.28564744735313,55.5625,28.305,70.26626762272899,52.23225534211826,8.388612551744838,22.95951765732265,89.85016964561021,78.28250227307461,-14.70376762272899,3.3302446578817424,-14.980620175375861,True,True
37b4944e-8730-42b5-b700-3e8a5f65ff7a,2.422728945194285,1,3,9,back,68.8616806066482,68.1625,24.905,72.70832442348402,54.51387561480375,9.942706538081737,25.462827052374056,78.92796440984336,76.44975672698169,-4.545824423484021,13.648624385196243,-3.846643816835808,True,True
37c0109d-6476-4d00-ac18-972686c27fb7,6.127590254554785,0,3,9,back,59.44629944456701,65.45,27.03,64.74679415590899,49.56366520082996,7.713768668638146,19.65465619955993,74.86351001444088,69.2611224313979,0.7032058440910163,15.886334799170044,-5.300494711341976,False,False
37c9fedd-4921-49f6-aabc-6734828258d0,5.197224050881323,0,1,9,back,77.36938669428736,80.4125,6.885,74.53132678422122,53.285081323393115,11.522635419731769,31.46090188852244,91.63250926701605,81.01034639003396,5.881173215778773,27.12741867660688,2.8380599100661357,False,False
37fc8882-d989-416c-8051-086dc8608d11,12.956411196448595,0,0,9,back,74.01950547643777,86.8875,48.11,71.5208084428674,54.999312112916854,10.587312054584654,31.473395309799105,86.88749933242798,80.91458277268383,15.366691557132597,31.88818788708315,2.498697033570366,False,False
3831e2b1-1898-49b8-8b9d-cb76df7cce28,7.696675345962896,0,1,8,back,71.83565548311545,77.6125,63.665000000000006,66.97817748674392,53.584163323452366,8.555120009128416,28.682386895772915,78.84631676674181,75.18056167475223,10.63432251325608,24.02833667654763,4.857477996371529,False,False
38373f49-d364-4186-98b3-c874ccc1f619,31.89280575706343,0,0,9,mid,65.03082648994322,38.0625,55.08,81.4920333335335,68.02235958761983,10.905197986846767,31.48664544176593,81.9958273034656,73.11405342190642,-43.4295333335335,-29.95985958761983,-16.461206843590276,False,False
38492a57-e73d-4915-9a1b-f89d89b701ae,9.938442936812342,0,1,8,back,81.2697579524046,90.9125,43.095,90.82030086654028,69.80550868914591,13.77502814476158,25.40821703298589,103.84569059412195,90.20741091859988,0.0921991334597152,21.106991310854085,-9.550542914135676,False,False
3849e38d-a949-4b58-b01b-60a6af2457c2,6.530175289017535,0,2,9,back,60.81627345828127,67.2875,17.68,69.8087667115139,52.53075197282534,18.18479467364108,42.16659103285947,78.23817915220964,74.46908248315718,-2.5212667115139027,14.756748027174652,-8.992493253232624,False,False
385869c2-6b04-4849-896c-25d3c8a988f4,8.581881786059089,0,1,9,back,65.72684173022705,72.01249999999999,62.98499999999999,67.51097756354065,52.90889838772277,13.590228774132214,40.95877482685421,84.43161876749905,74.80264801574974,4.501522436459339,19.103601612277217,-1.7841358333135986,False,False
385bf8f1-fc3e-4771-90ac-94fb5d3839a9,1.9296267855164715,1,1,9,back,55.82974693004018,57.75,65.36500000000001,63.64210202451152,47.88628065773629,16.963728922944746,34.58084867079954,82.93109909766562,76.28138275728236,-5.892102024511523,9.863719342263707,-7.812355094471343,True,True
386c65c2-ecf6-404c-ad76-53c6fc60c9ca,10.001381915593061,0,0,9,back,67.98879310464575,77.7875,45.56,64.11654705091718,47.2022156101707,10.875143324489152,32.02378800597864,91.66542354083893,81.52395152373539,13.670952949082817,30.585284389829297,3.872246053728574,False,False
389d0679-175e-4148-8d3e-4426131569c0,1.2532144816070343,1,1,8,mid,60.15792352719745,60.6375,3.06,77.10405033405675,54.90065223413924,15.95326871526226,35.04805136996836,84.8245610103733,77.48096769639285,-16.46655033405675,5.736847765860766,-16.946126806859304,True,True
38b41095-60eb-439d-ab78-e8db041c1556,11.88595070987327,0,0,9,back,62.4381269484596,71.8375,14.62,58.03689672154794,47.61534275156158,13.626178867720515,33.600576209035,71.83749866485596,64.07783314398546,13.800603278452066,24.222157248438428,4.401230226911657,False,False
390f8530-f79c-431c-9725-5ce9b599d426,10.833192038204336,0,0,9,back,71.37158926502832,72.1875,43.18,61.80532565707539,45.07749019913464,12.94917130512346,35.07773959330132,79.76894562109032,73.40792375302377,10.382174342924607,27.110009800865363,9.566263607952926,False,False
395d4f8f-6d5d-4004-8790-084e41bdfcf7,11.2423168321774,0,0,9,mid,52.74705499543963,49.0875,11.22,73.88034625662111,56.63683600647641,22.20883986085621,52.10976159580533,81.82143181204881,78.02635782133424,-24.79284625662111,-7.549336006476409,-21.133291261181476,False,False
39a87b9f-dfa9-4304-b552-841196c9c6c8,2.6046114972212293,1,4,9,back,68.73295276581221,66.2375,65.28,67.22710428477892,52.51248961801956,7.902513372945172,19.018515727238945,86.64310760237666,78.78901576726261,-0.9896042847789204,13.72501038198044,1.505848481033297,True,True
39e7e3a2-887e-43c9-9f3b-f762b526c169,15.233560284237004,0,0,9,back,65.02921286879082,78.75,53.55,59.92075792049232,47.05089856241302,13.986301033878531,40.08246419872235,78.75,69.06991540834802,18.82924207950768,31.699101437586982,5.108454948298501,False,False
3a0dc7b8-2e0a-42a4-a018-c1e013cb7012,2.971307207705191,1,3,8,mid,56.9048814953326,59.85,9.18,64.68621240726279,52.05333350968457,11.95504261487676,35.737769851663856,79.81909164369065,70.12195386182532,-4.836212407262785,7.796666490315431,-7.7813309119301834,True,True
3a3939f7-ae29-410c-8256-08dc05f867a1,4.636307380243109,1,2,9,mid,69.5154801431569,72.275,48.96,82.02818126458338,63.4873745252068,20.7910520343912,29.80457520956755,91.04380319987608,90.25749143696574,-9.753181264583375,8.787625474793202,-12.512701121426474,True,False
3a3d932e-218e-4a08-aa4e-72e5e12f911e,9.979234132079577,0,1,9,mid,49.657691070024754,45.325,33.15,65.785251130238,51.04627587686143,10.654414489716444,22.90186423119609,67.71701693895838,66.5536687582011,-20.460251130237992,-5.7212758768614265,-16.12756006021324,False,False
3a46f6de-a7ba-4316-b7ff-730097fa0181,27.69408023728688,0,0,9,mid,57.98947473263988,37.8,13.175,71.67980640947414,62.311908063796295,13.339782534823428,26.85575119711736,71.83777155814732,67.39421601424051,-33.87980640947414,-24.511908063796298,-13.690331676834262,False,False
3a6c765d-42ed-4c40-9793-7b1988bb0b6a,6.234027337670129,0,1,9,back,67.37512993275251,69.82499999999999,17.085,59.39987447667206,47.45007886899616,15.38624245486896,27.608437605046426,76.79356228571542,71.47922442938471,10.425125523327928,22.37492113100383,7.975255456080454,False,False
3a803106-f45f-470b-8a53-dab4f1475451,6.576496948546771,0,1,9,back,67.52002911770735,72.44999999999999,66.55499999999999,67.24854442619758,52.36977632849768,5.585449479443064,16.92663265632207,86.73292858180488,78.23387991808204,5.201455573802406,20.08022367150231,0.2714846915097695,False,False
3a980bbc-a200-4735-b6b2-e2c452321eba,6.6312532470149055,0,3,8,back,55.38749933242798,51.3625,37.57,60.24235925805024,43.02770195635727,12.248684928691766,30.966804881230864,58.34899668363679,56.22827866354817,-8.879859258050246,8.334798043642728,-4.854859925622264,False,False
3aa3df5d-6c5e-40d5-81d3-699fa756f874,1.1694253925300313,1,2,9,mid,56.36572276791663,57.3125,2.125,67.78774144207298,53.90304823299768,14.837062070066835,37.41865422641737,82.72599418847753,75.73891258027312,-10.475241442072985,3.4094517670023166,-11.422018674156355,True,True
3aee1fba-8904-45ae-90dd-634ce6d57b37,5.884812102594274,0,1,8,back,84.55302109938252,88.725,65.02499999999999,79.77682222710803,58.69939847229685,15.968414312456384,40.588691240235406,88.72499966621399,84.59967312686754,8.948177772891967,30.025601527703145,4.776198872274492,False,False
3b183b85-eca6-4091-b68e-93dd67cd97b3,5.294851714103192,0,2,9,back,68.85642332077362,70.875,55.42,63.9552664230108,48.52554975994489,8.439024697614492,25.275697765825925,70.875,67.89069456293305,6.919733576989202,22.349450240055113,4.901156897762817,False,False
3b28984e-2597-49c3-b70e-50db5294c08f,3.6105637438159532,1,1,9,back,83.31453642463441,86.8875,40.885,75.06105773308033,54.48900306671611,14.431114032357293,34.292399294511895,86.88749933242798,83.07716944444348,11.82644226691967,32.398496933283894,8.25347869155408,True,False
3b3c4a44-2195-4d2b-ba9b-b2e17033b1dd,7.98341244261892,0,1,8,back,68.10875492668582,75.94999999999999,57.205,72.43714823250585,61.88657770289785,10.740438270775355,21.80366457005357,84.58300430194824,81.64978368773566,3.5128517674941406,14.063422297102136,-4.328393305820029,False,False
3b44935a-dd01-431e-bea0-280619b03385,1.7520474479844466,2,5,9,back,63.77569811873472,65.275,54.23,69.45744747278674,56.13817128497365,12.14286840699092,22.789277657214768,71.64806315426884,69.35654680145404,-4.182447472786734,9.136828715026354,-5.681749354052023,True,True
3b951a11-cb28-41a6-bbdc-994c24eec85f,5.436771025805371,0,2,9,back,81.72965989266356,85.4875,62.815000000000005,84.58124451686649,59.16242126910933,10.285263151673725,29.14162049647673,107.12419177864724,96.44978903316564,0.9062554831335063,26.325078730890667,-2.8515846242029284,False,False
3ba5c0c5-2da9-4851-a2a9-ad66c730d5e0,1.7708942889614387,1,1,9,back,71.49688861026348,73.2375,29.325,74.3293054922101,55.46105482840851,10.107672555351508,32.03295842593974,86.7182240805681,79.10822064791323,-1.0918054922100993,17.77644517159149,-2.832416881946614,True,True
3bbed419-8ae7-451c-a85b-22849201caf8,5.043517459428256,0,2,9,back,58.365412673806475,62.2125,63.155,60.27673506486806,46.12845924034939,16.052655838737497,39.33184636576495,73.42229053136381,67.64824710487976,1.9357649351319353,16.084040759650605,-1.9113223910615886,False,False
3bc127ce-d957-495c-91c6-365855647c7e,6.006335567077505,0,1,9,back,77.12235240569566,83.125,61.03,67.60918249685037,53.05072825261332,21.91607346170898,34.527871857254766,83.125,75.88995323284664,15.515817503149634,30.074271747386682,9.513169908845299,False,False
3bc7d80c-9e9e-4cf2-8704-adaa845e4f44,0.4381868430903918,2,4,8,back,54.60129073457889,54.775,62.815000000000005,62.601564774093035,51.013963131536194,20.844502914644185,32.50762180444937,80.6754101533512,75.42458880060849,-7.826564774093036,3.7610368684638047,-8.000274039514146,True,True
3bc87d91-8302-4589-a749-58dbf8a51a52,15.297196500698467,0,0,9,back,62.88438085802192,75.425,20.145,59.96851537823323,48.80034807958513,17.125361459697295,35.287444275031746,89.49096352465538,77.25351985719203,15.45648462176677,26.62465192041487,2.9158654797886925,False,False
3bf36eb0-af6c-4b40-a9c8-95bf4945b097,1.6320416861695672,1,2,9,back,69.18459313412242,70.0875,4.675,65.48406049690844,52.44429697859248,11.373155287366622,28.683426565923185,83.10310362900056,76.51524270885986,4.603439503091565,17.643203021407523,3.700532637213982,True,True
3c09ecf1-b44b-42dd-ad2d-6ae119e24cb2,1.918996617378869,2,5,9,mid,53.9642427782832,54.25,35.870000000000005,64.75760462896923,49.17911685032124,18.00400066089222,30.3798770944972,73.29020705482975,70.40986480887699,-10.507604628969233,5.070883149678757,-10.793361850686033,True,True
3c1a43af-6e85-46dc-acb7-bbf3f315f9ea,7.999848996826023,0,2,8,back,62.80811582059975,69.2125,62.645,70.26591211021827,58.92482245589154,12.77253640708053,29.366558734387425,77.70145117828383,72.77064613063175,-1.053412110218261,10.287677544108469,-7.457796289618514,False,False
3cb51954-4a07-4dba-a841-79ea978fd849,13.715761016797154,0,0,9,back,80.54403518691701,93.975,39.865,76.29109294705084,55.258959071565,12.852413278669534,36.70593582937888,97.81588537636318,89.58176795239036,17.683907052949152,38.71604092843499,4.252942239866172,False,False
3cd3c272-dc22-4c25-b408-22d16b74756d,16.18120900412739,0,0,8,back,76.64964389210365,84.0,42.33,62.71841347067008,48.36616573606008,10.597646188136409,28.60396757332597,84.0,75.08575068157,21.28158652932992,35.63383426393992,13.931230421433575,False,False
3cf3a7cb-6424-4611-acaf-d16d54b581bc,12.964843488579456,0,0,9,mid,55.1257427876987,42.875,63.325,64.53672554794032,53.90507389342833,31.785545784794376,57.90189229468098,72.94650974848274,68.24713603744728,-21.66172554794032,-11.03007389342833,-9.410982760241623,False,False
3d0a7759-ff4d-4ab9-ab74-86f584ceb781,1.1811459839033076,3,3,8,mid,50.483484124147274,51.625,61.540000000000006,59.079462419542075,48.59310748298139,19.254051290251297,34.125611679189845,71.65349641813927,62.90837472426762,-7.454462419542075,3.031892517018612,-8.5959782953948,True,True
3d24c7f7-83d3-41a6-ba3f-0723d01ac562,8.247774059503394,0,1,8,back,62.61952916341831,66.85,41.395,66.50952709120462,50.27687371432371,8.512305298260173,22.045780208810577,76.53164038827673,71.31853533130507,0.34047290879537684,16.57312628567628,-3.889997927786304,False,False
3d58e3d1-2dcd-4345-8f70-816b4a0756c4,0.9850712729086769,1,1,9,back,57.96607156681865,58.625,48.96,65.15226316739049,49.81867243031769,18.094443546589783,35.244300882932976,77.79677457530568,73.53571913319584,-6.527263167390487,8.80632756968231,-7.1861916005718385,True,True
3de7226b-6dcb-403e-ad06-c8dcd7a47aca,1.063706284171447,1,2,9,mid,52.57301355588301,52.9375,1.7,64.29290603577836,51.62677703857208,17.297007435707872,43.77744884393648,68.55851417331434,60.47831582883076,-11.355406035778358,1.3107229614279206,-11.71989247989535,True,True
3de8fe08-a5a6-4daf-94c1-a51edeaf0815,2.7026104142803704,1,2,9,back,74.62453894542405,74.9,60.690000000000005,64.55506626868794,48.47544944359233,24.92546772967636,36.94524770399392,74.89999866485596,69.39923263785273,10.344933731312068,26.424550556407674,10.069472676736112,True,True
3df4c5f3-e2f8-435c-aef6-9fbaa1db62e6,11.398167379897073,0,0,8,back,64.15812624379653,72.1875,42.5,61.64470227416628,47.428081285718434,16.720162833718703,34.57264177001208,72.1875,68.60290580568075,10.542797725833722,24.759418714281566,2.513423969630253,False,False
3e2fdc52-26c5-4183-ba67-11a4e40cedcd,1.4018860163304399,2,3,8,back,62.84532955629393,63.9625,14.195,60.90143463395881,43.752400179886195,17.02932769920349,37.334601709713176,78.62025593730795,67.76683876338035,3.0610653660411913,20.210099820113804,1.9438949223351258,True,True
3e646fc0-25c4-4e26-b566-2ebdd01d72a9,8.119356254594868,0,1,9,back,65.8028860415286,67.9875,62.475,61.49197303071882,46.59771663933313,13.89453302417072,36.61792506792953,68.84852860846084,64.13157987884951,6.49552696928118,21.38978336066687,4.310913010809777,False,False
3e9823c5-d937-4a29-ac50-b454dc4485d8,8.56463675898756,0,1,9,back,63.61869554570411,71.13749999999999,63.75,60.962618663607586,47.90773833648637,13.212211238971008,36.90718414543744,71.13749933242798,64.60539966355955,10.174881336392403,23.22976166351362,2.656076882096521,False,False
3ebae950-049a-4880-a884-f7a901cdedea,12.801321741016055,0,0,9,back,83.00758903194549,85.1375,27.54,72.25822530016352,55.06387654778713,10.236115671533383,25.92066420806166,90.67726995740121,82.37045953782375,12.879274699836486,30.07362345221287,10.749363731781969,False,False
3ec15be8-d23f-45d6-be6b-317f380ef77c,5.75779922478465,0,1,9,back,86.17543603087927,91.6125,26.35,71.32823513630606,52.98293031424345,9.885868534429246,30.38996469645578,91.612499833107,81.20017970307671,20.284264863693934,38.62956968575655,14.847200894573206,False,False
3ec50551-9323-4da0-b447-cc12e8e53016,21.99314103250934,0,0,9,mid,57.254832495234545,35.2625,55.845,70.64938869434926,54.141284225841616,13.058806198436734,42.97431393447925,76.32371769113145,70.84947055217366,-35.38688869434925,-18.878784225841613,-13.39455619911471,False,False
3ef95936-e398-4251-a4eb-039796c28493,9.9120414639302,0,1,9,back,61.81213937829656,61.6,1.19,62.40440361995095,50.84267100371794,15.225896580910298,26.39851756106699,77.37810909200155,71.34195927334827,-0.8044036199509463,10.757328996282062,-0.5922642416543908,False,False
3f1fca39-8b4c-4a97-9c32-defa93712b17,5.100531546156528,0,1,9,back,57.34553163922306,56.2625,64.77,60.5703026758726,46.6646313539194,14.033792951019112,36.130485613092816,63.44002818896506,56.40765281606621,-4.307802675872594,9.597868646080606,-3.2247710366495355,False,False
3f25d94b-c1d9-4731-a5e1-843db02685b6,4.980828099237732,1,2,9,back,74.29047070520357,78.3125,53.38,65.53137447790924,50.38505742605794,10.358758378065763,31.948321563846434,78.3125,72.34511744002106,12.781125522090761,27.92744257394206,8.759096227294336,True,False
3f2f163e-bc29-43e0-ab36-140f5e6ddb23,8.274167477410497,0,1,9,back,71.39655610245308,74.1125,58.99,66.11417044189767,51.883392324725264,11.737367113712745,33.697860935441106,80.59510102246918,70.92832859415779,7.998329558102327,22.229107675274733,5.282385660555406,False,False
3f312bbe-b41a-4402-ac11-f6e12aa7b2a3,0.8510394272311479,3,3,9,back,61.45592099809352,62.2125,6.375,64.54974359519966,49.59308443118647,23.77651336238613,31.251375973016167,80.40294510739223,72.97102426735987,-2.3372435951996593,12.61941556881353,-3.09382259710614,True,True
3f425b66-2782-4a0d-83da-c184d7dea987,11.854197754908114,0,0,9,back,55.17765118525919,67.025,60.35,58.588023510721385,47.1194955398053,17.213251109054763,39.326116392536434,69.42760637096646,64.51583464224257,8.43697648927862,19.905504460194706,-3.4103723254621983,False,False
3f4d1b32-786b-4d75-bd48-681d831f5b12,18.56570557872667,0,0,9,back,71.39841125364006,89.3375,29.58,65.1576332077929,49.41132483118291,15.392696241214878,37.93718308325059,89.33750033378601,77.6004315924143,24.179866792207108,39.926175168817096,6.240778045847165,False,False
3f4f64c6-9b1a-49a2-b273-73f78a24cb32,1.2264824411714204,2,3,9,back,81.59739531673263,81.1125,51.935,76.84162925419587,57.96134389463313,14.54455905980618,24.081886204295557,93.59026187174628,84.9678845932295,4.270870745804132,23.151156105366866,4.755766062536765,True,True
3f5d2f8d-571e-4abe-812b-dee2149ff799,4.059443930760477,1,2,9,back,68.69128189813833,64.6625,27.2,60.1802004012946,45.979206700594126,18.342794501932623,33.183203522746524,73.79934471211516,69.91416467272843,4.482299598705396,18.683293299405868,8.51108149684373,True,False
3f86b2fe-ed9a-4669-8400-da5e0262816a,6.132377248613015,0,1,8,back,57.676162051920215,62.2125,9.435,59.11043620847808,47.86043050917563,12.39698684669385,29.54703810433273,74.87039779894201,67.70861502652421,3.102063791521921,14.35206949082437,-1.434274156557862,False,False
3fa9e5ce-09f1-4f81-abb3-e6ae9f2bab5a,8.061487397439027,0,2,9,back,73.0954909513238,68.775,44.965,71.80250924604546,52.43253548742696,21.831119334716085,31.24891703952304,76.18807082705646,72.417263252286,-3.0275092460454545,16.342464512573045,1.2929817052783363,False,False
3fd1fb2d-b7ce-4a15-86b0-0e348d440deb,3.3207832876213734,1,4,8,back,84.60202717260051,82.1625,20.4,76.26198850987554,66.66447807565939,5.647771630732066,16.704144656924086,100.20141928573395,87.11419937492293,5.900511490124458,15.498021924340605,8.340038662724979,True,False
3ff7f194-cd88-41ea-9586-2267059096bb,0.5330274375566836,1,3,9,mid,68.60509847266255,68.3375,35.105,82.58371565336313,61.9374025982494,5.192492412393797,12.595544154302663,98.86591675490345,86.3194331168112,-14.246215653363123,6.400097401750607,-13.978617180700581,True,True
401f76e1-bd90-4f5f-8a4a-a7c68d773e77,1.5830301939627587,1,6,9,mid,47.59829510223121,48.3875,38.845,60.53702163953551,47.1524189667809,19.03606558134672,30.64850861727163,68.03254651916725,66.10869456789277,-12.149521639535507,1.2350810332191031,-12.938726537304298,True,True
402b8f03-4443-4fa8-95bc-ec70a6660354,4.966659677990654,1,1,9,back,63.52937465610753,59.7625,1.615,65.74195224199305,48.221249477136695,12.469082104653744,22.440338303762115,73.04260272190822,65.42853685914038,-5.9794522419930445,11.541250522863308,-2.2125775858855192,True,False
403503e1-0628-4d99-94d5-18ed0d732b27,9.505538276073002,0,1,9,back,76.12595649797008,81.9875,12.325,67.96400437918564,51.29443158793776,10.308656647140662,26.803445208192294,93.66922178003212,81.45189406159537,14.023495620814359,30.69306841206224,8.161952118784441,False,False
4078091e-8c8a-4eef-beb5-b6705e3cbcf2,0.971955017019305,1,1,8,mid,50.40104447355502,51.0125,41.48,64.06107581276991,45.00144413454456,13.766218791552792,39.504121095969936,76.03682511105798,65.2519349277756,-13.048575812769911,6.01105586545544,-13.660031339214896,True,True
40f2bc11-3968-4ed8-99bc-f1c00eb00c25,1.9158401339734514,3,4,9,back,60.172547888541246,62.0375,4.93,63.3153266269382,51.177649256313984,17.78944378379262,22.251284260315344,77.5044494314623,71.52573385456357,-1.2778266269382001,10.859850743686017,-3.142778738396956,True,True
40f8484b-69a6-4fe4-94bd-20fe0898fcc9,17.30431994652206,0,0,9,back,73.78533360935968,90.3875,42.415,67.10402407700559,52.085563937475314,7.00790383906984,21.282597158308747,90.38749933242798,76.60254089916339,23.283475922994413,38.30193606252469,6.681309532354092,False,False
4134cddf-3706-4745-aab0-d2331b7b041a,7.323609442004182,0,2,9,mid,56.85953009450586,61.1625,38.76,73.0117894852835,57.71055806729267,15.941838978073736,30.133444561250613,85.79862610420875,79.21938929231086,-11.8492894852835,3.451941932707328,-16.152259390777644,False,False
4147a27b-d3a3-49cc-b26a-11dc8b3c12ec,15.847468278873052,0,0,9,back,79.08109826461758,91.2625,46.07,72.1319701950126,51.125949859728145,12.54860041800891,44.69485739698827,93.67052910808874,88.55213391053306,19.130529804987404,40.13655014027186,6.949128069604981,False,False
41529f30-e9a4-4d60-a176-8689f57d1505,2.135305904154748,1,4,9,back,67.51357238017377,67.8125,48.365,69.0127409810294,53.797974882016675,13.52781492152438,29.601892113261695,77.61990416237272,73.74335009377238,-1.2002409810293955,14.014525117983325,-1.4991686008556258,True,True
4164639d-8571-4b2d-9a2c-db3fce056bf1,16.16137861335146,0,0,9,back,76.64997751409618,92.225,47.26,68.76441733722946,51.2695003655671,14.961416398073858,27.577927638822068,95.36505602442718,89.84867654279806,23.460582662770534,40.9554996344329,7.8855601768667185,False,False
419e22dc-dd65-4406-8cb2-c5dee456e14d,2.559219099897121,3,4,9,mid,56.961011147378315,57.05,53.21,67.1404580356442,55.07130446832849,11.33571862894437,19.14012362751745,76.27458079128053,74.11072191095782,-10.090458035644204,1.9786955316715051,-10.179446888265886,True,True
41bb2f1d-4789-448d-8a77-0a48a078a516,6.031030648256157,0,1,9,back,64.31951812769563,70.35,50.49,60.71862949175282,48.29896124773367,7.158161113064736,18.755847165636816,70.35000133514404,61.47628177050279,9.631370508247173,22.051038752266322,3.600888635942809,False,False
41cc064d-472f-4e62-839f-77617ffe7bd7,13.779837599718535,0,0,9,back,72.95198263200997,71.6625,56.60999999999999,63.201137824805095,47.830768823476475,14.460174089999384,33.53124565791291,78.51063165722456,71.08673877952042,8.4613621751949,23.83173117652352,9.750844807204878,False,False
41e36988-ce14-4aaa-9c00-eabbcdab46b5,9.83758854427463,0,1,9,back,71.20192880397167,79.45,52.105,63.85615818289331,53.87164378533401,12.03240846522876,34.66210002592048,83.96292376527406,77.21257068663361,15.593841817106693,25.578356214665995,7.345770621078358,False,False
41f4a7a9-c14c-4d98-9bd8-8de717388cff,17.6632210727066,0,0,8,back,73.54420369706449,91.175,17.425,61.54476462643859,46.43223074221851,8.24048401230647,23.798545420490807,91.174999833107,77.19889845758728,29.630235373561405,44.74276925778149,11.999439070625897,False,False
4209d36c-f147-4c84-b7e5-b31cd3a9a0e4,4.201524497343301,1,1,9,back,69.33945857254834,72.1875,4.08,71.18641337643264,52.38610871430489,15.332151175745588,40.22984905404846,80.16619173479305,74.26628004406828,1.0010866235673603,19.80139128569511,-1.8469548038843016,True,False
42324720-439a-4d7c-887e-32b2cac84746,18.3310297807338,0,0,8,back,75.27172278657395,91.525,39.95,69.69376889467237,56.06493690585313,14.865969058113675,42.14379872219375,91.52500033378601,81.56514111748204,21.831231105327632,35.460063094146875,5.577953891901572,False,False
42336347-6e22-4f8c-95ec-7d5cf9388336,0.6686819111881465,2,3,9,back,66.45922763848094,66.675,26.605,70.8131367073548,54.844528729258656,15.30915910165854,27.20917948009004,76.99116426427042,75.23693806490174,-4.138136707354803,11.830471270741342,-4.353909068873861,True,True
423d77c5-3b5b-45da-9880-6e16c48e6d03,6.866319654487546,0,4,9,back,71.23563820282298,68.8625,45.645,68.72206971856613,51.979752155685304,11.325181190036826,21.780117717189032,80.54686003039687,72.26190003247436,0.14043028143386493,16.882747844314693,2.513568484256851,False,False
425f2fa6-18cf-4e13-aa88-76252f6095ed,16.99499798704426,0,0,9,mid,41.183248466774394,36.66250000000001,11.05,66.2656334047072,50.19934240757478,26.41951927980689,61.27851064870941,94.54722505919932,77.6624754772169,-29.603133404707194,-13.536842407574774,-25.082384937932808,False,False
427fa09b-70f2-4bd9-a2f6-fdbf8c9da417,7.584613328398989,0,1,9,back,59.83025384771361,65.7125,44.71,61.88537749359097,50.06843091842471,11.252013819338517,32.9838127768876,76.0841487172123,68.14604218309665,3.827122506409033,15.644069081575296,-2.055123645877366,False,False
42c9ff98-51f0-4a8b-aee6-7213de028fb6,15.09230438705347,0,0,9,back,66.57662810246158,75.1625,18.36,59.31670304941237,48.74744649956399,6.790906740285658,22.49232546331357,86.97493464376835,75.15527243834435,15.845796950587626,26.415053500436002,7.259925053049216,False,False
43184b7b-f588-4d40-860f-766c02163f0e,13.779837599718535,0,0,9,back,72.95198263200997,71.6625,56.60999999999999,63.201137824805095,47.830768823476475,14.460174089999384,33.53124565791291,78.51063165722456,71.08673877952042,8.4613621751949,23.83173117652352,9.750844807204878,False,False
43191227-7288-4761-8061-80a1a9de1f70,1.2331905303450472,1,3,9,mid,52.156645687828195,53.2,15.214999999999998,71.82156550172888,54.76849486525674,8.620553985839585,26.58185940841958,81.2121263665972,75.45894708258649,-18.62156550172888,-1.5684948652567385,-19.66491981390069,True,True
433dbc22-9e1c-4b64-87ee-3414631e8f31,2.428838259090696,1,2,9,mid,60.95805131498824,63.175,57.88499999999999,75.38981203087998,56.5388819487214,17.201233652509934,31.6704307835319,85.57946425797402,81.60703786683473,-12.214812030879983,6.636118051278601,-14.431760715891741,True,True
4384384b-5a13-4d94-aac9-810a25853a16,3.1941544386866934,1,3,8,mid,50.3654000431735,53.55,65.02499999999999,58.25352634676331,47.42872008728099,12.883830416313842,36.827713290745486,71.04520989580695,65.03584790639013,-4.7035263467633115,6.121279912719004,-7.888126303589807,True,False
438acf07-3e31-451d-aad2-cadd42e80dfa,2.716965121617286,2,5,9,back,70.6083716654001,73.32499999999999,47.855,73.32195259603792,57.564010428369144,5.834374556526413,13.63615203432893,85.70286222938014,80.24647942449064,0.003047403962071371,15.760989571630844,-2.713580930637818,True,True
43a0fbc8-443f-449a-825a-4d28000496e7,4.162909092480291,1,3,8,back,58.72381866739266,61.1625,23.46,60.36777886850619,52.54103865025204,11.931555908366349,29.35901033565193,76.35947411330983,72.32471849697036,0.7947211314938087,8.62146134974796,-1.6439602011135293,True,False
43a389f5-a86d-495b-9cac-4b8e47d8f1c4,6.88211158898874,0,3,9,back,68.1189569751788,66.7625,25.67,71.69086714288869,57.25084155027936,15.080035033380618,27.261688019728588,82.02032627824497,77.66590317596705,-4.928367142888689,9.511658449720642,-3.5719101677098877,False,False
43a629db-08a2-4a04-a886-c9c7bf636adb,0.7819088707298756,1,2,8,mid,49.29477637089028,50.05,38.845,64.28031185829576,45.34514289370976,16.577713107635645,42.33975470180489,77.14389250539307,71.90293618552874,-14.230311858295764,4.704857106290234,-14.985535487405478,True,True
43a7888f-b377-4424-82ed-cae228ed8c36,8.089066007127405,0,1,9,back,61.444864844559945,67.9875,61.455,63.27106462350811,49.38110304794877,12.775558888479935,35.27928245911461,82.36191137377114,71.7951915792835,4.716435376491887,18.606396952051227,-1.8261997789481654,False,False
43c26cb4-cd4f-461b-aecb-89c0ad4b2cc9,0.8339548052213744,1,3,9,mid,55.28564744735313,55.5625,28.305,70.26626762272899,52.23225534211826,8.388612551744838,22.95951765732265,89.85016964561021,78.28250227307461,-14.70376762272899,3.3302446578817424,-14.980620175375861,True,True
43ca1b23-fd6c-4b23-8071-8e0d3dfde7b0,1.1357288501844294,3,3,9,back,63.80416468918894,64.925,4.59,69.31171957873644,51.74243518174063,16.123054728875832,30.768211240304776,86.46910475114923,75.64202615552956,-4.386719578736447,13.182564818259365,-5.507554889547507,True,True
43ddc9c2-592f-41d5-9650-20621cc2afcf,3.4948181355650347,1,3,9,back,64.98714671450031,68.3375,60.265,62.88001819407247,49.48503718026314,13.541507149037969,36.06447916785152,84.52773855820284,73.09604739716973,5.457481805927536,18.852462819736864,2.1071285204278425,True,False
4461e1c0-1d68-4e15-be11-27fd48fb791f,13.64452376608294,0,0,8,back,71.55881826896147,85.1375,51.765,73.23984010730133,55.37790931993035,10.97282304262228,32.35431188548474,93.56709967690364,87.86023595618465,11.89765989269867,29.75959068006965,-1.6810218383398592,False,False
446c7ff3-23c3-4e21-a6d0-db9f42b00553,5.352339172204017,0,3,9,back,70.03856433645755,65.1,51.68,72.39508440268145,57.10722498430554,5.827608295005753,13.596348662513485,82.85146742891342,74.56550362546295,-7.295084402681454,7.9927750156944555,-2.3565200662238937,False,False
448c5f16-2bfa-481f-9b05-6a156bc7656e,6.704183996762742,0,2,9,back,66.45108040551327,72.975,50.235,60.32042764800431,45.90111931806105,15.118911450438237,31.20853282107084,75.47920634607567,70.37615002522598,12.654572351995682,27.073880681938945,6.130652757508955,False,False
448fa874-74c9-4196-aa5e-70c93e42f52f,16.968329494285577,0,0,9,back,71.60244058436548,87.4125,36.125,63.62103955531992,50.84143851946033,7.226630619635301,20.24444973082931,87.41249966621399,76.57083728880946,23.791460444680077,36.57106148053966,7.981401029045564,False,False
4537ac9b-2319-4a9b-bd10-93cd7969e8a5,4.856019558756316,1,1,9,back,58.47496673268476,60.9875,52.7,61.95479161030895,44.83775257662377,11.268221173743193,31.071982573155157,73.7259046666573,67.96599758329492,-0.9672916103089548,16.149747423376226,-3.479824877624189,True,False
45514642-bc42-4bf2-913a-f3036c4a9faf,4.976571401313355,1,3,9,back,61.80327928493746,65.45,22.185,66.89585381817386,52.23116859617811,12.443657529627671,30.571795236377472,69.53128842723487,67.79017055007878,-1.445853818173859,13.218831403821895,-5.092574533236402,True,False
45696807-0993-4425-969a-f2f474c96c3f,1.0896730421513046,1,1,8,back,86.12649787022933,85.75,59.84,86.82038288973902,67.39158644103622,15.297261976877364,34.50730590592989,92.45227512603527,86.60590267621387,-1.0703828897390224,18.358413558963775,-0.6938850195096933,True,True
45872714-998f-4cba-8e72-120cdd897eb2,1.8047000117072067,1,3,9,back,67.25148801438456,69.0375,18.36,61.0951890497647,50.054204403795474,12.534295464064945,29.053144504617293,92.67897200836816,79.78197418594863,7.942310950235296,18.98329559620452,6.1562989646198645,True,True
458bfbfa-d7ca-4134-97b8-2c862d47510f,3.8597708653153284,1,2,8,back,80.72976770472512,80.2375,34.51,76.69106129439456,64.3118158352072,8.201304712771721,16.514800564673195,83.79442188783491,81.17448129334146,3.546438705605439,15.925684164792798,4.038706410330562,True,False
4592dd31-1dba-49b6-9dbe-2dee7e84904f,1.8903029154532818,1,1,8,mid,55.60515117161261,55.5625,44.88,70.41645249518969,54.5535090748237,24.599338991805254,36.93479159093957,83.55375014529639,74.24059379784443,-14.853952495189688,1.008990925176299,-14.811301323577077,True,True
45a359a2-7a93-4a50-93a1-1dd55f3688f4,8.226386216003071,0,1,9,back,58.22985227961828,55.825,66.55499999999999,63.04549001143534,47.85790228479607,24.098658947342077,38.87654061482233,73.17767112785728,67.85070941541109,-7.220490011435338,7.967097715203934,-4.815637731817063,False,False
45a36f4b-1aec-4518-b1fe-c89be4ac772a,13.481324216060301,0,0,9,back,61.49706368519489,72.975,49.385,63.68189844791642,50.34920184250072,11.796240469373515,26.86652749373521,80.29932615204862,69.65699406039175,9.293101552083577,22.625798157499275,-2.184834762721529,False,False
45d7256d-1167-4476-9cce-64df5909bd0d,9.161431568336004,0,1,9,back,89.032711086922,92.225,56.27,77.58448113004224,56.18535096558275,14.182600877011978,30.74967094626259,98.94326552604646,87.96731777744975,14.64051886995776,36.039649034417245,11.448229956879771,False,False
46010060-e8b2-4878-9b86-63563eacbbbf,14.788891189619683,0,0,9,back,57.53331319985779,61.075,66.045,58.3481534160378,47.42297917659716,15.35426386971093,26.786252466544564,74.73315799887803,65.37215904143443,2.7268465839621996,13.652020823402843,-0.8148402161800163,False,False
4609dce5-5963-4c24-b8bf-7e08168239a8,1.0937641521668504,2,5,9,back,71.63424801813667,71.3125,39.695,69.16058413366889,55.61330536085218,7.3122181691000065,13.052614367056576,78.04225206983452,71.76822465739912,2.151915866331109,15.69919463914782,2.4736638844677827,True,True
462664b1-9ab0-4a57-9b06-35e421861a70,1.5830301939627587,1,6,9,mid,47.59829510223121,48.3875,38.845,60.53702163953551,47.1524189667809,19.03606558134672,30.64850861727163,68.03254651916725,66.10869456789277,-12.149521639535507,1.2350810332191031,-12.938726537304298,True,True
46542a72-8624-4384-aca0-a5e14d31a4ff,13.385438675132908,0,0,9,back,68.9413550903702,81.375,9.01,63.83868511132552,50.27800436060889,12.078085290808886,39.17108570883391,81.375,71.32445844083233,17.536314888674482,31.09699563939111,5.102669979044677,False,False
465e6fe9-1e23-4cc3-8b50-785591172b7c,15.619122910146231,0,0,9,back,72.10652628700005,87.4125,19.04,70.21893718702286,52.714902040823155,10.089306323188415,34.00514734319469,87.41249966621399,77.15281566708778,17.193562812977135,34.69759795917684,1.8875890999771912,False,False
46624e11-09e9-47f2-80aa-8caf3413c90f,3.223872032037071,1,2,8,back,77.20001803221533,74.1125,11.39,83.74171531587311,68.07438631157189,13.727048657444792,28.835066221884706,91.15442431483126,87.71472918035813,-9.629215315873111,6.038113688428112,-6.541697283657783,True,False
4664dd90-6a66-4bdc-b3ae-24b443d91b06,1.6128985422595186,3,4,9,back,62.92402689892394,63.0875,10.03,62.3982155604748,46.14080964231559,6.32194308876192,9.968787164004045,69.49452516932192,64.40549184640884,0.6892844395251956,16.94669035768441,0.5258113384491381,True,True
46950921-ee75-4265-8b8d-8f16550b8b7d,17.912571511977433,0,0,8,mid,50.740465770327994,35.08749999999999,15.214999999999998,67.5333247147078,50.62115645863764,15.973108199443717,37.9584167957157,77.02603086364459,74.35761055863746,-32.44582471470781,-15.533656458637651,-16.79285894437981,False,False
46af9bff-76d6-487f-a566-8f92a576fcba,0.9872072385180428,2,3,9,mid,53.92046307306409,54.425,41.395,72.83730835220688,54.83813145383842,20.29362088728095,38.33936442665815,88.90909200294513,82.85239625614227,-18.41230835220688,-0.41313145383842453,-18.916845279142784,True,True
46eb8f6d-da50-4dde-a90e-553f57ae092f,6.48313878569928,0,2,8,back,71.16700477722328,72.7125,28.73,62.56064692764861,53.628597130928995,11.124728095175982,31.63270474226195,78.97463614149675,76.39281623382999,10.151853072351393,19.08390286907101,8.606357849574671,False,False
470ae05d-3a02-415e-a77b-b317da0eced9,16.028569923399566,0,0,9,back,65.5898885483304,81.2875,21.93,66.25941772289812,51.17028084173437,13.03236171572964,35.18895411286563,81.28749966621399,74.98622755665356,15.028082277101873,30.117219158265627,-0.6695291745677139,False,False
4723f909-9dca-4789-a2a1-c7d94de1f165,8.56463675898756,0,1,9,back,63.61869554570411,71.13749999999999,63.75,60.962618663607586,47.90773833648637,13.212211238971008,36.90718414543744,71.13749933242798,64.60539966355955,10.174881336392403,23.22976166351362,2.656076882096521,False,False
47633993-e87c-42bd-8844-594ecf0a70a8,0.38962704472167387,1,2,9,mid,53.77301225745446,54.1625,20.995,65.75936616540909,49.43255444756123,12.620570911029116,26.28876333919507,80.22542815429658,73.04381992598488,-11.59686616540909,4.729945552438771,-11.98635390795463,True,True
47a0ffa2-d9c2-4324-baff-c1066b1ce368,29.561268670786674,0,0,9,mid,62.96557570126659,37.3625,21.845,77.2317726522665,67.30835295972388,12.041981131674548,28.39929227373749,77.96377057773864,73.41329156311848,-39.8692726522665,-29.94585295972388,-14.266196950999912,False,False
47c01ec6-bcc0-4999-ac5e-e77998602b9c,4.623038248746488,1,2,9,back,71.93524371322064,75.775,44.2,72.28823273772659,53.82703011374505,8.85441751585558,21.09940373054826,88.33895881242425,80.94355677445252,3.4867672622734176,21.947969886254953,-0.3529890245059448,True,False
47e1eb8c-fe49-4ae3-89f3-6feee11ffb27,10.829289500090061,0,0,8,back,81.88766092519381,85.925,66.3,86.0678713971171,71.04620399567418,10.343675905316736,14.8935794499846,97.3109214266164,89.81158995608608,-0.14287139711710495,14.878796004325821,-4.180210471923289,False,False
47f90a6d-88aa-41de-b434-62029da76680,13.741523385986808,0,0,9,back,83.12815794268447,85.75,43.35,69.82142277677833,50.7553816069894,15.511887724517166,32.91438468390632,94.778519263152,84.49942107237979,15.928577223221666,34.9946183930106,13.306735165906133,False,False
485250cd-a242-4e75-9ec4-d5fb344c453f,5.300003025873002,0,1,9,back,64.83208781623367,67.9875,2.04,67.92289310403176,52.22816611239589,19.951809064606334,46.47364186361251,81.59061484783572,74.61463166939367,0.06460689596823954,15.759333887604107,-3.0908052877980907,False,False
48561c16-66b1-42e4-b278-9ad35c4ab064,3.320625072549413,1,1,9,back,53.486591395225155,56.7875,4.165,62.90313413726862,47.04896652186805,15.765041899292449,37.855334953018215,75.87350875724738,70.5815988178164,-6.115634137268621,9.738533478131949,-9.416542742043468,True,False
485bced0-4b52-40c1-b2b4-5bc847cac4bf,9.17428722395283,0,1,9,back,71.2024173950669,62.0375,43.18,59.47305595919365,47.26323036410713,8.10531410087146,23.271874777813064,72.63787611215443,65.93854554297857,2.5644440408063502,14.774269635892871,11.729361435873251,False,False
488ec103-3584-4a3a-9fe6-b3563977aa5b,3.3991182963955913,1,3,9,back,55.84156324028137,55.0375,56.78,59.08056590914006,47.50945266668432,5.561479731097343,8.767306748802397,72.73085477243421,69.27006387313719,-4.043065909140061,7.528047333315683,-3.2390026688586957,True,False
48be9a1e-fc43-480e-beca-14a19070f6e2,5.2485597216780295,0,1,9,mid,50.80871403302849,55.475,60.690000000000005,62.99586518390147,48.067638190211014,14.947955966424525,30.40025891785686,77.56129143136502,71.08284402407278,-7.520865183901471,7.407361809788988,-12.187151150872985,False,False
48e40ecc-5b1e-4d58-b9af-cbc179af808b,5.4507080762249895,0,1,9,back,75.07348144840623,79.1,37.655,66.6727229199387,49.77481166124072,11.281926292556662,29.554621443112985,80.75136919698878,73.54944512167782,12.427277080061288,29.325188338759276,8.40075852846752,False,False
490f53e4-f115-46c0-8781-2d92cefd75f1,3.8377546021341575,1,1,9,back,87.60280549789698,91.175,27.965,77.10323383297694,56.68502071652408,13.976664747200992,35.074206040356074,99.85404997693982,92.05611216246021,14.071766167023057,34.48997928347592,10.49957166492004,True,False
493a2746-e325-4f72-bfc4-fdf4c9d1d88b,16.19408161942314,0,0,9,back,74.18807765767242,80.675,43.69,66.20070349354484,50.64170068965754,13.328322464458608,36.285954152745866,90.73315800770915,78.98224702516808,14.474296506455161,30.033299310342457,7.987374164127587,False,False
494e0796-f9a2-4ef3-84e8-01bddcc2b730,21.56304928169447,0,0,9,mid,52.5934113245242,40.6875,16.49,72.35445401146877,59.54387760619301,31.319014645554997,56.790562777402855,78.5724078625565,77.47206631264267,-31.666954011468775,-18.856377606193007,-19.761042686944577,False,False
494f3d48-354c-4641-8e42-18772757c3ef,13.640533094809214,0,0,8,back,62.74078767194421,75.1625,36.635,57.9802320725171,46.364669804068996,13.10604526025902,29.385391345443093,75.16250133514404,69.54252701771568,17.182267927482897,28.797830195931,4.760555599427114,False,False
49d750a0-668e-48e7-8bb8-86ea32536d0e,4.887494479839467,1,2,9,back,79.18013647796191,79.8,9.01,81.69986649003782,71.04018983908942,13.89759079503613,31.46308559764975,101.61292629764122,95.65700708626179,-1.899866490037823,8.759810160910575,-2.519730012075911,True,False
49dbd072-7dc0-4af4-8a2f-835833e71ba4,6.2097093267706125,0,2,9,back,62.76296426037114,68.8625,20.91,58.5866619047889,44.9824059094559,14.796343281384548,31.01356797690629,72.33996440964994,68.26385162301976,10.2758380952111,23.880094090544098,4.176302355582244,False,False
4a502ba9-df67-4694-8283-fa1c12b580f7,9.449308117265444,0,1,8,back,79.94574432851564,83.0375,60.17999999999999,74.1426043097961,62.34610656153861,11.275339179642293,35.352948400397324,84.20266227284745,78.80793925375019,8.894895690203896,20.691393438461382,5.803140018719546,False,False
4a63eff3-46ff-4410-9aec-6c93f537db47,9.924256159760825,0,1,9,back,62.54234360405077,71.57499999999999,24.99,60.46272425467624,47.49565312760617,15.656399135871196,34.249216823709105,71.80201093535771,69.16137192433939,11.11227574532375,24.07934687239382,2.079619349374532,False,False
4aaf28a9-c8a8-4fee-b326-22c890c6a7d5,20.51649334979314,0,0,8,mid,53.2363483903074,43.22500000000001,64.345,72.0994249079687,55.58967327808413,15.198847761470972,42.67072769738796,74.1307814095823,68.72574613252274,-28.874424907968688,-12.364673278084119,-18.8630765176613,False,False
4abbab85-c8f9-4e2d-8e34-72198b8b7daa,2.029863979649858,1,1,8,back,69.37557974872297,69.65,51.595,60.73838763557832,42.60635375193234,12.869305312008184,31.382488721712612,72.18046631651642,65.27837769090186,8.911612364421686,27.043646248067667,8.63719211314465,True,True
4ae9e435-7bcb-4b00-938e-4fa28bc3e418,11.204168097059059,0,0,9,back,72.03869542092649,82.25,31.96,69.23069423454693,53.87370618609222,5.891434172426617,15.113950257262598,82.25,79.11394717094578,13.019305765453069,28.37629381390778,2.808001186379556,False,False
4b12631d-7ed2-4562-98a7-b34accbc1c13,7.228102649306799,0,1,8,back,50.777924673807384,57.3125,24.565,59.12379358019417,43.6950878729252,18.2595238980035,30.132939263365444,68.3121751788365,61.45630901268505,-1.8112935801941674,13.6174121270748,-8.345868906386784,False,False
4b15bb0c-335d-442b-b299-52f6ebc740f1,8.061487397439027,0,2,9,back,73.0954909513238,68.775,44.965,71.80250924604546,52.43253548742696,21.831119334716085,31.24891703952304,76.18807082705646,72.417263252286,-3.0275092460454545,16.342464512573045,1.2929817052783363,False,False
4b55e818-0073-4295-a74a-ed054864ae25,4.831656134736088,1,1,9,back,71.88804813401086,73.4125,10.285,64.13193661278981,50.50806494650744,9.88749175125104,30.127553972820685,76.03438317635396,71.73801166681467,9.28056338721018,22.904435053492556,7.756111521221044,True,False
4b5839dd-0b75-4dd1-bc34-5cd3e439a414,13.220243956544373,0,0,9,back,69.11871384400861,59.9375,20.74,64.99711741523652,44.69774478680465,11.114450089496655,30.25016222732811,70.31167261152015,64.26141427046926,-5.0596174152365165,15.239755213195352,4.121596428772094,False,False
4ba34cc7-4d1a-48a0-a21b-2aa3f50940d8,3.871365577471944,1,4,9,back,63.39681545570801,67.2,8.755,64.31638440612039,49.41506773774905,24.31982539945249,30.4025137172342,78.59534450274981,72.06342017873975,2.883615593879611,17.784932262250955,-0.9195689504123834,True,False
4bca1b31-7d4f-491a-be44-b1c4d84f8c3a,3.0081276815655267,1,2,9,back,66.74772374937176,68.8625,28.305,61.70820869319004,48.61447370276096,5.953223517005085,20.11733619682245,78.05851069706901,74.02114401145815,7.154291306809959,20.248026297239036,5.03951505618172,True,False
4bf347c1-ec2f-4287-8f27-3834021da92c,1.428533252766699,2,2,9,mid,67.02790347308928,68.25,62.815000000000005,75.18993180747248,55.25105216512111,18.596389241380383,45.179703569495885,88.7582712258426,79.36556199952474,-6.939931807472476,12.99894783487889,-8.162028334383194,True,True
4c11f5af-d94e-4f04-8085-8a8239d2a561,5.805303376528408,0,3,8,back,82.55140538421439,85.1375,14.705,82.40487725256962,70.05378410215496,9.75934878489098,24.118671503742107,89.18078717398805,84.51030138864122,2.7326227474303835,15.083715897845039,0.14652813164477152,False,False
4c598339-7438-418b-a4d5-095f1f9896bf,2.8609870148248686,1,1,9,back,77.32126920359363,80.15,51.255,77.4924025729856,55.84113859172029,15.940681367995037,34.228540298709724,80.15000033378601,75.46851482994435,2.6575974270144087,24.308861408279718,-0.171133369391967,True,True
4c5ee38c-ad0e-439f-991c-f56df3d25b70,2.3167242024080794,2,2,8,back,57.752143712015105,60.025,66.38499999999999,60.60497910483192,47.26785579503366,12.24101580919077,32.51112659283144,72.434549819517,63.06322779210663,-0.5799791048319207,12.757144204966337,-2.8528353928168144,True,True
4ca06f00-dc5d-4965-95df-a223ba6c5ac7,3.1540123106389286,2,4,9,back,63.01429378682856,65.7125,34.935,71.88942285240782,58.97715661007101,10.396985369733455,23.77528174317592,81.46886795886095,73.91096770383585,-6.176922852407813,6.7353433899289925,-8.875129065579259,True,False
4cbf4279-6d2e-4aca-be4c-bdcc81d421e9,14.049254228351025,0,0,9,back,74.24059537906861,88.2875,34.425,63.62132559877428,49.71439296401563,13.378870258647384,33.648651509137736,88.28749966621399,73.86472785442686,24.666174401225717,38.573107035984364,10.619269780294331,False,False
4ced6042-b8d2-4633-a0f4-7389a04d1c5e,1.1092497730348636,1,2,9,back,63.38524229770836,63.35,19.21,71.46621448169752,53.68535326507866,12.236565737397116,34.59042706422214,84.75997250129227,77.62393537088391,-8.116214481697519,9.664646734921341,-8.08097218398916,True,True
4d266f9c-3e4e-4aed-9f61-8bff989bcfdc,7.655944541147883,0,1,8,back,74.14302640550062,81.375,40.375,67.68822985791357,53.13746565368641,10.571161120531023,33.86292892775923,84.19763461222692,79.41705027627552,13.68677014208643,28.237534346313588,6.454796547587051,False,False
4d4bd3d8-d672-43f2-b413-97048279a87f,16.239834973274963,0,0,9,back,77.9158607394582,94.0625,31.62,70.97669056706135,52.86138543381334,9.990327475029469,24.911538544309188,94.0625,83.30904057391257,23.085809432938646,41.20111456618666,6.939170172396842,False,False
4d696fbf-5b8f-4c19-ae62-0449e7492c1e,1.0116666528446019,1,2,9,mid,57.25922734400211,58.1875,36.635,70.67016696134013,54.861964455727154,13.94316298501084,39.55366863464688,82.8422504493662,69.55215094990115,-12.48266696134013,3.325535544272846,-13.410939617338016,True,True
4d955aac-b742-42e5-aecf-e5419d52721c,9.61217462066759,0,1,9,back,80.6677211907257,84.6125,51.68,69.5895410069773,51.00718062320113,13.671750586850989,33.7802546321362,94.18515746938557,84.52766723443256,15.022958993022698,33.60531937679887,11.078180183748401,False,False
4df3b7f7-efa2-4670-ac73-6907a25b7476,3.0217406829880065,2,3,9,back,57.24679376653323,56.525,38.08,60.5551827586857,47.84968370489774,11.432711099145024,26.400099477950853,73.00729348420393,68.83019867359238,-4.030182758685704,8.675316295102256,-3.308388992152473,True,False
4e16dfd6-f0ee-4b9a-92eb-3310cf858fa4,0.981391897595742,2,4,8,back,69.51295892576002,68.8625,39.865,76.0897324004134,63.02579780368489,17.898347844804377,26.87052021617569,81.61603901373657,79.77609305680286,-7.227232400413399,5.836702196315109,-6.576773474653379,True,True
4e2f672a-eda9-457d-8698-673323d3c41a,2.1578463601685467,1,3,8,back,55.71840048484321,56.6125,61.03,62.98250987612439,49.48479306834266,19.1814630463739,45.46804351226688,87.06218968537654,70.41844978113224,-6.370009876124392,7.127706931657336,-7.264109391281181,True,True
4e732d97-2124-4d11-85cc-75eb55aab025,2.0464191572887533,1,1,8,back,53.902508366164305,55.3,57.205,62.53273471386866,47.232348330106454,15.78819608508341,37.96108438699231,77.7985726955814,68.80300687786118,-7.232734713868666,8.067651669893543,-8.630226347704358,True,True
4eb50fc7-2734-4604-b31a-eac2da308611,4.746618674119702,1,1,9,back,76.70014895941901,81.025,43.52,71.40687772584823,53.16988476856263,10.740258845968915,30.500327429503542,81.02500033378601,72.79261476234163,9.618122274151773,27.855115231437374,5.293271233570778,True,False
4eccce53-da19-430b-ad96-2d2031975d52,3.279438098793147,1,2,8,back,72.7735424715361,74.9875,1.02,73.91756447539018,54.73169218565031,17.211149234709215,36.30426645994572,78.84091936575538,75.66175398412925,1.069935524609818,20.255807814349687,-1.1440220038540758,True,False
4ed07556-63fc-4838-a10d-debc4bd67fc6,6.193803861519502,0,2,9,back,68.87518303291208,74.8125,7.819999999999999,65.02159754519597,48.86608268434898,8.476681867650404,21.533146532604228,80.60728370998244,73.44808986202753,9.790902454804026,25.94641731565102,3.853585487716103,False,False
4f2a835d-580c-4232-a4a9-c46ca76168cd,1.643694933969208,3,4,9,mid,48.7474516653337,48.47500000000001,55.675,58.984275840848206,47.325228327023424,21.232631458118533,31.27985149548759,71.04043597893124,66.08517009590145,-10.509275840848197,1.1497716729765841,-10.236824175514506,True,True
4f3beb4e-f05b-486f-89cf-5396487d5381,13.640533094809214,0,0,8,back,62.74078767194421,75.1625,36.635,57.9802320725171,46.364669804068996,13.10604526025902,29.385391345443093,75.16250133514404,69.54252701771568,17.182267927482897,28.797830195931,4.760555599427114,False,False
4f40e2df-c8e9-48f9-9920-5eca3a698840,1.8028149133131324,1,1,8,mid,45.12213616423128,46.72500000000001,53.295,58.5439424998927,43.13785681277796,14.171079424246004,43.46615561758176,71.25081170073778,62.68481053832715,-11.818942499892692,3.587143187222047,-13.421806335661422,True,True
4f7c3f72-0f54-4d73-8a5d-e22feaae4f03,4.801425254320651,1,3,9,back,77.22268659600212,81.9875,38.675,83.05005916943767,62.45501883874261,10.0935434847842,29.701065017271773,90.62467538522792,84.34560017377316,-1.0625591694376766,19.532481161257387,-5.827372573435554,True,False
4f9c9dd7-a7b6-404e-998f-faf4dd02423b,3.2393420473137886,2,2,8,back,54.0225813662959,54.6,3.145,60.79288588126235,47.078625822356145,19.903923563861117,36.85111968417933,70.89718346182087,62.239630182218754,-6.192885881262349,7.521374177643857,-6.770304514966448,True,False
4fc7be84-8073-4a0d-bced-2dbc6d57587b,11.66777295567287,0,0,9,back,72.09249873702666,79.975,53.125,67.52017538449243,49.95091502865503,14.643807691091476,29.353116353806776,88.64945730640447,76.90052200591414,12.454824615507562,30.024084971344962,4.572323352534227,False,False
500766db-0987-4301-95a6-a3cc2ac1bea4,8.07214900536807,0,1,9,mid,50.09351261588512,48.5625,16.235,71.37402876440146,43.7708825917325,15.637200821380691,27.65708611439956,76.4259393910461,74.08723424450405,-22.81152876440146,4.7916174082674985,-21.28051614851634,False,False
500e9330-592c-4b61-8d9b-f0ce642ced28,1.687348048119057,1,1,9,back,63.18648824439954,64.575,2.975,67.70465283511338,51.82132642623623,15.18066228086562,41.80803855399795,76.07531343359216,73.00892999440549,-3.129652835113376,12.75367357376377,-4.5181645907138375,True,True
50108f70-44f8-47ff-90dc-4d8872c8fa4c,17.52140202932403,0,0,9,mid,49.99698703306158,35.2625,47.09,68.670733294645,50.67164087026128,8.062600373142901,16.85828173798111,77.33702379976855,74.23593856803056,-33.408233294645,-15.409140870261275,-18.673746261583425,False,False
5060b97b-6727-479b-b891-b51a7d09c579,7.5871210226421475,0,1,9,back,70.96879943106761,78.1375,45.05,70.70428925461151,54.9025461424,11.130599513602956,33.20361790153628,78.13749933242798,74.22662884255806,7.433210745388493,23.234953857600004,0.2645101764560991,False,False
5068bc97-ca2c-4e5c-ba77-6996b45c5058,44.06452232832308,0,0,9,back,72.1389322984567,37.27499999999999,4.845,76.42233352397383,66.5896904330495,10.011547435025877,30.093371907346217,79.97933637822325,74.61085453330637,-39.14733352397384,-29.314690433049506,-4.283401225517139,False,False
506ba177-9e6f-45bf-97b9-657d505214af,6.411934582676069,0,3,8,back,55.641235311700264,60.725,10.71,58.417995864439646,44.66824102406778,10.638448869876342,35.973634001950096,75.42832517104026,71.18505839491681,2.307004135560355,16.05675897593222,-2.7767605527393826,False,False
50797e9e-472c-4653-9b37-2617ae012bfd,1.8244456640316489,1,1,9,back,63.4261787776952,64.225,5.185,62.57974353775806,46.38354795077643,13.472299719007111,35.06159063324438,75.41602508259484,68.56272922334287,1.6452564622419317,17.841452049223562,0.8464352399371364,True,True
519440e3-8859-44f2-a1cc-32bdff2d2f8e,13.339878810017503,0,0,9,back,85.82120410883688,97.0375,30.004999999999995,77.76520328619262,54.95758111806718,13.620987274376809,33.93422941507588,97.03749966621399,91.26352568669117,19.27229671380738,42.07991888193281,8.056000822644265,False,False
51a02661-353e-4b5c-b5e8-dfde7188baee,23.561926220197105,0,0,8,back,60.32938899382007,51.8875,59.16,62.81948925111715,49.520604822897646,14.71872386854884,33.18667949621987,62.87692289912426,58.34649511537623,-10.931989251117145,2.366895177102357,-2.4901002572970796,False,False
51a48886-1e90-464d-be19-c6a0a7a7a30a,2.780903455775677,1,1,9,back,64.88354228303038,67.6375,31.875,69.83121791698717,54.45091355603071,17.77096504826728,34.046449344675935,79.51423712092296,73.69600576836046,-2.1937179169871683,13.18658644396929,-4.947675633956791,True,True
51c92ce4-87de-4a87-8bd2-adeffe2e1b08,4.798418474878445,1,3,9,back,66.84508895007886,64.575,49.385,61.30300644578574,47.41551351604261,13.20119024784821,19.275873473775896,64.57499933242798,61.03453995496736,3.271993554214262,17.159486483957394,5.54208250429312,True,False
51d3446e-7ed1-47bc-9b23-3edfca4e4bf2,7.184910416839379,0,3,9,mid,61.621942299956366,67.9,36.04,69.19536513005237,54.04998366187768,15.77531303555827,27.99221159641672,76.48174051807038,74.35888645276289,-1.2953651300523603,13.850016338122323,-7.573422830096,False,False
51f4dcf2-148f-497a-901c-2bb718556277,4.565055260766117,1,1,9,back,68.41032842419335,72.975,52.785,61.573854174758694,45.489228938863434,9.354332896309444,23.89967181870155,78.41310283616365,71.12732397958649,11.4011458252413,27.48577106113656,6.836474249434659,True,False
5200acc0-1b2b-42ad-aeab-1db36e29244e,7.184910416839379,0,3,9,mid,61.621942299956366,67.9,36.04,69.19536513005237,54.04998366187768,15.77531303555827,27.99221159641672,76.48174051807038,74.35888645276289,-1.2953651300523603,13.850016338122323,-7.573422830096,False,False
5218300c-4781-4b7b-adb0-6b449014166d,17.66387173759736,0,0,9,back,69.51252643567219,81.2,22.865,63.12801816373657,49.36445019668811,12.48302993043091,38.22462280697596,83.76456694737512,77.48155628302914,18.071981836263433,31.835549803311892,6.384508271935616,False,False
523c6d60-6023-40ad-8273-36dbc6fb6f55,9.507186836602184,0,1,9,back,62.88426497453311,64.575,1.615,59.94487252179449,47.47461599669309,11.493124328287308,23.856177787826358,79.11023732523006,71.30774728754017,4.630127478205516,17.100384003306914,2.9393924527386233,False,False
527976f8-d856-4cad-89c2-b2ffc71b79ad,2.3140121232248956,1,2,8,back,61.28446603998544,62.2125,10.37,61.283291616938016,48.3232143935088,10.463555883278044,29.0261768386035,74.09072814351342,70.2698656804999,0.9292083830619831,13.8892856064912,0.001174423047423545,True,True
5298584b-3431-4ae7-8dc4-1e2f7a013800,8.05675974172854,0,3,8,back,56.23945678529924,49.6125,65.62,56.83099700438936,46.05550200536032,32.94423364428219,41.10666023767725,60.23194071624808,54.40635890961769,-7.218497004389363,3.55699799463968,-0.5915402190901204,False,False
52a97474-2db6-4ebe-aabd-e708a71c297e,3.398242183531103,1,4,9,back,65.22105455305697,68.6,35.105,68.99309828250338,50.08793812894412,10.88010659596292,23.28070754403362,79.43696153953084,73.45791742606963,-0.39309828250338796,18.512061871055877,-3.772043729446409,True,False
52d178e8-9ebd-4e6e-809b-c39521474072,1.9427609854337997,1,1,8,mid,59.3421435607437,60.2875,63.41,74.67140944339332,58.5776662059179,14.707556955897203,37.23554422231276,86.69058445430153,78.61001304947263,-14.383909443393314,1.7098337940821011,-15.329265882649615,True,True
52f30013-5959-4d87-988a-43bf245b1586,3.871365577471944,1,4,9,back,63.39681545570801,67.2,8.755,64.31638440612039,49.41506773774905,24.31982539945249,30.4025137172342,78.59534450274981,72.06342017873975,2.883615593879611,17.784932262250955,-0.9195689504123834,True,False
52f7bbcd-af41-4344-8f31-e6d6a68728ec,6.795692189573134,0,1,9,back,59.06223295963072,61.8625,26.18,65.49722537899979,48.4642388981766,16.23638948674839,40.41928578200457,74.54812300111723,70.69733869879715,-3.6347253789997893,13.398261101823394,-6.434992419369067,False,False
52f8a153-b237-45f8-a9e0-111e103ab2a8,4.211846938126172,1,1,9,back,69.64167458649746,73.85,44.370000000000005,67.83885075211002,51.82069231305423,13.268770894472896,32.544207809571176,73.85000133514404,70.76575777620243,6.011149247889975,22.029307686945764,1.8028238343874392,True,False
5326ce20-7417-42aa-abdb-739c0f807c9b,4.776422517013948,1,4,9,back,70.95058257671363,66.2375,65.28,68.15628879651094,53.08755313497282,7.460261915365436,18.41653546687423,87.22402144355988,79.48809549559388,-1.9187887965109383,13.149946865027175,2.7942937802026933,True,False
5329e547-b293-4ed5-9ea6-875231ba9947,2.4926930960293556,1,3,9,mid,57.168318442991115,54.775,26.945,61.91911835504045,54.223909195027424,12.432504982717504,19.38272916626505,79.96413157941176,71.73843015033557,-7.144118355040455,0.5510908049725742,-4.750799912049338,True,True
535b1d61-4372-47ad-a64c-a46b964ccf9d,13.768025323058902,0,0,9,back,78.09806065387913,84.0,40.885,67.40224393534942,51.61309368152489,15.884868389701612,30.58751286250905,84.0,74.86870122448039,16.597756064650582,32.38690631847511,10.695816718529713,False,False
536763eb-fcc1-4519-981c-49237bca66be,4.669750228673632,1,3,9,back,59.92644590856993,63.6125,28.39,67.23201317037348,51.50791786798801,7.447744538364965,17.778333490431894,84.20291819156681,78.81481708013551,-3.61951317037348,12.104582132011984,-7.305567261803546,True,False
53b74c26-3ae1-4aba-a60d-485894efc3de,1.482571947613076,1,4,9,back,65.6391494883929,65.1,32.385,70.80995585362824,56.09928502943489,18.262188904444805,34.47548694340485,82.30842667872862,73.9670733427165,-5.709955853628244,9.000714970565106,-5.170806365235336,True,True
53e355d6-ffdd-49b8-84ea-46cefae30861,3.087567420714067,1,1,9,mid,65.10403887100651,67.725,3.145,76.74407631988055,59.92735980588284,18.48072391081764,30.557061690723955,87.41448415902877,82.73826957885595,-9.019076319880554,7.797640194117157,-11.64003744887404,True,False
53f84a0c-24ab-407d-b60f-598e936ef20a,8.072082265260072,0,2,9,back,66.78084649172004,74.8125,6.969999999999999,71.8855233598503,53.52402712946957,20.77817322254632,38.1579969879398,80.96234898784328,77.23029230690143,2.9269766401497037,21.288472870530427,-5.104676868130255,False,False
5439add3-646d-4e4d-b0d1-125afdaba195,6.379585396947952,0,1,8,back,60.624579059088035,64.6625,62.815000000000005,58.28100390108161,43.51058273507252,18.549158933349386,32.363552314472585,69.04947929330076,63.60820728744335,6.381496098918383,21.151917264927476,2.3435751580064235,False,False
543d4f0d-1807-4387-9518-ca0bfcc773a4,3.6346222223496234,1,2,9,back,78.8930947544032,82.5125,54.06,72.72208555689916,53.72957556568204,8.321337453889178,23.46301469091685,82.51249933242798,75.90588795098034,9.790414443100843,28.782924434317962,6.171009197504034,True,False
544f214a-804c-4e4b-9452-5f6595878094,15.936099930524623,0,0,9,back,83.01416896110797,85.6625,18.19,69.6970033414448,51.754654104554305,15.102041922949702,34.30890892567491,85.66249966621399,77.66379022936282,15.965496658555196,33.90784589544569,13.317165619663172,False,False
545c09fd-1ca9-445c-817e-78c226663127,14.970234178653051,0,0,9,back,66.91330740603239,80.7625,53.295,66.37608793987937,52.170194672192075,9.967689141911038,33.47430922117181,90.06267319358655,77.94098716073523,14.386412060120634,28.592305327807928,0.5372194661530187,False,False
5470b07f-1d93-409f-8c32-9bce53c23a89,3.789190994798033,1,2,9,back,71.92098127799935,73.32499999999999,28.9,62.89047913130361,49.72396992386277,13.738213315703463,25.23101354374801,73.32499933242798,69.72781469116842,10.434520868696382,23.60103007613722,9.030502146695738,True,False
54f2c4d9-77f8-4d95-94ae-c43ede04549a,3.2485355345653226,1,2,9,back,65.78689086337832,68.425,53.04,62.54924516922308,43.438418603525754,11.463848939843537,25.985123277197506,74.36608872404705,68.91730127313062,5.87575483077692,24.986581396474243,3.2376456941552405,True,False
54f88629-eb1b-4db4-a6c6-9ef73bfcd20c,1.8293334406692705,1,2,8,back,80.08530668126902,80.325,5.609999999999999,75.40646393085584,56.6611681912705,13.485290096492747,36.78122633599006,84.42724635747594,78.01070712736227,4.918536069144167,23.663831808729505,4.678842750413182,True,True
552d6428-b9c1-4e25-94e9-853827707e2a,6.411934582676069,0,3,8,back,55.641235311700264,60.725,10.71,58.417995864439646,44.66824102406778,10.638448869876342,35.973634001950096,75.42832517104026,71.18505839491681,2.307004135560355,16.05675897593222,-2.7767605527393826,False,False
5530f794-bec5-469b-9bc6-5e7fbd546a5a,11.661460519805395,0,0,9,back,66.30107781773494,77.9625,26.945,68.18239506811565,53.48546457898946,10.494537588526274,24.84714283567927,83.34637791743013,76.60534688533693,9.780104931884352,24.477035421010548,-1.881317250380718,False,False
55517cbc-7051-4d2f-94b9-d3b4fb0c3930,5.884812102594274,0,1,8,back,84.55302109938252,88.725,65.02499999999999,79.77682222710803,58.69939847229685,15.968414312456384,40.588691240235406,88.72499966621399,84.59967312686754,8.948177772891967,30.025601527703145,4.776198872274492,False,False
5554466e-a4cb-42f9-88cb-e59c32215f2e,5.323705582910692,0,4,9,mid,62.02700025967099,67.2875,57.290000000000006,70.2041210753546,56.44771556753116,14.579536556638216,39.51294166513756,83.43664458760803,74.92603165452948,-2.9166210753546125,10.839784432468832,-8.177120815683615,False,False
555a6e91-c314-4b6c-9c31-7b64c1ce31b5,8.079383092249387,0,2,8,back,82.36559374190907,88.1125,35.105,75.16814677269646,57.625621175228105,12.732715296851577,38.07771905235713,96.72049301159444,90.10429367882675,12.944353227303537,30.486878824771892,7.197446969212606,False,False
556b111b-c90b-4524-bce0-78d147ba58a5,1.1717956177574251,1,3,9,mid,59.71013741530156,60.2,54.825,77.33284285109168,64.6067893139429,16.180252139691795,39.15841740870446,91.08141745799631,84.42040554932088,-17.13284285109168,-4.406789313942895,-17.622705435790124,True,True
55700ed5-4630-4227-ad76-91f5e80ced74,7.909041396644921,0,1,9,back,61.81021961278725,69.65,6.63,66.35771792950527,49.70086860939215,12.779271544360766,26.67653115554723,78.05604676597125,73.1765856389757,3.2922820704947355,19.949131390607853,-4.54749831671802,False,False
557dfa39-88a1-4da7-bac3-b32f56207bc4,2.571896490465938,1,1,9,back,61.24935544676488,61.25,28.05,62.03699974010028,46.82746085094808,10.109753363371038,28.57887584375125,77.26974591492,71.18358370457739,-0.7869997401002777,14.422539149051921,-0.7876442933353971,True,True
5594e25d-5023-48f8-93c1-891ca1c76d91,6.860357126069105,0,2,8,back,80.8214840177267,86.3625,20.4,79.81644051798796,68.29002266537645,13.326245716547138,35.1196259421651,100.74310080578746,95.08997123339459,6.546059482012041,18.072477334623542,1.005043499738747,False,False
55a35a3d-0f7c-4dce-8466-c053bbec3d4d,16.127494528156042,0,0,9,back,81.21152129511475,96.95,34.085,76.41186444276248,55.76845594962683,14.056057093913235,36.16542451648756,96.950000166893,88.84577888095387,20.538135557237524,41.18154405037317,4.799656852352271,False,False
55a51108-95a5-4fc5-b04b-cdf60161b053,1.5619358671917887,1,2,8,back,51.96225285935077,53.4625,27.879999999999995,63.48833591199668,44.63216983347004,11.229111984820104,34.642490127803995,74.3254764158657,60.17139152698376,-10.02583591199668,8.830330166529961,-11.526083052645909,True,True
55b65264-8f4e-4daf-8eb5-157d85e2c0a2,6.15145149463855,0,1,9,back,79.05665957016787,80.675,35.105,67.82998119965143,49.3695655853565,12.975842258625288,29.886129845947305,85.59815808879056,78.70034089714443,12.84501880034857,31.3054344146435,11.226678370516439,False,False
56636c6a-10c4-4137-b73c-01fe8a993ee4,3.661556274442523,2,5,8,back,56.94922770590969,54.5125,13.939999999999998,57.57506645179492,47.14048344763322,7.86624783275467,18.57210425213248,73.46659346687375,66.5621678862205,-3.0625664517949147,7.37201655236678,-0.6258387458852255,True,False
567e03ab-265c-4d8a-9971-752bf50d4d2b,3.522007674177994,1,3,9,back,72.03718554340855,71.925,53.465,69.13536753532487,51.70130203765796,17.28800405147889,36.494884997121005,83.78083223091625,72.89578452025056,2.7896324646751225,20.223697962342037,2.90181800808368,True,False
56a3326b-dc94-4d4c-b5b2-9a99fdec988e,16.430495603017743,0,0,8,back,83.93023074417214,78.4875,62.13499999999999,74.24129089084838,57.67983186500313,15.971887469336355,25.66257644435557,83.21262148026278,79.15738862359474,4.246209109151621,20.807668134996867,9.68893985332376,False,False
56aee5f4-5e0d-45e7-a19e-de06476e24dc,4.416158939315052,1,4,8,back,64.06120460244296,59.675,30.855,59.61177926485912,43.9221010355592,10.07831396109352,22.85418133474314,72.78026089461919,68.60252568204953,0.06322073514087378,15.752898964440796,4.449425337583833,True,False
56c108e7-1fec-4d6f-81e3-bf812d3998c1,0.839434839362643,2,3,8,back,86.79907843095438,87.5,46.495000000000005,86.67878173823591,70.51214115680304,18.026296934596783,32.29810188497491,95.1611455536612,87.60007215320927,0.8212182617640877,16.98785884319696,0.12029669271846899,True,True
56c1274b-70e4-4e40-a98e-9c1350c15d9a,3.28549940808699,2,2,9,back,62.97611093534592,60.2875,47.855,64.48736460931873,51.6226078638908,12.036047965622458,32.007699528369606,75.59956003189231,70.67947524709774,-4.19986460931873,8.664892136109202,-1.51125367397281,True,False
56d3494d-5ebb-4a0d-8320-39204514d595,15.619122910146231,0,0,9,back,72.10652628700005,87.4125,19.04,70.21893718702286,52.714902040823155,10.089306323188415,34.00514734319469,87.41249966621399,77.15281566708778,17.193562812977135,34.69759795917684,1.8875890999771912,False,False
56daf4db-a352-4287-811e-581654d1de35,5.803873547031973,0,1,9,mid,50.079202496562544,54.425,61.115,63.84557787192595,51.29252308747239,16.60782634954653,24.770557544993192,82.3130883695906,79.42253348491155,-9.42057787192595,3.1324769125276077,-13.766375375363403,False,False
56f2ba98-6c85-422d-afb8-c639a44a8516,0.39899353359997425,1,3,9,back,62.0695190710347,61.8625,17.849999999999998,75.07742453748192,53.47354673138359,13.410598569028007,30.61523336022341,86.07034644874423,81.89050883310011,-13.21492453748192,8.388953268616405,-13.00790546644722,True,True
57137dac-d378-4548-a714-a920214f4fc3,4.099902164041459,1,2,9,back,79.23063638565465,76.0375,37.485,75.88390203463366,58.849057743541834,7.328507290821406,20.18828151873526,86.4834632835662,83.09540400374652,0.1535979653663304,17.18844225645816,3.3467343510209844,True,False
572985f5-232e-4502-852f-79e61402a787,6.10887454461017,0,1,9,back,79.8292731948372,82.8625,52.955,68.78104093308,50.73001588985195,15.005319595570423,35.44299461717948,82.86250066757202,72.30359661146862,14.08145906691999,32.13248411014805,11.048232261757192,False,False
5729c7d7-bbd7-4889-a6cc-bf7f6c0e7d51,6.163418397953971,0,2,8,back,52.52779137008672,57.3125,57.205,62.8756097306718,49.59647499281768,18.97233930720253,31.77020577965113,81.52649018891941,70.80447539193372,-5.563109730671798,7.716025007182317,-10.34781836058508,False,False
574981d5-84df-46e0-ac0b-a7f1bd12e7eb,1.8885091525116062,2,4,8,back,67.340654209856,68.8625,2.805,73.59691229545702,60.91216801159504,18.91721302101384,31.016528421209117,98.39531397012087,85.91291238550953,-4.73441229545702,7.950331988404955,-6.256258085601019,True,True
575c3bb1-aace-42be-89b4-0a02e3ecf2db,0.9120029175377835,2,4,9,mid,60.64648777172771,60.025,7.225,67.54445829333804,55.41304666202529,9.992259112105437,28.380367940369425,79.021305736833,73.9289131363731,-7.51945829333804,4.611953337974711,-6.8979705216103255,True,True
5761b457-4000-47bf-b08c-f4d853507730,3.2397012015775006,1,1,9,back,72.34186892249521,74.375,57.545,62.007358101098546,48.41504967649836,18.818494995153973,35.58267756831014,81.63367172088104,72.29819191092881,12.367641898901454,25.959950323501637,10.334510821396663,True,False
579dd0e9-55c7-4ce5-9f4d-6dc2d8eaed6d,0.4751154791608906,1,2,9,back,76.60955911835813,77.0,31.195,71.18690275515058,51.09858250542729,7.8230898056346305,18.91536902415345,93.19670318923453,83.67979459837315,5.813097244849416,25.901417494572712,5.422656363207551,True,True
57e7dbd2-c1ff-4ace-a317-d49ad3dc52e2,10.965887161151947,0,0,9,back,62.61846437130271,69.65,3.74,63.14515672208181,49.93563321050852,11.889569519371165,37.9054282403643,78.83807150499611,72.88518544197694,6.504843277918198,19.714366789491486,-0.5266923507791006,False,False
58291443-85a5-4f6a-925f-458ef4b2f70b,2.656522311216477,2,4,8,back,75.66788189885385,78.1375,30.175,79.59306459595089,68.92072220283433,14.40053551814741,32.85821427204771,88.71143352497982,83.00594671281172,-1.4555645959508894,9.216777797165676,-3.9251826970970427,True,True
583fba70-f663-46d0-80ef-d6240379bf13,27.978944288859584,0,0,9,mid,59.93956830316416,37.1875,28.305,76.40449796592974,66.18848656960527,12.311855874094562,31.03155360951113,77.86994640046734,74.8308062635986,-39.216997965929735,-29.000986569605274,-16.464929662765577,False,False
58581d4a-e69c-4fac-b8b7-724fc5759e45,3.108076632951303,2,2,8,back,66.26951249728616,68.075,21.505,63.44518922332509,50.60161783844674,9.360642479885314,27.16178127443688,76.38779660899492,71.67956225634595,4.6298107766749155,17.47338216155326,2.8243232739610704,True,False
5864e1bf-4918-41aa-bc74-2259fbdb4e02,1.4744159503912935,1,3,9,mid,56.58635364199546,56.35,23.035,64.54984251174234,52.87404630861303,12.402971456978442,26.157617101988237,75.95172677610793,71.34773368859987,-8.19984251174234,3.4759536913869695,-7.963488869746882,True,True
5875d6b1-059b-42e8-a07a-3c663479b5cc,29.63221201023374,0,0,9,mid,63.0462351899142,36.83749999999999,32.81,78.023963459367,67.42026441601726,10.22716416388769,30.086575145933416,78.58191250810864,75.34824797835287,-41.186463459367005,-30.58276441601727,-14.977728269452797,False,False
58bfd112-33bb-4a27-b741-d4989c80765c,3.4207946613507194,1,2,9,back,64.70842047547451,67.9875,65.02499999999999,69.88088724826855,55.29371704517788,15.471810624419373,42.00296656050296,81.41971844269516,74.10660006142484,-1.893387248268553,12.693782954822119,-5.1724667727940385,True,False
58e73d10-05d1-4b96-b8cd-055d09eaa935,5.567441372964484,0,2,9,back,71.26750396107772,72.625,44.03,63.44237840628612,46.17401965331023,11.697133350981105,24.655860862773917,77.37416763434524,70.6713135329186,9.182621593713883,26.450980346689768,7.8251255547916045,False,False
58ee3ecb-d0f5-4570-8712-3c704bc6389a,3.9868025594507968,1,1,9,back,76.44556379451637,77.6125,18.105,67.75245564174173,51.6652260747605,15.643158418214476,33.78742848626167,82.04295659845656,75.76192990925543,9.860044358258264,25.9472739252395,8.693108152774641,True,False
58efb6b2-bb9c-4054-a817-937e69ed660b,5.639989296477682,0,1,9,back,63.94251332091113,69.3,16.32,62.99142384794853,48.26467531224651,12.878251645560816,33.243999348343834,69.30000066757202,60.97002540856073,6.308576152051465,21.035324687753487,0.9510894729626003,False,False
58fa451d-d7f1-4172-aad4-4559de77e7c9,18.840188005148395,0,0,8,mid,54.637490716386715,37.71249999999999,43.35,68.42718044740265,52.99752298337334,15.537902090582262,37.42503454408078,75.30261575919221,74.19784839882975,-30.714680447402657,-15.285022983373345,-13.789689731015933,False,False
58ff7d8e-29d1-4ec1-bb84-6d9617129341,1.7995233240301982,1,2,8,mid,48.18875929160124,49.875,51.34,68.8495170925641,52.27116032407755,12.266568105861374,25.563535807143573,80.44276338714096,74.93312699944923,-18.9745170925641,-2.396160324077549,-20.660757800962863,True,True
591e4bb9-53b7-4df2-a526-82311acab963,6.443424190633407,0,3,9,back,73.69155607738165,79.975,35.529999999999994,73.59995853313347,52.12869460602224,13.753484300290094,32.84135721598904,90.99111227442941,85.48091453840071,6.37504146686652,27.84630539397775,0.09159754424817379,False,False
592907c5-a533-4df4-a501-c218dc04468d,10.064704144581858,0,0,9,back,74.40189130064223,83.5625,51.765,66.50533046251738,51.93331978261877,10.703037091721484,36.8747837328499,91.2493809066115,83.36311502082032,17.057169537482622,31.629180217381233,7.896560838124856,False,False
5930d769-8148-4605-88b4-f9538079da4b,1.3064656290857637,2,3,8,back,49.70616644329028,51.0125,57.8,57.81638711411384,45.54133809437636,7.885848068334198,15.018272840490354,72.49501960475335,62.63285718489131,-6.803887114113834,5.471161905623646,-8.110220670823558,True,True
59345419-41fd-4880-b599-5ffcf2c4c793,3.3073606625577,1,4,9,back,64.96573730916859,61.6875,41.82,60.36571787193594,45.05486037062896,8.21482924959625,21.4172437201386,61.6875,60.12634853445831,1.3217821280640578,16.63263962937104,4.600019437232646,True,False
5942876a-b654-4462-864b-a2d507db9af3,9.644680434661197,0,1,9,back,69.04630927787682,67.9,60.17999999999999,61.68836891103662,46.51029348697054,15.855827856348371,41.59905296694284,74.62212119576529,69.8984878629897,6.211631088963387,21.389706513029466,7.357940366840197,False,False
59552841-0901-4a5a-a578-7fe49d4bda32,3.9980359219175354,2,3,8,back,66.08528594699793,62.125,8.67,64.52321844207829,47.22341256474906,16.39426177044274,35.18369072260283,77.98929727276987,72.62518796054012,-2.3982184420782886,14.901587435250939,1.5620675049196393,True,False
5969497d-d4d6-4a31-aa88-7b3e2613f437,12.020158264961008,0,0,9,back,77.25787660445883,84.2625,18.615,69.30835407640502,53.43776456249283,10.669315345230096,30.798589283520275,84.26249933242798,79.0182931180624,14.954145923594979,30.824735437507172,7.949522528053805,False,False
596c1422-befa-4bfc-b139-6e6978ae3f76,6.566516959556701,0,1,8,back,79.32206672580863,85.8375,21.505,70.31138458392698,50.78726272448249,8.778745429582976,24.282004654765352,98.85420935610142,84.17494425503543,15.526115416073026,35.05023727551752,9.010682141881645,False,False
5977d5cf-6a81-4875-87cb-9d374be73046,3.6080749953429914,1,1,9,back,64.55071263964916,67.6375,55.08,64.10493518093921,42.88653444252628,12.387049815601197,33.12390434573266,77.54855831745296,72.65746305088102,3.532564819060795,24.75096555747372,0.445777458709955,True,False
597d18fa-d545-4cd7-b881-aa7c3df622b6,1.0044303176581677,1,2,9,mid,55.51955062143229,55.3,25.415,73.00540856409866,55.82078857336432,8.319224117000225,21.08159032788003,82.5276402617994,75.55596404573325,-17.70540856409866,-0.5207885733643209,-17.48585794266637,True,True
59d06cc2-1231-4a1e-89c6-827f53a789d9,12.577359387381822,0,0,9,back,65.24205965634232,74.025,26.095,59.55771087117479,48.31253452116529,9.040735575517438,29.122541590673208,78.23371991876687,72.4705106190507,14.467289128825215,25.712465478834716,5.684348785167529,False,False
59d6293b-c659-4d2c-b4d1-866cca33df9e,5.032595878464692,0,1,9,back,71.5160447203931,74.4625,23.63,64.61773572694014,48.33753196986113,13.756514534227415,37.3796637431095,78.33858432905998,71.2581161960415,9.844764273059866,26.124968030138874,6.898308993452957,False,False
59f567d4-493d-49ea-a211-5076150bfc9d,8.014567326042242,0,1,8,back,67.99407436286832,72.88749999999999,1.19,69.02684878800277,57.976632718345314,13.361487130787909,38.0657140813823,83.98900619088663,77.618147925194,3.8606512119972223,14.910867281654674,-1.0327744251344484,False,False
5a044e89-a7a5-4f4c-9bbb-0b1c0697d9ad,1.7418364367970545,3,4,9,back,68.77910907699126,67.4625,8.5,66.79219866597562,54.44618151407417,13.488410072790394,26.949736494979746,79.64314204544635,72.9473081230272,0.6703013340243871,13.016318485925837,1.9869104110156428,True,True
5a282e83-44ed-4678-88f0-e308fe7a104f,2.8312527051453125,1,2,9,back,72.86447651907956,72.01249999999999,29.835,63.20968045154481,46.32092601052548,11.354151236150862,36.94156221550677,77.7986729809125,73.75381045029084,8.802819548455176,25.691573989474506,9.654796067534747,True,True
5a35beb1-bbd1-4056-b7db-4b6f2ae05d82,33.274401841257884,0,0,9,mid,68.86250066757202,36.05,31.28,81.84019142242892,72.19346977145315,10.608384107469924,27.15091937678018,81.4959528954115,79.62339913710939,-45.79019142242892,-36.143469771453155,-12.977690754856894,False,False
5a402824-769b-40e2-929d-251dab0099f2,5.259811492026528,0,3,9,back,61.64956097779404,66.7625,41.48,64.05930476807838,43.96542062493021,10.561897003079714,31.045304479596915,80.31514165666655,73.42501188804633,2.703195231921626,22.797079375069792,-2.409743790284338,False,False
5a6f3beb-d017-48f1-bd5a-8f7160c981b5,14.969254321031723,0,0,9,mid,53.61209678577535,39.1125,26.69,73.1216047061253,58.53977202853691,25.104055765696145,47.7753097954851,79.10551580924313,77.66082823874865,-34.0091047061253,-19.427272028536912,-19.509507920349947,False,False
5a9927a6-d458-4c5a-b34a-b1210ab8af37,0.37861334182620293,1,2,9,back,61.42513951556505,61.775,51.85,57.87649237398304,47.84268952075645,13.261815550581456,36.47994897913836,66.12602639931876,63.312772830011696,3.8985076260169578,13.932310479243547,3.548647141582009,True,True
5ab7a896-f194-42d1-a772-bea21221305f,3.136210392451113,1,1,9,back,71.4217864773644,73.675,1.785,74.7353005826952,52.414272051239735,12.487212217960945,38.56174665170297,85.94923553314383,77.30822878944352,-1.0603005826952057,21.260727948760263,-3.313514105330796,True,False
5b01e2eb-5f47-4def-b5cd-73870d63ada4,4.634885921560072,1,2,9,back,63.82992917490074,67.4625,65.11,62.70711623590198,49.58681713310306,13.74063487369576,34.71757436274801,76.4359650720375,71.13619445411624,4.755383764098028,17.875682866896945,1.1228129389987629,True,False
5b22b50f-673d-4c29-90ac-71717b7d0dfd,4.773754734672804,1,4,9,back,55.90002741154551,60.2875,59.245,58.636110046106594,46.33810607604528,22.887525092862862,30.48473962704478,65.3003265675402,61.08756092302955,1.651389953893407,13.949393923954723,-2.736082634561086,True,False
5b242ebe-5b9c-4398-9e31-90e546b53af8,2.358968806188767,2,2,9,back,61.129173921814754,58.8875,13.345,70.82565141995592,51.81414106927299,14.447637237876036,37.60152314571774,86.72499209425166,77.21300612949153,-11.938151419955915,7.073358930727011,-9.696477498141164,True,True
5b2a4595-a012-4b41-85dd-f2e1af4f0034,10.687829390702808,0,0,9,mid,67.37958488623525,58.275,1.87,82.1082774484936,65.74258406862047,17.104197658061413,29.775602768950847,89.47597615958834,85.93203235584598,-23.833277448493597,-7.467584068620475,-14.728692562258345,False,False
5b686a4d-e289-4b34-9cce-76d43d1291d4,2.000513267084175,2,3,9,back,68.4623203598546,67.375,57.035,69.04763705430034,52.153221634135015,21.786335384672277,34.35867918918434,78.9441051233093,76.77341003401429,-1.6726370543003384,15.221778365864985,-0.5853166944457371,True,True
5b76a6b1-31cb-4db5-b43b-9b5b55ad795b,11.794303903148537,0,0,9,back,73.9461052715233,81.8125,46.41,68.29017615618439,54.20896331827005,12.94687402892508,34.48674012871837,88.9953437217045,81.2609348807654,13.522323843815613,27.60353668172995,5.655929115338907,False,False
5c4edc20-30c2-4738-a626-f926490851aa,2.780903455775677,1,1,9,back,64.88354228303038,67.6375,31.875,69.83121791698717,54.45091355603071,17.77096504826728,34.046449344675935,79.51423712092296,73.69600576836046,-2.1937179169871683,13.18658644396929,-4.947675633956791,True,True
5c80393d-d320-466d-83ad-8731925dc841,15.936099930524623,0,0,9,back,83.01416896110797,85.6625,18.19,69.6970033414448,51.754654104554305,15.102041922949702,34.30890892567491,85.66249966621399,77.66379022936282,15.965496658555196,33.90784589544569,13.317165619663172,False,False
5c8c9d07-c8b4-4ac8-b9d3-28dbfeef09f6,11.314436756320726,0,0,8,back,62.94707886433861,73.9375,55.25,64.21676202786944,51.37524232910022,13.978911815952063,42.40047249340441,84.23520289549023,76.3710987333456,9.720737972130564,22.562257670899783,-1.2696831635308286,False,False
5ca0a20e-4d67-4246-9357-a694da75eb59,47.515884702020365,0,0,8,back,68.88165790643961,38.2375,65.45,73.05756262533151,60.39771288400535,11.762521349447116,27.62013285780093,83.34730452892488,79.83184601701103,-34.820062625331516,-22.160212884005354,-4.1759047188919,False,False
5cff1260-ae45-4fe0-8f88-cc84bdbae6a0,4.4791348058685045,1,2,9,back,65.74014920185493,67.9,40.715,63.32815814798236,47.95914401681092,14.94732235305765,31.727855038530485,71.10750899800811,68.94284201812509,4.5718418520176485,19.94085598318909,2.411991053872576,True,False
5d614481-5c30-4272-a47a-34f8d0f06f9d,2.127705607313011,1,3,8,back,61.32537993018583,63.4375,16.235,61.43853448053936,48.88206687025472,15.862032793253178,28.98582419154873,78.74452137126838,72.77473996710853,1.99896551946064,14.555433129745282,-0.11315455035352784,True,True
5d63e3f2-2222-4ab1-99f2-04e5b24da947,16.067954115467778,0,0,9,back,75.69977443415112,91.7,23.715,66.87907899674764,52.12499714625121,16.496085163037296,34.427351829162404,91.700000166893,80.92636769958848,24.820921003252366,39.57500285374879,8.820695437403486,False,False
5d7889c1-7e3e-44e0-aab7-322fffd7463f,0.5773578357316345,1,1,8,back,87.65554472344267,88.2,40.885,75.16764774446928,53.92694113774734,16.42521835359979,34.315524244498995,88.19999933242798,84.67405090749736,13.032352255530725,34.27305886225266,12.487896978973396,True,True
5d7cd3f3-a1d3-4b5d-9118-331437111ae9,8.22077751224003,0,2,9,back,68.50229397883298,75.25,10.455,66.15816259529419,51.63349599779159,17.744354951240993,34.14215923395032,79.80353901291369,73.22556547103257,9.091837404705814,23.61650400220841,2.3441313835387945,False,False
5d956c76-fa25-4685-ad49-e4e595c581fb,6.974829901678826,0,1,9,mid,55.54816238919497,61.5125,3.57,64.1420795411266,48.25307317961511,16.796076567108102,34.63391113005943,78.74867212972948,74.29586726840444,-2.6295795411266027,13.259426820384896,-8.593917151931635,False,False
5da0674b-ac08-4b32-8f2d-aeb58c19f1fe,2.740679403442569,2,3,8,back,80.3562543208011,81.9,27.2,79.539146835684,68.90945944199234,14.952836601567196,32.0173650393574,91.26608336513765,85.90344844288762,2.360853164316012,12.990540558007666,0.8171074851171056,True,True
5da58e88-ed4a-48a4-8152-7ca6fa3bb7a2,2.7590294224085756,1,2,9,back,59.02064763422102,61.775,5.865,59.42037410405642,47.08525882534005,12.355714863486938,29.29995911470798,77.95637135656084,71.482457076445,2.3546258959435775,14.68974117465995,-0.39972646983540017,True,True
5daad421-c89d-457b-807c-4fa18e1f4881,3.924742933403926,2,3,9,back,56.58602979788019,60.2875,6.8,58.99048122680873,48.09150062977146,12.678071345793663,24.66840819106676,72.58025698067968,68.05881616478115,1.2970187731912688,12.195999370228542,-2.404451428928546,True,False
5dbd98a4-0b55-44a5-a762-3da05af83da2,1.3146371878658156,3,3,8,back,54.545886123680994,54.775,5.44,59.45210082918208,44.87618284556212,19.773336161559552,28.665537298113943,74.01454089654396,64.98883415421139,-4.677100829182081,9.898817154437879,-4.906214705501085,True,True
5dcbf258-7185-40fe-8111-aa4acf9f2bc0,4.643196481293573,1,2,9,back,64.64544748640593,68.95,51.17,62.44394434118321,45.70138232091972,9.702794427872677,28.48240179142762,77.88261941471934,71.58522950022873,6.506055658816791,23.248617679080283,2.2015031452227163,True,False
5e0a9668-4429-4d70-9206-2813a2379133,4.61700683385843,1,1,9,mid,48.01584406838857,43.39999999999999,51.51,64.32099031590454,45.30932377397173,11.326225330961012,20.19072829835287,76.44985681642707,72.09304008443249,-20.920990315904547,-1.9093237739717352,-16.30514624751597,True,False
5e0f90ca-3fa1-4e5d-b0c1-f02f4dabd0d5,8.762279983995137,0,1,8,back,79.53497184543563,88.2875,61.795,82.66587042477347,61.93262861288962,16.91990941140544,44.06273889366717,99.166790789282,89.77931758318321,5.621629575226521,26.35487138711037,-3.1308985793378383,False,False
5e60ab93-b303-4bcb-bfda-372f549cefd7,10.2427361226655,0,0,8,back,83.03067038187058,87.9375,35.36,79.95912366778697,66.76196974825022,15.24616065701327,32.882339824273615,96.52535216074357,92.13420881349057,7.978376332213031,21.175530251749777,3.0715467140836097,False,False
5e8c07ce-6078-45fa-aeb9-565114a3e839,8.253855569787149,0,1,9,back,76.31546569390693,83.825,26.01,70.31672975621629,54.38101185741939,8.6253588550757,24.855961848827565,84.99478980637353,77.91156364550974,13.508270243783713,29.443988142580615,5.99873593769064,False,False
5eaaac07-044f-45b7-a13c-aff0c088f78b,7.20624467839208,0,2,9,back,67.62557298428786,72.975,24.31,70.89475139030341,53.64384812029807,11.372857775498192,24.507273782723388,81.49127114800837,74.72158032605289,2.080248609696582,19.331151879701927,-3.2691784060155555,False,False
5f0307c1-4225-4fcb-aebb-e8c5cf951a61,1.0904286928126155,1,3,9,back,58.73771655957708,57.925,10.115,63.54507552109802,50.48448824209365,14.663334319973751,32.576405580511924,66.35442273923715,59.66262787221304,-5.620075521098023,7.44051175790635,-4.80735896152094,True,True
5f28df7f-74a2-4b11-8f96-0cc469fbf43e,7.679258969148998,0,1,9,back,82.69831459846623,85.1375,47.685,70.901027577057,55.44717778432828,11.883953260018435,29.03796741285705,85.13749933242798,77.44119832888248,14.23647242294301,29.69032221567172,11.797287021409232,False,False
5f2db19f-0c94-4f32-b7f4-a2c0dc89f725,3.3695479971016633,2,2,9,back,70.90605877455778,67.55,31.705,70.91086287424412,52.00449110217801,10.520116156021713,21.20367679223354,87.2514468086729,73.61456692798592,-3.36086287424412,15.545508897821989,-0.004804099686339214,True,False
5f3a135b-aa99-4356-b154-dfc4f686b6ac,12.131506243694737,0,0,9,back,72.43577982655628,78.575,6.205,64.02280668978139,51.01688625130059,15.160709031306824,37.1968197370956,78.57499933242798,70.13266700984943,14.552193310218613,27.558113748699412,8.412973136774895,False,False
5f502511-bb27-483f-861b-421ffc935be9,14.095326722264844,0,0,9,mid,44.93729446227969,51.275,10.03,66.42834958104677,48.76144644658027,20.580680749127527,44.64746933479873,72.87155029435337,68.92662446541394,-15.153349581046776,2.513553553419726,-21.491055118767086,False,False
5f8483d7-d262-4965-ae6d-abc2846a8887,0.8146281594559981,2,3,9,back,67.64272566124701,66.9375,65.11,74.43679624744136,57.99509049593269,20.13296548377731,41.269575046928,86.871590876272,78.92241162137412,-7.4992962474413645,8.942409504067307,-6.794070586194351,True,True
5f864cfc-7ac4-4c0e-920c-41c38cef7a4d,1.5276784995750239,1,1,8,mid,78.84212206620512,80.325,2.635,84.84953632494572,72.31206051298867,9.312802179743668,24.29285842567817,90.26979666684758,87.40984802377648,-4.524536324945714,8.012939487011337,-6.007414258740596,True,True
5f9c8c9f-d01e-4356-82f7-c56bc3b1d97b,2.5736726438125315,1,3,9,back,67.10165298980735,69.65,51.51,63.33452826505992,43.810278465754905,5.683779571043594,14.402205596932715,94.14325138889188,79.35815512039129,6.315471734940083,25.8397215342451,3.7671247247474255,True,True
5f9fce9f-ba66-482f-aba9-cbb0ea55423a,2.692114621306129,1,3,9,back,64.03710609061156,66.5875,35.7,64.0415873972098,46.08031677369793,6.5925412137305806,18.899186023175563,75.3148888781893,65.41219869080854,2.54591260279021,20.507183226302075,-0.004481306598236756,True,True
5fae4ea4-b4b3-4f74-aca2-a29a97274652,3.517100255096298,2,2,9,back,63.327161898762995,60.2875,47.855,64.63219894516365,51.543347840710695,12.757697354695722,31.602906334175056,75.14032786133208,70.74856952113319,-4.34469894516365,8.744152159289307,-1.3050370464006562,True,False
5fd94762-1879-4b98-b613-0754f44a8f6e,4.90251028172253,1,1,8,back,76.83547650036662,74.1125,16.405,72.08538501511461,54.58500724339658,15.012617821583042,29.02182015547332,90.27335697961941,81.53791941808643,2.0271149848853867,19.527492756603415,4.750091485252014,True,False
60152b4a-5c51-4494-a103-2d414e1e346f,14.970234178653051,0,0,9,back,66.91330740603239,80.7625,53.295,66.37608793987937,52.170194672192075,9.967689141911038,33.47430922117181,90.06267319358655,77.94098716073523,14.386412060120634,28.592305327807928,0.5372194661530187,False,False
602c4d4a-c468-48fa-a218-1444741ffced,7.655944541147883,0,1,8,back,74.14302640550062,81.375,40.375,67.68822985791357,53.13746565368641,10.571161120531023,33.86292892775923,84.19763461222692,79.41705027627552,13.68677014208643,28.237534346313588,6.454796547587051,False,False
60755dc4-938c-483e-bc0f-f6e93e2def15,9.979445574417786,0,1,9,back,78.37190317566095,85.4,26.01,69.49188037084015,55.88425803639643,8.537058670339981,27.052589194139173,85.40000033378601,77.02958817632204,15.908119629159856,29.515741963603574,8.880022804820797,False,False
60933a7c-9901-4f27-9c24-46871ea7b389,4.288485455640751,1,1,8,back,70.73447933374646,74.9875,58.31,70.98412074380843,57.23088040459572,12.520886859280928,25.073517352126828,82.58931563877832,78.48798217334699,4.003379256191565,17.756619595404274,-0.24964141006196883,True,False
60e3d5d7-0e7c-47ce-85fe-465b4807e2b1,8.119356254594868,0,1,9,back,65.8028860415286,67.9875,62.475,61.49197303071882,46.59771663933313,13.89453302417072,36.61792506792953,68.84852860846084,64.13157987884951,6.49552696928118,21.38978336066687,4.310913010809777,False,False
60e77071-63ca-42a9-a8ce-c62bfd403212,4.201524497343301,1,1,9,back,69.33945857254834,72.1875,4.08,71.18641337643264,52.38610871430489,15.332151175745588,40.22984905404846,80.16619173479305,74.26628004406828,1.0010866235673603,19.80139128569511,-1.8469548038843016,True,False
610269b8-3bd7-4e07-a58c-1c0c17017ced,3.949370842058874,1,1,9,back,73.43434270086007,76.7375,32.385,67.84586000797,51.30840155512096,9.922298516300271,33.4837113620959,81.62222201163328,74.20207146047129,8.891639992029994,25.42909844487904,5.588482692890068,True,False
6137f135-3add-4c5f-b358-ca3eb88d2ae2,4.6089420770103535,1,3,9,mid,55.71764282985996,54.775,9.35,68.94389758243977,49.84518725274328,16.72462390395429,33.89232545879519,78.31592497578983,71.29064362796946,-14.168897582439776,4.929812747256719,-13.226254752579813,True,False
6162f226-e122-4bb4-99de-df6483d4752e,0.7876476472380322,2,2,9,mid,56.15021341446231,56.2625,2.635,71.14630453013366,50.91883451271712,14.028389172940102,27.398033090526404,80.92712426784146,74.07674115178105,-14.88380453013366,5.343665487282884,-14.996091115671355,True,True
616b8f86-53df-462a-b402-2c36eeee7b51,8.247774059503394,0,1,8,back,62.61952916341831,66.85,41.395,66.50952709120462,50.27687371432371,8.512305298260173,22.045780208810577,76.53164038827673,71.31853533130507,0.34047290879537684,16.57312628567628,-3.889997927786304,False,False
616ce6c8-4ca1-444f-9900-94e168778b33,5.409496295135654,0,2,9,back,75.47633890710298,80.5875,54.74,70.86992356314968,54.221439373727875,11.486715440020888,30.695313637507788,80.58750033378601,72.2941989976073,9.717576436850322,26.36606062627213,4.6064153439533015,False,False
616ed7ef-b416-43e6-a619-0e9945b1ec68,6.573650779056086,0,1,9,back,69.04805036497572,74.9,7.055000000000001,69.05595311972027,50.26748512155018,21.884036615172107,39.88115945318215,74.89999866485596,73.12467533489925,5.844046880279734,24.632514878449825,-0.007902754744549156,False,False
618224f8-c3e6-441b-9bdf-4fd6342f962c,6.628713626830233,0,1,9,back,67.89728935759457,69.9125,19.465,63.107238020578315,45.01292581045524,18.456316131948824,28.78052821434856,80.60229524845995,68.26899562039408,6.8052619794216795,24.89957418954475,4.7900513370162585,False,False
6193a3b6-8486-4ff9-b20e-e789b6f62ee8,17.819383537242356,0,0,9,back,67.41371301005836,81.9875,8.33,66.46771909774787,49.16225820876339,12.91266326779757,36.98520413912141,88.10129858618458,77.42585832375885,15.519780902252123,32.82524179123661,0.9459939123104846,False,False
61a57047-5703-4118-8c15-9aa76500e2b8,4.6089420770103535,1,3,9,mid,55.71764282985996,54.775,9.35,68.94389758243977,49.84518725274328,16.72462390395429,33.89232545879519,78.31592497578983,71.29064362796946,-14.168897582439776,4.929812747256719,-13.226254752579813,True,False
61b889a7-ba63-4fac-b260-8d36f1f55f7f,1.9643576921280648,2,5,8,mid,54.84223808679255,53.2875,55.92999999999999,64.06565381745108,51.53537634470177,13.332265855922373,27.60869915268905,78.00292921058909,68.73057757401236,-10.778153817451077,1.7521236552982344,-9.22341573065853,True,True
61bbe2c6-b909-4466-acf6-3f27ebda3b21,11.137731517415073,0,0,9,back,66.34194233834735,73.5,24.31,60.388676231749315,47.72423669393277,7.63222016318749,19.4207117548982,74.2395783861024,68.07160969836178,13.111323768250685,25.775763306067233,5.953266106598036,False,False
61d20a37-e917-4b92-bd69-63818888cc85,0.9099019768527603,1,4,9,mid,55.25634530230849,54.6875,60.945,64.11721589645819,49.94022623718858,20.27201431375821,41.11816191583979,76.24273382851135,73.48922408856689,-9.429715896458191,4.747273762811417,-8.860870594149702,True,True
61dcb011-a136-40f7-8d8b-736acf0ae253,15.870307367352476,0,0,9,back,64.68063750305875,80.325,19.72,63.799541302469024,51.84252507877532,10.249316166508745,34.057807615826896,88.7028860854357,79.3870295015491,16.52545869753098,28.482474921224686,0.8810962005897238,False,False
61e6b1ed-f38c-4cda-8105-e2760d03b057,3.4207946613507194,1,2,9,back,64.70842047547451,67.9875,65.02499999999999,69.88088724826855,55.29371704517788,15.471810624419373,42.00296656050296,81.41971844269516,74.10660006142484,-1.893387248268553,12.693782954822119,-5.1724667727940385,True,False
623d07cf-4f3a-4349-948c-d67b0249fece,4.61700683385843,1,1,9,mid,48.01584406838857,43.39999999999999,51.51,64.32099031590454,45.30932377397173,11.326225330961012,20.19072829835287,76.44985681642707,72.09304008443249,-20.920990315904547,-1.9093237739717352,-16.30514624751597,True,False
626d157b-5f37-4e3d-9845-f690614c4d26,2.2337415895550308,1,2,9,mid,64.93966086554272,66.9375,12.325,88.41934435402047,73.92890026715642,10.077700286697834,35.743243913918974,102.18817848598911,92.77488324496399,-21.481844354020467,-6.991400267156422,-23.479683488477747,True,True
6292b784-f243-41ef-985c-eda937f16cc2,1.7714733201327755,1,2,9,back,71.88458086551653,70.6125,42.585,73.12350832922078,53.6859165730848,11.525871778551767,24.388205799040943,81.1413192124208,78.6384814364695,-2.511008329220786,16.926583426915194,-1.2389274637042575,True,True
6327a97d-c526-4b3a-9be2-e7dd4182459b,1.553277847733541,1,2,9,mid,68.09258950170724,69.38749999999999,60.945,86.28999673870041,70.00488628932142,8.186528714806535,25.03924615753826,99.61179478062354,92.83975687146487,-16.90249673870042,-0.6173862893214306,-18.197407236993172,True,True
632f758a-d34c-4c42-be23-b2b4f2bb9cfa,3.3207832876213734,1,4,8,back,84.60202717260051,82.1625,20.4,76.26198850987554,66.66447807565939,5.647771630732066,16.704144656924086,100.20141928573395,87.11419937492293,5.900511490124458,15.498021924340605,8.340038662724979,True,False
63343495-b5c5-4af0-8d52-fb8585a4b607,5.099216407096907,0,1,9,back,56.385604412475864,60.025,39.355,62.81880147413604,47.331968184782,13.747309822748075,24.329530703193992,72.93399734124722,68.42163815938562,-2.793801474136039,12.693031815218,-6.433197061660174,False,False
633679f0-7137-4a5a-9cdd-bef40983a622,1.05597877154518,1,3,9,mid,73.1629339603911,73.2375,9.265,85.90879906352387,72.60687004878908,12.187261587419403,39.81368342370322,101.20896844941082,91.06765149939693,-12.671299063523875,0.6306299512109206,-12.745865103132772,True,True
634acf1b-ea87-48ee-9d6e-282eea2152ba,28.523289166847395,0,0,8,back,61.00914650909125,37.97500000000001,55.675,59.96561304454932,42.12430181807912,12.20419929162226,32.61038403586946,70.19391753646988,67.03497042295695,-21.990613044549313,-4.14930181807911,1.0435334645419303,False,False
63624471-0c64-4337-897f-243eb8fcb239,11.575935737903437,0,0,8,back,63.19917002832156,73.32499999999999,16.064999999999998,61.392744079180474,46.20209659286021,12.031635298201872,29.257813485111612,85.86448768029476,74.53630553975941,11.932255920819514,27.12290340713978,1.8064259491410866,False,False
63bc9d74-93eb-4786-b8d6-7832e157a70d,14.788891189619683,0,0,9,back,57.53331319985779,61.075,66.045,58.3481534160378,47.42297917659716,15.35426386971093,26.786252466544564,74.73315799887803,65.37215904143443,2.7268465839621996,13.652020823402843,-0.8148402161800163,False,False
63c5f16a-a78b-4cbb-8002-ea04d2eae653,2.7212007963733167,1,2,9,back,78.48918275337022,80.0625,21.505,71.90631304813733,56.33322439690811,10.16696958362828,24.31978721380144,81.03721013242321,78.75038301955587,8.156186951862665,23.729275603091892,6.582869705232881,True,True
63facc79-aa1f-4618-bc49-c0551c70540f,6.0910582914241065,0,2,9,back,64.75298922780699,65.8,27.54,68.93157303403143,54.17502864916204,17.922740474075937,31.38210089471848,80.8687244261057,72.00261312236219,-3.131573034031433,11.62497135083796,-4.178583806224438,False,False
642028e9-a2e5-4285-bd74-283a57758d17,7.022900668655191,0,1,8,back,59.63383097989207,66.5875,26.86,58.85821483732341,45.16631194733883,9.19956917300162,21.712993888249525,67.20763875583071,65.09413572561391,7.729285162676597,21.421188052661172,0.7756161425686585,False,False
6436c79d-6b84-4228-adcd-dc2eb53c11a5,2.6118184796256276,1,1,9,back,75.96372460769072,78.575,1.7,68.14279731525676,47.48951949461454,8.268381531464353,23.403066838347986,78.57499933242798,74.73466035116783,10.432202684743245,31.085480505385462,7.820927292433964,True,True
643ecbe6-e469-447d-b5ba-ee04e7b2386d,10.14884958492576,0,0,9,back,87.78014605198199,97.5625,27.54,75.12573280501151,56.44647778669739,13.788101498261106,36.96266998612592,97.5625,86.24825177874907,22.43676719498849,41.11602221330261,12.654413246970478,False,False
644e70c3-2df6-4058-8634-c77a0f6ab6f9,11.57037765643976,0,0,9,back,64.79263676775616,66.85,40.715,66.88852003884637,49.85028574037931,23.48244258407072,34.54348565350254,71.80335708753235,67.11920650132674,-0.03852003884637156,16.99971425962068,-2.0958832710902016,False,False
64a66475-44c8-49a8-b1f7-a3e7c1a6e22f,1.796154283642392,1,4,9,mid,60.83495583067978,59.325,6.8,65.7817509951843,55.20066236421557,16.186316864654955,40.493546518160905,80.83945423880729,73.39078402473667,-6.456750995184294,4.1243376357844355,-4.946795164504515,True,True
64aafd3b-0f31-40c2-93d4-5253db32b5d6,13.47640385975522,0,0,9,back,64.68862151158348,75.775,35.105,58.759398955965,47.28142287456221,7.736226447441055,22.209238869607383,75.77499866485596,69.81446010198968,17.01560104403501,28.493577125437795,5.92922255561848,False,False
64c18935-7f98-4f87-8cb3-798184f272fa,9.553854565176888,0,1,9,back,77.68738388491668,86.8,57.88499999999999,70.14416227195223,54.01344726171811,17.088406026271752,37.02952001983587,102.12754657428547,89.69327155315197,16.65583772804777,32.786552738281884,7.543221612964459,False,False
64d54e56-3cfb-443d-b864-32130782df1b,1.6436957704119615,3,4,9,mid,48.92244899504561,48.64999999999999,54.91,59.15927317056012,47.50022565673534,21.232631458118533,31.27985149548759,71.21543330864316,66.26016742561336,-10.509273170560128,1.149774343264653,-10.236824175514506,True,True
64f82229-0a32-4ce5-a7bb-c4569cd58f87,11.805377879139877,0,0,9,back,59.98391924515383,67.2,55.505,66.06656057600283,47.366543680514674,8.075685630290277,20.40387315501477,79.55973369444989,73.30099432247897,1.1334394239971743,19.83345631948533,-6.082641330849,False,False
6532be44-a10c-4fce-bd11-151d3ca406a3,1.780616420292064,1,1,8,mid,59.42688129143849,58.8,66.3,70.57520850541786,50.39463717715494,16.39409992957411,35.32306593454604,85.7291862815531,74.5937106190832,-11.775208505417865,8.405362822845056,-11.148327213979371,True,True
654dc336-c95d-45a5-ac13-c9b42e85105f,2.1156109818918107,1,2,9,back,58.75405017289724,60.55,61.965,62.89483155842362,45.14568758978305,12.02169619953962,33.20272006701364,75.9247002187551,70.9722079562058,-2.3448315584236212,15.404312410216946,-4.140781385526381,True,True
657fc40c-0f4a-4362-97b1-dccf56cd2e10,2.8593642333877405,1,1,9,back,58.85644154467215,59.85,15.98,68.93862588248594,50.138058332187136,7.899624907049954,24.095385863990103,75.28898890897995,72.52179031271237,-9.088625882485935,9.711941667812866,-10.082184337813786,True,True
6580c5ab-e0ab-4031-8364-d6b2e2a290c3,0.6333262557669445,1,3,9,mid,62.41454536581208,62.9125,64.25999999999999,72.4725996548694,58.771542747957795,21.632063541768854,31.81853037545958,81.58069113968976,77.08535708080429,-9.560099654869397,4.140957252042206,-10.058054289057317,True,True
6581d5af-ec95-4ddc-a5d7-2245bb9f2764,13.699166059687487,0,0,9,back,92.06671087495724,101.85,42.245000000000005,81.73691078329938,58.09329303198552,15.32232857972873,23.047601133356043,101.8500000834465,91.28651463847214,20.113089216700615,43.75670696801448,10.329800091657859,False,False
65901d6c-0ab8-44c4-beb2-37f0d02f8e52,4.798418474878445,1,3,9,back,66.84508895007886,64.575,49.385,61.30300644578574,47.41551351604261,13.20119024784821,19.275873473775896,64.57499933242798,61.03453995496736,3.271993554214262,17.159486483957394,5.54208250429312,True,False
65958229-464d-4cf4-9f2f-d7464d173bc6,8.103184390248119,0,1,9,back,83.56348146625623,84.2625,50.32,70.32282531185444,49.80492373485201,12.295547843536225,31.73687186894671,84.26249933242798,74.49915814781791,13.939674688145558,34.45757626514799,13.24065615440179,False,False
65b38934-673d-4ddd-ba28-cca6878d95be,14.4992473477147,0,0,9,back,65.98266706747245,74.9875,60.265,60.70025060862637,50.89782263970338,7.982513325841673,20.283135906807665,87.77086243548155,76.88448006634474,14.287249391373628,24.08967736029662,5.282416458846079,False,False
65b3edc4-934e-48f7-a775-def4227156b1,1.2532144816070343,1,1,8,mid,60.15792352719745,60.6375,3.06,77.10405033405675,54.90065223413924,15.95326871526226,35.04805136996836,84.8245610103733,77.48096769639285,-16.46655033405675,5.736847765860766,-16.946126806859304,True,True
65b5f954-3b61-459b-b63a-58b47d2ebaaf,6.2260950162728195,0,1,8,back,80.50939285792602,86.625,34.935,66.18386311127651,49.37946058404646,11.332641149002647,29.873128236984986,86.625,77.30329053653061,20.44113688872349,37.24553941595354,14.325529746649508,False,False
65b728ad-8df1-451d-a79e-2144ce3b8c2b,2.1024482024942253,1,3,9,mid,53.566331115898834,53.725,44.88,65.5224425199785,50.84095880055936,19.59548681121965,33.92760510870971,79.2647786795671,68.69583582255248,-11.797442519978496,2.884041199440638,-11.956111404079664,True,True
65b96172-29d5-4254-8db0-a8e791763c62,5.819840509612753,0,3,9,back,66.9943822396823,72.5375,61.455,69.55685392592653,56.11431862554595,13.029976043993436,22.702803662730645,86.07554155266305,75.04383227200952,2.980646074073462,16.423181374454046,-2.562471686244237,False,False
660aa8b7-d9fc-4e2e-85a1-449e6e9624cf,5.3555929919246745,0,2,9,back,76.73230373530555,80.85,45.135,77.66880244483248,54.11184828339297,9.889374378008842,25.207391412315967,90.0192250139597,83.97143515919161,3.1811975551675147,26.73815171660702,-0.9364987095269299,False,False
6633a456-2378-476c-a03c-dd30a4f4c0b8,0.8226209937735756,2,4,9,back,60.41257492569435,61.1625,54.91,68.20433659529388,52.19813654510666,17.63124120448709,36.430305027683325,83.12590667561727,79.2790358370577,-7.04183659529388,8.964363454893345,-7.791761669599531,True,True
6638d0e2-b80e-4415-aea7-53ad89ee134a,4.320995054793631,1,3,9,back,64.41372104275203,62.5625,64.515,67.00241382007182,51.37981879618272,14.678455961914672,31.4280380752604,77.08895354572925,69.94818138018863,-4.439913820071823,11.182681203817282,-2.5886927773197925,True,False
664e5d9e-ae69-4420-838d-00977299f13c,4.568525788695996,1,2,8,back,64.25765746883417,68.25,37.315,62.89682171697204,47.17643697041521,8.378170680793922,26.60357477542141,74.9996632685991,70.81816185216377,5.353178283027958,21.07356302958479,1.3608357518621261,True,False
66aff198-d30a-4f6b-9de2-deceb33674f8,10.086313825343865,0,0,9,back,79.85344427781202,88.2875,36.975,67.96563824327575,49.0772580866911,9.750818903348431,26.534997071839463,88.28749966621399,79.36969321511863,20.321861756724246,39.21024191330889,11.887806034536268,False,False
66ba0929-935e-4e37-aa99-4d6c7d2e845b,14.499869079898144,0,0,8,back,71.59213624863352,77.4375,55.675,75.26082596199652,58.83538152647511,14.906544671886564,38.128419243524405,90.65641167963818,86.64919049601158,2.1766740380034832,18.60211847352489,-3.668689713362994,False,False
66d83f65-fc4c-4ab1-a347-4de9e37c3fbf,11.915700279294567,0,0,9,back,68.62010491201578,74.9,16.32,65.53258997151917,48.74352872055839,10.67933489146786,22.82547015521116,94.24128373017538,83.43695824074102,9.367410028480833,26.156471279441618,3.087514940496604,False,False
67173a3a-7aeb-4720-9c4e-95d046ca0dad,2.010091169824157,2,2,8,mid,58.789892730488035,57.925,6.8,75.42182104679614,57.21018439732205,9.081132709073463,25.65368385511644,95.07122955629336,84.69503429804661,-17.496821046796143,0.7148156026779446,-16.631928316308105,True,True
67413fea-95e7-4d9d-bc15-dace98f6c4a8,12.503517735713466,0,0,9,back,87.55880588989804,92.4875,41.565,76.00130883027892,56.01259138600271,13.77811550598386,31.61727992284202,96.5808695429451,90.29985468574336,16.48619116972108,36.474908613997286,11.557497059619124,False,False
67775e69-9f45-4a8e-b77d-7ea5b8a1db7a,8.646822550757852,0,2,9,back,66.71471348306426,62.9125,24.225,64.91761536793815,46.4703934209133,17.124164728632344,41.6936994922422,75.31938878959657,71.8674760315485,-2.005115367938153,16.442106579086705,1.7970981151261043,False,False
67884f1c-4ee9-40c7-98d5-1eaa31a74756,36.46654803885381,0,0,9,mid,60.07018431157046,38.5,1.19,70.1960157606085,58.490939683586035,19.15589310435299,40.97654396198687,68.60877553537685,62.176536101032944,-31.696015760608503,-19.990939683586035,-10.125831449038046,False,False
6795097d-f480-44c4-8076-830855abd8d7,17.453014574142085,0,0,9,back,66.4075906166332,75.6875,57.46,67.69458809071907,50.65011973456029,9.530988054696516,27.06007604703932,83.4055942422849,79.00839782489362,7.992911909280934,25.037380265439708,-1.2869974740858652,False,False
67d93ac9-a73e-4854-a332-519c7c73a4af,7.98341244261892,0,1,8,back,68.10875492668582,75.94999999999999,57.205,72.43714823250585,61.88657770289785,10.740438270775355,21.80366457005357,84.58300430194824,81.64978368773566,3.5128517674941406,14.063422297102136,-4.328393305820029,False,False
67dc5b04-63ec-4e44-894f-dc2b1497c0b2,2.9435610414255735,1,3,9,back,58.70513173536073,60.8125,14.195,63.114775793963304,49.23995138473163,12.750637700549966,31.27155262682906,77.66051569542668,71.20604845378399,-2.302275793963304,11.572548615268367,-4.409644058602574,True,True
67e256d0-2535-451c-9c65-75ad38923a47,7.983847392563332,0,1,9,back,72.4571454959334,79.8875,46.24,64.560264287579,49.16253929207241,10.129582919588088,34.48769536568757,79.88749933242798,70.75401921344124,15.327235712421,30.724960707927593,7.896881208354401,False,False
67e9c09a-39f8-422e-b754-731979f1475f,5.082192366791021,0,4,8,back,76.76163982078866,78.1375,39.525,78.92902199183014,63.69779873780329,14.973081423369749,35.97606787366105,88.43982242284812,83.37045194028809,-0.7915219918301375,14.439701262196714,-2.1673821710414813,False,False
681b5393-f743-4cea-9783-1f02cc6c8cfe,0.4381868430903918,2,4,8,back,54.60129073457889,54.775,62.815000000000005,62.601564774093035,51.013963131536194,20.844502914644185,32.50762180444937,80.6754101533512,75.42458880060849,-7.826564774093036,3.7610368684638047,-8.000274039514146,True,True
681cd098-b246-49c4-be8a-4de26dd17ee5,5.043212386297308,0,1,9,back,67.51574976845882,72.5375,50.065,67.33943649115373,52.33030075350145,10.51424152976788,33.03765710457979,81.7091463699897,75.12816540903904,5.198063508846261,20.207199246498547,0.17631327730508417,False,False
68273ab0-ff72-44df-ba8e-2b2f4ca681b0,5.23648099656565,0,2,9,back,69.52057663191978,73.76249999999999,22.1,64.66396644749517,49.93702917159084,12.570746845255364,24.60950827118396,80.79952194563009,72.89053512109297,9.098533552504819,23.825470828409152,4.856610184424611,False,False
68285816-2221-4383-944d-a5c13deec311,1.1059800613070299,2,7,9,mid,53.48010903514504,54.25,13.77,61.49834929944872,50.50872246476446,9.851318443734463,18.492380566643,73.39430083864927,68.28107172622839,-7.248349299448719,3.7412775352355396,-8.018240264303678,True,True
6839823e-8351-4d24-aa4c-f42d3ec52f4c,2.157575455407497,1,4,9,back,53.59857278570977,55.475,18.19,60.36261129670854,45.48130014632632,3.3311118539530256,9.647986146266607,69.53324900437342,64.95107785458507,-4.887611296708542,9.993699853673682,-6.764038510998773,True,True
68546078-f061-4689-b1c6-ad45f51386c6,13.807043534681059,0,0,9,back,67.09899819180895,78.4,36.55,60.767838382540184,45.913767374377,12.1435315737724,24.691058723346465,78.40000033378601,72.02545344627943,17.632161617459822,32.486232625623,6.331159809268762,False,False
685bd451-f430-4134-ae9c-c575e075504c,2.3478421448198565,1,4,8,back,60.36454490558901,60.9875,47.175,65.9311763776998,50.88440657894514,20.591911596250142,36.37034336432367,74.89577967888283,69.11401609014948,-4.943676377699802,10.103093421054858,-5.566631472110792,True,True
68710f21-9656-41a4-99bc-a1c28c8b1896,4.325687610924861,1,1,8,back,71.79095860526331,76.0375,25.33,65.20876112485931,52.11911574645677,12.238029423642525,29.38407590379476,78.77251811840813,72.85551257720951,10.828738875140687,23.918384253543223,6.582197480404005,True,False
6881845a-27b6-4941-8129-f0f36683b5e1,7.369570460135703,0,1,8,back,72.33045123576302,79.625,20.57,64.83046332779287,46.59893991124187,10.459042967595876,26.48233264609708,79.625,71.11307883444015,14.79453667220713,33.02606008875813,7.4999879079701515,False,False
688881fa-175b-4a79-a7bf-3a1b5e23a2d1,1.1811459839033076,3,3,8,mid,50.483484124147274,51.625,61.540000000000006,59.079462419542075,48.59310748298139,19.254051290251297,34.125611679189845,71.65349641813927,62.90837472426762,-7.454462419542075,3.031892517018612,-8.5959782953948,True,True
68893fa6-852d-4220-94ad-a6d43b92f744,2.9653268853161077,1,3,9,back,69.30844015520981,72.01249999999999,38.59,70.02626313777264,55.638706513867106,13.65938458045813,29.507934377753426,84.11086328876293,75.06345194839722,1.9862368622273436,16.373793486132882,-0.7178229825628364,True,True
6889d1be-625f-4f3c-9ec7-9ae2c0b8e3a5,3.710752500214483,1,3,9,back,55.93106483037017,57.925,37.145,59.529673965209376,44.43486149012444,11.39299854231755,27.746401797766374,75.50985880021395,69.52010684665531,-1.604673965209379,13.490138509875557,-3.598609134839208,True,False
68a4d352-25c9-4987-bae3-70422a210471,7.4009314443569085,0,1,9,back,63.277230247691,62.125,5.27,62.1350752781291,49.24171860776937,15.943465162697342,33.9208986198985,93.72356123873305,81.37632581467547,-0.010075278129100695,12.883281392230629,1.1421549695619007,False,False
68ad17f8-1b9e-4940-868c-fcbe81ccc789,6.898756866570593,0,1,9,back,62.84033972913086,63.525,1.785,70.40894498714484,50.89854646235169,16.909362380541186,39.40811661553343,84.40145192890992,73.95977353579694,-6.883944987144837,12.62645353764831,-7.568605258013974,False,False
68af418e-f9e6-462a-b12b-05e64a3b2b39,11.841975630963386,0,0,9,back,57.71917444973985,66.2375,7.48,61.81005029589862,49.22919657299997,10.612100003248251,25.65775734734433,84.83919725028272,76.15886171553294,4.427449704101377,17.00830342700003,-4.090875846158767,False,False
68b516af-f799-49f2-9e50-e74b3c5b8231,4.7895819049447885,1,2,8,back,62.04889024652223,62.65,38.845,60.58640870254437,47.43075638750539,16.04333392911772,33.8964777455018,80.55738007241237,65.79824821070314,2.0635912974556305,15.219243612494608,1.4624815439778587,True,False
690ffc28-766d-4496-a2b5-8a8e9c3426a8,3.279438098793147,1,2,8,back,72.7735424715361,74.9875,1.02,73.91756447539018,54.73169218565031,17.211149234709215,36.30426645994572,78.84091936575538,75.66175398412925,1.069935524609818,20.255807814349687,-1.1440220038540758,True,False
694a5e27-c918-4127-89f3-415e77bb975a,5.71857678065101,0,2,9,back,95.9076246210184,101.325,38.08,89.22636138748632,64.62692583622234,8.619046540811794,18.50130258712204,101.325000166893,94.57386724168656,12.098638612513682,36.69807416377766,6.6812632335320785,False,False
695c61b6-6e33-41d7-b526-3707a51c7282,3.812865158285558,1,1,9,back,56.34632521022254,57.75,48.025,62.31111920561612,47.68298200160108,19.56288469827167,42.07308391781784,68.36490305590603,65.01754011635651,-4.561119205616123,10.067017998398917,-5.964793995393585,True,False
69c37434-eab2-49f9-8cbd-30a72b42f967,2.538837625502594,2,5,9,back,66.22994602239615,66.5,26.18,65.66554230924208,54.44065607465336,5.350538625262711,11.394130646847495,74.51778576010996,70.81060524880604,0.8344576907579153,12.059343925346639,0.5644037131540642,True,True
69ca6d91-10f9-4ea9-b04a-ce68a82c2c6c,11.661460519805395,0,0,9,back,66.30107781773494,77.9625,26.945,68.18239506811565,53.48546457898946,10.494537588526274,24.84714283567927,83.34637791743013,76.60534688533693,9.780104931884352,24.477035421010548,-1.881317250380718,False,False
69d85a98-8366-43e1-b53e-331d31dacdbe,3.9344578775998107,1,1,9,back,67.93171847879891,71.75,31.79,75.699066016426,55.93144948934952,16.266322662211476,30.03192862641873,78.69063158349809,77.1910122188883,-3.949066016426002,15.818550510650482,-7.767347537627089,True,False
69ea54f8-410d-4863-a86e-004ff2053958,4.562801180500284,1,2,9,mid,50.86963356988748,54.075,58.395,65.34770989732347,46.05482884578367,19.31332870785025,41.78852345154744,79.21355513792506,66.88317777298347,-11.272709897323466,8.020171154216335,-14.478076327435986,True,False
69f0072a-c76a-4902-a386-3f20d1f87f0a,7.316173913158976,0,1,9,back,81.63020352212186,88.55,36.38,73.85056265881859,50.79532392708886,13.04791997791579,36.51871563401223,88.55000066757202,84.00906252168099,14.699437341181408,37.75467607291114,7.779640863303271,False,False
69f46652-a893-445d-bb3f-a10a145cd94f,3.1941544386866934,1,3,8,mid,50.3654000431735,53.55,65.02499999999999,58.25352634676331,47.42872008728099,12.883830416313842,36.827713290745486,71.04520989580695,65.03584790639013,-4.7035263467633115,6.121279912719004,-7.888126303589807,True,False
6a088289-5744-4cb2-b10c-abe2746996c5,1.4266813205217141,1,1,9,back,69.1073400431302,70.35,2.975,74.31726954699617,55.867612944769185,15.418160975427554,42.26667867338362,85.19024741804337,79.76708620901431,-3.967269546996178,14.48238705523081,-5.209929503865979,True,True
6a231199-1c46-4fcf-aa8a-083819d07d5b,1.6811654833013132,1,4,9,back,64.4623348897297,65.975,26.35,64.47444155942773,49.65197013794001,10.967399934331285,22.4579484161043,74.39218504053565,67.8437919126324,1.500558440572263,16.323029862059983,-0.012106669698027872,True,True
6a375776-1088-4279-bc99-139fd4648be8,6.2633244393345295,0,3,9,back,66.72503672122792,65.275,44.03,63.78553357691735,48.4979213338994,11.37709655944098,32.50145830357728,73.23451935874746,69.0117745242811,1.4894664230826535,16.777078666100607,2.939503144310571,False,False
6a4482e2-db60-4eef-aeb5-b974b9fef31a,7.45971916470465,0,1,9,back,79.69691311541123,86.975,49.81,71.07223934031896,54.84116923685134,11.908349955303834,26.605196697499384,86.97499966621399,79.09329833985652,15.902760659681036,32.13383076314865,8.624673775092276,False,False
6a5c8550-0c86-4f35-b4da-32a8fde9b4e3,1.0116666528446019,1,2,9,mid,57.25922734400211,58.1875,36.635,70.67016696134013,54.861964455727154,13.94316298501084,39.55366863464688,82.8422504493662,69.55215094990115,-12.48266696134013,3.325535544272846,-13.410939617338016,True,True
6a5cfcec-48c5-4772-acd9-5ad2c6466b01,4.202236655570164,1,3,9,back,72.3302928438151,73.2375,27.795,71.03780235558888,51.56414929579512,9.803457352582036,30.20839611211484,82.03032877487449,76.55888664576517,2.199697644411117,21.67335070420488,1.2924904882262211,True,False
6a5cfd68-e59b-4103-be94-e8962f508f37,9.482090501941977,0,1,9,back,63.52516088823566,60.8125,2.635,69.58507227050308,51.473014579823115,8.658628488012019,27.65946833375984,82.49877991804128,77.17269572381976,-8.772572270503076,9.339485420176885,-6.0599113822674155,False,False
6ab9e371-cd8f-4746-9f98-80f8d688bb5d,2.7406795914546187,2,3,8,back,81.58125398701509,83.125,27.2,80.76414650189798,70.13445910820633,14.952836601567196,32.0173650393574,92.49108303135164,87.12844810910161,2.360853498102017,12.990540891793671,0.8171074851171056,True,True
6ac58aad-16d9-47a1-b5a9-42e71fd22034,5.1709793320838555,0,1,8,back,93.17782412982818,97.3,42.16,80.48068223053372,61.44422042757745,13.69904727975232,33.84221134276999,97.299999833107,88.26548322346963,16.81931776946628,35.85577957242255,12.697141899294465,False,False
6ac7b470-2293-477d-97eb-e258cfac83a6,14.12688951388089,0,0,9,back,79.64645805751685,79.1875,45.56,63.39614445216448,45.761434860885856,11.395566239851243,34.30445421973201,94.68575661588378,81.74742908338266,15.791355547835522,33.426065139114144,16.250313605352375,False,False
6adb5c58-87b7-4f9c-ac67-abb087843347,9.073021622265953,0,1,9,back,84.93912544885211,93.7125,32.47,74.69577557071639,53.29331054043428,10.226675317540217,25.882571186325837,93.71250033378601,85.25361523326308,19.016724429283613,40.41918945956573,10.243349878135717,False,False
6b0b4ea8-5e7e-4dbe-9c34-4dd4aa103071,0.5913080695769138,1,2,8,back,66.8448736548937,66.5,33.915,63.242415372284,47.76928312088449,10.653574863293684,15.975914566472142,69.54784653412264,67.18812550411093,3.2575846277159997,18.730716879115512,3.602458282609703,True,True
6b250f0f-aa32-4392-9c59-836baf8d2db3,19.467639625660304,0,0,9,back,64.36872046574348,83.65,41.565,59.36350331907397,49.159743786919435,8.990387127561995,23.24691106095638,83.65000033378601,76.05388558956906,24.286496680926035,34.49025621308057,5.005217146669509,False,False
6b446a19-39f8-4772-95bd-efa988c51f15,0.7449597240650548,1,4,8,back,58.605008214669425,59.325,18.7,59.355851190810874,49.80350553842798,17.510289413226353,32.206529739158725,79.9774969472302,71.82880127817404,-0.030851190810871287,9.521494461572026,-0.750842976141449,True,True
6b87ea80-989c-48c9-a8c2-563f853404e9,6.132679758025332,0,3,9,back,69.35608858227998,66.2375,61.2,73.014234384496,58.09802300136597,12.42894106442511,19.003955795883044,84.19220527173925,76.1175892738376,-6.7767343844960095,8.139476998634024,-3.6581458022160263,False,False
6bb103fa-e59c-4231-83de-ec562615d25e,17.418906835437284,0,0,9,back,75.0244079823989,92.3125,34.34,65.91022934589708,50.50163798544037,13.253690833696734,32.21535803503909,92.3125,81.8256676330931,26.40227065410292,41.81086201455963,9.11417863650182,False,False
6bf0a40d-18e4-468d-a566-cd17e3de0d0d,5.914516235871047,0,1,9,back,57.60221840619795,56.0875,0.51,62.7904596771913,46.24370803272957,22.80469028897067,39.63570658156084,76.50960359715799,69.44871652074956,-6.702959677191302,9.843791967270427,-5.188241270993352,False,False
6bf1e50a-1cb5-454c-b0f1-dec038c9f60b,10.367047321992413,0,0,9,back,70.10353835230771,80.4125,53.975,69.46077284004382,56.10024999614215,5.730476438270998,20.949802489962277,87.29733113984223,77.58780569531271,10.951727159956178,24.31225000385784,0.6427655122638924,False,False
6c36b2a3-1a73-4e63-bbb7-31209f7cee6f,12.360176692137276,0,0,8,back,68.5711781254075,77.6125,63.665000000000006,65.9378462906093,53.780902672825995,10.384133236104834,29.39181676346711,77.61250066757202,74.25862862001571,11.674653709390697,23.831597327174002,2.6333318347981987,False,False
6c6cacbb-eb18-43d3-a777-ff62083112e8,19.809733815104586,0,0,9,mid,51.03108633721553,36.925,9.35,70.66661139973813,56.31150898334268,19.26873668841525,37.69418448011598,73.71247203827812,69.40276681374854,-33.74161139973813,-19.38650898334268,-19.635525062522603,False,False
6c8a6202-b81a-422a-b675-1243ba84c424,3.2323788560189732,1,3,9,back,68.34445571047118,71.57499999999999,23.885,69.90826985602823,52.15976658548642,7.318163256113856,25.73849897230052,73.65920470651943,71.34451192225616,1.666730143971762,19.415233414513565,-1.5638141455570462,True,False
6c946063-22c7-4470-8d1a-8fafc6b49b6f,1.7408634882475944,1,2,9,back,74.90808055403188,76.475,19.975,70.93780268969921,52.09874968781351,10.073633434693186,25.75412208387103,76.79643239136901,72.44017015680464,5.537197310300783,24.376250312186485,3.9702778643326724,True,True
6cbc23fa-3cae-4044-a9ba-2fb4e5f64fe6,5.639989296477682,0,1,9,back,63.94251332091113,69.3,16.32,62.99142384794853,48.26467531224651,12.878251645560816,33.243999348343834,69.30000066757202,60.97002540856073,6.308576152051465,21.035324687753487,0.9510894729626003,False,False
6cc15ef0-55a1-4bf3-8a3b-f2da2b587b54,7.316173913158976,0,1,9,back,81.63020352212186,88.55,36.38,73.85056265881859,50.79532392708886,13.04791997791579,36.51871563401223,88.55000066757202,84.00906252168099,14.699437341181408,37.75467607291114,7.779640863303271,False,False
6ce73c62-2d18-4320-b180-90702aec85b6,7.963390582090586,0,1,9,back,62.01074697638962,67.4625,37.315,59.28365608601508,46.13792674734555,11.642379748229953,28.856770424504784,72.1640028367213,68.61712119334823,8.178843913984927,21.324573252654453,2.7270908903745408,False,False
6d1e8d66-0300-4046-b641-c5503fec4fb4,6.334193949091846,0,2,8,back,78.07246745138883,84.0875,3.57,85.91909082288169,65.91744685025074,7.062026217117008,14.761647096085458,90.48214589706015,88.50445219249573,-1.8315908228816795,18.170053149749265,-7.8466233714928535,False,False
6d2850a9-fb2d-423d-b52a-4bca8c1c341e,5.254594502129942,0,1,8,back,62.912554161275274,68.075,59.415000000000006,62.21958791973132,50.29281782163571,11.29882222728464,20.164890313252307,73.0863672771612,66.37290104840098,5.855412080268685,17.782182178364295,0.6929662415439566,False,False
6d65ea77-6120-47a3-9241-b2aa69bf3051,6.013760267061864,0,1,9,back,79.20308129410164,82.425,28.475,68.76862601138996,51.018630623297646,16.62993963916641,34.84475560380535,83.60189318371872,77.29454277940832,13.656373988610042,31.40636937670235,10.434455282711681,False,False
6d709ef5-f071-4d07-924d-197457b5e0dd,3.0522086515084528,1,3,9,back,65.28185250907288,66.7625,39.61,67.99193442736356,54.00489452236728,10.053783461294437,27.366993855159823,76.55456567117024,68.30892893682767,-1.2294344273635573,12.757605477632723,-2.7100819182906832,True,False
6d8438e9-5077-415e-8e8d-a8e2ae5312fe,5.81657984596988,0,2,9,back,67.79760835996495,71.13749999999999,51.425,61.34989114520431,45.465327347073185,14.266664766894756,31.405273202698044,81.08821584073996,74.21560953933934,9.787608854795678,25.672172652926804,6.447717214760644,False,False
6d8ade17-23fd-44b2-9f81-303a93564567,22.223711926536463,0,0,9,mid,61.267897337608304,39.375,23.035,69.14128020275055,58.49324327669771,8.719745068805551,17.847733691127612,73.69114879091937,68.14906976146973,-29.76628020275055,-19.11824327669771,-7.873382865142247,False,False
6d9a0bab-86bb-42ed-ba69-8c2cf2fe57bd,6.6278909992134984,0,2,8,back,74.71312851486773,74.55,46.07,73.19391259207347,54.25580061722538,8.278032026857709,23.286611051226448,84.2045366503994,80.17733880126431,1.3560874079265233,20.294199382774615,1.5192159227942597,False,False
6da0e7db-b34c-43c6-96ab-cc7894f8115a,1.9296267855164715,1,1,9,back,55.82974693004018,57.75,65.36500000000001,63.64210202451152,47.88628065773629,16.963728922944746,34.58084867079954,82.93109909766562,76.28138275728236,-5.892102024511523,9.863719342263707,-7.812355094471343,True,True
6e0cf42b-978c-40a9-8d8d-05f4d02ec13b,23.000539311194807,0,0,8,mid,37.32610886995742,51.8875,55.42,59.00019552077782,45.548754548951536,12.507521736700042,28.50981721384959,59.859449129734834,55.05479216244501,-7.1126955207778195,6.338745451048467,-21.6740866508204,False,False
6e127440-0978-47dd-aeaf-9da1305e0b15,3.9585818786403175,1,2,9,mid,61.527031698655634,62.5625,60.00999999999999,68.6241163879967,53.33256654207552,12.207718179551506,37.5109454195645,83.68762348324303,73.77962746271167,-6.061616387996693,9.229933457924481,-7.0970846893410595,True,False
6e15cbb0-e9cc-4766-9215-ce28d8fc18b5,1.689577933017165,1,1,9,back,58.18508954476182,59.675,61.540000000000006,61.64855590936133,44.26153122687802,15.028215134703522,38.492932306284224,68.3949197998981,63.01572276776675,-1.9735559093613304,15.413468773121977,-3.4634663645995047,True,True
6e209c15-14a5-4140-8013-84f399cf4715,6.461934896750271,0,1,9,back,95.70583130473517,100.1,41.055,82.82422924027257,59.16168991794051,16.88000106205083,27.789710108385883,100.1000000834465,91.21357424446765,17.275770759727422,40.93831008205949,12.881602064462598,False,False
6e214220-fc29-4bff-9d52-a7420d9a307e,7.278418813355105,0,1,9,back,70.48466225161927,76.125,27.37,61.98314885904394,47.315690263289,14.842791447335989,40.21451230493984,76.125,66.8519525239619,14.141851140956057,28.809309736711,8.501513392575326,False,False
6e3590d0-732b-42e2-9bcf-b301ddbb17b3,9.380814041210037,0,1,9,back,76.77220168989479,83.125,34.17,61.96785228608272,45.05098021923035,11.595563627649334,23.59195823574197,83.125,73.66906980716496,21.157147713917283,38.07401978076965,14.804349403812068,False,False
6e5ec751-09a8-41a9-968e-e5ab5c05406d,9.085806682149425,0,1,9,back,65.18600273611989,69.5625,5.865,66.9810527115115,51.20460498448837,18.120876351249027,37.23619506464425,82.43877413664733,76.58233959205552,2.581447288488505,18.35789501551163,-1.7950499753916063,False,False
6e81cf84-4670-4269-9602-a4a52d03ff2f,2.8217343284578367,2,5,9,back,62.24411896135418,59.5,51.51,62.48232474467575,49.521747415964384,6.0992427722990925,12.550390939027572,72.25394764600651,68.6319290984661,-2.9823247446757506,9.978252584035616,-0.23820578332156828,True,True
6e8ff901-53be-425c-ac92-b23282af2ea4,1.612941741886849,1,2,9,back,60.664975967470184,61.775,43.86,67.89115986921763,48.99451782712268,15.308556606783268,31.755311597680148,82.94039399761574,71.54714195443086,-6.116159869217633,12.78048217287732,-7.226183901747447,True,True
6ea1bf4c-ef2b-448a-93b0-7c38fe51d136,1.794736796956084,1,2,9,back,60.4025258764994,58.625,21.675,61.44284411628435,46.63368295953559,11.175959778976011,22.931863790594345,70.69029930361111,67.75251866313332,-2.8178441162843484,11.99131704046441,-1.0403182397849449,True,True
6ec48c5d-6d60-45be-a186-8121ab12d5d8,3.579622314054879,1,3,9,back,62.798823781441875,66.325,37.315,61.345131655587814,47.385305086022896,10.507206946786129,28.00463200486828,74.00726572619186,68.54616569218777,4.979868344412189,18.939694913977107,1.4536921258540616,True,False
6f0fbd47-0ccc-4115-a95e-b240ed7a3f94,2.1218701721102438,2,3,9,back,66.991739146019,66.325,50.49,63.328804902460874,47.22625562957083,23.7089483686773,35.094393497013456,77.48911474221552,69.13168184146394,2.996195097539129,19.098744370429174,3.6629342435581265,True,True
6f4210da-32e2-4079-94b8-bb4de3f627a9,22.501009791174717,0,0,9,mid,56.40115223198534,40.60000000000001,47.345,74.58719677241453,61.33341630954359,8.577368983500815,25.677548626380656,81.44734551192148,74.45383036402939,-33.98719677241452,-20.73341630954358,-18.186044540429187,False,False
6f65dcaa-ba5e-4442-8f15-a6dfce22ecb0,15.297196500698467,0,0,9,back,62.88438085802192,75.425,20.145,59.96851537823323,48.80034807958513,17.125361459697295,35.287444275031746,89.49096352465538,77.25351985719203,15.45648462176677,26.62465192041487,2.9158654797886925,False,False
6f9bc271-a833-4eae-85e7-83d113fb3488,7.1719451185197745,0,2,9,back,90.20357117571633,92.3125,41.905,78.82425431668047,58.065482468779024,9.050729290597848,25.273516981056837,99.8580722387444,91.67896223272622,13.488245683319533,34.247017531220976,11.379316859035868,False,False
6f9ce942-fca2-401f-8c75-84486f7c0ab4,7.032735405232153,0,1,9,back,64.68137505104457,71.4,62.13499999999999,61.98732060076768,47.46594369309524,24.09640114128765,40.36587847308032,72.68343553981862,68.43483143428202,9.412679399232324,23.934056306904765,2.6940544502768873,False,False
6fba87a0-ebcb-42ad-884c-8a0a82e8405e,1.3723038634196858,1,1,8,back,79.47070759759177,80.7625,19.125,75.7630746480156,58.56332201145954,16.789305293659087,28.288981303277648,86.21826716197151,80.46633567821854,4.999425351984399,22.199177988540463,3.7076329495761655,True,True
6fd69c54-095a-4744-92b8-ad2a8c608e12,9.073021622265953,0,1,9,back,84.93912544885211,93.7125,32.47,74.69577557071639,53.29331054043428,10.226675317540217,25.882571186325837,93.71250033378601,85.25361523326308,19.016724429283613,40.41918945956573,10.243349878135717,False,False
6fe98197-1e0e-4d18-8e2e-841dea2386f6,12.52275213818697,0,0,8,back,72.5267133279095,84.6125,43.86,72.57740664647903,54.50150387535312,12.66319185643031,35.893884444952874,85.11522718587355,79.52902844890691,12.035093353520963,30.110996124646874,-0.050693318569528856,False,False
6fef2335-5770-45ce-bed5-02c75e4907b2,7.084943625390864,0,1,8,back,91.0688543623382,98.0,34.935,80.2563638656006,57.90639667758462,13.846805564363272,34.73394358879099,98.0,91.88394104094935,17.743636134399395,40.09360332241538,10.812490496737595,False,False
6ff00230-f012-4eb1-af42-3a80a68c35a1,4.2877024203507625,1,3,9,back,66.83093933505657,69.65,34.17,68.17630418466808,54.77478682123551,12.888474588090602,32.80608489734736,78.24927142715441,73.82668699904298,1.4736958153319222,14.875213178764497,-1.3453648496115136,True,False
70127f65-713c-44e9-b547-fa729d243186,4.214214762670581,1,2,9,back,75.16985588256617,78.1375,47.005,67.45946637544752,53.7533446587994,10.765310888453264,34.74649738462843,84.34552082215534,76.81561329331419,10.678033624552484,24.384155341200604,7.710389507118649,True,False
70250b16-68c6-44f6-841b-6ea46754716e,2.0288813764741227,2,5,9,back,68.39794788324669,67.6375,46.92,67.61299020115065,53.81665544845882,4.6254544391379895,8.12195042200559,78.54227799766281,72.02926067684484,0.024509798849351228,13.820844551541185,0.7849576820960351,True,True
70363a85-1056-4016-9c9f-850a2e4c2354,2.697814201234792,2,3,9,back,72.00359351545198,72.5375,37.995000000000005,66.7157247473214,50.6371891674745,21.97195886545191,31.280605600214685,73.4989989621935,71.31050807407436,5.8217752526785915,21.90031083252549,5.287868768130579,True,True
705ccf00-1c4d-499c-940d-b564914a5844,2.8487489952190708,1,3,8,back,76.96017081071066,79.1875,41.395,73.06925255776476,57.24738815581466,9.845824939859853,20.613040279815607,80.9976075475543,76.53623186237193,6.118247442235244,21.94011184418534,3.8909182529459088,True,True
706771e0-18c8-424a-87e5-767f0940d18d,5.575888520505325,0,2,9,back,71.14374795955369,74.8125,47.175,75.77999696441067,53.60592864659627,12.321140164943262,27.207200636593782,85.56287918810935,77.43392004038328,-0.967496964410671,21.20657135340373,-4.636249004856978,False,False
7090259f-fb4f-4f1d-9845-9b9575807789,2.90826542482808,1,1,9,back,63.5113256759479,66.2375,13.855,59.9731639682598,46.84105897814993,11.287631977119863,30.957407472739987,66.23750066757202,57.07615041206974,6.2643360317402,19.396441021850066,3.5381617076881042,True,True
70aa4477-edd0-47b2-8850-c87b24fb4fa9,2.7810922079183236,1,4,8,back,69.34687379149057,69.7375,45.22,68.00188082553511,56.9797851003054,8.469381507893914,17.351830827481088,82.31991148477789,75.8977675473853,1.7356191744648868,12.757714899694598,1.3449929659554556,True,True
70b4d3a4-8af4-43b9-90e9-424f4705115a,5.526871229863192,0,1,8,back,67.77403004457373,71.6625,4.08,64.60156494976945,49.466507005579075,15.299446568225466,39.38414547338945,77.13851615170523,72.90595690789795,7.06093505023054,22.19599299442092,3.1724650948042807,False,False
70d2f0b5-5ef2-4d4d-97f3-bda3e3b2a438,8.006090890787927,0,1,9,mid,49.411225396028954,49.525,20.315,63.95707431969346,50.01958535571994,5.438210485714613,19.02938913995203,72.31283094239923,67.89484976898646,-14.432074319693463,-0.49458535571994133,-14.545848923664508,False,False
70edae8f-19d8-4748-8a8d-0ccfa1f0698e,12.154150864966095,0,0,9,back,73.46176893706154,76.0375,52.53,72.68015405693055,49.46809836675232,6.14708476257244,16.616202874510748,84.85655007828774,79.07639851852078,3.357345943069447,26.569401633247672,0.7816148801309879,False,False
7164c6b2-8b61-4452-b75f-c1b9fb911a31,1.5172075042189475,1,3,9,back,68.15988745857322,66.9375,52.02,66.92957283889386,51.655610288904946,8.291245033396827,24.09642511947496,73.84849768173669,70.40404273155032,0.00792716110613867,15.281889711095054,1.230314619679362,True,True
71770e65-9cf1-4696-b01f-04bb8f79fe8a,5.757367898177138,0,3,9,back,60.54674820493686,60.6375,41.055,60.16122480589811,46.9825931517376,14.833844677260114,29.711133680124565,72.35327516657169,67.81754762790327,0.4762751941018948,13.6549068482624,0.3855233990387532,False,False
7198b688-3184-4871-8643-60d6f1e5eaed,2.0103730973723595,1,2,9,mid,48.44840737072073,48.125,7.225,60.75817945827167,46.204960366119586,14.648993646293825,36.60198243650339,75.94213527690702,64.57444462748623,-12.63317945827167,1.920039633880414,-12.30977208755094,True,True
71e18d69-817e-4284-8275-a162cd70d2eb,8.517443474195519,0,1,9,back,61.11011947787683,67.55,10.88,62.34980392740269,45.61216680205764,20.704841344172834,38.73745255093653,79.00321482290249,72.88720916290148,5.200196072597308,21.93783319794236,-1.2396844495258605,False,False
7228302d-e48d-4aaf-a185-a2cf5862b68d,4.585765278632449,1,1,8,back,64.01044923997762,68.425,2.125,71.73602553789688,54.677573225901824,20.826435948727912,35.25946223957874,99.94881172536229,84.06048576466817,-3.3110255378968816,13.747426774098173,-7.725576297919261,True,False
725e0c79-d5e3-44bb-ba8b-bfac75e0c9d8,5.857704328839188,0,1,8,back,51.33744270494771,56.0,62.13499999999999,60.40938283050154,43.59851759425394,8.572991718079948,20.649256351130887,57.3389220040282,54.81571414171174,-4.409382830501542,12.401482405746059,-9.07194012555383,False,False
729c8d2f-a4d2-48fb-8857-4285a0f64907,0.47433616889932145,1,2,9,back,56.90195662509865,57.05,4.08,63.410849804629024,46.973401862669945,25.848421578509797,36.70224337822916,83.75918132677431,73.2708856115313,-6.3608498046290265,10.076598137330052,-6.508893179530375,True,True
72a60cae-fe15-4988-a7ef-acd446a52b03,6.319357705265435,0,1,9,back,79.2119309994977,82.8625,21.59,76.46861370904062,56.40563000743801,12.319374007441354,23.33000537600862,86.99300927715065,81.0168764654818,6.393886290959372,26.456869992561984,2.743317290457071,False,False
72fb4a5b-caa3-49bb-a532-8887ed986829,2.2817330133786027,1,2,9,back,59.52964649807262,61.425,2.635,64.4730494809563,50.61860425161992,13.1978286373559,31.77796833888669,77.83146438617476,72.24873240066722,-3.0480494809563083,10.806395748380076,-4.943402982883683,True,True
7312f915-63e0-4f79-865c-9efb78c6c526,2.799009388502264,1,3,9,back,61.4896111597601,63.35,9.52,60.20860058264715,46.2600403282954,8.830901119463862,21.847216501040062,75.85618939949568,68.44422225911465,3.1413994173528508,17.089959671704598,1.2810105771129514,True,True
7371baeb-b842-4b64-af9d-2c50924bd50d,6.246791030018662,0,1,9,mid,52.69242783828961,47.33749999999999,56.865,60.10678250136361,48.25716721303438,16.504591558945037,37.92278907177533,68.02318791215743,66.138520449108,-12.76928250136362,-0.919667213034387,-7.4143546630740005,False,False
73aa94cd-9b12-4a11-91b8-8de84d31591e,1.8230418702183582,1,3,9,back,72.19065549452584,72.625,30.175,63.81847065425101,50.35950097988142,16.60518287787545,26.43432018836169,72.625,70.86045580515656,8.806529345748991,22.265499020118583,8.372184840274834,True,True
73abf28c-9c0f-431d-8108-062b080a2782,10.91460847135831,0,0,9,back,72.14132109314403,82.6875,24.565,69.4939540626888,55.77712360942216,11.851211961520626,23.734708697730177,84.22228311673837,78.74443211453843,13.1935459373112,26.910376390577838,2.6473670304552286,False,False
73acc3f9-e5d4-4fb2-b710-0f5a6f2eaef2,10.071737312164661,0,0,8,back,57.16886411163559,67.2,6.12,61.57191845473848,47.77888115167644,16.437013161335557,31.27645833529971,76.92156965609672,69.21775052449671,5.628081545261523,19.421118848323566,-4.4030543431028875,False,False
73d265f1-6e36-4b5a-9423-9cc557717964,2.4778169439057645,1,2,9,back,64.22062308142159,66.2375,22.185,59.906523352987975,46.53928097964617,12.235828725955455,23.96314647674994,70.77347516198256,63.07220676649325,6.330976647012022,19.698219020353825,4.314099728433618,True,True
74115657-69a2-467f-89d3-b253607ebb72,2.3394285217210404,1,2,9,back,61.97232095558013,64.225,17.849999999999998,67.54302459604905,50.06224767580928,11.30039561085389,22.88870701920508,77.61056860237167,73.36020032250991,-3.3180245960490566,14.162752324190713,-5.5707036404689205,True,True
7413935a-244c-4b90-9716-9a04868934ef,2.102564628753296,1,4,9,back,65.84729638577237,67.1125,29.495,68.64127818579105,52.498378635069585,6.93296960397366,19.447200151648776,85.37330622131127,79.8694885083124,-1.5287781857910545,14.614121364930412,-2.7939818000186847,True,True
7442f77c-0088-4f2d-b922-a6156f6ac93a,1.2319370906947251,1,2,9,mid,54.89692347223351,55.475,6.715,72.4207882648545,54.55904764668327,13.132598300490674,32.87231610786254,77.58642102847335,69.96804120872281,-16.945788264854492,0.9159523533167331,-17.523864792620984,True,True
7453c577-9edb-4028-890d-e76971b78846,6.0142039375670855,0,2,8,back,71.71277554782561,75.51249999999999,65.875,73.94367220958551,54.26996109154433,6.901350795617262,20.91011600034068,86.56439288863339,81.96473906393886,1.568827790414474,21.242538908455657,-2.2308966617598998,False,False
75013822-d8e9-419d-be88-93cf5f96d111,5.100531546156528,0,1,9,back,57.34553163922306,56.2625,64.77,60.5703026758726,46.6646313539194,14.033792951019112,36.130485613092816,63.44002818896506,56.40765281606621,-4.307802675872594,9.597868646080606,-3.2247710366495355,False,False
75389987-1b3d-4eb8-9137-b588aa63cffe,1.2199552794638333,2,3,9,mid,55.51053935162645,56.525,29.07,62.1221526808136,45.20441948370097,11.464609068658085,33.50932539284811,80.08242618141843,72.30740909308169,-5.5971526808136005,11.320580516299032,-6.611613329187151,True,True
754eafb2-9d5f-48d9-b80c-28ff074d3d9e,12.644097555783173,0,0,9,back,65.51650954515827,77.7875,44.88,63.220909397269835,46.22413571582067,10.417241578324628,31.126809410661025,89.93765174084635,80.5646607914062,14.566590602730159,31.563364284179322,2.295600147888436,False,False
756cd607-1c6b-4239-babe-f56d1e8c173d,18.93539358607383,0,0,9,back,56.41579593916776,74.9,27.625,62.28186592605475,47.4798534001528,14.528563503112672,21.058401599656484,78.17684416690884,73.0047326840528,12.618134073945257,27.420146599847207,-5.866069986886991,False,False
760533dd-ef31-4115-8fb9-b61742edc9ce,1.0296297664578418,1,2,8,mid,55.012108875019024,55.9125,4.505,70.94671012967032,49.64983847548137,18.39596888638176,32.05255918429876,84.94293750530082,77.51691096873395,-15.03421012967032,6.262661524518634,-15.934601254651298,True,True
76f15741-052d-48ee-a876-b8f6712f86a6,3.917614949020988,2,2,8,back,83.67092513547524,87.5875,46.92,87.23229353225393,70.91803349200778,17.65898418943778,34.822502270226025,94.90608110897655,88.32803964440271,0.355206467746072,16.669466507992226,-3.5613683967786898,True,False
7710b3ed-0094-4db7-9d95-578dd29fdbb4,2.1605970674198245,1,2,8,mid,53.66196198643306,55.7375,4.42,65.25365407960278,51.3718169285444,11.649918601182286,35.483699822051854,73.50126480607834,65.0766164373776,-9.516154079602785,4.365683071455599,-11.59169209316972,True,True
7722f60b-e997-4bac-aa03-3b3f3dc73c0d,13.230938196211788,0,0,9,back,93.00018329188218,90.9125,46.24,77.35810655133598,57.64145520200084,15.286653351367612,38.28449997715475,99.75653762914118,88.97815201861584,13.554393448664015,33.27104479799915,15.642076740546202,False,False
772abbbd-3217-463b-ab8d-611b17cd46f2,3.370303955612772,1,2,9,back,58.36414860721,61.25,3.23,63.9925614901496,50.16130321810282,12.664862891317828,31.003943673368155,77.44736139255095,71.92425840749357,-2.7425614901495976,11.088696781897177,-5.6284128829396,True,False
775f824c-cb7c-419c-a882-4e4e5c8c1001,8.20818605181431,0,4,9,back,60.65650363353119,68.775,40.63,65.81378683994654,52.31255537310352,7.7413658932255345,26.154539948617423,81.05795158779523,73.15609202648844,2.961213160053461,16.462444626896485,-5.157283206415357,False,False
7772c9a4-88ff-4584-aeee-67b12425bd24,1.5110807661447625,1,1,8,back,80.77394435000272,81.2,55.42,75.00417036980012,59.22333654206653,13.732737928622598,37.96056276646303,87.49177338961215,78.6174038347441,6.195829630199881,21.976663457933476,5.769773980202601,True,True
7792434e-c927-4deb-bb56-3fdc7fc5307c,12.333905914750316,0,0,9,back,60.67600095494398,67.9875,64.68499999999999,68.83728040689756,50.71316715702374,18.127669364001957,33.69259323545423,81.74255961912112,75.77385243611788,-0.8497804068975654,17.274332842976257,-8.161279451953583,False,False
77aaa47a-022a-43c8-9f6e-9ef533bab04e,8.357832751780304,0,4,9,back,69.76694701438494,62.65,33.235,76.46642432013174,64.01559270168559,12.75254780073276,26.039170901430516,84.01167897144194,77.79973085449981,-13.816424320131738,-1.3655927016855927,-6.699477305746797,False,False
77edab99-e21c-4303-acc7-dcbed678ee11,7.278418813355105,0,1,9,back,70.48466225161927,76.125,27.37,61.98314885904394,47.315690263289,14.842791447335989,40.21451230493984,76.125,66.8519525239619,14.141851140956057,28.809309736711,8.501513392575326,False,False
7801d045-2e20-4a5d-8566-79cc31e658f2,2.7919598801994874,1,1,9,back,75.49959202419475,76.38749999999999,65.875,77.88613901343194,54.6600357410645,20.861471376304745,40.86695471636281,87.44913514999968,81.4745076004144,-1.498639013431955,21.72746425893549,-2.386546989237189,True,True
7806c406-604d-4de0-9ccb-57841088fe7d,13.326259328173956,0,0,9,back,73.63221301922823,76.3,20.315,65.3292917770903,51.55403566717039,8.739806447130228,22.50050170547062,76.76592956946357,72.74310820956468,10.970708222909693,24.745964332829608,8.302921242137927,False,False
780cd25f-d7fc-48c4-8aad-1a9dd5a29601,5.803873547031973,0,1,9,mid,50.079202496562544,54.425,61.115,63.84557787192595,51.29252308747239,16.60782634954653,24.770557544993192,82.3130883695906,79.42253348491155,-9.42057787192595,3.1324769125276077,-13.766375375363403,False,False
7823b204-11bd-4c95-a900-aa4be3ebb075,19.89978391707156,0,0,9,back,65.98844570971642,85.75,29.75,64.98380164122634,51.892392822039234,12.78885016289749,30.939451428881952,85.75,79.28855374581906,20.766198358773664,33.857607177960766,1.0046440684900801,False,False
78647cb6-4da0-4c3d-89a3-6e4e2c9350d7,2.1173257138805286,1,2,9,mid,68.8285958841272,69.9125,61.88,78.71147861184956,56.27173891043778,18.92162443529277,47.44282294502579,91.23118604214328,86.54026799535367,-8.798978611849563,13.640761089562211,-9.882882727722361,True,True
78aa1fd0-cada-4c01-8ddf-fe334ebc06ea,1.3114902932270314,2,3,9,mid,49.29289589389647,48.3,63.665000000000006,60.16677571107135,46.02762455274988,20.670486648026294,39.96254719900147,74.68076416380964,67.44984905701892,-11.866775711071355,2.27237544725012,-10.873879817174881,True,True
78c44b37-45a0-436b-b752-a2a5818bbbce,8.009635351643443,0,1,8,back,71.91291155527311,78.575,47.6,75.57727727935462,59.79005174694148,13.185650669113723,24.81822591053669,91.50864984497937,86.66788645150271,2.9977227206453847,18.784948253058523,-3.664365724081506,False,False
78d0778d-4c24-4742-a929-332481bf0f24,8.253855569787149,0,1,9,back,76.31546569390693,83.825,26.01,70.31672975621629,54.38101185741939,8.6253588550757,24.855961848827565,84.99478980637353,77.91156364550974,13.508270243783713,29.443988142580615,5.99873593769064,False,False
78d2e619-f589-47ef-a1eb-b39f4d36540f,1.553277847733541,1,2,9,mid,68.09258950170724,69.38749999999999,60.945,86.28999673870041,70.00488628932142,8.186528714806535,25.03924615753826,99.61179478062354,92.83975687146487,-16.90249673870042,-0.6173862893214306,-18.197407236993172,True,True
78dca0b0-7665-4033-842d-d9fad48a9085,10.201821574200803,0,0,9,back,69.25886584922003,79.45,49.385,66.00919778584324,53.08744122567374,12.367656583320649,30.755525034278765,81.57853225742265,77.4328699049463,13.440802214156761,26.36255877432626,3.249668063376788,False,False
78e1c2cb-6796-49ff-b94c-bff13c77772d,7.7202742465756815,0,2,8,mid,42.85633826023504,48.03750000000001,28.39,63.44313151828272,45.09513386102817,13.41786806585554,31.67578766502612,66.16689836897797,60.92299717177393,-15.40563151828271,2.942366138971842,-20.586793258047678,False,False
78e57dca-2998-4156-9939-5c93b0cad49a,5.966176057037394,0,3,9,mid,48.94241551987621,43.22500000000001,32.3,59.27965082598992,45.507109490033265,16.298188649074426,23.405415479633724,61.33882103982015,56.43807809177422,-16.05465082598991,-2.282109490033257,-10.337235306113712,False,False
7910cc71-3cea-418e-98fd-edef1b4ec96c,1.3578307925328656,1,4,9,mid,65.91896255260092,67.2,35.19,74.57380952505056,60.36200340007081,7.980892724969458,17.058800939944362,80.44783973444558,79.48316530119615,-7.373809525050561,6.837996599929191,-8.654846972449647,True,True
7962d105-78fe-4708-9260-eb2704363809,19.228802067111317,0,0,9,back,79.8802963325899,96.5125,30.770000000000003,73.31995131565694,56.68592309866519,19.798165832989845,40.501304511575874,96.512500166893,86.93896834888528,23.192548684343066,39.82657690133481,6.560345016932956,False,False
796592dc-49c1-49f6-806e-9a91ab434eae,7.369570460135703,0,1,8,back,72.33045123576302,79.625,20.57,64.83046332779287,46.59893991124187,10.459042967595876,26.48233264609708,79.625,71.11307883444015,14.79453667220713,33.02606008875813,7.4999879079701515,False,False
7975770d-79b7-44da-9f8d-12be619c1561,5.082192366791021,0,4,8,back,76.76163982078866,78.1375,39.525,78.92902199183014,63.69779873780329,14.973081423369749,35.97606787366105,88.43982242284812,83.37045194028809,-0.7915219918301375,14.439701262196714,-2.1673821710414813,False,False
797d16cd-c1f5-404a-b523-9bde2f05c4b6,14.077887589456411,0,0,8,back,70.9882354321804,82.6,14.705,64.64584242123507,53.1008974996089,10.591752426007892,28.032449860151672,97.60152255762085,83.82175703969571,17.95415757876492,29.499102500391096,6.3423930109453295,False,False
7985c7ea-31c7-4495-9f53-01d550a4e230,1.3955434704889482,1,2,8,back,70.19457090175047,71.57499999999999,53.21,68.17750708456947,45.75664492434794,12.69264622355525,31.97215714714671,79.67240283263243,75.60695121079023,3.3974929154305187,25.81835507565205,2.017063817180997,True,True
79cacbee-a3c8-44e9-9ae3-5b6abbbb44a4,3.522007674177994,1,3,9,back,72.03718554340855,71.925,53.465,69.13536753532487,51.70130203765796,17.28800405147889,36.494884997121005,83.78083223091625,72.89578452025056,2.7896324646751225,20.223697962342037,2.90181800808368,True,False
7a0951f7-1fb6-4981-9a3b-1621392a3f7d,1.0031264806201046,1,2,8,mid,51.85172954184733,52.4125,1.4449999999999998,60.30741104567848,47.17631127263976,14.402669402935611,43.711580803562725,69.50624760777607,62.82755211854324,-7.894911045678477,5.236188727360243,-8.455681503831151,True,True
7a1a72bd-bb2b-4e6d-a726-b46945c9f9dd,11.28584130963878,0,0,9,back,67.20384856870791,78.225,27.455,63.15073098136221,47.46236371376251,26.96890347492095,34.66206006369023,78.22499966621399,73.84965204768719,15.074269018637786,30.762636286237488,4.053117587345703,False,False
7a839238-4b71-42d9-9ddd-b5c22a39ad29,2.822178288260876,1,1,9,back,69.88471452919643,72.44999999999999,66.55499999999999,68.05638279554782,52.28082760325123,8.603017982639308,21.69617647758777,86.24385831900992,77.61935087558618,4.39361720445217,20.169172396748756,1.8283317336486107,True,True
7a94d04d-930f-4ac8-880e-c25ce3087cd3,0.6642278406363844,1,2,9,back,54.29738570176399,54.95,51.425,63.7993550304806,47.42631709033392,21.211471500699897,30.28529224814442,80.65572476647526,70.92533803572032,-8.849355030480595,7.5236829096660855,-9.501969328716605,True,True
7a99eb64-b6c5-422f-9896-df3c7a1bd6d4,1.6276344731493315,2,4,8,back,73.68433959117485,75.25,8.245,76.4957629496052,65.75426813092207,17.72137181672395,33.80748445486044,89.34985775807735,85.03371544830713,-1.2457629496051936,9.495731869077929,-2.8114233584303463,True,True
7ab97958-9652-4a4d-90e3-850f1b066cbf,6.4935894308637,0,1,9,back,67.4221247475098,73.5,5.695,65.42920537925139,52.6353714609436,11.023485817550938,26.368823286870043,79.18058877350154,74.14018054561356,8.070794620748615,20.864628539056397,1.9929193682584128,False,False
7ae77227-69f9-47d7-a947-d2f99c773ccf,8.413390987307967,0,3,9,back,64.45550842443646,56.2625,20.995,63.30078550148998,49.23360355487395,13.644487372373725,37.71606515961174,77.14105137419249,67.56555239095594,-7.03828550148998,7.028896445126051,1.1547229229464762,False,False
7b1f2493-17f8-4bfd-ab37-8d28488672de,4.320995054793631,1,3,9,back,64.41372104275203,62.5625,64.515,67.00241382007182,51.37981879618272,14.678455961914672,31.4280380752604,77.08895354572925,69.94818138018863,-4.439913820071823,11.182681203817282,-2.5886927773197925,True,False
7b3c3bff-b9e5-41dd-81b7-5a1b349cbe79,16.736396384050515,0,0,9,mid,52.568679854256985,36.66250000000001,51.935,72.72077437686002,57.30892983090294,8.959263734767031,17.47342766492664,71.79911236246986,68.57274875844027,-36.05827437686001,-20.64642983090293,-20.152094522603036,False,False
7b5c2038-7986-415b-ad5f-be94293455cc,1.676079265941417,1,2,9,back,68.06461067766011,69.125,53.04,64.29039184095156,45.07495640955247,11.492367955398286,26.45320626247953,75.56762771143478,70.23191683498364,4.834608159048443,24.05004359044753,3.774218836708556,True,True
7b5ea870-fce8-44cf-b1eb-8dbca089af02,2.8951480456568364,1,2,9,mid,54.47878952141312,56.7875,56.865,67.29356138773844,51.367455148113194,12.118920430511665,26.078648259781183,82.2273940375256,74.50520845285922,-10.506061387738434,5.420044851886807,-12.814771866325316,True,True
7b751a8e-50d4-4e80-8dbf-0cac6ba81807,1.1142062251328537,1,2,8,mid,54.76124165588442,55.2125,48.365,64.62882967549346,51.43563150501995,19.26700764747921,45.02768915478083,78.4762662129766,66.43250875723639,-9.416329675493465,3.77686849498005,-9.867588019609045,True,True
7b8187ba-486f-49fa-8d52-c84f67830688,6.650808067116423,0,2,9,mid,43.371038145148816,47.425,43.435,61.65334204402033,49.36463600329163,29.60273852795225,45.30732680365678,71.54401792313675,69.93687615921547,-14.22834204402033,-1.939636003291632,-18.28230389887151,False,False
7b849f38-407c-46b9-8737-dad826a95fd0,1.0912489297395038,2,2,9,back,66.35378499646903,66.85,43.265,62.30428277844824,47.66939881139636,17.80074635806169,30.42800820733805,71.85676939070845,68.50053981137023,4.5457172215517545,19.18060118860363,4.049502218020791,True,True
7b913a19-6431-4978-8640-b77f899e66c3,5.833597479542053,0,3,8,back,76.77508728398345,74.375,49.215,77.07324218802788,63.14906279923891,9.29115931515858,31.35354838540073,89.00633942109731,82.64299495465215,-2.6982421880278764,11.225937200761088,-0.2981549040444236,False,False
7b94cbc3-0265-46fe-b2ec-ec192b358ba3,8.101010681168297,0,1,9,back,80.14073744215793,86.1875,29.07,64.76495688969041,48.28294992954129,13.632640134739916,26.700999438102297,86.1875,77.7705370225629,21.42254311030959,37.90455007045871,15.375780552467518,False,False
7bc4bf07-d301-40f5-8547-82ee8c72d5f9,6.215140087213743,0,2,9,back,62.83338029939932,64.6625,2.635,66.13186653954062,49.76152247528738,15.766196306683398,38.592363746117385,83.90031655990556,77.19687520837292,-1.46936653954063,14.900977524712616,-3.298486240141301,False,False
7bdbaa95-fed0-4fe5-91ba-754c13cef342,6.022784901925774,0,1,8,back,76.25593952480624,81.9875,56.60999999999999,67.7524072355127,52.11631525445468,15.22050200902628,30.520689214724158,86.5294277602818,78.31810881092964,14.235092764487291,29.871184745545314,8.503532289293531,False,False
7bf445f7-fab5-4366-8aa7-855cc64df2fc,21.619262049056996,0,0,8,mid,51.90521037424418,42.78750000000001,11.985,64.37568677499596,47.86179420330408,10.292074969363618,21.23645697739649,65.57007636367945,61.67764923287264,-21.588186774995947,-5.0742942033040705,-12.470476400751778,False,False
7bf8f019-a07c-4886-a363-69039ced93b3,5.244305418308447,0,3,9,mid,48.94241551987621,44.3625,31.45,59.27965082598992,45.507109490033265,16.298188649074426,23.405415479633724,61.33882103982015,56.43807809177422,-14.917150825989921,-1.1446094900332682,-10.337235306113712,False,False
7bfc82fe-c0e1-4b67-b565-8b471030f0f7,7.2280772464130525,0,1,9,back,72.22490653652997,76.0375,41.99,64.52095629810093,49.97875672910654,9.618497786597375,24.46133375662372,77.31011865110958,76.0102625333133,11.516543701899067,26.05874327089345,7.703950238429044,False,False
7c0015de-3399-4d38-9baa-81d0e9c2ae00,1.7450648580363477,2,4,9,mid,56.21300711838167,57.925,38.59,66.12927698568623,54.43489569389335,7.256121187419218,16.43499963439807,75.78529034101422,70.60498657934991,-8.204276985686235,3.4901043061066446,-9.916269867304564,True,True
7c3fa5f4-9c4d-4cc8-ba90-d09bcbe8dac2,5.136244324422791,0,1,9,back,74.9499866504918,80.0625,60.52,68.11854201691924,51.90843635721881,9.243665353793936,26.84451504188044,80.0625,73.42052614351392,11.943957983080765,28.15406364278119,6.831444633572559,False,False
7c55d317-3462-4486-880c-231c96d8e2cc,3.279438098793147,1,2,8,back,72.7735424715361,74.9875,1.02,73.91756447539018,54.73169218565031,17.211149234709215,36.30426645994572,78.84091936575538,75.66175398412925,1.069935524609818,20.255807814349687,-1.1440220038540758,True,False
7c783dff-e551-45e1-9831-26637fda194f,6.866319654487546,0,4,9,back,71.23563820282298,68.8625,45.645,68.72206971856613,51.979752155685304,11.325181190036826,21.780117717189032,80.54686003039687,72.26190003247436,0.14043028143386493,16.882747844314693,2.513568484256851,False,False
7c7cef5b-c372-41d8-909e-efba47b82ad0,10.491723198748664,0,0,9,back,62.14172065885747,72.44999999999999,18.275,63.53207846150051,49.0889198842888,7.791501341874465,19.378232156666805,74.91590512208619,69.88815460796982,8.917921538499478,23.36108011571119,-1.390357802643038,False,False
7c925900-dd2e-4a32-abff-a6322968c7a3,5.812253082398572,0,4,8,back,55.929924586626,56.6125,50.32,56.70004605464992,46.08917039675801,11.98862411816598,19.76821859104787,68.13750059698583,63.41463730671472,-0.08754605464991982,10.52332960324199,-0.7701214680239161,False,False
7cb77635-2ef4-4f70-9bb4-46e273fad8f2,1.1694253925300313,1,2,9,mid,56.36572276791663,57.3125,2.125,67.78774144207298,53.90304823299768,14.837062070066835,37.41865422641737,82.72599418847753,75.73891258027312,-10.475241442072985,3.4094517670023166,-11.422018674156355,True,True
7ce61e2e-996a-4e8d-8404-1d77d60b9b02,2.0796321326594054,3,5,8,back,69.42003495368046,67.6375,48.96,71.40037968460773,56.36625987125411,12.200208792800058,21.420691476774973,79.16544714342146,75.46527687232265,-3.762879684607725,11.271240128745895,-1.9803447309272713,True,True
7d114242-6796-4f0b-aa4d-a39dfeeab23a,2.2118207471811395,1,1,9,back,83.03073773663525,84.7,9.52,74.72801772674848,55.376688686345,24.21526869718329,38.76895691693768,87.7743336684384,81.46644902281508,9.971982273251527,29.323311313655005,8.30272000988677,True,True
7d342795-b0fc-4ac0-ab91-fe481a1896ad,2.8588409666980983,1,1,9,back,80.45795544477596,83.2125,18.7,68.40790614764404,50.80036397317543,12.30904040182786,30.748707099394977,83.21250033378601,68.62266541801671,14.804593852355964,32.41213602682458,12.05004929713192,True,True
7d390ad3-3a8f-4180-9924-f601c17fc251,2.289845007354251,1,1,9,back,68.20065871351065,70.4375,6.12,62.21342575952344,45.844590672545394,9.162609094653348,26.889791951575543,86.36272957646767,74.96627430302148,8.224074240476561,24.592909327454606,5.98723295398721,True,True
7d500edd-e901-430a-bcc8-674972eed741,3.3664536738668667,1,1,9,back,76.68242982359646,75.94999999999999,56.95,72.51331758670912,52.56336333699059,12.624691178564504,33.00785614158489,88.17229080953044,80.8205878852077,3.4366824132908675,23.386636663009398,4.169112236887344,True,False
7d75a63c-e885-4884-b0c7-580c3bc45a6d,17.7937546312196,0,0,9,mid,47.77510447687368,39.2,64.77,70.65038579987785,55.54165960012853,19.461326452118183,45.02200633463004,73.7320442890905,66.72330404261976,-31.45038579987785,-16.34165960012853,-22.875281323004174,False,False
7d9768ba-e284-4390-8fb3-d61affcc6643,3.4776907627609432,1,2,8,back,82.86018542433683,86.1875,44.2,77.01109201588449,63.4370491843348,11.373821156951664,33.64235313178909,91.30442813312389,85.97652707002672,9.176407984115514,22.750450815665197,5.849093408452347,True,False
7dab682d-6b85-4191-b83b-8e542fe05654,9.252729184506178,0,1,9,back,59.23022088964283,66.2375,27.795,58.67615930252323,47.71346371919395,12.851062327111832,29.32021042016252,73.25893402994309,68.54123653052667,7.561340697476766,18.524036280806044,0.5540615871195982,False,False
7e14a688-34c3-4ffa-995a-3e79936d2d8b,3.126063210709539,2,3,8,back,72.71057713770134,70.9625,52.870000000000005,72.69169262527333,59.2686097526366,8.046336259203507,23.516870318967385,82.68189062716272,77.81123901980646,-1.7291926252733276,11.693890247363406,0.018884512428002154,True,False
7e1687c7-1c77-4bc2-9131-62b2b2fbf651,4.84692354278086,1,1,9,back,70.57021301493,72.975,63.92,68.08074544643185,51.713398042239746,11.71255767494062,35.71182682505956,82.04413838826535,76.75261055676759,4.894254553568146,21.26160195776025,2.4894675684981564,True,False
7e2256dd-d070-442f-9fda-798ca15f3bed,1.4114698845115516,2,4,9,back,55.464785939462075,54.95,62.30499999999999,63.53032082277317,49.42762090852305,20.745601747221453,40.62036747627775,76.59839103402021,73.62796674014035,-8.580320822773167,5.5223790914769495,-8.065534883311095,True,True
7e386065-555f-4775-a859-d44652485d76,8.512422516026648,0,1,9,back,69.38298350107263,76.0375,17.764999999999997,63.25039120262845,46.057294358620155,12.071217672844938,31.715096229931884,76.75775376297871,71.69352506590774,12.787108797371545,29.98020564137984,6.13259229844418,False,False
7e8a2314-6e01-4d99-b93c-e6451949777e,8.627226458266378,0,2,8,back,62.37720084947287,62.3875,17.0,59.84021648026239,49.9891857324449,11.266213047810425,26.472798467865445,81.72369128267461,74.08987947125505,2.5472835197376114,12.3983142675551,2.5369843692104794,False,False
7ed4d209-0555-478e-a2eb-9d17c254ef15,11.613853717688865,0,0,9,back,88.64128943212228,95.55,36.38,75.02863092735663,53.259370594691326,12.698680505056371,36.34997567394093,95.549999833107,85.14854919726507,20.521369072643367,42.29062940530867,13.612658504765648,False,False
7ed737ef-324c-4e85-85a7-217888a603ea,3.939109604002124,1,3,9,back,72.48556362772635,75.07499999999999,43.01,68.5472728073618,54.2267296128239,11.29583994985687,34.30190286663338,77.94215140168012,73.84911025355699,6.527727192638196,20.848270387176086,3.938290820364557,True,False
7edd87a6-4d3a-4c84-b82d-63e97efc352b,0.5782442971698175,2,2,8,mid,47.69605221802941,47.95,24.735,64.42145344358832,45.20754713161026,13.356820811227632,35.191060070168774,76.64580612419215,61.33503143164501,-16.471453443588317,2.7424528683897407,-16.72540122555891,True,True
7ee8d976-3431-45db-984e-2d8a056d082c,31.160087259082058,0,0,8,back,67.05567382411621,44.10000000000001,7.734999999999999,63.712281147357,46.367868133155945,17.564436645953084,32.37489919867856,67.55488218912456,60.98168686995273,-19.61228114735699,-2.267868133155936,3.3433926767592155,False,False
7efb59e8-2498-40e5-b912-35fe682e2dfe,19.88105734233024,0,0,9,mid,58.76358779257805,39.375,35.529999999999994,74.42988258902776,58.146827924001975,21.48231992993616,52.80216912356909,82.4997425255061,79.73349667275085,-35.054882589027756,-18.771827924001975,-15.666294796449705,False,False
7f0160ce-0d2c-4506-ab9f-8dcc38218fd1,2.719602267782218,1,2,8,back,84.14370226127383,86.45,44.03,77.92099842829833,60.58148686516364,9.108453856040043,25.190234415512663,88.58898371168387,83.40365264997271,8.52900157170167,25.868513134836363,6.222703832975498,True,True
7f25798b-90fd-415d-9ec4-54a6c971e7ef,7.072737037616075,0,2,9,back,73.77171636101326,73.32499999999999,52.785,65.13577828663702,48.17036030068557,12.288777362535305,34.10572663164432,77.75515765746377,72.91941975824886,8.189221713362969,25.154639699314416,8.635938074376242,False,False
7f3ffb7e-a336-4627-87a7-e5dd8012eaf5,7.021985027562325,0,1,9,back,61.142178263550704,68.1625,53.295,58.98259141990953,45.88537703759456,6.758404533146496,23.002528568253737,70.92695377551283,65.85682983782121,9.179908580090462,22.277122962405436,2.159586843641172,False,False
7f404559-5f7b-42ec-b0f7-9b96ca22b888,1.9003481819371162,1,3,9,back,68.29091227565512,67.4625,33.660000000000004,64.92907396034579,48.96700724283808,19.73359783001617,32.456892423178466,70.69866718462058,67.55572651554655,2.5334260396542163,18.495492757161927,3.3618383153093276,True,True
7f625307-4d20-4ff3-bba3-b1c0969cba02,19.74512646094365,0,0,9,back,70.28400936555094,75.1625,17.425,68.94860716599278,55.27127832415706,5.7077992564037885,13.302004358134084,83.5791419557348,73.22367799868258,6.213892834007211,19.891221675842935,1.3354021995581604,False,False
7f730cca-90a8-462b-9c87-1e4dd88c15f4,3.056852156004511,2,3,9,back,59.94460781108773,63.0,16.405,60.38756218580291,48.48284794423698,7.866100419280052,18.705725424175863,75.08349511553126,68.4103364563382,2.6124378141970865,14.51715205576302,-0.4429543747151854,True,False
7fba2e34-1d27-4317-aadb-cb53acd098f7,9.463292259364476,0,1,9,back,83.9720151633403,91.35,30.175,69.98413117031721,48.446874716701856,8.862490002665094,25.85093731265789,91.34999966621399,82.29253570408525,21.365868829682782,42.90312528329814,13.98788399302309,False,False
800d7e8c-d49c-48bd-8d2a-8ab7778f9a9f,6.979583818257892,0,1,9,back,87.15689299743944,85.575,9.18,73.4941100356024,53.72665118307436,16.01044838362309,38.02222746632151,85.57499933242798,73.79458154146597,12.080889964397599,31.848348816925643,13.662782961837038,False,False
80197b54-9d07-4a49-8246-21897cc0e00d,4.678845141256692,1,3,8,back,60.66847607573243,61.1625,23.46,59.48368814485262,51.63128123407525,11.41552681247127,29.3047248755876,75.58039064284274,71.31376535266037,1.67881185514738,9.531218765924748,1.184787930879807,True,False
803326e1-a134-49df-a555-7e77be805e32,0.473661087567071,1,3,8,mid,62.35161861874848,62.7375,41.48,70.47732182669215,55.81233381142007,12.564170060309465,22.084977495372197,83.54458370220797,80.11178629654307,-7.73982182669215,6.925166188579929,-8.125703207943666,True,True
8075d343-e74d-4a27-aa90-8394d7ca34cb,7.021985027562325,0,1,9,back,61.142178263550704,68.1625,53.295,58.98259141990953,45.88537703759456,6.758404533146496,23.002528568253737,70.92695377551283,65.85682983782121,9.179908580090462,22.277122962405436,2.159586843641172,False,False
80824c58-922d-47fd-aa80-77dc8b976e4d,13.99679913298017,0,0,8,back,88.2945266292576,98.4375,28.39,78.23651062372947,59.47664328288774,13.713443715026916,28.776874787477617,98.4375,88.81732331004122,20.200989376270527,38.96085671711226,10.058016005528131,False,False
80d3b137-9334-4a2c-b2d4-2511a41b1a8f,2.0100901617559717,2,2,8,mid,59.13989072777197,58.275,6.545,75.77181904408008,57.56018239460599,9.081132709073463,25.65368385511644,95.4212275535773,85.04503229533054,-17.496819044080077,0.7148176053940105,-16.631928316308105,True,True
80d532be-9be1-4f89-a6e3-2590e382b65e,9.252729184506178,0,1,9,back,59.23022088964283,66.2375,27.795,58.67615930252323,47.71346371919395,12.851062327111832,29.32021042016252,73.25893402994309,68.54123653052667,7.561340697476766,18.524036280806044,0.5540615871195982,False,False
80ea3a8a-9be3-4489-a159-dea4fefebf9f,9.83758854427463,0,1,9,back,71.20192880397167,79.45,52.105,63.85615818289331,53.87164378533401,12.03240846522876,34.66210002592048,83.96292376527406,77.21257068663361,15.593841817106693,25.578356214665995,7.345770621078358,False,False
81036c36-1135-4f95-90cf-3d2b3cf337bd,2.740679403442569,2,3,8,back,80.3562543208011,81.9,27.2,79.539146835684,68.90945944199234,14.952836601567196,32.0173650393574,91.26608336513765,85.90344844288762,2.360853164316012,12.990540558007666,0.8171074851171056,True,True
8157fd95-ab34-46c3-9140-5633d3a0d85c,9.751611250952704,0,1,9,back,65.34514270874223,72.3625,18.87,59.92209818574857,47.37156486705953,13.87905492489277,30.451460215717237,76.07686690810107,71.66719678953183,12.44040181425143,24.990935132940464,5.4230445229936635,False,False
816d43b8-e9cf-4f07-b7b1-938c18d6e4e5,2.437351337668275,1,2,9,back,60.16692816514699,62.3,15.555,65.94017968038395,49.44038479088566,16.500307469736242,28.95595122673209,76.06539610943791,71.23947187467391,-3.6401796803839517,12.859615209114338,-5.773251515236957,True,True
819f76fc-7e5f-467a-86d4-9f06bf504a7b,8.009635351643443,0,1,8,back,71.91291155527311,78.575,47.6,75.57727727935462,59.79005174694148,13.185650669113723,24.81822591053669,91.50864984497937,86.66788645150271,2.9977227206453847,18.784948253058523,-3.664365724081506,False,False
81b44a92-81db-4082-b18c-9b8bf2611313,4.8962789006500325,1,4,8,back,67.30411289360815,72.01249999999999,25.075,71.62415257368339,56.33088127431457,7.489002079553696,18.860997155710223,80.48700829189157,76.6890675290181,0.38834742631659935,15.681618725685418,-4.32003968007524,True,False
81ce9a8f-429e-46d5-867b-f0f1857b764f,4.12168290564053,1,1,8,back,83.88779682421487,87.325,32.129999999999995,79.2140309586246,62.96603493408276,13.13749599645546,27.096735655204377,88.8629996928049,81.93590264028015,8.110969041375398,24.358965065917246,4.673765865590269,True,False
81db2169-bfe3-4123-ae3c-0efa6c537a29,7.574887877045052,0,2,9,back,67.45038636705405,66.7625,65.45,62.75557381586064,47.79444879561656,15.121427586351778,34.47144580089242,75.43958575274715,69.9568772693185,4.00692618413936,18.968051204383443,4.694812551193408,False,False
81f1eadc-b5e8-4700-b931-fed2d10a091c,2.218591965167265,1,2,9,mid,57.48086380584816,59.675,34.17,66.025839056922,52.44954453698837,13.075087978264817,26.540132490988537,80.70225497065181,73.24245679996153,-6.350839056921998,7.225455463011627,-8.544975251073836,True,True
81f41a36-1560-418c-9cc3-dbd84eda5ade,5.908608106411284,0,1,9,back,64.96891539916805,70.4375,6.12,61.10257448861863,45.42103129238029,9.99710030632522,25.681098109586337,82.18761115403265,74.23248287001113,9.334925511381371,25.01646870761971,3.8663409105494253,False,False
81fbfbfc-96cd-41e3-b52a-e57343d8074d,3.7102690618233334,1,2,9,back,54.96833181265191,57.05,11.475,61.64985690422824,46.41477827525363,12.992200243907089,25.06885048059785,69.52202715747663,64.73064275569017,-4.59985690422824,10.635221724746366,-6.681525091576326,True,False
8237e4a2-2eae-434f-81de-334eb08ebdc0,0.4736601676378098,1,3,8,mid,62.0891192863205,62.475,42.16,70.21482249426417,55.54983447899209,12.564170060309465,22.084977495372197,83.28208436978,79.84928696411511,-7.739822494264168,6.925165521007912,-8.125703207943666,True,True
8247656b-3480-4e6d-83e3-b975024e41e7,2.218591965167265,1,2,9,mid,57.48086380584816,59.675,32.47,66.025839056922,52.44954453698837,13.075087978264811,26.54013249098854,80.70225497065181,73.24245679996153,-6.350839056921998,7.225455463011627,-8.544975251073836,True,True
8258994a-eadd-490f-9c7b-bfe8601fa658,4.416158939315052,1,4,8,back,64.06120460244296,59.675,30.855,59.61177926485912,43.9221010355592,10.07831396109352,22.85418133474314,72.78026089461919,68.60252568204953,0.06322073514087378,15.752898964440796,4.449425337583833,True,False
82738a1c-f234-4c06-a072-80388270851b,10.459445479536196,0,0,9,back,67.08734266804345,76.0375,42.16,63.7288980125156,47.39882870324063,11.378954711056206,25.98663604361776,79.09406149071515,71.77156492338435,12.308601987484394,28.638671296759362,3.3584446555278475,False,False
82a0edd4-a949-489c-a873-bc7bc707c2bf,8.62036808833767,0,1,9,back,80.13977724998952,88.6375,58.73499999999999,71.93645546898202,55.014934304505495,17.506414576161426,37.11768204643318,103.0218434174151,90.82088646702933,16.701044531017985,33.62256569549451,8.203321781007503,False,False
82c4f93d-60ce-4015-8876-fa66782b1abf,16.096087202861813,0,0,9,back,80.19386305700915,78.225,17.764999999999997,65.87527618694634,51.06305550234484,10.9087364008015,33.255030980643376,83.08654921424016,72.81399421561092,12.349723813053657,27.161944497655156,14.318586870062816,False,False
830783c3-25c7-43b2-bb79-903c882e1748,3.7338612228140318,1,2,9,back,57.21706282036362,55.5625,47.175,61.596015562344064,48.65748112336166,8.5454012571928,20.132832542769314,70.45936051153606,67.1675472250592,-6.033515562344064,6.905018876638337,-4.3789527419804415,True,False
830eccd1-09e6-41ab-ae17-62aa00af6358,4.374843764034186,1,1,8,back,71.31336789008223,75.6875,44.370000000000005,67.8883590877805,51.31746870753184,11.621712631379827,31.717695086148872,79.51573207124727,74.63632765778323,7.7991409122194995,24.370031292468163,3.4250088023017327,True,False
8356a868-5c75-4c28-834e-1d4b913b9e34,11.089869691452304,0,0,8,back,69.20990405603735,76.475,34.34,61.24076919401876,47.52584707376491,12.484618918484111,29.84375723826457,76.47500133514404,70.92205248844965,15.234230805981234,28.949152926235087,7.969134862018585,False,False
8377f3f5-7909-4097-a505-c2a512aea511,2.9435610414255735,1,3,9,back,58.70513173536073,60.8125,14.195,63.114775793963304,49.23995138473163,12.750637700549966,31.27155262682906,77.66051569542668,71.20604845378399,-2.302275793963304,11.572548615268367,-4.409644058602574,True,True
83adce32-09cb-489e-b4c4-f2b7f2d82bdd,7.000886094985004,0,2,9,back,67.34172701393804,63.0875,51.935,73.65413622937837,53.67124234817032,8.83570741178707,22.468292812192644,78.68312741585224,75.39799796364967,-10.566636229378368,9.416257651829682,-6.312409215440326,False,False
83b8e815-3c7c-45ad-a7ff-5b8386a4839a,0.7819104962577778,1,2,8,mid,49.81977503574624,50.575,37.655,64.80531052315173,45.87014155856571,16.577713107635653,42.33975470180489,77.66889117024903,72.4279348503847,-14.23031052315173,4.70485844143429,-14.985535487405492,True,True
845e622a-c03a-4b63-b14c-9b4143be4a14,4.662332142226068,1,1,9,back,64.51770127172229,68.25,7.649999999999999,65.22807390849351,47.30356316897024,9.242285373385172,34.404292345253204,76.80205585180742,71.96745793360856,3.0219260915064865,20.946436831029757,-0.7103726367712255,True,False
845fce7e-3a73-44d2-9290-ef1ec4309114,3.8467711278389896,1,2,9,back,68.28576227614049,67.55,6.375,73.16647316633004,54.61865237720701,22.307133118983025,32.90881547307528,84.47591383582824,76.17818871252472,-5.616473166330039,12.931347622792984,-4.8807108901895475,True,False
8463557a-ef05-4327-b8b0-20d5bd3e3689,1.1142051436572964,1,2,8,mid,55.023744326172505,55.475,48.365,64.89133234578155,51.698134175308034,19.26700764747921,45.02768915478083,78.73876888326468,66.69501142752448,-9.416332345781548,3.776865824691967,-9.867588019609045,True,True
84887ddd-095a-4dab-bc65-13b23f187362,7.166115837247842,0,1,9,back,92.54402603485921,96.25,35.529999999999994,78.28222062461586,56.0161273596548,9.499854798575951,27.01098889145324,96.25,85.72972266406943,17.96777937538414,40.2338726403452,14.261805410243355,False,False
84d3224d-b02e-45b7-9bdb-2a184a0b0360,1.8468731667696103,1,2,9,back,70.07950662887853,71.4,62.9,64.45723674610409,49.61073322512066,19.87396331306549,32.40206596534728,73.3124914449481,68.29248952827778,6.942763253895919,21.789266774879344,5.622269882774447,True,True
84ddae8e-3b67-4858-8061-015f4052e20d,11.99486825405186,0,0,9,back,74.80561951091984,80.4125,53.975,68.1054930380495,53.41352193479941,12.415051999868304,21.715891379344512,81.83947725722962,75.44429801742692,12.307006961950492,26.998978065200582,6.700126472870338,False,False
850ef79b-9e38-4e3a-976b-3a35897c73e7,2.568906485478184,1,1,9,back,71.19557400491502,73.76249999999999,64.42999999999999,65.87270172503882,50.66099919563278,21.82467529025685,42.31723822692835,76.52846674910543,71.56300610031225,7.889798274961166,23.101500804367205,5.322872279876194,True,True
851d5312-66e3-4091-8776-01a306e1d682,2.027648587830667,2,4,9,back,52.743046698697434,50.925,44.88,60.27470775359123,46.47822626347835,24.855480032677374,31.6781332256406,61.52251605987324,59.68640251957384,-9.349707753591233,4.446773736521649,-7.531661054893796,True,True
852c8e78-d0a9-42b0-9409-5aa932c1b6c9,1.893803331323772,1,1,9,back,66.47886811192532,68.25,65.28,61.83238039044848,48.28021950566242,18.431639240408693,36.27702076510084,78.21915528967693,70.86317082672606,6.417619609551522,19.969780494337577,4.646487721476845,True,True
857c5263-c9ad-42d6-b3ed-2adb1b310f85,2.919366885655436,1,2,9,back,68.85391135591567,68.775,52.36,60.69982688733181,48.49581721309038,12.230334862971525,28.557574955880582,70.0360509904855,66.53814475496681,8.075173112668196,20.279182786909622,8.15408446858386,True,True
857fee53-cd0d-42e5-9986-20e490027903,3.6583737986872027,1,1,8,back,76.25917017154248,78.3125,56.185,67.64638748927975,52.34414129211353,9.80590678563494,20.501891392312537,92.54160571148088,82.32307414145215,10.666112510720254,25.968358707886473,8.612782682262733,True,False
85c0d22a-7e46-4dfb-8bba-5045f70b465a,6.407128493930475,0,4,8,back,66.26881442279463,62.2125,34.51,60.9103237838619,44.61667344356622,7.503794769440386,13.725383376624368,73.08516254642564,69.57561826027128,1.3021762161381005,17.595826556433778,5.358490638932736,False,False
85d3d547-91a5-4cda-b554-290bacfcc5db,4.662332142226068,1,1,9,back,64.51770127172229,68.25,7.649999999999999,65.22807390849351,47.30356316897024,9.242285373385172,34.404292345253204,76.80205585180742,71.96745793360856,3.0219260915064865,20.946436831029757,-0.7103726367712255,True,False
85d73543-a0a5-4840-9dd0-2534cb1d8d45,7.648039165556445,0,1,9,back,73.64716006545152,70.0,1.87,69.9453010679166,52.5894461754782,14.812241758542529,39.06070271983731,86.59351426802115,81.74972637743541,0.05469893208339727,17.4105538245218,3.701858997534913,False,False
85f4575a-c138-4c3f-aa23-004c4d8d30e8,9.114034171281357,0,1,9,mid,53.46889601155707,47.075,19.55,64.90889542132369,51.3677917354763,4.672652118692497,9.905398203061466,69.10221761457998,62.91757502958784,-17.83389542132369,-4.2927917354763,-11.43999940976662,False,False
85fec6d8-da8f-41b3-91c3-e19747ffcbe3,9.550951414691243,0,1,9,back,63.36660899042141,72.5375,35.785000000000004,61.20469853545185,47.38396030956538,14.752072939924997,38.68505611238773,75.91943160794699,72.41558180560236,11.332801464548147,25.153539690434613,2.161910454969565,False,False
86014bc9-21cb-47a5-a007-9d68b0a1ada2,2.0103730973723595,1,2,9,mid,48.44840737072073,48.125,7.225,60.75817945827167,46.204960366119586,14.648993646293825,36.60198243650339,75.94213527690702,64.57444462748623,-12.63317945827167,1.920039633880414,-12.30977208755094,True,True
86701acb-a9ed-40e6-b773-307092c842d9,18.25061987831689,0,0,9,back,73.78554175511111,91.7875,27.115,66.7995201996818,50.86247418213757,16.477576307124714,27.90743337242409,91.78749966621399,81.24902122195307,24.9879798003182,40.925025817862426,6.986021555429318,False,False
86733eff-d7b3-4fc4-b12f-8efcf130945f,5.969312370373597,0,1,9,back,86.49060985470783,91.875,53.21,79.333999415043,55.34961787268495,16.12631600943051,43.88023373954174,98.54065978847618,91.58901422591687,12.541000584957004,36.52538212731505,7.156610439664831,False,False
869c8cb0-efb1-419f-9ceb-aa2331a10bbc,7.25281820009818,0,2,9,back,61.903681185548855,69.125,33.83,60.62678761474375,48.94453656731198,17.05619605057754,33.08829818010423,77.73632247690702,72.748225910224,8.498212385256252,20.180463432688022,1.2768935708051075,False,False
86c48c4b-8841-4d5b-9d43-b5d27767c860,6.022784901925774,0,1,8,back,76.25593952480624,81.9875,56.60999999999999,67.7524072355127,52.11631525445468,15.22050200902628,30.520689214724158,86.5294277602818,78.31810881092964,14.235092764487291,29.871184745545314,8.503532289293531,False,False
86c652a4-ce3b-479a-ac13-6e3eaf7f9a42,2.3579614226266226,1,3,9,back,78.10446832412657,80.15,22.865,76.62130798735063,60.07239007102361,15.97461708921892,30.970516115376046,88.86734754430393,85.06761169775244,3.5286920126493726,20.077609928976393,1.4831603367759385,True,True
86ddb78e-a07c-4746-8af9-be57a3fb3404,7.858247107071819,0,1,8,back,58.90472235352151,66.7625,27.03,59.0444445741242,45.08519911377827,8.422316087497066,22.83529145704783,67.70346588501282,65.25865459781485,7.718055425875804,21.67730088622173,-0.13972222060269246,False,False
872d4228-dcd6-49db-b7a9-22681b74bbc1,0.846337103559883,2,4,9,mid,57.60473886554332,58.45,38.505,66.51006510010319,55.10087050040124,5.502507497656502,16.884807078533868,76.11709772905982,71.08340109875527,-8.060065100103188,3.34912949959876,-8.905326234559872,True,True
87440df4-d17d-4d40-9e76-a5cff65e48b0,3.5037086235718453,1,7,9,back,62.73970369290219,66.2375,21.76,69.3269151395246,55.24716978393624,6.347285254341028,12.556448170959031,77.83281638791,75.85342245651371,-3.089415139524604,10.990330216063754,-6.587211446622412,True,False
876fa656-e13f-4364-bb82-a455e19e3c52,6.193803861519502,0,2,9,back,68.87518303291208,74.8125,7.819999999999999,65.02159754519597,48.86608268434898,8.476681867650404,21.533146532604228,80.60728370998244,73.44808986202753,9.790902454804026,25.94641731565102,3.853585487716103,False,False
87703bf8-3bac-48c4-ad98-51a68e5877ae,0.42111695594713516,1,1,8,mid,63.98264732195526,64.4,63.665000000000006,74.21538073663051,61.24658603479056,9.048151412213947,33.5620509735249,81.47662409994768,75.73797889772227,-9.815380736630502,3.1534139652094453,-10.232733414675245,True,True
87778bc8-8f36-4a5e-a224-cb9ce64a9a1d,3.7968552954747294,1,1,8,back,77.06727540901204,80.7625,47.94,74.55288621532695,57.73420163308361,10.112342655975027,25.66020843211837,81.74653410888371,79.87992899396389,6.209613784673053,23.028298366916395,2.5143891936850906,True,False
87882921-2619-47e4-b8c6-55152c535bf2,3.625965723449606,1,2,8,back,94.04574923511949,96.3375,50.49,87.9737092731158,71.36536553151603,17.514958328349707,29.78516501398809,96.33750033378601,88.13225277419821,8.363790726884204,24.972134468483972,6.072039962003686,True,False
88348e9d-6084-4799-9a47-46cc0a0fc999,4.448228267401872,1,2,8,back,72.8958638183325,76.0375,47.855,69.30237053634127,54.68639456103805,15.204575424341195,28.56264096457869,85.61383363570616,78.66481145135737,6.735129463658723,21.351105438961945,3.593493281991229,True,False
8841a111-9b99-4399-8e3f-f01c714a1d77,2.654097149976824,1,4,9,back,67.6210344242448,69.0375,32.3,68.61024000576549,55.504662263779394,9.654605057948302,20.658555164512045,77.99304705795174,70.51532074726461,0.4272599942345039,13.5328377362206,-0.989205581520693,True,True
889b988a-59cb-4ed9-9824-2e1dc4ac1d5d,11.659986285072506,0,0,9,back,67.77920196266844,78.225,27.2,60.227798475759464,46.41327588560033,21.947954579742703,35.67962552100421,78.22499966621399,73.87023408407482,17.99720152424053,31.811724114399667,7.551403486908974,False,False
88b4001d-90aa-4d82-9a69-90c6e8b6d0ae,9.856908603099482,0,1,9,back,64.48111739121649,73.5,6.034999999999999,65.43810893742574,52.86254231837785,11.893188431754254,29.168264380171102,78.7442610596513,73.75304779355517,8.061891062574261,20.637457681622152,-0.9569915462092524,False,False
88cb8311-e2e5-4a84-bec5-189122b076d8,11.413939311866008,0,0,9,back,68.39907376612396,79.625,24.055,65.50023355327912,50.27288301074104,13.417315829524512,34.77563147574378,81.30159392143885,76.54340147708885,14.124766446720884,29.35211698925896,2.8988402128448456,False,False
88cb9601-7071-4f6a-afb7-9c1078a9a04d,8.724592868260768,0,1,9,back,70.91587165846073,77.525,66.045,75.13743209439176,54.04238187272751,10.309217943183612,31.917138355047385,84.16327318448498,80.86955459362449,2.3875679056082504,23.482618127272495,-4.221560435931025,False,False
88e04f64-fe70-4754-8c60-650c7192b0a2,8.974693811110352,0,1,8,back,53.86770164328535,62.7375,2.04,57.58427673891039,47.50338001072129,7.135146450010369,21.358892891568672,64.37343649243476,62.4923160835534,5.153223261089607,15.23411998927871,-3.716575095625039,False,False
895dbde1-2798-4a9f-8b64-64413e016512,6.30446880732487,0,1,9,back,76.2703845503645,74.19999999999999,42.67,70.25436595674606,52.248680644962306,15.268232025099742,31.569423577801007,76.49132975637511,71.51967494390854,3.945634043253932,21.951319355037683,6.0160185936184405,False,False
8960f504-e37a-4895-885a-ef8487e75333,4.519322246837807,1,3,9,back,55.146288719564,56.2625,38.93,61.10571610744452,47.11383782306691,15.113473579645383,35.766831711036815,63.7699112647538,60.65231576587803,-4.843216107444519,9.148662176933094,-5.959427387880524,True,False
8961c1ab-fd18-4332-81f1-29984e359250,1.6939600472886953,1,2,9,back,55.52679025410078,56.7875,66.13,63.94680193778361,50.44028741518093,17.795457600133204,31.78764436599227,68.75427300646868,64.53441737261439,-7.15930193778361,6.347212584819069,-8.42001168368283,True,True
896f9a6e-f605-42c3-b04f-d23788ac07d8,3.015665574611051,1,2,8,mid,54.3593163362073,55.3875,49.045,68.77946385283863,51.67003473678209,11.255465023951132,22.216306799920236,82.65504008210532,75.97796184304516,-13.391963852838629,3.7174652632179104,-14.420147516631332,True,False
89a8581a-9245-444c-bb1e-619b2047eee4,4.966659677990654,1,1,9,back,63.52937465610753,59.7625,1.615,65.74195224199305,48.221249477136695,12.469082104653744,22.440338303762115,73.04260272190822,65.42853685914038,-5.9794522419930445,11.541250522863308,-2.2125775858855192,True,False
89b168a2-102c-4757-8d4f-6ccedb4cdaa0,12.098132814773685,0,0,9,back,63.92189823684201,73.5,13.685,61.42453383466726,45.659623033657184,7.44697439789266,22.41303079383789,73.5,67.39357013157567,12.075466165332742,27.840376966342816,2.497364402174753,False,False
89bbff32-f66c-4aa9-aa55-cfe31787f6bb,3.7705450117412442,2,3,8,back,78.74201799772783,81.025,47.26,78.02740728043149,61.44168292041163,18.42064179922317,28.941368876912872,81.10524990934834,80.09091834321285,2.997592719568516,19.583317079588376,0.7146107172963383,True,False
89c6ff92-efb5-4f05-840f-be2e0498eede,1.1717956177574251,1,3,9,mid,59.71013741530156,60.2,54.825,77.33284285109168,64.6067893139429,16.180252139691795,39.15841740870446,91.08141745799631,84.42040554932088,-17.13284285109168,-4.406789313942895,-17.622705435790124,True,True
89de3ad3-b644-47d3-839c-aa19efa1eac2,21.993255655135155,0,0,9,back,57.25040348102882,45.7625,59.33,65.15235335833117,53.09730655628824,21.774069787265,31.82049723389516,71.48109583016047,63.98011243123013,-19.389853358331166,-7.334806556288235,-7.90194987730235,False,False
89e912bd-7936-462f-a035-a938ed24c142,4.079007982226573,1,1,9,back,63.086212408949905,67.1125,1.53,63.51600541867464,46.12914319256781,15.386612409504046,32.003226846282764,74.5351141501699,70.50438298497683,3.5964945813253593,20.983356807432187,-0.4297930097247331,True,False
8a015878-bf99-45c0-bcff-f47a8ca68b6d,1.1719667830051015,1,1,8,back,68.41160548621956,69.5625,2.635,75.9558922486566,56.48844404707435,13.90424614226517,29.37864162130005,88.87708457322773,75.93384893988204,-6.393392248656596,13.074055952925647,-7.544286762437039,True,True
8a02fb40-f8b0-4dde-a281-0d87706f7b75,0.774771445282999,2,3,9,mid,65.9738266851258,66.5,65.45,72.61662915144845,56.48862515175245,18.649740594605117,30.34807861069941,82.89358437437939,78.33963743259625,-6.11662915144845,10.011374848247549,-6.6428024663226495,True,True
8a4fb4fc-00a8-4643-b0f2-2ab9007b3114,1.0891159056435697,1,2,8,back,62.83408927073976,63.7,28.39,66.2487881233437,50.454653769054595,12.828299212261378,31.83008868520052,73.8668313107807,70.47490880489948,-2.548788123343698,13.245346230945408,-3.414698852603941,True,True
8a51a915-4303-4f6b-8f63-70f2ec398c56,2.7264150218800416,1,4,8,back,77.74009943887646,80.15,39.695,80.90783436721554,60.35523174182583,9.75123407128557,23.118536472112933,91.86617216683106,83.15055408458618,-0.757834367215537,19.794768258174173,-3.1677349283390868,True,True
8a6188f4-412f-4d82-ab4f-97f81eb33365,3.9459527312677114,2,5,9,back,60.576604994913616,60.8125,52.870000000000005,67.59765180156018,55.098871814200194,6.339701336094478,16.508817366953664,80.38545807175049,74.8168554182975,-6.7851518015601755,5.713628185799806,-7.0210468066465594,True,False
8ab74d2e-e7d2-41ec-a23f-be21653f6534,17.6632210727066,0,0,8,back,73.54420369706449,91.175,17.425,61.54476462643859,46.43223074221851,8.24048401230647,23.798545420490807,91.174999833107,77.19889845758728,29.630235373561405,44.74276925778149,11.999439070625897,False,False
8b1db872-2471-4930-b740-1d050f96cd94,3.5173632839213074,1,1,9,back,72.68927933749603,75.6875,10.285,63.66487647323809,49.58561586622666,14.81148817919869,36.06671012580626,75.6875,70.19131536824032,12.022623526761912,26.10188413377334,9.024402864257944,True,False
8b1e3e09-8854-442f-8868-3f994c7f97f3,7.117829311709399,0,2,8,back,70.35136713769445,77.0,15.13,67.6880948193172,56.80044175451942,10.47713116956526,32.434439674878845,82.28067777649503,76.081075153265,9.3119051806828,20.19955824548058,2.6632723183772526,False,False
8b2cd05c-df63-4234-b3e4-a02a9497f4db,1.8605854437100544,1,1,8,back,84.62887239079252,86.1,13.515,68.44384727664067,52.41497347875534,6.270697489095861,17.107363817362863,86.09999966621399,75.35780456688781,17.656152723359327,33.68502652124465,16.185025114151856,True,True
8b33eeaa-87b5-4d1c-ad30-91a89121d36a,3.5037086235718453,1,7,9,back,62.73970369290219,66.2375,21.76,69.3269151395246,55.24716978393624,6.347285254341028,12.556448170959031,77.83281638791,75.85342245651371,-3.089415139524604,10.990330216063754,-6.587211446622412,True,False
8b5c0188-0ab5-49c1-b685-2aee1539e48b,4.550206769405615,1,2,8,back,70.80375074130234,72.5375,3.4,72.51551203258143,55.46628711871264,13.653219882847011,19.39666824530758,79.50680471864072,75.31123424807689,0.021987967418567678,17.07121288128735,-1.711761291279089,True,False
8b909961-cb58-471f-bb64-9e3d92702277,10.713686184989983,0,0,9,mid,56.09439799247155,49.2625,25.075,70.20351045976992,57.28797523279378,14.79614225334782,36.47983723697381,74.59194825993067,74.25200527052554,-20.941010459769913,-8.025475232793774,-14.109112467298367,False,False
8bbcf7f4-ff8d-487b-9f2c-e13d55dc4e7b,3.1877905158395765,2,4,9,mid,52.76578186157916,55.9125,38.845,63.2759082771632,50.15712747389048,9.385206055588284,24.00424917697561,65.55395888052665,60.920433649643634,-7.363408277163195,5.755372526109518,-10.51012641558404,True,False
8bf3b91e-5e60-4308-81e1-d8d1b9a7bce5,9.17428722395283,0,1,9,back,71.2024173950669,62.0375,43.18,59.47305595919365,47.26323036410713,8.10531410087146,23.271874777813064,72.63787611215443,65.93854554297857,2.5644440408063502,14.774269635892871,11.729361435873251,False,False
8c0226e4-0f9d-4d16-9df1-d4307218e9ab,8.517443474195519,0,1,9,back,61.11011947787683,67.55,10.88,62.34980392740269,45.61216680205764,20.704841344172834,38.73745255093653,79.00321482290249,72.88720916290148,5.200196072597308,21.93783319794236,-1.2396844495258605,False,False
8c19b8ad-d4c0-4f14-8c03-6f24e5f93350,2.5754796070635084,1,3,9,back,70.31083017556034,72.8,58.99,68.46202008113139,54.84226894059308,15.000378589798949,30.706408758932064,88.47254577533063,76.09299394078582,4.337979918868612,17.957731059406917,1.8488100944289556,True,True
8c81c926-71bc-467a-b55e-45451256ce18,2.2499556430702965,1,2,9,back,57.12751504475466,58.8,63.155,69.42191683879648,48.33956020814829,17.02860656334392,35.214456982270065,86.38131074486914,69.38299747727785,-10.62191683879648,10.460439791851705,-12.294401794041818,True,True
8cbdc5f7-4d1f-4483-8603-c413ba77d8c9,12.59972227514716,0,0,9,back,78.57388778020967,66.5,48.705,77.14500373889055,54.80142673579264,5.931597444751688,18.019941824289997,88.19211792852816,81.71380548829254,-10.645003738890551,11.698573264207361,1.4288840413191224,False,False
8ce121ac-356f-4c6f-9d56-19d3979bbbd9,1.6740102232687084,2,2,9,mid,42.71971287549479,44.27499999999999,7.48,61.02825224989507,44.89749674570431,11.424730533708724,29.399656801305447,82.17978284027157,72.80781931021583,-16.753252249895077,-0.6224967457043178,-18.308539374400276,True,True
8ce4a718-9214-4c47-a635-dd5ed7f964b3,1.4979404014922553,2,3,9,mid,66.18133323401402,67.4625,50.405,75.04751672419498,57.18619404783447,13.480437281311929,32.11185309770218,82.53043104406953,80.18551690306644,-7.585016724194972,10.276305952165536,-8.866183490180958,True,True
8d5004c6-ad7a-4fc7-b69a-818f1b0d9c41,9.674356988778749,0,1,8,back,83.75933114184241,85.1375,55.845,70.30085382635974,56.95936710976324,16.431385433025937,41.207317895268574,85.13749933242798,82.03536343577773,14.836646173640261,28.17813289023676,13.458477315482668,False,False
8d5cf021-279f-4f91-ae8e-14455936a825,1.920688809623804,2,3,9,mid,62.289608803620496,62.7375,6.46,79.22217511927724,60.3668522542777,11.935383310173378,33.43148561717708,82.95548541015197,80.53798289245684,-16.48467511927724,2.3706477457222945,-16.932566315656743,True,True
8d6f2a51-bff5-4aa8-84a1-a0b746efb17d,10.965887161151947,0,0,9,back,62.61846437130271,69.65,3.74,63.14515672208181,49.93563321050852,11.889569519371165,37.9054282403643,78.83807150499611,72.88518544197694,6.504843277918198,19.714366789491486,-0.5266923507791006,False,False
8d868215-34b1-4228-82d4-d425d415203f,1.4806549995929532,1,1,9,back,73.08778652441944,74.1125,57.715,66.17347074965329,50.489415167303505,15.396882205715922,30.8867010511054,86.09569197274907,74.14732899212643,7.939029250346707,23.62308483269649,6.914315774766152,True,True
8dd78939-d3e5-47dc-b269-ca39c80c50bd,0.6523872455103674,1,2,9,back,69.79525282015042,69.2125,42.245000000000005,69.70887440912819,56.15006592668816,10.877212139230975,26.84824230506348,77.94722400214333,70.134808154555,-0.49637440912817965,13.062434073311849,0.08637841102223831,True,True
8decd511-69b5-4a7b-b74f-3ff6e93ac296,8.07214900536807,0,1,9,mid,50.09351261588512,48.5625,16.235,71.37402876440146,43.7708825917325,15.637200821380691,27.65708611439956,76.4259393910461,74.08723424450405,-22.81152876440146,4.7916174082674985,-21.28051614851634,False,False
8df365a5-1cc3-43a9-beae-ccdf6e8248e0,0.5782463513071531,2,2,8,mid,48.04604687745323,48.3,23.12,64.77144810301216,45.55754179103409,13.356820811227628,35.19106007016878,76.99580078361598,61.685026091068835,-16.471448103012165,2.742458208965907,-16.725401225558933,True,True
8e12ae4d-a6d6-4a58-b138-165324349e40,7.5410195117687655,0,3,9,back,60.57145831468105,66.9375,47.94,67.28693379195838,49.38965118361501,8.69454846327369,20.284530307500123,78.28229454749687,68.62205300026287,-0.34943379195837565,17.54784881638499,-6.715475477277323,False,False
8e157ef4-0abf-4aac-8ddf-976eca8dd598,7.1339668636065765,0,2,9,back,69.26754031865309,66.4125,43.775,65.87342975137226,51.01473255468252,15.401538980791486,29.03485279761456,79.16012475112268,68.52834673361386,0.5390702486277377,15.397767445317477,3.3941105672808334,False,False
8e4de52e-b6e9-42be-85ae-5eab179d6b9e,6.317482919489477,0,3,8,back,77.56299452513248,74.1125,44.285,73.12988299797827,57.176050222012606,11.52898019199175,26.48704806081629,81.30643833844772,79.15433924085727,0.9826170020217262,16.93644977798739,4.43311152715421,False,False
8e5cc4e1-2094-45b9-8dca-7224c9764a18,1.4513343243018393,2,4,8,back,81.3019307481467,79.8875,7.819999999999999,78.38174223394086,63.79984601640171,19.633230857189737,39.62471180070037,89.98494150423375,85.05977581154073,1.5057577660591477,16.087653983598294,2.9201885142058472,True,True
8e9ed514-b9f2-4b51-9065-fb890f64c200,2.737065996689131,3,5,9,back,72.71071221783649,74.63749999999999,31.79,78.44676569414656,66.27791094746054,6.095285472440725,11.145115932237736,88.58452065809897,85.34325466312812,-3.809265694146575,8.359589052539448,-5.736053476310076,True,True
8ea0b73d-6a98-4bdb-a859-f51e745795ad,15.278965774498586,0,0,9,back,75.46565281820793,87.5,19.465,68.26329613214631,55.598933982797746,11.535406406282444,33.068210739004456,93.97135531947481,84.86621969283523,19.23670386785369,31.901066017202254,7.20235668606162,False,False
8ebcb7bf-7b5f-4f97-a6f7-676980d96cd0,2.934426972662298,1,1,9,mid,56.68664811597003,59.5875,2.635,72.80729315324679,54.91440991623088,21.5982447008706,37.6106726599197,81.94625342214394,78.13831146679317,-13.21979315324679,4.673090083769118,-16.12064503727676,True,True
8ebe9b9d-947d-4a13-8fd5-fddf840c5e73,7.697241526664921,0,1,9,back,89.3251272593636,92.8375,61.965,86.36355553134618,61.89463407377637,18.437652680710777,36.07513202560615,98.477397610343,94.54526774335001,6.473944468653826,30.942865926223632,2.961571728017418,False,False
8ee16c95-45d2-431c-a849-e5188f46fc9d,12.818658532303814,0,0,9,back,62.04441872922504,72.5375,47.345,63.44570277239516,45.50059282652919,12.960286022563228,33.82744668964794,82.2166602462059,75.10860877089974,9.091797227604836,27.0369071734708,-1.401284043170115,False,False
8f2617d8-4687-4c8d-a2e9-cb8f0af51b81,1.5685424484889354,1,2,8,mid,48.43696458821187,49.9625,13.26,62.129369808953754,48.814718743800114,14.868353492878716,37.635708304128144,70.07000406248885,62.38763445071843,-12.166869808953756,1.1477812561998846,-13.692405220741882,True,True
8f86d7b7-bb7c-4295-a2df-12ba0ded2559,1.2637642449271071,1,2,9,back,66.39358935770495,67.2875,27.285,61.548148291155655,47.7213115518871,14.085418260054064,27.698568476338995,75.95203316787777,70.81484343738788,5.739351708844339,19.566188448112896,4.845441066549299,True,True
8faf814d-9230-46d4-bf52-1ccdf6c67ce3,2.812689170456744,1,1,9,back,71.4087876884479,74.1125,20.825,63.65358281560753,46.09343864114619,11.950278394759238,31.392018418376345,75.64768866930488,70.70485612921365,10.458917184392469,28.019061358853804,7.755204872840373,True,True
8fcc9823-8ba0-4d94-86b6-6863f7883ee5,8.592754509544022,0,1,9,back,81.22938165178978,85.8375,59.075,74.29830112197791,52.28659146878202,15.6064726623826,45.15019621790825,93.05008834223061,81.9159554489544,11.539198878022091,33.550908531217985,6.931080529811865,False,False
9001713c-37a2-4057-a012-648eafcac771,3.4927578454664485,1,1,9,back,70.4505461870182,73.9375,20.74,60.921709719937155,45.11430031581533,13.25059383238985,32.2600046460433,74.02825596275052,69.94640813118082,13.015790280062845,28.823199684184672,9.52883646708105,True,False
90109ec8-d35f-4745-aad8-7425e42e83bc,3.9733996800895817,1,1,9,back,70.49754581820588,74.4625,44.54,62.57067570585362,49.50199714793457,17.56227336609163,29.17757413315296,74.46249866485596,67.62925733725353,11.891824294146389,24.96050285206544,7.926870112352262,True,False
901546d0-2f3e-486f-9dbb-482c5be3a85c,7.698282224548077,0,1,8,back,60.33119861364217,65.0125,18.87,58.05442948830539,48.47231507947862,11.658693672663404,27.39908152067738,80.8345090621765,72.68205515169836,6.958070511694615,16.540184920521384,2.2767691253367843,False,False
90259215-1a9e-45bd-86fa-b906980f8b2d,4.3945126416584745,1,1,9,back,80.26508127352638,81.8125,46.41,70.52237637684294,54.83889576716945,10.749728179669766,30.652670976631093,81.8125,75.78601334792106,11.290123623157058,26.973604232830553,9.742704896683435,True,False
904798a4-6fc0-4b21-bc00-6d536e580a1e,16.90602646567318,0,0,9,mid,59.41250133514404,45.5,29.24,72.66251780663613,60.6185260812264,12.210536148712514,28.16880443801931,76.46695655288504,65.53405135076956,-27.16251780663613,-15.118526081226399,-13.250016471492088,False,False
90865c27-6df4-48f7-a4e7-583d8e39e6fb,1.3248520829157762,1,2,8,back,66.25969415527376,67.2,39.355,69.91587708515029,50.56564349912827,11.14613980731093,17.16766707825429,82.05531904489602,75.23130474033404,-2.7158770851502823,16.634356500871732,-3.656182929876522,True,True
90b49256-0b2d-4f45-86b2-f85b215b8f85,7.897656425663411,0,1,9,back,63.176238301065894,60.2,4.335,63.18068918122902,47.47485712171976,13.95025717811498,30.91843844366232,67.08754721633274,63.98103106805872,-2.9806891812290175,12.725142878280245,-0.004450880163126669,False,False
90df0a9f-7a48-40c3-982b-62419ddf59c9,0.5891981388575097,3,4,9,back,67.48845205944303,67.025,22.695,66.57003074388838,51.83605404811419,8.941740371989228,15.74832225002966,81.8312563894708,72.54979059111058,0.45496925611162453,15.188945951885813,0.918421315554653,True,True
910858ea-961a-4f39-89dc-9f9ebcb0f047,3.0030944682663323,1,1,9,back,93.62430869937417,94.85,38.08,79.73649009870752,56.89106707505789,11.911127764066247,35.66158669982478,94.84999966621399,88.79518537723763,15.113509901292474,37.958932924942104,13.887818600666648,True,False
911c3577-6054-42e0-ab76-73562fa9b7f9,12.573670231677381,0,0,9,back,67.61102407050164,78.925,36.72,61.94351063907769,49.929864820475395,15.95577598129188,37.44319575928209,93.79074462346236,80.29063219325528,16.98148936092231,28.995135179524603,5.667513431423956,False,False
91265c22-54e6-4c78-8e70-ee38228e78f8,0.8564593719997095,1,2,9,mid,51.10579970166651,51.5375,22.185,63.41487145246827,49.89622353827537,13.778984225656954,21.798355054936174,76.2423747732432,72.53555134479856,-11.877371452468267,1.6412764617246296,-12.309071750801756,True,True
915a06b9-e5d7-4f29-a354-bbdbbf3506d6,3.4158115799173414,2,2,9,back,64.14465573254569,67.025,44.625,63.375161207146206,45.36800030438883,16.79629195077112,31.550183536519004,69.70473290436198,65.95074374808746,3.6498387928537994,21.656999695611177,0.7694945253994803,True,False
917d567f-2af6-4918-97a8-5b015a947e1d,4.121041051603,1,1,9,back,71.62458448870785,73.76249999999999,3.655,61.32588217418815,44.77725330777433,17.248226886766787,35.31546002908392,73.76249933242798,69.11238119882114,12.436617825811837,28.985246692225658,10.298702314519701,True,False
9191e983-ebe8-4b40-867c-6b04e345392f,7.5505722233218915,0,1,9,back,61.61127107002019,68.1625,8.33,60.1477932109519,43.82084169319306,11.34376939835601,22.657913076712745,77.64040799648158,68.97052950726531,8.014706789048091,24.341658306806934,1.4634778590682842,False,False
91a89190-763d-421a-abf2-85e412380c38,0.8226209937735756,2,4,9,back,60.41257492569435,61.1625,54.91,68.20433659529388,52.19813654510666,17.63124120448709,36.430305027683325,83.12590667561727,79.2790358370577,-7.04183659529388,8.964363454893345,-7.791761669599531,True,True
91ce4452-4665-44a9-a049-30e0469225e7,16.881800357454416,0,0,9,back,66.81123270992418,77.525,20.485,61.40803701259439,48.90827934554014,12.436953296559537,37.02559293482305,81.52116686820318,75.20828532781915,16.116962987405614,28.61672065445987,5.403195697329792,False,False
91fa5e21-53ac-408f-8b23-7d749343e785,6.400195474015351,0,1,8,back,83.49779317054326,89.8625,19.89,78.52539829482355,58.95596810259564,9.934907571052662,27.54528292328032,99.52680769362198,90.86713429114229,11.337101705176451,30.906531897404356,4.972394875719715,False,False
9210f942-42cf-4a52-9940-250a7e05540f,1.8646354664460065,2,2,9,back,63.88903808072,65.3625,17.68,68.27845471767739,50.78838367072024,11.328687159993448,22.048923528563343,77.59903836913595,73.87897518475921,-2.915954717677394,14.574116329279754,-4.389416636957392,True,True
922384a1-a7ee-4fe1-a277-074f1a0bdd50,3.570489892854934,1,1,9,back,62.497831565341784,64.575,1.615,61.42421387929674,49.49561857531935,11.288254652511004,29.39503137467468,81.31011931360017,74.27035406933861,3.150786120703266,15.079381424680655,1.073617686045047,True,False
92425c63-02aa-4750-b6db-86a4a47fc711,3.9918967286296088,1,1,9,back,78.0330135185045,78.75,61.455,73.1017756693622,60.12093929005717,10.89936292900867,36.67152341423542,85.02631778856484,77.48058706043467,5.648224330637802,18.629060709942827,4.931237849142306,True,False
92a97a43-3ef7-41f3-92bc-59c0751893b7,6.965602416291397,0,1,9,back,66.27459208939436,73.2375,60.85999999999999,60.28956034878887,51.60383087873167,17.469448614442964,34.44857861754993,78.40833191348904,71.83759515536943,12.94793965121113,21.633669121268326,5.985031740605493,False,False
92bc36d8-3133-4ef3-a19f-e953b4f0e7df,2.7982285649027725,1,1,9,mid,53.737338733174305,54.425,40.375,69.73229665124798,51.94763978496203,10.467483497327413,27.331166730981145,80.50838012918327,75.65051665161084,-15.307296651247981,2.4773602150379688,-15.994957918073673,True,True
92d278ce-03d5-4065-b50b-f304ebc1b637,12.131506243694737,0,0,9,back,72.43577982655628,78.575,6.205,64.02280668978139,51.01688625130059,15.160709031306824,37.1968197370956,78.57499933242798,70.13266700984943,14.552193310218613,27.558113748699412,8.412973136774895,False,False
92e34284-1e2b-47aa-b5c4-618c24c5a051,1.5830189004581912,1,2,9,back,56.99256640222425,57.1375,37.315,63.820700107241734,47.56590284402277,17.19085587652272,36.35786463421804,79.71122706061323,68.52264567858943,-6.683200107241731,9.57159715597723,-6.8281337050174855,True,True
92f4c100-af40-4b48-9be2-99a71b81b694,2.7590294224085756,1,2,9,back,59.02064763422102,61.775,5.865,59.42037410405642,47.08525882534005,12.355714863486938,29.29995911470798,77.95637135656084,71.482457076445,2.3546258959435775,14.68974117465995,-0.39972646983540017,True,True
930a7fb2-1cbc-4713-a676-fd443752615b,35.73994061600716,0,0,9,back,74.97983296140906,44.71249999999999,60.605,73.30294940054155,61.585930274350766,11.592799621946527,38.07444089817978,73.03159139437251,65.60933424562188,-28.59044940054156,-16.873430274350774,1.676883560867509,False,False
93932f6d-3b1d-4299-8b7d-36443b7a6f82,5.833597479542053,0,3,8,back,76.77508728398345,74.375,49.215,77.07324218802788,63.14906279923891,9.29115931515858,31.35354838540073,89.00633942109731,82.64299495465215,-2.6982421880278764,11.225937200761088,-0.2981549040444236,False,False
93a7cf3e-584c-4410-a4ad-77c70fe31381,7.929529026620194,0,1,9,back,61.2292564435957,67.1125,36.805,67.66508348832939,50.14724894372773,14.691839657766804,23.828223076972908,78.54327455781745,71.06550297582355,-0.5525834883293896,16.965251056272265,-6.435827044733685,False,False
93ab607d-7120-4c5c-8873-69f9d5605a62,5.8387026574081835,0,1,8,back,92.05357123777571,97.825,6.969999999999999,81.64085439397427,70.5211979824982,15.729329807827764,24.27879257185802,97.825000166893,89.16930542270984,16.184145606025737,27.30380201750181,10.412716843801448,False,False
93c45644-aa1b-45e4-8849-388779241418,6.132679758025332,0,3,9,back,69.35608858227998,66.2375,61.2,73.014234384496,58.09802300136597,12.42894106442511,19.003955795883044,84.19220527173925,76.1175892738376,-6.7767343844960095,8.139476998634024,-3.6581458022160263,False,False
93cf5787-0c67-498c-adc6-8d2710aed2c2,2.8909502244494263,1,1,9,back,64.00265229191072,66.325,6.969999999999999,62.54421561918963,45.08005400986904,12.881759220081072,40.7385611933554,71.50173963532333,69.40725125798932,3.780784380810374,21.244945990130965,1.458436672721092,True,True
93f8caf1-c6f5-4edd-bdf0-eb71b8351c73,9.088926376441178,0,1,9,back,82.15895682459384,73.5,37.06,73.01222815884003,53.07191726704568,13.265237450412773,34.7188164517334,86.26645228548068,82.38642375227786,0.48777184115996874,20.428082732954323,9.146728665753812,False,False
9401d207-70ed-48fb-8384-de7d1930319d,13.17120122318019,0,0,8,back,61.61653098421988,72.01249999999999,23.545,59.5097328709349,49.15926298562459,11.937113992241006,36.298116856843706,72.01249933242798,67.09512399323451,12.502767129065091,22.853237014375395,2.106798113284981,False,False
9421cfe8-50ca-4b4c-bcc6-eb3f3336d1ca,3.812865158285558,1,1,9,back,56.34632521022254,57.75,48.025,62.31111920561612,47.68298200160108,19.56288469827167,42.07308391781784,68.36490305590603,65.01754011635651,-4.561119205616123,10.067017998398917,-5.964793995393585,True,False
9485c661-ebcb-4322-bd10-a9a07e4ebbcc,10.7663073748351,0,0,8,back,65.16296060356511,75.8625,31.96,58.08704638409436,46.12658468295444,13.230720275654496,33.01993814736278,75.86250066757202,66.89302538658315,17.77545361590564,29.73591531704556,7.075914219470754,False,False
949f9af1-21ad-49d5-a6a6-bda87f2e2183,0.6883731252283405,2,4,8,back,85.75732104781214,86.3625,16.66,87.51531187708372,75.86459406137044,8.37085323118206,19.92736306397103,91.15425613354932,90.34075464243467,-1.152811877083721,10.497905938629557,-1.7579908292715771,True,True
94ab3186-c0c5-484a-a3bd-c29872ae601f,7.2280772464130525,0,1,9,back,72.22490653652997,76.0375,41.99,64.52095629810093,49.97875672910654,9.618497786597375,24.46133375662372,77.31011865110958,76.0102625333133,11.516543701899067,26.05874327089345,7.703950238429044,False,False
94af88ab-c6f8-4a79-a3de-60edbf29ba75,7.716029799238407,0,2,9,mid,61.744556598576665,61.775,22.865,75.92827988077084,54.66220232343475,11.965519250789178,31.36432569842216,86.25694570511789,84.25417253198265,-14.153279880770846,7.1127976765652505,-14.18372328219418,False,False
94f3c42b-6a3f-4854-9832-5f073de84749,8.192223270684384,0,1,9,back,58.16873583760666,57.225,66.55499999999999,59.06368061796005,47.49163441105676,7.687205370642246,23.196148425247053,68.24386224503003,60.04607996474262,-1.8386806179600512,9.733365588943244,-0.8949447803533914,False,False
94fb8bb0-611d-4691-a5a4-7d4d12424bf4,15.07591593922223,0,0,9,back,71.45218754180266,85.925,25.415,63.7873825322004,51.17171568006066,13.799289324556526,28.28548046375285,85.92500066757202,78.05508904760038,22.1376174677996,34.75328431993934,7.6648050096022615,False,False
95084f1b-53d4-4596-a355-8251038bdec3,2.1518898753149847,2,2,9,back,55.38264436402416,57.4875,4.505,60.668754069868584,46.81738691036472,14.729012031219096,34.54281835539482,76.23364621982977,67.75081171690334,-3.1812540698685865,10.67011308963528,-5.286109705844424,True,True
9533fd8f-5822-41a6-9a47-12783a39fa32,18.538048880140007,0,0,9,back,76.53818127115913,95.025,29.495,71.98505598073199,54.64475156862099,10.486852079196256,30.855047427597963,95.02500033378601,87.2751101786137,23.03994401926802,40.380248431379016,4.553125290427147,False,False
9581c3d1-042c-46ee-9e70-7ed1bae0df53,1.1698978088393008,1,1,9,back,68.11921903066178,68.95,1.36,66.39249877899884,51.77684927933976,13.298247954813236,40.58977332904211,83.82713331467608,73.87305411944288,2.5575012210011607,17.173150720660246,1.7267202516629396,True,True
9588afdd-50b2-41c3-9603-afe1d0884656,2.0464191572887533,1,1,8,back,53.902508366164305,55.3,57.205,62.53273471386866,47.232348330106454,15.78819608508341,37.96108438699231,77.7985726955814,68.80300687786118,-7.232734713868666,8.067651669893543,-8.630226347704358,True,True
95c603fc-d95a-4915-a24a-e36f58799b56,12.503517735713466,0,0,9,back,87.55880588989804,92.4875,41.565,76.00130883027892,56.01259138600271,13.77811550598386,31.61727992284202,96.5808695429451,90.29985468574336,16.48619116972108,36.474908613997286,11.557497059619124,False,False
95f8222f-9e2f-4378-ab75-6eb1c498eea3,1.519388621457644,2,3,8,mid,61.64715590214175,62.3,53.295,74.93349564617692,59.434259133426075,13.074055874038804,31.28233630453964,100.2421251420145,88.5627357888618,-12.633495646176925,2.8657408665739226,-13.286339744035175,True,True
95f8eb14-09f5-4c50-9d08-3ca2a35e2192,12.50321093415037,0,0,8,back,65.63258170375792,74.1125,30.94,61.99530522206953,46.52353261876428,19.06440760278956,25.989467967081666,74.11250066757202,68.74908946094062,12.117194777930465,27.58896738123572,3.6372764816883887,False,False
9636e345-e3df-42ff-aa4e-1c0e649671a4,8.03522281559564,0,1,8,back,68.95357130256733,76.125,14.45,66.47315090253308,51.66193645357749,14.569295145015545,37.76739014813424,76.125,70.9954075602334,9.651849097466922,24.46306354642251,2.480420400034248,False,False
964edd59-dc54-4552-ab5d-640021b3af19,3.8442253399120596,1,1,9,back,59.88636635509291,63.7,6.034999999999999,64.15527420033183,47.38267985682719,16.094679367044037,37.77928718786078,78.53319801940785,69.68172894720232,-0.45527420033182864,16.317320143172815,-4.268907845238921,True,False
9674ea6f-e79e-433c-b82e-061ac469b975,11.322008288421848,0,0,9,back,60.22453981362832,67.6375,41.905,61.65951340871479,46.94985604765515,7.70999126675402,15.077021141120577,73.49995224638992,69.57716447752406,5.977986591285216,20.68764395234485,-1.4349735950864684,False,False
968a04b0-21b7-4755-a1b0-eade379d3290,26.242107055910655,0,0,9,back,66.56617258575109,46.1125,14.875,67.64561954824312,54.660868784335385,9.571312123526134,33.6206200394374,66.69001130127702,62.21667273813877,-21.53311954824312,-8.548368784335388,-1.0794469624920282,False,False
96a1ce41-b03f-43b9-a91f-8b2f6e5f8b52,2.831020243946611,1,2,9,back,58.05602707375736,60.6375,7.905,60.3888479285943,46.96488793753694,21.945245989697707,33.247082173223134,70.05620287691747,64.25141578151054,0.24865207140570078,13.67261206246306,-2.332820854836939,True,True
96db74be-129d-4d08-8b13-703ebb6a4566,0.8564593719997095,1,2,9,mid,51.10579970166651,51.5375,22.185,63.41487145246827,49.89622353827537,13.778984225656954,21.798355054936174,76.2423747732432,72.53555134479856,-11.877371452468267,1.6412764617246296,-12.309071750801756,True,True
96fce650-4351-40b8-85b0-436fae76f9c3,8.46197741811856,0,1,9,back,65.21360835265381,73.2375,18.445,61.42129814476749,47.15098272335585,10.67696425989472,26.3574539359533,73.23750066757202,67.83941656754112,11.816201855232507,26.086517276644145,3.7923102078863167,False,False
971f200c-4019-442a-84a1-3bf35e986c85,17.747131537123384,0,0,9,back,76.52386483451683,92.925,37.485,68.96698846119786,49.67046230232208,12.372743917877152,42.88963517598938,92.924999833107,84.2159415713778,23.95801153880214,43.25453769767792,7.556876373318971,False,False
972766f3-860e-4a93-b950-b111119dc6d9,1.262954807654636,1,3,8,back,71.10231525110751,72.3625,17.935000000000002,74.80933624367441,59.14639179020675,9.927374388664033,22.5875319662228,85.17821614519798,80.41266691262855,-2.4468362436744115,13.216108209793248,-3.707020992566896,True,True
977e8a24-5f8c-41f1-9e62-8c3a75988150,8.084753416443752,0,2,9,back,69.91944756376554,72.7125,47.005,62.93320455366273,48.542151814597815,10.300690014151703,32.10981618157375,78.72694954315043,74.1516592834217,9.779295446337272,24.17034818540219,6.986243010102811,False,False
9785ccce-634d-401d-bf7b-57fcabdd6c11,6.0318435869987415,0,1,8,back,72.00599607402862,76.0375,15.385000000000002,65.85096876611968,49.17568251841501,14.752172960262062,37.44469064936725,77.47316105746071,73.93613419559067,10.186531233880316,26.861817481584986,6.155027307908938,False,False
97aa1f02-bce3-4fb8-99ca-b501496a0355,1.2238330326911968,2,3,8,back,54.545886123680994,53.9,5.185,59.45210082918208,44.87618284556212,19.773336161559552,28.665537298113943,74.01454089654396,64.98883415421139,-5.552100829182081,9.023817154437879,-4.906214705501085,True,True
97b6dbcd-a693-475b-9b45-69210e02f1bf,2.2499556430702965,1,2,9,back,57.12751504475466,58.8,63.155,69.42191683879648,48.33956020814829,17.02860656334392,35.214456982270065,86.38131074486914,69.38299747727785,-10.62191683879648,10.460439791851705,-12.294401794041818,True,True
97be06c2-96dd-4ccf-bdb6-dcbaafff3571,10.7663073748351,0,0,8,back,65.16296060356511,75.8625,31.96,58.08704638409436,46.12658468295444,13.230720275654496,33.01993814736278,75.86250066757202,66.89302538658315,17.77545361590564,29.73591531704556,7.075914219470754,False,False
97c84780-d289-48d9-8047-42a402e16aad,7.716029799238407,0,2,9,mid,61.744556598576665,61.775,22.865,75.92827988077084,54.66220232343475,11.965519250789178,31.36432569842216,86.25694570511789,84.25417253198265,-14.153279880770846,7.1127976765652505,-14.18372328219418,False,False
97ebb3f5-f340-4289-86fe-f709d7386049,16.028569923399566,0,0,9,back,65.5898885483304,81.2875,21.93,66.25941772289812,51.17028084173437,13.03236171572964,35.18895411286563,81.28749966621399,74.98622755665356,15.028082277101873,30.117219158265627,-0.6695291745677139,False,False
9804ed23-8160-4819-99cc-49c0a0e50b28,2.761503317906233,2,2,9,mid,61.71337126156052,64.225,5.015000000000001,82.18243089815431,67.2995450034469,15.52715140150802,39.37565614790516,98.66878818086305,87.41964182822386,-17.957430898154314,-3.0745450034469,-20.46905963659379,True,True
9821bae7-09ee-4274-b0ec-79c760fd603b,10.740236794124717,0,0,9,back,89.15464939888737,97.5625,38.505,78.05108742280791,57.05467336667384,10.23563788410064,28.85355267441236,97.5625,91.57735449488543,19.51141257719209,40.50782663332616,11.103561976079462,False,False
98cea500-9e93-41cf-adc9-b20eebb5b2de,9.861146525565855,0,1,9,back,61.01899446176416,69.38749999999999,10.37,63.949438913028054,46.74219217656571,13.877325769592712,26.790117221277065,74.0531085664692,70.7714643798828,5.438061086971935,22.64530782343428,-2.930444451263895,False,False
98db282a-1fd6-4f06-b3c9-ff8d2802979c,0.9502559637961837,1,4,9,back,70.02965722121085,70.7875,53.21,69.40014230458314,56.2811857441939,13.2690208333917,21.49520175554386,72.32689126765601,69.9103515401597,1.3873576954168527,14.506314255806096,0.6295149166277128,True,True
98f7087d-e68e-44ab-a07e-46f4d7404912,1.154683003374306,1,2,9,back,60.18574671588642,61.075,1.7,60.9592933675411,47.49339116877868,15.399038227321466,31.73537009374617,61.07499933242798,55.80378269373893,0.11570663245890245,13.581608831221324,-0.7735466516546836,True,True
9901c708-6d01-4068-a814-877c626d3a00,15.321150592055155,0,0,8,back,76.55498198523341,91.875,36.21,67.66387085405216,48.65108767415038,11.381289397614957,26.156042476469523,91.875,81.72827749373914,24.211129145947837,43.22391232584962,8.891111131181248,False,False
99033806-e326-44c1-8236-609b0aaa8ce9,2.542547319037672,1,1,9,back,90.0382036392769,91.875,53.975,82.0629984716143,57.08325695307288,17.686804875780872,42.80710987041028,102.34516595157031,93.45668871916311,9.812001528385693,34.79174304692712,7.975205167662594,True,True
990458e7-eeee-4334-8305-73d822003cb9,15.897603452632739,0,0,9,back,76.82449871650047,88.1125,43.18,71.37819777053068,55.566946104398234,11.7872226871443,32.08440166217377,92.81458028207454,84.3465294275259,16.73430222946932,32.54555389560176,5.446300945969796,False,False
99695697-485b-4566-a637-ac27f1afdf32,9.707324975026133,0,1,9,back,67.25348175696953,76.9125,50.575,65.48605149109734,50.02144716406751,9.114044060908576,31.108278218752115,76.91250133514404,70.9123514710269,11.426448508902652,26.891052835932484,1.7674302658721928,False,False
99871e9f-ef41-44b3-9c59-3b6e5a7f7a1c,5.747344670527948,0,1,9,back,76.7999680676414,80.2375,65.62,74.3119540985398,55.50953749211247,15.812884367877372,30.74552327755753,87.9743669442801,81.41580211417447,5.925545901460197,24.727962507887526,2.488013969101601,False,False
99b07336-5b52-4cf1-a7e2-1465f61415f4,13.088237100771305,0,0,9,back,86.66040528228537,87.85,23.63,76.55644843851235,55.311901120248464,15.339563674707744,35.51933788907111,91.12709733479177,86.74555120219796,11.293551561487646,32.53809887975153,10.10395684377302,False,False
9a07eb16-9d33-4bb8-857f-a0b10bb0dac8,4.466353352126727,1,4,9,mid,56.35599934845604,54.775,54.91,65.0084052935991,51.997699000032526,34.82361596315704,45.32467247993759,77.27935710619843,66.19412893375528,-10.233405293599098,2.7773009999674727,-8.652405945143059,True,False
9a364a67-4228-44af-85fd-38db080319f3,6.753463989436816,0,1,9,mid,57.58213431668784,60.6375,62.73,64.53168544302136,46.28506185796304,11.60476528377939,27.86347518665052,76.41637123846219,71.40929392662298,-3.8941854430213567,14.35243814203696,-6.9495511263335175,False,False
9a3dfa8e-d119-4e21-b59e-2ad215f8e395,3.3305597226298755,1,2,9,mid,60.000360421971465,60.9,37.485,68.6723374202127,51.26171747752471,14.73843287416458,36.470239702620624,86.83006492258622,77.82975750800433,-7.7723374202127005,9.638282522475286,-8.671976998241234,True,False
9a5fdd41-48f4-4ba7-8cce-b6bde9217162,3.320625072549413,1,1,9,back,53.486591395225155,56.7875,4.165,62.90313413726862,47.04896652186805,15.765041899292449,37.855334953018215,75.87350875724738,70.5815988178164,-6.115634137268621,9.738533478131949,-9.416542742043468,True,False
9a84668a-95d0-48b4-91f8-ce744d5b6e13,1.1927010044388473,2,3,9,back,64.45334304877187,63.525,62.73,64.0946963267588,47.79951019866431,15.01667546071215,26.786210879023848,80.92978331746768,75.93147338041997,-0.5696963267587947,15.72548980133569,0.3586467220130771,True,True
9a86ab0b-d91c-438b-b80e-f70e418744b8,1.9592060799985942,1,4,9,back,58.98970896528614,60.2,4.25,62.225671395366504,45.995033048914024,8.806504021562379,22.539097804947406,72.28293375219334,62.46555995291776,-2.0256713953665013,14.204966951085979,-3.235962430080363,True,True
9ad80ba2-784c-4cac-a15f-71734ec11af1,2.337943693320789,1,1,9,back,68.50749054515379,69.3,7.905,58.447081726339114,46.2873379794896,17.355340606588467,34.56347640763112,69.30000066757202,60.623977965104146,10.852918273660883,23.012662020510398,10.060408818814672,True,True
9ae3a257-c254-4c29-af33-8194ffc7f59c,15.897603452632739,0,0,9,back,76.82449871650047,88.1125,43.18,71.37819777053068,55.566946104398234,11.7872226871443,32.08440166217377,92.81458028207454,84.3465294275259,16.73430222946932,32.54555389560176,5.446300945969796,False,False
9b0975bb-84e3-446b-a1ff-c2a309d39dab,15.847468278873052,0,0,9,back,79.08109826461758,91.2625,46.07,72.1319701950126,51.125949859728145,12.54860041800891,44.69485739698827,93.67052910808874,88.55213391053306,19.130529804987404,40.13655014027186,6.949128069604981,False,False
9b49a1e9-77b9-49e6-88af-acacb923b4ef,16.90602646567318,0,0,9,mid,59.41250133514404,45.5,29.24,72.66251780663613,60.6185260812264,12.210536148712514,28.16880443801931,76.46695655288504,65.53405135076956,-27.16251780663613,-15.118526081226399,-13.250016471492088,False,False
9b5630a7-cdd2-43f7-93b5-a2d60f42d86b,2.744753688819432,1,2,9,back,69.07128884318732,69.65,29.07,62.62689057064873,45.02434011742017,12.775868571620684,25.12600897177581,72.8859136705826,68.04435854165027,7.023109429351273,24.62565988257984,6.444398272538585,True,True
9b81338a-e9f0-4310-b43c-6073cc8cd089,4.015289393601203,1,2,9,back,62.20859980743515,66.0625,39.695,70.27941424172995,53.81482655583808,10.141235103776616,20.84447046091466,76.94222357685813,72.14476955203702,-4.2169142417299526,12.247673444161919,-8.070814434294803,True,False
9b994a0c-66f3-4c4c-a106-e4987e520242,3.8467711278389896,1,2,9,back,68.28576227614049,67.55,6.375,73.16647316633004,54.61865237720701,22.307133118983025,32.90881547307528,84.47591383582824,76.17818871252472,-5.616473166330039,12.931347622792984,-4.8807108901895475,True,False
9b9cc213-69dd-43b9-922a-0aac6707e11d,7.359079288764715,0,1,9,back,63.594848778464595,67.375,64.77,66.28859573806368,50.339757223598,13.629972600700585,31.536229126505734,79.83650126944536,71.22327353966264,1.0864042619363232,17.035242776402,-2.693746959599082,False,False
9bc05a79-424b-42d2-907a-46e9b57170ac,4.157033286993539,1,2,9,back,66.5095674170999,66.675,13.77,63.95982538425719,47.3182610339167,10.140862724894989,29.80336467310127,89.40711336024691,76.43510181816384,2.7151746157428036,19.3567389660833,2.5497420328427083,True,False
9bd2e474-b81f-4da1-a1d4-92db0942da52,1.1733933844980002,1,4,9,mid,59.26857129212785,60.025,4.675,70.6211137773652,54.83584220665675,11.074940536983789,28.18801651872861,75.47564334274523,66.63237347665384,-10.596113777365197,5.189157793343249,-11.352542485237343,True,True
9be83b86-b49d-4a58-9216-191824f4d114,4.50370426675586,1,3,9,back,71.96681671728642,71.4,58.65,67.62157386306134,51.39890917869584,22.529931930027207,35.90380216182094,76.0412586843327,72.65379053235986,3.7784261369386627,20.001090821304167,4.345242854225077,True,False
9c28b0ee-1f27-429a-b6ce-085b53ef8bfc,4.636307380243109,1,2,9,mid,69.5154801431569,72.275,48.96,82.02818126458338,63.4873745252068,20.7910520343912,29.80457520956755,91.04380319987608,90.25749143696574,-9.753181264583375,8.787625474793202,-12.512701121426474,True,False
9c4efeef-f1e2-4887-8d0d-dd1d9999796a,18.77108881181504,0,0,9,back,61.41155233251082,79.45,21.675,61.41285917303784,50.39422663652637,9.92089282592633,33.70397227028587,85.45049095070436,77.5580735672697,18.037140826962165,29.055773363473634,-0.0013068405270146854,False,False
9c8d0847-2893-400a-a711-e8221d69c84c,7.13333783294805,0,3,9,back,61.75656234912667,66.325,5.95,65.87224000392158,44.72332984459037,22.153787351177765,37.18850919551095,77.09957205307035,66.59319949482435,0.4527599960784272,21.601670155409636,-4.115677654794908,False,False
9caba11e-b8eb-4b2c-b3fe-8a36cbeab302,7.1339668636065765,0,2,9,back,69.26754031865309,66.4125,43.775,65.87342975137226,51.01473255468252,15.401538980791486,29.03485279761456,79.16012475112268,68.52834673361386,0.5390702486277377,15.397767445317477,3.3941105672808334,False,False
9cb1a06c-3ad9-4fa8-9bc6-9b8635a9353c,16.599283093752504,0,0,8,back,84.40453148014532,94.5,46.92,75.9777578685856,55.68742041519214,16.34317317139633,35.64674392093236,98.02095595113272,91.01687487917492,18.5222421314144,38.81257958480786,8.426773611559724,False,False
9cbb12ff-2649-4c92-ac13-fcc50505dea5,4.793603718640816,1,1,9,back,60.27885207371223,64.8375,4.25,66.10414186392603,53.924735271220705,16.9635003626769,34.41251695462279,80.07363391970121,71.05765971673266,-1.2666418639260257,10.912764728779301,-5.825289790213802,True,False
9cc1858f-b1ac-4822-85d2-e14884d17ce0,19.228802067111317,0,0,9,back,79.8802963325899,96.5125,30.770000000000003,73.31995131565694,56.68592309866519,19.798165832989845,40.501304511575874,96.512500166893,86.93896834888528,23.192548684343066,39.82657690133481,6.560345016932956,False,False
9d463713-9e60-465f-b20b-8fae14e6db63,2.016806283179825,1,3,9,back,59.93620749385562,61.95,25.67,60.1042027214587,43.7073858777774,8.634002118337147,17.644910120653098,70.91057327440214,67.59580151125715,1.8457972785413048,18.242614122222605,-0.16799522760307894,True,True
9d703187-6ca1-4055-b3e2-a8d81394097d,1.6180449913888315,1,3,8,back,62.16077088472076,63.35,41.225,60.294217102135065,45.193801283960745,11.607237747880207,32.3863988892974,68.62943420012309,64.7009183957455,3.055782897864937,18.156198716039256,1.8665537825856973,True,True
9d86222a-dd08-4baf-b280-45226f1d8320,6.132377248613015,0,1,8,back,57.676162051920215,62.2125,9.435,59.11043620847808,47.86043050917563,12.39698684669385,29.54703810433273,74.87039779894201,67.70861502652421,3.102063791521921,14.35206949082437,-1.434274156557862,False,False
9db76b14-7891-475f-af29-7af58df430a6,0.8692187998307971,3,4,9,mid,59.6228652661474,60.1125,22.61,63.89558223272971,52.329340586902234,9.054534313305894,20.87988870913856,74.77296109364801,69.72439171940653,-3.7830822327297113,7.7831594130977635,-4.272716966582308,True,True
9dbdd0e8-e9ef-4951-ba52-bf4636306b1b,10.814830332963458,0,0,9,back,69.24935929931883,79.8,49.385,65.96904808647378,53.902006855860286,12.846648088814792,31.90482858726689,81.78285324381285,77.22009687097884,13.83095191352622,25.89799314413971,3.2803112128450493,False,False
9dbe83ae-369b-4c1a-9366-54afffbf4e61,2.5508914372782234,2,3,9,back,59.967722098319655,62.3,31.705,61.96063808337273,44.31944019136594,12.354084659589546,27.412246697491877,74.2562200983387,68.46506552876477,0.33936191662726856,17.980559808634055,-1.9929159850530738,True,True
9e0528ce-a30d-4491-a8e8-e1b16e8e9e43,14.464864333699307,0,0,9,back,82.74268793252057,96.1625,25.5,72.7403658636322,54.83099044311533,13.979355734906523,36.602276018964936,96.16249966621399,83.43417669627587,23.422134136367788,41.33150955688466,10.002322068888361,False,False
9e343c47-4b8c-4a7d-9be3-740adbb9ad63,1.5519002454644362,2,2,9,back,73.61343129331667,74.4625,32.129999999999995,71.42529890805925,57.51266883075637,9.14267341699922,21.59063972717569,85.48273434561077,80.26972221502079,3.0372010919407586,16.949831169243637,2.1881323852574184,True,True
9e38ea19-05bc-4c8d-8612-b64c8b4ef4ca,3.9585818786403175,1,2,9,mid,61.527031698655634,62.5625,60.00999999999999,68.6241163879967,53.33256654207552,12.207718179551506,37.5109454195645,83.68762348324303,73.77962746271167,-6.061616387996693,9.229933457924481,-7.0970846893410595,True,False
9e3a2d13-1f26-4472-87f7-71c78c750bd5,6.766644415653924,0,2,9,back,66.17473373180945,72.88749999999999,47.345,65.15951903443103,50.66866878983416,11.48218704786114,35.71764285489833,90.26889130268229,82.09403743070109,7.72798096556896,22.21883121016583,1.0152146973784255,False,False
9e44eb5c-720b-427c-8271-2a2b5006d3ce,13.741523385986808,0,0,9,back,83.12815794268447,85.75,43.35,69.82142277677833,50.7553816069894,15.511887724517166,32.91438468390632,94.778519263152,84.49942107237979,15.928577223221666,34.9946183930106,13.306735165906133,False,False
9e678003-0ed0-4c3b-87a7-a3d0b5787605,0.8863504833400616,1,2,9,back,62.59945818582378,61.775,45.135,61.77674945776162,48.40254270065477,13.952263957486547,38.1651793395356,70.57656931443096,64.32449290035272,-0.0017494577616190554,13.372457299345228,0.8227087280621603,True,True
9e6908de-55d7-470c-a0ee-7a91e2e88a03,5.208555768001628,0,1,9,mid,45.21606539270042,40.25,18.445,67.10990065739159,50.67252141078644,16.60319095971078,39.5753085893192,73.97373054790947,72.25876722461047,-26.85990065739159,-10.422521410786437,-21.89383526469117,False,False
9e890989-e3e5-454a-9cb6-b2d909d902bd,11.051983956995134,0,0,8,back,88.87318909754532,97.125,37.145,78.03023526171768,59.90736417709161,12.69723114743639,31.69396636941887,97.125,92.21901695881064,19.094764738282322,37.21763582290839,10.842953835827643,False,False
9ea73e81-7b12-4a10-9b8e-46ed38598a2e,3.897731433921484,1,1,8,mid,44.803393772014786,48.125,45.135,61.22983736494876,47.95679926865457,11.279805228597962,26.830894663611208,66.16384602580479,59.47002966608224,-13.104837364948757,0.16820073134542923,-16.42644359293397,True,False
9ebb091c-1b86-46b3-b8b5-b45fba7702ed,5.0355755525925225,0,1,9,back,76.59864814466056,81.2,51.085,69.77206285609606,47.865829400883555,11.235797703705323,37.54276682313159,88.48838180095255,82.18361778306117,11.427937143903947,33.33417059911645,6.826585288564502,False,False
9ec055a7-9c04-481f-8e12-db045e634075,11.01190568872286,0,0,9,back,76.52494773811512,87.5,51.935,70.21604804088717,54.96252353601812,13.495671047948465,28.731111045490906,87.5,75.88173088482861,17.283951959112827,32.53747646398188,6.308899697227943,False,False
9ec797ed-e892-40c9-8427-9a800aa737a9,5.914516235871047,0,1,9,back,57.60221840619795,56.0875,0.51,62.7904596771913,46.24370803272957,22.80469028897067,39.63570658156084,76.50960359715799,69.44871652074956,-6.702959677191302,9.843791967270427,-5.188241270993352,False,False
9f03fad4-9fbd-47fd-8094-3c73518d8143,4.327672657661043,2,4,9,mid,59.29131404492709,63.525,55.675,70.03176977166949,55.54268904662202,11.746420664574975,26.29527203208657,71.06913845230764,68.87969266145375,-6.506769771669489,7.982310953377976,-10.740455726742397,True,False
9f0b83fd-3644-4d75-80d4-61e05286297c,6.0910582914241065,0,2,9,back,64.75298922780699,65.8,27.54,68.93157303403143,54.17502864916204,17.922740474075937,31.38210089471848,80.8687244261057,72.00261312236219,-3.131573034031433,11.62497135083796,-4.178583806224438,False,False
9f161f60-dd7f-4d3c-aecd-f247e17a7d3a,11.77457390340185,0,0,9,back,57.74526746682112,69.38749999999999,6.8,65.46724684411939,49.93081592566373,13.80587547869928,26.835910828576992,78.27966020570855,73.24468388828137,3.9202531558806015,19.45668407433626,-7.721979377298268,False,False
9f505b5b-7ba3-4fbe-99fe-943db492514b,8.504461945503818,0,1,9,back,68.30284768594879,59.85,6.545,60.12244767552511,44.62363115629872,41.372784508074965,54.54853245367357,69.52847115229301,69.11537835423579,-0.2724476755251075,15.22636884370128,8.180400010423682,False,False
9f8996b9-17f5-47af-b267-65915a542ec8,1.0620565801210384,1,1,9,mid,48.39074088713206,49.2625,20.995,66.25894951798165,48.419119696623355,16.34933093141064,28.989364430674733,66.47043935739629,59.03215546701456,-16.996449517981645,0.843380303376648,-17.868208630849587,True,True
9f9489d5-7377-4111-9dab-ad30587ef75f,1.519388621457644,2,3,8,mid,61.64715590214175,62.3,53.295,74.93349564617692,59.434259133426075,13.074055874038804,31.28233630453964,100.2421251420145,88.5627357888618,-12.633495646176925,2.8657408665739226,-13.286339744035175,True,True
9fb276a6-8f6d-40b2-b777-0442068319ff,9.908178765252055,0,1,9,back,75.06551737428737,82.6,7.565,63.990828012259875,51.02382927927792,13.58061785255268,29.997449926657147,94.17447309739521,80.55126949891778,18.60917198774012,31.576170720722075,11.074689362027492,False,False
9fbaaaa2-0bb4-4be3-a64e-7e6d2bafc61d,1.409061549733268,2,4,9,mid,55.19780230921582,56.35,50.745000000000005,69.64630868377552,55.10650840926507,11.238173683531445,29.492791551090058,77.22768957060379,75.59855961390392,-13.296308683775514,1.2434915907349335,-14.448506374559699,True,True
9ff8406a-dc39-4b76-b2a7-0a63f380e3b4,2.796014006985762,2,5,8,back,70.19313515911315,67.725,49.385,71.83475204716868,56.53352023453745,11.51219505284368,20.85401277692423,79.19696463745487,75.81626256339118,-4.1097520471686835,11.191479765462546,-1.6416168880555233,True,True
a0491018-a36f-413a-af31-4925683d33e2,8.072082265260072,0,2,9,back,66.78084649172004,74.8125,6.969999999999999,71.8855233598503,53.52402712946957,20.77817322254632,38.1579969879398,80.96234898784328,77.23029230690143,2.9269766401497037,21.288472870530427,-5.104676868130255,False,False
a05aeb15-323b-486e-9cf1-5d42c0ae96f7,1.0738814000100667,1,3,8,mid,68.08413977866293,69.125,7.225,76.99822199026256,60.23299622654938,18.6616718758348,40.968442546741365,89.94639987281462,83.34642195289955,-7.873221990262564,8.892003773450618,-8.914082211599634,True,True
a067f3dd-44d7-4cae-a434-efc151d553dc,0.27687914405625663,1,3,9,mid,68.71554928817318,68.8625,29.495,84.03292805670642,62.95094333475727,3.9123482768359104,12.115381095904947,97.85609690586985,87.03647920955297,-15.170428056706427,5.911556665242728,-15.317378768533246,True,True
a06eca6c-7c56-4a60-a396-190940846233,9.71948836546601,0,1,9,back,88.88028838953062,98.35,33.489999999999995,76.22288456967911,53.95078802797134,15.462101846821596,37.9291844770657,98.3500000834465,89.39069983975013,22.127115430320885,44.39921197202865,12.65740381985151,False,False
a0b2a062-6699-4ef9-837f-793d2f043a9f,3.7102690618233334,1,2,9,back,54.96833181265191,57.05,11.475,61.64985690422824,46.41477827525363,12.992200243907089,25.06885048059785,69.52202715747663,64.73064275569017,-4.59985690422824,10.635221724746366,-6.681525091576326,True,False
a0bee0d7-912d-410f-92f0-bc1e30ce41b7,4.561012174694422,1,2,8,back,82.1149061894881,82.425,49.64,77.88026330209877,63.830338533060306,11.875928481628542,32.6708990191222,88.91531783563676,82.89527439488194,4.544736697901229,18.59466146693969,4.234642887389327,True,False
a12e7f0c-8fe6-4a1a-9c01-eda25ce6da8d,5.439776883388486,0,3,9,mid,55.66994406033501,60.55,60.35,79.30205232034558,60.32310301574532,13.741722174527585,35.781013237716294,85.45154121268307,78.41913602119736,-18.752052320345584,0.22689698425467952,-23.63210826001057,False,False
a13a985d-f2e9-425f-99cb-2ed42d327a88,0.9966734541121712,1,3,8,back,67.79454326231766,68.775,58.65,65.50326050230234,51.02651490627037,20.094984158301397,35.31724385454956,73.85205556388502,70.20044118838629,3.2717394976976664,17.748485093729634,2.2912827600153207,True,True
a15b070c-cd2e-46aa-aba8-a8064ec10984,8.290432269893719,0,1,9,mid,56.07989319897806,60.8125,65.96,66.47844167778898,53.4026393630712,15.751383344568929,30.90653718543446,80.06097905714263,72.29187416915529,-5.665941677788979,7.409860636928798,-10.398548478810916,False,False
a1a247e0-ff66-4091-a946-ef90f05ebb36,3.5315577669427927,1,4,9,back,64.68498566878222,61.775,52.275,65.8228219143542,50.73047019021067,17.27352341563459,36.43410427212733,81.40612157308804,79.7763328753087,-4.047821914354195,11.044529809789331,-1.1378362455719753,True,False
a1d6591c-f66b-4946-8ced-04c06d47295c,23.411749720976193,0,0,9,mid,54.32147718791056,37.97500000000001,2.975,68.63569362349054,56.83639672380136,16.218050806106234,43.34742080518265,66.49495507520751,63.98873350046337,-30.66069362349053,-18.86139672380135,-14.31421643557998,False,False
a1e787fa-2824-4cfa-8099-41612d4e4991,1.4333410197430647,2,2,9,mid,53.87691911437011,55.3,63.24,71.69956942375025,51.27915181078796,18.30486221233513,32.73283644295528,86.65836362583892,74.55771494953115,-16.39956942375025,4.020848189212039,-17.822650309380137,True,True
a1e83c4f-07a6-4f0f-a5c5-08d86a080bcf,0.3434299139466023,1,2,9,back,59.59031584386432,59.85,65.45,68.22596023950437,49.23270691614938,17.83047853714561,31.196272804695127,84.4358518298611,72.74442213916561,-8.375960239504373,10.617293083850619,-8.635644395640057,True,True
a203c3e7-3290-4088-8611-b4330c67fe98,2.5508914372782234,2,3,9,back,59.967722098319655,62.3,31.705,61.96063808337273,44.31944019136594,12.354084659589546,27.412246697491877,74.2562200983387,68.46506552876477,0.33936191662726856,17.980559808634055,-1.9929159850530738,True,True
a22776b8-b187-4731-9f28-3025b63766a9,1.2162363244253944,1,3,9,back,57.43667305577728,58.45,39.185,67.54347218661212,50.34770695422347,10.49931153481721,22.16554147194588,77.42827827249587,70.60073301069097,-9.093472186612118,8.102293045776534,-10.106799130834844,True,True
a231e979-69f5-42e0-b605-82c1a3c2113d,2.9855017966458544,1,2,9,mid,52.30110133223993,49.4375,24.65,72.46252785876823,52.32239392958708,17.54511049619098,36.78548415407557,80.9595394740097,71.57278305977633,-23.025027858768226,-2.8848939295870792,-20.161426526528295,True,True
a233725e-e935-46ef-8f32-1ef162bf7f20,3.054009006698994,1,1,9,back,63.78104451665528,65.8,0.935,65.58222874952043,51.098897858517915,17.524640996787646,42.99286564427581,80.66098978946238,72.90706526086943,0.21777125047957213,14.701102141482082,-1.8011842328651468,True,False
a242f8c1-e6db-46ce-955b-a98de5d888c2,0.5628441461501504,1,3,8,back,81.2370889981456,81.6375,14.96,76.08890986894855,60.258826059534066,11.148915691087506,21.32978244104844,82.62279065094012,80.17040207648947,5.548590131051455,21.378673940465937,5.148179129197047,True,True
a2483915-2f7f-454c-af62-f48facf99541,20.266662401659854,0,0,8,mid,56.09531814351902,39.02499999999999,3.74,70.5751246638055,54.44241693306284,21.9680141328498,59.45513365908501,74.84275462966309,74.2597378247437,-31.550124663805505,-15.417416933062846,-14.479806520286473,False,False
a24f4974-516c-41c7-84f4-e16bf1d63749,2.415835345452332,2,2,8,mid,63.89099523136879,62.3,5.44,73.25222365469978,59.9027871247354,26.2664006336184,48.10641187518046,98.24008922450956,82.46505808604735,-10.952223654699779,2.3972128752646,-9.361228423330985,True,True
a260331a-2822-4034-a9e0-c1a9ed9e7407,11.091815721347396,0,0,9,back,64.85861772734806,70.0,67.065,68.38894822743072,54.97115248865808,10.955884835113793,24.73539936911176,76.59187672699663,71.62599725000831,1.611051772569283,15.028847511341922,-3.5303305000826555,False,False
a272ca0a-5b06-4827-bdeb-ae3e66879b72,2.562897667152703,1,1,8,back,68.26758418188561,67.55,28.73,71.66612573665915,52.366809702933665,13.199132792525567,35.38507778161664,81.43741455124128,73.3788792346337,-4.116125736659157,15.183190297066332,-3.3985415547735442,True,True
a275920e-2f5f-4bb6-9eda-ac069206eb19,5.409496295135654,0,2,9,back,75.47633890710298,80.5875,54.74,70.86992356314968,54.221439373727875,11.486715440020888,30.695313637507788,80.58750033378601,72.2941989976073,9.717576436850322,26.36606062627213,4.6064153439533015,False,False
a2b24716-e370-4795-bb97-199d44f4c98c,4.292752643139121,1,4,8,mid,59.96228444366332,61.425,47.345,69.15503266902999,57.28500668301067,17.565811066387802,32.089643170584935,75.49394408666652,71.73800634042159,-7.730032669029995,4.139993316989326,-9.192748225366671,True,False
a2c33cda-4110-476e-9caa-9b4acafd9ca0,6.009292833942286,0,4,9,back,59.46197585700504,60.2,24.225,63.2997291487773,49.63577300247952,11.728558696610158,23.740697681671094,73.1832434957121,71.43523590666223,-3.0997291487772998,10.564226997520485,-3.837753291772266,False,False
a303c2ec-f6a0-4139-926e-0f19783e9d39,8.389253126269633,0,1,9,back,62.96189911779989,69.5625,64.77,64.23223281410044,48.28785507578688,14.227711931535794,32.608304928931915,78.47918955611789,73.26444668579595,5.330267185899558,21.27464492421312,-1.270333696300554,False,False
a3048885-6361-45ad-a602-fd8e13560962,11.281729473221969,0,0,9,back,69.42126874222811,72.7125,47.6,64.36906499628307,47.3203324742695,16.79910213503058,32.170685225150244,81.37470638583329,75.5321285889519,8.343435003716934,25.392167525730507,5.052203745945036,False,False
a309d8e1-57a0-4f2c-ad7b-aac42915a92e,7.45338663227849,0,1,9,back,86.1031510538768,87.325,49.555,73.92033312367076,53.16270333896272,13.44311073558747,31.88818405054792,87.32499933242798,80.4659547322461,13.404666876329244,34.16229666103728,12.182817930206042,False,False
a31c0a89-39f9-439c-9cf0-3326575b298b,1.4129437595288385,1,2,9,back,73.396984193946,74.375,32.47,64.08253917853864,42.926678831637346,11.824615040466622,32.08793122954245,77.32641685534145,71.22872565420647,10.292460821461361,31.448321168362654,9.314445015407358,True,True
a3500d97-d4b0-4428-8c21-9bdd9c4bba8e,2.7067674210371653,1,4,8,back,81.99379074061221,83.125,14.96,81.77974612794122,67.26646960091932,8.739037446471286,19.0274995782448,89.52468327777974,84.56303147346992,1.3452538720587768,15.858530399080678,0.21404461267098895,True,True
a35315fe-ac40-4e2e-8a33-6862ee4c6e91,1.8932909520440588,1,5,9,back,62.23364613808369,62.3,52.19,66.24109335456153,51.70725257825878,15.55804955540284,38.616199439571936,73.50406276307183,69.24508209095217,-3.9410933545615308,10.592747421741215,-4.007447216477836,True,True
a359865a-c1bd-4301-b721-04fedf9ecce7,7.13333783294805,0,3,9,back,61.75656234912667,66.325,5.95,65.87224000392158,44.72332984459037,22.153787351177765,37.18850919551095,77.09957205307035,66.59319949482435,0.4527599960784272,21.601670155409636,-4.115677654794908,False,False
a36f144c-57ac-4606-97b7-c49e18708c61,2.7903231362170318,1,2,9,mid,52.39089597829109,55.125,5.779999999999999,61.89319834592813,46.44460938000257,8.417791498252651,17.69643111488883,74.01019748196487,69.10329834740685,-6.768198345928127,8.680390619997432,-9.502302367637036,True,True
a379216a-e1ad-4de9-b6e9-dda6a2234598,7.009053779839042,0,2,9,back,58.92499318303244,53.9,57.205,64.33657772191991,51.97663809444469,20.772723205141777,39.35256395786544,79.47900806377413,68.40351019087254,-10.43657772191991,1.9233619055553106,-5.4115845388874675,False,False
a3d1d1fd-3683-4837-bd01-51096254dac1,1.648521285821962,1,2,9,back,58.31189427869437,59.9375,10.54,67.21587517561088,50.70506015890137,10.89123777367752,25.000842316158263,80.37471161717195,73.70683681691898,-7.278375175610876,9.232439841098632,-8.903980896916508,True,True
a3d96d70-7778-484d-a009-c7b0887438ba,5.330804361171256,0,3,9,back,56.68424660904678,61.95,66.13,60.32648421508245,48.912639247198896,9.394786219330449,16.820262394652623,72.0747318259537,67.61851078259167,1.6235157849175508,13.037360752801106,-3.642237606035671,False,False
a42f1eb6-25ef-4221-a78d-926d3a8b6414,13.27379861253923,0,0,9,back,77.24655309529379,88.2875,36.975,65.57719811943511,47.4756456057932,9.10764563997918,25.040924684611507,88.28749966621399,77.2572639195814,22.710301880564884,40.8118543942068,11.669354975858681,False,False
a455037e-c01e-4838-a6e8-d104ceef9513,6.4382326633380655,0,1,8,back,89.4372616243497,95.725,50.66,83.53612455579427,64.9844644667203,14.526529074079818,38.05659540465153,95.72499966621399,89.81881152919581,12.18887544420572,30.740535533279697,5.901137068555428,False,False
a4560d30-012f-4f1b-b6c6-715e5e5e84b2,6.285873478737381,0,2,8,back,72.0266433023118,68.075,22.1,68.73849848947147,52.77604930205092,11.121841964335012,30.07142591515326,89.37766859862256,82.52701776267855,-0.6634984894714648,15.298950697949081,3.2881448128403292,False,False
a46c7c2c-acf8-49c6-b64c-6f698360113a,6.576496948546771,0,1,9,back,67.52002911770735,72.44999999999999,66.55499999999999,67.24854442619758,52.36977632849768,5.585449479443064,16.92663265632207,86.73292858180488,78.23387991808204,5.201455573802406,20.08022367150231,0.2714846915097695,False,False
a4761ebc-05b8-49a3-90b6-4388a5d769ab,17.747131537123384,0,0,9,back,76.52386483451683,92.925,37.485,68.96698846119786,49.67046230232208,12.372743917877152,42.88963517598938,92.924999833107,84.2159415713778,23.95801153880214,43.25453769767792,7.556876373318971,False,False
a478dff5-cb5e-4c84-9dbf-cb421ebb1767,4.8874938789105125,1,2,9,back,79.5301361441759,80.15,8.415000000000001,82.04986615625181,71.39018950530341,13.897590795036134,31.46308559764975,101.96292596385521,96.00700675247577,-1.8998661562518038,8.759810494696595,-2.519730012075911,True,False
a4e02c3b-e249-4ca5-90c4-4a9f39d922eb,6.48313878569928,0,2,8,back,71.16700477722328,72.7125,28.73,62.56064692764861,53.628597130928995,11.124728095175982,31.63270474226195,78.97463614149675,76.39281623382999,10.151853072351393,19.08390286907101,8.606357849574671,False,False
a4ff99df-ffea-4601-a4eb-055cb13bcb2d,4.313759883521897,1,1,9,back,51.46301861763932,55.65,19.38,63.027838820414374,43.33385117691025,13.73727800882486,27.432987195552183,71.55396568574476,64.88351462603306,-7.377838820414375,12.316148823089748,-11.564820202775053,True,False
a51cb14f-565b-43f8-af8b-10d0cd1e0687,0.7637621648524902,1,1,9,mid,55.094385250662754,55.3875,30.175,71.32123556275553,54.66219544431489,11.068061404493491,20.88106371769569,79.44100355515127,72.5619818171303,-15.93373556275553,0.7253045556851134,-16.22685031209278,True,True
a52d7b80-864d-45f0-bdc4-46f8bd893994,8.715180410796815,0,1,9,back,58.87547601223454,57.575,6.29,62.62051285593652,46.98472854006382,8.519497204172291,30.298509928269773,80.3485659454658,72.5865137920674,-5.045512855936515,10.590271459936183,-3.7450368437019748,False,False
a52d8bd1-da99-42c7-8f44-f6d0d8c69073,0.7900062808754953,1,2,8,back,86.80629723527254,87.5875,35.7,80.79948678459135,61.09615152069267,7.961637113278421,21.97187954168478,91.42778049599288,83.17611871195444,6.788013215408654,26.491348479307334,6.006810450681186,True,True
a5379bcf-6d9b-4643-ad71-e8725f0c1d1b,2.1294175090643996,2,4,9,back,62.30311889555835,63.6125,51.595,67.19116374961078,53.7289341340189,16.24233496863344,38.28648828082597,74.63964228695818,70.9732725295103,-3.578663749610783,9.883565865981097,-4.888044854052431,True,True
a53d1838-00a2-4ffc-a7f0-149ea54fc2ed,3.291117902396106,1,1,9,back,66.34229099580321,68.95,26.945,60.16809229967978,43.53152814505091,5.869388135338113,17.356697436007618,71.48459477774153,66.70183200224227,8.781907700320225,25.41847185494909,6.174198696123433,True,False
a53f9601-6d3d-4ac1-bd8c-4ddafa73754d,7.963390582090586,0,1,9,back,62.01074697638962,67.4625,37.315,59.28365608601508,46.13792674734555,11.642379748229953,28.856770424504784,72.1640028367213,68.61712119334823,8.178843913984927,21.324573252654453,2.7270908903745408,False,False
a554214c-a501-4de9-9ec1-d25232b09482,1.7757092816433961,1,2,9,back,74.38247567982462,76.0375,46.41,69.08377772131229,55.57612077730524,20.663001251619512,34.35051562776942,76.40318495348733,72.5739832733194,6.953722278687707,20.461379222694752,5.298697958512335,True,True
a563211a-a225-45d2-ba49-63490ba1e5a3,9.371674503389976,0,1,9,back,69.22579112552695,73.675,50.32,63.00296208447678,47.00921781340024,11.61799664393876,32.77822153160561,81.66565646845032,75.87399349683204,10.67203791552322,26.665782186599756,6.222829041050176,False,False
a5705552-6cc6-4d58-a746-c319beb32f5f,15.314093684671471,0,0,9,back,79.48424004086301,74.1125,63.835,72.97366141375203,51.3261506873263,18.02506488226577,32.508809083184275,87.22372001028299,80.66814034320527,1.1388385862479709,22.7863493126737,6.510578627110988,False,False
a597bec4-e3c8-4514-b134-1f92ffee4759,0.17668120857588557,1,3,9,mid,47.52628977951826,47.6875,36.465,77.60819609678803,49.69043027530988,9.931342597052655,33.33125096840577,81.49800062225805,78.72054582761325,-29.920696096788035,-2.002930275309879,-30.081906317269777,True,True
a5c17452-ee71-45ae-861a-5814e7abce71,7.584613328398989,0,1,9,back,59.83025384771361,65.7125,44.71,61.88537749359097,50.06843091842471,11.252013819338517,32.9838127768876,76.0841487172123,68.14604218309665,3.827122506409033,15.644069081575296,-2.055123645877366,False,False
a5cffadc-3e41-4a78-855c-a6da9b0d8388,7.112959802640885,0,1,9,back,70.67219396945572,74.55,14.535,63.711435895245714,43.59217889180452,13.120639963557585,30.52055383219884,74.55000066757202,70.43308842735433,10.838564104754283,30.957821108195475,6.9607580742100055,False,False
a5e9677e-f9fd-4852-a4e5-7a2ea46c75b6,8.103184390248119,0,1,9,back,83.56348146625623,84.2625,50.32,70.32282531185444,49.80492373485201,12.295547843536225,31.73687186894671,84.26249933242798,74.49915814781791,13.939674688145558,34.45757626514799,13.24065615440179,False,False
a60caa5a-bbe7-4111-bd96-3a3597a5e085,8.20818605181431,0,4,9,back,60.65650363353119,68.775,40.63,65.81378683994654,52.31255537310352,7.7413658932255345,26.154539948617423,81.05795158779523,73.15609202648844,2.961213160053461,16.462444626896485,-5.157283206415357,False,False
a653b403-c196-4765-89ab-ce2b08ccd849,3.219902752739212,1,2,9,back,64.92455435195185,67.9,62.39,62.74352793567289,46.9398745827432,12.99644579821848,32.81565095350365,67.89999866485596,62.462463375432534,5.156472064327119,20.960125417256805,2.181026416278968,True,False
a6644044-4a0a-4f49-8737-c22cb83d59f6,7.8261848915692624,0,1,9,back,89.84539789315878,93.5375,35.105,72.54230063544156,53.268198229981415,14.97719692392431,31.05859617688633,93.53749966621399,84.887163511786,20.99519936455843,40.26930177001858,17.303097257717212,False,False
a66a10cf-4918-4d72-961e-2e7d245d41af,9.654113872429944,0,1,9,back,64.11161693370158,73.76249999999999,43.52,60.97891858371231,49.001109857551434,8.705567695341777,26.45332886140045,78.35476475217914,71.61602044511699,12.783581416287682,24.761390142448555,3.132698349989276,False,False
a69f89d1-a625-4fce-af5d-76045b91c948,7.999848996826023,0,2,8,back,62.80811582059975,69.2125,62.645,70.26591211021827,58.92482245589154,12.77253640708053,29.366558734387425,77.70145117828383,72.77064613063175,-1.053412110218261,10.287677544108469,-7.457796289618514,False,False
a6a25bbc-ead9-4a43-a698-e9c9c0cf69a2,3.003432490655958,2,3,9,mid,44.59733502316594,47.60000000000001,47.09,64.52764986296343,47.05454264885972,14.170668148021608,32.87562535796506,76.9375936363347,72.29410154797714,-16.92764986296342,0.5454573511402856,-19.93031483979749,True,False
a6b58fff-623f-406f-91de-454d38866b61,8.267989244870027,0,1,8,back,60.63239504539974,66.15,56.525,60.51801669332163,46.51225894761732,11.682106129822447,33.14363028675706,81.73368996762834,72.31289781752062,5.631983306678379,19.637741052382687,0.11437835207811275,False,False
a6ded552-a52b-4fa8-ad91-4fa61b4358b7,35.238953290051604,0,0,9,mid,47.197626519198955,36.39999999999999,58.48,74.40802458657748,57.613637492354336,15.280286739065456,36.63026641702524,74.33022005468035,70.04356498508798,-38.00802458657749,-21.213637492354344,-27.210398067378527,False,False
a6e06e33-2169-4f5d-be66-0b70162178b5,1.558140342006408,1,4,8,back,61.74917255526608,61.8625,47.175,65.15407119192453,53.57273202964086,19.06491695080841,36.66244694382395,75.3950447697676,73.50661568953778,-3.2915711919245325,8.289767970359136,-3.4048986366584515,True,True
a75544ad-58c6-4b7f-b731-ec88e0058a2e,12.734523691322185,0,0,9,back,91.71717504598267,94.7625,50.49,79.89836763592345,55.06291156441574,16.110855809708596,36.163379029260845,100.0730537686773,91.93906695889687,14.864132364076553,39.69958843558426,11.818807410059222,False,False
a7a42393-116b-458d-a737-d17837071b2d,9.979445574417786,0,1,9,back,78.37190317566095,85.4,26.01,69.49188037084015,55.88425803639643,8.537058670339981,27.052589194139173,85.40000033378601,77.02958817632204,15.908119629159856,29.515741963603574,8.880022804820797,False,False
a7abd4f6-9d99-4282-8f1a-c415d6c0521e,0.38962704472167387,1,2,9,mid,53.77301225745446,54.1625,20.995,65.75936616540909,49.43255444756123,12.620570911029116,26.28876333919507,80.22542815429658,73.04381992598488,-11.59686616540909,4.729945552438771,-11.98635390795463,True,True
a7cb887d-1aa0-4c65-b911-3ac265acd05a,0.7449595575787601,1,4,8,back,58.167508214669425,58.8875,18.87,58.918351190810874,49.36600553842798,17.510289413226353,32.206529739158725,79.5399969472302,71.39130127817404,-0.030851190810871287,9.521494461572026,-0.750842976141449,True,True
a7d3a8ea-9a30-4789-892f-b9bd0e4c981b,1.8683552067787355,3,6,9,mid,72.70312209840702,74.4625,49.385,80.07172502710014,69.3149695096977,8.672278180386002,13.05832990917628,89.41826990626896,86.92112721261292,-5.609225027100138,5.147530490302302,-7.368602928693122,True,True
a7d461dc-3294-419b-8b7f-2d9e13de3171,4.794043603371408,1,4,8,back,79.3337627286783,84.0875,5.27,85.13212311866795,67.28954158201722,5.655448575951976,12.99398346252078,90.44854860032424,87.45455637327805,-1.0446231186679427,16.797958417982784,-5.798360389989654,True,False
a7fba0f6-a253-46fc-a296-35a2f6e1098d,1.8808638137707188,3,3,9,back,72.96446787918481,73.5,65.535,74.79033357858741,59.69479427462358,19.08600209122161,38.239498843564775,86.61739139434867,78.0449614739156,-1.2903335785874077,13.805205725376418,-1.8258656994025984,True,True
a847b064-7817-4fe1-ae83-358ff29d6f11,10.91460847135831,0,0,9,back,72.14132109314403,82.6875,24.565,69.4939540626888,55.77712360942216,11.851211961520626,23.734708697730177,84.22228311673837,78.74443211453843,13.1935459373112,26.910376390577838,2.6473670304552286,False,False
a8678501-2177-4560-9f4c-ea2e90e38673,12.346459082043781,0,0,8,back,68.21365115894807,67.9875,4.845,67.78298649469393,51.82459171154019,22.066581845685835,32.285101304829425,73.85605689197311,71.04955336936298,0.2045135053060676,16.16290828845981,0.4306646642541381,False,False
a8874b95-d9de-438d-a60c-633f7b7f80e9,5.5143880455582295,0,3,9,back,59.07005416084941,64.575,27.54,62.335710701893944,45.592348176795355,8.18479371788245,20.210909703982452,72.10707634565938,67.9473377980281,2.2392892981060584,18.982651823204648,-3.2656565410445353,False,False
a8c22634-6789-464d-856d-04bcf184f6f6,6.530175289017535,0,2,9,back,60.81627345828127,67.2875,17.68,69.8087667115139,52.53075197282534,18.18479467364108,42.16659103285947,78.23817915220964,74.46908248315718,-2.5212667115139027,14.756748027174652,-8.992493253232624,False,False
a8f54eba-3c6f-4ac7-a5a1-6cdb1372bb79,3.1050748241538675,2,4,9,mid,51.85330939441342,54.95,62.30499999999999,63.14297028832618,51.00669076752062,16.118127843635996,34.407798345695426,73.90123848724771,66.26205919462649,-8.19297028832618,3.943309232479386,-11.28966089391276,True,False
a8fc0a48-e527-4e92-979c-095876579649,4.145978310696199,1,2,8,back,59.38667745932624,62.65,62.05,61.3500060291458,45.20709944828403,14.103389774157575,21.96214928143664,72.0841867479667,62.12502880636008,1.2999939708541959,17.442900551715965,-1.9633285698195593,True,False
a913b41d-f3a2-4f46-963c-e5c09db8d922,4.014913021637449,1,1,9,back,73.73031351520864,77.2625,13.09,66.22197452366146,47.87803614477467,11.332113883233744,33.489283565388526,81.0815167473107,74.90296894262498,11.040525476338544,29.384463855225334,7.508338991547177,True,False
a913bc53-32b1-4263-91db-f6ee1f12f030,7.072737037616075,0,2,9,back,73.77171636101326,73.32499999999999,52.785,65.13577828663702,48.17036030068557,12.288777362535305,34.10572663164432,77.75515765746377,72.91941975824886,8.189221713362969,25.154639699314416,8.635938074376242,False,False
a92af2a8-fb5f-4f28-b1b1-eea0bd2ad6e4,5.216733950123139,0,2,9,back,67.14913701126252,72.3625,26.265,64.81507811798699,49.47636299149881,7.566982851174473,21.607948126726832,77.54959193804743,71.11420537634726,7.547421882013012,22.886137008501187,2.3340588932755395,False,False
a9687c34-7b0c-4e26-b95e-5609b0ecaca3,1.0896740286154383,1,1,8,back,86.82649720265731,86.45,61.2,87.520382222167,68.0915857734642,15.297261976877364,34.50730590592989,93.15227445846325,87.30590200864185,-1.070382222166998,18.3584142265358,-0.6938850195096933,True,True
a9708c4c-180d-4e99-b484-bf484eaf7bec,1.7995233240301982,1,2,8,mid,48.18875929160124,49.875,51.34,68.8495170925641,52.27116032407755,12.266568105861374,25.563535807143573,80.44276338714096,74.93312699944923,-18.9745170925641,-2.396160324077549,-20.660757800962863,True,True
a9f00f14-6bfa-446c-be48-dae50101550f,12.818658532303814,0,0,9,back,62.04441872922504,72.5375,47.345,63.44570277239516,45.50059282652919,12.960286022563228,33.82744668964794,82.2166602462059,75.10860877089974,9.091797227604836,27.0369071734708,-1.401284043170115,False,False
aa05dc59-6bcc-432d-9fe5-18186eda4c67,3.9980359219175354,2,3,8,back,66.08528594699793,62.125,8.67,64.52321844207829,47.22341256474906,16.39426177044274,35.18369072260283,77.98929727276987,72.62518796054012,-2.3982184420782886,14.901587435250939,1.5620675049196393,True,False
aa251b27-d95a-4d3e-8072-16f329de5c00,3.6080749953429914,1,1,9,back,64.55071263964916,67.6375,55.08,64.10493518093921,42.88653444252628,12.387049815601197,33.12390434573266,77.54855831745296,72.65746305088102,3.532564819060795,24.75096555747372,0.445777458709955,True,False
aa438cfc-f947-42ab-86af-de7bf8e9f697,0.9842740484553469,1,5,9,back,63.094500452649434,63.525,52.19,67.2802248528628,53.03631383846714,15.710754217112768,38.837066526735285,74.87314031100354,70.59601010606731,-3.7552248528628027,10.488686161532861,-4.185724400213367,True,True
aa4c0329-e9e3-45a3-bfa4-19ec4ac5e484,10.459445479536196,0,0,9,back,67.08734266804345,76.0375,42.16,63.7288980125156,47.39882870324063,11.378954711056206,25.98663604361776,79.09406149071515,71.77156492338435,12.308601987484394,28.638671296759362,3.3584446555278475,False,False
aa5a245f-6f12-4bcf-8cd7-70cf60bde795,10.021405316200946,0,0,9,back,63.5131547701765,55.9125,46.495000000000005,62.41320706835276,49.89537797341371,11.01454226265206,32.29391621985836,63.59268960409152,56.220511692336345,-6.50070706835276,6.017122026586293,1.0999477018237371,False,False
aaa8c910-0e5b-4c2f-b90a-d6bbf8c61cf0,2.824746662952116,2,4,9,back,65.18380293965436,63.175,48.45,61.03908927330593,51.21144423121009,8.107398287955533,21.33109747417809,75.99079020678538,70.11108445232206,2.135910726694064,11.96355576878991,4.144713666348423,True,True
aab7a7d1-c9f4-4e49-81a2-a07b69b0d140,7.816625837636947,0,3,9,back,66.83205932340323,74.63749999999999,53.295,66.08636348673676,48.25994580816048,12.686338481687676,29.31995470614169,75.78736707183165,73.21755906532539,8.55113651326323,26.377554191839508,0.7456958366664708,False,False
aabcfdbb-0585-4ac5-8210-b99655378fe1,2.0662390231810925,1,1,9,back,85.17296065947404,87.2375,65.28,79.29198681988855,58.34025794481945,23.176257165039416,40.59737671482131,94.36597537040865,86.43998573492414,7.945513180111448,28.89724205518055,5.880973839585494,True,True
ab221e8f-dc4d-4042-b390-15de17c4f200,2.3478421448198565,1,4,8,back,60.36454490558901,60.9875,47.175,65.9311763776998,50.88440657894514,20.591911596250142,36.37034336432367,74.89577967888283,69.11401609014948,-4.943676377699802,10.103093421054858,-5.566631472110792,True,True
ab247fc8-c23a-4a12-b454-ba9b91b0f389,7.667294262714948,0,1,9,back,65.53836111557672,70.6125,3.57,67.75386051663925,51.19995937343172,10.007058134771714,28.25556948133189,83.46059488284183,76.74335874147427,2.858639483360747,19.41254062656828,-2.21549940106253,False,False
ab58c586-828a-4652-ab3b-bbf549b3d2dd,15.233560284237004,0,0,9,back,65.02921286879082,78.75,53.55,59.92075792049232,47.05089856241302,13.986301033878531,40.08246419872235,78.75,69.06991540834802,18.82924207950768,31.699101437586982,5.108454948298501,False,False
ab6e7943-04b6-4621-a845-6d2c31b5500f,3.370303955612772,1,2,9,back,58.36414860721,61.25,3.23,63.9925614901496,50.16130321810282,12.664862891317828,31.003943673368155,77.44736139255095,71.92425840749357,-2.7425614901495976,11.088696781897177,-5.6284128829396,True,False
abf1b5b2-d3f0-4eb5-b541-e95edcc835f9,1.920688809623804,2,3,9,mid,62.289608803620496,62.7375,6.46,79.22217511927724,60.3668522542777,11.935383310173378,33.43148561717708,82.95548541015197,80.53798289245684,-16.48467511927724,2.3706477457222945,-16.932566315656743,True,True
abf6f049-8fc4-4c70-b494-49ccc36d116c,1.9666462401899896,1,3,8,back,63.870929689489714,64.225,40.8,61.92068955635263,45.2695394820854,18.215670102250066,27.78545245279736,74.01765012775925,66.49492416494161,2.304310443647367,18.955460517914595,1.9502401331370862,True,True
ac30b29c-bdd7-4502-ac2b-0ff466467810,2.934426972662298,1,1,9,mid,56.68664811597003,59.5875,2.635,72.80729315324679,54.91440991623088,21.5982447008706,37.6106726599197,81.94625342214394,78.13831146679317,-13.21979315324679,4.673090083769118,-16.12064503727676,True,True
ac33145c-2d91-46ef-b846-5b34a5ac0c0d,0.3678297455221548,1,3,9,back,58.8724594430012,59.2375,40.545,65.80244780761221,49.70876436406552,11.095506015600892,20.602568647527928,76.68034354975487,72.01815416593743,-6.564947807612214,9.528735635934474,-6.929988364611013,True,True
ac8eb844-3793-4502-afb8-080d239526fe,2.8726321717783163,1,1,8,back,83.72598760010055,85.925,66.3,86.45609839073308,71.85391724351012,10.125580895448437,21.23754728461042,98.41832576698971,90.3728709500531,-0.531098390733078,14.071082756489872,-2.730110790632523,True,True
ac8f7163-2b5c-45bb-ac25-0f088248b341,3.7002873849929916,1,1,8,back,58.72094511522086,61.6,64.68499999999999,65.76798708585599,48.89524183035197,12.56503885868922,36.991982295067146,77.61649991690588,73.56732806349821,-4.167987085855991,12.70475816964803,-7.047041970635135,True,False
acaa25b4-f6ee-4e7d-8e21-8e639a170228,3.1912014759602654,1,3,8,back,65.68801549277148,68.425,34.765,72.38615870614677,56.36152253803672,6.069822374253498,16.16294691686456,85.06347027616823,80.14197968448195,-3.961158706146776,12.063477461963274,-6.698143213375289,True,False
acb12edb-4cda-403e-bc35-f69d509b7718,20.639493743574665,0,0,9,mid,60.392897337608304,40.25,23.375,68.26628020275055,57.61824327669771,8.719745068805558,17.84773369112761,72.81614879091939,67.27406976146973,-28.01628020275055,-17.36824327669771,-7.873382865142247,False,False
acc3f3d6-40f2-4102-9483-69cb1f5064d5,5.809992614014797,0,1,9,back,80.91643337917381,81.025,52.36,70.89113950534576,50.400923033546896,14.493212308219658,27.095022297850644,90.14471152327485,82.26562994013237,10.133860494654243,30.62407696645311,10.025293873828048,False,False
acd771ed-0819-485a-9668-b2b36c8137a2,6.02772782148916,0,1,8,back,64.7986201290692,66.9375,62.9,67.26002088557138,53.57187077196462,13.822167970570511,40.36494298102743,83.8753523632566,77.24949523693509,-0.3225208855713788,13.365629228035381,-2.4614007565021723,False,False
ad2aae02-7bbb-4247-9c73-b1ca0158f8ec,13.36621768998133,0,0,9,back,65.76052831578068,72.7125,16.744999999999997,61.86519148673722,50.05182024561075,17.174176955352408,30.933522621784512,74.73933215209021,70.71014587955116,10.847308513262789,22.660679754389257,3.8953368290434582,False,False
ad60d331-35f1-441e-ab3d-ecfc2e96fc2a,1.51174113301844,1,2,8,back,72.99459830542425,74.4625,4.08,69.13626848320152,54.8493184999316,21.327033400360467,46.33607777220486,81.71554111284442,76.63612407028123,5.326231516798487,19.613181500068407,3.8583298222227285,True,True
ad64be64-ffab-4ea7-a57c-410a54432250,3.9408013721627997,1,1,9,back,69.96343144300019,72.625,38.675,63.5908639072818,49.56003707177652,12.802704222619909,25.12205175314985,78.95932776593548,71.60720537626443,9.0341360927182,23.06496292822348,6.372567535718389,True,False
ad90d9a5-28bc-48d1-a410-d80b8cc6495f,0.9585185004518042,1,2,9,mid,63.37184040089519,64.1375,63.325,71.80769750965726,57.622329536291616,18.508428800112227,33.05359851616699,77.66980179675889,68.74348459580402,-7.670197509657257,6.515170463708387,-8.435857108762072,True,True
ad9193e4-b262-4710-987f-6f77a8410017,8.240937886052064,0,1,8,back,71.40470275794483,79.625,24.31,66.36939282877537,49.91514943146683,15.983685007154795,34.152670232851385,82.2049686273266,76.77094130453035,13.255607171224625,29.70985056853317,5.035309929169458,False,False
ad934dc6-6628-4bf3-aa7b-8450bf1499bd,2.000513267084175,2,3,9,back,68.4623203598546,67.375,57.035,69.04763705430034,52.153221634135015,21.786335384672277,34.35867918918434,78.9441051233093,76.77341003401429,-1.6726370543003384,15.221778365864985,-0.5853166944457371,True,True
adda3632-fad4-471f-8a14-83c3ce427378,16.18120900412739,0,0,8,back,76.64964389210365,84.0,42.33,62.71841347067008,48.36616573606008,10.597646188136409,28.60396757332597,84.0,75.08575068157,21.28158652932992,35.63383426393992,13.931230421433575,False,False
ade2d10a-7afc-4620-a347-2f0593be2b83,3.060504199519666,2,3,9,back,67.47328811648313,68.6,42.585,64.52988547361835,51.37399575192479,12.33241824555553,28.28003861462692,82.17161715786206,72.48195251627841,4.070114526381644,17.226004248075206,2.9434026428647826,True,False
ae0b81ea-4cf8-4b13-acae-edbedccbba9b,7.20624467839208,0,2,9,back,67.62557298428786,72.975,24.31,70.89475139030341,53.64384812029807,11.372857775498192,24.507273782723388,81.49127114800837,74.72158032605289,2.080248609696582,19.331151879701927,-3.2691784060155555,False,False
ae42a7a6-529d-4efb-a4d3-d449213e2f45,11.398167379897073,0,0,8,back,64.15812624379653,72.1875,42.5,61.64470227416628,47.428081285718434,16.720162833718703,34.57264177001208,72.1875,68.60290580568075,10.542797725833722,24.759418714281566,2.513423969630253,False,False
ae4aa84a-1ff1-4466-88a5-8347cc126e2a,0.22827816201699075,1,2,9,mid,40.10923675629988,40.33749999999999,13.515,62.72225933897475,43.37797230993607,27.335012774665493,40.19927705804397,64.15642548635961,62.02684311207858,-22.38475933897476,-3.040472309936078,-22.613022582674873,True,True
ae55be8f-b3d1-4003-93d7-5edaf3321e3f,13.807043534681059,0,0,9,back,67.09899819180895,78.4,36.55,60.767838382540184,45.913767374377,12.1435315737724,24.691058723346465,78.40000033378601,72.02545344627943,17.632161617459822,32.486232625623,6.331159809268762,False,False
aeb24489-47a6-4afc-863c-8e3260973d14,6.409824864543798,0,6,8,back,68.9928667432307,74.9875,35.955,74.73908528091616,63.366943285174635,6.013406295789174,10.74439504328689,86.53424301738961,83.06726661655422,0.24841471908383994,11.620556714825362,-5.746218537685451,False,False
aedecb44-bc6d-4955-9b7d-dfeda121ed5e,3.625965723449606,1,2,8,back,94.04574923511949,96.3375,50.49,87.9737092731158,71.3051705801891,17.514958328349707,29.78516501398809,96.33750033378601,88.13225277419821,8.363790726884204,25.032329419810907,6.072039962003686,True,False
af15a004-9457-431a-8111-5150731c7c42,3.153397884031799,1,1,9,back,70.30593361379462,73.2375,48.365,61.157069540809,44.48757523815798,14.93219345812988,38.25941460293145,75.3100687696104,69.65917437922559,12.080430459191,28.749924761842017,9.148864072985624,True,False
afcc242b-cd3b-4137-b703-cf927257800b,14.397379610244407,0,0,9,back,77.01017518726847,91.0875,29.75,68.83211791908415,53.64875029590391,13.695047720450615,35.92666687753836,91.08750033378601,81.7071083007645,22.25538208091585,37.4387497040961,8.178057268184318,False,False
afe22baa-7584-4099-acf0-0f521fe8f4db,8.271283231070479,0,1,9,back,65.10993209443431,72.01249999999999,24.055,60.30660137660036,47.10055090152986,11.743349734418931,29.983062408191948,80.28900242808568,72.1508811227562,11.705898623399627,24.91194909847013,4.803330717833951,False,False
aff1f1fc-c4cc-4f46-84dd-4a0fb84e4ca7,5.330804361171256,0,3,9,back,56.68424660904678,61.95,66.13,60.32648421508245,48.912639247198896,9.394786219330449,16.820262394652623,72.0747318259537,67.61851078259167,1.6235157849175508,13.037360752801106,-3.642237606035671,False,False
b05da800-86d1-4d42-a77b-a24f9ec411b2,17.30431994652206,0,0,9,back,73.78533360935968,90.3875,42.415,67.10402407700559,52.085563937475314,7.00790383906984,21.282597158308747,90.38749933242798,76.60254089916339,23.283475922994413,38.30193606252469,6.681309532354092,False,False
b0991d67-27d0-4bc5-ba2d-e73054c384b9,2.1218699759912343,2,3,9,back,67.77924048116304,67.1125,49.895,64.1098318429447,48.01375696471487,22.726705430157818,34.112150558493965,78.27661607735956,69.91918317660799,3.0026681570552967,19.098743035285125,3.669408638218343,True,True
b0abacac-5e23-4748-9fee-936537f5e8a1,2.654097149976824,1,4,9,back,67.6210344242448,69.0375,32.3,68.61024000576549,55.504662263779394,9.654605057948302,20.658555164512045,77.99304705795174,70.51532074726461,0.4272599942345039,13.5328377362206,-0.989205581520693,True,True
b0d5229f-336c-48eb-a9c1-1a39f6b3eeea,12.328142415285477,0,0,9,back,76.54478435315839,80.9375,34.85,69.70545572829288,52.20927017905116,10.87874272184348,27.027877436563085,80.9375,77.20568635019504,11.232044271707124,28.72822982094884,6.839328624865516,False,False
b0ebcf2e-d041-4764-9d04-2fe17521f16d,12.59972227514716,0,0,9,back,78.57388778020967,66.5,48.705,77.14500373889055,54.80142673579264,5.931597444751688,18.019941824289997,88.19211792852816,81.71380548829254,-10.645003738890551,11.698573264207361,1.4288840413191224,False,False
b0fb1131-8ef7-4e6e-aa76-6f774466df29,8.084753416443752,0,2,9,back,69.91944756376554,72.7125,47.005,62.93320455366273,48.542151814597815,10.300690014151703,32.10981618157375,78.72694954315043,74.1516592834217,9.779295446337272,24.17034818540219,6.986243010102811,False,False
b1256fa4-7141-4b16-acfc-ccedf7651a00,8.22077751224003,0,2,9,back,68.50229397883298,75.25,10.455,66.15816259529419,51.63349599779159,17.744354951240993,34.14215923395032,79.80353901291369,73.22556547103257,9.091837404705814,23.61650400220841,2.3441313835387945,False,False
b1738ff1-ef1c-48a5-8436-064d0bbd3de5,4.557315091774087,1,1,9,back,65.41471456821166,68.6,3.57,65.79772181466089,49.77179068226984,19.300056616494373,41.12374441197687,81.7447800846227,73.67692366126047,2.802278185339105,18.828209317730156,-0.3830072464492247,True,False
b19ee55c-ab2a-4282-9711-db73fb3852d3,2.318053897499884,1,3,8,back,65.23389091858903,65.8,36.975,62.727101324959264,50.08188501756292,14.617051072554894,34.44369668974155,75.38543642712278,70.36183068951033,3.072898675040733,15.71811498243708,2.5067895936297617,True,True
b19f6b19-74f6-47c3-9162-c44523dcb6f3,1.1059807596709403,2,7,9,mid,54.35510903514504,55.125,13.939999999999998,62.37334929944872,51.38372246476446,9.851318443734463,18.492380566643,74.26930083864927,69.15607172622839,-7.248349299448719,3.7412775352355396,-8.018240264303678,True,True
b1c96c42-50b7-4303-9d7c-f917204dee2d,1.9270154986978534,1,2,8,back,69.54451061912542,71.4,40.375,60.47753541063973,43.54891544837293,11.318462914325252,21.080076014083858,71.39999866485596,65.63845805996051,10.922464589360274,27.851084551627075,9.066975208485687,True,True
b1d44827-142d-4a12-aa35-6eddb5238bb4,2.7982285649027725,1,1,9,mid,53.737338733174305,54.425,40.375,69.73229665124798,51.94763978496203,10.467483497327413,27.331166730981145,80.50838012918327,75.65051665161084,-15.307296651247981,2.4773602150379688,-15.994957918073673,True,True
b1e1fa70-99ab-4f79-b3ae-5577fd56ede8,1.1620223923530186,3,5,8,back,86.07121293356809,84.9625,20.145,84.94576160056874,71.30743080775233,7.633574363979854,14.373968016481747,89.30133599611689,87.9774422608985,0.01673839943126154,13.65506919224768,1.1254513329993472,True,True
b20424e3-02eb-49a9-90bc-8820df8f4bcc,7.682096808776697,0,3,9,back,87.30390056638643,80.5,33.575,82.20268626981598,68.0302857875595,12.00831716125134,29.289817174035143,90.01284597295464,87.39706146451141,-1.7026862698159846,12.469714212440493,5.101214296570447,False,False
b2070de2-a7b7-4ae5-9f00-d52d7b0dc2ca,11.403157233699986,0,0,9,back,67.41882095656534,73.9375,18.955,60.16664501538871,50.17126417325679,12.62314864938546,32.26256126221931,77.16692773702738,72.42030486970671,13.77085498461129,23.766235826743213,7.252175941176631,False,False
b2111120-443a-4e30-92bc-b76c8d19697e,0.27687914405625663,1,3,9,mid,68.71554928817318,68.8625,29.495,84.03292805670642,62.95094333475727,3.9123482768359104,12.115381095904947,97.85609690586985,87.03647920955297,-15.170428056706427,5.911556665242728,-15.317378768533246,True,True
b2312ef5-0d36-4d17-aefe-9aebab2d6334,2.737065996689131,3,5,9,back,72.71071221783649,74.63749999999999,31.79,78.44676569414656,66.27791094746054,6.095285472440725,11.145115932237736,88.58452065809897,85.34325466312812,-3.809265694146575,8.359589052539448,-5.736053476310076,True,True
b23220bc-2953-452c-bed4-d1682e8e2ca8,2.142572271236152,1,2,9,back,79.98678599950611,79.8,43.69,75.90513064278929,60.75436104292129,9.199543449138936,18.065841603291872,87.47409282470093,83.54838565865904,3.894869357210709,19.045638957078708,4.081655356716823,True,True
b247c20b-357c-4ce2-89f3-f99e61d1452e,3.056852156004511,2,3,9,back,59.94460781108773,63.0,16.405,60.38756218580291,48.48284794423698,7.866100419280052,18.705725424175863,75.08349511553126,68.4103364563382,2.6124378141970865,14.51715205576302,-0.4429543747151854,True,False
b24d24b3-1e19-43ad-aa38-21599e96dded,12.801321741016055,0,0,9,back,83.00758903194549,85.1375,27.54,72.25822530016352,55.06387654778713,10.236115671533383,25.92066420806166,90.67726995740121,82.37045953782375,12.879274699836486,30.07362345221287,10.749363731781969,False,False
b26b0075-628f-4d36-878e-c22b657985e3,2.9486932934665444,1,3,9,mid,71.07780214382475,73.5,7.31,79.49884757927036,64.27972694288613,12.134007197871002,19.6987437959354,86.04880888452524,81.77554913834312,-5.998847579270361,9.220273057113872,-8.421045435445606,True,True
b27cef46-de73-486d-ac1e-5fcafd32661c,1.863748679699632,1,2,9,mid,66.403074347303,68.25,64.09,85.25509772292524,61.2261491439606,25.726023341856397,42.87980951268408,91.67512236948674,88.04243692343701,-17.005097722925242,7.023850856039402,-18.852023375622238,True,True
b2804f01-809a-410f-a90a-ce11cd653c5f,15.321150592055155,0,0,8,back,76.55498198523341,91.875,36.21,67.66387085405216,48.65108767415038,11.381289397614957,26.156042476469523,91.875,81.72827749373914,24.211129145947837,43.22391232584962,8.891111131181248,False,False
b2aa4de5-1d86-4da7-a49a-a2504f0383cc,5.665447125659753,0,1,9,back,71.91135394281095,77.525,35.785000000000004,62.87003394353292,47.089031809099254,12.989014453799683,38.12839146458191,77.9196352285812,72.29407969385437,14.654966056467089,30.435968190900752,9.04131999927803,False,False
b31e2b0a-c4bc-44d0-a799-bcc4efd1752f,2.7069807313068113,1,2,8,back,88.76921446705578,89.8625,64.345,87.01631837333639,68.86787938923703,8.548514096683135,19.211278028529087,97.33632207281634,93.38486255154625,2.8461816266636077,20.994620610762965,1.7528960937193858,True,True
b32c1222-f9cd-49fd-8af3-b512dbb1d61e,5.250226651352236,0,2,9,back,68.75737011193858,73.32499999999999,65.19500000000001,73.19491936385214,52.99922458350932,15.366227380318598,36.16422178356262,74.95023066818328,71.9936004370378,0.13008063614785215,20.32577541649067,-4.437549251913552,False,False
b32cc732-4237-4285-81b9-5be80d57acf4,3.644814430894908,1,1,8,mid,52.539745619064206,55.7375,2.72,67.5876537100425,52.05282295662067,15.727226920311232,38.72105920382887,75.27519480850624,67.02372305692028,-11.850153710042505,3.684677043379324,-15.047908090978297,True,False
b34876a3-2940-4138-b2ce-12b983fc259b,3.382925080561549,1,3,9,back,70.38892277898307,72.5375,56.865,72.77407748901771,54.08150471447764,16.27412383680221,34.780501660995874,79.785115999675,76.7733378817832,-0.23657748901771924,18.455995285522356,-2.385154710034641,True,False
b39b5fc8-7cec-4bb1-af8d-edad16df166d,0.6883731252283405,2,4,8,back,85.75732104781214,86.3625,16.66,87.51531187708372,75.86459406137044,8.37085323118206,19.92736306397103,91.15425613354932,90.34075464243467,-1.152811877083721,10.497905938629557,-1.7579908292715771,True,True
b3d6b512-edf0-4b1a-ac19-72f681b5c9dc,2.0510321217559713,1,3,9,mid,53.53728493194534,52.4125,19.975,62.90465642407973,45.331705641118035,10.647539106747088,27.37871444477326,73.18031726382034,70.1364611079566,-10.492156424079731,7.080794358881967,-9.367371492134396,True,True
b3ed7d3b-658a-48f9-8abc-ade1a3481af2,3.199559801822538,1,1,9,back,73.33306813600684,74.19999999999999,58.565000000000005,75.23007551901968,63.29288987164834,10.052213514361902,30.96320424163316,84.84019504927932,83.29234863130833,-1.0300755190196895,10.907110128351647,-1.8970073830128342,True,False
b41c1ca7-78fe-4101-84bf-b4d5a35b23d8,0.9850712729086769,1,1,9,back,57.96607156681865,58.625,48.96,65.15226316739049,49.81867243031769,18.094443546589783,35.244300882932976,77.79677457530568,73.53571913319584,-6.527263167390487,8.80632756968231,-7.1861916005718385,True,True
b41d0fa2-0c91-4f9e-ad2f-7c70593a4951,0.7737957199899465,3,3,8,mid,54.49498948155417,55.125,46.665,59.95009767892898,48.9094749987352,6.127119206324935,20.56624078610556,72.22090181928453,69.64697387467191,-4.825097678928977,6.215525001264801,-5.4551081973748055,True,True
b42a8122-7ef4-4608-b0f1-cd5538bf4c36,6.898756788806502,0,1,9,back,62.49034173184692,63.175,1.4449999999999998,70.0589469898609,50.54854846506775,16.909362380541182,39.40811661553343,84.05145393162599,73.60977553851299,-6.8839469898609025,12.626451534932244,-7.5686052580139815,False,False
b448e7b7-92a9-4698-b68b-63dbd101697d,4.575104325736394,1,1,9,back,65.16115798352865,68.95,1.4449999999999998,63.16742488049151,48.232866895541875,14.473640458471472,32.6309572146912,78.72662225521384,71.41414162761758,5.782575119508493,20.717133104458128,1.993733103037144,True,False
b4699011-3175-40a5-8f71-a436454c054b,15.261678180322347,0,0,8,back,67.3277932697759,79.3625,11.475,63.14830948253227,48.78982384401795,14.636352574654222,34.63413360237317,86.02415120955791,79.05717859436623,16.214190517467728,30.572676155982045,4.179483787243626,False,False
b477ca2c-b353-4386-b8af-d0e9afa19e89,5.6549701756916795,0,1,9,back,72.07735028664209,72.5375,3.995,71.63526132373505,52.96544954705248,11.764565545616096,39.83930378528916,85.48458444644285,81.04820228693603,0.9022386762649433,19.572050452947515,0.4420889629070359,False,False
b47ee0d6-e7e0-4c8e-b1db-fe989812ceca,1.6939600472886953,1,2,9,back,55.52679025410078,56.7875,66.13,63.94680193778361,50.44028741518093,17.795457600133204,31.78764436599227,68.75427300646868,64.53441737261439,-7.15930193778361,6.347212584819069,-8.42001168368283,True,True
b4963834-2581-46bd-86ce-955f160854da,5.509270474231119,0,3,9,mid,73.2809731637729,67.8125,19.295,83.21646687131438,67.92663000681259,16.581146805962184,41.39039135639875,90.4645487310852,87.58261411084212,-15.403966871314381,-0.11413000681258723,-9.935493707541482,False,False
b4f5fa7b-ad04-4275-962e-14dec26b968a,0.33021556046938255,2,6,9,back,67.32790111260903,67.025,17.255,66.52739963591013,56.373609082090134,6.4772281595170895,15.101329392961794,73.50558544046311,72.46402141861631,0.49760036408987673,10.651390917909872,0.8005014766988978,True,True
b513d1f0-ae30-4c32-a9ad-94d0559c716e,0.9099019768527603,1,4,9,mid,55.25634530230849,54.6875,60.945,64.11721589645819,49.94022623718858,20.27201431375821,41.11816191583979,76.24273382851135,73.48922408856689,-9.429715896458191,4.747273762811417,-8.860870594149702,True,True
b5a30bf4-0579-43d0-9e97-9261bb0a472b,2.322885450421306,1,3,8,back,66.70853335460929,67.9,64.005,65.85001468160311,54.64723324675223,8.435688641845388,15.202272815248564,94.71265779633154,80.28908104006797,2.0499853183968924,13.252766753247776,0.8585186730061736,True,True
b5f7643d-7e02-493b-9091-80d23e581c77,2.358968806188767,2,2,9,back,61.129173921814754,58.8875,13.345,70.82565141995592,51.81414106927299,14.447637237876036,37.60152314571774,86.72499209425166,77.21300612949153,-11.938151419955915,7.073358930727011,-9.696477498141164,True,True
b5f93fb1-74fe-457b-93ff-b7db210f1cbf,1.8903029154532818,1,1,8,mid,55.60515117161261,55.5625,44.88,70.41645249518969,54.5535090748237,24.599338991805254,36.93479159093957,83.55375014529639,74.24059379784443,-14.853952495189688,1.008990925176299,-14.811301323577077,True,True
b64f2865-b14d-412c-b6f8-9744cfe27764,1.1546829775198926,1,2,9,back,60.18574671588642,61.075,1.53,60.9592933675411,47.49339116877868,15.399038227321464,31.735370093746173,61.07499933242798,55.80378269373893,0.11570663245890245,13.581608831221324,-0.7735466516546836,True,True
b664a790-72e9-48d4-a1f1-eb7ea80a9913,15.13900032610811,0,0,9,back,73.10447518680029,86.45,35.275,66.07137486203848,52.30597489823425,10.392651781319977,25.0986168672274,86.44999933242798,78.55418632832895,20.37862513796152,34.144025101765756,7.033100324761804,False,False
b67eefb1-f627-4a36-85fb-82159bc0ddc8,6.103524740999056,0,3,8,mid,50.22245726281232,55.9125,56.1,65.61590361057952,50.19706460693083,18.510397895264983,35.69833432802122,78.0953089213524,68.72252295484094,-9.703403610579521,5.715435393069171,-15.393446347767203,False,False
b6d2ad59-442d-4dec-bf46-0c2b54dd3dae,5.601985233219919,0,1,9,back,73.04555271383262,75.3375,18.955,59.614043552445075,44.82572905664424,13.39240723464414,33.298712265344555,88.625493994885,75.43495188251576,15.72345644755493,30.511770943355764,13.431509161387545,False,False
b6d48614-7587-4e7e-9c97-c33cabc2c015,12.075019749467923,0,0,8,back,78.49947637655809,90.5625,19.89,76.14110720284769,59.34826148710246,10.155037086127445,27.87630375772433,94.86822829515208,88.80291070737044,14.421392797152308,31.214238512897538,2.3583691737104004,False,False
b743881d-f72d-415c-9dc8-37ffa5b3800d,2.7783674752821685,3,3,9,back,62.80314170086592,65.275,47.43,61.36527570527251,44.61371989325448,14.792862406841843,22.80665764065604,79.8784653459016,70.84579648775868,3.9097242947274964,20.661280106745522,1.4378659955934125,True,True
b76f3cd4-6447-4515-b5cc-1ba19f67ed7e,0.9120029175377835,2,4,9,mid,60.64648777172771,60.025,7.225,67.54445829333804,55.41304666202529,9.992259112105437,28.380367940369425,79.021305736833,73.9289131363731,-7.51945829333804,4.611953337974711,-6.8979705216103255,True,True
b7973856-590b-4026-ba81-0d59146c8334,2.084532744790803,2,5,9,mid,58.46863210812838,60.025,17.255,71.76022000584048,59.49104783159686,6.223708222493897,12.76578353216996,79.09415232003317,77.55967958584719,-11.735220005840482,0.5339521684031396,-13.291587897712098,True,True
b7fdb892-7259-45a0-8f6a-f4355a2c99f9,0.6695741101919223,1,1,8,mid,68.53476854135235,69.125,3.74,77.89616672893956,65.30737997441094,15.6653435894371,35.78637305763648,92.91874329460563,85.57349522981674,-8.771166728939562,3.817620025589065,-9.361398187587213,True,True
b8041265-a0f2-4ba5-aeca-25249489ef35,26.643555421018885,0,0,9,mid,49.93651430821945,42.78750000000001,0.765,64.70327243325241,53.003030974233326,16.251932468075353,39.93370185518317,66.79416289123245,59.87684150617041,-21.9157724332524,-10.215530974233317,-14.766758125032958,False,False
b854ce8c-282b-45b1-9caf-53b59b48a905,6.163418397953971,0,2,8,back,52.52779137008672,57.3125,57.205,62.8756097306718,49.59647499281768,18.97233930720253,31.77020577965113,81.52649018891941,70.80447539193372,-5.563109730671798,7.716025007182317,-10.34781836058508,False,False
b8a00f41-ff85-43eb-addb-2a9d22523efa,0.8352581033804121,1,2,8,back,73.10432153341867,72.275,56.355,70.20916841066405,55.23744157166706,7.150404442049783,19.16748329968968,87.9827688478362,81.04458770397758,2.065831589335957,17.037558428332943,2.8951531227546212,True,True
b8b81bf8-7d0c-44b8-ab22-8bc6caa6652a,2.224157292379685,1,2,9,mid,52.82648615872811,54.95,53.125,72.00405787140096,57.46389865343704,8.553723090516183,24.923049314672028,83.87641865445171,80.39123572116458,-17.054057871400957,-2.513898653437039,-19.17757171267285,True,True
b8ff22a2-b412-4055-90bd-052598ede87c,1.1719661274361965,1,1,8,back,68.14910615379159,69.3,2.635,75.69339291622862,56.22594471464637,13.90424614226517,29.37864162130005,88.61458524079976,75.67134960745406,-6.3933929162286205,13.07405528535363,-7.544286762437025,True,True
b945b91f-6569-4dd5-90a6-4e15498f4039,5.6108383063114,0,2,9,back,76.20258354155544,81.8125,8.84,72.79004278991123,54.83568962964236,20.34761321216269,38.28613490597353,81.8125,75.21363048649178,9.022457210088774,26.97681037035764,3.412540751644215,False,False
b966347e-8aae-465f-b994-d021647b9c9e,6.33181816018628,0,1,9,back,67.34479453273164,73.675,43.86,63.56778672242831,52.1602540952657,11.174977460577727,34.36364854417827,77.96369342839729,71.6833732340331,10.107213277571688,21.514745904734298,3.7770078103033313,False,False
b96a1d27-57de-4880-b373-377feecb55a2,7.5871210226421475,0,1,9,back,70.96879943106761,78.1375,45.05,70.70428925461151,54.9025461424,11.130599513602956,33.20361790153628,78.13749933242798,74.22662884255806,7.433210745388493,23.234953857600004,0.2645101764560991,False,False
b98e7131-754c-48e2-9b0a-9d2214eb01a6,4.086423624562419,1,1,9,back,77.77698147279801,80.2375,65.62,74.94437059460387,56.394599860276344,16.450967983101215,30.978126032246088,88.14715832311549,81.8619694041335,5.2931294053961295,23.842900139723653,2.8326108781941457,True,False
b9a83a10-ca01-47cf-960b-1529edaca060,1.063706284171447,1,2,9,mid,52.57301355588301,52.9375,1.7,64.29290603577836,51.62677703857208,17.297007435707872,43.77744884393648,68.55851417331434,60.47831582883076,-11.355406035778358,1.3107229614279206,-11.71989247989535,True,True
b9c675ae-cc65-4d49-8abd-8dadd757a1f8,5.857704328839188,0,1,8,back,51.33744270494771,56.0,62.13499999999999,60.40938283050154,43.59851759425394,8.572991718079948,20.649256351130887,57.3389220040282,54.81571414171174,-4.409382830501542,12.401482405746059,-9.07194012555383,False,False
b9e2c9bb-e275-4245-9e1f-4cdb1270a4cc,3.668021298844309,1,3,9,mid,52.42151206149832,55.5625,51.765,72.08470947052479,56.409843254367274,11.652607723439644,28.998244753942657,79.02162600296445,77.44747685463432,-16.522209470524786,-0.8473432543672743,-19.663197409026466,True,False
ba330ef2-51d4-4232-9411-a7e6ed56983f,6.265728976304451,0,1,9,mid,54.03808577057496,54.3375,3.995,68.82065771527341,55.31184196323993,10.479396560143506,35.73389069882247,81.8543978981645,76.57143848696876,-14.483157715273414,-0.9743419632399295,-14.782571944698454,False,False
ba33e539-3c8a-4944-a8ea-a2315a7f5045,9.886686044769952,0,1,8,back,70.65756961157891,80.4125,13.26,64.13060140938762,55.51760994817764,14.751656581242806,36.47559838483493,85.02294964143744,77.23105242097813,16.28189859061237,24.89489005182235,6.526968202191284,False,False
ba34938e-e055-4055-963f-a5d404c32c16,3.292095455029853,1,1,9,back,71.68638187293189,74.55,36.38,66.74513980529694,51.43593882217109,8.569910866470387,27.297960393139533,81.24025574243427,73.83070403656193,7.804860194703053,23.11406117782891,4.941242067634946,True,False
ba5f7c0e-5a9e-4c82-b811-dde989dd755e,2.824746644136373,2,4,9,back,65.88380227208233,63.875,50.405,61.73908860573391,51.911443563638066,8.107398287955533,21.33109747417809,76.69078953921336,70.81108378475004,2.1359113942660883,11.963556436361934,4.144713666348423,True,True
ba7716e6-a133-4f1c-9c50-bc282f6b8fa3,0.5517117239245419,1,1,9,mid,53.88688536256041,54.3375,9.605,68.91864428603967,56.207858466378745,17.903323762226407,28.93431213225673,82.58807839106578,75.5739218144061,-14.581144286039667,-1.8703584663787467,-15.031758923479252,True,True
ba8014e3-f27c-4900-8d66-376613c2d78f,2.1264924081486,1,2,9,mid,64.04928955534129,66.0625,11.985,88.24731212273701,73.30967765662947,10.330243525395575,35.7201912383322,101.66526831236307,92.42360318888561,-22.184812122737014,-7.247177656629475,-24.198022567395725,True,True
ba915bea-f420-4c16-bee9-6fc18b4e0110,3.312145964195076,1,3,8,mid,72.65388520631129,75.94999999999999,4.335,85.72803020624559,67.80369689874121,14.13294119942608,29.77811545902554,103.32832689499575,92.74241424605147,-9.778030206245603,8.14630310125878,-13.074144999934305,True,False
baa53f05-2cc6-4f4d-aa63-ef225bb40793,7.0965859574852725,0,1,9,back,93.45354185833688,86.3625,39.695,85.44250060257616,65.1857519491472,10.4863611452933,29.05879299873576,102.45118907540419,93.99968266154744,0.9199993974238367,21.176748050852794,8.011041255760716,False,False
bac1bc7e-ea35-46e9-89fb-ef93f3bd2799,26.144092223770862,0,0,8,back,63.51966446256836,46.1125,12.495,65.10938209035703,51.68925610387168,16.58369232854467,32.40639739541358,68.86170517096889,61.53281575120329,-18.996882090357033,-5.576756103871681,-1.5897176277886729,False,False
bad3d9a0-f100-4978-9aae-c13e7318b71c,8.05675974172854,0,3,8,back,56.23945678529924,49.6125,65.62,56.83099700438936,46.05550200536032,32.94423364428219,41.10666023767725,60.23194071624808,54.40635890961769,-7.218497004389363,3.55699799463968,-0.5915402190901204,False,False
bad41f14-83c5-4fd3-b2b9-191704c90e1f,1.6523997572297149,1,4,9,mid,60.42241498772809,61.95,23.885,72.90162473450074,60.65866456942182,3.64450797764292,10.15996189020851,98.33589747952736,85.40913112375029,-10.95162473450074,1.2913354305781795,-12.479209746772653,True,True
bae1d299-239c-486b-8eb9-c01f0fc6d32e,1.9682197858655148,1,3,9,back,69.61132437526845,69.9125,25.415,68.0617500175818,54.38750302419355,9.121217969858234,16.608110598790653,78.34026673012605,75.28714570170065,1.8507499824181934,15.524996975806445,1.5495743576866516,True,True
bae92196-1971-47f8-bcf5-443a2cff60dc,1.2901530004171908,1,2,9,back,73.0680747938616,74.2875,23.46,69.01316200668221,49.65216931615085,13.701926212964644,25.486648985453968,80.57762378515804,74.36766443514352,5.274337993317786,24.635330683849148,4.05491278717939,True,True
baeac1a0-87fb-4e62-bb26-9af3f475c69e,0.433372933658952,3,3,9,back,55.45110891699859,55.825,45.9,60.74582022896499,47.41105234710115,16.407021470021473,24.534639606288568,75.7047082982369,68.512877706439,-4.920820228964985,8.413947652898855,-5.294711311966395,True,True
baed9019-3f94-4c9b-8468-34be40081a61,1.2350813324878944,2,2,9,back,61.51567586624919,61.5125,43.605,61.50998634111029,47.10734254855571,8.250987024102976,23.451771476721696,79.20438920713403,69.86245432996768,0.0025136588897112233,14.405157451444296,0.005689525138897977,True,True
bb343553-0698-476c-84da-0050f9c88673,6.599732240731542,0,3,9,back,77.65870741859109,74.375,18.955,75.55737592862761,58.823174740202944,11.62561920236643,24.61970711634981,86.44209687421619,81.83997678034763,-1.1823759286276072,15.551825259797056,2.101331489963485,False,False
bb613d9e-9b71-4a21-81f6-abef672bd6d3,16.16137861335146,0,0,9,back,76.64997751409618,92.225,47.26,68.76441733722946,51.2695003655671,14.961416398073858,27.577927638822068,95.36505602442718,89.84867654279806,23.460582662770534,40.9554996344329,7.8855601768667185,False,False
bb96a29d-2fd6-4723-be38-78259dcc2cfc,6.829327002508336,0,3,9,back,70.61635106935373,63.7875,47.515,63.051310532581795,47.42854925556344,13.453215355657209,35.798481568242465,81.24391833648178,70.36159663394807,0.7361894674182068,16.358950744436562,7.565040536771932,False,False
bbb7a3dd-31c1-4438-8c7e-76a827d226ee,4.2955865924653445,1,1,9,mid,62.815999462046825,61.8625,23.29,73.52293144061898,54.9434224392353,8.360086881096706,15.940724604802217,78.12916485320802,75.843752466166,-11.660431440618979,6.919077560764698,-10.70693197857215,True,False
bbcc4450-4377-49c5-bf35-13b81221938a,13.699166059687487,0,0,9,back,92.06671087495724,101.85,42.245000000000005,81.73691078329938,58.09329303198552,15.32232857972873,23.047601133356043,101.8500000834465,91.28651463847214,20.113089216700615,43.75670696801448,10.329800091657859,False,False
bbddae1f-1163-495e-bcdf-07a6a2183386,1.4371999454095754,3,3,8,back,52.11562367594293,53.55,62.30499999999999,57.66020256554155,47.15649503610721,21.87521943128068,34.112307434361966,70.44903303881502,64.35796604666744,-4.110202565541556,6.393504963892788,-5.544578889598625,True,True
bbe1b2a0-a59d-4d8d-a451-066dd784885f,6.795692189573134,0,1,9,back,59.06223295963072,61.8625,26.18,65.49722537899979,48.4642388981766,16.23638948674839,40.41928578200457,74.54812300111723,70.69733869879715,-3.6347253789997893,13.398261101823394,-6.434992419369067,False,False
bbe26051-badf-4910-9026-9e5c7527d84f,18.3310297807338,0,0,8,back,75.27172278657395,91.525,39.95,69.69376889467237,56.06493690585313,14.865969058113675,42.14379872219375,91.52500033378601,81.56514111748204,21.831231105327632,35.460063094146875,5.577953891901572,False,False
bbe8ea6a-cc01-4e00-ab2a-44648f509c54,3.1072074512903476,1,3,9,back,69.06708746011878,67.8125,2.635,66.97695182631213,55.31940033843422,14.529588432972805,32.957196256728395,81.00021743862402,75.1061994712878,0.8355481736878687,12.493099661565779,2.0901356338066535,True,False
bbf0483e-27ad-4878-8883-1ba13a85b3ad,3.917614949020988,2,2,8,back,83.67092513547524,87.5875,46.92,87.23229353225393,70.91803349200778,17.65898418943778,34.822502270226025,94.90608110897655,88.32803964440271,0.355206467746072,16.669466507992226,-3.5613683967786898,True,False
bc417d06-1043-4def-b33e-5151ef1b7c10,5.816386173206179,0,1,9,back,76.32055101590882,81.1125,48.11,69.77631708432574,47.85692457101854,11.912223954714364,38.604146833544206,88.02402864297633,82.22493465131774,11.336182915674257,33.25557542898146,6.544233931583079,False,False
bc60da9a-cefd-4084-bb3d-04d40c442f6c,0.22827682696021054,1,2,9,mid,40.45923809144392,40.6875,12.665,63.072260674118795,43.72797364508011,27.33501277466549,40.19927705804397,64.50642682150365,62.376844447222624,-22.384760674118795,-3.0404736450801124,-22.613022582674873,True,True
bc63db6a-8100-4aa0-a5d9-b4a2414814ba,39.21711640620686,0,0,9,mid,56.78547872674587,36.83749999999999,0.595,76.09383345932436,63.12056553394113,15.38451610467026,29.349136605277764,79.57092498715903,73.59653894176861,-39.25633345932437,-26.28306553394114,-19.308354732578486,False,False
bc6be404-65f8-4a2d-af70-4d442274366e,5.323708420761544,0,4,9,mid,61.76449758938291,67.025,57.205,69.94161840506652,56.18521289724307,14.579536556638224,39.51294166513756,83.17414191731993,74.6635289842414,-2.916618405066515,10.839787102756937,-8.177120815683608,False,False
bc82427c-66b5-4488-b490-030744cbf6a6,3.120586757693279,1,1,9,back,55.96517616678646,53.4625,42.5,62.56746628674308,46.949929200006935,17.287208211373148,25.79129745111659,72.61047329407039,67.94897631647471,-9.104966286743078,6.512570799993064,-6.6022901199566135,True,False
bc9a25b5-b8a3-4175-a1fe-088cd7507a2b,6.630566825723139,0,1,9,mid,57.2326596992867,61.1625,11.39,67.27769218953424,57.50607898486433,9.334925035388975,21.30465501987761,78.74672854127513,72.236918561617,-6.115192189534234,3.6564210151356704,-10.045032490247536,False,False
bca14338-bcc4-4485-9563-326e380e6172,3.623677483756772,2,3,8,back,82.93283922320731,80.15,9.435,77.34011434448279,57.55595251275371,14.535223875755126,24.419043879324736,87.69236912721544,83.08178094127713,2.8098856555172205,22.594047487246293,5.592724878724525,True,False
bca850a6-e2fa-4880-8127-d1fe12efdf9a,6.306255602934681,0,1,9,back,70.22884104784191,75.775,18.955,64.51519093581611,47.51052876350378,12.970895865995352,38.31183529961494,80.26383262597119,74.7212954225068,11.259809064183898,28.264471236496227,5.713650112025803,False,False
bd4a636e-482e-4b38-a75e-f873467648eb,1.558140342006408,1,4,8,back,61.74917255526608,61.8625,47.175,65.15407119192453,53.57273202964086,19.06491695080841,36.66244694382395,75.3950447697676,73.50661568953778,-3.2915711919245325,8.289767970359136,-3.4048986366584515,True,True
bdc18bb0-3fde-45db-9663-3b983a807545,2.831020243946611,1,2,9,back,58.05602707375736,60.6375,7.905,60.3888479285943,46.96488793753694,21.945245989697707,33.247082173223134,70.05620287691747,64.25141578151054,0.24865207140570078,13.67261206246306,-2.332820854836939,True,True
bdcf1df1-fde8-438b-9cd5-32deb530bd77,7.0997588295007485,0,1,9,back,68.32323806919845,74.9,20.91,61.85034268468384,45.77089713803158,12.05395618778268,32.76452261824905,74.90862472472384,69.86478466666297,13.049657315316168,29.129102861968427,6.472895384514615,False,False
bdd93e87-72c1-4227-b4d7-d2df5b45a841,3.0500915837058837,2,2,8,back,62.31818943352905,64.75,1.53,67.56651033134744,51.16305760347537,16.095622202219843,38.1811829567374,80.93928839155862,72.34721771554476,-2.8165103313474447,13.586942396524627,-5.248320897818395,True,False
be139595-4116-402d-ad3f-b6a237450a9c,1.6066308416802466,1,4,9,back,66.75974820408646,68.075,33.15,66.86572685244782,53.729576649245345,12.856089561987766,29.367952123397707,77.21200253417493,72.8256962138028,1.2092731475521816,14.345423350754658,-0.10597864836135784,True,True
be327817-b986-430e-a567-5d32d901b7c2,2.6850389793780756,1,1,9,back,76.81526694153837,77.7,43.86,64.56921896273417,48.68892795822628,12.47976547755714,32.988186159041064,78.3384888069958,75.57490156253961,13.130781037265834,29.011072041773723,12.2460479788042,True,True
be9edf41-3240-4048-a527-765fb13951bc,10.535897174238206,0,0,9,back,81.31716369550472,90.125,33.065,66.71835260987764,53.33588110440327,12.376039604784474,34.65909872102819,90.125,83.36419143121992,23.40664739012236,36.78911889559673,14.598811085627077,False,False
beb7fdc5-9caa-47fa-a232-7a42bfa3949d,1.5172075042189475,1,3,9,back,68.15988745857322,66.9375,52.02,66.92957283889386,51.655610288904946,8.291245033396827,24.09642511947496,73.84849768173669,70.40404273155032,0.00792716110613867,15.281889711095054,1.230314619679362,True,True
bebd96e2-1e2e-4a18-b052-57e38f7014ff,6.627444718706804,0,2,9,back,66.09396925227304,69.65,66.97999999999999,64.78641508334765,48.1334804494355,12.24387253620078,33.70456758480752,69.64999866485596,64.15044550499458,4.863584916652357,21.516519550564503,1.3075541689253924,False,False
beef27bf-9eaf-4176-984f-a51a6803a2cc,4.015289393601203,1,2,9,back,62.20859980743515,66.0625,39.695,70.27941424172995,53.81482655583808,10.141235103776616,20.84447046091466,76.94222357685813,72.14476955203702,-4.2169142417299526,12.247673444161919,-8.070814434294803,True,False
bf0092bd-b044-4397-a154-bbeda9b89b60,3.8467712555238727,1,2,9,back,67.58576294371251,66.85,6.375,72.46647383390206,53.918653044779035,22.307133118983025,32.90881547307528,83.77591450340026,75.47818938009672,-5.616473833902063,12.93134695522096,-4.8807108901895475,True,False
bf0d2f49-5629-4a57-b7aa-e3e0d3b422c7,7.816625837636947,0,3,9,back,66.83205932340323,74.63749999999999,53.295,66.08636348673676,48.25994580816048,12.686338481687676,29.31995470614169,75.78736707183165,73.21755906532539,8.55113651326323,26.377554191839508,0.7456958366664708,False,False
bf0feb14-febe-4a80-80d1-5dbf4082cd74,3.0236185067144032,1,2,9,back,72.86531318736348,74.9875,63.24,71.62208698860087,53.7633398205749,24.02572677956536,40.02442261860229,89.23558152698645,80.2302190298898,3.365413011399127,21.2241601794251,1.2432261987626134,True,False
bf1956db-7aba-43d6-a270-602546f838c7,16.128439444019243,0,0,9,back,72.14678933743312,86.5375,25.415,62.20794034656168,49.77225309958472,13.193491100630588,29.360210623952558,86.53749966621399,75.68594509553735,24.329559653438317,36.76524690041528,9.938848990871442,False,False
bf3debde-a100-4874-bf5a-1a290125869e,13.088237100771305,0,0,9,back,86.66040528228537,87.85,23.63,76.55644843851235,55.311901120248464,15.339563674707744,35.51933788907111,91.12709733479177,86.74555120219796,11.293551561487646,32.53809887975153,10.10395684377302,False,False
bfa61be9-cf77-482e-84e2-0c71df4a222a,6.829327002508336,0,3,9,back,70.61635106935373,63.7875,47.515,63.051310532581795,47.42854925556344,13.453215355657209,35.798481568242465,81.24391833648178,70.36159663394807,0.7361894674182068,16.358950744436562,7.565040536771932,False,False
bfbcc743-7b23-4237-a39d-df9ce5d54d02,1.8298415864108861,2,2,8,back,75.73517998889814,76.82499999999999,60.35,81.87476596276657,63.12887496592119,13.443030963360222,38.43519093527948,89.73795272164698,86.7967783268202,-5.049765962766585,13.696125034078797,-6.139585973868435,True,True
bfd955a3-abbd-41cf-be19-5040e3536986,6.7744811485085314,0,3,8,back,62.80362073245539,58.1,21.08,58.83229493366425,44.717820886266736,15.741538461646169,31.390907834825768,66.39898149798194,58.89423314444935,-0.7322949336642495,13.382179113733265,3.971325798791142,False,False
c02e78d8-111c-4cdc-98fd-717833a28a89,12.346459325189931,0,0,8,back,68.21365115894807,67.9875,5.015000000000001,67.78298649469393,51.82459171154019,22.066581845685832,32.285101304829425,73.85605689197311,71.04955336936298,0.2045135053060676,16.16290828845981,0.4306646642541381,False,False
c03a192a-32d7-4524-9367-a6f34828dc05,17.819383537242356,0,0,9,back,67.41371301005836,81.9875,8.33,66.46771909774787,49.16225820876339,12.91266326779757,36.98520413912141,88.10129858618458,77.42585832375885,15.519780902252123,32.82524179123661,0.9459939123104846,False,False
c0726db9-8c78-4bee-b04e-1cd8da8ef47c,5.4367721938201115,0,2,9,back,78.14215955887755,81.9,63.325,80.99374418308048,55.57492093532332,10.285263151673725,29.14162049647672,103.53669144486123,92.86228869937963,0.9062558169195256,26.325079064676686,-2.8515846242029284,False,False
c072efe1-3295-458e-b708-93172c0dd6f0,7.948742252008406,0,1,9,back,60.55579726265199,67.2875,31.195,58.12401324764363,45.59013032219371,11.632164829329184,28.154254516431152,71.57984142913946,67.63530652203052,9.163486752356363,21.697369677806286,2.431784015008361,False,False
c0749df0-8456-4c9b-b253-e753e5f502d2,2.631353636710358,1,4,9,back,65.78203879732354,66.9375,24.48,66.09358728375484,50.70576487288376,14.70295401354943,32.05580328283033,74.08916787280556,67.7215311110667,0.843912716245157,16.231735127116238,-0.31154848643130606,True,True
c07e989b-2cd4-420f-91a6-43f298b19d20,0.6822662756553733,2,4,9,mid,53.14621700738777,53.8125,24.055,71.53638590283686,56.084718989090035,13.813321373402964,34.06963309397434,82.8584301206362,79.73904199185662,-17.723885902836855,-2.2722189890900353,-18.390168895449087,True,True
c0b832d2-7a68-467f-b9ee-51bd07bf171e,4.2254922998108855,1,1,9,back,81.45901344074275,84.9625,31.025,74.56506720524719,55.43949998305478,8.708561209199935,22.0705216708384,84.96250033378601,79.34041466704558,10.397432794752817,29.523000016945225,6.893946235495562,True,False
c1117cc3-3564-40ad-9828-fe905f3ec04b,3.980368845287246,1,3,9,back,69.32663230762171,65.8875,22.355,67.92655561108693,52.00295000558998,6.274666461618192,14.333874783751028,76.08664324687001,72.0766396230408,-2.0390556110869227,13.884549994410023,1.4000766965347822,True,False
c12acaac-4ab3-4f05-8846-b3fa592f7a79,7.583187279547633,0,2,8,back,55.58096712293726,56.0,16.744999999999997,56.107892464523616,46.99125234675444,7.960633371876199,18.998365080117637,67.41143099941051,62.8000483492288,-0.10789246452361567,9.008747653245557,-0.526925341586356,False,False
c151c0a2-f9de-478a-b384-651656d48817,12.644097555783173,0,0,9,back,65.51650954515827,77.7875,44.88,63.220909397269835,46.22413571582067,10.417241578324628,31.126809410661025,89.93765174084635,80.5646607914062,14.566590602730159,31.563364284179322,2.295600147888436,False,False
c174134d-1575-4dbc-bfc1-5571a276874b,16.067954115467778,0,0,9,back,75.69977443415112,91.7,23.715,66.87907899674764,52.12499714625121,16.496085163037296,34.427351829162404,91.700000166893,80.92636769958848,24.820921003252366,39.57500285374879,8.820695437403486,False,False
c186df98-e4e4-4f28-b2d8-559adf4a8594,17.237896589922997,0,0,9,mid,49.86777875744593,36.925,52.870000000000005,68.33054343483298,55.30114684820278,16.639256111046436,48.51944299744936,77.73829449471035,73.457232798767,-31.40554343483298,-18.37614684820278,-18.462764677387042,False,False
c1c7a59b-d6ac-46c3-a8f2-34c535a89944,2.0023705776721243,2,2,9,mid,61.83154745478551,63.6125,64.94,74.0601514930618,55.97098818943844,20.62779155349972,41.29709697263496,85.84881771872786,78.2333885776323,-10.447651493061798,7.6415118105615605,-12.228604038276288,True,True
c1dc9e4a-a8f1-4fda-836b-ce8ea50b608c,17.237155477623105,0,0,9,mid,58.88749933242798,46.02499999999999,39.78,73.49638870104756,62.27962754641947,10.593320579175987,27.393653834560265,74.50592628181644,70.46670071420697,-27.471388701047573,-16.254627546419478,-14.608889368619586,False,False
c1df574d-1e24-4fa2-8ecf-39c2eee52164,3.262511275518024,2,5,8,back,78.67511875126195,75.425,20.995,82.47917188532705,68.76768558784394,6.362369903364007,14.89521954428566,87.53090332015546,86.07089773943808,-7.054171885327051,6.657314412156055,-3.8040531340651,True,False
c1f14507-e682-415f-b27d-14f97b0056df,6.50195699237589,0,1,9,back,78.00444349563455,83.65,53.89,72.49328764236496,59.24894222101989,16.807806930963086,24.00234699884089,85.21128945269511,80.3092966013603,11.156712357635044,24.401057778980118,5.511155853269585,False,False
c258891d-e3f0-4740-bb24-fb0eb6d40be2,13.230938196211788,0,0,9,back,93.00018329188218,90.9125,46.24,77.35810655133598,57.64145520200084,15.286653351367612,38.28449997715475,99.75653762914118,88.97815201861584,13.554393448664015,33.27104479799915,15.642076740546202,False,False
c2aa81c3-3532-4567-b39c-df4467b57454,8.762279983995137,0,1,8,back,79.53497184543563,88.2875,61.795,82.66587042477347,61.93262861288962,16.91990941140544,44.06273889366717,99.166790789282,89.77931758318321,5.621629575226521,26.35487138711037,-3.1308985793378383,False,False
c2eadf99-4f4b-4122-8458-07d2c2245674,4.1103836999829975,1,2,9,back,61.7547667673116,65.7125,45.985,65.82138827609099,48.31847133944083,20.645285298596654,30.594085385162767,73.16792287646908,68.70692890642317,-0.10888827609097973,17.394028660559172,-4.066621508779384,True,False
c2f39f39-6864-45b8-9f36-5f535b528fe0,5.705532962029793,0,2,8,back,68.27615516279363,73.85,38.505,73.98169822491107,56.99400928539264,12.209986280883063,28.07402945807204,80.61435358424504,78.53816567660658,-0.13169822491107652,16.85599071460735,-5.705543062117442,False,False
c30102b7-efb8-4d90-876a-89c0e97803f8,6.34500701299868,0,1,8,back,84.40888514487469,78.225,13.77,75.372738364439,60.12750923994449,8.554626087793467,17.727137748589076,86.27852481829157,78.45169641449428,2.8522616355609927,18.097490760055507,9.036146780435686,False,False
c33c4e0d-fd0e-43cd-9e4c-6af62ea7800d,1.780616420292064,1,1,8,mid,59.42688129143849,58.8,66.3,70.57520850541786,50.39463717715494,16.39409992957411,35.32306593454604,85.7291862815531,74.5937106190832,-11.775208505417865,8.405362822845056,-11.148327213979371,True,True
c35c24f6-4b3e-4096-8cda-c6e40b324b3c,1.6412018787199716,1,1,9,back,90.22463071242613,89.8625,52.53,79.56526768523707,55.218227230669,19.1657957523786,32.16563619660954,90.67336979227721,86.32253434283243,10.297232314762923,34.644272769330996,10.659363027189059,True,True
c3802b5c-06c6-48d9-a480-fee83046d0c4,5.448111367047516,0,1,9,back,72.5716460375713,74.9875,13.345,68.58878581097557,53.04678008202639,8.183829592596695,24.970179749063018,82.77116006307767,75.11255946339162,6.398714189024432,21.94071991797361,3.982860226595733,False,False
c39b3d13-9815-49d1-9194-53b198da7ba6,7.228102649306799,0,1,8,back,50.777924673807384,57.3125,24.565,59.12379358019417,43.6950878729252,18.2595238980035,30.132939263365444,68.3121751788365,61.45630901268505,-1.8112935801941674,13.6174121270748,-8.345868906386784,False,False
c3c06fcc-dd68-4a21-91eb-8c6769e9eba0,6.656917066336941,0,1,9,back,77.59967309338262,83.65,53.89,72.27242340359236,59.44104993582114,16.978543131685175,23.808559154751496,85.6836348895909,80.26795615846447,11.37757659640765,24.208950064178865,5.327249689790264,False,False
c3cb90ab-99b1-4a7f-ad16-2e4f70bcfeb5,2.5817518086624385,1,1,8,back,99.87462148593775,102.2,17.085,93.62205319295951,70.05268945314197,10.289004865283031,31.364226963485876,104.06665444816731,100.91997734639847,8.57794680704049,32.14731054685804,6.252568292978239,True,True
c3d74d8a-9fdd-411c-adb5-a44968a904d6,1.9705477272069107,1,3,8,back,71.86166073238229,72.5375,11.05,80.10272904881818,65.48386558874705,14.487839190290934,27.23338506149323,88.01382031006754,84.58965689073788,-7.565229048818182,7.053634411252943,-8.241068316435886,True,True
c40a3158-824a-4bf2-a6a7-c1d11b768f59,6.195623802091254,0,1,9,back,76.51762837147396,81.375,42.245000000000005,62.56813808946553,48.28345350552168,13.248511783549688,34.92072490213655,88.62313230234577,80.01079903273654,18.806861910534472,33.09154649447832,13.949490282008433,False,False
c4121906-e577-46ad-aac3-6ce633886773,0.6523872455103674,1,2,9,back,69.79525282015042,69.2125,42.245000000000005,69.70887440912819,56.15006592668816,10.877212139230975,26.84824230506348,77.94722400214333,70.134808154555,-0.49637440912817965,13.062434073311849,0.08637841102223831,True,True
c41c4dc0-cf84-433b-9966-8899428e8b74,4.902071464810688,1,2,9,back,68.86698261652906,64.05,31.11,61.84187735055504,45.60707461696316,10.461320685350238,31.51502776034367,64.05000066757202,60.46540983811341,2.2081226494449595,18.442925383036837,7.02510526597402,True,False
c42ab5f7-3eda-4234-b8d3-7e0c26f85409,1.5723617692338563,2,3,8,back,52.49348717652179,53.025,58.565000000000005,58.39328274678875,46.23558470181393,7.201238970911376,14.919287906231553,71.9154332380728,62.637263620110446,-5.368282746788751,6.789415298186071,-5.89979557026696,True,True
c43aeb7c-373b-43b8-94d2-4d54165b119a,5.659850022136623,0,1,9,back,69.0870605822896,72.44999999999999,4.505,75.7096640554704,56.75619455586027,14.454900506616134,38.943925624500565,87.7563640758548,81.39072029022734,-3.2596640554704095,15.69380544413972,-6.622603473180803,False,False
c4540937-b206-49c9-8fde-66562249690a,3.2061407496666052,1,2,9,mid,54.097428712536434,57.225,14.025,62.61837949486715,44.83621396624525,19.25192733917496,31.58676071986409,71.70994537360514,66.19933035989038,-5.393379494867148,12.388786033754748,-8.520950782330715,True,False
c4559144-2db3-4d07-aea9-41fe424819f3,3.6251177881077163,1,3,9,mid,47.21374268808625,50.8375,40.63,62.65443568636855,48.28343694768416,25.2259111882245,32.349585092046226,73.73845299342281,65.51977756947755,-11.816935686368552,2.55406305231584,-15.440692998282302,True,False
c45d9e78-5ee1-48f6-b9bd-6947be6a2edb,1.6523997572297149,1,4,9,mid,60.42241498772809,61.95,23.885,72.90162473450074,60.65866456942182,3.64450797764292,10.15996189020851,98.33589747952736,85.40913112375029,-10.95162473450074,1.2913354305781795,-12.479209746772653,True,True
c46378b8-c3e9-4098-9571-82267db6f6b1,13.27379861253923,0,0,9,back,77.24655309529379,88.2875,36.975,65.57719811943511,47.4756456057932,9.10764563997918,25.040924684611507,88.28749966621399,77.2572639195814,22.710301880564884,40.8118543942068,11.669354975858681,False,False
c480d43c-2eae-4494-9eda-ad339f66fcb4,2.493487064354159,1,1,8,mid,64.90977814300498,67.2875,56.525,73.94026041611096,59.45152057989456,10.938031067982294,27.516611649215463,83.50985089835972,80.94196213666817,-6.652760416110965,7.835979420105431,-9.030482273105974,True,True
c4955045-7736-4011-8276-530bbf818925,15.689957825420496,0,0,9,back,85.9548789588266,101.5875,22.525,75.13424378336053,56.49349368641996,11.720376667430749,24.321466427561084,101.5874999165535,84.89508301494928,26.453256216639474,45.094006313580046,10.820635175466066,False,False
c4ae4a29-6961-4fc1-bce1-9133d0f319a5,10.50957592433509,0,0,9,back,72.79108853674073,83.3,45.22,68.54325507065714,53.71276487152149,11.715938707859408,29.56340732921364,83.30000066757202,76.5478659905373,14.756744929342858,29.587235128478504,4.247833466083591,False,False
c4c8cae1-7b75-4009-8309-ec0b2f20a45e,0.5913080695769138,1,2,8,back,66.8448736548937,66.5,33.915,63.242415372284,47.76928312088449,10.653574863293684,15.975914566472142,69.54784653412264,67.18812550411093,3.2575846277159997,18.730716879115512,3.602458282609703,True,True
c4d18f48-c1f5-49ec-820d-4077e6e80b6e,1.8406905646745684,1,4,8,back,81.30077794705029,83.0375,47.6,79.7317361011966,67.79576480871083,7.955653844694297,21.219501998990275,98.34506354615868,87.73124765194272,3.3057638988033915,15.241735191289166,1.5690418458536897,True,True
c4d6787d-96d4-4571-9596-b8b425e092fe,2.9855017966458544,1,2,9,mid,52.30110133223993,49.4375,24.65,72.46252785876823,52.32239392958708,17.54511049619098,36.78548415407557,80.9595394740097,71.57278305977633,-23.025027858768226,-2.8848939295870792,-20.161426526528295,True,True
c4f98051-dd87-444d-a418-715b48058f7a,2.7090667738258056,1,2,8,back,75.08778135312762,76.0375,32.895,67.45185339377667,54.82206072262844,12.510180244376324,24.84454368588744,79.88086655946502,75.70820106237379,8.585646606223321,21.21543927737155,7.635927959350951,True,True
c500af59-4de0-48ec-9351-53054a4ec5b0,18.006769436819418,0,0,8,back,69.01844900568022,86.625,25.755,65.8529904234656,56.748455447622206,12.918292169638509,37.08659907147832,86.625,79.88073239185697,20.7720095765344,29.876544552377794,3.165458582214626,False,False
c5090f71-ed4a-44be-80c2-ff6504bc5ab1,4.0223441343055315,1,1,9,back,73.65983935327904,76.3,7.225,69.38307698938874,54.448843623585006,14.389839698355956,37.44384610628767,76.30000066757202,70.10986045685158,6.9169230106112565,21.85115637641499,4.276762363890299,True,False
c5265ede-f6ab-4c4c-9ba2-f0cff4055c8c,1.0620565801210384,1,1,9,mid,48.39074088713206,49.2625,20.995,66.25894951798165,48.419119696623355,16.34933093141064,28.989364430674733,66.47043935739629,59.03215546701456,-16.996449517981645,0.843380303376648,-17.868208630849587,True,True
c567447a-df2c-42ce-ad7a-a04cc28a692c,13.36621768998133,0,0,9,back,65.76052831578068,72.7125,16.744999999999997,61.86519148673722,50.05182024561075,17.174176955352408,30.933522621784512,74.73933215209021,70.71014587955116,10.847308513262789,22.660679754389257,3.8953368290434582,False,False
c5679fc8-3575-466e-affc-6b548a3897d8,5.766897115778355,0,2,9,back,60.85879636066159,60.4625,61.03,58.80846917492144,47.78731070964224,13.143273948200296,27.352537501266887,74.01814431951726,66.67969024994946,1.6540308250785571,12.675189290357757,2.0503271857401515,False,False
c57e218c-8a68-437a-92a2-4dd1cd60ad34,2.889675783381665,1,3,9,back,65.54508816949985,67.1125,17.935000000000002,70.84042627551803,53.64153730023594,8.39090651806108,20.61689420972486,80.398864778922,77.649882291529,-3.72792627551803,13.470962699764058,-5.295338106018178,True,True
c593e3e3-b3d5-4ff1-99d1-c832baf15ee3,9.123883062290664,0,1,9,back,69.15972605035384,73.675,63.92,69.16012845232756,52.53777748344425,12.03605616726422,33.04022178928976,82.21226340317301,77.42679785684282,4.514871547672442,21.137222516555745,-0.0004024019737158824,False,False
c5b47fdf-0b0c-481b-a632-efd85a467e28,0.7624489732132095,1,1,8,back,84.96136980478144,85.225,12.835,78.10658290904789,59.08636694281648,13.787628450609414,31.77941434121548,89.62808397613573,84.6461173293961,7.118417090952107,26.13863305718351,6.854786895733554,True,True
c5f827b6-5a3b-495a-9dfe-9f03cb2b2eb8,16.100204488172075,0,0,9,back,74.07052285635082,89.775,31.96,66.92788704572682,50.931307359157486,11.390864404473518,24.39967813549675,89.77500033378601,76.82146175139522,22.847112954273186,38.84369264084252,7.142635810624,False,False
c64721ca-46cd-4368-9dcf-fed393019496,4.292752643139121,1,4,8,mid,59.96228444366332,61.425,47.345,69.15503266902999,57.28500668301067,17.565811066387802,32.089643170584935,75.49394408666652,71.73800634042159,-7.730032669029995,4.139993316989326,-9.192748225366671,True,False
c68f3e2b-79b6-409d-a673-1a41c3cbbf30,9.553854565176888,0,1,9,back,77.68738388491668,86.8,57.88499999999999,70.14416227195223,54.01344726171811,17.088406026271752,37.02952001983587,102.12754657428547,89.69327155315197,16.65583772804777,32.786552738281884,7.543221612964459,False,False
c6b17271-d21f-4f95-9133-16e68ff522ef,5.817385083572027,0,2,9,back,72.13766571193618,72.88749999999999,63.495,63.15010477752771,48.35633324965553,21.58974038826108,33.785257132231166,72.88749933242798,68.52290842224448,9.73739522247228,24.53116675034446,8.98756093440847,False,False
c6c6b344-2fa8-47e1-a429-a70d84c9d463,15.592918566024705,0,0,9,back,67.62618513989413,80.5,24.82,64.18756400284964,46.90880131333249,10.94364113238855,28.30431668249432,90.90567647465497,81.08880250658933,16.31243599715036,33.59119868666751,3.4386211370444926,False,False
c6dd374e-a2e5-4bc2-99c9-2d032e8d125a,8.627226458266378,0,2,8,back,62.37720084947287,62.3875,17.0,59.84021648026239,49.9891857324449,11.266213047810425,26.472798467865445,81.72369128267461,74.08987947125505,2.5472835197376114,12.3983142675551,2.5369843692104794,False,False
c6f16618-dbba-4c18-81de-b80a8f003c2b,2.796014006985762,2,5,8,back,70.19313515911315,67.725,49.385,71.83475204716868,56.53352023453745,11.51219505284368,20.85401277692423,79.19696463745487,75.81626256339118,-4.1097520471686835,11.191479765462546,-1.6416168880555233,True,True
c71b9c17-359c-4ef2-adb2-3410043a134b,0.9116600979708613,2,3,9,back,72.10696326934334,72.01249999999999,8.924999999999999,65.65448105982517,51.61503679881353,12.406980740679018,25.096834266089733,80.11280467666714,73.6338956174741,6.358018940174816,20.39746320118646,6.452482209518166,True,True
c72a7021-ed96-4fd6-a82b-9ad6404ee4e9,2.8951480456568364,1,2,9,mid,54.47878952141312,56.7875,56.865,67.29356138773844,51.367455148113194,12.118920430511665,26.078648259781183,82.2273940375256,74.50520845285922,-10.506061387738434,5.420044851886807,-12.814771866325316,True,True
c73c477b-8091-46c8-a815-38ee70a8a279,3.1891547989001294,1,1,9,back,72.49874205126812,75.6875,40.29,63.4534460470703,47.02409791950451,16.09763467864998,32.892897442577826,78.44537292890617,71.67256855284316,12.234053952929699,28.663402080495487,9.045296004197823,True,False
c7637da0-de15-453b-b10c-94450a82e18e,1.3216155812478791,1,3,9,back,75.91592294415216,74.63749999999999,54.4,69.87936921916291,54.02749092904634,15.764487248589727,34.77869953089828,78.71072560293472,74.85716882943026,4.758130780837078,20.61000907095365,6.036553724989247,True,True
c771719f-ea4d-45b8-af55-52f3560a63f1,2.874673476136602,1,2,9,back,58.68155626472522,60.025,1.02,61.855037479695795,49.1394943998788,15.426360318698173,42.11485133898848,71.08650977918964,67.64534878549617,-1.8300374796957968,10.8855056001212,-3.173481214970579,True,True
c7c43e59-6dc1-499f-817a-930886b5b907,5.777768876509436,0,3,9,back,57.475562945262304,61.8625,43.775,60.525839572289385,45.47499423056051,11.794916139055928,27.834861485300017,74.37531096505361,63.93138624906546,1.336660427710612,16.387505769439485,-3.050276627027081,False,False
c82c85a9-d1d5-452e-93e8-39d51a8bd4ad,4.562801180500284,1,2,9,mid,50.86963356988748,54.075,58.395,65.34770989732347,46.05482884578367,19.31332870785025,41.78852345154744,79.21355513792506,66.88317777298347,-11.272709897323466,8.020171154216335,-14.478076327435986,True,False
c83eab62-1ee8-41d7-be1c-d3b0c82c9aa2,3.4927578454664485,1,1,9,back,70.4505461870182,73.9375,20.74,60.921709719937155,45.11430031581533,13.25059383238985,32.2600046460433,74.02825596275052,69.94640813118082,13.015790280062845,28.823199684184672,9.52883646708105,True,False
c885c866-8b74-4f0a-80a1-1e873a982840,17.453014574142085,0,0,9,back,66.4075906166332,75.6875,57.46,67.69458809071907,50.65011973456029,9.530988054696516,27.06007604703932,83.4055942422849,79.00839782489362,7.992911909280934,25.037380265439708,-1.2869974740858652,False,False
c8fa3d61-93c0-4f85-b7d8-8680f8d9e5f4,22.223711926536463,0,0,9,mid,61.267897337608304,39.375,23.035,69.14128020275055,58.49324327669771,8.719745068805551,17.847733691127612,73.69114879091937,68.14906976146973,-29.76628020275055,-19.11824327669771,-7.873382865142247,False,False
c9006a66-8c46-4c2b-84b9-4d96562abc24,12.360176692137276,0,0,8,back,68.5711781254075,77.6125,63.665000000000006,65.9378462906093,53.780902672825995,10.384133236104834,29.39181676346711,77.61250066757202,74.25862862001571,11.674653709390697,23.831597327174002,2.6333318347981987,False,False
c905af2f-ecd8-42b7-aa5a-fa2b3038da2c,2.8929137324673717,1,1,9,back,83.46593474964088,81.55,38.59,79.64891879519487,64.2519480069125,14.874617997551958,31.291279493325234,84.94931050554331,82.6824444760164,1.9010812048051235,17.298051993087498,3.8170159544460063,True,True
c90cfc08-63e8-4b9f-88e9-8104d0bbc5cd,2.7216601604179003,1,2,9,back,61.40653349121804,63.7,52.19,70.69582056027866,51.55347015442517,7.402935542618131,15.346772236766933,80.27422331536349,69.4650668191635,-6.995820560278659,12.146529845574833,-9.28928706906062,True,True
c918aa1a-273a-413e-a42c-5436533b408c,19.74512646094365,0,0,9,back,70.28400936555094,75.1625,17.425,68.94860716599278,55.27127832415706,5.7077992564037885,13.302004358134084,83.5791419557348,73.22367799868258,6.213892834007211,19.891221675842935,1.3354021995581604,False,False
c94ccda6-82a3-41b8-a2d5-9cb8efe717be,7.690392211762694,0,1,9,back,69.04725056135851,76.7375,19.125,66.46720993808732,51.03734276600934,8.33211457755593,22.932099343318068,78.00969622241004,73.31972977606068,10.270290061912675,25.70015723399066,2.580040623271188,False,False
c974af67-4cef-44f0-a6c0-9b65d58befd5,6.630566825723139,0,1,9,mid,57.2326596992867,61.1625,11.39,67.27769218953424,57.50607898486433,9.334925035388975,21.30465501987761,78.74672854127513,72.236918561617,-6.115192189534234,3.6564210151356704,-10.045032490247536,False,False
c9879b2e-e6c3-44d5-9575-3febcc992bfe,9.27865699051273,0,1,8,back,75.96479306244514,84.7875,14.535,82.6399014782688,63.94575565344497,19.06356091106471,33.983964687247195,89.37864342341659,87.98211362125112,2.1475985217311973,20.841744346555025,-6.675108415823658,False,False
c9adf743-484b-4343-a7f5-1a61ea35ebfe,13.340968847848117,0,0,9,back,71.48326439221012,84.7,26.435,66.72115778769492,45.99670694739264,16.09181505785802,36.88075284725761,84.69999933242798,80.8814473967723,17.978842212305082,38.703293052607364,4.762106604515196,False,False
c9afe4d0-7a0d-4b7e-a5fc-57f47a916cec,9.088926376441178,0,1,9,back,82.15895682459384,73.5,37.06,73.01222815884003,53.07191726704568,13.265237450412773,34.7188164517334,86.26645228548068,82.38642375227786,0.48777184115996874,20.428082732954323,9.146728665753812,False,False
c9daeb6b-a1ae-4a69-8f2c-66edfbc043fd,11.489680183162122,0,0,9,back,68.81248386675202,71.225,18.275,58.44202595257622,47.82797263670683,9.887423485803644,29.898345038332067,80.78793767682981,67.82440408260919,12.782974047423771,23.397027363293162,10.370457914175795,False,False
c9e0d4b9-543c-4d35-a1cf-e4ff6c94a461,5.659850022136623,0,1,9,back,69.0870605822896,72.44999999999999,4.505,75.7096640554704,56.75619455586027,14.454900506616134,38.943925624500565,87.7563640758548,81.39072029022734,-3.2596640554704095,15.69380544413972,-6.622603473180803,False,False
c9f18d85-5768-4709-8af4-dad806c0477f,1.1092497730348636,1,2,9,back,63.38524229770836,63.35,19.21,71.46621448169752,53.68535326507866,12.236565737397116,34.59042706422214,84.75997250129227,77.62393537088391,-8.116214481697519,9.664646734921341,-8.08097218398916,True,True
ca0f60c7-06fb-486a-a30b-4b79def4c6b8,11.907947443655361,0,0,9,back,86.61891187319179,88.9875,43.86,73.8701018989859,55.47213540659753,14.686849504323604,38.20612652996043,97.56835533497502,86.22153819346822,15.117398101014103,33.51536459340247,12.748809974205898,False,False
ca11d1d6-d5e4-47ec-a565-97f477929167,4.1199552486934925,1,1,8,back,94.09174575516298,97.3875,11.9,88.92646807528368,77.33982643120859,10.014223237743426,22.588264382180093,101.7890879295585,95.52852141877597,8.461031924716323,20.04767356879141,5.165277679879296,True,False
ca2fee13-68e6-42b3-bcd1-b63bf3cf3b07,6.443424190633407,0,3,9,back,73.69155607738165,79.975,35.529999999999994,73.59995853313347,52.12869460602224,13.753484300290094,32.84135721598904,90.99111227442941,85.48091453840071,6.37504146686652,27.84630539397775,0.09159754424817379,False,False
ca4ab58a-40e5-4f59-9449-f10f9b484445,12.075019749467923,0,0,8,back,78.49947637655809,90.5625,19.89,76.14110720284769,59.34826148710246,10.155037086127445,27.87630375772433,94.86822829515208,88.80291070737044,14.421392797152308,31.214238512897538,2.3583691737104004,False,False
ca579f62-47a2-451b-93fb-0a0ce84b6f8e,5.259811492026528,0,3,9,back,61.64956097779404,66.7625,41.48,64.05930476807838,43.96542062493021,10.561897003079714,31.045304479596915,80.31514165666655,73.42501188804633,2.703195231921626,22.797079375069792,-2.409743790284338,False,False
cae9f23a-4c96-4b3c-930c-bf92486389b3,7.337378986277939,0,2,9,back,60.75604130040202,68.075,27.03,62.58665968001671,46.48121125284889,12.858796722241888,22.497023558910453,78.40243735634331,73.68885152758517,5.488340319983294,21.593788747151116,-1.830618379614691,False,False
cb05edbc-0d2c-4c05-971a-c1772fc20f8c,5.195143744039658,0,3,9,back,67.73571478926232,72.7125,6.375,62.35129047005263,48.57327960650858,13.358257507474956,27.828712483681507,77.03026480619788,71.1234197566306,10.361209529947374,24.139220393491428,5.3844243192096855,False,False
cb07d956-32c2-42c9-96a9-9af352355a54,5.448111367047516,0,1,9,back,72.5716460375713,74.9875,13.345,68.58878581097557,53.04678008202639,8.183829592596695,24.970179749063018,82.77116006307767,75.11255946339162,6.398714189024432,21.94071991797361,3.982860226595733,False,False
cb0e4379-1f89-409d-b5b5-f6349606801f,1.8868441558818718,1,3,9,back,61.12341796232212,61.8625,11.135,63.1123228742606,49.2621242507867,12.54737260040228,30.27155176304765,77.29244205140031,71.22947415503245,-1.2498228742606017,12.600375749213299,-1.9889049119384765,True,True
cb14b604-1c38-4243-a68d-5ca122faa277,4.145891538703013,1,1,9,back,69.09698367312711,73.2375,62.22,67.52920862757873,50.75570912658089,12.49894705358679,34.763083846162004,82.89092161320835,76.7368785397614,5.708291372421272,22.481790873419108,1.5677750455483874,True,False
cb472644-b6ef-47bc-968b-c304c2d0e801,2.874673476136602,1,2,9,back,57.80655626472522,59.15,1.02,60.980037479695795,48.2644943998788,15.426360318698173,42.11485133898848,70.21150977918964,66.77034878549617,-1.8300374796957968,10.8855056001212,-3.173481214970579,True,True
cb548667-4683-450c-b73c-9383be3b1a66,16.100204488172075,0,0,9,back,74.07052285635082,89.775,31.96,66.92788704572682,50.931307359157486,11.390864404473518,24.39967813549675,89.77500033378601,76.82146175139522,22.847112954273186,38.84369264084252,7.142635810624,False,False
cb6395d1-af6f-4350-adf4-64b84fef3640,19.969194652284973,0,0,9,back,64.70290654057605,82.95,30.515,61.13027052638658,46.49281042098759,8.626728931958091,31.514127015632425,91.90783983905146,81.44530555432864,21.81972947361342,36.457189579012415,3.57263601418947,False,False
cb99b996-5f88-4c74-a64a-00abcddc29e8,1.6436957704119615,3,4,9,mid,48.92244899504561,48.64999999999999,54.91,59.15927317056012,47.50022565673534,21.232631458118533,31.27985149548759,71.21543330864316,66.26016742561336,-10.509273170560128,1.149774343264653,-10.236824175514506,True,True
cc01f820-e5b1-4c0d-8410-267b47f28f9d,16.239834973274963,0,0,9,back,77.9158607394582,94.0625,31.62,70.97669056706135,52.86138543381334,9.990327475029469,24.911538544309188,94.0625,83.30904057391257,23.085809432938646,41.20111456618666,6.939170172396842,False,False
cc042237-35e0-4aff-8c0b-8ea2fcefb888,3.3215555105902053,1,1,8,back,99.95586342059008,102.1125,42.925,82.47475280898874,60.66293797873345,14.606640834226894,37.193004353213325,102.11250004172325,88.65158357288917,19.637747191011258,41.449562021266544,17.481110611601338,True,False
cc1053a6-b234-49a1-97a6-84f8ccebea63,19.969194652284973,0,0,9,back,64.70290654057605,82.95,30.515,61.13027052638658,46.49281042098759,8.626728931958091,31.514127015632425,91.90783983905146,81.44530555432864,21.81972947361342,36.457189579012415,3.57263601418947,False,False
cc1b3f83-89a9-4d6d-a6e2-3a1583367d40,5.48876198473035,0,2,9,back,72.29827345610408,76.9125,47.43,64.58905988251698,50.86815225340152,17.196202576273283,31.49168080243496,76.91250133514404,71.1871286259447,12.323440117483017,26.044347746598476,7.709213573587107,False,False
cc881aea-b452-4463-8233-72b4ec835279,3.0229023469023173,1,3,9,back,71.73648437461337,74.1125,41.31,70.2648627393284,53.68301142190643,9.93604327645994,29.9200397451837,80.10807442879982,75.2469935593434,3.847637260671604,20.42948857809357,1.4716216352849756,True,False
cc8d193c-66e0-4bdd-b066-3d9ca3ab9241,7.959189447629496,0,1,9,back,60.10938482800644,63.0875,48.620000000000005,66.65928566037545,48.92552355351207,7.72915062342771,20.25497168932884,75.24981153236372,71.03266483594436,-3.571785660375447,14.161976446487927,-6.549900832369005,False,False
ccca43cf-f609-46be-a613-ef250912f3ff,3.623677483756772,2,3,8,back,82.93283922320731,80.15,9.435,77.34011434448279,57.55595251275371,14.535223875755126,24.419043879324736,87.69236912721544,83.08178094127713,2.8098856555172205,22.594047487246293,5.592724878724525,True,False
ccef98de-f2a2-49c4-9453-1f1368f920cc,0.6257417593296003,1,3,9,back,67.60843031436096,67.8125,19.465,72.66597111803014,58.728694897402264,5.034314458939679,15.07072138951573,97.4221018553688,84.77927638459433,-4.853471118030143,9.083805102597736,-5.057540803669184,True,True
cd0c79bb-7183-4276-8933-c0ffadfcd624,3.4665973558540664,1,3,9,back,66.84652712240357,68.6,16.744999999999997,65.83662645165761,50.68052765339705,13.00459356330026,28.14767400883246,68.60000133514404,66.77161691620017,2.7633735483423862,17.919472346602944,1.0099006707459637,True,False
cd21bcd9-aa83-4c49-af5c-0830157a8190,1.8508607998802913,1,5,9,back,65.81462083210883,67.2875,42.33,67.60408046149163,49.35292068546148,3.699229420975726,11.770521521238557,78.57884165919037,74.56681072791652,-0.31658046149163965,17.934579314538517,-1.7894596293828045,True,True
cd2f5f8d-a6f0-449b-94d4-1223e2d9a28d,2.862131778579231,1,1,9,mid,53.389653577861026,55.3875,14.195,76.1443034057651,56.389674899781824,17.120153795962455,36.59715039370372,85.11715529433437,81.91810943483074,-20.756803405765098,-1.0021748997818207,-22.754649827904075,True,True
cd63269b-3e3c-4b50-8c71-fdb22302d2ec,11.489680183162122,0,0,9,back,68.81248386675202,71.225,18.275,58.44202595257622,47.82797263670683,9.887423485803644,29.898345038332067,80.78793767682981,67.82440408260919,12.782974047423771,23.397027363293162,10.370457914175795,False,False
cd732a9e-d3ef-4edc-bfd1-3fd136f2fdf0,2.084532744790803,2,5,9,mid,58.46863210812838,60.025,17.255,71.76022000584048,59.49104783159686,6.223708222493897,12.76578353216996,79.09415232003317,77.55967958584719,-11.735220005840482,0.5339521684031396,-13.291587897712098,True,True
cd73db88-da73-452e-8c74-e9de2249f2ed,11.203013742184948,0,0,8,back,63.01783267200296,74.025,55.25,64.38929049148355,51.68644852206909,13.558486917830422,42.279400616680576,84.0573166167881,76.09192865838467,9.635709508516456,22.338551477930913,-1.3714578194805895,False,False
cd806beb-5c6d-40a6-9a95-8750d5db0629,5.099216407096907,0,1,9,back,56.385604412475864,60.025,39.355,62.81880147413604,47.331968184782,13.747309822748075,24.329530703193992,72.93399734124722,68.42163815938562,-2.793801474136039,12.693031815218,-6.433197061660174,False,False
cdbf3ac0-2a72-4395-ac24-788afb0b831d,1.616173191754941,1,4,8,back,86.58585446067279,88.2,8.755,88.1622909272682,67.74029425254807,12.405420600273615,27.82034467338213,103.96132051595217,95.03638292257298,0.037709072731800575,20.459705747451935,-1.5764364665954105,True,True
cdcdff99-f5a9-449b-9029-b8101880c120,6.88211158898874,0,3,9,back,68.1189569751788,66.7625,25.67,71.69086714288869,57.25084155027936,15.080035033380618,27.261688019728588,82.02032627824497,77.66590317596705,-4.928367142888689,9.511658449720642,-3.5719101677098877,False,False
cdeb6f39-eb5e-4f3a-837d-050191b662da,6.442476235551255,0,1,9,back,78.63224876730132,84.6125,38.165,74.17008427404312,53.85230653955303,18.977915851033792,34.32514289683842,90.56097929757013,83.73779034365387,10.442415725956877,30.76019346044697,4.4621644932582,False,False
ce1c55e8-3502-4914-a9b8-502fbda58044,2.4960813158968382,1,1,9,mid,49.0709759289598,50.75,10.455,72.61854215270375,58.08486674451841,22.64153603276456,49.30188968536154,80.37758135531263,77.09392105828701,-21.868542152703753,-7.334866744518408,-23.547566223743956,True,True
ce2d0221-ed72-411d-a604-3e848f66a285,9.752994165434375,0,1,9,back,60.85879636066159,61.1625,65.02499999999999,58.80846917492144,47.78731070964224,13.143273948200296,27.352537501266887,74.01814431951726,66.67969024994946,2.35403082507856,13.37518929035776,2.0503271857401515,False,False
ce5ed1ee-d45d-436c-b765-ee2d770ba304,2.142572271236152,1,2,9,back,79.98678599950611,79.8,43.69,75.90513064278929,60.75436104292129,9.199543449138936,18.065841603291872,87.47409282470093,83.54838565865904,3.894869357210709,19.045638957078708,4.081655356716823,True,True
ce65a714-9ab2-40cf-881c-ff15e1deb883,11.203013742184948,0,0,8,back,63.01783267200296,74.025,55.25,64.38929049148355,51.68644852206909,13.558486917830422,42.279400616680576,84.0573166167881,76.09192865838467,9.635709508516456,22.338551477930913,-1.3714578194805895,False,False
ce720c23-87d8-43be-98b7-c6e47807003a,1.5619358671917887,1,2,8,back,51.96225285935077,53.4625,27.879999999999995,63.48833591199668,44.63216983347004,11.229111984820104,34.642490127803995,74.3254764158657,60.17139152698376,-10.02583591199668,8.830330166529961,-11.526083052645909,True,True
ce7e2aff-a1a8-4b43-8cf3-897b28376b81,6.849674435913398,0,3,8,back,58.795949546348,63.6125,48.875,58.99545955430628,44.0842077956522,8.871913808425134,16.311634642680225,74.90145766887724,66.46011745258082,4.617040445693718,19.5282922043478,-0.19951000795828122,False,False
ce841f9a-0b06-44e5-a23e-544e1cfec043,6.2097093267706125,0,2,9,back,62.76296426037114,68.8625,20.91,58.5866619047889,44.9824059094559,14.796343281384548,31.01356797690629,72.33996440964994,68.26385162301976,10.2758380952111,23.880094090544098,4.176302355582244,False,False
cea7f0fd-7cd2-4433-8a9b-5ed2c1cf036f,8.928046999737889,0,1,8,back,59.852717539326775,68.775,25.245,59.07036300852368,51.40931815651032,10.62786618921418,29.14826317720464,75.64104087269112,70.59058192801302,9.704636991476328,17.36568184348969,0.7823545308030972,False,False
cedee29f-4bfd-4eca-af06-62eb0ead89a8,4.138544939134547,1,4,8,back,63.7381201186126,60.4625,46.58,58.06912487136806,47.34244640405456,5.0397743110387125,12.182206623015908,70.17117474157114,67.39494900112159,2.393375128631938,13.120053595945436,5.668995247244538,True,False
cee5edae-ca89-4a57-b0bc-7e532e48e25f,9.908178765252055,0,1,9,back,75.06551737428737,82.6,7.565,63.990828012259875,51.02382927927792,13.58061785255268,29.997449926657147,94.17447309739521,80.55126949891778,18.60917198774012,31.576170720722075,11.074689362027492,False,False
ceea6ba7-0c94-4cd6-8b06-9f0b9bd89849,0.6842914867504336,1,1,9,mid,48.70827731914163,49.35,7.055000000000001,61.49291407776809,47.45585023097786,20.309022416731437,42.72072248144464,79.51798962304485,70.66173254868525,-12.14291407776809,1.8941497690221425,-12.784636758626462,True,True
ceef49e6-4883-46a2-8ebf-b9c27286e84c,21.163636136754015,0,0,8,back,61.977794083448146,48.64999999999999,61.795,59.283491147907355,47.03690799564013,17.92437683973567,38.38512791815251,60.24415274787637,55.30164295465385,-10.633491147907364,1.6130920043598636,2.69430293554079,False,False
cf1a114a-c2e9-4248-8c6b-947b8f7e7269,6.522217171416671,0,1,9,back,65.4155549237917,66.325,56.440000000000005,64.07801320685547,44.906083253466264,13.81928540015867,32.44658741284544,78.87755945738482,67.68490506982576,2.2469867931445293,21.41891674653374,1.3375417169362294,False,False
cf41949e-a3b8-4119-b766-7da776c43b14,1.3570327940948705,2,3,8,back,51.805791545999384,52.15,60.605,56.78517863200942,45.85003064987598,20.30875521081437,37.47833462121892,69.78491358751862,62.50759004636102,-4.635178632009421,6.299969350124016,-4.9793870860100355,True,True
cf4721ef-2279-4172-83d6-477203ec9b5d,0.6842914867504336,1,1,9,mid,48.70827731914163,49.35,7.055000000000001,61.49291407776809,47.45585023097786,20.309022416731437,42.72072248144464,79.51798962304485,70.66173254868525,-12.14291407776809,1.8941497690221425,-12.784636758626462,True,True
cf5778af-93ab-4966-aca0-9a49430d70ba,1.1588034399291043,2,5,9,mid,60.88218552045498,60.025,17.085,70.99203883095154,59.17010498544913,6.1066212236848365,12.163041000613186,78.22290089175343,76.8217933127213,-10.967038830951545,0.8548950145508698,-10.109853310496561,True,True
cf6c7b67-a925-4724-8349-6b11c87db04e,2.5916851905197573,1,2,8,back,64.98845208442499,66.0625,57.63,57.98134199290737,46.78705651295684,15.098593090967,34.097354802408084,67.72232033591587,63.83095838707194,8.081158007092633,19.275443487043162,7.0071100915176245,True,True
cf87d658-2b0b-4bc9-ac15-af36d85d3b73,5.757367898177138,0,3,9,back,60.54674820493686,60.6375,41.055,60.16122480589811,46.9825931517376,14.833844677260114,29.711133680124565,72.35327516657169,67.81754762790327,0.4762751941018948,13.6549068482624,0.3855233990387532,False,False
cf8ad0e2-7429-4b9d-996f-8d37564d3311,12.154150864966095,0,0,9,back,73.46176893706154,76.0375,52.53,72.68015405693055,49.46809836675232,6.14708476257244,16.616202874510748,84.85655007828774,79.07639851852078,3.357345943069447,26.569401633247672,0.7816148801309879,False,False
cfcee683-9724-4648-a8bd-b7019e26b6c9,8.389253126269633,0,1,9,back,62.96189911779989,69.5625,64.77,64.23223281410044,48.28785507578688,14.227711931535794,32.608304928931915,78.47918955611789,73.26444668579595,5.330267185899558,21.27464492421312,-1.270333696300554,False,False
cfe6fd24-3373-4125-a15a-4d88218c1335,12.333905914750316,0,0,9,back,60.67600095494398,67.9875,64.68499999999999,68.83728040689756,50.71316715702374,18.127669364001957,33.69259323545423,81.74255961912112,75.77385243611788,-0.8497804068975654,17.274332842976257,-8.161279451953583,False,False
cff7c270-a140-46fb-af0d-7e7aecc2d3e6,2.971307207705191,1,3,8,mid,56.9048814953326,59.85,9.18,64.68621240726279,52.05333350968457,11.95504261487676,35.737769851663856,79.81909164369065,70.12195386182532,-4.836212407262785,7.796666490315431,-7.7813309119301834,True,True
d0048ac1-8e9a-435b-8723-bd6196dc6a67,7.623698526099473,0,2,9,back,64.50773452920545,61.3375,36.465,65.28882109179705,46.44861140927091,9.768127830657534,23.439257471447696,74.47112058109838,68.76037706043095,-3.9513210917970483,14.888888590729088,-0.7810865625915966,False,False
d0092fd0-6709-4177-9dd8-1b94c3876d89,7.323609442004182,0,2,9,mid,56.85953009450586,61.1625,38.76,73.0117894852835,57.71055806729267,15.941838978073736,30.133444561250613,85.79862610420875,79.21938929231086,-11.8492894852835,3.451941932707328,-16.152259390777644,False,False
d01dd44c-743d-4ce1-9b6d-44a9d8d87656,2.127705607313011,1,3,8,back,61.32537993018583,63.4375,16.66,61.43853448053936,48.88206687025472,15.862032793253174,28.985824191548723,78.74452137126838,72.77473996710853,1.99896551946064,14.555433129745282,-0.11315455035352784,True,True
d04a9e34-8ad7-48c7-bd42-cf7f628bf2fa,6.431861742011644,0,1,9,back,66.48815599584428,71.57499999999999,24.99,62.043016938392675,47.64346867839139,16.161557591781534,31.74871626651975,72.75158053758355,69.7816096317679,9.531983061607313,23.931531321608595,4.445139057451605,False,False
d05142a0-0f1a-461c-9cc2-3e9240d0ad28,2.576599706347443,1,2,9,mid,52.58670877791177,54.95,53.125,72.18022745156382,57.5502340377453,8.862415005177855,24.8092024866528,84.18889556851333,80.58311643057857,-17.23022745156382,-2.6002340377452953,-19.593518673652056,True,True
d05e65e1-cd5c-4959-a8c3-0423c9efb644,12.573670231677381,0,0,9,back,67.61102407050164,78.925,36.72,61.94351063907769,49.929864820475395,15.95577598129188,37.44319575928209,93.79074462346236,80.29063219325528,16.98148936092231,28.995135179524603,5.667513431423956,False,False
d088a70d-0b87-476f-aaad-2c7b561d95af,6.013760267061864,0,1,9,back,79.20308129410164,82.425,28.475,68.76862601138996,51.018630623297646,16.62993963916641,34.84475560380535,83.60189318371872,77.29454277940832,13.656373988610042,31.40636937670235,10.434455282711681,False,False
d08cca71-dc67-401c-b8f7-20e786e64285,12.669722543933533,0,0,8,back,54.869230371164505,67.4625,9.095,57.35734756244317,44.485601933559714,10.6363590005584,34.66364563132413,75.03018184068026,70.72086503782077,10.10515243755684,22.97689806644029,-2.4881171912786613,False,False
d0af88dd-293f-44f7-9ae5-48ffcfa3bceb,3.0223548190471563,1,3,8,mid,67.1124988371202,69.9125,62.13499999999999,79.20742896251255,68.73502846416864,13.463204217856944,39.51558923920578,100.51682676855587,92.07219465406779,-9.294928962512557,1.1774715358313586,-12.094930125392352,True,False
d0c06394-6974-4a78-a97a-e3e28f2ec5fe,8.934859089045037,0,1,8,back,87.77144439565484,87.325,6.29,77.8334845019161,58.43540009105146,10.847940674135296,38.16714690614069,87.32499933242798,83.0795738686914,9.4915154980839,28.88959990894854,9.937959893738736,False,False
d0d206eb-233e-45d7-a591-2b247ff55ead,0.7807849719256568,2,3,9,back,74.29870609792837,73.85,16.064999999999998,70.21301365872284,52.98281159417156,7.688255081911322,15.157829909652907,73.85000133514404,68.89438108928101,3.636986341277151,20.867188405828436,4.0856924392055305,True,True
d0d46412-55a0-4a31-975b-fcd5bf90a4b5,8.309088234395626,0,3,8,back,66.8363414436215,66.325,30.515,62.572341170298714,52.401300204524745,11.377600981639247,23.089579936749683,80.91746132074452,72.63651557807489,3.7526588297012893,13.923699795475258,4.264000273322793,False,False
d1417896-421c-4f83-9278-a554541219b4,6.2633244393345295,0,3,9,back,66.72503672122792,65.275,44.03,63.78553357691735,48.4979213338994,11.37709655944098,32.50145830357728,73.23451935874746,69.0117745242811,1.4894664230826535,16.777078666100607,2.939503144310571,False,False
d1467649-4163-45ea-acf9-0bf5e309ad44,7.0965859574852725,0,1,9,back,93.45354185833688,86.3625,39.695,85.44250060257616,65.1857519491472,10.4863611452933,29.05879299873576,102.45118907540419,93.99968266154744,0.9199993974238367,21.176748050852794,8.011041255760716,False,False
d15dd17c-e21c-41bb-bf99-4a56481604ad,2.576599706347443,1,2,9,mid,52.58670877791177,54.95,53.125,72.18022745156382,57.5502340377453,8.862415005177855,24.8092024866528,84.18889556851333,80.58311643057857,-17.23022745156382,-2.6002340377452953,-19.593518673652056,True,True
d19fbeac-1d03-42e8-b986-492879c7ac32,17.129866456174156,0,0,9,back,81.12879673241503,96.6875,30.770000000000003,75.05998038817287,57.218355213420146,16.901471775687945,39.11559912126825,96.6875,89.20291315068705,21.627519611827125,39.469144786579854,6.068816344242151,False,False
d1d85997-92b5-4dc7-9cb3-c3559511ae78,1.6989215296052382,1,2,8,back,69.8782435069952,70.0,39.95,73.57866463602178,59.23283320525493,10.07182927263952,26.135168140529487,88.44207737152878,82.42660296568394,-3.5786646360217844,10.767166794745073,-3.70042112902658,True,True
d1dc8ab2-a03a-4f14-81d6-4f1b1931b6ee,2.098029999034731,1,1,9,back,79.8630358285273,81.9,57.205,69.29898259859232,52.373313454954264,10.00995608375711,28.040261927027544,81.90000033378601,77.62104228569382,12.601017401407688,29.52668654504574,10.564053229934984,True,True
d21bfaff-2f86-4703-a173-3349ee27d690,1.5258617895452609,1,2,8,back,70.81460113330417,71.13749999999999,24.565,69.84437097441503,59.413901096586066,23.62352158581268,46.423314769317805,77.58259826759542,75.42129694015458,1.2931290255849603,11.723598903413922,0.9702301588891373,True,True
d22244ab-47ff-49cb-a7ca-70bcbcc04904,1.7708957206898932,1,1,9,back,72.02188727511944,73.76249999999999,28.645000000000003,74.85430415706605,55.986053493264464,10.107672555351508,32.03295842593974,87.24322274542406,79.63321931276919,-1.0918041570660648,17.776446506735525,-2.832416881946614,True,True
d2356e15-715a-4b35-bb76-047717a20891,2.1135309079246656,1,2,9,back,62.28291991588155,64.3125,60.605,66.30640895108819,53.8643547221622,5.74059449461538,19.83763393875733,77.51048204592502,73.59770361422147,-1.993908951088187,10.448145277837803,-4.023489035206637,True,True
d2474feb-a51e-4674-952b-66bf72236783,8.498522448190782,0,1,9,back,81.90458183439866,87.9375,30.685,70.53098857634703,51.2745078396885,12.24515037099922,29.97073571169297,87.9375,80.61227605109053,17.406511423652972,36.6629921603115,11.373593258051628,False,False
d25c2564-2921-478b-93dd-5879e83af8a9,6.442476235551255,0,1,9,back,78.63224876730132,84.6125,38.165,74.17008427404312,53.85230653955303,18.977915851033792,34.32514289683842,90.56097929757013,83.73779034365387,10.442415725956877,30.76019346044697,4.4621644932582,False,False
d27fc7af-4e98-4802-9302-7d6706452877,1.7569566396712428,1,1,9,back,79.56235615708275,81.2,20.4,72.13368625321914,55.53482959849121,11.40289419936359,24.1614269887416,82.46271121321477,79.0790373401648,9.066313746780864,25.665170401508796,7.428669903863607,True,True
d2850607-e01d-41d7-8ccf-f0f2ca12dcaa,14.464864333699307,0,0,9,back,82.74268793252057,96.1625,25.5,72.7403658636322,54.83099044311533,13.979355734906523,36.602276018964936,96.16249966621399,83.43417669627587,23.422134136367788,41.33150955688466,10.002322068888361,False,False
d2a0efee-2f96-4761-92fa-147f017b92e5,18.56570557872667,0,0,9,back,71.39841125364006,89.3375,29.58,65.1576332077929,49.41132483118291,15.392696241214878,37.93718308325059,89.33750033378601,77.6004315924143,24.179866792207108,39.926175168817096,6.240778045847165,False,False
d2d1eb6a-1469-45f7-99bb-2563b1d56b4f,9.96052731609377,0,1,9,back,69.70140650239864,77.9625,62.9,69.66192453565843,52.68731456899441,11.457552649187704,31.562462773932843,83.73236453573264,77.45411942844297,8.300575464341577,25.275185431005596,0.03948196674021176,False,False
d2e29c46-88f3-46a4-8224-a024d5adef24,4.346344086556245,1,4,9,mid,55.62391430276464,56.9625,38.335,64.33436473305309,50.8561643100401,8.255159875744631,23.816903505761356,65.02878035800092,60.92392224366216,-7.371864733053094,6.106335689959899,-8.710450430288454,True,False
d2f74ec4-6f8c-4467-8ce0-e7cbd10ea4d0,2.8217343284578367,2,5,9,back,62.24411896135418,59.5,51.51,62.48232474467575,49.521747415964384,6.0992427722990925,12.550390939027572,72.25394764600651,68.6319290984661,-2.9823247446757506,9.978252584035616,-0.23820578332156828,True,True
d320eb8f-be85-4e46-a02c-e970a3a9091d,0.7543560767573808,1,4,8,mid,84.97391499157182,84.4375,17.34,88.94190651441943,76.41801855543154,8.990273249264897,26.21878166620199,91.56848750438105,90.81638233600206,-4.504406514419429,8.019481444568456,-3.967991522847612,True,True
d348b6b6-a817-4f65-9364-c7e0237195a3,2.9855017966458544,1,2,9,mid,52.30110133223993,49.4375,24.65,72.46252785876823,52.32239392958708,17.54511049619098,36.78548415407557,80.9595394740097,71.57278305977633,-23.025027858768226,-2.8848939295870792,-20.161426526528295,True,True
d36a45f4-7f1d-4e4f-a533-d82cbbee6c65,1.6583767796507922,1,2,8,mid,78.03616408330056,79.3625,4.42,82.73621571183168,70.47989710056288,9.7387918047157,25.58148214746004,88.50332717807851,85.12363991841065,-3.3737157118316787,8.882602899437117,-4.700051628531114,True,True
d38236db-3b20-46bc-bbe8-41ebb29b1a15,3.9502934669708325,2,2,9,back,60.54185315009659,64.4875,10.71,59.67824288882089,46.87768298393144,14.355364200856066,31.879272220040622,71.031965426748,64.10170292105947,4.809257111179107,17.609817016068554,0.8636102612757028,True,False
d3847d1f-5332-4e20-b98a-bb4a2e20dc3f,33.274401841257884,0,0,9,mid,68.86250066757202,36.05,31.28,81.84019142242892,72.19346977145315,10.608384107469924,27.15091937678018,81.4959528954115,79.62339913710939,-45.79019142242892,-36.143469771453155,-12.977690754856894,False,False
d3e07c78-fca5-4172-bbbe-6ee76d8974ca,11.403157233699986,0,0,9,back,67.41882095656534,73.9375,18.955,60.16664501538871,50.17126417325679,12.62314864938546,32.26256126221931,77.16692773702738,72.42030486970671,13.77085498461129,23.766235826743213,7.252175941176631,False,False
d41e67e7-bda9-481b-b01a-7993405cf728,15.221094592078776,0,0,8,back,88.01240680028796,97.0375,26.86,77.19708393901485,57.75564200219028,12.17042465178614,24.178856320274505,97.03749966621399,88.29606190551542,19.84041606098515,39.281857997809716,10.815322861273117,False,False
d42272ad-7390-4314-a591-b21ba97fdd36,16.250649172611393,0,0,9,mid,49.67650294784502,49.2625,10.54,64.39731269784187,53.34717144223116,20.299378610829564,35.056153298032335,67.68256635318252,63.19074610889959,-15.134812697841866,-4.084671442231155,-14.720809749996846,False,False
d42c434e-7ee3-4247-9c6f-2e78948b3ffa,8.850549519645016,0,1,9,back,59.52758297186913,67.9875,15.214999999999998,67.85108034976874,49.12585160967565,9.748811535564917,27.246375000325383,76.35493508200686,72.71566414056818,0.1364196502312609,18.861648390324348,-8.323497377899606,False,False
d442c759-5110-452b-9e4e-9a8d131e1fc9,1.8870179281644628,3,5,9,back,61.32089953111576,63.175,62.475,66.47655762868428,55.66081998224201,3.5682350716165203,10.911884347411425,96.14781671837174,81.64925776831049,-3.3015576286842787,7.514180017757987,-5.155658097568519,True,True
d47004b3-dccc-4297-95a6-597006b36f03,3.5548655957782263,1,2,9,back,63.28233008073136,66.7625,12.58,64.44239033768197,47.54685346169717,10.976045116681002,29.21105682926735,73.9566821147003,69.58874400252708,2.320109662318032,19.215646538302835,-1.160060256950608,True,False
d47ff0d2-5d04-409d-ab33-eb518a083e9f,4.2955865924653445,1,1,9,mid,62.815999462046825,61.8625,23.29,73.52293144061898,54.9434224392353,8.360086881096706,15.940724604802217,78.12916485320802,75.843752466166,-11.660431440618979,6.919077560764698,-10.70693197857215,True,False
d4a55f10-30f9-4544-a997-cc1fdaf63aee,10.549575022831608,0,0,9,back,85.16262987759845,86.1,43.265,74.48001587336171,57.29233973766641,14.044260627861952,31.119100035264783,86.09999966621399,79.90102658207505,11.619984126638286,28.807660262333584,10.68261400423674,False,False
d4a5ec4c-cbc0-4709-b4c0-5c3e8ded4ff6,4.6230360308858955,1,2,9,back,71.76024638350873,75.6,44.2,72.11323540801467,53.65203278403314,8.85441751585558,21.09940373054826,88.16396148271234,80.7685594447406,3.4867645919853203,21.947967215966855,-0.3529890245059448,True,False
d4ca46cf-728d-4ad2-a3f2-8ae3376cfcb3,6.947769326820369,0,2,8,back,91.88084230973502,92.575,25.5,87.74823039859012,68.76664548053617,15.386882400697932,33.07868537605382,103.97361406031192,98.38955558395764,4.826769601409879,23.808354519463833,4.132611911144892,False,False
d4ed0e7b-99dc-4f74-9cda-fe9a32e9af91,3.7834839752668183,1,2,8,back,59.65691532089181,63.4375,50.66,63.81002137089572,47.314508768561105,9.25491758668048,28.33868731095407,64.93715208595856,60.45556145334905,-0.37252137089571846,16.122991231438895,-4.153106050003906,True,False
d502753e-e4af-4733-943f-da9da81d6008,57.113650409596666,0,0,9,mid,63.57302118322024,36.66250000000001,4.42,75.8325362478401,64.34175532298384,5.951940591613898,17.140277815218063,80.13124763284048,74.56099939190338,-39.17003624784009,-27.679255322983835,-12.259515064619855,False,False
d5669640-3285-4ea1-b2cb-a3fe9ebf1c15,7.4009314443569085,0,1,9,back,63.277230247691,62.125,5.27,62.1350752781291,49.24171860776937,15.943465162697342,33.9208986198985,93.72356123873305,81.37632581467547,-0.010075278129100695,12.883281392230629,1.1421549695619007,False,False
d5732b1d-8b88-4f60-95ca-f7c1900f7476,6.009292833942286,0,4,9,back,59.46197585700504,60.2,24.225,63.2997291487773,49.63577300247952,11.728558696610158,23.740697681671094,73.1832434957121,71.43523590666223,-3.0997291487772998,10.564226997520485,-3.837753291772266,False,False
d5c82bec-7c04-4b4a-9352-8990c50ef549,7.858247107071819,0,1,8,back,58.90472235352151,66.7625,27.03,59.0444445741242,45.08519911377827,8.422316087497066,22.83529145704783,67.70346588501282,65.25865459781485,7.718055425875804,21.67730088622173,-0.13972222060269246,False,False
d5d10aa4-8e41-44eb-ad88-22730070c7d8,6.627444718706804,0,2,9,back,66.09396925227304,69.65,66.97999999999999,64.78641508334765,48.1334804494355,12.24387253620078,33.70456758480752,69.64999866485596,64.15044550499458,4.863584916652357,21.516519550564503,1.3075541689253924,False,False
d5ff129e-b02c-4cbd-8c6a-0b39b7f28865,8.926957733673357,0,1,9,back,69.65204135261244,60.9,2.21,71.50203124469617,49.64305726566662,13.402308709901243,39.29180115699605,84.55859545340432,75.011207154487,-10.602031244696171,11.256942734333379,-1.8499898920837268,False,False
d60b9c1e-3f3b-44c9-af1b-6f9eda1c2673,0.433372933658952,3,3,9,back,55.45110891699859,55.825,45.9,60.74582022896499,47.41105234710115,16.407021470021473,24.534639606288568,75.7047082982369,68.512877706439,-4.920820228964985,8.413947652898855,-5.294711311966395,True,True
d64e9657-c951-45b0-915a-c25318fbc446,18.666236795642757,0,0,9,back,65.43416811730215,83.825,30.94,63.8913725294838,51.09591285762849,12.46505017488441,31.08466216830453,83.82499933242798,78.41953382772374,19.9336274705162,32.72908714237151,1.5427955878183468,False,False
d65af29b-da70-4464-a73c-a79348cc94d3,6.538973515351023,0,2,9,back,80.83548945673904,81.025,20.57,75.48533986118018,56.61350827848446,8.759943395532936,24.699626555251637,88.74215820717637,82.50110404194268,5.539660138819826,24.411491721515546,5.350149595558861,False,False
d6a126ef-3079-4158-b705-d6a2c2d5eea3,1.534297508006518,2,4,9,back,65.22055627577076,66.5,38.335,70.77108121863769,52.84132148712528,14.171437173572984,27.0406954118814,79.68859045468363,76.66320168551303,-4.27108121863769,13.658678512874722,-5.550524942866929,True,True
d6a97466-0793-41c7-b05e-def542262c19,4.2025891264692214,1,4,9,mid,69.83105411086606,74.025,8.584999999999999,83.73748242271611,70.21756289048491,10.90787387905046,37.03057412041594,98.54243425622509,88.64855347305951,-9.712482422716107,3.8074371095150923,-13.90642831185005,True,False
d6b1b078-24c6-413b-a79e-00f0f33e25c0,5.809992614014797,0,1,9,back,80.91643337917381,81.025,52.36,70.89113950534576,50.400923033546896,14.493212308219658,27.095022297850644,90.14471152327485,82.26562994013237,10.133860494654243,30.62407696645311,10.025293873828048,False,False
d6bae3df-b9a1-4795-91a1-9c7cd032c81c,3.623677483756772,2,3,8,back,82.93283922320731,80.15,9.435,77.34011434448279,57.55595251275371,14.535223875755126,24.419043879324736,87.69236912721544,83.08178094127713,2.8098856555172205,22.594047487246293,5.592724878724525,True,False
d715c93f-f866-46fe-af3f-9417608e9e6f,0.6257417593296003,1,3,9,back,67.60843031436096,67.8125,19.465,72.66597111803014,58.728694897402264,5.034314458939679,15.07072138951573,97.4221018553688,84.77927638459433,-4.853471118030143,9.083805102597736,-5.057540803669184,True,True
d76ea36a-5a17-49d7-a6c6-5aba1f67700f,4.570582750580037,1,2,9,back,64.94155790255797,69.125,42.16,59.687712143294235,46.51302120701889,14.414548487526634,26.662438910606024,69.125,66.32993530028207,9.437287856705765,22.611978792981112,5.25384575926374,True,False
d79a5a15-3ddb-4655-8bef-8a635e5d36e5,5.805303376528408,0,3,8,back,82.55140538421439,85.1375,14.705,82.40487725256962,70.05378410215496,9.75934878489098,24.118671503742107,89.18078717398805,84.51030138864122,2.7326227474303835,15.083715897845039,0.14652813164477152,False,False
d7d8716b-01f6-4e03-9547-18642e62d933,8.089265031602826,0,1,9,back,78.88690228377426,86.975,26.69,75.05148712840221,54.96635010757995,11.097520206804075,29.441640785328183,86.97499966621399,79.78810581004808,11.92351287159778,32.008649892420046,3.835415155372047,False,False
d7e41eca-9354-4e1d-9e97-e2fb5aaeb8ba,14.049254228351025,0,0,9,back,74.24059537906861,88.2875,34.425,63.62132559877428,49.71439296401563,13.378870258647384,33.648651509137736,88.28749966621399,73.86472785442686,24.666174401225717,38.573107035984364,10.619269780294331,False,False
d7f0cb51-8bae-416a-8981-d16979d88cdf,6.807157125352708,0,1,9,back,90.13644656614582,95.9875,38.335,77.9388629855051,54.93968561242772,11.898651406460932,30.80932855076455,95.987499833107,85.88465503768124,18.0486370144949,41.047814387572274,12.197583580640725,False,False
d7f6d4f1-6360-4a12-92d3-0c149a8b6efd,7.3637968695922655,0,4,8,mid,59.68332347744372,61.5125,12.665,73.72019399670879,55.69659878311504,11.708676716420351,27.709873164906536,85.69831905632361,75.02392435489139,-12.207693996708784,5.81590121688496,-14.036870519265065,False,False
d7fa284d-5da0-40de-afd9-e41a70c3a07a,4.157033286993539,1,2,9,back,66.5095674170999,66.675,13.77,63.95982538425719,47.3182610339167,10.140862724894989,29.80336467310127,89.40711336024691,76.43510181816384,2.7151746157428036,19.3567389660833,2.5497420328427083,True,False
d8146861-6b24-4e79-9027-2737a18ed53a,6.027730009803121,0,1,8,back,64.53612079664123,66.675,63.07,66.9975215531434,53.30937143953664,13.822167970570504,40.36494298102743,83.61285303082862,76.98699590450711,-0.32252155314340314,13.365628560463357,-2.4614007565021723,False,False
d8225b13-643d-4d00-ac59-9f3b0b2be260,1.6129412713866442,1,2,9,back,60.664975967470184,61.775,44.03,67.89115986921763,48.99451782712268,15.308556606783265,31.75531159768014,82.94039399761574,71.54714195443086,-6.116159869217633,12.78048217287732,-7.226183901747447,True,True
d83a101b-c84a-4572-a040-7f7ca64598c1,16.25856776194472,0,0,9,back,77.10622661063543,93.3625,31.96,70.36253863057286,55.73750278335918,12.741588099828334,32.18802381899848,93.362499833107,86.26330282148115,22.99996136942714,37.624997216640814,6.743687980062575,False,False
d85e0e22-2ed6-4ca1-b7bb-a178e74a72a3,5.250226651352236,0,2,9,back,68.75737011193858,73.32499999999999,65.19500000000001,73.19491936385214,52.99922458350932,15.366227380318598,36.16422178356262,74.95023066818328,71.9936004370378,0.13008063614785215,20.32577541649067,-4.437549251913552,False,False
d87aae40-34f7-424d-8145-49ef1cd6c330,15.25922727012154,0,0,8,mid,37.32610886995742,49.6125,46.665,59.00019552077782,45.548754548951536,12.507521736700042,28.50981721384959,59.859449129734834,55.05479216244501,-9.387695520777825,4.063745451048462,-21.6740866508204,False,False
d8842312-9660-42a9-9747-b95c0909b0b3,11.447951455963894,0,0,9,back,57.11860373563405,68.425,45.05,63.48340943847578,48.83371274253966,15.94351584623282,33.719874176292926,80.53195214570917,72.51844713531949,4.941590561524215,19.591287257460337,-6.364805702841728,False,False
d8bcb90a-dc29-41a4-99e5-1e42d84883ff,4.176255155376169,1,1,9,back,83.24947705465377,87.4125,65.45,78.45847616088881,58.56572033471799,24.172761180749056,41.59295780805503,87.41249966621399,81.53491998591487,8.954023839111187,28.846779665282007,4.791000893764959,True,False
d8f09951-b77f-4e06-bcd9-9483d60c903e,3.209951524054548,1,2,9,back,58.334004620622025,55.475,16.744999999999997,62.78132346991136,43.849358309917115,13.7449029515158,34.67738106673194,69.71429728556292,67.04879374715583,-7.306323469911355,11.625641690082887,-4.447318849289331,True,False
d8f4bcba-9052-49e6-ad1b-b5f03f32c960,16.096087202861813,0,0,9,back,80.19386305700915,78.225,17.764999999999997,65.87527618694634,51.06305550234484,10.9087364008015,33.255030980643376,83.08654921424016,72.81399421561092,12.349723813053657,27.161944497655156,14.318586870062816,False,False
d9068c2f-bc51-4b65-954c-ea63872ae161,0.971955017019305,1,1,8,mid,50.40104447355502,51.0125,41.48,64.06107581276991,45.00144413454456,13.766218791552792,39.504121095969936,76.03682511105798,65.2519349277756,-13.048575812769911,6.01105586545544,-13.660031339214896,True,True
d91bd4bc-1bda-4030-85ad-160958e7b244,4.466353084335603,1,4,9,mid,56.18100201874412,54.6,56.1,64.83340796388718,51.82270167032061,34.82361596315704,45.32467247993759,77.10435977648653,66.01913160404338,-10.233407963887181,2.7772983296793896,-8.652405945143066,True,False
d944b4b2-797d-4759-a442-21c4c30e1348,1.5078657683708871,1,1,8,mid,47.15210726328198,45.675,30.515,64.25356239483604,46.600338176833326,10.776456605243585,27.97053080870448,72.45262810584916,68.24149910918408,-18.57856239483604,-0.9253381768333284,-17.10145513155406,True,True
d959951e-428e-4481-b8e3-b37c5c38886a,7.7349610366239965,0,1,9,back,72.0777488860401,73.76249999999999,57.375,72.11316051559649,54.49140996992119,7.231605616515196,21.84476659823331,88.17634233192089,80.3886858473003,1.649339484403498,19.271090030078796,-0.035411629556392654,False,False
d965da71-6f10-43e1-952e-8fa9b3667e3c,0.9561891895367742,2,2,9,back,67.28779742615308,66.7625,23.63,59.481449480438194,44.18931771415157,16.69837007738175,30.05510920323877,72.55849241281487,68.07432104036212,7.281050519561809,22.573182285848432,7.806347945714883,True,True
d986d383-25c7-4ae6-b931-6a6eadd51d5d,17.66387173759736,0,0,9,back,69.51252643567219,81.2,22.865,63.12801816373657,49.36445019668811,12.48302993043091,38.22462280697596,83.76456694737512,77.48155628302914,18.071981836263433,31.835549803311892,6.384508271935616,False,False
d9afed43-cb18-4fd9-a3e7-5b0fd7b88374,0.3634165186617034,1,2,9,mid,58.7063515719665,59.0625,3.145,70.10364618204206,56.15702259358272,15.400338780473389,32.12714490567375,77.20801628835024,72.53813105491199,-11.041146182042056,2.9054774064172832,-11.397294610075555,True,True
d9c67bd1-b8c5-4677-911b-32b0c80ac126,8.357832751780304,0,4,9,back,69.76694701438494,62.65,33.235,76.46642432013174,64.01559270168559,12.75254780073276,26.039170901430516,84.01167897144194,77.79973085449981,-13.816424320131738,-1.3655927016855927,-6.699477305746797,False,False
da3adb02-df3e-460c-9c83-7b43b6a3b510,12.020158264961008,0,0,9,back,77.25787660445883,84.2625,18.615,69.30835407640502,53.43776456249283,10.669315345230096,30.798589283520275,84.26249933242798,79.0182931180624,14.954145923594979,30.824735437507172,7.949522528053805,False,False
da4e5bd0-dc82-481d-833e-3af767f793be,2.761503317906233,2,2,9,mid,61.71337126156052,64.225,5.015000000000001,82.18243089815431,67.2995450034469,15.52715140150802,39.37565614790516,98.66878818086305,87.41964182822386,-17.957430898154314,-3.0745450034469,-20.46905963659379,True,True
da95c002-efff-45ed-a530-22eba566fe8e,4.4791348058685045,1,2,9,back,65.74014920185493,67.9,40.715,63.32815814798236,47.95914401681092,14.94732235305765,31.727855038530485,71.10750899800811,68.94284201812509,4.5718418520176485,19.94085598318909,2.411991053872576,True,False
daa7307a-b3f2-4df3-a40a-aa5b8b4a15e3,3.1891547989001294,1,1,9,back,72.49874205126812,75.6875,40.29,63.4534460470703,47.02409791950451,16.09763467864998,32.892897442577826,78.44537292890617,71.67256855284316,12.234053952929699,28.663402080495487,9.045296004197823,True,False
daaa4479-845f-4a30-9ff3-80e3f59aa568,13.886472607875893,0,0,8,back,53.92740829411737,67.8125,38.76,58.39544866438016,48.92523914367906,15.044885758300396,31.48360005983069,77.07329585953411,68.64661736833914,9.417051335619838,18.887260856320943,-4.468040370262791,False,False
db0ff1ef-9242-46c6-9313-a08201e2a5f7,4.176255155376169,1,1,9,back,83.24947705465377,87.4125,65.45,78.45847616088881,58.56572033471799,24.172761180749056,41.59295780805503,87.41249966621399,81.53491998591487,8.954023839111187,28.846779665282007,4.791000893764959,True,False
db13dd97-8607-4518-b216-e3c570b6c4b5,2.862131778579231,1,1,9,mid,53.389653577861026,55.3875,14.195,76.1443034057651,56.389674899781824,17.120153795962455,36.59715039370372,85.11715529433437,81.91810943483074,-20.756803405765098,-1.0021748997818207,-22.754649827904075,True,True
db431fbc-d040-4fb8-91d0-663ee3676fbb,17.877871789190685,0,0,9,back,62.978513586663595,80.4125,32.215,58.8440254003044,47.79562685138768,9.904504218408016,31.668653780416665,80.41249966621399,71.81564556757937,21.56847459969559,32.616873148612314,4.134488186359192,False,False
dba9b591-8af2-4e01-9e17-cb5d5ced768d,2.0510321217559713,1,3,9,mid,53.53728493194534,52.4125,19.975,62.90465642407973,45.331705641118035,10.647539106747088,27.37871444477326,73.18031726382034,70.1364611079566,-10.492156424079731,7.080794358881967,-9.367371492134396,True,True
dbac4e70-996e-4dfd-9585-68b4751a209e,7.423662114558278,0,2,9,back,69.71302020208853,74.55,46.495000000000005,67.49242927199053,49.299411360502795,14.712310834286612,37.97451667250119,81.27411634583513,73.42972786749424,7.057570728009466,25.250588639497202,2.2205909300979982,False,False
dbe11cb5-ca40-4e0d-8c37-24778bc2a536,3.958436333270019,1,1,8,back,81.48161105965622,85.05,2.125,78.74290150549434,60.858450135582984,16.18035885308541,37.85132126652312,93.90898806557371,86.86048183892925,6.307098494505652,24.191549864417013,2.738709554161872,True,False
dc0b9b8a-ee0b-4433-93b9-b7c19a78e334,5.652106297393238,0,1,8,back,69.6898173244485,75.3375,45.39,59.42994463237569,45.37582227863633,14.305139372466504,29.088016923912623,75.33749866485596,67.52073570891685,15.907555367624319,29.961677721363678,10.259872692072811,False,False
dc0c1448-aaa7-49eb-bec3-30b9db3a1218,1.863748679699632,1,2,9,mid,66.403074347303,68.25,64.09,85.25509772292524,61.2261491439606,25.726023341856397,42.87980951268408,91.67512236948674,88.04243692343701,-17.005097722925242,7.023850856039402,-18.852023375622238,True,True
dc0d2713-1a6e-4dd9-a90f-a0025e0699ae,18.77108881181504,0,0,9,back,61.41155233251082,79.45,21.675,61.41285917303784,50.39422663652637,9.92089282592633,33.70397227028587,85.45049095070436,77.5580735672697,18.037140826962165,29.055773363473634,-0.0013068405270146854,False,False
dc15d959-7087-4a62-b8f8-a3764f1382d2,4.059443930760477,1,2,9,back,68.69128189813833,64.6625,27.2,60.1802004012946,45.979206700594126,18.342794501932623,33.183203522746524,73.79934471211516,69.91416467272843,4.482299598705396,18.683293299405868,8.51108149684373,True,False
dc458146-e533-410d-abc0-24a9c67889cb,6.599732240731542,0,3,9,back,77.65870741859109,74.375,18.955,75.55737592862761,58.823174740202944,11.62561920236643,24.61970711634981,86.44209687421619,81.83997678034763,-1.1823759286276072,15.551825259797056,2.101331489963485,False,False
dc52bd92-c8ea-4cc4-94f1-486832d9b0c0,2.494470764217364,2,5,8,back,84.27867217011584,86.5375,22.27,86.86417289744496,73.88728092143536,7.99413815313517,17.354791001906506,91.02174687639994,89.58541774655811,-0.32667289744496486,12.650219078564632,-2.5855007273291193,True,True
dc5dfeb5-775d-43e1-a370-a4c3c8b90561,12.363070224920177,0,0,9,back,59.57356989940416,67.6375,64.68499999999999,67.6455658502132,49.86292976655265,17.358226153380286,33.01543450657121,81.00557185351013,74.8960891662274,-0.00806585021319961,17.774570233447356,-8.07199595080904,False,False
dc6958c1-74ff-4af5-becb-befb29483235,3.030320156434623,1,2,9,back,69.86996477474639,72.88749999999999,47.345,64.15732544045086,49.58538725406682,11.297304161884917,36.14636081792709,88.7944876289253,80.87459259469765,8.730174559549127,23.302112745933165,5.712639334295531,True,False
dca1c9b8-ae41-40cf-bfcc-39004a5ddbcd,6.860357126069105,0,2,8,back,80.8214840177267,86.3625,20.4,79.81644051798796,68.29002266537645,13.326245716547138,35.1196259421651,100.74310080578746,95.08997123339459,6.546059482012041,18.072477334623542,1.005043499738747,False,False
dd161da8-9884-41f2-8a4f-3c4f50d29dc0,8.267987833432503,0,1,8,back,61.24489571297176,66.7625,56.865,61.13051736089365,47.12475961518934,11.682106129822447,33.143630286757066,82.34619063520036,72.92539848509264,5.631982639106354,19.637740384810662,0.11437835207811275,False,False
dd40f737-b1e6-4215-8fa6-34db0515f22a,0.6750803234136915,2,4,9,back,56.904473490119514,57.575,28.9,64.62181330416652,51.88597011740866,7.265025763268692,15.939546979190036,75.72198302337198,73.09247495316863,-7.04681330416652,5.689029882591342,-7.717339814047008,True,True
dd77862c-6aa0-449c-8450-08f97f4500c0,8.58419445403398,0,1,8,back,53.65661475294877,61.425,19.21,61.50771254612728,47.12946952785563,6.564627492096015,16.316685905100865,63.43195458588727,61.73674985706334,-0.08271254612728285,14.295530472144364,-7.851097793178511,False,False
dd9aea23-1442-4fce-9693-941f84b46ab5,4.779899152837584,2,2,9,back,59.04511758185387,63.6125,20.145,64.18416609093724,48.66827147231481,10.566973496891896,30.066897884386183,74.53823517535365,66.7785214818177,-0.5716660909372422,14.94422852768519,-5.139048509083366,True,False
dda8cf6d-9782-4058-8dee-6191284a872a,5.2485597216780295,0,1,9,mid,50.80871403302849,55.475,60.690000000000005,62.99586518390147,48.067638190211014,14.947955966424525,30.40025891785686,77.56129143136502,71.08284402407278,-7.520865183901471,7.407361809788988,-12.187151150872985,False,False
ddb3b518-8f60-4c4e-adf4-482f91a21909,1.8508607998802913,1,5,9,back,65.81462083210883,67.2875,42.33,67.60408046149163,49.35292068546148,3.699229420975726,11.770521521238557,78.57884165919037,74.56681072791652,-0.31658046149163965,17.934579314538517,-1.7894596293828045,True,True
ddc29e15-3dfd-4a63-a691-27fd8fe17ebf,15.544754446129144,0,0,8,back,69.93624229924791,84.7,26.52,65.30158235917999,55.3410775382427,9.410777087012637,27.867564813461414,84.69999933242798,79.01937100895496,19.398417640820014,29.358922461757302,4.63465994006792,False,False
de0107c8-c74d-4e96-9535-71164d1fff4e,0.5968904546622126,2,2,9,back,76.20333855913019,76.5625,24.735,71.60847156799113,56.69511420171287,9.47834332895796,26.046322947650744,80.7534284515413,76.67141795622352,4.954028432008869,19.86738579828713,4.594866991139057,True,True
de2193dd-26f0-4717-a738-d70005e615cf,23.644169921846597,0,0,9,back,61.91733230224446,43.22500000000001,65.79,65.71939729040879,60.36678701898312,11.659302730385336,36.437980755051925,70.36652645384927,65.39330579254937,-22.494397290408784,-17.14178701898311,-3.8020649881643322,False,False
df0f1802-1e7b-4b21-b456-32d5cc262937,15.683381047726519,0,0,9,back,67.93114582939697,81.9875,31.79,61.99598915220596,49.92657903763114,11.22267930760021,29.672169514269093,81.98750066757202,74.52063693239795,19.99151084779404,32.060920962368854,5.93515667719101,False,False
df26d90e-7acd-4593-9a66-add209d1860d,4.8553886981769505,1,2,9,mid,65.24202050116625,68.25,4.845,77.69939516097845,63.26441595740876,8.679263987093925,19.10548651458972,97.70594471915555,88.48749484451422,-9.449395160978455,4.985584042591242,-12.457374659812203,True,False
df38fd6f-46ab-4054-b55f-a77c5e01eb9a,4.550206769405615,1,2,8,back,70.80375074130234,72.5375,3.4,72.51551203258143,55.46628711871264,13.653219882847011,19.39666824530758,79.50680471864072,75.31123424807689,0.021987967418567678,17.07121288128735,-1.711761291279089,True,False
df5fe8b4-ade5-4a70-891e-3343dec7522c,6.334193949091846,0,2,8,back,78.07246745138883,84.0875,3.57,85.91909082288169,65.91744685025074,7.062026217117008,14.761647096085458,90.48214589706015,88.50445219249573,-1.8315908228816795,18.170053149749265,-7.8466233714928535,False,False
df69c0b3-b687-4a17-8cf8-30510d47898c,13.407342303548456,0,0,9,back,61.35864643843077,73.4125,20.145,60.66059280496272,46.64006202074108,10.604730994751616,26.08808900222817,73.41250133514404,67.62443354810563,12.751907195037276,26.772437979258918,0.6980536334680494,False,False
df86cdc5-09a4-4fe6-8b9e-1b1ba3524c2a,3.6251177881077163,1,3,9,mid,47.21374268808625,50.8375,40.63,62.65443568636855,48.28343694768416,25.2259111882245,32.349585092046226,73.73845299342281,65.51977756947755,-11.816935686368552,2.55406305231584,-15.440692998282302,True,False
df95b50b-65ff-4eee-9920-08763245a165,6.599732240731542,0,3,9,back,77.65870741859109,74.375,18.955,75.55737592862761,58.823174740202944,11.62561920236643,24.61970711634981,86.44209687421619,81.83997678034763,-1.1823759286276072,15.551825259797056,2.101331489963485,False,False
df9d67dd-c77f-4e84-a217-30dcd12b3567,0.5212477408613638,1,2,9,mid,54.47136198657256,54.95,6.885,65.01124829620318,49.74564570215722,12.662072895071027,31.706123955713245,75.57790197815342,70.50745322160728,-10.061248296203175,5.204354297842784,-10.539886309630617,True,True
dfaf2a3d-40f9-4026-9d6b-a3674c4958b7,12.182339327335637,0,0,8,back,85.051414748231,96.25,28.985,77.70591133736515,58.63057318927188,10.95308847997655,27.6784767311793,96.25,90.1336692883099,18.54408866263485,37.61942681072812,7.345503410865845,False,False
dfdf1d49-7ba7-4580-a604-03ed5864631e,1.8301821167454813,2,2,9,mid,71.66656490715911,73.0625,50.15,78.88740905206099,62.3084405167606,17.016942539109706,28.19491618282516,91.23103648499881,89.20331749642651,-5.824909052060988,10.754059483239402,-7.220844144901875,True,True
dfdffe2f-8514-471d-91b3-d355f069bcd4,5.301627638006518,0,2,8,back,67.80217658493984,68.1625,12.92,67.04158514374626,48.64573185572158,12.539562725935433,24.9555474859428,86.04159676829687,75.49839253852522,1.1209148562537337,19.516768144278416,0.7605914411935828,False,False
dfe92274-8f04-4e63-a331-ae573026f31a,8.043494874449816,0,1,8,back,66.07545482845937,73.32499999999999,16.064999999999998,63.49145904562017,49.80909962920913,11.178090126854908,37.35851280783868,75.67347611172727,71.37500516253846,9.83354095437982,23.51590037079086,2.583995782839203,False,False
dffc1b7d-fdf8-4877-a936-7a385bf309d9,1.0896730421513046,1,1,8,back,86.12649787022933,85.75,59.84,86.82038288973902,67.39158644103622,15.297261976877364,34.50730590592989,92.45227512603527,86.60590267621387,-1.0703828897390224,18.358413558963775,-0.6938850195096933,True,True
e01527ac-72a3-4619-9301-cbd7bc7ef59e,28.2667692526194,0,0,9,mid,50.48707024636496,51.45,60.00999999999999,64.0840531488745,49.82999047062947,12.947334232751516,23.68051791268435,73.08016448657806,64.0506246319473,-12.6340531488745,1.6200095293705346,-13.596982902509545,False,False
e0f5895a-b1d2-4608-982f-16258447709f,1.6475324625147385,1,1,9,back,78.42417831896154,80.0625,43.35,72.52214703558411,57.04443646586965,9.684181317144317,22.84084842138762,80.0625,77.47435132822729,7.540352964415888,23.01806353413035,5.9020312833774256,True,True
e0f94070-64cb-416f-a071-f4047c698be8,0.572545874034973,1,2,9,mid,55.34096482181168,55.9125,39.695,75.52772646956012,54.76957009181616,5.560563276260737,15.931642137511858,80.43945389762055,73.73420122367166,-19.61522646956012,1.142929908183838,-20.18676164774844,True,True
e102aaf0-ca4d-4ef9-b131-4ca6a500f519,0.6822662756553733,2,4,9,mid,53.14621700738777,53.8125,24.055,71.53638590283686,56.084718989090035,13.813321373402964,34.06963309397434,82.8584301206362,79.73904199185662,-17.723885902836855,-2.2722189890900353,-18.390168895449087,True,True
e106eb41-46c5-4356-8c76-403555eb3f90,12.390621106314336,0,0,9,back,66.93144563782457,77.9625,43.69,64.34438484512029,52.57540699705766,12.314113625711803,30.79235212477686,86.70266518564182,80.37696418058925,13.618115154879717,25.387093002942343,2.5870607927042784,False,False
e10a7500-bc2f-4583-8f70-2b4a024c5b20,13.294765845606333,0,0,9,back,87.12632576210106,91.9625,42.755,77.22381454256778,54.748079729270714,14.76788528627094,34.83553634750069,99.51616886311793,90.95977993686469,14.738685457432226,37.21442027072929,9.902511219533281,False,False
e10de0bc-0693-440f-a292-aefde7ac2d06,8.079383092249387,0,2,8,back,82.36559374190907,88.1125,35.105,75.16814677269646,57.625621175228105,12.732715296851577,38.07771905235713,96.72049301159444,90.10429367882675,12.944353227303537,30.486878824771892,7.197446969212606,False,False
e11a9560-49d5-4b5a-9186-abcbf8763e45,8.609125194365838,0,1,9,back,72.99689634327041,80.5,55.08,65.68968855245629,51.428985940848065,12.43712549935351,33.78556599306852,91.85780033966894,80.10384601188997,14.810311447543711,29.071014059151935,7.307207790814118,False,False
e130d376-4731-4d2e-8579-918cb81e6d7e,2.0288813764741227,2,5,9,back,68.39794788324669,67.6375,46.92,67.61299020115065,53.81665544845882,4.6254544391379895,8.12195042200559,78.54227799766281,72.02926067684484,0.024509798849351228,13.820844551541185,0.7849576820960351,True,True
e13d2ecd-9618-452a-9593-b6e62ad05e08,4.8095939503870895,1,2,9,back,62.33278899856921,67.1125,17.764999999999997,69.40162691767185,52.07039807882428,17.45983717822844,41.19655946188007,77.8798987495712,73.95758331068255,-2.289126917671851,15.042101921175714,-7.068837919102641,True,False
e141ad34-5d02-4db2-96a4-f3789133e320,5.300003025873002,0,1,9,back,64.83208781623367,67.9875,2.04,67.92289310403176,52.22816611239589,19.951809064606334,46.47364186361251,81.59061484783572,74.61463166939367,0.06460689596823954,15.759333887604107,-3.0908052877980907,False,False
e1cba0ba-a716-49e8-8aab-83e0ff583ab3,3.136210392451113,1,1,9,back,71.4217864773644,73.675,1.785,74.7353005826952,52.414272051239735,12.487212217960945,38.56174665170297,85.94923553314383,77.30822878944352,-1.0603005826952057,21.260727948760263,-3.313514105330796,True,False
e1f01f29-2ac1-4624-a673-cb30ca546f39,6.267246617200608,0,1,9,back,64.38590046203373,68.425,34.935,74.2061740381436,57.86106986771763,8.06114719478957,17.738882322960745,86.82610077001256,82.05102084677739,-5.781174038143604,10.563930132282366,-9.82027357610987,False,False
e1f30643-510a-4460-83c7-d4245b35857a,4.202236655570164,1,3,9,back,72.3302928438151,73.2375,27.795,71.03780235558888,51.56414929579512,9.803457352582036,30.20839611211484,82.03032877487449,76.55888664576517,2.199697644411117,21.67335070420488,1.2924904882262211,True,False
e1fabcf4-8cc8-4f86-af34-fccf1e093ae9,1.3353553384761978,1,2,8,back,81.1139567006261,80.0625,65.45,82.60419452273271,66.58266833617324,16.92680022399345,33.70953437225177,87.63700157572354,84.43345204933162,-2.541694522732712,13.479831663826758,-1.4902378221066073,True,True
e211375d-c87c-4c2b-81e6-50bdd1ac02f6,16.278863376851977,0,0,9,back,74.27494466341135,88.375,50.32,69.06342348937198,52.820739592446046,20.032125082921784,33.088001399142755,88.375,77.08716612774074,19.311576510628015,35.554260407553954,5.211521174039362,False,False
e23a4088-8ba4-40f4-b5fe-653c6013d873,4.831656134736088,1,1,9,back,71.88804813401086,73.4125,10.285,64.13193661278981,50.50806494650744,9.88749175125104,30.127553972820685,76.03438317635396,71.73801166681467,9.28056338721018,22.904435053492556,7.756111521221044,True,False
e2594ae5-d13a-49ce-a94e-7c41653df7aa,5.043212386297308,0,1,9,back,67.51574976845882,72.5375,50.065,67.33943649115373,52.33030075350145,10.51424152976788,33.03765710457979,81.7091463699897,75.12816540903904,5.198063508846261,20.207199246498547,0.17631327730508417,False,False
e2844303-aa19-40f8-a60d-461c21eb5949,7.450169671958739,0,2,9,back,75.09195799713567,71.75,41.905,65.00809935145391,50.41329491964893,15.0706226607009,30.22438943714253,73.06448973981908,70.94375298128759,6.741900648546093,21.336705080351066,10.083858645681758,False,False
e2a3db39-0c28-4819-8aec-92cd9d81be45,4.770299929602748,1,1,9,back,82.96597526688801,84.4375,52.7,74.76187578915449,54.303622924636024,10.325942315202514,30.40538139574591,84.4375,80.41830634270755,9.675624210845513,30.133877075363976,8.204099477733521,True,False
e2bc24e1-9ce4-437c-9d3e-19b1bbccc35f,4.543754433235186,1,1,9,back,74.97132572482886,72.7125,67.235,73.57989365753387,53.12618005204091,15.814984004731802,45.07498237578773,86.66611765620128,82.04373702573497,-0.8673936575338672,19.586319947959097,1.3914320672949856,True,False
e2c127dd-b5c2-407e-9949-36caf7e66f0a,3.9344578775998107,1,1,9,back,67.93171847879891,71.75,31.79,75.699066016426,55.93144948934952,16.266322662211476,30.03192862641873,78.69063158349809,77.1910122188883,-3.949066016426002,15.818550510650482,-7.767347537627089,True,False
e2cb64bd-305b-4208-a79b-c8a11cdb6c8b,4.474671366866831,1,3,9,back,72.36428501424696,73.76249999999999,32.129999999999995,81.19518284359174,61.3474862625487,6.295683571063947,13.76271127733013,98.87160697238235,85.7202599563163,-7.432682843591749,12.41501373745129,-8.830897829344778,True,False
e2e3861f-6918-4a2b-aeea-5b6a9264cd58,6.317482919489477,0,3,8,back,77.56299452513248,74.1125,44.285,73.12988299797827,57.176050222012606,11.52898019199175,26.48704806081629,81.30643833844772,79.15433924085727,0.9826170020217262,16.93644977798739,4.43311152715421,False,False
e317c3c2-d7a5-48ee-b3c9-34386820673b,10.505480629625477,0,0,9,back,67.34525288993476,75.425,22.355,60.86980749072315,47.94029083042736,8.169834601711031,20.079694920129093,75.42500066757202,68.419306122341,14.55519250927685,27.48470916957264,6.475445399211608,False,False
e3191710-dc29-4f63-b1f5-081ee01adbc1,5.7700894239242295,0,3,8,mid,47.98304034123707,49.525,35.785000000000004,60.24235925805024,43.02770195635727,12.248684928691766,30.966804881230864,58.34899668363679,56.22827866354817,-10.717359258050244,6.497298043642729,-12.259318916813172,False,False
e363ed55-ceb9-44f1-8db4-a61060a1f74d,0.3605155132989971,1,3,8,back,55.136418929057314,55.475,66.215,64.10852214742276,49.69891497972147,24.23197559708843,43.87948429682344,82.8029798097196,69.46723699289817,-8.63352214742276,5.776085020278529,-8.972103218365447,True,True
e36feccd-5b3c-4e14-82c3-dbbe5c5806f5,7.960852702615864,0,1,9,back,61.66114691487859,68.775,30.855,75.85247433300547,56.40223022935273,20.54386217667929,33.83630519309073,80.1241069401141,76.64950033764298,-7.077474333005469,12.372769770647274,-14.191327418126882,False,False
e3853963-71c6-4270-827b-50f157e4d321,13.71404598248072,0,0,9,back,75.49122205812176,74.63749999999999,33.065,64.86326873136335,48.043236029679875,21.23639193355989,34.73396898533615,77.13632556294043,72.08843587994338,9.77423126863664,26.594263970320114,10.627953326758416,False,False
e3906e21-bca3-44aa-bc68-210e8cfbbea3,8.014567326042242,0,1,8,back,67.99407436286832,72.88749999999999,1.19,69.02684878800277,57.976632718345314,13.361487130787909,38.0657140813823,83.98900619088663,77.618147925194,3.8606512119972223,14.910867281654674,-1.0327744251344484,False,False
e3b00c27-9dd0-44a0-a373-22aebc239476,2.1578516350671832,1,3,8,back,54.49339914969917,55.3875,60.52,61.75750854098035,48.25979173319862,19.181463046373903,45.46804351226689,85.8371883502325,69.1934484459882,-6.370008540980351,7.127708266801385,-7.264109391281181,True,True
e3e1f96c-e7d9-4364-968a-7124550659e7,0.8091933599174351,1,4,9,back,56.155977893391075,56.9625,5.27,65.04836632581639,47.00724352542871,21.29656097451917,29.829830987917795,84.13641124191278,71.0832125015479,-8.08586632581639,9.955256474571286,-8.892388432425314,True,True
e3e41c2b-371e-4d17-86e6-dfa372fa16c1,11.99486825405186,0,0,9,back,74.80561951091984,80.4125,53.975,68.1054930380495,53.41352193479941,12.415051999868304,21.715891379344512,81.83947725722962,75.44429801742692,12.307006961950492,26.998978065200582,6.700126472870338,False,False
e3f60ff7-ed96-4c37-92c3-359d5e6860c7,11.28584130963878,0,0,9,back,67.20384856870791,78.225,27.455,63.15073098136221,47.46236371376251,26.96890347492095,34.66206006369023,78.22499966621399,73.84965204768719,15.074269018637786,30.762636286237488,4.053117587345703,False,False
e3fafedc-336b-4f4d-a031-8720185c9db4,4.968199023359503,1,4,9,back,59.10881790804152,59.675,42.925,60.71593054437422,47.70854455469143,13.887679944086251,28.74507338844465,73.01716926312923,70.13122720189806,-1.0409305443742198,11.966455445308569,-1.607112636332694,True,False
e40b483c-da6e-4ffb-abe7-69efcd90a62b,11.322008288421848,0,0,9,back,60.22453981362832,67.6375,41.905,61.65951340871479,46.94985604765515,7.70999126675402,15.077021141120577,73.49995224638992,69.57716447752406,5.977986591285216,20.68764395234485,-1.4349735950864684,False,False
e41cec5a-5ee4-480b-8f2b-399303d1d463,7.0997588295007485,0,1,9,back,68.32323806919845,74.9,20.91,61.85034268468384,45.77089713803158,12.05395618778268,32.76452261824905,74.90862472472384,69.86478466666297,13.049657315316168,29.129102861968427,6.472895384514615,False,False
e4794598-62b9-4a4e-a83c-abbea3019d81,7.679258969148998,0,1,9,back,82.69831459846623,85.1375,47.685,70.901027577057,55.44717778432828,11.883953260018435,29.03796741285705,85.13749933242798,77.44119832888248,14.23647242294301,29.69032221567172,11.797287021409232,False,False
e48c85b0-c4e9-4d2c-994d-54a833f2b82f,12.098132814773685,0,0,9,back,63.92189823684201,73.5,13.685,61.42453383466726,45.659623033657184,7.44697439789266,22.41303079383789,73.5,67.39357013157567,12.075466165332742,27.840376966342816,2.497364402174753,False,False
e4b04f9c-0cba-4123-95d0-342284862c81,1.7450648580363477,2,4,9,mid,56.21300711838167,57.925,38.59,66.12927698568623,54.43489569389335,7.256121187419218,16.43499963439807,75.78529034101422,70.60498657934991,-8.204276985686235,3.4901043061066446,-9.916269867304564,True,True
e4cb11e8-79fa-4b9e-9c91-6366696ae140,5.652106297393238,0,1,8,back,69.6898173244485,75.3375,45.39,59.42994463237569,45.37582227863633,14.305139372466504,29.088016923912623,75.33749866485596,67.52073570891685,15.907555367624319,29.961677721363678,10.259872692072811,False,False
e5042830-d9de-42df-a86a-986b50bb2020,6.699916908534599,0,1,9,back,67.2940462189861,73.5875,20.995,60.83686904748134,47.684060057891024,8.54654654531831,26.695480927700764,73.58749866485596,68.12962955756261,12.750630952518662,25.90343994210898,6.457177171504753,False,False
e516b5d5-e1a8-4c61-ac65-9f88ff4e4ed9,13.64452376608294,0,0,8,back,71.55881826896147,85.1375,51.765,73.23984010730133,55.37790931993035,10.97282304262228,32.35431188548474,93.56709967690364,87.86023595618465,11.89765989269867,29.75959068006965,-1.6810218383398592,False,False
e5212cfb-1431-4770-b5a6-10993cd6fe18,1.4333410197430647,2,2,9,mid,53.87691911437011,55.3,63.24,71.69377105322452,51.256357061598706,18.30486221233513,31.77513089182559,86.55599133726491,74.53212187738765,-16.393771053224526,4.043642938401291,-17.816851938854413,True,True
e547825e-8c3b-4342-9bcc-9487a6fe188c,10.287876800816322,0,0,9,mid,52.02536600514126,41.7375,27.2,64.40869662592148,52.44219734456729,13.264119315858348,25.997920646319763,66.92252610338157,62.413268018467264,-22.671196625921482,-10.704697344567293,-12.383330620780221,False,False
e5616cf3-50e3-4a75-8eb7-a2d11f9bfcb3,1.1372470081096304,2,4,9,back,67.16341011032057,67.2875,42.245000000000005,67.94965886379964,56.704854774621914,8.77085359299032,20.7473705663017,82.14405910194316,75.8031370414105,-0.6621588637996467,10.58264522537808,-0.7862487534790716,True,True
e58c9aa9-4273-463e-b209-27cf8a4f8782,2.7919598801994874,1,1,9,back,75.49959202419475,76.38749999999999,65.875,77.88613901343194,54.6600357410645,20.861471376304745,40.86695471636281,87.44913514999968,81.4745076004144,-1.498639013431955,21.72746425893549,-2.386546989237189,True,True
e597a3f6-4028-41db-ac3c-7ceb321e56e0,8.83683902457193,0,1,9,back,60.48854922468966,62.825,61.795,64.04004173372587,47.18066483085764,17.74269292139735,39.767457988539896,80.65358385026236,75.39716002727872,-1.2150417337258688,15.644335169142366,-3.5514925090362084,False,False
e5ab1ad0-8110-4bd3-aa61-ee8deb8f5ebd,7.5505722233218915,0,1,9,back,61.61127107002019,68.1625,8.33,60.1477932109519,43.82084169319306,11.34376939835601,22.657913076712745,77.64040799648158,68.97052950726531,8.014706789048091,24.341658306806934,1.4634778590682842,False,False
e5f6d94d-123c-4988-a11f-dcfdeaa6b2dc,6.443424190633407,0,3,9,back,73.69155607738165,79.975,35.529999999999994,73.59995853313347,52.12869460602224,13.753484300290094,32.84135721598904,90.99111227442941,85.48091453840071,6.37504146686652,27.84630539397775,0.09159754424817379,False,False
e603ba6f-dc32-4230-998f-b07f19698202,3.3473785759586265,1,1,8,back,76.96525345464772,79.7125,1.19,76.30106699375348,56.86274931122523,19.498196901193516,33.65455310132666,87.92842511954463,82.69990586457402,3.4114330062465257,22.849750688774776,0.6641864608942427,True,False
e60b5418-bde1-42e4-a6bb-11ecb56230df,1.3581476121201528,2,3,9,back,66.54741347859647,67.6375,17.0,69.95169980450908,52.79130404243405,9.1771254345347,20.05456827637644,78.2391601031562,75.31238457581563,-2.314199804509073,14.846195957565953,-3.404286325912608,True,True
e62a56ae-7d88-4ea8-a63f-5b689b1dad71,3.8535876789867287,1,1,9,back,79.44290191496724,82.6875,47.685,61.59606253194411,46.041053559105094,20.060179432782583,35.23177323668581,82.6875,66.83987793891535,21.091437468055886,36.646446440894906,17.846839383023124,True,False
e63fa9e4-13db-4a72-adf6-5bae2bf7f949,10.605511535500247,0,0,9,back,67.91892833010525,74.2875,67.235,69.58283858182554,53.72880659885347,24.263305858799573,36.76106291733498,83.24953301523921,77.81932585209411,4.704661418174453,20.558693401146527,-1.6639102517202957,False,False
e6480d6d-245e-4b35-90d9-8888844bc6b6,8.029279230390806,0,1,9,back,62.32135279779364,67.4625,1.19,65.46340215120543,50.975433261329584,19.15888130642027,37.96747221157223,78.13894934858835,71.89968861402198,1.9990978487945767,16.48706673867042,-3.1420493534117924,False,False
e6636465-c532-48d6-b220-ce075e14cc74,15.508123436558474,0,0,9,back,73.02330585199363,86.8875,35.275,64.54233970305305,50.76739117006362,10.100982032929608,25.82548702594641,86.88749933242798,76.52552797105515,22.345160296946958,36.120108829936385,8.480966148940581,False,False
e69285d3-09d9-42ab-9b3d-a16afb25a705,32.65824594523624,0,0,9,mid,65.4496489431224,39.55,12.325,75.27379943851614,64.7422800974658,11.949565199375698,32.581572004255214,77.08419655257396,70.10808167226932,-35.72379943851614,-25.192280097465797,-9.824150495393738,False,False
e6d62f98-1cae-4628-bed9-b3d0bcfeaf6f,0.6642278406363844,1,2,9,back,54.29738570176399,54.95,51.425,63.7993550304806,47.42631709033392,21.211471500699897,30.28529224814442,80.65572476647526,70.92533803572032,-8.849355030480595,7.5236829096660855,-9.501969328716605,True,True
e6f279f2-2a2a-4ff8-af03-23c589c1ab91,4.145978310696199,1,2,8,back,59.38667745932624,62.65,62.05,61.3500060291458,45.20709944828403,14.103389774157575,21.96214928143664,72.0841867479667,62.12502880636008,1.2999939708541959,17.442900551715965,-1.9633285698195593,True,False
e6fd8361-c644-4900-a72e-b0c2c061bd7b,4.6149489187320345,1,2,9,back,60.04616062950087,60.725,7.649999999999999,63.82554668961129,46.85970599108133,14.33008698482357,25.818709788657728,76.8714735953119,71.25277085584301,-3.100546689611292,13.865294008918674,-3.7793860601104257,True,False
e6ffb335-cc0d-4e8b-b4f6-46d06d2aa8cb,7.691386912794312,0,1,9,back,85.1467834797899,81.375,20.655,74.62708952281525,54.84301954358236,14.87558241933311,26.22580470340906,97.30596056353895,89.05306700327455,6.747910477184746,26.531980456417642,10.519693956974649,False,False
e714892b-2fac-4a2e-b73a-48bf7cd8114e,0.5782463513071531,2,2,8,mid,48.04604687745323,48.3,23.12,64.77144810301216,45.55754179103409,13.356820811227628,35.19106007016878,76.99580078361598,61.685026091068835,-16.471448103012165,2.742458208965907,-16.725401225558933,True,True
e732d1a7-20a8-4992-bc41-749e847d718b,7.685649411081518,0,1,9,back,78.58122766532597,79.5375,25.33,70.01347504693487,55.63124614787124,13.277221955102895,25.7564567005047,81.09115339616021,75.35299490254172,9.524024953065123,23.906253852128756,8.567752618391097,False,False
e733641c-1bef-4bf5-a558-28837e003a7d,0.6333262557669445,1,3,9,mid,62.41454536581208,62.9125,64.25999999999999,72.4725996548694,58.771542747957795,21.632063541768854,31.81853037545958,81.58069113968976,77.08535708080429,-9.560099654869397,4.140957252042206,-10.058054289057317,True,True
e7345756-eb5e-4e9e-8709-869b47cb0bbc,4.111479726095979,1,1,9,back,74.17162543718833,74.63749999999999,9.01,66.02878390541571,47.95503016336235,14.89693255731146,28.93123675264937,79.15914624060335,73.5083617218291,8.608716094584281,26.682469836637637,8.142841531772618,True,False
e739acb2-76f6-4fa0-afc1-958c032fc130,0.7170366446309228,1,3,9,mid,57.25807591708007,57.925,31.875,66.90005748072583,54.07173641927657,8.569727561958047,23.335678271631743,77.71062503048552,75.0363417127602,-8.975057480725837,3.8532635807234286,-9.641981563645764,True,True
e74094ab-36d1-49d4-85d1-7d763c8e7941,10.605511535500247,0,0,9,back,67.91892833010525,74.2875,67.235,69.58283858182554,53.72880659885347,24.263305858799573,36.76106291733498,83.24953301523921,77.81932585209411,4.704661418174453,20.558693401146527,-1.6639102517202957,False,False
e74e7383-6843-42e4-ac7e-d09e2979c763,5.768828057158512,0,1,9,back,63.18183037942689,66.2375,0.765,65.62386364977115,51.01844006045498,16.816362756561325,40.20822654006815,79.14844658671393,72.65249284036767,0.6136363502288447,15.21905993954502,-2.442033270344261,False,False
e7534bf1-538a-4da2-82cf-9038c5361085,1.7446795449880614,1,2,8,mid,41.99189653277723,43.39999999999999,62.05,59.354498240618874,42.91098168634912,15.4679298781991,34.10379189594646,63.63258221368566,55.9956234143132,-15.954498240618882,0.4890183136508739,-17.36260170784164,True,True
e76685bd-ed1d-4d29-9d57-45f19324860a,24.277473335636852,0,0,9,back,65.26998111520129,42.78750000000001,61.03,69.32199263822355,54.54698279597402,25.38420212167729,33.85076174664532,77.65781833995817,72.74730110721188,-26.53449263822354,-11.759482795974009,-4.052011523022259,False,False
e7714317-2096-4071-9a8a-95f1c286463a,14.921614980060593,0,0,8,mid,49.05278796523372,42.96249999999999,55.75999999999999,66.93213070426337,53.44183352062678,21.17449782479514,53.93592690898425,71.95137188584371,70.80290317377022,-23.96963070426338,-10.479333520626788,-17.879342739029653,False,False
e77dea0c-31fd-4b81-a8be-07d74e7cb3f3,2.246029126870407,1,1,8,back,72.64059765901342,73.9375,65.36500000000001,73.40183543279906,60.48962794665582,17.377241070581967,41.93639870164756,99.07493681562802,87.7753994167669,0.5356645672009392,13.447872053344177,-0.7612377737856377,True,True
e7bfae4a-c9d9-4249-ad3a-9652c3a09f73,3.608907706597249,1,1,9,back,72.27143814429196,72.975,57.545,72.54413057074231,55.94320948520469,11.296528053989668,25.43538469945089,90.17622528888366,77.3626010890145,0.4308694292576831,17.031790514795304,-0.2726924264503481,True,False
e7db2bed-293b-472b-8bed-a94c01b219fc,0.4143884368093525,2,5,9,back,66.81064636552608,67.1125,17.764999999999997,70.43637898074567,53.04916591850245,5.8228568251197,14.694707973741684,76.67408792414908,74.75940808552801,-3.3238789807456754,14.063334081497544,-3.62573261521959,True,True
e7e217bb-7386-46ba-a427-2189d38c2b15,8.581881786059089,0,1,9,back,65.72684173022705,72.01249999999999,62.98499999999999,67.51097756354065,52.90889838772277,13.590228774132214,40.95877482685421,84.43161876749905,74.80264801574974,4.501522436459339,19.103601612277217,-1.7841358333135986,False,False
e80924e3-c3ea-430c-aafe-618aec6cac59,6.762163644798717,0,2,9,back,69.8398108914746,66.4125,20.4,62.92543959255497,48.19261779856048,16.080183517640997,29.44881446000189,73.8166010633792,70.94833634472084,3.4870604074450213,18.219882201439518,6.914371298919626,False,False
e8a3d8a0-21a9-49ee-af2d-33783cfd76eb,0.492112745808349,1,3,8,back,80.02631092394162,80.325,25.84,85.18756203577105,67.45258527096448,11.893451727245017,23.05852058261459,93.37427784141371,89.74431503239825,-4.862562035771049,12.872414729035526,-5.161251111829429,True,True
e9412efd-5765-4c43-813f-33836eacea39,7.610483491624735,0,1,9,back,67.02454880219285,74.1125,8.584999999999999,64.21094101839232,46.75576408713697,22.41035627287424,35.85219051077572,74.4440252526099,69.88082205979396,9.901558981607678,27.35673591286303,2.813607783800535,False,False
e946a99d-740f-4f5e-a8ac-124e54aa72a5,4.8569142429941925,1,3,8,back,86.9629633071556,84.7875,15.81,83.42442977331557,74.38311737318166,15.350309811330678,42.0620303839474,95.17378638687677,89.51408568873086,1.3630702266844281,10.404382626818332,3.538533533840038,True,False
e948159a-68a5-4f18-ac30-5316191a8a2b,8.274167477410497,0,1,9,back,71.39655610245308,74.1125,58.99,66.11417044189767,51.883392324725264,11.737367113712745,33.697860935441106,80.59510102246918,70.92832859415779,7.998329558102327,22.229107675274733,5.282385660555406,False,False
e95c0bde-a6ae-4c90-97d7-f17805bfecf9,3.980368845287246,1,3,9,back,69.32663230762171,65.8875,22.355,67.92655561108693,52.00295000558998,6.274666461618192,14.333874783751028,76.08664324687001,72.0766396230408,-2.0390556110869227,13.884549994410023,1.4000766965347822,True,False
e95f6d34-1ea9-41d4-a70f-5139626c92f0,11.981344265154403,0,0,9,back,65.32373170918923,77.175,26.69,66.91967299929087,52.6934854777266,11.276987386465834,32.66080813855764,79.27595464391592,77.03935455142238,10.25532700070913,24.4815145222734,-1.595941290101635,False,False
e97d86cc-dd49-4c18-87dc-d81d45dbdbe7,6.5155973401727385,0,1,9,back,74.93609137872842,80.85,43.35,71.59037884126182,54.12862390158425,9.649269097945004,29.963621203443296,80.84999966621399,73.1115459907426,9.25962115873817,26.721376098415746,3.3457125374665964,False,False
e9ad0bba-8818-4776-b92d-cb9317a845b2,7.583187279547633,0,2,8,back,55.58096712293726,56.0,16.744999999999997,56.107892464523616,46.99125234675444,7.960633371876199,18.998365080117637,67.41143099941051,62.8000483492288,-0.10789246452361567,9.008747653245557,-0.526925341586356,False,False
e9b4ae6d-2e9e-44b2-b130-4669588184a3,9.719488219393,0,1,9,back,88.88028838953062,98.35,33.32,76.34262064865712,53.848802560680625,15.46210184682159,37.9291844770657,98.3500000834465,89.39069983975013,22.007379351342877,44.50119743931937,12.537667740873502,False,False
e9e10452-343a-4f54-b78e-1be33fa3c0dc,9.449308117265444,0,1,8,back,79.94574432851564,83.0375,60.17999999999999,74.1426043097961,62.34610656153861,11.275339179642293,35.352948400397324,84.20266227284745,78.80793925375019,8.894895690203896,20.691393438461382,5.803140018719546,False,False
e9e7de82-dda3-412e-9721-f6d76ac35089,9.03504226208567,0,1,9,back,59.35258945761379,65.8875,3.655,58.64994621112724,47.50165949344595,13.579023371489397,38.18747416499122,73.17845011622892,63.67850457712572,7.237553788872766,18.385840506554054,0.7026432464865522,False,False
e9fe7709-1684-4950-8fea-21b703d61593,4.327672657661043,2,4,9,mid,59.29131404492709,63.525,55.675,70.03176977166949,55.54268904662202,11.746420664574975,26.29527203208657,71.06913845230764,68.87969266145375,-6.506769771669489,7.982310953377976,-10.740455726742397,True,False
ea0a84ad-3a9e-45d4-88ef-e0b8ff046867,4.46910108532602,1,1,9,back,77.56018905165911,73.675,27.03,75.50251243384186,56.02014184109887,12.974138021867264,26.91936012149596,84.15560382625743,79.52254501940581,-1.8275124338418607,17.654858158901128,2.0576766178172505,True,False
ea0d3f5b-3c38-414f-a836-0371530a6b53,14.578936337685924,0,0,8,back,68.09793538593132,82.6,25.415,60.91615230421427,49.47416780288136,10.08179751038216,21.798303597306138,82.59999966621399,74.61134275079293,21.683847695785722,33.12583219711863,7.18178308171705,False,False
ea18a331-5952-423e-9a11-581b7849b7a2,3.126063210709539,2,3,8,back,72.71057713770134,70.9625,52.870000000000005,72.69169262527333,59.2686097526366,8.046336259203507,23.516870318967385,82.68189062716272,77.81123901980646,-1.7291926252733276,11.693890247363406,0.018884512428002154,True,False
ea5f1d79-ff7e-4c30-b7d8-dcb3e8d61e14,13.294765845606333,0,0,9,back,87.12632576210106,91.9625,42.755,77.22381454256778,54.748079729270714,14.76788528627094,34.83553634750069,99.51616886311793,90.95977993686469,14.738685457432226,37.21442027072929,9.902511219533281,False,False
ea60f76c-6642-400d-ad54-76cd98963396,13.380414745268888,0,0,9,back,78.60570179858696,79.1,45.56,63.97162723939827,46.04878909062821,12.138326151825414,33.47348403060711,94.89222629871179,82.14775213971022,15.12837276060172,33.05121090937178,14.63407455918869,False,False
ea77a8b3-a706-4e86-8367-da5af59f18ea,2.428838259090696,1,2,9,mid,60.95805131498824,63.175,57.88499999999999,75.38981203087998,56.5388819487214,17.201233652509934,31.6704307835319,85.57946425797402,81.60703786683473,-12.214812030879983,6.636118051278601,-14.431760715891741,True,True
ea8fd9d2-6e8f-47c7-b44b-3cc26b191929,8.928046999737889,0,1,8,back,59.852717539326775,68.775,25.245,59.07036300852368,51.40931815651032,10.62786618921418,29.14826317720464,75.64104087269112,70.59058192801302,9.704636991476328,17.36568184348969,0.7823545308030972,False,False
eafc2318-639f-4986-a973-139cdda22dcc,10.814830332963458,0,0,9,back,69.24935929931883,79.8,49.385,65.96904808647378,53.902006855860286,12.846648088814792,31.90482858726689,81.78285324381285,77.22009687097884,13.83095191352622,25.89799314413971,3.2803112128450493,False,False
eb050d67-8bfe-4527-ae99-6b47de0e14fb,2.3436135635145035,3,3,9,back,68.76497455965978,69.125,6.8,64.88432412588402,52.1253165820918,13.69841750663286,26.12648033138892,79.30645312803117,72.88944578986997,4.240675874115979,16.9996834179082,3.880650433775756,True,True
eb1bc49b-0961-4b5b-9f62-ffc857d456c6,16.968329494285577,0,0,9,back,71.60244058436548,87.4125,36.125,63.62103955531992,50.84143851946033,7.226630619635301,20.24444973082931,87.41249966621399,76.57083728880946,23.791460444680077,36.57106148053966,7.981401029045564,False,False
eb42a911-5afe-4924-9e86-f0aa7f45d346,2.182131582388415,1,2,9,mid,52.77237586711746,54.95,7.055000000000001,62.48614466925476,50.63350825970528,12.692724806444282,30.83201590224429,79.32720107124283,69.11961118122454,-7.53614466925476,4.3164917402947225,-9.713768802137302,True,True
ebb4276f-e981-4aad-a63e-b907f1bc86ac,8.83683902457193,0,1,9,back,60.48854922468966,62.825,61.795,64.04004173372587,47.18066483085764,17.74269292139735,39.767457988539896,80.65358385026236,75.39716002727872,-1.2150417337258688,15.644335169142366,-3.5514925090362084,False,False
ebf0ab1f-d1aa-4f2e-854a-937d1c252fb8,2.4081246215403493,1,2,9,back,68.44215876122698,70.7875,25.16,62.91941956582833,47.18695075921241,13.104679628493184,33.62254947553707,76.1916704447168,71.96619716730801,7.868080434171667,23.600549240787586,5.52273919539865,True,True
ebf1f84c-8511-496a-8bae-a38910f098b4,1.306465665971659,2,3,8,back,49.70616644329028,51.0125,57.63,57.81638711411384,45.54133809437636,7.885848068334191,15.018272840490347,72.49501960475335,62.63285718489131,-6.803887114113834,5.471161905623646,-8.110220670823558,True,True
ec103692-5dc4-4458-9f16-eee3bb276091,9.644680434661197,0,1,9,back,69.04630927787682,67.9,60.17999999999999,61.68836891103662,46.51029348697054,15.855827856348371,41.59905296694284,74.62212119576529,69.8984878629897,6.211631088963387,21.389706513029466,7.357940366840197,False,False
ec4aeddb-d5d8-4fcd-a81d-4ebbfc45513e,3.2953233422854025,1,1,8,back,70.65399562663472,73.32499999999999,16.830000000000002,64.4872600156269,48.23802278156432,9.382177324008676,27.10617933224367,76.72758552801089,72.04346807117551,8.837739984373087,25.08697721843567,6.166735611007823,True,False
ec82024a-169d-4f4b-a4b4-77858f1c80cf,4.776422517013948,1,4,9,back,70.95058257671363,66.2375,65.28,68.15628879651094,53.08755313497282,7.460261915365436,18.41653546687423,87.22402144355988,79.48809549559388,-1.9187887965109383,13.149946865027175,2.7942937802026933,True,False
ec97aa7b-d356-48fe-b4cb-8b23561d43cb,5.307701469789796,0,2,9,back,58.30417702736324,63.0,64.6,59.00886674610954,47.89313786731539,16.523528282425186,41.80717797432664,63.0,59.51893404630415,3.9911332538904603,15.106862132684611,-0.7046897187463017,False,False
ec9c5990-68c1-4d1b-acd6-c61a2e673ffa,6.0142039375670855,0,2,8,back,71.71277554782561,75.51249999999999,65.875,73.94367220958551,54.26996109154433,6.901350795617262,20.91011600034068,86.56439288863339,81.96473906393886,1.568827790414474,21.242538908455657,-2.2308966617598998,False,False
ecac9fcb-54fe-451c-b079-9b07a3879747,4.12168290564053,1,1,8,back,83.88779682421487,87.325,32.129999999999995,79.2140309586246,62.96603493408276,13.13749599645546,27.096735655204377,88.8629996928049,81.93590264028015,8.110969041375398,24.358965065917246,4.673765865590269,True,False
ecb535f0-8b70-4fc9-b928-9577ff5224f1,10.15614334685434,0,0,9,mid,54.55330915654716,48.7375,22.185,67.86551011936668,51.919373045700226,14.490260728166454,33.904318565175345,70.02890380682825,62.94805392924408,-19.128010119366678,-3.181873045700229,-13.312200962819517,False,False
ecbd5ade-eb1a-47fc-a4eb-8d119196bc1e,18.697791039644287,0,0,9,back,78.88480401910049,97.3,25.415,75.43071846729973,56.08399528420631,16.56724926120821,36.343041112397145,97.299999833107,88.31000507156699,21.86928153270027,41.21600471579369,3.454085551800759,False,False
ed01405e-12d4-4469-8a47-03cc601ff8b2,6.153330082171817,0,1,9,back,68.33850799017407,74.2875,24.48,63.28115994649691,48.176420492197906,13.735114152005227,26.398675265403146,74.46712004820226,71.87633964339659,11.00634005350308,26.11107950780209,5.057348043677152,False,False
ed2af431-a886-4a5e-8ccf-111693f6140f,3.6655850192618944,1,1,9,back,68.14258726218111,71.3125,3.91,65.72345353950217,50.82680035303461,10.953848122543716,28.88386002787094,81.96623721151441,75.22383168897301,5.589046460497826,20.485699646965386,2.419133722678936,True,False
ed9df273-0e52-4c0c-9636-be11366e6c25,18.821965945540324,0,0,8,mid,57.73887244837633,39.1125,21.59,71.31232182474669,57.53107422388595,10.571266502215448,19.033995740289857,76.48657144988738,68.15980962655593,-32.19982182474669,-18.418574223885955,-13.573449376370363,False,False
edc8d747-2771-4e6e-b30d-50132cd09fa0,7.937028777465336,0,1,9,back,92.52349558652405,98.0875,29.41,76.50026118018067,56.0347260400968,13.4723339154089,37.314088886657,98.0874999165535,87.59715432304387,21.587238819819333,42.052773959903206,16.023234406343377,False,False
edface8e-6e2b-4e58-94fa-68966e07fa5b,4.276299601268431,1,2,9,back,58.93747792953525,61.6875,38.59,60.70579300998427,45.782139501750386,10.185388822327916,27.49640370614232,70.59884585578232,66.80988450523547,0.9817069900157307,15.905360498249614,-1.768315080449021,True,False
ee05a2c3-18a2-4671-8f81-424d11a0e94d,2.493487064354159,1,1,8,mid,64.90977814300498,67.2875,56.525,73.94026041611096,59.45152057989456,10.938031067982294,27.516611649215463,83.50985089835972,80.94196213666817,-6.652760416110965,7.835979420105431,-9.030482273105974,True,True
ee0e7393-eec1-4af9-bf38-fcb31e200865,7.359079288764715,0,1,9,back,63.594848778464595,67.375,64.77,66.28859573806368,50.339757223598,13.629972600700585,31.536229126505734,79.83650126944536,71.22327353966264,1.0864042619363232,17.035242776402,-2.693746959599082,False,False
ee187835-f655-49cf-8160-88c82d6eade9,0.8951456868363671,2,2,9,back,68.23769175056415,67.375,24.055,72.54528239266945,55.29598943090261,5.5471665681933775,13.675355039412638,79.1574031701963,76.59511938251933,-5.170282392669449,12.079010569097392,-4.307590642105296,True,True
ee3e5fe5-3521-4afb-888b-0ae58afb51b2,4.162909092480291,1,3,8,back,58.72381866739266,61.1625,23.46,60.36777886850619,52.54103865025204,11.931555908366349,29.35901033565193,76.35947411330983,72.32471849697036,0.7947211314938087,8.62146134974796,-1.6439602011135293,True,False
ee59d622-1cfc-46d3-b63e-b640cc28a678,4.584042977183993,1,1,9,back,69.54100068198684,73.5,9.69,60.701673165974576,48.09308601717834,12.71812695998636,34.425301442843875,73.5,70.3154188925103,12.798326834025424,25.406913982821663,8.839327516012268,True,False
ee828c03-c81b-491e-b83a-f68bfdaa4525,7.638844023971159,0,1,9,back,82.9082368620756,89.1625,46.325,72.3449715475566,53.237593074154624,14.098455957673742,36.24903130096708,99.79780211115734,87.98609778455179,16.817528452443398,35.92490692584537,10.563265314519,False,False
ee984f00-97e5-41f2-acbc-a13818640c15,1.418315965364501,1,4,9,mid,61.06054916999488,61.8625,49.3,68.76754306686925,54.78190174812794,16.185462824818604,31.439072759166542,75.78324966030029,71.86545197403362,-6.905043066869254,7.080598251872054,-7.706993896874373,True,True
eefbfdce-65da-4078-81be-d4899e70e7b0,4.872816747895434,1,1,9,back,81.88338645792481,85.4875,43.52,67.71027171755948,54.07186408917627,13.685642892446404,35.632818345614474,90.59802955433034,84.90029785351595,17.777228282440518,31.415635910823724,14.173114740365335,True,False
ef110ca6-31f5-40ee-a89b-56ed001779e6,8.250963142379977,0,1,9,back,84.96657065045163,93.1875,38.76,79.16577924888195,53.17923146496654,12.329746474852096,29.211043088858048,93.1875,86.72232884895479,14.021720751118053,40.00826853503346,5.800791401569683,False,False
ef2c341c-373b-4de8-8f43-b7fd7b46ed01,1.0810073571301555,3,3,9,back,67.31166108863087,68.25,47.77,66.44812119417996,49.33603112150418,12.248411047735196,29.479343643048317,75.38471332638386,68.98635814435235,1.8018788058200386,18.913968878495822,0.8635398944509092,True,True
ef3770d9-bdfc-415d-ae1b-5af9d12e0db3,3.0522086515084528,1,3,9,back,65.28185250907288,66.7625,39.61,67.99193442736356,54.00489452236728,10.053783461294437,27.366993855159823,76.55456567117024,68.30892893682767,-1.2294344273635573,12.757605477632723,-2.7100819182906832,True,False
ef7e364a-31b7-4848-a6b6-cd849632533b,10.533990011094032,0,0,9,back,85.82825810997254,90.3875,44.285,75.5535440344145,53.4421285410595,16.217067791049978,36.34227317182197,90.38749933242798,84.06671781227547,14.833955965585503,36.9453714589405,10.274714075558038,False,False
efc1afca-0ed5-48d7-b5b9-7c5b1a11e45e,8.512422516026648,0,1,9,back,69.38298350107263,76.0375,17.764999999999997,63.25039120262845,46.057294358620155,12.071217672844938,31.715096229931884,76.75775376297871,71.69352506590774,12.787108797371545,29.98020564137984,6.13259229844418,False,False
efd1c2f0-b550-4452-ad34-5e4a1df9afe5,6.628713626830233,0,1,9,back,67.89728935759457,69.9125,19.465,63.107238020578315,45.01292581045524,18.456316131948824,28.78052821434856,80.60229524845995,68.26899562039408,6.8052619794216795,24.89957418954475,4.7900513370162585,False,False
efd7a170-d60d-469e-8a84-b1052e0c842f,7.112959802640885,0,1,9,back,70.67219396945572,74.55,14.535,63.711435895245714,43.59217889180452,13.120639963557585,30.52055383219884,74.55000066757202,70.43308842735433,10.838564104754283,30.957821108195475,6.9607580742100055,False,False
f0495ff0-8996-4a11-be74-8aa3e8121c24,22.640651208705115,0,0,9,mid,52.72866366164928,37.625,52.53,70.26494724640719,55.40270915753261,18.85833858081405,47.73737123500225,77.8513125077848,75.23440466362287,-32.63994724640719,-17.777709157532612,-17.53628358475791,False,False
f08256ae-87cd-4aa6-93da-9c96e786d12e,5.718576859702326,0,2,9,back,96.4326245375719,101.85,37.655,89.75136130403982,65.15192575277584,8.619046540811787,18.501302587122037,101.8500000834465,95.09886715824005,12.098638695960176,36.698074247224156,6.6812632335320785,False,False
f09b47c0-69f9-4ef6-99ed-972c809131a8,10.316418308178479,0,0,9,back,75.72410462335314,84.9625,33.575,72.00823907616976,55.17767449868558,8.65286252867767,26.576738580316253,87.24245799788017,80.07318250475032,12.954260923830248,29.784825501314423,3.715865547183384,False,False
f09d5d96-d249-497d-b6ca-60d1d0c79830,0.5212469994606275,1,2,9,mid,55.08386265414458,55.5625,7.225,65.6237489637752,50.35814636972924,12.662072895071027,31.706123955713245,76.19040264572544,71.1199538891793,-10.0612489637752,5.204353630270759,-10.539886309630617,True,True
f0aba190-df53-4175-9a50-03d2f045ed02,3.467908159450924,1,4,9,back,60.4426162814359,63.875,35.870000000000005,62.61296240530569,51.25793519561453,8.301332210549933,18.133677842695597,72.76146479068683,67.05417121937337,1.2620375946943128,12.617064804385471,-2.170346123869784,True,False
f0bcd70f-040e-4f06-b6c3-968c8119353c,6.615738127118759,0,1,8,back,50.94165465962532,57.05,2.72,57.08842127660752,47.2641988360326,12.073580505549415,30.95340236043245,69.31763000115065,63.3501819096534,-0.03842127660752226,9.785801163967399,-6.146766616982198,False,False
f0bf6a63-a4e7-4ff7-8648-cfa5260e6389,9.463292259364476,0,1,9,back,83.9720151633403,91.35,30.175,69.98413117031721,48.446874716701856,8.862490002665094,25.85093731265789,91.34999966621399,82.29253570408525,21.365868829682782,42.90312528329814,13.98788399302309,False,False
f0c61b57-f61f-4699-a81b-a325d81e045c,1.0165720691709694,3,4,9,back,64.6165296208544,64.4,30.515,69.65935980634325,54.31950091102321,10.422352956356193,16.44137226400014,78.35869724333577,75.7368441511554,-5.259359806343241,10.080499088976794,-5.042830185488853,True,True
f0eb0be8-ecc2-43e9-82be-94996ffbf0b0,5.645094484515333,0,1,9,back,58.78955070620561,61.3375,2.21,59.702151093157156,46.90013554175958,16.126876175295347,30.247501127196244,67.57612180003545,60.58912823336414,1.635348906842843,14.437364458240417,-0.9126003869515458,False,False
f0f4a087-5971-464e-9d6e-a20887bad49e,5.908608106411284,0,1,9,back,64.96891539916805,70.4375,6.12,61.10257448861863,45.42103129238029,9.99710030632522,25.681098109586337,82.18761115403265,74.23248287001113,9.334925511381371,25.01646870761971,3.8663409105494253,False,False
f11a825c-b6de-44c8-bfa5-06370d0b0e88,14.224243263702995,0,0,8,mid,54.35046876193685,40.77499999999999,36.465,65.40470568607593,54.46812473608593,9.060810385224386,22.525668027309248,65.93719202970013,62.262027829423154,-24.629705686075937,-13.693124736085942,-11.054236924139076,False,False
f12fcfa2-9ff2-42f9-a36f-8156ce813209,2.7026104142803704,1,2,9,back,74.62453894542405,74.9,60.690000000000005,64.55506626868794,48.47544944359233,24.92546772967636,36.94524770399392,74.89999866485596,69.39923263785273,10.344933731312068,26.424550556407674,10.069472676736112,True,True
f1aa77d7-79f5-4f5a-a27e-89f3c350a0b9,1.5603470641927848,1,2,9,back,75.62052021028921,74.1125,16.235,70.05581314729945,51.54161106663285,8.82030479583107,27.442266942269736,74.11250066757202,71.1264038698865,4.056686852700551,22.570888933367144,5.564707062989768,True,True
f1b48c3c-458c-42c1-96e6-f6c1cfaf0b26,1.1145685075596814,1,3,8,back,55.04247823179245,55.3875,56.78,59.67940230334823,47.19145360888691,16.151381073227306,44.26667582842458,82.8720707438213,71.03536766386296,-4.29190230334823,8.196046391113093,-4.636924071555782,True,True
f1b5fc54-83cc-4a38-8468-f9849ed06e0f,10.131399227636168,0,0,9,mid,44.14866994924327,36.39999999999999,31.62,69.5772247687638,51.0761951115587,7.546765126212897,20.330938119776494,71.46683932909792,65.93096969189851,-33.17722476876381,-14.676195111558705,-25.428554819520528,False,False
f1b8e409-63cc-4d81-a82f-c84be513c17e,11.16016282194376,0,0,9,back,82.52611301135225,91.2625,34.0,69.75564839088557,50.40247387852561,10.361768605014523,29.73909894685429,91.262500166893,82.1646559755536,21.506851609114435,40.86002612147439,12.770464620466683,False,False
f1b97c48-56f0-4d92-b597-4d7c468ddc8e,2.281861956934869,1,3,8,back,58.91908800994879,60.9875,13.939999999999998,58.276168754957475,44.307779721856626,7.9557730953007955,21.108976879975778,61.03431866179952,57.6716932774919,2.7113312450425227,16.67972027814337,0.6429192549913125,True,True
f1d3048b-723b-48a0-8973-dfec96fa96dd,6.34500701299868,0,1,8,back,84.40888514487469,78.225,13.77,75.372738364439,60.12750923994449,8.554626087793467,17.727137748589076,86.27852481829157,78.45169641449428,2.8522616355609927,18.097490760055507,9.036146780435686,False,False
f1d50113-c507-4692-9266-864ae15faed5,1.918996617378869,2,5,9,mid,53.9642427782832,54.25,35.870000000000005,64.75760462896923,49.17911685032124,18.00400066089222,30.3798770944972,73.29020705482975,70.40986480887699,-10.507604628969233,5.070883149678757,-10.793361850686033,True,True
f201a69a-719c-42d0-9bee-0892b4d07e94,2.182131582388415,1,2,9,mid,52.77237586711746,54.95,7.055000000000001,62.48614466925476,50.63350825970528,12.692724806444282,30.83201590224429,79.32720107124283,69.11961118122454,-7.53614466925476,4.3164917402947225,-9.713768802137302,True,True
f23a9419-1653-474c-aaed-83d988230b6b,3.087567442138531,1,1,9,mid,64.66653887100651,67.2875,4.165,76.30657631988055,59.48985980588284,18.48072391081764,30.557061690723955,86.97698415902877,82.30076957885595,-9.019076319880554,7.797640194117157,-11.64003744887404,True,False
f240500b-5c82-4e66-8626-e72b1ef1fceb,3.223872032037071,1,2,8,back,77.20001803221533,74.1125,11.39,83.74171531587311,68.07438631157189,13.727048657444792,28.835066221884706,91.15442431483126,87.71472918035813,-9.629215315873111,6.038113688428112,-6.541697283657783,True,False
f24f8662-6b6f-432d-8c75-19eda413516f,2.574040538208434,1,2,9,back,75.34948017238733,75.3375,4.505,73.38198920021907,55.9990861709703,7.873768092254352,17.029919210824794,89.5851743270473,83.06314838635834,1.9555107997809387,19.338413829029705,1.9674909721682639,True,True
f2bb951d-33c1-4db5-9b2f-3e8bf6158558,12.87692576892269,0,0,9,back,69.46458540726283,80.5875,47.6,60.66927969298351,48.780431947975174,11.403875800950733,30.089176647144992,88.45447915787476,79.1583565574489,19.918220307016497,31.80706805202483,8.795305714279323,False,False
f2c335da-e892-4c20-8ca1-5f3c9606b59b,9.707324975026133,0,1,9,back,67.25348175696953,76.9125,50.575,65.48605149109734,50.02144716406751,9.114044060908576,31.108278218752115,76.91250133514404,70.9123514710269,11.426448508902652,26.891052835932484,1.7674302658721928,False,False
f2c9b1d8-ba0e-4e5d-b3cb-ee8b3c83bc77,5.8387026574081835,0,1,8,back,92.05357123777571,97.825,6.969999999999999,81.64085439397427,70.5211979824982,15.729329807827764,24.27879257185802,97.825000166893,89.16930542270984,16.184145606025737,27.30380201750181,10.412716843801448,False,False
f2fe758b-a978-4964-9d19-bebeffa72cfc,0.8364868827592733,1,3,8,back,54.58549355063517,55.3,66.215,63.16702478486663,48.86141109909898,25.089116823421232,43.38673033065906,81.8047428421145,68.52347204612364,-7.867024784866636,6.438588900901017,-8.581531234231463,True,True
f30b3b05-51e8-4eb5-8d66-b3d7fdba7dfd,8.621095943378087,0,1,9,mid,49.08613232985414,40.95,52.870000000000005,63.445638930115585,43.92799749261452,22.24782762004066,43.1965495338797,74.37353942930535,71.72236029672533,-22.495638930115582,-2.97799749261452,-14.359506600261447,False,False
f312542b-9356-4a46-ba96-e758bd6be16e,9.674356988778749,0,1,8,back,83.75933114184241,85.1375,55.845,70.30085382635974,56.95936710976324,16.431385433025937,41.207317895268574,85.13749933242798,82.03536343577773,14.836646173640261,28.17813289023676,13.458477315482668,False,False
f3315526-ecd7-4a5c-8611-7bc6d889b8e2,3.867123744391686,1,3,9,back,62.55307500724987,65.975,17.849999999999998,63.11934613655561,47.71585055788868,13.547613617518792,31.052956905039185,66.01743004979457,64.07653779467489,2.855653863444381,18.259149442111315,-0.5662711293057399,True,False
f33774c7-2afb-49dc-8103-5550973d1df6,8.609125194365838,0,1,9,back,72.99689634327041,80.5,55.08,65.68968855245629,51.428985940848065,12.43712549935351,33.78556599306852,91.85780033966894,80.10384601188997,14.810311447543711,29.071014059151935,7.307207790814118,False,False
f357378d-52e5-4c90-98f3-b2266b5cca8f,11.281729473221969,0,0,9,back,69.42126874222811,72.7125,47.6,64.36906499628307,47.3203324742695,16.79910213503058,32.170685225150244,81.37470638583329,75.5321285889519,8.343435003716934,25.392167525730507,5.052203745945036,False,False
f36d0c2e-c770-4f0a-b92c-fb5c184b2b7e,2.7903231362170318,1,2,9,mid,52.39089597829109,55.125,5.779999999999999,61.89319834592813,46.44460938000257,8.417791498252651,17.69643111488883,74.01019748196487,69.10329834740685,-6.768198345928127,8.680390619997432,-9.502302367637036,True,True
f3afd8f7-bec0-4631-8455-36638251880c,3.219509698664471,2,3,9,back,68.31902067267765,65.1,51.935,70.9520489697036,55.957393274290226,7.5151758210329405,14.60811212666782,81.58841848186506,72.97778291503433,-5.852048969703603,9.142606725709769,-2.6330282970259447,True,False
f4447b39-5140-4b38-a601-17cd41e23491,2.7447536888194284,1,2,9,back,69.07128884318732,69.65,26.095,62.62689057064873,45.02434011742017,12.775868571620684,25.12600897177581,72.8859136705826,68.04435854165027,7.023109429351273,24.62565988257984,6.444398272538585,True,True
f478e816-b260-420f-87b4-501b72a71b74,2.3167242024080794,2,2,8,back,57.752143712015105,60.025,66.38499999999999,60.60497910483192,47.26785579503366,12.24101580919077,32.51112659283144,72.434549819517,63.06322779210663,-0.5799791048319207,12.757144204966337,-2.8528353928168144,True,True
f4b2c6cc-f8c5-4f37-89a1-e3cb2847b8a6,3.2485355345653226,1,2,9,back,65.78689086337832,68.425,53.04,62.54924516922308,43.438418603525754,11.463848939843537,25.985123277197506,74.36608872404705,68.91730127313062,5.87575483077692,24.986581396474243,3.2376456941552405,True,False
f4ccee2d-ffda-4092-9580-76db514fb775,1.1569676084292744,1,2,9,back,72.50571727245381,72.01249999999999,29.835,62.71873928585002,45.75723538579831,11.524625700084504,36.78394018386921,77.4777004029341,73.64117424518192,9.293760714149968,26.25526461420168,9.786977986603787,True,True
f5038abb-dd4d-4293-8a37-5dbac12842f6,9.751611250952704,0,1,9,back,65.34514270874223,72.3625,18.87,59.92209818574857,47.37156486705953,13.87905492489277,30.451460215717237,76.07686690810107,71.66719678953183,12.44040181425143,24.990935132940464,5.4230445229936635,False,False
f51df93f-56ce-413c-b67d-33d7de243698,6.153330082171817,0,1,9,back,68.33850799017407,74.2875,24.48,63.28115994649691,48.176420492197906,13.735114152005227,26.398675265403146,74.46712004820226,71.87633964339659,11.00634005350308,26.11107950780209,5.057348043677152,False,False
f541bdcf-b54a-403f-b91a-d1cfd879aaf9,2.3579614226266226,1,3,9,back,78.10446832412657,80.15,22.865,76.62130798735063,60.07239007102361,15.97461708921892,30.970516115376046,88.86734754430393,85.06761169775244,3.5286920126493726,20.077609928976393,1.4831603367759385,True,True
f56a4ac5-34c6-4464-9c93-2099e344d95e,18.25061987831689,0,0,9,back,73.78554175511111,91.7875,27.115,66.7995201996818,50.86247418213757,16.477576307124714,27.90743337242409,91.78749966621399,81.24902122195307,24.9879798003182,40.925025817862426,6.986021555429318,False,False
f57146a8-3c0a-4093-8f1c-9aed871a5832,36.973507225711245,0,0,9,mid,73.0794128936171,37.1875,54.23,80.79138170054316,69.58854393576308,7.483267187309565,21.57508351700221,84.1571920202166,79.54122966842314,-43.603881700543155,-32.401043935763084,-7.711968806926052,False,False
f57a7c73-2dbd-48f9-b487-62cbc8a1eac8,6.6278909992134984,0,2,8,back,74.71312851486773,74.55,46.07,73.19391259207347,54.25580061722538,8.278032026857709,23.286611051226448,84.2045366503994,80.17733880126431,1.3560874079265233,20.294199382774615,1.5192159227942597,False,False
f583c232-1d98-4cf7-9172-c29a062aaf26,5.777590212524118,0,1,9,back,78.2696756464267,82.1625,51.765,69.786512336582,53.477934204145875,21.90222347609432,32.63067771974944,82.16249966621399,76.88877284575281,12.375987663417988,28.68456579585412,8.483163309844699,False,False
f5873e51-2d30-480d-a2a1-bf7fe3e5a7a9,3.7968552954747294,1,1,8,back,77.06727540901204,80.7625,47.94,74.55288621532695,57.73420163308361,10.112342655975027,25.66020843211837,81.74653410888371,79.87992899396389,6.209613784673053,23.028298366916395,2.5143891936850906,True,False
f5a0c53f-ab06-4d5a-938e-ed64db032607,17.418906835437284,0,0,9,back,75.0244079823989,92.3125,34.34,65.91022934589708,50.50163798544037,13.253690833696734,32.21535803503909,92.3125,81.8256676330931,26.40227065410292,41.81086201455963,9.11417863650182,False,False
f62df9fd-e730-46e4-bae2-32dda942e783,3.796854645771661,1,1,8,back,76.80477607658406,80.5,47.94,74.29038688289897,57.47170230065563,10.112342655975027,25.66020843211837,81.48403477645573,79.61742966153591,6.2096131171010285,23.02829769934437,2.5143891936850906,True,False
f640c773-45f5-4ed0-af07-2b9bdd179a89,14.675643328522703,0,0,9,back,77.80545339085108,92.225,47.26,70.08519470536619,52.11733564506983,16.103783474573632,26.494099970535704,97.71872827403784,91.35567462460467,22.139805294633803,40.107664354930165,7.720258685484893,False,False
f659117e-f0f4-4cde-a61d-68931bdf8260,1.2162363244253944,1,3,9,back,57.43667305577728,58.45,39.185,67.54347218661212,50.34770695422347,10.49931153481721,22.16554147194588,77.42827827249587,70.60073301069097,-9.093472186612118,8.102293045776534,-10.106799130834844,True,True
f664d72b-c807-4497-b394-720b84f22e10,4.5610141156884305,1,2,8,back,82.1149061894881,82.425,49.98,77.88026330209877,63.830338533060306,11.875928481628549,32.6708990191222,88.91531783563676,82.89527439488194,4.544736697901229,18.59466146693969,4.234642887389327,True,False
f693a48e-c32c-409e-a1e0-fb2d45de30bf,1.7456964949841185,1,3,8,mid,54.52594824175948,55.825,39.695,76.99327298583516,55.341506230701945,18.277319472014213,35.23393321261968,87.71742894377232,83.5385339956984,-21.16827298583516,0.48349376929805743,-22.467324744075682,True,True
f6a54393-1096-4fbd-9a8b-d3a84576a011,9.03504226208567,0,1,9,back,59.35258945761379,65.8875,3.655,58.64994621112724,47.50165949344595,13.579023371489397,38.18747416499122,73.17845011622892,63.67850457712572,7.237553788872766,18.385840506554054,0.7026432464865522,False,False
f72a5f70-0294-47c2-948c-2bee8ed9f269,10.170382823781502,0,0,9,back,69.29190010286044,78.75,50.49,62.1916243177494,48.48723463924144,11.43956586813372,29.43482375331593,79.23865309692832,69.99223066052917,16.5583756822506,30.262765360758557,7.100275785111037,False,False
f7727a9c-dda3-453e-bfc1-cfe77a599676,6.9658088618465115,0,4,9,back,51.79799738223504,55.9125,56.1,62.66532891002747,45.53726732570768,18.14769626664729,34.462812141755045,75.44879014464271,66.30001099703051,-6.752828910027468,10.37523267429232,-10.86733152779243,False,False
f7737b9d-fa91-4f2c-98f0-68774244348b,4.6118341456669745,1,3,9,mid,49.09060881165933,53.375,10.115,59.06970735300076,46.26775805013351,17.174471121257486,41.2680195264188,72.9884546905333,68.69187825142896,-5.694707353000759,7.107241949866491,-9.979098541341429,True,False
f78312e3-b543-4ccd-94c1-b876c0e0747d,4.909166053426781,1,1,9,back,65.00610477821084,68.8625,7.734999999999999,64.02579443044911,45.61785362617341,18.29748432207281,32.10879254780871,75.47848314561796,69.84634230504531,4.836705569550887,23.24464637382659,0.9803103477617299,True,False
f7b0fc72-c0a0-4bab-867d-f01eda02a9a8,4.20351121834212,1,1,9,back,68.242890751445,70.35,14.705,61.34570080798737,49.64197088219808,16.287704484020864,37.6588017902502,76.8138621706986,70.1241087822606,9.004299192012624,20.708029117801914,6.897189943457633,True,False
f7da32b2-2fdd-4b64-b412-08e19ea1e8e3,3.262511275518024,2,5,8,back,78.67511875126195,75.425,20.995,82.47917188532705,68.76768558784394,6.362369903364007,14.89521954428566,87.53090332015546,86.07089773943808,-7.054171885327051,6.657314412156055,-3.8040531340651,True,False
f7db574d-cc8f-4974-9558-51c7d8e474e2,30.487213696815996,0,0,9,mid,53.217768270658,35.7,49.98,68.74275046589496,58.00576762788553,12.116991604156038,27.550131610202826,69.84323315327941,66.29448655159774,-33.042750465894954,-22.30576762788553,-15.524982195236959,False,False
f81e095f-263c-49ed-abce-5623408b05a0,1.2014405326823026,1,1,9,back,92.06791213951847,93.1875,36.975,78.7939373320202,56.67366955115808,10.067764395269284,22.464399548343053,94.13693710412703,88.5543069634383,14.393562667979793,36.51383044884192,13.273974807498263,True,True
f81f78aa-554c-4517-9d36-614e66848a0c,2.7809015625230487,1,1,9,back,64.53354428574644,67.2875,34.68,69.48121991970324,54.10091555874678,17.77096504826728,34.046449344675935,79.16423912363902,73.34600777107651,-2.1937199197032413,13.186584441253217,-4.947675633956791,True,True
f863f607-e022-432a-8e9d-4b3868e58704,2.8312527051453125,1,2,9,back,72.86447651907956,72.01249999999999,29.835,63.20968045154481,46.32092601052548,11.354151236150862,36.94156221550677,77.7986729809125,73.75381045029084,8.802819548455176,25.691573989474506,9.654796067534747,True,True
f86ae780-f5ec-4332-a1ff-d3784a8316ce,3.134830949427066,1,2,8,back,53.33048194368955,54.95,55.505,59.54613039558437,43.64654509581906,14.091337914020077,33.23601920242206,69.08937604555837,59.29964380612363,-4.5961303955843675,11.303454904180946,-6.215648451894822,True,False
f8fae503-311d-4a3d-b4a7-c8e314260831,1.8447403472131645,2,3,8,mid,72.16147617290585,73.85,30.94,80.5116042637397,69.29432524270858,13.804931865797286,33.202162227854174,89.34176707543892,82.87360054397442,-6.661604263739704,4.555674757291413,-8.350128090833849,True,True
f98ae2d0-2741-4ce6-8330-5f34f3684879,17.1596452493111,0,0,8,mid,42.711787737651434,47.075,13.005,61.56832156163491,46.5596551674548,20.14520631028432,37.30292013321459,71.20414961209946,69.98959062326068,-14.493321561634907,0.5153448325452032,-18.856533823983476,False,False
f9cdba7d-10db-4a4a-99cd-268f39eecf03,4.40621379248155,1,1,9,mid,57.04191300053907,61.075,65.02499999999999,67.91097652583619,52.56894177534009,20.73487783388914,38.9336787870584,81.48253947770608,68.51620991897902,-6.8359765258361875,8.50605822465991,-10.869063525297122,True,False
f9db7865-3b16-407a-b17b-7a1c02201359,15.009990968927783,0,0,9,back,85.40623731573945,97.9125,34.0,75.53183930925161,55.93260254323893,10.277403447044556,28.650647053173344,97.91249966621399,89.49298185485193,22.380660690748385,41.979897456761066,9.874398006487837,False,False
fa7d7e88-b7c8-43c6-85ee-8cb759a6eb7a,16.544900818589092,0,0,9,mid,49.325093205754314,38.325,13.855,66.3405589768862,50.37560800053872,15.474957602491584,32.57629979362164,72.17308918118461,69.86175788752438,-28.015558976886197,-12.050608000538716,-17.015465771131886,False,False
fb52f75f-4dcd-47b6-9348-ce4b50436ab2,11.841975630963386,0,0,9,back,57.71917444973985,66.2375,7.48,61.81005029589862,49.22919657299997,10.612100003248251,25.65775734734433,84.83919725028272,76.15886171553294,4.427449704101377,17.00830342700003,-4.090875846158767,False,False
fb68955b-4772-415a-83d6-7c67acccb520,5.816386173206179,0,1,9,back,76.32055101590882,81.1125,48.11,69.77631708432574,47.85692457101854,11.912223954714364,38.604146833544206,88.02402864297633,82.22493465131774,11.336182915674257,33.25557542898146,6.544233931583079,False,False
fb6d325a-1830-455c-a7bc-d8f56aff4ec2,3.003432490655958,2,3,9,mid,44.59733502316594,47.60000000000001,47.09,64.52764986296343,47.05454264885972,14.170668148021608,32.87562535796506,76.9375936363347,72.29410154797714,-16.92764986296342,0.5454573511402856,-19.93031483979749,True,False
fb723a48-df43-48fa-88a4-969f794b186d,1.5235594583185987,3,4,8,back,75.92532909882621,74.4625,45.985,74.42710103288817,58.783678221749504,9.803210863052785,20.168835054385266,81.19426945901961,78.39166364573336,0.035398967111831325,15.678821778250501,1.4982280659380365,True,True
fb8bfb14-db1e-46b0-9eb6-67cfb67e4d23,6.306255602934681,0,1,9,back,70.22884104784191,75.775,18.955,64.51519093581611,47.51052876350378,12.970895865995352,38.31183529961494,80.26383262597119,74.7212954225068,11.259809064183898,28.264471236496227,5.713650112025803,False,False
fbd7fd34-c883-45a5-a228-d7ec31d1b237,5.31163408548543,0,3,9,back,67.26860159301441,70.0875,14.875,61.61500238453023,45.10528089670608,20.07407965888096,28.47747519767978,74.09495070432843,68.529231134805,8.472497615469777,24.98221910329393,5.653599208484181,False,False
fbdf1b7c-2b18-4632-a8c7-3aec977e53cd,7.3637968695922655,0,4,8,mid,59.68332347744372,61.5125,12.665,73.72019399670879,55.69659878311504,11.708676716420351,27.709873164906536,85.69831905632361,75.02392435489139,-12.207693996708784,5.81590121688496,-14.036870519265065,False,False
fc09c2f8-07bc-4e10-bc98-385a359a3d05,3.4665973558540664,1,3,9,back,66.84652712240357,68.6,16.744999999999997,65.83662645165761,50.68052765339705,13.00459356330026,28.14767400883246,68.60000133514404,66.77161691620017,2.7633735483423862,17.919472346602944,1.0099006707459637,True,False
fc1c153d-bf75-4bfb-aea6-9900d3b0b970,8.592754509544022,0,1,9,back,81.22938165178978,85.8375,59.075,74.29830112197791,52.28659146878202,15.6064726623826,45.15019621790825,93.05008834223061,81.9159554489544,11.539198878022091,33.550908531217985,6.931080529811865,False,False
fc347c5e-4f8a-4479-99c5-439dfe0f23d0,5.819840509612753,0,3,9,back,66.9943822396823,72.5375,61.455,69.55685392592653,56.11431862554595,13.029976043993436,22.702803662730645,86.07554155266305,75.04383227200952,2.980646074073462,16.423181374454046,-2.562471686244237,False,False
fc3a2e75-7f1d-4db5-983a-b726915a4bd3,0.5187207733772357,1,3,8,mid,60.387161602840024,60.9,43.265,74.47196217885377,58.35939712313253,8.735559749347985,21.32176702043611,88.51401583118539,79.21334277249083,-13.571962178853774,2.5406028768674673,-14.084800576013748,True,True
fc52951a-0366-41d3-84bf-d55592b22617,15.689957825420496,0,0,9,back,85.9548789588266,101.5875,22.525,75.13424378336053,56.49349368641996,11.720376667430749,24.321466427561084,101.5874999165535,84.89508301494928,26.453256216639474,45.094006313580046,10.820635175466066,False,False
fc5facba-b009-4fe4-8a25-e56725c35214,4.528743515207302,1,2,8,back,53.22726069053431,56.9625,67.065,59.48115591500276,46.35919980266977,26.25651497367406,42.75520021400149,70.17600934286446,58.20130189013069,-2.5186559150027605,10.603300197330228,-6.253895224468451,True,False
fc69ce6b-370c-4edf-ae3f-45fb902c7b56,6.320828524155493,0,1,8,back,67.38472263340671,73.5875,32.725,67.141837837,54.96464087562799,9.188392558583292,20.35782850040238,79.6140085383995,74.13018325547628,6.445662163000009,18.622859124372013,0.24288479640671312,False,False
fc704284-4483-46c1-b2c6-1492df5cc159,9.183706128097828,0,1,9,back,62.74161729433239,57.3125,1.7,63.84704912482552,52.61584298174011,13.75285450684165,28.05644986611791,77.16540382529885,71.2189177003924,-6.534549124825517,4.6966570182598915,-1.1054318304931243,False,False
fca4f97b-6561-424f-9351-1bb4803fdf2c,1.9643576921280648,2,5,8,mid,54.84223808679255,53.2875,55.92999999999999,64.06565381745108,51.53537634470177,13.332265855922373,27.60869915268905,78.00292921058909,68.73057757401236,-10.778153817451077,1.7521236552982344,-9.22341573065853,True,True
fca99e90-6679-4327-a1a7-1a65a7ac0cc1,30.86236346123652,0,0,9,mid,56.6443565201138,39.1125,1.615,71.94813194870355,61.11987664630252,11.288662238346284,31.819612017908227,73.64773408796793,68.71957823703912,-32.83563194870355,-22.007376646302525,-15.303775428589745,False,False
fcaf60f8-9f02-4efb-b460-f0f45cdf8899,1.5276784995750239,1,1,8,mid,78.84212206620512,80.325,2.635,84.84953632494572,72.31206051298867,9.312802179743668,24.29285842567817,90.26979666684758,87.40984802377648,-4.524536324945714,8.012939487011337,-6.007414258740596,True,True
fcb7a999-2025-40be-831d-47632875a219,2.4961836515321485,2,5,8,back,62.086054402724976,61.075,46.835,59.1062642673992,48.72409794505636,5.438217920783018,13.13119516561018,71.72638268151914,68.91397194728688,1.9687357326008055,12.350902054943646,2.9797901353257785,True,True
fcbf2fa1-6157-4f30-b89e-7a41ebdd35ee,7.967738667439553,0,3,9,back,65.89384278064149,61.6,65.705,61.02447506018295,50.1814815534585,15.048701102753512,40.07946325300294,81.99874262466649,67.7717072904918,0.5755249398170506,11.418518446541505,4.869367720458541,False,False
fcdd8958-49d3-47f8-8d57-a5594ef6906a,2.0023705776721243,2,2,9,mid,61.83154745478551,63.6125,64.94,74.0601514930618,55.97098818943844,20.62779155349972,41.29709697263496,85.84881771872786,78.2333885776323,-10.447651493061798,7.6415118105615605,-12.228604038276288,True,True
fce4bfd9-689e-4489-8f16-64a4e1a8e310,1.6740102232687084,2,2,9,mid,42.71971287549479,44.27499999999999,7.48,61.02825224989507,44.89749674570431,11.424730533708724,29.399656801305447,82.17978284027157,72.80781931021583,-16.753252249895077,-0.6224967457043178,-18.308539374400276,True,True
fd560699-6f19-4640-a57a-55b05e657974,7.45338663227849,0,1,9,back,86.1031510538768,87.325,49.555,73.92033312367076,53.16270333896272,13.44311073558747,31.88818405054792,87.32499933242798,80.4659547322461,13.404666876329244,34.16229666103728,12.182817930206042,False,False
fd5d97af-d176-4e4c-a648-98694b7471f8,11.447951455963894,0,0,9,back,57.11860373563405,68.425,45.05,63.48340943847578,48.83371274253966,15.94351584623282,33.719874176292926,80.53195214570917,72.51844713531949,4.941590561524215,19.591287257460337,-6.364805702841728,False,False
fd7244d2-55db-4dec-b1d9-3da6fe2ffc6c,3.7729712277041023,1,1,9,back,70.76545903309957,72.5375,3.825,70.60620295605312,52.28305351674372,12.58757783703674,40.79486664208845,85.30880554095222,80.88874718906348,1.93129704394687,20.254446483256274,0.15925607704645017,True,False
fd903042-962d-482e-8873-a55e21f9b119,3.199559801822538,1,1,9,back,73.33306813600684,74.19999999999999,58.565000000000005,75.23007551901968,63.29288987164834,10.052213514361902,30.96320424163316,84.84019504927932,83.29234863130833,-1.0300755190196895,10.907110128351647,-1.8970073830128342,True,False
fd971864-c894-4b69-94c3-6c4c3c844218,6.09957901555737,0,1,9,back,70.59821018039653,75.25,40.885,63.77562942450354,49.19094571581237,10.60740802763295,32.77078221061307,79.9458629534038,74.89174864946912,11.474370575496458,26.05905428418763,6.822580755892993,False,False
fde8109c-e4f7-4e77-a55e-e8046917276f,2.485301888375624,3,4,9,back,64.67394198434593,65.1,34.425,70.28991138844815,55.021258560201304,10.319982799788768,17.176212713618007,79.03396149160658,76.45930387831316,-5.189911388448152,10.07874143979869,-5.615969404102216,True,True
fdf0d49b-4213-4ccf-bb4c-bd47d003122b,0.9795709905706964,1,1,8,back,68.82236154932426,67.9875,36.295,60.03225974718946,44.94812850296512,11.499605560654096,26.422257165788224,73.73044272245477,69.43086814807607,7.95524025281054,23.039371497034878,8.7901018021348,True,True
fe0160b5-00b1-4820-8bef-2ac30ecb741f,5.499272734247099,0,2,9,mid,44.55093995798146,49.2625,33.235,61.32791818061761,46.91866176350746,19.01173936960206,45.91099141469912,68.27138751542685,65.63957118883175,-12.065418180617606,2.3438382364925445,-16.776978222636146,False,False
fe164fe2-c208-4aba-8931-554272c39f69,21.040564923008645,0,0,8,back,61.977794083448146,48.03750000000001,61.115,59.283491147907355,47.03690799564013,17.92437683973567,38.38512791815251,60.24415274787637,55.30164295465385,-11.245991147907347,1.0005920043598806,2.69430293554079,False,False
fe1942ea-cebd-4be2-9e3c-2caf50207f06,0.3605155132989971,1,3,8,back,55.136418929057314,55.475,66.215,64.10852214742276,49.69891497972147,24.23197559708843,43.87948429682344,82.8029798097196,69.46723699289817,-8.63352214742276,5.776085020278529,-8.972103218365447,True,True
fe30d56c-a429-4548-b7ad-fdfe5f572beb,0.8091933599174351,1,4,9,back,56.155977893391075,56.9625,5.27,65.04836632581639,47.00724352542871,21.29656097451917,29.829830987917795,84.13641124191278,71.0832125015479,-8.08586632581639,9.955256474571286,-8.892388432425314,True,True
fe45cb46-d4ee-4d81-a1c3-cc41532b3250,6.431766796093082,0,3,9,back,60.64986974103672,66.5,38.08,60.9222428549097,45.604004106771065,9.977997034226696,26.63531617378651,74.30999126298008,69.32521228636178,5.5777571450903025,20.895995893228935,-0.27237311387298035,False,False
fe4f00e7-9773-4a65-9209-bb4d6edb004e,2.9751701563908064,1,4,9,back,67.76931796802943,68.6875,21.335,75.44158305673594,58.06585819572213,11.583051850952542,22.89268001472591,85.43655138717628,80.84658030587143,-6.7540830567359365,10.621641804277871,-7.67226508870651,True,True
fe95897e-174b-41ed-84e3-55eeba758363,15.307617903233544,0,0,8,back,67.65227386269112,79.7125,11.73,63.557154662383994,49.144576673835296,15.127502054412808,32.87978519231136,86.64445495817839,79.43659291786737,16.155345337616012,30.56792332616471,4.095119200307124,False,False
feacfe18-ecad-42ba-94a6-e1a7b7b1fb13,1.9098552573393957,2,2,8,back,51.688980938165415,50.225,4.93,57.91813539884356,43.74201038740213,7.570762232881769,9.140350092602052,65.69666400177026,59.11467212023015,-7.693135398843559,6.482989612597869,-6.229154460678146,True,True
fed9123e-edd0-4dd4-b54d-3fc3fc783aab,9.123883062290664,0,1,9,back,69.15972605035384,73.675,63.92,69.16012845232756,52.53777748344425,12.03605616726422,33.04022178928976,82.21226340317301,77.42679785684282,4.514871547672442,21.137222516555745,-0.0004024019737158824,False,False
ff213f12-5413-4929-bd43-919cd0f927db,1.9121862667757872,1,3,8,back,52.05899297542003,53.025,59.075,57.69257482572688,45.783541803327104,19.486304048594747,37.961965987689766,71.45763401398644,63.588004276498395,-4.667574825726881,7.241458196672895,-5.633581850306847,True,True
ff6cb5d4-6526-403d-a3c5-2bec772b9735,1.545903852796441,1,1,8,back,63.11780742529994,64.575,63.495,59.00603178806234,46.08253445741332,12.382717186462235,38.501556995778486,74.54570344511912,67.05576977639177,5.568968211937666,18.492465542586686,4.111775637237599,True,True
ff7a1edb-be46-46b1-bdda-8871f4e8a0e3,9.61217462066759,0,1,9,back,80.6677211907257,84.6125,51.68,69.5895410069773,51.00718062320113,13.671750586850989,33.7802546321362,94.18515746938557,84.52766723443256,15.022958993022698,33.60531937679887,11.078180183748401,False,False
ffa29111-2270-4176-8002-9a94e1dd326e,2.422728945194285,1,3,9,back,68.8616806066482,68.1625,24.905,72.70832442348402,54.51387561480375,9.942706538081737,25.462827052374056,78.92796440984336,76.44975672698169,-4.545824423484021,13.648624385196243,-3.846643816835808,True,True
ffb20dce-b6c6-445e-8462-b49ddab42b81,3.789190994798033,1,2,9,back,71.92098127799935,73.32499999999999,28.9,62.89047913130361,49.72396992386277,13.738213315703463,25.23101354374801,73.32499933242798,69.72781469116842,10.434520868696382,23.60103007613722,9.030502146695738,True,False
ffb8c3b1-8f3f-4d05-8ad6-d72601965f5c,2.437351337668275,1,2,9,back,60.16692816514699,62.3,15.555,65.94017968038395,49.44038479088566,16.500307469736242,28.95595122673209,76.06539610943791,71.23947187467391,-3.6401796803839517,12.859615209114338,-5.773251515236957,True,True
ffcd1b9e-1669-482a-a033-cd3b8c5bbcb6,11.66777295567287,0,0,9,back,72.09249873702666,79.975,53.125,67.52017538449243,49.95091502865503,14.643807691091476,29.353116353806776,88.64945730640447,76.90052200591414,12.454824615507562,30.024084971344962,4.572323352534227,False,False
ffdb8550-ca50-4a52-aad1-3ebbdf847a1c,0.5517117239245419,1,1,9,mid,53.88688536256041,54.3375,9.605,68.91864428603967,56.207858466378745,17.903323762226407,28.93431213225673,82.58807839106578,75.5739218144061,-14.581144286039667,-1.8703584663787467,-15.031758923479252,True,True
