seed,outcome,ticks,passes,passes_in_disc,mean_pass_len,dwell_ticks,spread_mean,spread_final,n_in_disc_mean,n_in_disc_final,n_in_disc_max,zc_mean,zc_final,carrier_clear_mean,speed_mean,possession_rate,crowd_disc,crowd_near,tight,zone_dwell,press,offside,stall,policy
10000,success,107,12,2,6.816786342137411,16,18.095057989886563,19.651331035190708,0.514018691588785,3.0,3.0,0.14472791882150032,0.5979329088464979,4.289213938235962,1.201288956218578,0.12149532710280374,0.0,0.037383177570093455,0.0,0.14953271028037382,0.056074766355140186,0.0,0.2523364485981308,vanilla_10m_cuda_rung2/final
10001,failure,27,3,0,6.404391729576754,0,9.670091005779271,9.398334331595864,2.5925925925925926,3.0,3.0,0.5459205562872657,0.5886979716493023,1.1505121818916195,1.0149200167254655,0.14814814814814814,0.0,0.0,0.0,0.0,0.14814814814814814,0.0,0.0,vanilla_10m_cuda_rung2/final
10002,success,74,5,0,15.930118431799286,5,15.44978974305614,14.970487658218875,1.7432432432432432,3.0,3.0,0.3195124083711442,0.483895693404029,10.999508641787127,1.099831737907296,0.0945945945945946,0.0,0.0,0.0,0.06756756756756757,0.013513513513513514,0.0,0.32432432432432434,vanilla_10m_cuda_rung2/final
10003,success,49,3,0,19.3068580270209,4,18.87832319039489,18.72363386929167,1.469387755102041,2.0,2.0,0.3209008089759474,0.4239140257499203,6.995461283477211,1.0888672061087745,0.061224489795918366,0.0,0.0,0.0,0.08163265306122448,0.02040816326530612,0.0,0.02040816326530612,vanilla_10m_cuda_rung2/final
10004,success,83,5,1,19.64645355253432,12,13.612671982590236,14.019665411546095,2.0120481927710845,3.0,3.0,0.34806961497619926,0.4153733982318209,9.205314154310335,1.0046542555925906,0.060240963855421686,0.0,0.2289156626506024,0.0,0.14457831325301204,0.024096385542168676,0.060240963855421686,0.2891566265060241,vanilla_10m_cuda_rung2/final
10005,success,57,5,1,11.583399370552105,8,19.904548477509678,19.61850908312159,0.543859649122807,1.0,1.0,0.24607934904254766,0.4584366405075742,3.6844665643597745,1.1624107334960427,0.08771929824561403,0.0,0.0,0.0,0.14035087719298245,0.03508771929824561,0.0,0.12280701754385964,vanilla_10m_cuda_rung2/final
10006,success,123,11,0,10.700629778894715,7,18.185530875995596,19.35920196059896,1.016260162601626,2.0,2.0,0.20822868509872566,0.48059645605359463,7.972351143478775,1.1166952833758266,0.08943089430894309,0.0,0.0,0.0,0.056910569105691054,0.024390243902439025,0.016260162601626018,0.3170731707317073,vanilla_10m_cuda_rung2/final
10007,success,91,9,3,8.343954242219414,25,17.829503881428636,17.991495733539576,1.3296703296703296,2.0,2.0,0.2583758283855895,0.4112832157006783,3.123238704355896,1.0879124714422665,0.0989010989010989,0.0,0.08791208791208792,0.0,0.27472527472527475,0.054945054945054944,0.0,0.23076923076923078,vanilla_10m_cuda_rung2/final
10008,failure,86,7,0,12.590848601256896,0,16.29315421953806,16.192682687907034,1.6744186046511629,3.0,3.0,0.36217082476594464,0.4908253772535354,4.383658018732411,1.143882536026495,0.06976744186046512,0.0,0.0,0.0,0.0,0.03488372093023256,0.0,0.3488372093023256,vanilla_10m_cuda_rung2/final
10009,failure,40,6,0,8.200148566171135,0,19.053706217401835,18.762161510621226,0.475,2.0,2.0,0.18188813416872937,0.295349656786837,8.028552421791437,1.2587091786670133,0.125,0.0,0.0,0.0,0.0,0.0,0.0,0.3,vanilla_10m_cuda_rung2/final
10010,success,86,4,0,26.278199650833304,9,16.576019185967912,16.820167706320895,2.395348837209302,4.0,4.0,0.3951696985317977,0.5215138401618175,13.859265073647837,1.2896653286438922,0.09302325581395349,0.36046511627906974,0.03488372093023256,0.0,0.10465116279069768,0.011627906976744186,0.3023255813953488,0.3023255813953488,vanilla_10m_cuda_rung2/final
10011,success,94,14,0,4.109250562066694,3,12.611161441699519,14.244938902092679,0.07446808510638298,1.0,1.0,0.053532482779688646,0.41576907773019006,1.8713644319081815,0.9876067010666654,0.18085106382978725,0.0,0.6382978723404256,0.0,0.031914893617021274,0.1595744680851064,0.0,0.13829787234042554,vanilla_10m_cuda_rung2/final
10012,success,44,4,1,10.162880172713145,8,14.638981131322913,15.108925857409512,1.0454545454545454,2.0,2.0,0.2898584553527704,0.4705032896307583,5.544965119548212,1.1211223812801874,0.09090909090909091,0.0,0.0,0.0,0.18181818181818182,0.0,0.0,0.22727272727272727,vanilla_10m_cuda_rung2/final
10013,success,94,10,2,7.97935909937882,10,17.691343999218606,18.82551192539152,0.4787234042553192,3.0,3.0,0.15562374615975957,0.48817024053049995,2.422571114086606,1.1590741463415353,0.10638297872340426,0.0,0.5319148936170213,0.0,0.10638297872340426,0.05319148936170213,0.0,0.2127659574468085,vanilla_10m_cuda_rung2/final
10014,success,67,3,0,29.588142802506752,2,18.596565930844587,18.909883174811423,2.9402985074626864,3.0,3.0,0.4415859935728045,0.5879674652005212,14.9872480982197,1.1058603396775342,0.04477611940298507,0.0,0.0,0.0,0.029850746268656716,0.014925373134328358,0.1044776119402985,0.22388059701492538,vanilla_10m_cuda_rung2/final
10015,success,69,12,3,4.040227926854699,9,16.353589410902302,15.960443831774754,0.5072463768115942,3.0,3.0,0.21497145227927028,0.43099190227611944,4.873458201269797,1.3740238139877006,0.17391304347826086,0.0,0.6666666666666666,0.0,0.13043478260869565,0.014492753623188406,0.18840579710144928,0.18840579710144928,vanilla_10m_cuda_rung2/final
10016,failure,1,0,0,nan,0,15.877422454699385,15.877422454699385,3.0,3.0,3.0,0.9681347080145851,0.9681347080145851,nan,0.6299999960028476,0.0,0.0,0.0,0.0,0.0,0.0,0.0,0.0,vanilla_10m_cuda_rung2/final
10017,success,54,6,2,6.778064989678274,16,12.959510366175236,13.257341519522592,2.3518518518518516,3.0,3.0,0.2923204508322475,0.5054084728386731,4.625485403198005,1.1149678954684619,0.16666666666666666,0.0,0.5925925925925926,0.0,0.2962962962962963,0.09259259259259259,0.0,0.14814814814814814,vanilla_10m_cuda_rung2/final
10018,success,15,1,0,15.074124712453704,1,11.305976839947668,11.25988623525534,3.0,3.0,3.0,0.5780731975830908,0.5837574196353568,5.098993218294284,0.8223251761473643,0.13333333333333333,0.0,0.0,0.0,0.06666666666666667,0.06666666666666667,0.0,0.0,vanilla_10m_cuda_rung2/final
10019,success,63,6,1,8.908500299242066,7,16.28936308536953,16.82170490063889,0.9682539682539683,3.0,3.0,0.22162586623411137,0.48274125932601986,5.476408534077084,1.2068809223627892,0.09523809523809523,0.0,0.0,0.0,0.1111111111111111,0.015873015873015872,0.0,0.19047619047619047,vanilla_10m_cuda_rung2/final
10020,success,72,7,2,8.731394557922034,11,14.832721424130378,15.653632765676013,0.4305555555555556,3.0,3.0,0.2123109428948136,0.42738908117678437,4.593444662774695,1.185066382365136,0.09722222222222222,0.0,0.0,0.0,0.1527777777777778,0.027777777777777776,0.0,0.1527777777777778,vanilla_10m_cuda_rung2/final
10021,success,107,12,0,6.364928937621045,2,11.4973212049832,13.778245825619635,0.09345794392523364,1.0,1.0,0.09105744301629486,0.5677471780502852,2.868533516185715,1.0278263655793531,0.12149532710280374,0.0,0.0,0.0,0.018691588785046728,0.06542056074766354,0.0,0.2897196261682243,vanilla_10m_cuda_rung2/final
10022,success,106,11,1,7.648867244522456,7,11.875570429006192,13.609890052080726,0.5377358490566038,2.0,2.0,0.13020586256543873,0.4404269029827151,3.987875974061412,1.0309358764160814,0.10377358490566038,0.0,0.0,0.0,0.0660377358490566,0.02830188679245283,0.0,0.2641509433962264,vanilla_10m_cuda_rung2/final
10023,success,65,7,3,8.257871263861597,17,10.516916623821645,11.146949728322566,1.353846153846154,3.0,3.0,0.246265547115927,0.4288331616045212,3.1694800811804087,1.04748528459718,0.1076923076923077,0.0,0.6461538461538462,0.0,0.26153846153846155,0.07692307692307693,0.0,0.23076923076923078,vanilla_10m_cuda_rung2/final
10024,failure,20,1,0,27.776817532147927,0,15.127368126106438,15.143063764352638,0.3,1.0,1.0,0.14569851128954658,0.17833047037066105,nan,1.1789602165999804,0.0,0.0,0.0,0.0,0.0,0.0,0.0,0.0,vanilla_10m_cuda_rung2/final
10025,success,67,5,1,14.356213894031981,14,21.341529199427562,22.03232536966864,1.8656716417910448,2.0,2.0,0.3275088852848651,0.40208454432820045,5.246497644361514,1.1988011786342543,0.08955223880597014,0.0,0.0,0.0,0.208955223880597,0.04477611940298507,0.0,0.1044776119402985,vanilla_10m_cuda_rung2/final
10026,success,96,13,1,4.667767463707651,2,12.288221526902078,13.866097871064401,0.125,1.0,1.0,0.16701991739842473,0.5034739085093523,2.6247740875629426,1.1507290477422336,0.14583333333333334,0.0,0.0,0.0,0.020833333333333332,0.09375,0.010416666666666666,0.2604166666666667,vanilla_10m_cuda_rung2/final
10027,success,91,11,7,6.842513827021696,39,16.98259413269468,17.12561213899492,2.3076923076923075,3.0,3.0,0.3857610508683171,0.4802517558409672,2.921103366578499,1.2360729951658485,0.12087912087912088,0.0,0.0,0.0,0.42857142857142855,0.08791208791208792,0.12087912087912088,0.34065934065934067,vanilla_10m_cuda_rung2/final
10028,success,86,4,0,28.270156186900632,5,19.06359362259757,17.36526074990008,1.0348837209302326,2.0,2.0,0.4889533372346655,0.4427684423421067,10.522768531002496,1.3206218097285238,0.046511627906976744,0.0,0.0,0.0,0.05813953488372093,0.011627906976744186,0.38372093023255816,0.23255813953488372,vanilla_10m_cuda_rung2/final
10029,failure,74,6,1,12.174419181272931,19,21.037531361491578,21.34875386380957,0.8513513513513513,1.0,1.0,0.25400641099717186,0.32354459490390597,4.472516594945697,1.2855986503871561,0.06756756756756757,0.0,0.0,0.0,0.25675675675675674,0.04054054054054054,0.0,0.12162162162162163,vanilla_10m_cuda_rung2/final
10030,success,76,7,1,10.081890908499748,10,17.44666301379474,15.888761681985892,1.0789473684210527,3.0,3.0,0.3392592350858721,0.4718762055286143,4.933626729920263,1.0509175435498428,0.09210526315789473,0.0,0.0,0.0,0.13157894736842105,0.02631578947368421,0.618421052631579,0.3026315789473684,vanilla_10m_cuda_rung2/final
10031,success,162,12,3,14.394391685643486,38,23.048527299404647,23.975937176775236,1.1666666666666667,2.0,2.0,0.2939344239989292,0.44348298630651595,4.704568779585079,1.1814999096235022,0.08024691358024691,0.0,0.09876543209876543,0.0,0.2345679012345679,0.043209876543209874,0.0,0.35802469135802467,vanilla_10m_cuda_rung2/final
10032,success,33,3,0,9.372163258134142,3,9.724268784220415,10.262625916040397,0.9393939393939394,3.0,3.0,0.47198115760799486,0.4028725744448261,4.626718109189501,1.054614873336824,0.09090909090909091,0.0,0.0,0.0,0.09090909090909091,0.030303030303030304,0.0,0.0,vanilla_10m_cuda_rung2/final
10033,success,129,9,5,16.112045287111698,44,16.843853905623025,16.47380084227986,1.8837209302325582,3.0,3.0,0.2875357341867568,0.43119418780465474,6.1553037946341025,1.0841086866831586,0.07751937984496124,0.0,0.0,0.0,0.34108527131782945,0.031007751937984496,0.0,0.35658914728682173,vanilla_10m_cuda_rung2/final
10034,success,99,10,3,8.028346639067186,30,15.34403679994846,16.413741867709607,0.9797979797979798,2.0,2.0,0.21031121744963455,0.42768707808390777,2.5108215732303725,1.0951423766583024,0.13131313131313133,0.0,0.0,0.0,0.30303030303030304,0.09090909090909091,0.020202020202020204,0.29292929292929293,vanilla_10m_cuda_rung2/final
10035,success,48,3,0,18.769128488818,3,13.601915062716776,13.655878255655674,2.75,3.0,3.0,0.6024269453580423,0.5040509928031324,10.624954012358161,1.1076769372382522,0.0625,0.0,0.0,0.0,0.0625,0.020833333333333332,0.20833333333333334,0.14583333333333334,vanilla_10m_cuda_rung2/final
10036,success,20,1,0,26.339170962435805,2,19.913831727846,19.535892801192993,2.0,2.0,2.0,0.7490091971288817,0.6414164262904699,4.17895619074895,1.2032512693623607,0.05,0.0,0.0,0.0,0.1,0.0,0.0,0.0,vanilla_10m_cuda_rung2/final
10037,failure,18,1,0,22.133677435330107,0,19.536243834966083,19.421291590624325,0.0,0.0,0.0,0.053402698964470474,0.08288248470712406,nan,1.570962490273298,0.0,0.0,0.0,0.0,0.0,0.0,0.0,0.0,vanilla_10m_cuda_rung2/final
10038,success,44,3,0,16.41681395945078,10,17.30880831292596,16.451712722159257,2.0,2.0,2.0,0.5507801569580058,0.4751899776258756,6.874589077005264,1.2032683598855098,0.06818181818181818,0.0,0.0,0.0,0.22727272727272727,0.0,0.20454545454545456,0.0,vanilla_10m_cuda_rung2/final
10039,success,93,9,3,8.681658994740236,30,12.577145101857448,13.228769093905077,0.9139784946236559,2.0,2.0,0.2416427316107873,0.4858629571642193,2.029049014583908,1.127996820106926,0.11827956989247312,0.0,0.03225806451612903,0.0,0.3225806451612903,0.10752688172043011,0.0,0.3010752688172043,vanilla_10m_cuda_rung2/final
10040,success,46,5,1,7.016404631192772,8,13.870859210916416,14.282773238418141,1.2608695652173914,3.0,3.0,0.17394125795055113,0.4188769802417996,7.844444107506855,1.150206239095695,0.15217391304347827,0.0,0.0,0.0,0.17391304347826086,0.0,0.0,0.0,vanilla_10m_cuda_rung2/final
10041,success,83,9,3,7.04330692336634,15,13.204969690863239,14.35877549163538,0.9879518072289156,2.0,2.0,0.20394177338480687,0.49037265117540024,2.6725303925111175,1.1848874074104614,0.12048192771084337,0.0,0.0,0.0,0.18072289156626506,0.08433734939759036,0.0,0.3132530120481928,vanilla_10m_cuda_rung2/final
10042,success,103,8,3,13.296465223814398,29,16.935529844000428,16.64926507520297,1.9514563106796117,3.0,3.0,0.33076573778762214,0.44299822986434606,6.122256142441243,1.2417303259351076,0.07766990291262135,0.0,0.1650485436893204,0.0,0.2815533980582524,0.02912621359223301,0.22330097087378642,0.2524271844660194,vanilla_10m_cuda_rung2/final
10043,success,107,8,2,14.395153451727504,31,17.180553436070692,17.637346240321882,1.6261682242990654,4.0,4.0,0.4290189151980182,0.4993599895578103,5.0020285479753,1.1473564322714693,0.07476635514018691,0.018691588785046728,0.0,0.0,0.2897196261682243,0.037383177570093455,0.24299065420560748,0.24299065420560748,vanilla_10m_cuda_rung2/final
10044,success,99,13,1,6.30926417965326,5,16.681780419567055,18.388778903284575,0.13131313131313133,1.0,1.0,0.09113065224890167,0.49330354534689896,4.4590258303747925,1.1700593322635506,0.13131313131313133,0.0,0.0,0.0,0.050505050505050504,0.050505050505050504,0.0,0.13131313131313133,vanilla_10m_cuda_rung2/final
10045,success,92,10,1,7.518744401579392,7,16.86471172190119,18.617411238785756,1.0,3.0,3.0,0.2115209042580053,0.48439447318325163,5.927262692911127,1.0129763797010447,0.11956521739130435,0.0,0.0,0.0,0.07608695652173914,0.021739130434782608,0.0,0.3804347826086957,vanilla_10m_cuda_rung2/final
10046,failure,139,18,1,5.105753544348824,3,16.073040462071916,18.93837016313872,0.2733812949640288,2.0,2.0,0.13735768703268572,0.45674865849575214,1.867640233423835,1.188213015243821,0.15827338129496402,0.0,0.0,0.0,0.02158273381294964,0.1366906474820144,0.04316546762589928,0.30935251798561153,vanilla_10m_cuda_rung2/final
10047,success,110,12,3,7.007433644402535,23,17.74346647638278,17.873042467568972,2.390909090909091,3.0,3.0,0.3152881202423147,0.4426663640148818,7.152254921872994,0.9852392542439933,0.11818181818181818,0.0,0.0,0.0,0.20909090909090908,0.02727272727272727,0.0,0.34545454545454546,vanilla_10m_cuda_rung2/final
10048,failure,69,3,0,30.141217529216053,4,18.899563641749435,19.040390854819627,3.1884057971014492,4.0,4.0,0.48670769526713575,0.36637189409531407,14.385537458792122,1.010869011470517,0.028985507246376812,0.2898550724637681,0.0,0.0,0.057971014492753624,0.0,0.0,0.2608695652173913,vanilla_10m_cuda_rung2/final
10049,success,95,8,2,11.311209325248306,21,14.329649004352019,14.074875939978881,1.7263157894736842,3.0,3.0,0.31442416745843493,0.4003089609047559,8.942608312870853,1.0964236202870832,0.08421052631578947,0.0,0.0,0.0,0.22105263157894736,0.021052631578947368,0.0,0.29473684210526313,vanilla_10m_cuda_rung2/final
10050,failure,87,3,0,46.469123106270125,0,22.806145273195074,22.369658686914143,1.7586206896551724,2.0,2.0,0.33778625989570527,0.41253712513373825,24.175826760829416,1.150986361038353,0.022988505747126436,0.0,0.0,0.0,0.0,0.0,0.0,0.40229885057471265,vanilla_10m_cuda_rung2/final
10051,success,96,8,2,11.961647488298295,17,13.62398998513803,13.532567441205382,1.9270833333333333,3.0,3.0,0.3885541540728819,0.425112893046045,6.436148197721115,1.065124076273457,0.08333333333333333,0.0,0.041666666666666664,0.0,0.17708333333333334,0.010416666666666666,0.17708333333333334,0.28125,vanilla_10m_cuda_rung2/final
10052,failure,1,0,0,nan,0,13.79671686483871,13.79671686483871,0.0,0.0,0.0,0.28243152779470126,0.28243152779470126,nan,0.0,0.0,0.0,0.0,0.0,0.0,0.0,1.0,0.0,vanilla_10m_cuda_rung2/final
10053,success,63,5,1,11.93382750587396,11,13.37187917717612,13.334516994820913,1.0,1.0,1.0,0.23334693660825048,0.4002896452761111,3.6417364751765056,1.0383778113846545,0.12698412698412698,0.0,0.0,0.0,0.1746031746031746,0.09523809523809523,0.0,0.2857142857142857,vanilla_10m_cuda_rung2/final
10054,success,112,11,4,9.623803153187819,30,18.544099367999838,20.167891775377033,2.1160714285714284,3.0,3.0,0.35783060753165385,0.40367396218559554,3.493128219979252,1.0355670633438845,0.09821428571428571,0.0,0.03571428571428571,0.0,0.26785714285714285,0.0625,0.0,0.32142857142857145,vanilla_10m_cuda_rung2/final
10055,failure,67,4,0,19.09338214800521,0,18.77063265822811,19.468848565671944,0.16417910447761194,1.0,1.0,0.08578229740516763,0.21815958687972425,2.4373814185803964,1.2849983390789375,0.07462686567164178,0.0,0.0,0.0,0.0,0.05970149253731343,0.08955223880597014,0.2537313432835821,vanilla_10m_cuda_rung2/final
10056,success,77,11,1,4.724309535133899,6,14.05779507970873,15.65325253945636,0.2857142857142857,2.0,2.0,0.10502014580540148,0.49020750448498807,3.047664048028173,1.0437825534545968,0.14285714285714285,0.0,0.1038961038961039,0.0,0.07792207792207792,0.11688311688311688,0.0,0.16883116883116883,vanilla_10m_cuda_rung2/final
10057,success,48,5,0,7.498881475602135,9,9.73685985305911,10.033001889659479,2.8125,3.0,3.0,0.5120241497168742,0.41529555768055665,5.983258250107,1.0125468665827129,0.125,0.0,0.0,0.0,0.1875,0.020833333333333332,0.0,0.1875,vanilla_10m_cuda_rung2/final
10058,success,67,4,0,19.76274084472019,7,14.514190608814529,14.52228984312902,2.074626865671642,3.0,3.0,0.4196191373972532,0.43319267822948454,6.745739109815017,0.9767366823685542,0.05970149253731343,0.0,0.0,0.0,0.1044776119402985,0.014925373134328358,0.208955223880597,0.3283582089552239,vanilla_10m_cuda_rung2/final
10059,success,107,11,1,8.754005420041857,11,16.30859677444923,18.89085032445553,0.32710280373831774,2.0,2.0,0.08577346734528135,0.4354573058285063,4.6634883104496785,1.2084680701300885,0.102803738317757,0.0,0.0,0.0,0.102803738317757,0.06542056074766354,0.0,0.19626168224299065,vanilla_10m_cuda_rung2/final
10060,success,105,7,0,16.75598728311496,7,16.198027228041198,16.342152582687252,3.3047619047619046,4.0,4.0,0.5217269123265377,0.4518694255576514,9.769348075927098,1.1253852721090272,0.06666666666666667,0.5142857142857142,0.047619047619047616,0.0,0.06666666666666667,0.009523809523809525,0.1523809523809524,0.3523809523809524,vanilla_10m_cuda_rung2/final
10061,success,141,12,3,11.169513304574886,25,18.131478948965032,17.80794407550082,1.8936170212765957,3.0,3.0,0.3151240400418436,0.4164522744726333,8.878166055925877,1.2049599549781358,0.09219858156028368,0.0,0.14184397163120568,0.0,0.1773049645390071,0.028368794326241134,0.03546099290780142,0.41843971631205673,vanilla_10m_cuda_rung2/final
10062,success,133,13,5,8.744027901026044,55,16.00982419402639,17.86030021967175,1.6015037593984962,4.0,4.0,0.27061420336511316,0.44285872069185833,2.930114999160255,1.1598514343299147,0.10526315789473684,0.16541353383458646,0.3233082706766917,0.0,0.41353383458646614,0.05263157894736842,0.0,0.3458646616541353,vanilla_10m_cuda_rung2/final
10063,success,71,6,0,11.132428855181258,1,11.302577804581597,12.54151405412779,0.09859154929577464,1.0,1.0,0.126548801976386,0.4246657272702814,1.2716816624594591,1.04590951754293,0.08450704225352113,0.0,0.0,0.0,0.014084507042253521,0.08450704225352113,0.0,0.30985915492957744,vanilla_10m_cuda_rung2/final
10064,failure,91,8,2,10.472366513262337,17,15.955707119124364,16.791124321462753,1.4065934065934067,2.0,2.0,0.2934897013631839,0.38384918341919977,10.180313336170437,1.0596668847210633,0.07692307692307693,0.0,0.0,0.0,0.18681318681318682,0.02197802197802198,0.0,0.14285714285714285,vanilla_10m_cuda_rung2/final
10065,success,56,6,3,7.715850734265412,26,15.855848319069732,16.676639641261943,3.1964285714285716,4.0,4.0,0.38036128976540423,0.4202112286585656,3.9270307859460156,1.028765904418439,0.10714285714285714,0.42857142857142855,0.0,0.0,0.4642857142857143,0.03571428571428571,0.0,0.03571428571428571,vanilla_10m_cuda_rung2/final
10066,success,56,5,3,10.569072674638265,24,14.75819084319779,15.229080220911209,2.5714285714285716,3.0,3.0,0.38219354433113256,0.4695889023159758,3.5172700644961172,0.984050244425004,0.10714285714285714,0.0,0.0,0.0,0.42857142857142855,0.03571428571428571,0.0,0.16071428571428573,vanilla_10m_cuda_rung2/final
10067,success,142,14,2,9.220444884817423,21,20.515860071443758,21.370228097948832,0.7676056338028169,2.0,2.0,0.1970773693716006,0.4554936715973111,4.132171589956076,1.0592086820514903,0.09859154929577464,0.0,0.0,0.0,0.14788732394366197,0.028169014084507043,0.2535211267605634,0.34507042253521125,vanilla_10m_cuda_rung2/final
10068,success,110,7,0,18.21708358514923,5,21.72923202245139,22.87446238938849,0.4,2.0,2.0,0.11005518524018919,0.4989402224076393,5.818973482215033,1.1693033269885937,0.06363636363636363,0.0,0.0,0.0,0.045454545454545456,0.01818181818181818,0.0,0.21818181818181817,vanilla_10m_cuda_rung2/final
10069,success,34,3,0,9.84465589581041,7,15.67744845153012,15.465717907452722,1.0294117647058822,2.0,2.0,0.37708795263995687,0.42476344209523725,6.8053850118449795,1.0926113671935886,0.08823529411764706,0.0,0.08823529411764706,0.0,0.20588235294117646,0.0,0.0,0.0,vanilla_10m_cuda_rung2/final
10070,success,54,3,0,22.070328234684705,2,15.28875013291471,15.503346105633497,2.5,4.0,4.0,0.4941027949853964,0.5095606194420654,4.769567309933546,1.1155592858714931,0.05555555555555555,0.42592592592592593,0.0,0.0,0.037037037037037035,0.018518518518518517,0.12962962962962962,0.3333333333333333,vanilla_10m_cuda_rung2/final
10071,failure,29,2,0,13.63726426989204,0,16.041559741130182,16.14540514995793,1.0,1.0,1.0,0.22049008469685943,0.27005740402477346,4.761481639208012,1.2169324470866127,0.10344827586206896,0.0,0.0,0.0,0.0,0.034482758620689655,0.0,0.0,vanilla_10m_cuda_rung2/final
10072,success,105,11,2,8.03854543604936,16,14.934478348715858,17.121216987000043,0.4666666666666667,3.0,3.0,0.08470647450504257,0.40215994379866055,3.224181802176156,1.1492036575441262,0.10476190476190476,0.0,0.2857142857142857,0.0,0.1523809523809524,0.05714285714285714,0.0,0.17142857142857143,vanilla_10m_cuda_rung2/final
10073,failure,28,2,0,13.48107717340074,0,15.312176168591341,15.071893240998502,0.5714285714285714,1.0,1.0,0.22884476962073766,0.2576419959912532,2.156419002603199,1.012278813641219,0.07142857142857142,0.0,0.0,0.0,0.0,0.07142857142857142,0.39285714285714285,0.10714285714285714,vanilla_10m_cuda_rung2/final
10074,success,180,22,3,6.032694830555029,24,13.116742231290836,16.408333669072327,0.4166666666666667,3.0,3.0,0.07705831249287062,0.4098947883177451,2.6757934080011743,1.0456978074742553,0.12777777777777777,0.0,0.42777777777777776,0.0,0.13333333333333333,0.08888888888888889,0.0,0.3611111111111111,vanilla_10m_cuda_rung2/final
10075,success,109,6,2,22.644750133887616,10,21.88272342563635,23.7023008077443,0.9908256880733946,3.0,3.0,0.1628776478470418,0.5113709796315317,9.435891973158927,1.1557533572473613,0.05504587155963303,0.0,0.0,0.0,0.09174311926605505,0.027522935779816515,0.0,0.28440366972477066,vanilla_10m_cuda_rung2/final
10076,failure,71,5,0,15.843170942061793,0,19.971555073827627,18.22900159164417,1.1126760563380282,2.0,2.0,0.3869761274707343,0.521700871804228,5.523620953525085,1.376650580748903,0.07042253521126761,0.0,0.0,0.0,0.0,0.028169014084507043,0.0,0.2535211267605634,vanilla_10m_cuda_rung2/final
10077,failure,31,2,0,17.381149612589,0,13.744792536495073,13.722398434726887,0.12903225806451613,1.0,1.0,0.18479184750459735,0.3026975480757223,3.667950936622759,1.249216913725092,0.03225806451612903,0.0,0.0,0.0,0.0,0.0,0.2903225806451613,0.0,vanilla_10m_cuda_rung2/final
10078,success,104,8,1,12.876571283014918,7,14.609786227635881,15.444936608829428,0.75,3.0,3.0,0.1748461511305796,0.40782199786271134,9.416896389256264,1.1088174839977962,0.10576923076923077,0.0,0.0,0.0,0.0673076923076923,0.038461538461538464,0.0,0.2403846153846154,vanilla_10m_cuda_rung2/final
10079,success,128,13,2,7.641126669775058,13,14.38296175802865,16.173104004431647,0.4453125,2.0,2.0,0.12279783523815088,0.4265871431033652,3.505292915543967,1.085511430046356,0.1171875,0.0,0.0,0.0,0.1015625,0.0625,0.0,0.2578125,vanilla_10m_cuda_rung2/final
10080,success,96,9,6,10.13243680242898,53,16.489070822613336,17.228550557356925,2.3854166666666665,4.0,4.0,0.3258020013701729,0.4424196123503581,3.055473014649912,1.1248210650593287,0.10416666666666667,0.4166666666666667,0.0,0.0,0.5520833333333334,0.07291666666666667,0.0,0.25,vanilla_10m_cuda_rung2/final
10081,success,97,8,2,11.770071301164904,17,17.81886483762727,18.2635727174786,2.154639175257732,3.0,3.0,0.34807172242975487,0.48814547706452566,6.857471222764985,1.104264051362053,0.08247422680412371,0.0,0.0,0.0,0.17525773195876287,0.030927835051546393,0.020618556701030927,0.29896907216494845,vanilla_10m_cuda_rung2/final
10082,success,120,12,5,9.29167306430242,28,16.93254370602467,17.191295417794166,0.825,2.0,2.0,0.1771420178221478,0.4367744456187614,3.669850022132051,1.123048254104524,0.1,0.0,0.0,0.0,0.23333333333333334,0.06666666666666667,0.058333333333333334,0.425,vanilla_10m_cuda_rung2/final
10083,success,79,6,1,14.415253627487411,9,20.070066160455905,20.920333413430228,1.3417721518987342,3.0,3.0,0.2804409705361774,0.43588429420031377,9.328120181123627,1.1769725626343985,0.0759493670886076,0.0,0.22784810126582278,0.0,0.11392405063291139,0.0,0.0,0.189873417721519,vanilla_10m_cuda_rung2/final
10084,success,57,5,1,10.456388166388539,10,14.556798696622819,15.16360684307646,2.719298245614035,3.0,3.0,0.4363232964120339,0.4032071150384482,5.009604194759995,1.0827283866063084,0.08771929824561403,0.0,0.0,0.0,0.17543859649122806,0.017543859649122806,0.0,0.22807017543859648,vanilla_10m_cuda_rung2/final
10085,success,57,5,2,10.906900765324908,21,18.76308173637126,19.00046726842601,1.6666666666666667,3.0,3.0,0.33783933971425706,0.43496727466418666,2.8430369216166267,1.2283309266442535,0.10526315789473684,0.0,0.0,0.0,0.3684210526315789,0.07017543859649122,0.0,0.14035087719298245,vanilla_10m_cuda_rung2/final
10086,success,95,10,3,7.648944200281638,31,15.574927494535055,16.515556683780623,1.0210526315789474,2.0,2.0,0.23674541889449957,0.4022060030733939,3.411333742804069,1.1000672973428478,0.10526315789473684,0.0,0.0,0.0,0.3263157894736842,0.05263157894736842,0.0,0.28421052631578947,vanilla_10m_cuda_rung2/final
10087,failure,30,2,0,16.886039785125746,0,16.043429411869496,15.356754855316755,1.5333333333333334,3.0,3.0,0.3659204394157337,0.25776155380108084,6.958909338952417,1.2088884092790175,0.03333333333333333,0.0,0.5666666666666667,0.0,0.0,0.0,0.3,0.13333333333333333,vanilla_10m_cuda_rung2/final
10088,success,75,4,0,24.231353381963068,5,17.577594830788904,18.43235255967136,1.7066666666666668,3.0,3.0,0.3706748915841601,0.40182314531616276,8.552415672617649,0.9883480290947284,0.05333333333333334,0.0,0.0,0.0,0.06666666666666667,0.0,0.0,0.26666666666666666,vanilla_10m_cuda_rung2/final
10089,success,32,3,1,9.020565738764255,10,10.3964474694714,10.149063629446868,3.4375,4.0,4.0,0.5028917688734393,0.49527778844264486,3.290727656482743,1.0178991562994675,0.09375,0.4375,0.0,0.0,0.3125,0.03125,0.09375,0.0,vanilla_10m_cuda_rung2/final
10090,success,45,5,1,7.0360425651245295,11,12.851685218930713,13.163682933402281,0.7555555555555555,2.0,2.0,0.2488069160671082,0.43470648606378176,4.024663656737807,1.13693591715398,0.1111111111111111,0.0,0.08888888888888889,0.0,0.24444444444444444,0.044444444444444446,0.0,0.2,vanilla_10m_cuda_rung2/final
10091,failure,84,10,6,6.7492552355393345,37,19.445069583326045,19.540873424762676,1.1785714285714286,1.0,2.0,0.24036418911136156,0.2843750954562754,3.0313184540949623,1.1460333081952045,0.11904761904761904,0.0,0.0,0.0,0.44047619047619047,0.07142857142857142,0.0,0.2976190476190476,vanilla_10m_cuda_rung2/final
10092,success,91,9,6,8.651746577012016,50,17.994353600036273,18.30070940295076,2.087912087912088,3.0,3.0,0.2978733571882462,0.40003399604440854,3.980515515754229,1.1189769770252413,0.0989010989010989,0.0,0.0,0.0,0.5494505494505495,0.04395604395604396,0.02197802197802198,0.23076923076923078,vanilla_10m_cuda_rung2/final
10093,failure,50,4,0,18.6829379797097,0,14.797827497629752,14.184760951189869,0.0,0.0,0.0,0.021689415924036642,0.0637841772535403,8.324898314046743,1.1133897479195145,0.06,0.0,0.0,0.0,0.0,0.0,0.0,0.34,vanilla_10m_cuda_rung2/final
10094,success,148,12,3,12.065012749620967,29,20.961178271558268,21.67225781354515,0.722972972972973,2.0,3.0,0.17815063651973004,0.5048387256924649,5.037875573843685,1.20587908132218,0.10810810810810811,0.0,0.10810810810810811,0.0,0.19594594594594594,0.060810810810810814,0.11486486486486487,0.40540540540540543,vanilla_10m_cuda_rung2/final
10095,success,88,9,1,8.00391513964258,13,16.936782045988874,17.195513200906667,0.5113636363636364,3.0,3.0,0.1658723508652934,0.424190067606985,5.033075504180814,1.2207306172693955,0.125,0.0,0.0,0.0,0.14772727272727273,0.07954545454545454,0.09090909090909091,0.4090909090909091,vanilla_10m_cuda_rung2/final
10096,success,105,9,5,11.473034254133553,38,19.34834887672636,19.947130966449034,2.323809523809524,3.0,3.0,0.3666662669536002,0.415980799580276,3.3232523282334916,1.1412816984279959,0.11428571428571428,0.0,0.0,0.0,0.3619047619047619,0.0761904761904762,0.17142857142857143,0.2761904761904762,vanilla_10m_cuda_rung2/final
10097,success,121,12,8,8.848394801245496,70,17.830522111461885,19.038175935994843,1.7107438016528926,3.0,3.0,0.2982014320204921,0.40919684582566324,2.6502255951399514,1.2338600047432624,0.10743801652892562,0.0,0.0,0.0,0.5785123966942148,0.06611570247933884,0.09090909090909091,0.36363636363636365,vanilla_10m_cuda_rung2/final
10098,success,85,11,2,5.395704135817816,7,12.138206025270687,13.364208454062995,0.2,2.0,2.0,0.08626553718395083,0.4574052883506154,2.932313170128403,1.1291013243558625,0.1411764705882353,0.0,0.0,0.0,0.08235294117647059,0.07058823529411765,0.0,0.15294117647058825,vanilla_10m_cuda_rung2/final
10099,success,28,2,0,15.800368037326717,2,14.119176821159957,14.302930925590383,3.8214285714285716,4.0,4.0,0.5441448171129255,0.6509608751546531,10.827709053979042,1.0612190497315501,0.07142857142857142,0.8214285714285714,0.0,0.0,0.07142857142857142,0.0,0.0,0.0,vanilla_10m_cuda_rung2/final
10100,success,116,8,2,16.3978571377716,16,18.335623215363253,18.75048530823701,2.7413793103448274,3.0,3.0,0.48920824316948774,0.4377419993162359,7.561067132758434,1.0809055000432208,0.07758620689655173,0.0,0.07758620689655173,0.0,0.13793103448275862,0.02586206896551724,0.1206896551724138,0.3448275862068966,vanilla_10m_cuda_rung2/final
10101,failure,1,0,0,nan,0,14.334907981405527,14.334907981405527,0.0,0.0,0.0,0.002117534485097657,0.002117534485097657,nan,0.5599999954972544,0.0,0.0,0.0,0.0,0.0,0.0,0.0,0.0,vanilla_10m_cuda_rung2/final
10102,success,110,12,2,6.836459412574951,17,15.494716994530553,16.320988815225903,2.0727272727272728,3.0,3.0,0.3630381092863841,0.46128185519134224,7.24144961583178,1.171106980303038,0.15454545454545454,0.0,0.02727272727272727,0.0,0.15454545454545454,0.06363636363636363,0.0,0.36363636363636365,vanilla_10m_cuda_rung2/final
10103,success,78,9,2,6.351227320595209,9,11.806811143021712,12.81553567083657,0.48717948717948717,1.0,1.0,0.2521495806992548,0.42295398930481687,3.2219198661301265,1.0556253673517553,0.14102564102564102,0.0,0.0,0.0,0.11538461538461539,0.10256410256410256,0.01282051282051282,0.2948717948717949,vanilla_10m_cuda_rung2/final
10104,success,113,7,2,18.01839364962746,28,19.16044783087358,18.885990643027956,1.6283185840707965,3.0,3.0,0.3216288162256188,0.4000614502781694,5.580619384056496,1.3659905033781894,0.09734513274336283,0.0,0.0,0.0,0.24778761061946902,0.07079646017699115,0.0,0.39823008849557523,vanilla_10m_cuda_rung2/final
10105,success,55,4,1,14.221427691122429,12,14.13327048514167,13.954779877255314,1.1272727272727272,2.0,2.0,0.2959784901487894,0.4068366931531149,3.7807753104960162,1.0043359034088872,0.09090909090909091,0.0,0.0,0.0,0.21818181818181817,0.03636363636363636,0.0,0.2,vanilla_10m_cuda_rung2/final
10106,failure,61,4,0,16.95544257317142,0,22.57977039628633,21.863304114237827,0.08196721311475409,0.0,1.0,0.09730769792036378,0.13926149317541334,7.183490175202058,1.2074927422195265,0.06557377049180328,0.0,0.0,0.0,0.0,0.01639344262295082,0.0,0.06557377049180328,vanilla_10m_cuda_rung2/final
10107,success,79,6,0,13.179557363152599,2,21.174922117192242,20.02125862513538,0.8481012658227848,2.0,2.0,0.2532591509896821,0.40690438177586435,6.984351468505179,1.5342136681596967,0.0759493670886076,0.0,0.0,0.0,0.02531645569620253,0.02531645569620253,0.0,0.16455696202531644,vanilla_10m_cuda_rung2/final
10108,success,135,16,6,6.721955285494608,34,16.62960535768639,18.232421713921823,0.562962962962963,3.0,3.0,0.13559499903434527,0.41646080208498715,3.7503264141491712,1.1349171807509324,0.14814814814814814,0.0,0.0,0.0,0.2518518518518518,0.1037037037037037,0.037037037037037035,0.17777777777777778,vanilla_10m_cuda_rung2/final
10109,failure,21,2,0,9.129920428146617,0,16.915561137962147,16.716249335197244,1.1428571428571428,2.0,2.0,0.25320730637819455,0.3256999984426132,2.3878571547382426,0.9601576625613991,0.09523809523809523,0.0,0.0,0.0,0.0,0.047619047619047616,0.0,0.0,vanilla_10m_cuda_rung2/final
10110,success,50,6,3,6.5657155555502085,20,17.99096688274045,18.70418869413659,2.78,3.0,3.0,0.4516669509220388,0.4344825506685957,6.26605568863987,1.0539275125535552,0.12,0.0,0.0,0.0,0.4,0.02,0.0,0.16,vanilla_10m_cuda_rung2/final
10111,failure,80,9,4,7.0541750798246206,30,21.20674344927703,21.022236389476696,1.1,1.0,2.0,0.17135520001141513,0.18874081233242934,2.4543719287462524,1.122881323699603,0.1125,0.0,0.0,0.0,0.375,0.1,0.0,0.25,vanilla_10m_cuda_rung2/final
10112,failure,21,1,0,28.01297277605467,0,16.709537081849355,16.422837410590258,0.0,0.0,0.0,6.883643886157558e-05,0.0002969322151661677,nan,1.1468763621499871,0.0,0.0,0.0,0.0,0.0,0.0,0.0,0.0,vanilla_10m_cuda_rung2/final
10113,success,116,13,9,7.149860828283661,69,12.332094552388677,10.253934705466246,2.1206896551724137,3.0,3.0,0.346362835366158,0.4320768281562614,4.494225102604437,1.2113019916049164,0.1206896551724138,0.0,0.5,0.0,0.5948275862068966,0.0603448275862069,0.0,0.3879310344827586,vanilla_10m_cuda_rung2/final
10114,success,79,7,3,11.205756494719608,24,18.271863365683426,18.469489301406202,1.860759493670886,3.0,3.0,0.297687198513576,0.40812113144246503,4.231013209632302,1.232647853512556,0.10126582278481013,0.0,0.0,0.0,0.3037974683544304,0.0379746835443038,0.0,0.27848101265822783,vanilla_10m_cuda_rung2/final
10115,success,34,2,0,20.57959166732885,5,16.958894153901813,16.43584410053878,3.0,3.0,3.0,0.4361710432100341,0.4430807202136207,5.270217778487011,1.1812781501303107,0.058823529411764705,0.0,0.0,0.0,0.14705882352941177,0.029411764705882353,0.17647058823529413,0.0,vanilla_10m_cuda_rung2/final
10116,failure,73,4,0,23.03775490319532,1,19.765051843049797,20.125360190137062,0.6438356164383562,3.0,3.0,0.2391741014709146,0.47654544945072996,20.04224328547757,1.0808590047002493,0.0410958904109589,0.0,0.4931506849315068,0.0,0.0136986301369863,0.0,0.0,0.3013698630136986,vanilla_10m_cuda_rung2/final
10117,success,134,7,0,23.65753438776173,6,19.787825026308752,20.8439145412817,0.5,2.0,2.0,0.09737979401053137,0.45689844351785575,9.22390109516536,1.2367948464009582,0.05970149253731343,0.0,0.0,0.0,0.04477611940298507,0.029850746268656716,0.0,0.30597014925373134,vanilla_10m_cuda_rung2/final
10118,failure,111,13,0,6.614024140681858,0,18.447419972188577,17.920677486622157,0.0,0.0,0.0,0.03635409353673033,0.1488955446752428,5.7635057649175625,1.303852060794312,0.12612612612612611,0.0,0.13513513513513514,0.0,0.0,0.018018018018018018,0.09009009009009009,0.6036036036036037,vanilla_10m_cuda_rung2/final
10119,success,66,6,2,10.197299033473342,28,13.224740626014293,13.647963705779892,1.4090909090909092,3.0,3.0,0.33263661928638766,0.42764591674517644,5.016226739792791,1.023514641530742,0.09090909090909091,0.0,0.0,0.0,0.42424242424242425,0.030303030303030304,0.0,0.16666666666666666,vanilla_10m_cuda_rung2/final
10120,success,79,7,2,11.177907637755254,12,17.42685616685702,17.553878046732944,2.0632911392405062,3.0,3.0,0.37354802389599745,0.4161915626239245,5.5164914707718475,1.107701647264377,0.08860759493670886,0.0,0.0,0.0,0.1518987341772152,0.0379746835443038,0.2911392405063291,0.189873417721519,vanilla_10m_cuda_rung2/final
10121,success,86,10,0,7.00608232614851,4,15.511338304252204,17.16818599980727,0.13953488372093023,2.0,2.0,0.12372126612623889,0.48878368772526715,3.9373062566387182,1.1617549091782278,0.13953488372093023,0.0,0.29069767441860467,0.0,0.046511627906976744,0.05813953488372093,0.0,0.11627906976744186,vanilla_10m_cuda_rung2/final
10122,failure,72,3,0,31.149467331023118,0,16.541073709902726,17.48485510741355,0.0,0.0,0.0,0.004485222842802974,0.0172398891660302,6.166447610481575,1.09362496577008,0.05555555555555555,0.0,0.0,0.0,0.0,0.027777777777777776,0.0,0.3472222222222222,vanilla_10m_cuda_rung2/final
10123,success,81,6,0,13.2732089354957,8,18.268562356563862,18.535210299786176,2.5555555555555554,4.0,4.0,0.5802023104628486,0.439153958693665,7.97827320065298,1.2076160825762166,0.09876543209876543,0.06172839506172839,0.0,0.0,0.09876543209876543,0.012345679012345678,0.1728395061728395,0.12345679012345678,vanilla_10m_cuda_rung2/final
10124,failure,89,5,1,21.56748298215853,18,25.934332012479235,25.33841291154308,1.0786516853932584,2.0,2.0,0.22331773685788658,0.5255026732172219,4.995004177886288,1.1961481099539977,0.0449438202247191,0.0,0.0,0.0,0.20224719101123595,0.011235955056179775,0.0,0.2808988764044944,vanilla_10m_cuda_rung2/final
10125,success,61,6,1,8.862626735787213,11,17.411697020926944,17.072953800585786,2.360655737704918,3.0,3.0,0.4802514976965766,0.42878736853491545,4.9133489216954125,1.1651830810143162,0.09836065573770492,0.0,0.0,0.0,0.18032786885245902,0.03278688524590164,0.0,0.19672131147540983,vanilla_10m_cuda_rung2/final
10126,failure,21,1,0,27.506892578403306,0,19.786480745592257,19.562811028175954,0.0,0.0,0.0,0.01023719192927623,0.011187424778252143,1.3580567424415078,1.0197645235610906,0.047619047619047616,0.0,0.0,0.0,0.0,0.047619047619047616,0.0,0.0,vanilla_10m_cuda_rung2/final
10127,success,65,6,1,9.95231486541415,5,14.496825796908986,15.432532107022501,0.5384615384615384,2.0,2.0,0.15635247621747925,0.4666695823178397,2.671992089853685,1.2245957458856935,0.1076923076923077,0.0,0.0,0.0,0.07692307692307693,0.07692307692307693,0.0,0.2,vanilla_10m_cuda_rung2/final
10128,success,118,7,2,21.07788457750104,13,16.895531016965318,18.230597201421585,1.0677966101694916,3.0,3.0,0.16530930855179407,0.4567216278458441,8.00733305926647,1.1579717810283074,0.059322033898305086,0.0,0.0,0.0,0.11016949152542373,0.03389830508474576,0.0,0.3389830508474576,vanilla_10m_cuda_rung2/final
10129,success,79,7,2,10.514872424197453,20,16.304497269661834,15.341914077191642,1.7215189873417722,2.0,2.0,0.41708688208190814,0.442841867656908,4.380126549659733,1.2057400597766554,0.08860759493670886,0.0,0.0,0.0,0.25316455696202533,0.0379746835443038,0.0,0.22784810126582278,vanilla_10m_cuda_rung2/final
10130,failure,91,4,0,29.207824586184366,5,15.561663350961531,14.947090691163343,1.3736263736263736,3.0,3.0,0.37840307876473644,0.47402498754542033,15.04948033227625,1.0910177297050563,0.054945054945054944,0.0,0.0,0.0,0.054945054945054944,0.0,0.5274725274725275,0.2967032967032967,vanilla_10m_cuda_rung2/final
10131,success,96,10,3,7.578270300091336,25,10.329527871443617,10.825036967660745,1.625,2.0,2.0,0.2266888728045323,0.41733214951324715,6.902333753922387,1.0552585162859829,0.13541666666666666,0.0,0.65625,0.0,0.2604166666666667,0.041666666666666664,0.0,0.3645833333333333,vanilla_10m_cuda_rung2/final
10132,success,27,2,0,14.860475264409482,3,14.908231252359307,14.215568512801932,4.0,4.0,4.0,0.6980773049667739,0.4102528491716158,5.265940113537685,1.2480809469869667,0.07407407407407407,1.0,0.0,0.0,0.1111111111111111,0.0,1.0,0.0,vanilla_10m_cuda_rung2/final
10133,success,80,7,3,10.875535759767592,31,18.241645796657473,18.0856798065558,1.85,3.0,3.0,0.29183688520686996,0.41279301145636227,7.1906539399613205,1.2007295971259986,0.0875,0.0,0.0,0.0,0.3875,0.0375,0.05,0.3,vanilla_10m_cuda_rung2/final
10134,failure,120,18,4,4.288839510253561,23,10.539545752827957,12.45317722346281,0.625,3.0,3.0,0.14346121115805174,0.5194509416031936,2.732721556619331,1.0837424371886497,0.15,0.0,0.6583333333333333,0.0,0.19166666666666668,0.1,0.0,0.36666666666666664,vanilla_10m_cuda_rung2/final
10135,failure,88,10,4,6.563045632153671,30,14.893051607013446,14.025614375897826,1.9431818181818181,3.0,3.0,0.36193149121643214,0.32086384105339427,4.906211328144848,1.2262666323810478,0.14772727272727273,0.0,0.0,0.0,0.3409090909090909,0.045454545454545456,0.0,0.36363636363636365,vanilla_10m_cuda_rung2/final
10136,success,127,8,2,18.30299570257712,15,23.13793756900597,24.280188355418495,0.5669291338582677,3.0,3.0,0.1181839956176603,0.44597402571358985,7.842808171438755,1.3121178548348829,0.06299212598425197,0.0,0.0,0.0,0.11811023622047244,0.023622047244094488,0.0,0.3228346456692913,vanilla_10m_cuda_rung2/final
10137,failure,78,7,2,10.064240243934673,21,12.150698083167025,12.657659161483847,1.1923076923076923,3.0,3.0,0.3405143011866157,0.4011329635235352,1.5495302557135835,1.1192958244064568,0.07692307692307693,0.0,0.0,0.0,0.2692307692307692,0.0641025641025641,0.0,0.24358974358974358,vanilla_10m_cuda_rung2/final
10138,success,106,14,1,4.99476040041521,12,15.327050399134116,17.60727735868027,0.5471698113207547,2.0,2.0,0.16109362560689894,0.5011079992140275,2.680476236176364,1.1653962209630415,0.14150943396226415,0.0,0.660377358490566,0.0,0.11320754716981132,0.0660377358490566,0.018867924528301886,0.39622641509433965,vanilla_10m_cuda_rung2/final
10139,success,115,12,8,8.136539241833326,53,16.830998607655435,17.546716146575207,1.8434782608695652,2.0,2.0,0.23464148340941238,0.515942723431372,3.1857988795741448,1.0938413482092224,0.12173913043478261,0.0,0.08695652173913043,0.0,0.4608695652173913,0.10434782608695652,0.017391304347826087,0.26956521739130435,vanilla_10m_cuda_rung2/final
10140,success,94,5,0,23.438892534731472,4,22.91107632907119,23.081979791900277,0.46808510638297873,1.0,1.0,0.1516217676944765,0.43157021144514024,6.852457000450445,1.3324026356715826,0.05319148936170213,0.0,0.0,0.0,0.0425531914893617,0.031914893617021274,0.0,0.30851063829787234,vanilla_10m_cuda_rung2/final
10141,success,53,4,0,13.431535871553024,7,14.734372537416792,14.772770502416375,1.9433962264150944,3.0,3.0,0.46220955138365233,0.465885874950906,4.1080488367919195,1.2256876258499223,0.07547169811320754,0.0,0.0,0.0,0.1320754716981132,0.018867924528301886,0.0,0.20754716981132076,vanilla_10m_cuda_rung2/final
10142,timeout,200,13,0,19.908343318374556,0,24.026362832785072,25.786613713061946,1.15,2.0,2.0,0.17708879936711827,0.2139012896884187,12.462736501389493,1.1245617118733278,0.065,0.0,0.09,0.0,0.0,0.0,0.0,0.56,vanilla_10m_cuda_rung2/final
10143,success,77,9,0,6.678551737569312,3,17.962616456977187,16.550404249872553,2.207792207792208,4.0,4.0,0.5128326514621595,0.6750099305826561,9.691745723715805,1.1751847097880557,0.11688311688311688,0.025974025974025976,0.0,0.0,0.03896103896103896,0.0,0.6363636363636364,0.33766233766233766,vanilla_10m_cuda_rung2/final
10144,success,88,12,5,4.831575559722006,37,10.619384776620835,11.89222115738016,1.4659090909090908,3.0,3.0,0.26460394935075976,0.4089898531914226,2.939438958085503,1.0751548625269918,0.13636363636363635,0.0,0.6704545454545454,0.0,0.42045454545454547,0.07954545454545454,0.06818181818181818,0.20454545454545456,vanilla_10m_cuda_rung2/final
10145,success,78,11,9,4.7198463811535705,50,12.61946363254728,13.207898166610406,2.858974358974359,3.0,3.0,0.3240160852812637,0.40933710513167343,1.4526322510593317,1.0039957076507375,0.15384615384615385,0.0,0.0,0.0,0.6410256410256411,0.15384615384615385,0.07692307692307693,0.14102564102564102,vanilla_10m_cuda_rung2/final
10146,failure,118,12,0,8.118621751261573,0,15.074563424700495,16.923270883832963,0.06779661016949153,1.0,2.0,0.11791338154016946,0.5149842891725266,5.009490575223026,1.3006741685652083,0.09322033898305085,0.0,0.05084745762711865,0.0,0.0,0.025423728813559324,0.0,0.3728813559322034,vanilla_10m_cuda_rung2/final
10147,failure,138,9,0,17.81379123707451,0,17.743002963291882,18.48228346563905,0.0,0.0,0.0,0.1507509301148348,0.5302889359852175,4.9837661868527015,1.1364097790516552,0.07246376811594203,0.0,0.0,0.0,0.0,0.007246376811594203,0.028985507246376812,0.34057971014492755,vanilla_10m_cuda_rung2/final
10148,success,109,10,1,9.996216900886708,6,16.797414026673184,17.718645297178238,0.8165137614678899,3.0,3.0,0.19045036136387467,0.5306497000346764,6.293686450765207,1.1331205432912432,0.09174311926605505,0.0,0.045871559633027525,0.0,0.05504587155963303,0.01834862385321101,0.0,0.3302752293577982,vanilla_10m_cuda_rung2/final
10149,success,83,12,1,4.764138388297935,3,16.63081451078933,16.761240333862975,0.10843373493975904,2.0,2.0,0.10945289900760602,0.40413018683430524,2.9483583699525693,1.3554783304606162,0.1566265060240964,0.0,0.0,0.0,0.03614457831325301,0.10843373493975904,0.0,0.07228915662650602,vanilla_10m_cuda_rung2/final
10150,success,74,9,0,5.754170240373583,7,11.889321099849852,12.211017236949026,0.972972972972973,3.0,3.0,0.29382311696903274,0.443972190636974,2.810793910349068,1.044204187852196,0.14864864864864866,0.0,0.06756756756756757,0.0,0.0945945945945946,0.08108108108108109,0.0,0.20270270270270271,vanilla_10m_cuda_rung2/final
10151,success,55,5,0,10.616189349107538,2,18.188519429385313,18.278305146159152,0.2545454545454545,2.0,2.0,0.1490573728039184,0.45966017384810715,3.6045875535753127,1.195762813952309,0.09090909090909091,0.0,0.0,0.0,0.03636363636363636,0.05454545454545454,0.0,0.12727272727272726,vanilla_10m_cuda_rung2/final
10152,failure,69,3,0,30.281064519168307,0,21.53898896903827,21.419624038654177,2.0869565217391304,3.0,3.0,0.4603850738209359,0.5829456897082107,13.817806375219083,1.1763266681273814,0.043478260869565216,0.0,0.0,0.0,0.0,0.014492753623188406,0.36231884057971014,0.2608695652173913,vanilla_10m_cuda_rung2/final
10153,success,68,6,0,10.02114682646362,4,17.069997183804933,18.19502336147606,0.22058823529411764,1.0,1.0,0.19815569709088363,0.5348248083471813,3.5919220655760595,1.1517139320974195,0.11764705882352941,0.0,0.0,0.0,0.058823529411764705,0.04411764705882353,0.0,0.1323529411764706,vanilla_10m_cuda_rung2/final
10154,success,131,14,7,7.631541929244769,43,20.087710990861716,18.882495996381873,1.9618320610687023,4.0,4.0,0.32293288079133564,0.40326758300062365,4.1933035735182616,1.1256745415791714,0.1297709923664122,0.1984732824427481,0.0,0.0,0.3282442748091603,0.03816793893129771,0.0,0.3511450381679389,vanilla_10m_cuda_rung2/final
10155,success,109,10,4,10.151577111261515,31,14.683113907129943,14.68576880014964,2.036697247706422,4.0,4.0,0.3587778550913192,0.48445088609618897,6.182938865464273,1.018618420193928,0.09174311926605505,0.045871559633027525,0.0,0.0,0.28440366972477066,0.009174311926605505,0.12844036697247707,0.3669724770642202,vanilla_10m_cuda_rung2/final
10156,success,101,8,2,12.688435564827174,23,15.573291805925036,14.9232040861498,1.4257425742574257,2.0,2.0,0.26673196890571005,0.47911205883977587,3.536108464716774,1.3833316535553157,0.07920792079207921,0.0,0.0,0.0,0.22772277227722773,0.04950495049504951,0.1485148514851485,0.26732673267326734,vanilla_10m_cuda_rung2/final
10157,success,89,6,0,16.24216697417932,1,17.49517347129565,18.77226007215239,0.8876404494382022,3.0,3.0,0.20040383826319894,0.5949213312744229,9.414288040345387,1.079253097365192,0.07865168539325842,0.0,0.0,0.0,0.011235955056179775,0.02247191011235955,0.0,0.34831460674157305,vanilla_10m_cuda_rung2/final
10158,success,25,1,0,34.52550659493138,3,18.03715542267663,17.665586781993166,2.0,2.0,2.0,0.5098242443903209,0.6130474302246616,7.774034505863069,1.0694692606879175,0.04,0.0,0.0,0.0,0.12,0.0,0.32,0.0,vanilla_10m_cuda_rung2/final
10159,success,109,7,0,17.786782078372237,4,19.617782011317598,18.18322252512562,1.614678899082569,3.0,3.0,0.35699239352596507,0.48253890613432815,7.536478135592488,1.2601266012270462,0.06422018348623854,0.0,0.0,0.0,0.03669724770642202,0.009174311926605505,0.3853211009174312,0.45871559633027525,vanilla_10m_cuda_rung2/final
10160,failure,105,13,2,6.901493299439969,9,19.956664624349944,19.38560894335895,0.2571428571428571,0.0,1.0,0.1370856639387617,0.057563154420706565,2.260835424739132,1.151909470469449,0.11428571428571428,0.0,0.0,0.0,0.08571428571428572,0.0761904761904762,0.0,0.34285714285714286,vanilla_10m_cuda_rung2/final
10161,success,145,16,2,7.602924380951937,15,17.42855966095113,20.19106370475573,0.46206896551724136,3.0,3.0,0.1154747397057356,0.547916636923354,3.7866197811937763,1.1436501049664096,0.11724137931034483,0.0,0.0,0.0,0.10344827586206896,0.06206896551724138,0.0,0.3448275862068966,vanilla_10m_cuda_rung2/final
10162,failure,15,2,0,16.14343830031997,0,18.1222977299627,18.01745500580426,1.0,1.0,1.0,0.1516927750026926,0.1891970978247426,6.684712476539796,1.2407189316282605,0.06666666666666667,0.0,0.0,0.0,0.0,0.0,0.0,0.0,vanilla_10m_cuda_rung2/final
10163,failure,31,2,0,17.06788601674579,0,14.038443584528498,13.678335292329711,0.06451612903225806,1.0,1.0,0.10535789835892852,0.17027191882323622,5.358664864970624,1.0796551739247016,0.03225806451612903,0.0,0.0,0.0,0.0,0.0,0.0,0.0,vanilla_10m_cuda_rung2/final
10164,failure,116,16,14,4.885458751603802,86,14.396526126924629,15.574579888443054,2.3448275862068964,3.0,3.0,0.34136176692521264,0.3645799860032934,2.2745663866424324,1.265561570787718,0.14655172413793102,0.0,0.0,0.0,0.7413793103448276,0.1206896551724138,0.0,0.3879310344827586,vanilla_10m_cuda_rung2/final
10165,success,29,2,0,14.206337768642289,1,19.098414374674693,19.196610587394858,2.206896551724138,3.0,3.0,0.5157598594886126,0.6005099764590581,5.790450573914099,1.1903819522406551,0.10344827586206896,0.0,0.4827586206896552,0.0,0.034482758620689655,0.0,0.0,0.0,vanilla_10m_cuda_rung2/final
10166,failure,59,8,0,6.1264530152942465,1,17.957885365232627,18.077982613568572,0.1864406779661017,1.0,1.0,0.1260534950749482,0.39128700376384556,5.2334972970677205,1.191415388700156,0.11864406779661017,0.0,0.0,0.0,0.01694915254237288,0.05084745762711865,0.0,0.01694915254237288,vanilla_10m_cuda_rung2/final
10167,success,136,10,2,14.514313384881177,18,18.735496971364427,20.81682523191266,0.6838235294117647,2.0,2.0,0.16026385102087257,0.49901299701892726,6.482333332029518,1.0834991136743373,0.08088235294117647,0.0,0.0,0.0,0.1323529411764706,0.029411764705882353,0.0,0.35294117647058826,vanilla_10m_cuda_rung2/final
10168,failure,135,8,3,20.6277122945143,15,18.162465793715207,18.533565916427,1.325925925925926,3.0,3.0,0.21936790037999507,0.31580621913322104,6.08858904148362,1.1262670748785792,0.05185185185185185,0.0,0.0,0.0,0.1111111111111111,0.007407407407407408,0.0,0.34074074074074073,vanilla_10m_cuda_rung2/final
10169,success,28,1,0,38.980027565621995,6,21.417808046422888,21.03816920120738,2.0357142857142856,3.0,3.0,0.5314657695130945,0.5865645521323016,5.631066257346363,1.1839097686884554,0.03571428571428571,0.0,0.0,0.0,0.21428571428571427,0.0,0.0,0.0,vanilla_10m_cuda_rung2/final
10170,success,104,7,0,16.907448217043267,5,15.250122289748317,14.722349915895236,2.230769230769231,3.0,3.0,0.41528716928680615,0.4100404514493568,10.455917965907762,1.029703760362994,0.0673076923076923,0.0,0.46153846153846156,0.0,0.04807692307692308,0.009615384615384616,0.04807692307692308,0.28846153846153844,vanilla_10m_cuda_rung2/final
10171,failure,89,7,0,12.934300467074412,0,18.451050002813492,18.42520583696884,0.6179775280898876,2.0,2.0,0.13432558904520508,0.3421076054485341,11.563157906987634,1.1687091799824099,0.06741573033707865,0.0,0.0,0.0,0.0,0.0,0.0,0.25842696629213485,vanilla_10m_cuda_rung2/final
10172,failure,74,7,0,9.685809579261162,0,19.94407872462709,19.975229305555175,0.0,0.0,0.0,0.015770540395918443,0.040873341294809816,6.957922842496666,1.0942292524725925,0.0945945945945946,0.0,0.0,0.0,0.0,0.04054054054054054,0.0,0.1891891891891892,vanilla_10m_cuda_rung2/final
10173,success,92,9,4,8.578132207323895,29,18.812087941324027,18.88194746970227,1.4782608695652173,2.0,2.0,0.3016910527212732,0.4251066440119617,4.369148073060497,1.2263805242337857,0.09782608695652174,0.0,0.0,0.0,0.31521739130434784,0.010869565217391304,0.0,0.2826086956521739,vanilla_10m_cuda_rung2/final
10174,success,98,8,1,11.815030058936788,7,15.218593081855365,16.818327113521004,0.40816326530612246,3.0,3.0,0.08831856023619788,0.41506387616672535,5.8142455962027215,1.28340884248994,0.11224489795918367,0.0,0.14285714285714285,0.0,0.07142857142857142,0.05102040816326531,0.0,0.2755102040816326,vanilla_10m_cuda_rung2/final
10175,failure,132,10,3,14.104470883189734,21,19.150227343917674,18.37272192324668,1.5378787878787878,3.0,3.0,0.2644161195177932,0.4492078990225929,8.610668227961854,1.1322436215110174,0.06818181818181818,0.0,0.0,0.0,0.1590909090909091,0.022727272727272728,0.0,0.26515151515151514,vanilla_10m_cuda_rung2/final
10176,success,81,6,0,14.272566731164543,8,11.817573145956855,11.598651117012633,2.308641975308642,4.0,4.0,0.5049360637374616,0.45875168400044225,7.1419723796403956,1.1070051985300777,0.07407407407407407,0.2222222222222222,0.0,0.0,0.09876543209876543,0.012345679012345678,0.0,0.32098765432098764,vanilla_10m_cuda_rung2/final
10177,success,102,8,0,13.210479529863928,2,18.23527699694604,19.544940828103428,1.107843137254902,3.0,3.0,0.19488299019283709,0.5776688492591712,5.06518497935616,1.0439331864016221,0.09803921568627451,0.0,0.0,0.0,0.0196078431372549,0.029411764705882353,0.0,0.3137254901960784,vanilla_10m_cuda_rung2/final
10178,success,128,14,11,7.266270088437103,84,18.249683236307398,19.210569959322612,2.015625,3.0,3.0,0.3014435237397791,0.5248867794936204,3.3669182117595544,1.1111536247905531,0.1171875,0.0,0.0,0.0,0.65625,0.0625,0.0,0.359375,vanilla_10m_cuda_rung2/final
10179,success,130,17,5,5.261482450941886,28,11.59228495742772,13.314275994808048,0.9923076923076923,3.0,3.0,0.16446165435731497,0.43032921194361545,3.916307098770546,1.0504868749034386,0.13846153846153847,0.0,0.0,0.0,0.2153846153846154,0.05384615384615385,0.015384615384615385,0.25384615384615383,vanilla_10m_cuda_rung2/final
10180,success,89,9,3,9.100418789891638,17,16.36703882190222,17.25685171609773,1.5393258426966292,3.0,3.0,0.19656505602180244,0.41155236613441515,6.693892189697995,1.1098635745990324,0.11235955056179775,0.0,0.0,0.0,0.19101123595505617,0.0449438202247191,0.0,0.30337078651685395,vanilla_10m_cuda_rung2/final
10181,success,132,10,4,14.087536945946487,36,19.11257155873331,19.21298804999017,1.4545454545454546,4.0,4.0,0.30153690128031707,0.4223527415582227,6.130537168130447,1.2652644260746848,0.07575757575757576,0.10606060606060606,0.0,0.0,0.2727272727272727,0.030303030303030304,0.17424242424242425,0.2878787878787879,vanilla_10m_cuda_rung2/final
10182,success,72,4,0,21.34561787979983,5,12.338497415704818,12.371925995597154,2.1527777777777777,3.0,3.0,0.43702054050637207,0.41497043338370815,5.443531686651955,1.0790868865426633,0.06944444444444445,0.0,0.0,0.0,0.06944444444444445,0.027777777777777776,0.027777777777777776,0.2361111111111111,vanilla_10m_cuda_rung2/final
10183,success,125,15,3,6.177201247374836,28,17.012094718106074,18.635467120970794,0.968,3.0,3.0,0.18869934597840116,0.4609431071509669,2.8418045117164805,1.0544613876628968,0.12,0.0,0.224,0.0,0.224,0.08,0.0,0.256,vanilla_10m_cuda_rung2/final
10184,success,98,7,1,14.612912745710542,9,15.73576470300343,16.25555462740566,1.4183673469387754,3.0,3.0,0.32782184940328535,0.42507241019985376,6.556328763952484,1.0292606802424071,0.09183673469387756,0.0,0.0,0.0,0.09183673469387756,0.030612244897959183,0.0,0.23469387755102042,vanilla_10m_cuda_rung2/final
10185,success,124,9,5,15.684815047639749,41,16.863678435438107,16.03460944009904,1.8225806451612903,3.0,3.0,0.29521132651573384,0.4340110718579904,4.101440518984264,1.1889159987081432,0.08064516129032258,0.0,0.0,0.0,0.33064516129032256,0.04838709677419355,0.0,0.27419354838709675,vanilla_10m_cuda_rung2/final
10186,success,115,10,2,11.522883127660517,23,17.055845312381145,18.806881934221614,1.4782608695652173,4.0,4.0,0.24320346272058185,0.4181687978937479,6.571752035714664,1.1342510221493016,0.08695652173913043,0.034782608695652174,0.12173913043478261,0.0,0.2,0.02608695652173913,0.0,0.2956521739130435,vanilla_10m_cuda_rung2/final
10187,failure,53,4,0,13.254862482468695,0,14.744318977159493,14.722105443158124,0.0,0.0,0.0,0.019519239970254336,0.048826451010570315,5.040543129339384,1.195190758749511,0.05660377358490566,0.0,0.0,0.0,0.0,0.018867924528301886,0.0,0.20754716981132076,vanilla_10m_cuda_rung2/final
10188,success,74,6,2,11.480511480133664,35,14.136011313468355,13.838764516635162,1.1486486486486487,2.0,2.0,0.27458721295833133,0.5843438017175633,2.890506163028249,1.140501939365479,0.0945945945945946,0.0,0.0,0.0,0.47297297297297297,0.06756756756756757,0.0,0.33783783783783783,vanilla_10m_cuda_rung2/final
10189,success,54,4,1,14.040808510396229,12,16.538906876758308,16.431166637366708,1.1296296296296295,2.0,2.0,0.41152971495872365,0.4904401572512815,3.3622964789369205,1.007016228229912,0.09259259259259259,0.0,0.0,0.0,0.2222222222222222,0.037037037037037035,0.0,0.14814814814814814,vanilla_10m_cuda_rung2/final
10190,failure,24,2,0,20.10917167688291,0,18.822956940848115,18.685153434109584,0.0,0.0,0.0,0.08171442633731789,0.09446338528508376,7.193359115002447,1.1546154465233514,0.041666666666666664,0.0,0.0,0.0,0.0,0.0,0.0,0.041666666666666664,vanilla_10m_cuda_rung2/final
10191,success,78,6,1,12.405586274034961,7,16.90066399946956,17.931170709758554,0.8205128205128205,1.0,1.0,0.16485891711303874,0.4522889539946622,3.2996279860684368,1.0730178091785432,0.10256410256410256,0.0,0.0,0.0,0.08974358974358974,0.0641025641025641,0.0,0.358974358974359,vanilla_10m_cuda_rung2/final
10192,success,107,8,3,14.222072442280574,26,17.48753352327783,17.585848140609,1.439252336448598,3.0,3.0,0.3357500652175194,0.41966633171030193,7.314132048826361,1.1822382879042108,0.07476635514018691,0.0,0.0,0.0,0.24299065420560748,0.028037383177570093,0.0,0.29906542056074764,vanilla_10m_cuda_rung2/final
10193,success,122,9,3,14.284593702392177,28,18.68813224555495,18.871458847708347,1.7950819672131149,2.0,3.0,0.30811705241093384,0.4792859973393638,6.168666775196292,1.2658910702096848,0.08196721311475409,0.0,0.0,0.0,0.22950819672131148,0.040983606557377046,0.1557377049180328,0.36885245901639346,vanilla_10m_cuda_rung2/final
10194,success,32,2,0,17.866518791004054,1,17.43720550192213,17.076992902592902,2.09375,3.0,3.0,0.527084017339868,0.5807685686701063,6.60093960484103,1.1304320419697875,0.0625,0.0,0.0,0.0,0.03125,0.03125,0.0,0.0,vanilla_10m_cuda_rung2/final
10195,success,55,3,0,22.59292933931185,7,11.94110921842226,12.402104039369288,2.5090909090909093,4.0,4.0,0.46610760286671143,0.4509089782455171,6.959193914764808,1.171149214366595,0.05454545454545454,0.3090909090909091,0.0,0.0,0.12727272727272726,0.01818181818181818,0.2727272727272727,0.14545454545454545,vanilla_10m_cuda_rung2/final
10196,success,64,7,4,7.60666983570863,31,18.784795153825335,18.57937919941793,3.0,3.0,3.0,0.37319921612254947,0.40361170168655597,3.874402259567375,1.0194646521382325,0.109375,0.0,0.0,0.0,0.484375,0.078125,0.0,0.234375,vanilla_10m_cuda_rung2/final
10197,success,97,6,1,18.200463026736287,26,15.050683479946455,15.435642320016871,1.2783505154639174,3.0,3.0,0.321705608179571,0.4250482007508853,6.679848431072985,1.1036524504862497,0.07216494845360824,0.0,0.0,0.0,0.26804123711340205,0.041237113402061855,0.14432989690721648,0.21649484536082475,vanilla_10m_cuda_rung2/final
10198,failure,136,14,0,8.763232514660277,0,22.271271106661267,23.498299066989937,0.014705882352941176,0.0,1.0,0.14259112603938415,0.44721569364720937,3.7476955835933023,1.0718853729784783,0.09558823529411764,0.0,0.0,0.0,0.0,0.051470588235294115,0.03676470588235294,0.3161764705882353,vanilla_10m_cuda_rung2/final
10199,success,69,4,1,21.17499449410288,10,17.6448377719963,17.027399433483893,1.9855072463768115,3.0,3.0,0.509938092253652,0.45979847103549787,4.371945537116686,1.3470515684807323,0.057971014492753624,0.0,0.0,0.0,0.14492753623188406,0.028985507246376812,0.391304347826087,0.2463768115942029,vanilla_10m_cuda_rung2/final
10000,success,119,0,0,nan,1,17.794357399970472,16.190048762832326,1.2100840336134453,3.0,3.0,0.2857785277815702,0.48979494126382117,14.585751865493826,2.6059376620384107,1.0,0.0,0.0,0.0,0.008403361344537815,0.0,0.5126050420168067,0.0,scripted
10001,failure,23,1,0,31.738105206582706,5,9.86033534524165,9.860337116099121,3.0,3.0,4.0,0.580491449396069,0.5694297904889997,nan,4.004271682162747,0.0,0.34782608695652173,0.0,0.0,0.21739130434782608,0.0,0.08695652173913043,0.0,scripted
10002,success,73,0,0,nan,1,16.16436106716847,15.252158809801307,1.2602739726027397,2.0,2.0,0.3582125999930089,0.4846099010540925,9.849099226287468,2.579357617703274,1.0,0.0,0.0,0.0,0.0136986301369863,0.0273972602739726,0.8767123287671232,0.0,scripted
10003,failure,140,0,0,nan,67,18.39638046842918,17.39021418889435,0.5357142857142857,1.0,1.0,0.19333312139632067,0.26269061478117184,6.322383670752634,1.475714589225401,0.9928571428571429,0.0,0.0,0.0,0.4785714285714286,0.36428571428571427,0.9357142857142857,0.2714285714285714,scripted
10004,success,69,0,0,nan,1,13.555022369957108,12.81339890193269,2.3768115942028984,4.0,4.0,0.39169862897948027,0.5915252577787338,13.509459501398942,2.7637219466115077,1.0,0.028985507246376812,0.0,0.0,0.014492753623188406,0.0,1.0,0.0,scripted
10005,failure,148,1,0,13.403622035268558,36,19.409262201017224,18.93680465749955,0.6148648648648649,1.0,2.0,0.1944677239052634,0.18109425463844805,8.697804343672258,2.0778679546483296,0.9121621621621622,0.0,0.0,0.0,0.24324324324324326,0.19594594594594594,0.831081081081081,0.060810810810810814,scripted
10006,success,116,0,0,nan,1,17.416692090319113,16.154659039698934,0.9051724137931034,2.0,2.0,0.2970929157853856,0.46308571280918515,12.49059418654711,2.5760577474093833,1.0,0.0,0.0,0.0,0.008620689655172414,0.0,0.5775862068965517,0.0,scripted
10007,failure,106,0,0,nan,10,17.657358854878105,16.437405991261137,0.9433962264150944,1.0,3.0,0.28505835938275537,0.38779357941060066,9.506421348068777,2.7419124750691104,0.9905660377358491,0.0,0.0,0.0,0.09433962264150944,0.07547169811320754,0.5754716981132075,0.0,scripted
10008,failure,75,0,0,nan,5,16.763797730870078,15.669583441479224,0.32,1.0,1.0,0.22620259654439479,0.4128216757762668,12.39332978926408,2.0820152510431145,0.9866666666666667,0.0,0.0,0.0,0.06666666666666667,0.04,0.8266666666666667,0.0,scripted
10009,failure,94,0,0,nan,4,18.817555848654067,17.4981559314101,0.3404255319148936,1.0,1.0,0.12996643552836082,0.25008819122653686,10.266664857397991,3.0596954099779943,0.9893617021276596,0.0,0.0,0.0,0.0425531914893617,0.031914893617021274,0.776595744680851,0.0,scripted
10010,success,62,0,0,nan,1,16.56300719325427,15.303388621227281,1.6935483870967742,3.0,3.0,0.3505331523839253,0.45275046968399235,7.125588145890953,1.8939734246440545,1.0,0.0,0.0,0.0,0.016129032258064516,0.0,1.0,0.0,scripted
10011,failure,46,2,0,20.52355248941612,0,12.26235995940847,12.288082495955527,1.6521739130434783,4.0,4.0,0.3099081995211123,0.5783606875857409,5.662471708901484,4.549771355178826,0.2826086956521739,0.21739130434782608,1.0,0.0,0.0,0.0,0.0,0.0,scripted
10012,success,80,0,0,nan,10,14.226260066794874,13.447612740773042,0.9,1.0,2.0,0.30477405298280313,0.4053206811796781,7.895392908793694,2.882676995037324,1.0,0.0,0.0,0.0,0.125,0.125,0.75,0.0,scripted
10013,success,101,0,0,nan,1,17.050927153476717,15.948911771256046,0.48514851485148514,2.0,2.0,0.19143779779219425,0.4247156517544675,11.427315398955955,3.1688136053002065,1.0,0.0,0.0,0.0,0.009900990099009901,0.0,0.6237623762376238,0.0,scripted
10014,success,94,0,0,nan,1,18.00109807077221,16.267152443496723,1.6595744680851063,2.0,3.0,0.37754423964786915,0.46010905122987283,15.55627699545273,1.999225905040672,1.0,0.0,0.0,0.0,0.010638297872340425,0.0851063829787234,1.0,0.0,scripted
10015,success,74,0,0,nan,1,17.18388522554729,16.26258481815386,0.8108108108108109,2.0,2.0,0.27161518934025086,0.4011913109410983,10.17289752430336,2.5590648479314386,1.0,0.0,0.0,0.0,0.013513513513513514,0.013513513513513514,1.0,0.0,scripted
10016,failure,1,0,0,nan,0,15.885215399705714,15.885215399705714,3.0,3.0,3.0,0.9770744609004435,0.9770744609004435,nan,0.699999988079071,0.0,0.0,0.0,0.0,0.0,0.0,0.0,0.0,scripted
10017,success,63,1,0,37.294510414797614,1,12.888441049250716,12.227582352908913,2.0952380952380953,3.0,3.0,0.3957377297742352,0.4550704171405422,9.056316275060077,3.1347480957234057,0.6031746031746031,0.0,0.0,0.0,0.015873015873015872,0.0,0.6190476190476191,0.1111111111111111,scripted
10018,success,35,0,0,nan,1,11.241976049508548,10.855047652649077,2.6857142857142855,3.0,4.0,0.5087547879926888,0.5647456819703062,8.07636372727388,2.946324826096408,1.0,0.11428571428571428,0.0,0.0,0.02857142857142857,0.0,0.5142857142857142,0.0,scripted
10019,failure,87,2,0,19.06823747873858,0,16.26861418427811,15.216516265751363,0.8620689655172413,1.0,2.0,0.2762047339496155,0.2714230573373479,12.528271957267094,3.188070578597096,0.7931034482758621,0.0,0.0,0.0,0.0,0.0,0.7816091954022989,0.11494252873563218,scripted
10020,success,76,0,0,nan,1,14.976654145910008,14.253882536350417,1.618421052631579,3.0,3.0,0.510281951873574,0.549988449848097,6.467756877134185,3.1322971211964714,1.0,0.0,0.0,0.0,0.013157894736842105,0.0,0.6842105263157895,0.0,scripted
10021,success,100,0,0,nan,1,9.119492362118402,8.413898714070442,2.57,6.0,6.0,0.3976600025089935,0.6990036039344619,11.349647665113546,3.2809948698102325,1.0,0.41,0.12,0.0,0.01,0.01,0.31,0.0,scripted
10022,success,92,1,0,8.101499218484548,9,11.191631923511414,10.514503208871167,2.1847826086956523,4.0,4.0,0.4146841043785899,0.4808710404013577,13.353084628776807,2.935068950219919,0.9021739130434783,0.10869565217391304,0.0,0.0,0.09782608695652174,0.0,0.5108695652173914,0.0,scripted
10023,success,68,0,0,nan,1,10.427657483219303,9.87935262771301,1.9852941176470589,3.0,3.0,0.5122013192178091,0.5861990168911572,8.840526791633765,3.1024579522039724,1.0,0.0,0.0,0.0,0.014705882352941176,0.0,0.7205882352941176,0.0,scripted
10024,success,100,0,0,nan,1,14.861608084044422,13.426485495275163,1.29,2.0,3.0,0.28898028674643184,0.4190169314130913,12.864556821350096,2.397348765709479,1.0,0.0,0.0,0.0,0.01,0.0,0.57,0.0,scripted
10025,failure,127,0,0,nan,9,20.954215020247723,18.91070904464494,0.4251968503937008,1.0,2.0,0.14561653885819162,0.30951182204106537,11.117162550165967,2.3940396917803017,0.9921259842519685,0.0,0.0,0.0,0.07086614173228346,0.05511811023622047,0.984251968503937,0.0,scripted
10026,success,90,2,0,12.84418574648502,10,10.41989954017851,9.652991155844658,2.3333333333333335,5.0,5.0,0.37816137609340755,0.5070282130229495,9.212554556435002,3.687968316054468,0.7333333333333333,0.32222222222222224,0.0,0.0,0.1111111111111111,0.0,0.4,0.0,scripted
10027,failure,102,1,1,10.362436806203434,25,17.5793568675645,17.007596662990455,1.392156862745098,1.0,2.0,0.3266480448272839,0.38438648245214874,12.024707355609221,2.3077209810848736,0.8823529411764706,0.0,0.0,0.0,0.24509803921568626,0.049019607843137254,1.0,0.06862745098039216,scripted
10028,failure,88,1,0,10.534209062432236,2,21.15463141915745,20.437240240995116,0.022727272727272728,1.0,1.0,0.15436968669725906,0.36250062855923343,9.153769247753287,1.4166177476292152,0.8636363636363636,0.0,0.0,0.0,0.022727272727272728,0.022727272727272728,1.0,0.0,scripted
10029,failure,118,0,0,nan,14,20.184045013020338,18.123497186604773,0.4491525423728814,1.0,1.0,0.18955907944211436,0.25575527868954506,10.455886622262634,2.350442708738162,0.9915254237288136,0.0,0.0,0.0,0.11864406779661017,0.05084745762711865,0.8305084745762712,0.0,scripted
10030,timeout,200,4,0,17.590165209418572,135,18.903273580866504,18.71891340437929,0.94,1.0,1.0,0.208932889590122,0.25322364083939525,1.6701238196708117,0.4668589670255654,0.71,0.0,0.0,0.0,0.675,0.6,1.0,0.555,scripted
10031,success,98,0,0,nan,4,19.845250025195735,17.65715336301244,1.1734693877551021,2.0,2.0,0.2650516483915218,0.4108392630520284,13.940702595286764,2.36364560176145,1.0,0.0,0.0,0.0,0.04081632653061224,0.05102040816326531,0.6836734693877551,0.0,scripted
10032,failure,4,1,0,23.504326110050375,0,9.73006550274444,9.730067179809527,0.25,1.0,1.0,0.6938478770435268,0.7043313700465125,nan,1.7499999552965164,0.0,0.0,0.0,0.0,0.0,0.0,0.0,0.0,scripted
10033,success,85,0,0,nan,4,18.085827885120683,17.176242440544463,0.9529411764705882,2.0,2.0,0.24367815830414485,0.4055346490882757,10.876286415003216,2.5985379258400787,1.0,0.0,0.0,0.0,0.047058823529411764,0.03529411764705882,0.8588235294117647,0.0,scripted
10034,failure,148,1,0,12.620084036040726,47,14.374623415345708,14.142916456543636,1.6891891891891893,2.0,3.0,0.3065071695628436,0.24673932256124806,10.675959270786931,1.9206307550423478,0.9121621621621622,0.0,0.0,0.0,0.31756756756756754,0.23648648648648649,0.9256756756756757,0.0945945945945946,scripted
10035,success,60,0,0,nan,1,13.767443304960063,12.943670703793476,2.466666666666667,4.0,4.0,0.5207989275203853,0.5182265263986957,8.68259113972412,2.1863824906522504,1.0,0.016666666666666666,0.0,0.0,0.016666666666666666,0.0,1.0,0.0,scripted
10036,success,70,0,0,nan,1,19.36411752053037,18.08929121435201,2.0428571428571427,3.0,3.0,0.4526788020632943,0.4417075710765291,12.495531535389224,1.509012908522445,1.0,0.0,0.0,0.0,0.014285714285714285,0.0,0.8857142857142857,0.0,scripted
10037,failure,89,2,0,33.15803235630164,4,19.130548664885076,18.10880307243872,0.1348314606741573,1.0,1.0,0.14884629038478864,0.3096595781377428,8.54446288763651,2.6321312629786053,0.48314606741573035,0.0,0.0,0.0,0.0449438202247191,0.033707865168539325,0.8202247191011236,0.16853932584269662,scripted
10038,failure,118,1,0,16.1262621236898,40,17.72268179863522,17.459118552769517,2.1186440677966103,2.0,3.0,0.49317320388376745,0.2814654403994438,7.711109339804997,1.545213115930772,0.8728813559322034,0.0,0.0,0.0,0.3389830508474576,0.22033898305084745,1.0,0.0847457627118644,scripted
10039,success,86,1,1,10.978862369928425,12,11.994056419359547,11.149117332962744,1.6395348837209303,3.0,3.0,0.41513353950254434,0.4059313917104002,11.413993059469147,2.623848718885367,0.872093023255814,0.0,0.0,0.0,0.13953488372093023,0.0,0.47674418604651164,0.011627906976744186,scripted
10040,success,101,0,0,nan,1,13.569890497313901,12.440351424170567,1.2376237623762376,2.0,2.0,0.34387384490739764,0.4510963021512972,14.742515341625376,2.745365972258379,1.0,0.0,0.0,0.0,0.009900990099009901,0.0,0.8514851485148515,0.0,scripted
10041,failure,30,2,0,27.00728018752191,0,13.78827186609525,13.511485512064848,1.7666666666666666,3.0,3.0,0.5120134398180215,0.5245704834373235,5.935169513035319,4.344276973579396,0.23333333333333334,0.0,0.0,0.0,0.0,0.0,0.3333333333333333,0.06666666666666667,scripted
10042,failure,137,2,0,9.41965658422331,35,17.738938713843442,18.0465074769135,1.0145985401459854,1.0,2.0,0.3209546533683864,0.30554503937187477,12.209683184780854,1.52584124337866,0.8540145985401459,0.0,0.0,0.0,0.25547445255474455,0.1897810218978102,1.0,0.10948905109489052,scripted
10043,failure,150,1,0,11.028115078326223,49,17.507811679369468,17.553946342154923,0.6133333333333333,1.0,2.0,0.29327180497511857,0.32974096927521274,8.87127142684875,1.3849541288789282,0.92,0.0,0.0,0.0,0.32666666666666666,0.28,1.0,0.16,scripted
10044,success,142,2,1,11.11301817394673,23,14.658643157813929,13.731113487383817,1.8450704225352113,3.0,3.0,0.35407060933262335,0.4051563655297286,12.106319307064236,2.2901872586074483,0.8450704225352113,0.0,0.0,0.0,0.1619718309859155,0.028169014084507043,0.5704225352112676,0.07746478873239436,scripted
10045,success,74,0,0,nan,1,15.46392407154531,14.646986423914996,1.3783783783783783,4.0,4.0,0.2768332043612555,0.5085189683327496,11.088454114094855,3.5544492446072757,1.0,0.013513513513513514,0.0,0.0,0.013513513513513514,0.0,0.33783783783783783,0.0,scripted
10046,failure,154,1,1,10.573468567145998,65,15.271219450260075,15.678795301596088,1.7142857142857142,2.0,3.0,0.31226201517531366,0.3805999152688213,7.526298523106196,1.894539705206723,0.922077922077922,0.0,0.0,0.0,0.42207792207792205,0.33766233766233766,0.474025974025974,0.23376623376623376,scripted
10047,failure,130,1,0,23.679060326324837,64,18.00568164785868,17.147696309594966,0.8461538461538461,1.0,2.0,0.2179630191796879,0.19483985448105548,5.879323474695825,1.725804026401397,0.8538461538461538,0.0,0.0,0.0,0.49230769230769234,0.24615384615384617,0.7307692307692307,0.2923076923076923,scripted
10048,failure,114,0,0,nan,20,18.112162811353873,16.140016149357272,0.8947368421052632,1.0,3.0,0.21172801835364286,0.19871153416113985,11.553323127223678,1.9450586018759797,0.9912280701754386,0.0,0.0,0.0,0.17543859649122806,0.11403508771929824,0.7456140350877193,0.0,scripted
10049,success,66,0,0,nan,1,15.042505351280232,14.482707283242053,1.3484848484848484,3.0,3.0,0.3168219987072924,0.4026882987667703,11.946666908444492,3.1261578818851166,1.0,0.0,0.0,0.0,0.015151515151515152,0.0,0.6666666666666666,0.0,scripted
10050,success,124,0,0,nan,1,22.16648436188581,19.65619520149489,0.7258064516129032,2.0,2.0,0.2222858787577898,0.4163969112334798,16.660903999986356,2.2540695996804594,1.0,0.0,0.0,0.0,0.008064516129032258,0.0,0.8387096774193549,0.0,scripted
10051,failure,17,1,0,20.23819810950616,0,14.131395181647557,14.131398822346046,1.5294117647058822,2.0,2.0,0.40067113308918667,0.4858877060038434,nan,3.710502285578836,0.0,0.0,0.0,0.0,0.0,0.0,1.0,0.0,scripted
10052,success,102,2,1,12.054333835964183,19,13.417456074737137,12.880545320519223,1.7745098039215685,2.0,3.0,0.40744983788559824,0.4125761072155221,10.539375047568514,2.781434930618491,0.7745098039215687,0.0,0.0,0.0,0.18627450980392157,0.029411764705882353,1.0,0.058823529411764705,scripted
10053,failure,107,1,0,8.936421120161395,37,13.41330249964429,13.053869692513402,1.1682242990654206,2.0,3.0,0.309871040000923,0.34696396663351314,9.265216137201234,2.151511769279398,0.897196261682243,0.0,0.0,0.0,0.34579439252336447,0.1308411214953271,0.7102803738317757,0.056074766355140186,scripted
10054,failure,72,1,0,18.998157764932724,0,18.298045502112494,17.436797821822694,1.4861111111111112,1.0,3.0,0.38649452927772704,0.2113729447404736,5.755969456496637,3.008173398686371,0.9583333333333334,0.0,0.0,0.0,0.0,0.0,0.5694444444444444,0.0,scripted
10055,failure,151,1,1,11.202657218815405,49,18.161877015914687,18.29345338545151,1.7549668874172186,2.0,3.0,0.34214774817300814,0.32703303171869874,10.01831649092511,1.9540198389165182,0.9205298013245033,0.0,0.0,0.0,0.32450331125827814,0.18543046357615894,1.0,0.12582781456953643,scripted
10056,failure,90,0,0,nan,3,13.095179575696918,12.489655901337096,1.2666666666666666,2.0,3.0,0.2363823190575814,0.3184777435238169,10.075329599383133,3.366998346315952,0.9888888888888889,0.0,0.0,0.0,0.03333333333333333,0.011111111111111112,0.37777777777777777,0.0,scripted
10057,success,47,1,0,7.886481401142873,5,10.028209127347985,9.80930877384391,3.3404255319148937,3.0,5.0,0.6786295674825584,0.6308647761248202,7.72951613266188,2.7018084327112866,0.8085106382978723,0.3191489361702128,0.0,0.0,0.10638297872340426,0.0,0.9148936170212766,0.0,scripted
10058,success,52,0,0,nan,1,14.500114169305665,13.87466573130072,2.5384615384615383,4.0,4.0,0.4395166818724767,0.5200615844229031,10.955688290483913,2.8656108986202335,1.0,0.019230769230769232,0.0,0.0,0.019230769230769232,0.0,1.0,0.0,scripted
10059,success,113,0,0,nan,1,14.835887906023222,13.33347104649124,1.592920353982301,3.0,3.0,0.3376265363651251,0.5085607194895041,15.340217817199418,2.823891644720789,1.0,0.0,0.0,0.0,0.008849557522123894,0.008849557522123894,0.415929203539823,0.0,scripted
10060,failure,153,1,1,6.012249202952153,102,16.07204678240253,16.00144598963501,1.130718954248366,1.0,3.0,0.32102203499919724,0.26792808173036287,2.2328267104996837,1.0157126516015738,0.9411764705882353,0.0,0.0,0.0,0.6666666666666666,0.6339869281045751,1.0,0.43137254901960786,scripted
10061,timeout,200,1,0,19.44187771103571,105,19.997912003411844,19.64972417279384,0.525,1.0,1.0,0.21350319187609912,0.27768824917089074,5.169839279503181,0.8679103399556314,0.92,0.0,0.0,0.0,0.525,0.52,1.0,0.43,scripted
10062,success,78,0,0,nan,1,16.54270747774464,15.341818901165354,2.08974358974359,3.0,3.0,0.4968999873356648,0.4493481641100751,8.013446324832152,2.469846658123529,1.0,0.0,0.0,0.0,0.01282051282051282,0.0,0.6538461538461539,0.0,scripted
10063,success,80,1,0,9.154977919958977,1,10.191400840020856,9.037665363367857,1.75,4.0,4.0,0.3689923498140737,0.5562402350395833,10.930223815798167,3.6803709920811363,0.875,0.0375,0.15,0.0,0.0125,0.0,0.5875,0.0,scripted
10064,failure,123,1,0,7.988665885919383,27,15.023736180761016,14.68357089719525,1.2113821138211383,1.0,2.0,0.3581422446271907,0.29858047605247573,11.371861858688336,2.1149985960824162,0.9186991869918699,0.0,0.0,0.0,0.21951219512195122,0.17073170731707318,0.8048780487804879,0.08130081300813008,scripted
10065,success,103,1,1,12.504169699732577,20,14.858552529606765,14.070389627243411,3.233009708737864,3.0,5.0,0.4769946318407685,0.4100364089621212,10.022681778758765,2.1187269556284494,0.883495145631068,0.3106796116504854,0.0,0.0,0.1941747572815534,0.038834951456310676,0.7766990291262136,0.06796116504854369,scripted
10066,success,115,2,1,12.133947272277494,23,12.481213242645138,11.693886543850022,2.739130434782609,3.0,4.0,0.4362465756854734,0.46598196783424045,16.319367867325173,1.8680109999518764,0.8,0.034782608695652174,0.0,0.0,0.2,0.017391304347826087,0.782608695652174,0.06956521739130435,scripted
10067,failure,191,1,0,11.881660843772291,65,19.37033093827401,19.75822080591566,0.9790575916230366,1.0,2.0,0.23902190599516746,0.21793593725487925,9.758802983182317,1.7503025341043712,0.93717277486911,0.0,0.0,0.0,0.3403141361256545,0.24607329842931938,1.0,0.193717277486911,scripted
10068,success,111,0,0,nan,3,20.746976948996526,18.956415937232755,0.3153153153153153,1.0,1.0,0.20223385370684546,0.4255974677030261,13.791968230068816,2.3809048864277216,1.0,0.0,0.0,0.0,0.02702702702702703,0.036036036036036036,0.8378378378378378,0.0,scripted
10069,success,35,1,0,9.455113138632413,1,16.10672377403744,16.176699483779863,0.8285714285714286,1.0,1.0,0.47416892966734564,0.7237404845415449,6.789526989985307,4.255190379956769,0.7142857142857143,0.0,0.0,0.0,0.02857142857142857,0.0,0.2,0.0,scripted
10070,success,58,0,0,nan,4,15.462897110168589,15.030371654822659,1.3793103448275863,2.0,3.0,0.3992366224838775,0.40076255396172566,6.5189700348348305,3.2124489525574957,1.0,0.0,0.0,0.0,0.06896551724137931,0.0,1.0,0.0,scripted
10071,success,124,1,0,12.953678243288408,52,15.747395116514893,15.382222721216882,2.5403225806451615,3.0,4.0,0.3619030138978034,0.4061782596879577,8.440298312576923,1.9867848156900796,0.9032258064516129,0.10483870967741936,0.0,0.0,0.41935483870967744,0.33064516129032256,0.9112903225806451,0.1532258064516129,scripted
10072,success,103,0,0,nan,1,14.002881328275915,12.969507569612105,1.6310679611650485,3.0,4.0,0.36309519307808785,0.5815720343799414,13.696834872376574,2.8818126870494387,1.0,0.019417475728155338,0.0,0.0,0.009708737864077669,0.009708737864077669,0.4368932038834951,0.0,scripted
10073,success,70,0,0,nan,7,15.947074231271417,15.297421063696294,1.4714285714285715,2.0,2.0,0.3547967053367442,0.41741138027953717,6.501921878289874,3.127594724481106,1.0,0.0,0.0,0.0,0.1,0.0,1.0,0.0,scripted
10074,success,117,2,2,9.266590299444157,23,10.616154789078944,10.379716209815115,2.1025641025641026,3.0,4.0,0.3608679309970954,0.40406544246421,11.388827476568675,2.7140153958362956,0.8376068376068376,0.18803418803418803,0.0,0.0,0.19658119658119658,0.008547008547008548,0.11965811965811966,0.042735042735042736,scripted
10075,success,100,0,0,nan,1,20.692450508537018,19.443964019768057,0.93,2.0,2.0,0.26025823791140207,0.4446860742004193,10.761838256869746,2.629884804400147,1.0,0.0,0.0,0.0,0.01,0.01,0.69,0.0,scripted
10076,failure,84,2,0,61.0792008201992,11,21.979749997267703,22.05095543371559,0.0,0.0,0.0,0.0913587175262876,0.026506231375748413,7.440525393054353,0.7702049709064112,0.11904761904761904,0.0,0.0,0.0,0.13095238095238096,0.0,0.9047619047619048,0.38095238095238093,scripted
10077,success,69,0,0,nan,4,14.189428602814836,13.533546109001724,1.173913043478261,3.0,3.0,0.3292390912560439,0.40674368152255247,7.522610175004879,3.1220490689803047,1.0,0.0,0.0,0.0,0.057971014492753624,0.0,1.0,0.0,scripted
10078,success,108,0,0,nan,1,14.317844458495664,13.025670801796304,1.0740740740740742,2.0,2.0,0.3281564807704057,0.4133943171016557,15.272609559441252,2.608350974533916,1.0,0.0,0.0,0.0,0.009259259259259259,0.0,0.5648148148148148,0.0,scripted
10079,success,115,1,1,8.489048373833622,13,13.200016869027095,12.271532593883558,2.4608695652173913,4.0,5.0,0.3565257712741281,0.412470049550955,13.458947863693547,2.6553854081499733,0.9217391304347826,0.48695652173913045,0.13043478260869565,0.0,0.11304347826086956,0.0,0.4782608695652174,0.0,scripted
10080,success,91,0,0,nan,1,15.74665168554328,14.31548249696048,1.2417582417582418,2.0,3.0,0.3883629102132462,0.42517747423306135,13.156728348046087,2.237110150072719,1.0,0.0,0.0,0.0,0.01098901098901099,0.0,0.5824175824175825,0.0,scripted
10081,success,102,0,0,nan,27,17.867121111918348,16.702187401172722,0.5098039215686274,1.0,1.0,0.23403417610569555,0.4009038412346131,8.547566069390198,2.372072871013415,1.0,0.0,0.0,0.0,0.2647058823529412,0.2549019607843137,1.0,0.0,scripted
10082,success,150,3,0,15.900303020648565,42,17.590970133523278,17.936269190737033,1.6466666666666667,2.0,3.0,0.3366163328521176,0.4050878282490569,6.836627947392841,2.157978940814979,0.7266666666666667,0.0,0.0,0.0,0.28,0.21333333333333335,0.74,0.16666666666666666,scripted
10083,failure,78,1,0,18.314068931869297,0,19.797548877276913,18.71296642863164,0.01282051282051282,0.0,1.0,0.10111231878562636,0.16884990126721353,15.182180914824423,2.7937274120614584,0.9743589743589743,0.0,0.0,0.0,0.0,0.0,0.6282051282051282,0.0,scripted
10084,failure,71,1,1,12.14159847881678,18,14.068425173673903,13.918727002512757,2.3943661971830985,2.0,4.0,0.4340422449595336,0.3290386754393642,9.400135999138387,2.5920386827759976,0.8169014084507042,0.08450704225352113,0.0,0.0,0.2535211267605634,0.07042253521126761,0.6197183098591549,0.07042253521126761,scripted
10085,success,81,0,0,nan,6,18.98596148173539,17.911634062129195,0.654320987654321,1.0,2.0,0.24219297358910108,0.42546814094595536,9.768736711655391,2.821215528542428,1.0,0.0,0.0,0.0,0.07407407407407407,0.06172839506172839,0.9012345679012346,0.0,scripted
10086,failure,35,1,0,27.893740416011738,0,15.167998145377656,15.179190582873016,1.1142857142857143,2.0,2.0,0.37000025405678433,0.45551263913920037,6.722976223502049,4.3960140412807265,0.42857142857142855,0.0,0.0,0.0,0.0,0.0,0.0,0.0,scripted
10087,success,51,0,0,nan,8,16.27185279589415,15.375757902327507,0.8431372549019608,2.0,2.0,0.22853905239114744,0.4032572079548868,8.276448907827872,1.7609091752110995,1.0,0.0,0.19607843137254902,0.0,0.1568627450980392,0.1568627450980392,1.0,0.0,scripted
10088,success,125,0,0,nan,6,16.2303487823097,14.202328281120435,0.688,1.0,3.0,0.34489091743083106,0.40800187393261095,17.446603280731132,2.1424754468439877,1.0,0.0,0.0,0.0,0.048,0.04,0.64,0.0,scripted
10089,success,53,0,0,nan,1,10.682798016554974,10.039983718151198,3.0754716981132075,4.0,4.0,0.5001783163025253,0.579416255451285,7.819271632081443,2.3933684667063067,1.0,0.16981132075471697,0.0,0.0,0.018867924528301886,0.0,1.0,0.0,scripted
10090,success,44,1,0,10.56156426228622,3,12.95109633082052,13.043986625620274,1.75,2.0,3.0,0.5693308079734278,0.7720500360146744,5.674306384165892,4.567545356513269,0.75,0.0,0.0,0.0,0.06818181818181818,0.0,0.3181818181818182,0.0,scripted
10091,success,121,0,0,nan,4,18.508644821413778,16.42813506433103,1.115702479338843,2.0,2.0,0.30069596891205375,0.4051820631337047,18.365805624974847,2.0142419783890624,1.0,0.0,0.0,0.0,0.03305785123966942,0.0,0.859504132231405,0.0,scripted
10092,failure,119,1,0,9.443256195752037,32,16.904625200870576,16.406734857847674,1.1512605042016806,1.0,2.0,0.31119061198406545,0.21867163204706067,13.368492665168015,1.9035751672446024,0.907563025210084,0.0,0.0,0.0,0.2689075630252101,0.16806722689075632,1.0,0.058823529411764705,scripted
10093,success,90,0,0,nan,1,15.247993022141252,14.48895828351173,1.2,3.0,3.0,0.2723421623904553,0.5081583044076398,12.398122455659406,3.104297106756419,1.0,0.0,0.0,0.0,0.011111111111111112,0.011111111111111112,0.7111111111111111,0.0,scripted
10094,failure,168,0,0,nan,56,19.040763513208738,17.464262601060728,0.5297619047619048,1.0,1.0,0.16393865915791903,0.2432318522286372,10.57339088927485,1.8799957623231272,0.9940476190476191,0.0,0.0,0.0,0.3333333333333333,0.31547619047619047,0.6904761904761905,0.16071428571428573,scripted
10095,success,100,3,0,30.563696987226354,15,17.75334307322099,17.835964631678443,1.45,2.0,2.0,0.3384964641682646,0.4055511293997067,6.7938482723745075,2.4433200268553716,0.34,0.0,0.0,0.0,0.15,0.07,1.0,0.24,scripted
10096,failure,110,0,0,nan,34,18.53544162387763,16.79670061918194,0.6727272727272727,1.0,2.0,0.21169301638017368,0.21909289433414458,6.497120657058685,1.7443104089131147,0.990909090909091,0.0,0.0,0.0,0.3090909090909091,0.24545454545454545,1.0,0.05454545454545454,scripted
10097,success,91,0,0,nan,4,17.000901901692252,15.737528781551305,1.2197802197802199,2.0,2.0,0.35638349813629494,0.41003230329093593,11.012740302714905,2.667641695956434,1.0,0.0,0.0,0.0,0.04395604395604396,0.0,1.0,0.0,scripted
10098,success,117,1,1,11.79489486940407,25,11.576961798521584,11.172458116519584,1.7008547008547008,2.0,3.0,0.3292614304468947,0.40652442273962625,10.05930346460657,2.582215972889433,0.905982905982906,0.0,0.0,0.0,0.21367521367521367,0.05128205128205128,0.49572649572649574,0.07692307692307693,scripted
10099,failure,119,1,0,12.86915370679547,40,13.685121822720927,13.510265504245265,1.5546218487394958,1.0,3.0,0.33867288468534124,0.25837908447429836,11.20642061713834,1.8969339637201315,0.8907563025210085,0.0,0.07563025210084033,0.0,0.33613445378151263,0.13445378151260504,0.8991596638655462,0.07563025210084033,scripted
10100,success,107,0,0,nan,6,18.236734869433334,16.434023898577692,1.0560747663551402,2.0,2.0,0.25422451132455826,0.4115476211453843,11.071397781097414,1.7622344615748153,1.0,0.0,0.0,0.0,0.056074766355140186,0.056074766355140186,1.0,0.0,scripted
10101,failure,1,0,0,nan,0,14.336444004153634,14.336444004153634,0.0,0.0,0.0,0.0025851497290039875,0.0025851497290039875,nan,0.699999988079071,0.0,0.0,0.0,0.0,0.0,0.0,0.0,0.0,scripted
10102,success,88,1,0,9.800692380489865,24,15.526766973448401,15.30809491563572,1.8636363636363635,2.0,3.0,0.3526354556272077,0.4007611683079273,7.929833846945616,2.176741727057417,0.8863636363636364,0.0,0.0,0.0,0.2727272727272727,0.13636363636363635,0.8068181818181818,0.022727272727272728,scripted
10103,failure,8,1,0,21.219548510752087,0,11.516842275050074,11.522970234609359,0.125,1.0,1.0,0.29657052166565223,0.3084745064432996,4.836887817604399,3.0593749180436136,0.75,0.0,0.0,0.0,0.0,0.0,0.0,0.0,scripted
10104,success,66,0,0,nan,5,19.868149384193984,18.62029894486937,0.6212121212121212,2.0,2.0,0.18662992210381035,0.4013295405585642,12.217073999637345,2.511778794332468,1.0,0.0,0.0,0.0,0.07575757575757576,0.045454545454545456,0.8939393939393939,0.0,scripted
10105,success,90,0,0,nan,1,14.188573560757021,13.356475344866974,1.4666666666666666,3.0,3.0,0.32987014860445785,0.4166346413777746,10.755366924053112,3.0155679214668796,1.0,0.0,0.0,0.0,0.011111111111111112,0.0,0.8333333333333334,0.0,scripted
10106,failure,124,0,0,nan,5,22.720877371754515,20.707471921292456,0.2661290322580645,1.0,1.0,0.14913584491384882,0.29859674735672204,11.559540857624759,2.617329859334334,0.9919354838709677,0.0,0.0,0.0,0.04032258064516129,0.024193548387096774,0.8467741935483871,0.0,scripted
10107,success,109,0,0,nan,8,21.058751765259327,19.062124038263594,0.963302752293578,2.0,2.0,0.17944954173798738,0.4099093229635364,13.736233809789614,2.0554174416590096,1.0,0.0,0.0,0.0,0.07339449541284404,0.06422018348623854,0.9541284403669725,0.0,scripted
10108,success,107,0,0,nan,4,16.515654926235495,15.569887811030341,1.2149532710280373,2.0,3.0,0.26289233435723736,0.4125800380412124,10.444728191134418,3.183296025752391,1.0,0.0,0.0,0.0,0.037383177570093455,0.028037383177570093,0.3925233644859813,0.0,scripted
10109,success,56,0,0,nan,5,16.671627063851485,15.866499857519813,1.2142857142857142,2.0,2.0,0.35815467600054757,0.4078206311556427,7.836186735387577,3.400097311929667,1.0,0.0,0.0,0.0,0.08928571428571429,0.0,0.75,0.0,scripted
10110,success,68,0,0,nan,1,16.90026146073559,15.969655202083569,1.8676470588235294,3.0,3.0,0.38158483656339875,0.4625485694078761,11.267479953701823,2.4610272476643256,1.0,0.0,0.04411764705882353,0.0,0.014705882352941176,0.0,0.6029411764705882,0.0,scripted
10111,failure,113,0,0,nan,2,21.534961656010427,19.625154988252564,0.2743362831858407,1.0,1.0,0.17457921687054406,0.2918366487366571,14.050330317692723,2.1288858226953242,0.9911504424778761,0.0,0.0,0.0,0.017699115044247787,0.008849557522123894,0.6548672566371682,0.0,scripted
10112,success,120,1,1,11.412830986154255,18,15.899594904134949,14.655036046010448,1.7,2.0,3.0,0.2920608996002352,0.41121642800368546,11.315158059104999,2.5040312428343774,0.9083333333333333,0.0,0.025,0.0,0.15,0.0,0.7916666666666666,0.058333333333333334,scripted
10113,success,99,1,1,11.940087599434353,70,13.96461717211081,13.965033941432818,1.9696969696969697,2.0,3.0,0.37700841423777975,0.4040022958970742,3.9492176010243396,1.4214783942937896,0.8888888888888888,0.0,0.0,0.0,0.7070707070707071,0.5858585858585859,0.696969696969697,0.3939393939393939,scripted
10114,failure,151,2,1,8.698684936884415,60,17.752563829034493,17.936783028817437,0.8874172185430463,1.0,2.0,0.2152940434979605,0.24791072485590435,7.548072650666861,1.8558577124524922,0.8741721854304636,0.0,0.0,0.0,0.3973509933774834,0.2913907284768212,0.9205298013245033,0.15894039735099338,scripted
10115,failure,119,1,0,5.558344231283026,40,16.922387174688268,17.144148176323476,0.907563025210084,1.0,3.0,0.24650032617366957,0.2570854579906141,6.3644122218027706,1.5972858150784783,0.9327731092436975,0.0,0.09243697478991597,0.0,0.33613445378151263,0.3865546218487395,1.0,0.09243697478991597,scripted
10116,failure,94,0,0,nan,2,19.7782557098471,18.984487084170436,0.30851063829787234,1.0,2.0,0.14138688362457646,0.20836762703628905,12.966949986436845,3.1921783167628193,0.9893617021276596,0.0,0.1702127659574468,0.0,0.02127659574468085,0.010638297872340425,0.7872340425531915,0.0,scripted
10117,success,135,1,0,9.715394186814889,19,18.93958524926861,17.597705649066775,1.325925925925926,2.0,3.0,0.26896402355787574,0.4185307267800502,12.002570725517524,2.4430826154268614,0.9259259259259259,0.0,0.0,0.0,0.14074074074074075,0.022222222222222223,0.5481481481481482,0.014814814814814815,scripted
10118,success,129,1,0,8.990379409917942,21,19.360896607416336,18.19313674250757,1.4806201550387597,2.0,3.0,0.2991765563681091,0.4011584058771302,10.195642909468313,2.183189302572699,0.9224806201550387,0.0,0.0,0.0,0.16279069767441862,0.031007751937984496,1.0,0.007751937984496124,scripted
10119,success,95,1,1,11.008108181411133,12,12.684060701171642,11.67182253659528,2.6,4.0,4.0,0.5226063742080879,0.42127547624478767,10.246122168749604,2.2287724904816666,0.8842105263157894,0.12631578947368421,0.0,0.0,0.12631578947368421,0.0,0.5789473684210527,0.0,scripted
10120,success,123,1,0,8.73360713145278,20,18.12936358028432,17.068466112690878,1.6747967479674797,2.0,3.0,0.366599993496166,0.4016444511730987,9.94806747603746,1.9626880091966128,0.926829268292683,0.0,0.0,0.0,0.16260162601626016,0.04878048780487805,1.0,0.0,scripted
10121,failure,133,1,0,8.885317761070882,13,14.42137235708347,13.076115036736738,1.8270676691729324,2.0,3.0,0.36936476363684273,0.30751871838485917,11.658180386407357,2.3277345025328655,0.9172932330827067,0.0,0.10526315789473684,0.0,0.09774436090225563,0.022556390977443608,0.6842105263157895,0.0,scripted
10122,failure,143,1,0,15.214368776594924,26,15.237968796855519,14.20674472029037,1.3986013986013985,2.0,3.0,0.27870253137246725,0.2633404886827871,12.31907385504644,2.2997571639897023,0.9020979020979021,0.0,0.0,0.0,0.18181818181818182,0.09090909090909091,0.5524475524475524,0.06993006993006994,scripted
10123,success,95,0,0,nan,1,18.82922752712491,17.34814578466399,1.0526315789473684,2.0,2.0,0.43083168217344336,0.4024923907009639,12.352223446260535,2.115511279515304,1.0,0.0,0.0,0.0,0.010526315789473684,0.0,1.0,0.0,scripted
10124,failure,157,0,0,nan,29,25.941050686997823,23.40065620970592,0.47770700636942676,1.0,1.0,0.16854453245821632,0.27078630445620605,10.938661293343184,1.7760603206085654,0.9936305732484076,0.0,0.0,0.0,0.18471337579617833,0.08280254777070063,0.9171974522292994,0.0,scripted
10125,success,69,0,0,nan,9,18.128830927610085,17.26391237431536,1.0434782608695652,2.0,2.0,0.2606668286186736,0.41659836815332096,9.634683439294468,2.7401419635514603,1.0,0.0,0.0,0.0,0.13043478260869565,0.043478260869565216,0.7971014492753623,0.0,scripted
10126,success,111,0,0,nan,5,19.66246612202459,18.10265978507269,1.009009009009009,2.0,2.0,0.21624967153983662,0.4178985462881179,11.916022421185819,2.6081770481990216,1.0,0.0,0.0,0.0,0.04504504504504504,0.036036036036036036,0.8828828828828829,0.0,scripted
10127,success,116,3,1,11.008572180980709,48,13.876018324085752,13.54659906266483,1.4224137931034482,2.0,3.0,0.255380636541251,0.40327102314471003,5.535425588049353,2.4094607745864813,0.7241379310344828,0.0,0.0,0.0,0.41379310344827586,0.28448275862068967,0.6724137931034483,0.14655172413793102,scripted
10128,success,90,0,0,nan,1,16.963286239822448,16.164253471609296,1.2,2.0,2.0,0.29694088833185256,0.4473380618632244,10.484310772203116,3.161324944414389,1.0,0.0,0.0,0.0,0.011111111111111112,0.0,0.4888888888888889,0.0,scripted
10129,success,64,0,0,nan,1,17.611775818278378,16.84191901124883,1.78125,3.0,3.0,0.5391967626322919,0.44872350153347845,8.907545826288683,2.9994094258640533,1.0,0.0,0.0,0.0,0.015625,0.0,0.546875,0.0,scripted
10130,success,58,0,0,nan,1,15.650866462249958,14.563801860712886,1.5344827586206897,3.0,3.0,0.4799572194133901,0.4650803244284801,6.986314105573532,2.145513613099432,1.0,0.0,0.0,0.0,0.017241379310344827,0.0,1.0,0.0,scripted
10131,success,36,2,0,10.9509758561331,5,10.580953052803793,10.644048056556903,1.6666666666666667,2.0,2.0,0.4821738267660445,0.6803568715870784,6.2727887611535404,4.385333270883013,0.4166666666666667,0.0,0.0,0.0,0.1388888888888889,0.0,0.05555555555555555,0.0,scripted
10132,failure,104,1,0,13.638852060553429,28,14.86813229838723,14.306897267494477,2.2211538461538463,2.0,4.0,0.354409737950764,0.21713516927700857,7.863162156999751,1.6734939865329663,0.875,0.019230769230769232,0.0,0.0,0.2692307692307692,0.16346153846153846,1.0,0.09615384615384616,scripted
10133,success,97,0,0,nan,6,19.143495243826887,17.805343430240033,0.711340206185567,2.0,2.0,0.21424023139073037,0.4097468172523951,9.38143600922922,2.108833997684167,1.0,0.0,0.0,0.0,0.061855670103092786,0.061855670103092786,0.7422680412371134,0.0,scripted
10134,success,78,1,1,10.429894825011404,12,9.001895203773575,8.21799034963885,2.9358974358974357,5.0,5.0,0.4716644020486213,0.5236259069665173,12.085045935319581,2.774164699967898,0.8589743589743589,0.5641025641025641,0.0,0.0,0.15384615384615385,0.0,0.7051282051282052,0.0,scripted
10135,failure,60,1,1,9.883048465799348,21,16.083041073669715,15.898627925073294,1.8166666666666667,2.0,3.0,0.37825516259966574,0.3479312562953148,5.337909404965,2.6572874987102413,0.8166666666666667,0.0,0.0,0.0,0.35,0.1,0.7333333333333333,0.0,scripted
10136,failure,135,0,0,nan,32,23.25097542467326,21.563407236240188,0.8296296296296296,1.0,3.0,0.21896509317753163,0.319628877637076,9.30869654786505,2.2697955083419834,0.9925925925925926,0.0,0.0,0.0,0.23703703703703705,0.1925925925925926,0.6296296296296297,0.014814814814814815,scripted
10137,failure,35,1,0,29.77617959079161,0,13.056889255949155,13.065932230984817,1.1714285714285715,3.0,3.0,0.5294166160880058,0.4879504714847382,7.035445023963596,4.42098203720748,0.4,0.0,0.0,0.0,0.0,0.0,0.5428571428571428,0.0,scripted
10138,success,87,0,0,nan,3,14.777384232834326,13.947131567620735,1.1954022988505748,3.0,3.0,0.24865135275824726,0.4055030442538506,10.986417943773334,3.445796012841306,1.0,0.0,0.0,0.0,0.034482758620689655,0.034482758620689655,0.4827586206896552,0.0,scripted
10139,failure,127,0,0,nan,60,16.687458561404828,16.050382657557403,1.6771653543307086,2.0,2.0,0.3213241239514138,0.3340349824914855,5.463430361673033,1.9962236738677923,0.9921259842519685,0.0,0.0,0.0,0.47244094488188976,0.4251968503937008,0.7480314960629921,0.2440944881889764,scripted
10140,timeout,200,0,0,nan,77,21.323595808408417,19.577182297681457,0.455,1.0,1.0,0.18894220538678774,0.259455191402472,8.317837454177054,1.5568871889759388,1.0,0.0,0.0,0.0,0.385,0.355,0.765,0.24,scripted
10141,failure,54,1,0,9.616265586790455,8,15.356013235506078,15.181518836992774,0.4444444444444444,1.0,1.0,0.2526331149173107,0.366179455341986,5.617237687505982,3.9590644473673735,0.7962962962962963,0.0,0.0,0.0,0.14814814814814814,0.07407407407407407,0.8703703703703703,0.0,scripted
10142,success,95,0,0,nan,1,21.460852601145017,19.790817826617985,1.263157894736842,3.0,3.0,0.3138264293990614,0.44370629772677167,11.395473178381378,2.764339271000497,1.0,0.0,0.0,0.0,0.010526315789473684,0.010526315789473684,0.9368421052631579,0.0,scripted
10143,failure,80,0,0,nan,11,18.825780990513742,17.402265502939734,0.4375,1.0,1.0,0.15867983555068516,0.3376282984698146,8.811293853453924,2.0643842584835377,0.9875,0.0,0.0,0.0,0.1375,0.125,1.0,0.0,scripted
10144,failure,18,1,0,12.790629807974579,0,10.174571376919044,10.175553412825654,0.7222222222222222,1.0,1.0,0.331683884739927,0.45827400561690695,4.272697917079418,4.142777698869256,0.2777777777777778,0.0,1.0,0.0,0.0,0.0,1.0,0.0,scripted
10145,success,49,0,0,nan,1,12.339722274162362,11.774185348478502,2.4081632653061225,3.0,3.0,0.4267861713374925,0.4587605348357471,11.422003925681299,3.1306747200035887,1.0,0.0,0.3469387755102041,0.0,0.02040816326530612,0.0,0.6938775510204082,0.0,scripted
10146,success,70,0,0,nan,1,13.99603207563696,13.561750632827607,1.0571428571428572,3.0,3.0,0.2191749549167512,0.44417159542526186,12.755880373300451,3.9792894851997955,1.0,0.0,0.0,0.0,0.014285714285714285,0.0,0.14285714285714285,0.0,scripted
10147,failure,177,1,1,12.860868316942746,42,16.9357050097762,16.28631434871968,1.7570621468926553,2.0,3.0,0.29605484758553424,0.2995164555151499,11.316397128981984,2.0550342602267255,0.9265536723163842,0.0,0.0,0.0,0.23728813559322035,0.0903954802259887,0.8587570621468926,0.06779661016949153,scripted
10148,success,83,0,0,nan,1,16.391272346672018,15.408753062770739,1.5301204819277108,3.0,3.0,0.36307234953531176,0.5764875065552572,10.66630069884865,3.210660314149718,1.0,0.0,0.0,0.0,0.012048192771084338,0.012048192771084338,0.7590361445783133,0.0,scripted
10149,failure,118,2,0,34.649235142440695,7,17.404581516461615,17.035917345299502,0.9322033898305084,2.0,2.0,0.26399619150957615,0.3846681439604267,8.243466004851,2.461070101538108,0.576271186440678,0.0,0.0,0.0,0.059322033898305086,0.00847457627118644,0.7796610169491526,0.211864406779661,scripted
10150,success,91,2,1,11.261131749826859,14,12.269197635959584,12.533047374287557,2.4505494505494507,3.0,4.0,0.5646427730493654,0.4935688845523036,5.568629160963343,2.411919236430228,0.7582417582417582,0.16483516483516483,0.0,0.0,0.15384615384615385,0.02197802197802198,0.8461538461538461,0.02197802197802198,scripted
10151,failure,97,2,0,23.23469072679171,13,18.576534545654763,17.55711010931185,0.711340206185567,2.0,2.0,0.23189736507819603,0.26176395793402607,5.814772320092458,2.9762160666863755,0.6391752577319587,0.0,0.0,0.0,0.13402061855670103,0.31958762886597936,0.7216494845360825,0.030927835051546393,scripted
10152,failure,95,1,0,17.496285927800304,0,21.233654909678545,19.287173281228473,1.0526315789473684,1.0,2.0,0.24138194132033278,0.28766268404170386,16.479408757125675,1.8172636195023724,0.9789473684210527,0.0,0.0,0.0,0.0,0.0,1.0,0.0,scripted
10153,success,113,0,0,nan,1,16.672190323105912,15.552392154434349,1.3008849557522124,3.0,3.0,0.2804203940447277,0.44566862661062573,11.408580351880873,2.9575620426862663,1.0,0.0,0.0,0.0,0.008849557522123894,0.0,0.7168141592920354,0.0,scripted
10154,failure,80,0,0,nan,8,22.204655014086956,21.00828372098733,0.1,1.0,1.0,0.09395388478020543,0.3094529800131844,9.41034556868869,1.9609947444197537,0.9875,0.0,0.0,0.0,0.1,0.075,0.7,0.0,scripted
10155,success,80,0,0,nan,1,15.164537265010448,14.266436110834459,0.875,2.0,2.0,0.2773431724114723,0.4073377357355887,14.740377345401516,2.6167046463882344,1.0,0.0,0.0,0.0,0.0125,0.0,1.0,0.0,scripted
10156,success,61,1,0,42.19544035311158,1,17.88977359105735,17.487244953765963,1.180327868852459,2.0,2.0,0.40612263629806566,0.41383441515668157,5.057639209916358,2.3021509667089086,0.5245901639344263,0.0,0.0,0.0,0.01639344262295082,0.0,1.0,0.19672131147540983,scripted
10157,failure,134,1,1,10.815859192964979,38,16.267384266250957,15.885603688413386,1.0895522388059702,1.0,2.0,0.2282912465396624,0.20841078343482974,11.840596763852718,2.415358642720254,0.9104477611940298,0.0,0.0,0.0,0.2835820895522388,0.08208955223880597,0.8582089552238806,0.05970149253731343,scripted
10158,failure,87,0,0,nan,6,16.636053385239315,14.99890101953888,1.4367816091954022,2.0,3.0,0.30407253409951823,0.405658231979315,12.310424596484976,2.1330836496351155,0.9885057471264368,0.0,0.0,0.0,0.06896551724137931,0.034482758620689655,1.0,0.0,scripted
10159,timeout,200,3,1,27.678515665857134,96,20.69549935325651,20.61173607498595,0.915,1.0,2.0,0.2073827717885887,0.23738928259170344,6.77692566207974,0.9552119362550238,0.695,0.0,0.0,0.0,0.48,0.085,1.0,0.48,scripted
10160,failure,120,0,0,nan,4,19.29290927767236,17.77542879556362,0.9916666666666667,2.0,2.0,0.22357376369002133,0.37911758713998706,12.239045812975666,2.6060340720255075,0.9916666666666667,0.0,0.1,0.0,0.03333333333333333,0.025,0.5833333333333334,0.0,scripted
10161,success,96,0,0,nan,1,15.681652228852974,14.71624661701988,0.8541666666666666,2.0,2.0,0.28452474832092867,0.40103912818947945,13.671527365978895,3.0731373977942695,1.0,0.0,0.0,0.0,0.010416666666666666,0.0,0.3229166666666667,0.0,scripted
10162,failure,36,1,0,24.981911764502254,0,18.43931766295887,18.5849404457508,0.9722222222222222,1.0,1.0,0.28085871876525226,0.3161808844367395,11.075420685849394,4.483098749038499,0.9166666666666666,0.0,0.0,0.0,0.0,0.0,0.4444444444444444,0.0,scripted
10163,success,83,0,0,nan,1,14.177323924683948,13.407275139212382,1.2289156626506024,3.0,3.0,0.3146739595805723,0.43962592211677815,10.574241561774091,3.115137882684999,1.0,0.0,0.0,0.0,0.012048192771084338,0.0,0.43373493975903615,0.0,scripted
10164,success,65,0,0,nan,1,14.31450414015465,13.611132519271692,1.0615384615384615,2.0,2.0,0.3234382155161281,0.4406305748094424,15.733339736272388,3.2095627979198613,1.0,0.0,0.0,0.0,0.015384615384615385,0.0,0.7538461538461538,0.0,scripted
10165,success,87,0,0,nan,3,18.74761089071084,17.449889226584713,1.4942528735632183,2.0,3.0,0.37271510160787286,0.4059200445159152,9.416151682512945,2.3902676160091234,1.0,0.0,0.0,0.0,0.034482758620689655,0.022988505747126436,0.735632183908046,0.0,scripted
10166,failure,69,1,0,39.9396015232909,0,18.613533196965317,18.318067967185947,1.434782608695652,0.0,3.0,0.33566468665315663,0.07553194397779413,11.247559757905426,4.465186388246725,0.5942028985507246,0.0,0.0,0.0,0.0,0.0,0.6376811594202898,0.10144927536231885,scripted
10167,success,107,0,0,nan,4,17.273774635027106,15.789130585990936,1.0560747663551402,2.0,2.0,0.2784089023515862,0.4000726751501132,12.64404911990858,2.883828549067261,1.0,0.0,0.0,0.0,0.037383177570093455,0.056074766355140186,0.514018691588785,0.0,scripted
10168,success,99,0,0,nan,1,19.198563815920586,17.778409426012967,0.7373737373737373,2.0,2.0,0.22299487809141144,0.4023138182105524,13.839358304285895,2.1406044730343177,1.0,0.0,0.0,0.0,0.010101010101010102,0.010101010101010102,0.6464646464646465,0.0,scripted
10169,failure,112,0,0,nan,24,20.536763767413998,18.582892321212896,0.375,1.0,2.0,0.12129672568428304,0.21801355398152567,9.054589869073228,1.9228795752266528,0.9910714285714286,0.0,0.0,0.0,0.21428571428571427,0.19642857142857142,0.8035714285714286,0.0,scripted
10170,success,87,1,0,17.496437262987833,5,16.72993739832404,15.517241949359633,1.3908045977011494,3.0,3.0,0.2950896979520339,0.4124413589221448,10.446015872002459,2.3025837663435955,0.8275862068965517,0.0,0.06896551724137931,0.0,0.05747126436781609,0.04597701149425287,1.0,0.0,scripted
10171,failure,151,0,0,nan,22,17.94917893008014,15.855902180347453,0.48344370860927155,1.0,1.0,0.19736676030524972,0.27976325427673127,12.166334843566304,2.3670089662924405,0.9933774834437086,0.0,0.0,0.0,0.1456953642384106,0.13245033112582782,0.8543046357615894,0.0,scripted
10172,timeout,200,1,1,11.704172542980162,66,19.110923834305428,19.677892592331997,1.61,2.0,3.0,0.26607670417071033,0.3157449402444667,11.033618723108283,1.8659963549113534,0.945,0.0,0.0,0.0,0.33,0.225,0.74,0.18,scripted
10173,failure,110,0,0,nan,29,19.388454569251262,18.176669644184763,1.0909090909090908,2.0,2.0,0.22379716684563505,0.3477784008176304,7.392188635003177,2.105454583911234,0.990909090909091,0.0,0.0,0.0,0.2636363636363636,0.2545454545454545,0.7272727272727273,0.0,scripted
10174,failure,45,1,0,41.425416166135754,0,15.384903946517163,15.350748091011155,0.5333333333333333,0.0,1.0,0.17092478009102186,0.21806453362849912,8.260420733957039,4.538417052020963,0.35555555555555557,0.0,0.0,0.0,0.0,0.0,0.0,0.13333333333333333,scripted
10175,failure,123,1,0,3.27363791339163,34,20.11675814673371,19.896031440215392,0.3983739837398374,1.0,1.0,0.12668926475349965,0.21179658848472097,9.57897136541147,1.6719275631734565,0.9512195121951219,0.0,0.0,0.0,0.2764227642276423,0.3252032520325203,0.9186991869918699,0.04065040650406504,scripted
10176,failure,26,1,0,28.24914098926741,0,12.742826904184229,12.733585674116814,1.6538461538461537,2.0,2.0,0.5294858781638064,0.6503403862203854,4.19671287614209,4.232715940666668,0.19230769230769232,0.0,0.0,0.0,0.0,0.0,0.3076923076923077,0.0,scripted
10177,success,128,0,0,nan,2,16.808025521619463,15.161722581872842,1.546875,3.0,3.0,0.27549626376228775,0.420432239014894,11.56028937777954,2.5670230350385768,1.0,0.0,0.0,0.0,0.015625,0.015625,0.6171875,0.0,scripted
10178,success,104,0,0,nan,5,16.920671900997437,15.40865847298114,0.5865384615384616,1.0,2.0,0.2550762974346284,0.4070923558889377,11.411863803137704,2.3400853857612045,1.0,0.0,0.0,0.0,0.04807692307692308,0.04807692307692308,0.7019230769230769,0.0,scripted
10179,success,47,3,0,11.366674627412744,3,11.86605456079503,11.84632013452053,2.0,2.0,4.0,0.5854561461360014,0.707942092572427,5.741855907562058,4.619233521144367,0.2978723404255319,0.0851063829787234,0.0,0.0,0.06382978723404255,0.0,0.3191489361702128,0.0,scripted
10180,success,85,0,0,nan,3,15.166204299051284,13.933431208892042,0.8,1.0,2.0,0.2924421427153347,0.4214468279569365,11.810541935781647,2.8023725344723123,1.0,0.0,0.0,0.0,0.03529411764705882,0.023529411764705882,0.9411764705882353,0.0,scripted
10181,failure,79,0,0,nan,0,20.638954460558587,19.30663681119306,0.7721518987341772,1.0,1.0,0.21687511133142998,0.28864506300069265,10.797383442801163,2.3096317610747343,0.9873417721518988,0.0,0.0,0.0,0.0,0.02531645569620253,1.0,0.0,scripted
10182,success,78,1,0,13.127707316593542,11,12.642840601973434,11.662591532048376,2.923076923076923,3.0,4.0,0.4805180062699267,0.4142503349507523,8.297517333477822,1.8641640140857623,0.8461538461538461,0.14102564102564102,0.0,0.0,0.14102564102564102,0.01282051282051282,0.8333333333333334,0.0,scripted
10183,success,103,0,0,nan,1,16.005896374444504,14.810883351976702,1.2621359223300972,3.0,3.0,0.2951344051489006,0.4976640705241931,11.408292241507528,2.5705946690540387,1.0,0.0,0.0,0.0,0.009708737864077669,0.009708737864077669,0.6116504854368932,0.0,scripted
10184,failure,117,2,1,10.641032963540352,27,15.405656934132024,15.489816333302105,1.6581196581196582,2.0,2.0,0.39746126441261714,0.30656334235346655,8.516292072314464,2.0947676074670265,0.8034188034188035,0.0,0.0,0.0,0.23076923076923078,0.02564102564102564,0.7094017094017094,0.06837606837606838,scripted
10185,failure,104,1,1,11.584545664208182,34,18.135585094489272,17.888598970752717,1.0384615384615385,1.0,2.0,0.2779022800382973,0.21164489444102652,11.841884114847371,1.4518873339656635,0.8846153846153846,0.0,0.0,0.0,0.3269230769230769,0.18269230769230768,0.9038461538461539,0.057692307692307696,scripted
10186,success,107,0,0,nan,2,16.010827777358134,14.719712585723638,0.8037383177570093,2.0,2.0,0.23480081198791583,0.43351717217382685,17.41192810687962,2.6517718153792313,1.0,0.0,0.14018691588785046,0.0,0.018691588785046728,0.009345794392523364,0.5794392523364486,0.0,scripted
10187,failure,110,2,0,16.099023194014478,18,15.188585070991449,14.618541738646627,0.9545454545454546,2.0,2.0,0.2845214665200098,0.38448703725935696,8.920045383846883,3.087432300958975,0.7454545454545455,0.0,0.0,0.0,0.16363636363636364,0.02727272727272727,0.5,0.05454545454545454,scripted
10188,failure,103,1,1,11.684190027511193,33,14.7976257914499,14.786829472097974,2.3106796116504853,3.0,4.0,0.3264864271813317,0.3028456951136335,9.888686002768697,2.172727950809655,0.883495145631068,0.10679611650485436,0.0,0.0,0.32038834951456313,0.14563106796116504,0.883495145631068,0.05825242718446602,scripted
10189,success,81,0,0,nan,2,16.241935885326626,15.028719150327206,1.1358024691358024,2.0,2.0,0.35384480059278767,0.4112143681197456,10.30640422383429,2.8687676508330497,1.0,0.0,0.0,0.0,0.024691358024691357,0.024691358024691357,0.8271604938271605,0.0,scripted
10190,failure,163,1,1,7.263762961244543,55,18.677085730796065,18.461481368440285,0.8773006134969326,1.0,2.0,0.16786195851496732,0.2536625796935316,7.6217581534966286,2.056125843787357,0.9447852760736196,0.0,0.0,0.0,0.3374233128834356,0.2147239263803681,0.7668711656441718,0.12883435582822086,scripted
10191,success,95,0,0,nan,2,16.022118685227774,15.081557655544898,0.8105263157894737,2.0,2.0,0.27854023690150764,0.419768314615718,14.338882104421051,2.982164716656205,1.0,0.0,0.0,0.0,0.021052631578947368,0.010526315789473684,0.7157894736842105,0.0,scripted
10192,success,88,0,0,nan,1,17.640228303448485,16.360188837233974,1.5909090909090908,3.0,3.0,0.40400001909816685,0.49117062923225485,11.953625271811733,2.2954960585330153,1.0,0.0,0.0,0.0,0.011363636363636364,0.0,0.8863636363636364,0.0,scripted
10193,failure,1,0,0,nan,0,19.59069269000314,19.59069269000314,1.0,1.0,1.0,0.5444968098169637,0.5444968098169637,nan,0.6999999804394836,0.0,0.0,0.0,0.0,0.0,0.0,1.0,0.0,scripted
10194,failure,82,1,0,15.250713346552354,0,17.333836583658094,15.897715479058075,1.3048780487804879,1.0,3.0,0.28260639460337067,0.30592251280687927,13.118074662814626,2.000518183843508,0.9634146341463414,0.0,0.0,0.0,0.0,0.0,0.7926829268292683,0.0,scripted
10195,failure,60,1,0,32.428925786226934,8,12.47804907721196,12.47438464390223,2.6666666666666665,3.0,3.0,0.5807007899131514,0.5430406861457482,7.724019063114706,2.2090852502357508,0.6166666666666667,0.0,0.0,0.0,0.13333333333333333,0.016666666666666666,1.0,0.1,scripted
10196,failure,85,1,1,11.655630174724257,14,18.941361581947213,18.222210136232796,1.6588235294117648,1.0,3.0,0.284541714656707,0.15942626646738955,11.018995001846386,2.2905878863751776,0.8588235294117647,0.0,0.0,0.0,0.16470588235294117,0.023529411764705882,0.8117647058823529,0.03529411764705882,scripted
10197,success,100,1,0,13.957657810193469,21,15.164018141610375,14.657148148984206,1.65,2.0,3.0,0.39622789167405387,0.41468009266841427,11.605042262027853,2.2114944670788024,0.87,0.0,0.0,0.0,0.21,0.05,1.0,0.09,scripted
10198,success,142,0,0,nan,1,19.90314026837808,17.787808104006654,1.3591549295774648,3.0,3.0,0.31212913920030166,0.4645710700900727,15.848335132628575,2.5420642605633263,1.0,0.0,0.0,0.0,0.007042253521126761,0.0,0.5915492957746479,0.0,scripted
10199,success,77,0,0,nan,7,18.546062204576522,17.249166910375276,0.4155844155844156,1.0,1.0,0.29496035413949845,0.4039980482476133,9.283946858431637,2.4055000971510414,1.0,0.0,0.0,0.0,0.09090909090909091,0.06493506493506493,1.0,0.0,scripted
