update,step,lr,sps,success,ret,len,n_eps,pg_loss,v_loss,entropy,approx_kl,clipfrac,ev,phi_r2,ev_resid,h_dir_car,h_dir_off,h_spd_car,h_spd_off,h_ball_car,h_ball_off
1,768,0.0003,473.2,0.428571,1.099017,33.857143,7,-0.006324,0.029983,3.306607,0.004688,0.046112,0.17458,0.013573,0.503858,2.190737,2.189607,1.097945,1.097653,2.291988,0.0
10,7680,0.0002997926267281106,509.7,0.226804,0.979773,75.701031,97,-0.004461,0.017118,3.25726,0.003334,0.034912,0.738739,0.01321,0.796461,2.163081,2.155246,1.083104,1.08205,2.194485,0.0
20,15360,0.0002995622119815668,477.9,0.21,1.034086,82.33,185,-0.006364,0.014562,3.186654,0.005325,0.061798,0.605648,0.20051,0.560248,2.108485,2.113555,1.062078,1.068273,2.104437,0.0
30,23040,0.000299331797235023,475.9,0.24,1.043944,73.5,288,-0.004971,0.013452,3.191599,0.004015,0.038605,0.668332,0.080718,0.73814,2.111833,2.10542,1.060821,1.07332,2.00061,0.0
40,30720,0.0002991013824884792,479.6,0.17,0.934814,86.4,377,-0.006747,0.014456,3.125107,0.004832,0.056427,0.671643,0.405495,0.454356,2.118513,2.095834,0.977912,1.0111,1.900972,0.0
50,38400,0.00029887096774193543,474.9,0.28,1.060124,75.57,478,-0.00755,0.014361,3.045438,0.005545,0.065063,0.641533,0.331709,0.473383,2.049064,2.027843,1.009879,1.006136,1.589023,0.0
60,46080,0.0002986405529953917,471.8,0.47,1.320851,63.58,593,-0.006025,0.016274,2.960092,0.005223,0.05838,0.605043,0.259063,0.51826,1.90898,1.938944,1.019808,1.021127,1.198584,0.0
70,53760,0.0002984101382488479,466.1,0.64,1.586314,72.79,697,-0.004635,0.013838,2.961636,0.003872,0.035065,0.567307,0.248233,0.483506,1.920148,1.938021,1.025188,1.024225,1.073982,0.0
80,61440,0.00029817972350230416,465.9,0.61,1.521334,68.08,809,-0.007552,0.019469,2.965197,0.006662,0.086609,0.351273,0.328769,0.182455,1.902981,1.923833,1.006025,1.02306,1.127481,0.0
90,69120,0.00029794930875576037,465.7,0.57,1.534092,78.82,908,-0.006998,0.017186,2.932873,0.005894,0.072052,0.296455,0.253867,0.224659,1.926039,1.911107,0.981622,1.016229,1.154373,0.0
100,76800,0.0002977188940092166,467.1,0.5,1.408337,94.43,986,-0.006756,0.015254,2.990126,0.004741,0.053223,0.551821,0.139948,0.541564,1.984258,1.933711,1.027053,1.034769,1.009156,0.0
110,84480,0.0002974884792626728,465.1,0.51,1.404742,89.75,1076,-0.006147,0.026136,2.879235,0.004954,0.058533,0.417168,0.336974,0.174604,1.927636,1.862779,1.023573,1.016352,1.083773,0.0
120,92160,0.000297258064516129,463.4,0.6,1.521516,73.72,1181,-0.008393,0.012664,2.84174,0.005821,0.07489,0.635478,0.039913,0.712944,1.896351,1.82279,1.034818,1.006007,0.681916,0.0
130,99840,0.0002970276497695852,455.9,0.67,1.631562,75.45,1279,-0.005416,0.015031,2.842183,0.005199,0.061218,0.640422,0.48528,0.303195,1.88997,1.843603,0.961443,0.980675,0.937252,0.0
140,107520,0.00029679723502304146,457.9,0.56,1.472605,79.59,1377,-0.00656,0.029459,2.901613,0.005862,0.073212,0.141499,0.31252,-0.188415,1.965529,1.904531,0.985155,0.98729,0.908718,0.0
150,115200,0.00029656682027649767,461.1,0.56,1.455546,79.46,1473,-0.006651,0.027126,2.905325,0.005462,0.065979,0.470592,0.251958,0.292341,1.966239,1.887829,1.001234,1.008515,0.904281,0.0
160,122880,0.0002963364055299539,464.0,0.58,1.474781,87.47,1560,-0.007041,0.011721,2.903025,0.005593,0.068481,0.670179,0.185935,0.694613,1.958215,1.905952,0.961325,0.983568,0.855563,0.0
170,130560,0.00029610599078341013,466.5,0.5,1.411731,84.96,1648,-0.007587,0.014307,2.898134,0.005954,0.078003,0.52484,0.551492,-0.033144,1.996523,1.924571,0.949086,0.966647,0.859307,0.0
180,138240,0.00029587557603686634,468.5,0.7,1.65684,76.48,1750,-0.006478,0.014151,2.89704,0.00592,0.075562,0.527033,0.021029,0.671191,1.925119,1.89249,0.959362,1.003976,0.717818,0.0
190,145920,0.00029564516129032255,470.5,0.59,1.534135,76.99,1849,-0.007555,0.022117,2.893733,0.006139,0.081696,0.581087,0.167602,0.521834,1.858021,1.899683,0.981823,0.996307,0.681244,0.0
200,153600,0.00029541474654377876,472.2,0.64,1.595314,75.72,1949,-0.006473,0.01237,2.921829,0.005341,0.059296,0.770374,0.323247,0.666492,1.9445,1.906144,1.026323,1.015768,0.274023,0.0
210,161280,0.00029518433179723496,473.3,0.62,1.558541,84.71,2041,-0.007431,0.015048,2.894283,0.006152,0.085999,0.416832,0.213143,0.39305,1.941199,1.902491,0.994377,0.981474,0.261126,0.0
220,168960,0.0002949539170506912,474.7,0.74,1.667307,86.88,2128,-0.008351,0.003211,2.868228,0.005668,0.072906,0.734822,0.398276,0.640039,1.925444,1.893336,0.962232,0.978156,0.240521,0.0
230,176640,0.00029472350230414743,476.1,0.68,1.615728,107.37,2193,-0.007287,0.015766,2.892041,0.006554,0.087128,0.574189,0.24833,0.437041,1.96505,1.930935,0.976924,0.960662,0.452748,0.0
240,184320,0.0002944930875576037,477.4,0.6,1.514113,94.63,2280,-0.007176,0.022233,2.822432,0.005875,0.07312,0.602077,0.334033,0.410691,1.840158,1.844482,0.975427,0.962215,0.55542,0.0
250,192000,0.0002942626728110599,478.6,0.86,1.878972,76.49,2379,-0.007223,0.015229,2.875678,0.00622,0.079071,0.64253,0.485527,0.305494,1.817436,1.878882,1.0143,0.996696,0.540691,0.0
260,199680,0.0002940322580645161,479.7,0.68,1.665882,82.36,2473,-0.007781,0.016484,2.902061,0.005764,0.070312,0.323019,0.271882,0.179557,1.933381,1.922758,0.933121,0.973101,0.483986,0.0
270,207360,0.0002938018433179723,480.7,0.62,1.529246,97.92,2547,-0.006972,0.010611,2.866819,0.005514,0.06778,0.757985,0.235511,0.691374,1.938262,1.879068,0.938,0.984318,0.144651,0.0
280,215040,0.0002935714285714285,481.6,0.65,1.595353,102.04,2624,-0.006637,0.018487,2.875346,0.005502,0.064026,0.307382,0.229957,0.228502,1.910352,1.876955,0.990103,0.99247,0.515529,0.0
290,222720,0.00029334101382488473,482.4,0.64,1.543529,97.33,2703,-0.00669,0.010538,2.854006,0.005413,0.064728,0.787461,0.120588,0.769387,1.888303,1.875955,0.995077,0.974685,0.20903,0.0
300,230400,0.000293110599078341,483.0,0.82,1.791124,72.35,2809,-0.007846,0.011682,2.811634,0.005973,0.075592,0.443272,0.153686,0.465454,1.866944,1.858928,0.955975,0.938791,0.251138,0.0
310,238080,0.0002928801843317972,483.3,0.75,1.715642,81.08,2905,-0.007173,0.018543,2.849547,0.006458,0.084808,0.293911,0.207104,0.386182,1.867553,1.888876,0.959666,0.958753,0.452115,0.0
320,245760,0.00029264976958525346,483.6,0.66,1.603616,98.97,2980,-0.00734,0.008834,2.872984,0.005821,0.06897,0.372792,0.063777,0.67501,1.903229,1.876338,0.99528,0.99821,0.322643,0.0
330,253440,0.00029241935483870966,483.7,0.81,1.826506,87.31,3071,-0.008019,0.010617,2.832414,0.005338,0.064056,0.602122,0.325816,0.491114,1.755454,1.823506,1.038403,0.996396,0.386383,0.0
340,261120,0.00029218894009216587,482.6,0.76,1.722323,73.53,3176,-0.006637,0.021367,2.853783,0.005623,0.069305,0.455592,0.12148,0.463236,1.821083,1.852548,1.015772,1.000125,0.420732,0.0
350,268800,0.0002919585253456221,481.2,0.78,1.760898,85.01,3262,-0.006764,0.014998,2.813924,0.005904,0.072052,0.426974,0.332255,0.255527,1.786371,1.798922,1.02315,1.006571,0.515013,0.0
360,276480,0.0002917281105990783,480.8,0.75,1.709396,74.03,3366,-0.008311,0.011057,2.848805,0.007124,0.093475,0.568821,0.084536,0.617106,1.84282,1.822247,1.008035,1.024721,0.721562,0.0
370,284160,0.00029149769585253455,480.6,0.68,1.647569,93.07,3444,-0.008667,0.01195,2.961154,0.00689,0.093201,0.472226,0.379306,0.309678,1.929858,1.909062,1.055682,1.052042,0.582581,0.0
380,291840,0.00029126728110599075,481.4,0.6,1.552797,100.17,3519,-0.006984,0.011106,2.897312,0.005809,0.073517,0.736525,0.145578,0.727884,1.940277,1.883832,1.023273,1.002107,0.480263,0.0
390,299520,0.00029103686635944696,482.1,0.66,1.593578,93.19,3603,-0.007113,0.024809,2.900009,0.005094,0.061249,0.522653,0.155612,0.519225,1.898812,1.871154,1.042901,1.025105,0.571367,0.0
400,307200,0.0002908064516129032,482.8,0.5,1.376023,102.56,3672,-0.007412,0.013638,2.928905,0.005824,0.075317,0.819257,0.333635,0.730738,1.942283,1.93136,1.021436,0.991713,0.480158,0.0
410,314880,0.00029057603686635943,482.7,0.61,1.526289,98.26,3752,-0.008349,0.014329,2.93136,0.006409,0.08902,0.709579,0.227849,0.635721,1.954357,1.941308,1.005756,0.986645,0.597164,0.0
420,322560,0.00029034562211981564,477.5,0.65,1.581817,102.87,3824,-0.008933,0.008946,2.983201,0.00676,0.089233,0.528022,0.13703,0.558025,1.986482,1.962927,1.036276,1.015376,0.719793,0.0
430,330240,0.00029011520737327184,478.2,0.45,1.280963,104.06,3901,-0.006811,0.010865,2.985817,0.004968,0.059631,0.731404,0.116989,0.719086,1.864041,1.9465,1.043145,1.025793,0.774598,0.0
440,337920,0.0002898847926267281,478.8,0.55,1.459261,91.84,3985,-0.00758,0.024034,2.911133,0.005582,0.070526,0.490831,0.080933,0.574074,1.844866,1.880868,1.034965,1.028387,0.76359,0.0
450,345600,0.0002896543778801843,479.4,0.7,1.690439,86.91,4074,-0.006867,0.01652,2.949657,0.006017,0.075348,0.544548,0.449083,0.221828,1.826319,1.904051,1.061232,1.040389,0.535973,0.0
460,353280,0.0002894239631336405,480.1,0.72,1.687101,81.17,4168,-0.008888,0.023491,2.908104,0.006387,0.089081,0.587366,0.402124,0.309897,1.871775,1.857509,1.043577,1.029429,0.702395,0.0
470,360960,0.0002891935483870967,480.6,0.63,1.593591,85.26,4260,-0.006969,0.011313,2.88175,0.004598,0.050262,0.478053,0.219379,0.501169,1.858869,1.833126,1.015633,1.025994,0.657295,0.0
480,368640,0.000288963133640553,481.2,0.69,1.663885,81.93,4355,-0.007314,0.007083,2.866859,0.00638,0.080872,0.645307,0.303312,0.610092,1.817747,1.828788,1.019844,1.014529,0.658556,0.0
490,376320,0.0002887327188940092,481.6,0.73,1.707443,91.95,4438,-0.008858,0.028625,2.872031,0.005573,0.069183,0.585096,0.385065,0.325881,1.861168,1.836389,1.032495,1.024321,0.794442,0.0
500,384000,0.0002885023041474654,482.0,0.69,1.648334,73.16,4541,-0.008746,0.013909,2.862178,0.006684,0.087891,0.691566,0.198155,0.658105,1.866182,1.796639,1.061836,1.059122,0.641636,0.0
510,391680,0.0002882718894009216,482.2,0.73,1.711257,78.46,4638,-0.008426,0.003751,2.909784,0.005616,0.067352,0.702422,0.660133,0.41751,1.913946,1.870221,1.037733,1.025905,0.667806,0.0
520,399360,0.00028804147465437787,482.7,0.73,1.67777,79.01,4734,-0.008065,0.012202,2.913595,0.006134,0.082367,0.483429,0.106621,0.557421,1.953982,1.884678,0.992231,1.014081,0.752475,0.0
530,407040,0.0002878110599078341,483.1,0.69,1.656491,87.78,4818,-0.008746,0.004679,2.925709,0.005538,0.061066,0.75826,0.261615,0.785353,1.925593,1.889748,1.023982,1.030554,0.597203,0.0
540,414720,0.0002875806451612903,483.6,0.77,1.72756,82.76,4913,-0.007598,0.011508,2.936767,0.006276,0.082855,0.350128,0.106104,0.56121,1.907344,1.920483,1.007207,1.011569,0.706683,0.0
550,422400,0.0002873502304147465,484.0,0.73,1.654147,96.84,4988,-0.00919,0.009692,2.961872,0.00741,0.095795,0.854284,0.385472,0.765882,1.949967,1.932745,1.020458,1.014615,0.667279,0.0
560,430080,0.00028711981566820275,484.5,0.67,1.587966,84.87,5077,-0.005911,0.00642,2.940033,0.004959,0.057709,0.735083,0.233947,0.696836,1.948269,1.900244,1.058126,1.030345,0.708226,0.0
570,437760,0.00028688940092165896,484.9,0.66,1.647335,89.94,5167,-0.007581,0.014552,2.907991,0.006194,0.073486,0.577431,0.147807,0.589355,1.886535,1.863314,1.06329,1.025505,0.747249,0.0
580,445440,0.00028665898617511517,485.3,0.66,1.623246,78.73,5261,-0.008287,0.016413,2.970237,0.006697,0.087769,0.414451,0.421134,0.023563,1.917495,1.915794,1.066287,1.052593,0.794308,0.0
590,453120,0.00028642857142857143,485.7,0.77,1.724786,80.01,5358,-0.008398,0.004173,2.917097,0.005531,0.062897,0.75391,0.178714,0.794264,1.894325,1.85652,1.041276,1.041941,0.655419,0.0
600,460800,0.00028619815668202764,486.2,0.74,1.712495,82.52,5452,-0.007455,0.02987,2.874358,0.00579,0.068176,0.48076,0.393124,0.149022,1.834487,1.826427,1.043284,1.037516,0.678162,0.0
610,468480,0.00028596774193548384,486.3,0.78,1.742037,71.43,5562,-0.007171,0.01492,2.790736,0.005587,0.064606,0.285979,0.267109,0.241855,1.839299,1.766123,1.00343,1.017543,0.726713,0.0
620,476160,0.00028573732718894005,486.6,0.64,1.564875,72.3,5662,-0.00848,0.006036,2.867079,0.006553,0.083557,0.522059,0.075903,0.654488,1.906849,1.817241,1.027688,1.027882,0.876894,0.0
630,483840,0.0002855069124423963,486.9,0.53,1.448776,75.78,5765,-0.007637,0.014162,2.881649,0.005469,0.068451,0.801991,0.094722,0.793802,1.829572,1.84774,1.04214,1.022436,0.685178,0.0
640,491520,0.0002852764976958525,487.2,0.66,1.617858,90.48,5849,-0.007304,0.019551,2.912596,0.004801,0.050812,0.473212,0.288716,0.271076,1.85903,1.848524,1.058742,1.04713,0.668259,0.0
650,499200,0.0002850460829493087,487.5,0.7,1.649608,69.78,5959,-0.008011,0.018151,2.900454,0.005534,0.057953,0.685206,0.157475,0.636441,1.861857,1.828662,1.069578,1.051954,0.528914,0.0
660,506880,0.00028481566820276493,487.7,0.7,1.632378,62.38,6078,-0.006217,0.036009,2.967063,0.004408,0.043457,0.27187,0.256512,0.061844,1.912515,1.902438,1.056762,1.044518,0.627803,0.0
670,514560,0.0002845852534562212,488.0,0.71,1.668697,78.49,6173,-0.008575,0.024572,2.944366,0.006223,0.078003,0.366692,0.20494,0.315111,1.900524,1.910853,1.052388,1.022231,0.468799,0.0
680,522240,0.0002843548387096774,488.2,0.69,1.633317,77.13,6273,-0.007745,0.017514,2.93491,0.006123,0.080902,0.444815,0.209466,0.414457,1.870322,1.894284,1.050765,1.026804,0.560369,0.0
690,529920,0.0002841244239631336,488.4,0.73,1.665111,94.12,6354,-0.007114,0.009295,2.926193,0.005239,0.060822,0.674317,0.207882,0.66375,1.884471,1.903948,1.0335,1.014939,0.475821,0.0
700,537600,0.0002838940092165898,488.7,0.7,1.668608,80.66,6450,-0.006519,0.015065,2.919934,0.005008,0.061249,0.342086,0.12619,0.392545,1.937365,1.903753,1.028426,1.009891,0.646471,0.0
710,545280,0.0002836635944700461,488.8,0.7,1.607445,77.79,6548,-0.0077,0.034414,2.92054,0.005392,0.06308,0.302617,0.173566,0.219316,1.921125,1.906957,1.003945,0.998565,0.566671,0.0
720,552960,0.0002834331797235023,489.1,0.76,1.701721,80.84,6638,-0.007485,0.017981,2.875968,0.006035,0.067261,0.573078,0.370553,0.338945,1.896983,1.901068,0.958332,0.961475,0.673416,0.0
730,560640,0.0002832027649769585,489.3,0.75,1.709957,70.37,6743,-0.008289,0.009465,2.869544,0.00589,0.071869,0.506491,0.442222,0.190786,1.903338,1.912097,1.007264,0.956935,0.765753,0.0
740,568320,0.00028297235023041475,489.6,0.74,1.667551,64.1,6859,-0.009654,0.018585,2.949078,0.006166,0.078735,0.417759,0.310474,0.217641,1.879446,1.933312,1.020743,1.003787,0.681235,0.0
750,576000,0.00028274193548387096,489.8,0.63,1.579584,78.18,6959,-0.008129,0.014707,2.983942,0.005636,0.074524,0.59768,0.333448,0.407714,2.000106,1.980279,1.014565,0.99597,0.834526,0.0
760,583680,0.00028251152073732717,490.1,0.56,1.521999,100.38,7030,-0.010529,0.013631,2.955633,0.007345,0.097809,0.627074,0.416182,0.369552,1.960979,1.953854,1.031511,0.995195,0.708362,0.0
770,591360,0.0002822811059907834,490.3,0.66,1.606585,100.49,7115,-0.008764,0.011198,2.944752,0.005193,0.059692,0.668578,0.217603,0.676356,1.933921,1.931783,1.014129,1.002468,0.789627,0.0
780,599040,0.0002820506912442396,490.5,0.67,1.622733,89.29,7201,-0.007937,0.019583,2.933656,0.004832,0.05484,0.180228,0.377904,-0.183492,1.955501,1.908808,1.030575,1.016961,0.753493,0.0
790,606720,0.00028182027649769584,490.7,0.69,1.677129,92.59,7284,-0.008116,0.013109,2.891366,0.005911,0.070007,0.735683,0.087997,0.734203,1.957998,1.872238,0.990668,1.001632,0.843518,0.0
800,614400,0.00028158986175115205,491.0,0.78,1.755992,75.92,7384,-0.008745,0.00658,2.899865,0.0064,0.077728,0.617573,0.274351,0.702139,1.937785,1.878888,0.991799,0.99785,0.733023,0.0
810,622080,0.0002813594470046083,491.0,0.74,1.678354,78.01,7479,-0.008048,0.004828,2.96051,0.005076,0.059479,0.904283,0.027022,0.909824,2.010588,1.92915,1.00689,1.022043,0.579042,0.0
820,629760,0.0002811290322580645,491.1,0.76,1.723802,87.4,7571,-0.008225,0.017588,2.915487,0.005749,0.067993,0.778725,0.237626,0.715505,1.847002,1.888993,1.001898,1.021395,0.582813,0.0
830,637440,0.0002808986175115207,491.3,0.79,1.747602,76.89,7670,-0.009127,0.024568,2.843988,0.005666,0.071838,0.47175,0.207774,0.390748,1.911541,1.858439,0.982038,0.981147,0.332411,0.0
840,645120,0.00028066820276497693,491.5,0.74,1.737832,76.44,7772,-0.008856,0.015954,2.831205,0.005771,0.075226,0.558732,0.266716,0.419435,1.855263,1.848954,0.975552,0.983772,0.482763,0.0
850,652800,0.00028043778801843314,491.7,0.71,1.658398,95.64,7849,-0.009112,0.004628,2.810381,0.00583,0.072418,0.944203,0.004094,0.954437,1.876563,1.838652,0.972968,0.970602,0.303052,0.0
860,660480,0.00028020737327188935,491.8,0.65,1.572514,81.06,7946,-0.007968,0.0284,2.805192,0.006059,0.075134,0.555535,0.235144,0.419778,1.857635,1.811563,1.004713,0.994289,0.335291,0.0
870,668160,0.0002799769585253456,492.0,0.67,1.570741,93.02,8026,-0.010104,0.018584,2.764527,0.006702,0.09024,0.652076,0.070207,0.642946,1.860251,1.800678,0.95188,0.953753,0.692723,0.0
880,675840,0.0002797465437788018,492.2,0.75,1.673106,81.28,8119,-0.009332,0.003504,2.700842,0.005539,0.068756,0.940106,0.164832,0.933717,1.814168,1.741862,0.981301,0.951223,0.467857,0.0
890,683520,0.0002795161290322581,492.4,0.79,1.779212,78.59,8219,-0.008857,0.009305,2.730668,0.005765,0.074585,0.439686,0.256396,0.52567,1.826816,1.777007,0.955003,0.950262,0.386567,0.0
900,691200,0.0002792857142857143,492.5,0.86,1.829546,71.97,8328,-0.008964,0.015373,2.782501,0.006239,0.080475,0.544994,0.291356,0.389615,1.820255,1.822864,0.930883,0.951786,0.625173,0.0
910,698880,0.0002790552995391705,492.4,0.76,1.738611,71.66,8435,-0.007945,0.010665,2.809437,0.00525,0.067169,0.598953,0.441875,0.361602,1.870973,1.847404,0.873776,0.963064,0.535766,0.0
920,706560,0.0002788248847926267,492.6,0.78,1.767601,83.29,8528,-0.008894,0.015024,2.838722,0.006923,0.089325,0.524835,0.378294,0.279255,1.88497,1.856248,0.963413,0.976062,0.592081,0.0
930,714240,0.0002785944700460829,492.8,0.74,1.745773,93.19,8607,-0.0098,0.014882,2.875202,0.00665,0.08432,0.399402,0.185869,0.492753,1.823841,1.872642,0.915477,0.980149,0.695363,0.0
940,721920,0.0002783640552995391,493.0,0.73,1.668302,93.84,8686,-0.007939,0.009168,2.786986,0.005712,0.067932,0.712511,0.119754,0.738145,1.806867,1.807063,0.936715,0.977911,0.66706,0.0
950,729600,0.00027813364055299537,493.2,0.84,1.841434,77.14,8788,-0.00883,0.015655,2.797021,0.006841,0.097931,0.461287,0.481251,0.049404,1.736167,1.804979,0.976725,0.984226,0.411361,0.0
960,737280,0.0002779032258064516,493.3,0.71,1.685043,69.84,8895,-0.009075,0.02615,2.848137,0.005192,0.058411,0.490201,0.137468,0.432673,1.795832,1.83185,1.007707,0.999412,0.627613,0.0
970,744960,0.00027767281105990784,493.5,0.71,1.677118,77.45,8994,-0.00709,0.04237,2.861193,0.004561,0.045929,0.316117,0.227611,0.180228,1.845643,1.867187,1.027004,0.984733,0.517439,0.0
980,752640,0.00027744239631336405,493.6,0.75,1.718744,78.4,9093,-0.007981,0.01732,2.798549,0.005599,0.066193,0.498383,0.249422,0.429991,1.8286,1.834444,0.989723,0.961057,0.480569,0.0
990,760320,0.00027721198156682025,493.8,0.72,1.654578,64.11,9208,-0.009567,0.003262,2.83358,0.006416,0.080566,0.764033,0.637836,0.64707,1.799502,1.833503,1.007995,0.989211,0.390184,0.0
1000,768000,0.00027698156682027646,493.9,0.76,1.75066,66.95,9321,-0.008803,0.013344,2.866724,0.006574,0.088959,0.476888,0.225136,0.527306,1.864602,1.901173,0.991081,0.979371,0.487795,0.0
1010,775680,0.00027675115207373267,493.8,0.76,1.753556,75.17,9422,-0.009814,0.029774,2.860584,0.006343,0.088654,0.410043,0.287676,0.181911,1.828956,1.885435,0.991719,0.975433,0.47038,0.0
1020,783360,0.0002765207373271889,494.0,0.73,1.731272,74.99,9524,-0.007303,0.031647,2.842753,0.00507,0.054962,0.412007,0.193634,0.293656,1.847743,1.860523,0.993892,0.976974,0.593859,0.0
1030,791040,0.00027629032258064514,494.1,0.75,1.69857,67.98,9632,-0.00993,0.021386,2.814524,0.006868,0.094666,0.523557,0.418426,0.191542,1.792824,1.841036,0.993979,0.959537,0.627045,0.0
1040,798720,0.00027605990783410134,494.2,0.74,1.713368,87.34,9715,-0.00963,0.013528,2.831082,0.007478,0.105011,0.62139,0.333495,0.434854,1.903791,1.891526,0.970556,0.926347,0.6927,0.0
1050,806400,0.0002758294930875576,494.3,0.67,1.628555,84.37,9807,-0.010529,0.018726,2.865442,0.006767,0.085052,0.564694,0.185067,0.507482,1.908156,1.894826,0.988884,0.964158,0.567158,0.0
1060,814080,0.0002755990783410138,494.4,0.77,1.75933,85.93,9896,-0.009551,0.02308,2.806573,0.006599,0.082275,0.364329,0.151939,0.302018,1.887775,1.836312,1.00033,0.957756,0.542393,0.0
1070,821760,0.00027536866359447,494.6,0.74,1.697136,86.81,9984,-0.008496,0.008136,2.833258,0.005789,0.072632,0.755476,0.299727,0.672596,1.928505,1.866365,0.978162,0.955708,0.611825,0.0
1080,829440,0.00027513824884792623,494.7,0.71,1.672371,97.5,10060,-0.009735,0.016022,2.852653,0.005593,0.068604,0.631256,0.085909,0.641358,1.924503,1.888561,1.008895,0.961731,0.472416,0.0
1090,837120,0.00027490783410138243,494.8,0.64,1.579075,73.62,10163,-0.00807,0.009853,2.891741,0.005552,0.066803,0.782134,0.102539,0.795978,1.927184,1.88,1.009327,0.995222,0.548027,0.0
1100,844800,0.00027467741935483864,494.9,0.79,1.770675,69.22,10276,-0.009102,0.006362,2.846145,0.006263,0.076172,0.566207,0.241819,0.600084,1.827276,1.823929,1.005458,1.00596,0.592688,0.0
1110,852480,0.0002744470046082949,494.9,0.71,1.683089,68.97,10391,-0.00777,0.047362,2.842089,0.00585,0.069183,0.220113,0.230489,0.054891,1.808481,1.820491,1.032653,1.016579,0.637659,0.0
1120,860160,0.0002742165898617511,494.9,0.71,1.649568,64.28,10514,-0.009555,0.019642,2.915614,0.007257,0.101044,0.44154,0.095356,0.431123,1.948393,1.900957,1.008602,1.011875,0.412049,0.0
1130,867840,0.00027398617511520737,495.1,0.82,1.859494,81.49,10610,-0.009165,0.008958,2.887528,0.007374,0.093353,0.45448,0.42911,0.251372,1.890447,1.873394,1.001433,1.007244,0.420548,0.0
1140,875520,0.0002737557603686636,495.2,0.73,1.640381,69.66,10718,-0.007445,0.009415,2.844688,0.00588,0.073273,0.67707,0.058354,0.697392,1.871175,1.836423,1.044514,1.002799,0.349707,0.0
1150,883200,0.0002735253456221198,495.3,0.83,1.834479,67.41,10830,-0.007664,0.009011,2.836023,0.005789,0.07608,0.660179,0.438049,0.446869,1.848158,1.82233,1.035145,1.02189,0.449389,0.0
1160,890880,0.000273294930875576,495.3,0.72,1.712167,67.48,10947,-0.009031,0.024597,2.856703,0.005582,0.066742,0.258389,0.263053,0.092635,1.830254,1.826358,1.04172,1.032885,0.265494,0.0
1170,898560,0.0002730645161290322,495.4,0.7,1.677056,69.57,11054,-0.009038,0.022238,2.886394,0.005256,0.057129,0.581214,0.392156,0.312868,1.849094,1.866471,1.043896,1.022095,0.236752,0.0
1180,906240,0.00027283410138248846,495.4,0.71,1.710661,82.7,11151,-0.007716,0.023807,2.89301,0.005405,0.061005,0.549599,0.187119,0.506278,1.891006,1.876482,1.04798,1.018791,0.285386,0.0
1190,913920,0.00027260368663594467,495.5,0.7,1.602632,67.07,11262,-0.008863,0.011941,2.946643,0.005851,0.072144,0.736483,0.010999,0.781668,1.964804,1.937245,1.031943,1.020596,0.129091,0.0
1200,921600,0.0002723732718894009,495.6,0.7,1.667895,86.28,11348,-0.007668,0.012689,2.857946,0.006033,0.079803,0.37995,0.261097,0.363798,1.885181,1.849891,1.008828,1.012793,0.162404,0.0
1210,929280,0.00027214285714285714,495.5,0.64,1.615284,92.26,11436,-0.00881,0.017051,2.834369,0.00513,0.061676,0.714069,0.353464,0.559245,1.833539,1.812594,1.022113,1.009467,0.288564,0.0
1220,936960,0.00027191244239631334,495.2,0.59,1.489066,76.85,11536,-0.009625,0.021455,2.84189,0.005961,0.077759,0.717914,0.257611,0.626574,1.887205,1.839051,1.033639,1.007974,0.228306,0.0
1230,944640,0.00027168202764976955,495.3,0.58,1.491001,87.68,11621,-0.009649,0.037319,2.850987,0.005471,0.069427,0.57954,0.1509,0.514639,1.87984,1.820062,1.020594,1.008846,0.241236,0.0
1240,952320,0.00027145161290322576,495.3,0.72,1.691021,85.43,11711,-0.010155,0.005685,2.874952,0.005671,0.068573,0.755537,0.348778,0.739942,1.902769,1.839668,1.065941,1.029638,0.087928,0.0
1250,960000,0.000271221198156682,495.4,0.76,1.730604,84.54,11800,-0.010221,0.011166,2.890993,0.005969,0.074554,0.597423,0.28527,0.473089,1.912253,1.85243,1.052012,1.029167,0.228387,0.0
1260,967680,0.0002709907834101382,495.5,0.74,1.733667,85.97,11893,-0.007488,0.007666,2.877742,0.005413,0.055389,0.741765,0.027616,0.812079,1.880591,1.871067,1.03181,1.003763,0.136573,0.0
1270,975360,0.00027076036866359443,495.5,0.75,1.680895,76.95,11990,-0.009681,0.020012,2.913527,0.006129,0.072235,0.66411,0.154249,0.612385,1.924529,1.912524,1.029546,1.000573,0.074859,0.0
1280,983040,0.0002705299539170507,495.5,0.66,1.604084,92.14,12070,-0.009459,0.007125,2.900826,0.005884,0.075531,0.828105,0.095094,0.841972,1.983037,1.93663,1.015141,0.971963,0.057679,0.0
1290,990720,0.0002702995391705069,495.5,0.62,1.587672,92.99,12154,-0.008302,0.021942,2.898504,0.005123,0.053497,0.649445,0.482634,0.341528,1.886499,1.884462,1.02562,1.00333,0.332055,0.0
1300,998400,0.0002700691244239631,495.6,0.7,1.683458,83.31,12250,-0.010023,0.016755,2.894103,0.005926,0.068176,0.559409,0.156892,0.552321,1.905846,1.911366,1.019499,0.976567,0.103896,0.0
1310,1006080,0.0002698387096774193,495.5,0.7,1.66202,94.41,12330,-0.010282,0.009539,2.889383,0.005552,0.065216,0.689004,0.257625,0.600156,1.960525,1.922282,1.027079,0.984047,0.030394,0.0
1320,1013760,0.0002696082949308756,495.5,0.81,1.779673,82.26,12424,-0.009791,0.0171,2.875911,0.005818,0.075958,0.554831,0.196994,0.512718,1.91935,1.859168,1.05649,1.016012,0.030897,0.0
1330,1021440,0.0002693778801843318,495.6,0.76,1.707605,76.4,12525,-0.007895,0.017088,2.901877,0.005869,0.078278,0.478088,0.407321,0.275122,1.903627,1.889418,1.029397,1.008563,0.096005,0.0
1340,1029120,0.000269147465437788,495.6,0.77,1.766011,87.94,12611,-0.011219,0.012561,2.888232,0.005985,0.078796,0.683989,0.147509,0.646807,1.954678,1.91203,0.980093,0.966941,0.202991,0.0
1350,1036800,0.0002689170506912442,495.7,0.8,1.772723,88.66,12699,-0.009215,0.008472,2.884336,0.005194,0.06488,0.7923,0.173678,0.781673,1.922288,1.890657,1.026417,0.992115,0.018395,0.0
1360,1044480,0.00026868663594470046,495.8,0.78,1.745384,92.62,12780,-0.008314,0.004753,2.87032,0.006096,0.077454,0.804174,0.422252,0.734316,1.902582,1.881384,1.00121,0.988658,0.022013,0.0
1370,1052160,0.00026845622119815667,495.8,0.79,1.801733,69.54,12891,-0.009118,0.015695,2.893756,0.006854,0.084869,0.632881,0.421663,0.407522,1.937206,1.908254,0.99368,0.994798,0.025807,0.0
1380,1059840,0.0002682258064516129,495.9,0.81,1.796336,69.41,13003,-0.009315,0.023293,2.944824,0.005286,0.058167,0.26737,0.285296,0.181923,1.959378,1.940268,0.99156,1.009877,0.009932,0.0
1390,1067520,0.00026799539170506914,495.9,0.68,1.626439,85.6,13087,-0.010165,0.01486,2.978069,0.004971,0.058228,0.873012,0.217762,0.837947,1.993529,1.986639,0.993699,0.99538,0.083985,0.0
1400,1075200,0.00026776497695852534,496.0,0.7,1.667241,82.39,13180,-0.009118,0.014251,2.977289,0.005229,0.060638,0.690163,0.302653,0.558202,2.02257,2.000416,0.96014,0.987153,0.008627,0.0
1410,1082880,0.00026753456221198155,496.0,0.62,1.51939,93.35,13262,-0.009498,0.022548,2.967858,0.00566,0.068573,0.694353,0.088429,0.676917,2.017323,1.974784,0.988756,0.992457,0.00859,0.0
1420,1090560,0.00026730414746543776,496.0,0.77,1.699612,73.49,13365,-0.01021,0.012001,2.97975,0.006501,0.088593,0.641116,0.19028,0.682835,1.958816,1.949646,1.036577,1.026962,0.008134,0.0
1430,1098240,0.00026707373271889396,496.1,0.65,1.595837,81.12,13462,-0.009509,0.019291,2.993132,0.005359,0.065216,0.799912,0.170719,0.758742,1.988648,1.976612,1.035832,1.016982,0.028117,0.0
1440,1105920,0.0002668433179723502,496.2,0.75,1.728502,75.46,13565,-0.009922,0.021563,3.002744,0.005305,0.063904,0.637921,0.189249,0.562247,1.995711,1.983077,1.034973,1.019094,0.123314,0.0
1450,1113600,0.00026661290322580643,496.3,0.69,1.636597,87.62,13652,-0.009177,0.008042,2.982274,0.005286,0.061462,0.858948,0.051946,0.872857,1.927674,1.964301,1.016986,1.015076,0.03308,0.0
1460,1121280,0.0002663824884792627,496.3,0.72,1.687932,69.74,13761,-0.010123,0.010324,2.940286,0.005625,0.067963,0.559004,0.197098,0.563947,1.916768,1.928422,1.009347,1.015409,0.126125,0.0
1470,1128960,0.0002661520737327189,496.4,0.73,1.704071,67.24,13872,-0.009193,0.004708,2.935056,0.005276,0.057617,0.578874,0.480379,0.512246,1.93369,1.912451,1.033662,1.029152,0.043424,0.0
1480,1136640,0.0002659216589861751,496.3,0.81,1.782016,69.3,13983,-0.008874,0.014131,2.925814,0.004702,0.053253,0.404246,0.273006,0.36141,1.919563,1.911636,1.044035,1.019056,0.016437,0.0
1490,1144320,0.0002656912442396313,496.4,0.75,1.717304,82.57,14079,-0.009474,0.025132,2.917887,0.005264,0.062836,0.569101,0.308712,0.381908,1.87656,1.91044,0.995175,1.009782,0.056538,0.0
1500,1152000,0.0002654608294930875,496.5,0.8,1.797981,77.15,14175,-0.009975,0.015645,2.871967,0.004888,0.056763,0.580363,0.303538,0.437975,1.867096,1.873198,0.998314,0.998229,0.048349,0.0
1510,1159680,0.00026523041474654373,496.4,0.69,1.669259,61.67,14302,-0.008755,0.020778,2.846317,0.005367,0.063904,0.464509,0.284928,0.34119,1.811937,1.849977,0.959989,1.001328,0.093671,0.0
1520,1167360,0.000265,496.4,0.83,1.819583,66.27,14419,-0.010969,0.003159,2.877338,0.00606,0.078827,0.775596,0.518987,0.651927,1.842753,1.865793,0.990515,1.001025,0.129378,0.0
1530,1175040,0.0002647695852534562,496.5,0.79,1.708781,60.25,14541,-0.010529,0.008953,2.839943,0.006286,0.081909,0.593719,0.134266,0.665636,1.810479,1.855695,0.963594,0.981003,0.229372,0.0
1540,1182720,0.0002645391705069124,496.6,0.8,1.783565,60.38,14663,-0.0092,0.012203,2.832095,0.006294,0.080658,0.554903,0.239351,0.515202,1.743366,1.843616,0.963123,0.973578,0.440662,0.0
1550,1190400,0.00026430875576036867,496.6,0.78,1.788423,65.52,14779,-0.010379,0.021816,2.840116,0.00618,0.083618,0.24515,0.190311,0.283771,1.808891,1.856825,0.917478,0.980113,0.517989,0.0
1560,1198080,0.0002640783410138249,496.7,0.8,1.751321,58.61,14904,-0.008563,0.014537,2.884319,0.005063,0.056763,0.524055,0.320193,0.308683,1.830399,1.854193,0.997603,1.019881,0.624266,0.0
1570,1205760,0.0002638479262672811,496.7,0.71,1.659472,73.93,15007,-0.009436,0.014375,2.910741,0.005379,0.063751,0.67603,0.139421,0.666945,1.845103,1.884012,1.022823,1.023416,0.517979,0.0
1580,1213440,0.0002636175115207373,496.8,0.65,1.619235,78.12,15105,-0.011591,0.025934,2.873407,0.006378,0.086121,0.274901,0.185477,0.272256,1.729883,1.833677,1.028595,1.028831,0.44235,0.0
1590,1221120,0.0002633870967741935,496.8,0.71,1.705544,67.24,15219,-0.009561,0.029715,2.883774,0.005678,0.073853,0.516178,0.380786,0.218761,1.729988,1.857958,1.006848,1.024859,0.496539,0.0
1600,1228800,0.00026315668202764976,496.9,0.74,1.716984,70.18,15328,-0.009308,0.025675,2.961617,0.005602,0.065582,0.582668,0.327458,0.389838,1.87661,1.934828,1.028281,1.020456,0.542363,0.0
1610,1236480,0.00026292626728110596,496.9,0.79,1.799339,73.72,15432,-0.009845,0.01963,2.946908,0.005319,0.062927,0.506094,0.277892,0.43505,1.9076,1.930351,1.022931,1.012656,0.425289,0.0
1620,1244160,0.0002626958525345622,496.9,0.67,1.616768,77.42,15532,-0.008666,0.015606,2.917847,0.005651,0.066132,0.81639,0.036043,0.828313,1.877961,1.88977,0.980575,1.024812,0.38602,0.0
1630,1251840,0.00026246543778801843,497.0,0.73,1.665856,70.7,15638,-0.00807,0.041246,2.945763,0.005205,0.063141,0.257189,0.327284,-0.098413,1.92194,1.925851,1.013209,1.014471,0.266278,0.0
1640,1259520,0.00026223502304147464,497.0,0.7,1.676461,67.6,15755,-0.010842,0.017388,2.948461,0.006555,0.08783,0.167935,0.193097,0.288952,1.894754,1.947214,1.005169,1.000898,0.294876,0.0
1650,1267200,0.00026200460829493085,497.0,0.71,1.694288,76.46,15857,-0.011262,0.019428,2.92102,0.006783,0.094391,0.505395,0.353086,0.245046,1.901144,1.903024,1.032037,1.004005,0.614238,0.0
1660,1274880,0.00026177419354838705,497.0,0.79,1.746279,72.88,15964,-0.009498,0.022336,2.900156,0.006308,0.083191,0.444436,0.316878,0.266008,1.793098,1.880663,1.034369,1.017223,0.425899,0.0
1670,1282560,0.00026154377880184326,497.1,0.71,1.700187,74.2,16064,-0.010442,0.00784,2.938053,0.006526,0.08786,0.588887,0.234106,0.603116,1.897758,1.906604,1.02981,1.025825,0.608414,0.0
1680,1290240,0.0002613133640552995,497.1,0.73,1.683055,82.99,16156,-0.010522,0.015683,2.917577,0.005316,0.065094,0.600187,0.192874,0.543196,1.904222,1.887275,1.027691,1.016588,0.845095,0.0
1690,1297920,0.00026108294930875573,497.2,0.72,1.681575,81.03,16251,-0.010898,0.004495,2.910376,0.006837,0.085327,0.758255,0.593475,0.568829,1.889633,1.879545,1.046856,1.021278,0.754681,0.0
1700,1305600,0.000260852534562212,497.2,0.77,1.711492,79.9,16345,-0.008451,0.023285,2.948548,0.005942,0.07309,0.491811,0.358959,0.208157,1.934591,1.917266,1.042191,1.025806,0.741316,0.0
1710,1313280,0.0002606221198156682,497.2,0.61,1.522031,93.6,16421,-0.010682,0.013662,2.936316,0.00636,0.085205,0.781663,0.062548,0.808294,1.875334,1.900411,1.026621,1.027068,0.684616,0.0
1720,1320960,0.0002603917050691244,497.3,0.74,1.724368,106.99,16490,-0.009581,0.008472,2.989452,0.005763,0.072113,0.559789,0.269607,0.451008,1.958228,1.944154,1.046198,1.035524,0.470331,0.0
1730,1328640,0.0002601612903225806,497.3,0.67,1.606044,88.78,16580,-0.01123,0.013948,2.949012,0.006494,0.080322,0.505371,0.386989,0.27784,1.889527,1.915996,1.04396,1.025892,0.247542,0.0
1740,1336320,0.0002599308755760368,497.4,0.64,1.604876,85.99,16669,-0.010475,0.010327,2.940782,0.005803,0.075165,0.584856,0.295693,0.51474,1.90787,1.930132,1.033539,1.006025,0.261509,0.0
1750,1344000,0.000259700460829493,497.4,0.8,1.78981,70.53,16776,-0.011184,0.007182,2.924033,0.00692,0.089386,0.518601,0.152981,0.723903,1.883078,1.912055,1.021291,1.006207,0.407729,0.0
1760,1351680,0.0002594700460829493,497.5,0.8,1.830742,82.43,16871,-0.009491,0.01448,2.94846,0.005891,0.074341,0.596194,0.376647,0.370731,1.937411,1.931801,1.020398,1.022019,0.294696,0.0
1770,1359360,0.0002592396313364055,497.5,0.73,1.722071,87.61,16960,-0.009061,0.007663,2.907685,0.005207,0.057159,0.650252,0.02745,0.70171,1.83406,1.896196,1.038936,1.006787,0.304081,0.0
1780,1367040,0.00025900921658986175,497.6,0.76,1.742774,88.99,17047,-0.011122,0.008181,2.870211,0.006036,0.075714,0.568788,0.136954,0.657637,1.896695,1.875664,1.02508,0.986574,0.156567,0.0
1790,1374720,0.00025877880184331796,497.6,0.75,1.740158,84.68,17141,-0.010551,0.022578,2.774362,0.006112,0.076996,0.483627,0.366304,0.202424,1.783337,1.806297,0.991758,0.973489,0.23768,0.0
1800,1382400,0.00025854838709677417,497.7,0.82,1.822732,61.47,17269,-0.011167,0.019102,2.801895,0.006694,0.086151,0.254954,0.299519,0.147059,1.842399,1.822887,1.015855,0.976153,0.197859,0.0
1810,1390080,0.0002583179723502304,497.6,0.75,1.741061,59.9,17403,-0.00928,0.011624,2.869605,0.007063,0.099792,0.391142,0.425226,0.085703,1.925249,1.887686,1.030392,0.98418,0.310241,0.0
1820,1397760,0.0002580875576036866,497.6,0.78,1.77451,66.83,17516,-0.009703,0.03775,2.85126,0.005539,0.068939,0.389196,0.18888,0.269813,1.900976,1.870777,1.009372,0.982481,0.356395,0.0
1830,1405440,0.00025785714285714284,497.6,0.83,1.807428,74.01,17618,-0.012498,0.019813,2.800769,0.006741,0.090576,0.463649,0.340973,0.241545,1.89585,1.842528,0.946288,0.958391,0.388558,0.0
1840,1413120,0.00025762672811059905,497.7,0.79,1.774834,79.79,17712,-0.009037,0.007411,2.79739,0.004989,0.059967,0.503663,0.325241,0.530281,1.90968,1.819995,0.969784,0.972854,0.290891,0.0
1850,1420800,0.00025739631336405526,497.7,0.76,1.755305,84.24,17804,-0.010259,0.012739,2.861218,0.006889,0.09433,0.480833,0.367246,0.296944,1.982187,1.884354,0.949656,0.972783,0.485752,0.0
1860,1428480,0.0002571658986175115,497.8,0.53,1.413356,103.13,17873,-0.009522,0.012995,2.796818,0.005779,0.070251,0.642713,0.042049,0.755169,1.918922,1.817963,0.970623,0.977341,0.490441,0.0
1870,1436160,0.0002569354838709677,497.8,0.68,1.624169,93.48,17957,-0.009363,0.007034,2.820567,0.005912,0.073547,0.472101,0.11578,0.728453,1.941297,1.866475,0.950984,0.959931,0.40778,0.0
1880,1443840,0.00025670506912442393,497.9,0.77,1.747846,82.78,18047,-0.009713,0.009567,2.904461,0.006295,0.079163,0.646177,0.433465,0.419919,1.949798,1.905837,0.991405,0.998708,0.446689,0.0
1890,1451520,0.00025647465437788014,497.9,0.65,1.609127,88.82,18132,-0.008217,0.015198,2.901689,0.005354,0.059967,0.743254,0.273226,0.650477,1.958686,1.895729,1.020321,0.992611,0.707768,0.0
1900,1459200,0.0002562442396313364,498.0,0.62,1.539155,102.5,18203,-0.008445,0.007782,2.84786,0.004754,0.041412,0.837902,0.079,0.850194,1.879909,1.852273,0.985433,0.993956,0.683015,0.0
1910,1466880,0.0002560138248847926,498.0,0.74,1.735856,89.41,18291,-0.009639,0.015492,2.831536,0.006056,0.077454,0.388255,0.308777,0.220434,1.8874,1.832552,1.015291,0.980703,0.712348,0.0
1920,1474560,0.0002557834101382488,498.0,0.77,1.770345,78.48,18387,-0.009731,0.018382,2.805631,0.005149,0.059235,0.4924,0.287286,0.371313,1.884512,1.816615,0.974231,0.992056,0.614645,0.0
1930,1482240,0.0002555529953917051,498.0,0.83,1.837979,85.9,18478,-0.00996,0.016424,2.798372,0.005079,0.066498,0.534923,0.397033,0.248305,1.860567,1.801313,1.017148,0.993188,0.686984,0.0
1940,1489920,0.0002553225806451613,498.1,0.78,1.794708,94.42,18556,-0.008349,0.023379,2.865007,0.005214,0.061462,0.683208,0.31409,0.540761,1.943823,1.874788,0.976724,0.974746,0.63468,0.0
1950,1497600,0.0002550921658986175,498.1,0.73,1.717978,82.57,18650,-0.010588,0.016156,2.857817,0.005466,0.066925,0.629524,0.181043,0.596432,1.921511,1.864083,1.028983,0.986665,0.477094,0.0
1960,1505280,0.0002548617511520737,498.2,0.77,1.763206,84.3,18738,-0.010354,0.002212,2.845454,0.005598,0.063599,0.889074,0.693412,0.717458,1.917123,1.877934,0.995727,0.965059,0.42323,0.0
1970,1512960,0.00025463133640552996,498.3,0.82,1.806059,100.64,18815,-0.01006,0.024486,2.859744,0.005156,0.061737,0.578622,0.262922,0.4424,1.956733,1.890211,0.982376,0.967245,0.481046,0.0
1980,1520640,0.0002544009216589861,498.3,0.6,1.503514,112.76,18877,-0.010845,0.012124,2.864845,0.006238,0.081879,0.829337,0.083856,0.825962,1.89187,1.890288,0.998379,0.970978,0.672444,0.0
1990,1528320,0.0002541705069124424,498.4,0.64,1.570363,103.33,18956,-0.011408,0.011536,2.81295,0.00769,0.100494,0.616148,0.005708,0.749202,1.886673,1.814797,0.97752,0.996018,0.596001,0.0
2000,1536000,0.0002539400921658986,498.4,0.81,1.791356,74.18,19059,-0.011797,0.005951,2.93744,0.005878,0.075256,0.762576,0.138073,0.779801,1.937343,1.916965,1.036116,1.016423,0.621529,0.0
2010,1543680,0.00025370967741935484,498.4,0.72,1.675054,82.43,19156,-0.008114,0.007383,2.905252,0.004686,0.052094,0.882096,0.112295,0.870779,1.897332,1.902367,1.03435,0.992822,0.762774,0.0
2020,1551360,0.00025347926267281105,498.5,0.77,1.731523,71.58,19262,-0.010698,0.027193,2.866724,0.005106,0.063446,0.533047,0.225503,0.418148,1.813342,1.859403,1.032558,1.01123,0.636927,0.0
2030,1559040,0.00025324884792626726,498.5,0.75,1.765105,83.62,19355,-0.008618,0.010336,2.882033,0.005187,0.056915,0.630614,0.489601,0.354114,1.86093,1.868956,1.043631,1.005419,0.848633,0.0
2040,1566720,0.0002530184331797235,498.6,0.69,1.613222,89.39,19440,-0.011277,0.015006,2.918355,0.006982,0.096527,0.733398,0.199483,0.667442,1.949068,1.902866,1.027377,1.006992,0.910057,0.0
2050,1574400,0.00025278801843317967,498.6,0.63,1.539445,102.11,19514,-0.010727,0.009722,2.876038,0.005295,0.058075,0.872346,0.086111,0.868821,1.870539,1.882981,1.030494,0.987325,0.743334,0.0
2060,1582080,0.00025255760368663593,498.6,0.7,1.661162,88.53,19605,-0.010646,0.011125,2.851578,0.005754,0.069092,0.659497,0.220474,0.595569,1.830774,1.84841,1.025553,0.990377,0.491453,0.0
2070,1589760,0.00025232718894009214,498.7,0.75,1.69426,86.31,19689,-0.012163,0.012143,2.907867,0.006147,0.078094,0.754363,0.174915,0.722218,1.875498,1.903499,1.007842,0.993038,0.646834,0.0
2080,1597440,0.00025209677419354835,498.7,0.79,1.757981,81.22,19783,-0.009008,0.005258,2.918919,0.005328,0.065796,0.729142,0.657852,0.322556,1.900704,1.9158,1.018552,0.998505,0.556252,0.0
2090,1605120,0.0002518663594470046,498.8,0.71,1.649194,100.16,19853,-0.009073,0.025992,2.87445,0.004619,0.047699,0.352164,0.233416,0.183821,1.863482,1.887996,1.00231,0.97755,0.664247,0.0
2100,1612800,0.0002516359447004608,498.8,0.77,1.756989,93.74,19938,-0.011016,0.026878,2.865532,0.006109,0.078522,0.589075,0.151959,0.520559,1.857848,1.903126,0.953547,0.957077,0.62898,0.0
2110,1620480,0.000251405529953917,498.8,0.75,1.712508,85.2,20028,-0.009479,0.008541,2.840714,0.005936,0.076691,0.614732,0.168136,0.636491,1.801281,1.858967,0.951291,0.988559,0.546234,0.0
2120,1628160,0.00025117511520737323,498.8,0.78,1.763241,95.3,20108,-0.00978,0.013743,2.819609,0.005144,0.054169,0.324804,0.270392,0.192877,1.793167,1.832238,0.945574,0.979821,0.419164,0.0
2130,1635840,0.0002509447004608295,498.9,0.63,1.520383,88.0,20196,-0.010603,0.02003,2.836363,0.005837,0.075012,0.546806,0.115641,0.587233,1.828752,1.843458,0.923884,0.983414,0.461225,0.0
2140,1643520,0.0002507142857142857,498.9,0.68,1.625362,96.33,20275,-0.009779,0.013026,2.851661,0.005955,0.072205,0.490518,0.24573,0.393101,1.866578,1.880718,0.909892,0.964603,0.539695,0.0
2150,1651200,0.0002504838709677419,498.9,0.75,1.722702,94.56,20357,-0.009743,0.004772,2.824831,0.005665,0.065521,0.79492,0.315205,0.759549,1.863541,1.866779,0.81522,0.952603,0.508711,0.0
2160,1658880,0.0002502534562211981,499.0,0.86,1.876678,92.38,20439,-0.010522,0.002597,2.860061,0.005621,0.068085,0.858574,0.494492,0.802031,1.79237,1.897358,0.855762,0.957822,0.430047,0.0
2170,1666560,0.0002500230414746544,499.0,0.74,1.709154,88.28,20526,-0.009738,0.026336,2.85945,0.005681,0.066437,0.47473,0.452539,0.059971,1.826307,1.902071,0.869102,0.955989,0.406742,0.0
2180,1674240,0.0002497926267281106,499.1,0.65,1.601353,89.88,20609,-0.009088,0.012851,2.889486,0.004744,0.05011,0.581515,0.292039,0.515194,1.861368,1.918129,0.968916,0.954642,0.696972,0.0
2190,1681920,0.0002495622119815668,499.1,0.67,1.627745,91.68,20694,-0.009968,0.012638,2.921754,0.006049,0.075562,0.596492,0.139314,0.601885,1.840915,1.941872,0.975475,0.970668,0.685723,0.0
2200,1689600,0.00024933179723502305,499.1,0.73,1.713877,76.86,20794,-0.01207,0.016925,2.830586,0.005786,0.077606,0.555309,0.322927,0.364641,1.839084,1.893507,0.990628,0.930041,0.655009,0.0
2210,1697280,0.00024910138248847926,499.1,0.73,1.673778,81.8,20887,-0.01135,0.014422,2.87254,0.004989,0.060486,0.45127,0.137698,0.474084,1.844013,1.894069,1.002086,0.968442,0.795617,0.0
2220,1704960,0.00024887096774193546,499.1,0.78,1.768622,79.79,20985,-0.010926,0.026485,2.832566,0.006188,0.079681,0.419975,0.205535,0.324407,1.77436,1.852933,1.00569,0.974864,0.641464,0.0
2230,1712640,0.00024864055299539167,499.1,0.74,1.729685,73.89,21087,-0.010171,0.008207,2.886088,0.005442,0.064423,0.861139,0.2023,0.839691,1.851507,1.890138,0.986019,0.983785,0.58497,0.0
2240,1720320,0.0002484101382488479,499.2,0.76,1.7148,79.52,21182,-0.008923,0.011089,2.869864,0.005442,0.06488,0.655824,0.32988,0.498713,1.835997,1.891853,0.999472,0.976965,0.682711,0.0
2250,1728000,0.00024817972350230414,499.2,0.79,1.771301,96.4,21261,-0.010676,0.003386,2.884481,0.00528,0.056824,0.820804,0.749343,0.521324,1.875058,1.904313,1.01348,0.969002,0.599812,0.0
2260,1735680,0.00024794930875576035,499.2,0.78,1.792799,115.38,21329,-0.009738,0.008288,2.930497,0.005491,0.070892,0.772582,0.460851,0.579406,1.833848,1.945289,1.017333,0.976379,0.565186,0.0
2270,1743360,0.0002477188940092166,499.2,0.68,1.619008,105.95,21403,-0.011219,0.013481,2.929759,0.007373,0.102142,0.644173,0.321725,0.477095,1.912097,1.927224,1.017125,0.999645,0.579313,0.0
2280,1751040,0.0002474884792626728,499.3,0.71,1.655923,103.14,21479,-0.011047,0.015561,2.938661,0.006555,0.089447,0.704001,0.302985,0.588473,1.875202,1.939195,1.024244,0.992107,0.707776,0.0
2290,1758720,0.000247258064516129,499.3,0.71,1.668299,103.76,21552,-0.010287,0.012217,2.922354,0.005959,0.074066,0.399546,0.384758,0.145566,1.844624,1.920996,1.01249,0.991582,0.671599,0.0
2300,1766400,0.00024702764976958523,499.4,0.74,1.71497,98.11,21631,-0.009573,0.006706,2.866252,0.00506,0.056915,0.628294,0.613305,0.216742,1.778493,1.917076,0.976189,0.948373,0.542341,0.0
2310,1774080,0.00024679723502304144,499.3,0.79,1.764934,93.71,21716,-0.011683,0.012684,2.830364,0.006656,0.084839,0.740221,0.4574,0.521647,1.817712,1.885518,0.962379,0.938758,0.485685,0.0
2320,1781760,0.00024656682027649764,499.4,0.86,1.859815,93.87,21798,-0.011829,0.00868,2.909632,0.005908,0.078156,0.556406,0.367328,0.435726,1.833748,1.928342,0.981283,0.97593,0.486166,0.0
2330,1789440,0.0002463364055299539,499.4,0.62,1.574688,93.71,21878,-0.011665,0.026953,2.892879,0.005095,0.060638,0.599344,0.376971,0.3623,1.881714,1.938344,0.977898,0.950327,0.60001,0.0
2340,1797120,0.0002461059907834101,499.5,0.58,1.535001,102.63,21948,-0.011998,0.028434,2.873399,0.005439,0.065948,0.368517,0.263259,0.188114,1.859448,1.922374,0.981099,0.940703,0.640843,0.0
2350,1804800,0.0002458755760368663,499.5,0.8,1.786109,87.13,22034,-0.00987,0.020337,2.836111,0.004425,0.047058,0.498964,0.432367,0.118023,1.846692,1.893236,0.966053,0.942914,0.562797,0.0
2360,1812480,0.0002456451612903226,499.5,0.81,1.766023,70.29,22142,-0.01084,0.003596,2.821757,0.005374,0.065979,0.846202,0.67416,0.66359,1.819451,1.853236,0.999413,0.960466,0.633684,0.0
2370,1820160,0.0002454147465437788,499.6,0.84,1.828159,74.91,22244,-0.011252,0.012325,2.848172,0.006212,0.081604,0.308999,0.289847,0.258107,1.856438,1.875649,0.940606,0.965059,0.554957,0.0
2380,1827840,0.000245184331797235,499.6,0.81,1.785724,79.4,22342,-0.010967,0.01439,2.856619,0.005848,0.073029,0.48485,0.443479,0.077168,1.777271,1.873538,0.982237,0.98318,0.555037,0.0
2390,1835520,0.0002449539170506912,499.7,0.74,1.712298,80.85,22437,-0.010824,0.003523,2.928872,0.005907,0.07077,0.843934,0.82511,0.169515,1.897493,1.918184,0.980055,0.999004,0.533311,0.0
2400,1843200,0.0002447235023041474,499.7,0.75,1.72188,86.97,22521,-0.010432,0.007881,2.915892,0.005614,0.071808,0.786305,0.480455,0.589005,1.880651,1.907382,1.029889,1.002097,0.599038,0.0
2410,1850880,0.00024449308755760367,499.6,0.68,1.621079,90.7,22606,-0.009489,0.007445,2.868411,0.005558,0.0672,0.702351,0.383578,0.546759,1.773214,1.876288,1.002659,0.984707,0.534165,0.0
2420,1858560,0.0002442626728110599,499.6,0.85,1.86653,82.63,22705,-0.010793,0.00268,2.830897,0.004671,0.052307,0.82321,0.662684,0.719359,1.821463,1.84201,0.997144,0.974888,0.40831,0.0
2430,1866240,0.0002440322580645161,499.7,0.79,1.77227,74.54,22808,-0.010948,0.020416,2.859014,0.005336,0.060822,0.542901,0.315253,0.369436,1.811318,1.868264,0.98118,0.98565,0.436823,0.0
2440,1873920,0.00024380184331797234,499.7,0.78,1.791655,76.76,22909,-0.0126,0.00479,2.861984,0.006261,0.078674,0.763965,0.537042,0.64142,1.835916,1.872307,0.97483,0.98756,0.428724,0.0
2450,1881600,0.00024357142857142855,499.7,0.79,1.816622,88.09,22993,-0.01083,0.019095,2.842775,0.005376,0.064941,0.511592,0.338662,0.283385,1.870721,1.850103,0.983011,0.998745,0.399145,0.0
2460,1889280,0.00024334101382488476,499.7,0.84,1.841738,71.0,23104,-0.009145,0.012037,2.888036,0.005208,0.061066,0.58629,0.595065,0.150628,1.87976,1.87879,0.9745,1.006599,0.529799,0.0
2470,1896960,0.000243110599078341,499.8,0.83,1.861105,83.71,23193,-0.010539,0.015343,2.88586,0.005105,0.060455,0.681487,0.302338,0.56437,1.902027,1.879689,0.971695,0.998026,0.414872,0.0
2480,1904640,0.00024288018433179723,499.8,0.8,1.80848,90.19,23273,-0.010972,0.022751,2.897368,0.005875,0.072205,0.532185,0.459781,0.135276,1.871364,1.884955,0.977355,0.994625,0.545121,0.0
2490,1912320,0.0002426497695852534,499.8,0.73,1.715649,83.5,23367,-0.012115,0.021148,2.919765,0.00663,0.091095,0.492133,0.371248,0.203471,1.877711,1.902562,1.01914,1.005294,0.309116,0.0
2500,1920000,0.00024241935483870967,499.9,0.72,1.691428,91.73,23443,-0.012049,0.013021,2.887509,0.005801,0.068848,0.450364,0.389292,0.154548,1.834195,1.890044,0.954954,0.985555,0.425119,0.0
2510,1927680,0.00024218894009216588,499.8,0.69,1.642868,98.14,23519,-0.011747,0.012142,2.865224,0.005601,0.067932,0.654813,0.190307,0.59298,1.910066,1.878164,0.982249,0.972148,0.498372,0.0
2520,1935360,0.0002419585253456221,499.9,0.72,1.681024,92.78,23604,-0.011102,0.013878,2.899802,0.006545,0.084564,0.5846,0.410692,0.408352,1.938394,1.892437,1.040268,0.993405,0.366341,0.0
2530,1943040,0.00024172811059907832,499.9,0.7,1.647381,86.39,23691,-0.01088,0.015452,2.939801,0.005731,0.070709,0.570142,0.297011,0.428216,1.961665,1.920466,1.022847,1.01058,0.313489,0.0
2540,1950720,0.00024149769585253452,499.9,0.83,1.824739,92.81,23777,-0.010534,0.015063,2.90678,0.006038,0.076111,0.502675,0.174002,0.549294,1.901714,1.891931,1.020505,1.011047,0.408203,0.0
2550,1958400,0.00024126728110599076,500.0,0.8,1.766619,72.93,23882,-0.011209,0.019117,2.867997,0.005544,0.065613,0.527836,0.29187,0.407739,1.897978,1.860304,0.958348,0.991833,0.29013,0.0
2560,1966080,0.00024103686635944697,500.0,0.84,1.828023,79.34,23977,-0.011539,0.002677,2.915185,0.00544,0.067047,0.869917,0.855334,0.107215,1.962016,1.918321,0.940846,0.984592,0.301123,0.0
2570,1973760,0.00024080645161290323,500.1,0.86,1.859355,89.96,24061,-0.009633,0.012482,2.874798,0.006372,0.083618,0.523289,0.51624,0.046708,1.857589,1.896117,0.945608,0.973697,0.649018,0.0
2580,1981440,0.00024057603686635943,500.1,0.79,1.774912,92.6,24146,-0.012201,0.02271,2.941669,0.006123,0.083099,0.574272,0.278038,0.42362,1.908087,1.924834,1.020661,1.012721,0.599324,0.0
2590,1989120,0.00024034562211981564,500.1,0.66,1.614869,97.64,24222,-0.011863,0.020876,2.942508,0.00527,0.068939,0.56274,0.452215,0.20236,1.944175,1.932667,0.95061,1.001858,0.605373,0.0
2600,1996800,0.00024011520737327188,500.1,0.72,1.702997,84.13,24311,-0.009251,0.011001,2.949089,0.00521,0.060181,0.769249,0.225422,0.708955,1.984905,1.953726,0.956761,0.997742,0.569422,0.0
2610,2004480,0.00023988479262672808,500.1,0.61,1.536318,99.9,24391,-0.010576,0.022272,2.903212,0.005376,0.062866,0.568984,0.324903,0.417694,1.879635,1.899413,1.030122,1.003028,0.615846,0.0
2620,2012160,0.0002396543778801843,500.2,0.74,1.710413,82.71,24482,-0.011196,0.006522,2.927008,0.005975,0.07843,0.920958,0.085292,0.917044,1.937665,1.924223,0.96129,0.992937,0.694993,0.0
2630,2019840,0.00023942396313364052,500.2,0.69,1.631353,85.0,24571,-0.011026,0.021314,2.870942,0.005999,0.079559,0.488078,0.472399,0.039115,1.862884,1.896774,0.885692,0.958968,0.522517,0.0
2640,2027520,0.00023919354838709676,500.2,0.74,1.661309,67.76,24684,-0.010184,0.019168,2.900368,0.005281,0.06311,0.418816,0.20376,0.354957,1.925133,1.924943,0.95671,0.972604,0.506764,0.0
2650,2035200,0.000238963133640553,500.2,0.77,1.690025,80.53,24775,-0.010169,0.007364,2.912386,0.005291,0.066254,0.630722,0.286165,0.606257,1.895239,1.937582,0.969112,0.96817,0.436095,0.0
2660,2042880,0.0002387327188940092,500.2,0.69,1.66193,90.61,24859,-0.010522,0.016307,2.956788,0.006728,0.091919,0.512562,0.344137,0.291746,1.920134,1.963033,0.978946,0.989972,0.535269,0.0
2670,2050560,0.0002385023041474654,500.2,0.66,1.604839,90.93,24947,-0.010203,0.032065,2.898075,0.006127,0.077698,0.371307,0.342086,0.093986,1.814669,1.899089,1.006918,0.988778,0.670466,0.0
2680,2058240,0.00023827188940092164,500.2,0.73,1.698223,88.18,25036,-0.010894,0.014282,2.91574,0.005538,0.070374,0.49947,0.358396,0.334216,1.840846,1.902722,1.025581,1.000019,0.532803,0.0
2690,2065920,0.00023804147465437785,500.2,0.78,1.808123,88.64,25123,-0.011013,0.010814,2.897518,0.006051,0.079803,0.739852,0.514151,0.524207,1.821787,1.889849,1.007787,0.990432,0.488723,0.0
2700,2073600,0.00023781105990783405,500.3,0.8,1.785373,76.46,25221,-0.012087,0.01974,2.906536,0.007186,0.100433,0.312105,0.136153,0.406877,1.840619,1.903414,0.987547,0.985452,0.526851,0.0
2710,2081280,0.00023758064516129032,500.2,0.75,1.730656,89.07,25305,-0.010797,0.016189,2.875169,0.00509,0.061646,0.598707,0.501905,0.1973,1.831358,1.897867,0.989439,0.958518,0.574928,0.0
2720,2088960,0.00023735023041474652,500.2,0.75,1.685656,101.07,25381,-0.009344,0.017478,2.885046,0.00473,0.050598,0.629578,0.263876,0.499669,1.88203,1.901623,0.962473,0.958291,0.687254,0.0
2730,2096640,0.00023711981566820276,500.3,0.7,1.675437,113.36,25444,-0.010225,0.023899,2.884621,0.006205,0.086304,0.577071,0.286765,0.40839,1.892332,1.910499,0.950339,0.971479,0.691661,0.0
2740,2104320,0.00023688940092165896,500.3,0.77,1.723298,98.99,25525,-0.009035,0.005977,2.905462,0.005019,0.053986,0.759722,0.270869,0.699471,1.876103,1.91262,0.999477,0.985222,0.572568,0.0
2750,2112000,0.00023665898617511517,500.3,0.71,1.663195,100.33,25602,-0.012848,0.021158,2.874637,0.006932,0.085907,0.736075,0.227983,0.660902,1.884175,1.88639,0.999511,0.981941,0.587005,0.0
2760,2119680,0.0002364285714285714,500.3,0.63,1.55649,90.28,25686,-0.010842,0.010641,2.907799,0.006519,0.086487,0.653332,0.217894,0.666198,1.928689,1.919254,0.967699,0.982234,0.574448,0.0
2770,2127360,0.0002361981566820276,500.4,0.7,1.687531,97.47,25762,-0.01134,0.012135,2.913794,0.006039,0.078674,0.465575,0.207565,0.438553,1.944523,1.923169,0.927326,0.978422,0.709793,0.0
2780,2135040,0.00023596774193548387,500.4,0.7,1.694876,93.33,25847,-0.011306,0.019209,2.873857,0.004965,0.057922,0.675635,0.027862,0.744657,1.884049,1.871531,0.9568,0.985766,0.560183,0.0
2790,2142720,0.00023573732718894008,500.4,0.74,1.712818,91.72,25926,-0.011078,0.014456,2.843958,0.005897,0.071869,0.465429,0.278216,0.394508,1.834085,1.869135,0.983411,0.973782,0.589601,0.0
2800,2150400,0.0002355069124423963,500.4,0.76,1.707332,92.56,26012,-0.012051,0.027606,2.857361,0.005775,0.074005,0.496656,0.369869,0.220689,1.785737,1.866624,1.003824,0.980278,0.551802,0.0
2810,2158080,0.00023527649769585252,500.4,0.66,1.639208,104.28,26081,-0.010308,0.02655,2.816751,0.005647,0.076752,0.495288,0.346583,0.230262,1.810547,1.814851,1.006635,0.992555,0.571238,0.0
2820,2165760,0.00023504608294930873,500.4,0.76,1.740386,93.16,26163,-0.012027,0.006974,2.810703,0.005902,0.070984,0.764486,0.329237,0.669848,1.893554,1.85798,0.931839,0.962132,0.49832,0.0
2830,2173440,0.00023481566820276496,500.4,0.75,1.712836,86.64,26256,-0.011119,0.0108,2.856145,0.005472,0.067596,0.716016,0.268478,0.626139,1.839007,1.845701,1.013769,0.998285,0.428341,0.0
2840,2181120,0.00023458525345622117,500.4,0.69,1.650404,102.05,26328,-0.010345,0.013977,2.843307,0.007022,0.09613,0.623631,0.439423,0.331981,1.91201,1.856758,1.013847,0.975107,0.510095,0.0
2850,2188800,0.0002343548387096774,500.4,0.69,1.625725,116.85,26394,-0.010326,0.009075,2.842006,0.005039,0.059265,0.867226,0.050559,0.871953,1.909603,1.856499,1.006169,0.969607,0.691937,0.0
2860,2196480,0.0002341244239631336,500.4,0.7,1.656158,95.73,26480,-0.012789,0.003151,2.860442,0.006339,0.080627,0.862199,0.483552,0.794942,1.85856,1.878316,1.017948,0.967553,0.66753,0.0
2870,2204160,0.00023389400921658985,500.5,0.76,1.737252,94.42,26558,-0.00997,0.027753,2.850116,0.005759,0.072754,0.165861,0.199506,0.029854,1.871245,1.875571,0.979116,0.964307,0.636631,0.0
2880,2211840,0.00023366359447004605,500.5,0.59,1.462485,103.3,26630,-0.010881,0.013786,2.835147,0.004858,0.055695,0.818661,0.095068,0.809738,1.896048,1.89248,0.953278,0.937253,0.647108,0.0
2890,2219520,0.0002334331797235023,500.5,0.51,1.360146,99.48,26706,-0.013431,0.023463,2.771046,0.006059,0.078918,0.581188,0.064667,0.649828,1.845194,1.84578,0.95258,0.915284,0.571766,0.0
2900,2227200,0.0002332027649769585,500.5,0.62,1.55292,100.03,26779,-0.010289,0.007494,2.803427,0.005063,0.059082,0.865353,0.22036,0.830683,1.931744,1.863579,0.873195,0.932086,0.493474,0.0
2910,2234880,0.00023297235023041473,500.5,0.72,1.70022,101.21,26858,-0.010591,0.012515,2.8385,0.005654,0.073212,0.521164,0.045906,0.647882,1.924063,1.888109,0.929122,0.936433,0.604355,0.0
2920,2242560,0.00023274193548387096,500.5,0.78,1.746558,90.87,26943,-0.011853,0.007653,2.832414,0.005371,0.065613,0.83271,0.265576,0.788555,1.895955,1.874361,0.963472,0.947213,0.580582,0.0
2930,2250240,0.00023251152073732714,500.5,0.78,1.795967,90.74,27030,-0.010078,0.005988,2.866421,0.005466,0.06601,0.700251,0.340313,0.70626,1.959335,1.906358,0.94877,0.945696,0.632729,0.0
2940,2257920,0.0002322811059907834,500.5,0.7,1.657077,99.04,27106,-0.011207,0.023518,2.821511,0.004961,0.05954,0.643785,0.079538,0.64182,1.95899,1.882229,0.945949,0.929383,0.435012,0.0
2950,2265600,0.0002320506912442396,500.6,0.75,1.687067,80.26,27202,-0.011014,0.020946,2.812011,0.004603,0.048065,0.467267,0.133168,0.501421,1.890676,1.875349,0.915869,0.936204,0.384911,0.0
2960,2273280,0.00023182027649769585,500.6,0.71,1.65482,80.53,27292,-0.011598,0.011932,2.815077,0.005505,0.068359,0.685544,0.387858,0.554817,1.862056,1.878324,0.989247,0.939387,0.658357,0.0
2970,2280960,0.00023158986175115205,500.6,0.75,1.709085,81.82,27388,-0.011015,0.004226,2.856017,0.004696,0.049835,0.85136,0.360966,0.828607,1.89001,1.895638,0.961038,0.951495,0.269906,0.0
2980,2288640,0.00023135944700460826,500.6,0.71,1.659379,86.96,27474,-0.011901,0.032185,2.891252,0.005236,0.062805,0.460174,0.198509,0.352689,1.928831,1.933341,0.932239,0.951963,0.396586,0.0
2990,2296320,0.0002311290322580645,500.6,0.63,1.542079,86.34,27557,-0.012195,0.013331,2.843604,0.005273,0.067719,0.78161,0.194833,0.733957,1.839555,1.881938,0.944632,0.955155,0.514396,0.0
3000,2304000,0.0002308986175115207,500.7,0.77,1.764463,95.03,27637,-0.010253,0.012543,2.874868,0.005949,0.071045,0.628848,0.397229,0.399604,1.892831,1.913998,0.952626,0.96238,0.580607,0.0
3010,2311680,0.00023066820276497696,500.6,0.71,1.694342,102.05,27713,-0.010982,0.021048,2.860036,0.005349,0.064056,0.457581,0.269719,0.29385,1.900843,1.915654,0.918527,0.953308,0.440039,0.0
3020,2319360,0.00023043778801843317,500.7,0.72,1.711105,83.64,27808,-0.010415,0.020877,2.833706,0.005256,0.066467,0.435589,0.337783,0.250421,1.908157,1.873819,0.918708,0.946684,0.48017,0.0
3030,2327040,0.00023020737327188938,500.7,0.76,1.716802,77.35,27908,-0.010655,0.019886,2.804195,0.005854,0.073883,0.436321,0.264863,0.328346,1.895442,1.87544,0.864661,0.92989,0.588291,0.0
3040,2334720,0.0002299769585253456,500.7,0.68,1.604793,68.17,28022,-0.012432,0.010882,2.846876,0.005797,0.074951,0.647296,0.335162,0.505048,1.923507,1.88029,0.902749,0.960134,0.554047,0.0
3050,2342400,0.00022974654377880182,500.7,0.66,1.627588,84.76,28109,-0.012054,0.030261,2.838983,0.005631,0.073212,0.578943,0.356328,0.353691,1.933671,1.894154,0.949729,0.933554,0.598678,0.0
3060,2350080,0.00022951612903225803,500.8,0.7,1.621971,85.94,28195,-0.010748,0.016867,2.884535,0.004904,0.051239,0.680392,0.262117,0.588336,1.916825,1.925213,0.932204,0.957432,0.548865,0.0
3070,2357760,0.00022928571428571426,500.8,0.59,1.507475,97.2,28268,-0.012372,0.010243,2.919677,0.006376,0.08374,0.743719,0.052991,0.783364,1.939288,1.930644,0.934779,0.983386,0.716823,0.0
3080,2365440,0.0002290552995391705,500.8,0.65,1.593451,96.87,28349,-0.010605,0.020768,2.896306,0.005341,0.063446,0.655271,0.133436,0.661837,1.954086,1.912852,0.945492,0.979789,0.650617,0.0
3090,2373120,0.00022882488479262673,500.8,0.55,1.458677,100.43,28427,-0.010906,0.027636,2.875494,0.005056,0.056274,0.492705,0.306811,0.303769,1.959514,1.915358,0.971601,0.955707,0.732321,0.0
3100,2380800,0.00022859447004608294,500.9,0.68,1.628153,88.96,28510,-0.012189,0.022535,2.8366,0.006193,0.081879,0.626463,0.129196,0.614447,1.933012,1.876784,0.915051,0.953451,0.604637,0.0
3110,2388480,0.00022836405529953914,500.8,0.75,1.755416,94.06,28594,-0.010227,0.021698,2.861207,0.004758,0.055206,0.439006,0.381071,0.169181,1.954294,1.887056,0.96332,0.954682,0.590144,0.0
3120,2396160,0.00022813364055299538,500.8,0.81,1.796777,78.22,28691,-0.012563,0.003811,2.821733,0.005598,0.071136,0.768025,0.596342,0.62206,1.908661,1.844822,0.92276,0.963744,0.405138,0.0
3130,2403840,0.00022790322580645158,500.9,0.71,1.673389,65.83,28806,-0.010404,0.026384,2.825414,0.004916,0.056396,0.527439,0.403054,0.222669,1.890165,1.84831,0.962598,0.96225,0.5402,0.0
3140,2411520,0.0002276728110599078,500.9,0.8,1.782293,75.91,28903,-0.0112,0.006662,2.827534,0.005288,0.063324,0.751663,0.400234,0.662698,1.873352,1.836768,0.980353,0.980599,0.472319,0.0
3150,2419200,0.00022744239631336405,500.9,0.84,1.886986,86.68,28996,-0.012259,0.003215,2.799396,0.005476,0.062927,0.85484,0.815819,0.422501,1.795414,1.801216,1.018495,0.991716,0.650387,0.0
3160,2426880,0.00022721198156682026,500.9,0.72,1.702278,83.95,29087,-0.012746,0.019817,2.853169,0.006264,0.081055,0.518999,0.269196,0.401428,1.860782,1.864751,0.960317,0.982006,0.549238,0.0
3170,2434560,0.0002269815668202765,500.9,0.72,1.682145,85.99,29176,-0.010354,0.037069,2.899372,0.004855,0.058533,0.514009,0.4201,0.16194,1.899312,1.895008,0.965419,0.997198,0.440526,0.0
3180,2442240,0.0002267511520737327,501.0,0.62,1.545561,93.69,29255,-0.01061,0.015925,2.898939,0.004121,0.039917,0.66713,0.364786,0.540336,1.93039,1.898288,0.93929,0.990701,0.597214,0.0
3190,2449920,0.0002265207373271889,501.0,0.66,1.602541,99.0,29330,-0.012059,0.015855,2.887536,0.005368,0.06369,0.727466,0.072602,0.740491,1.988201,1.903642,0.950181,0.983841,0.741738,0.0
3200,2457600,0.00022629032258064514,501.0,0.61,1.501721,111.72,29399,-0.010951,0.009408,2.896335,0.005155,0.058472,0.714342,0.130532,0.743782,1.919294,1.916087,0.939031,0.970616,0.631579,0.0
3210,2465280,0.00022605990783410135,501.0,0.51,1.35697,102.03,29476,-0.010812,0.017005,2.90176,0.005127,0.061462,0.629386,0.232485,0.562503,1.950462,1.923067,0.930735,0.97416,0.599651,0.0
3220,2472960,0.0002258294930875576,501.0,0.6,1.486734,96.39,29556,-0.011808,0.0188,2.841346,0.00578,0.07254,0.570127,0.209416,0.535962,1.898554,1.881535,0.929546,0.95472,0.648284,0.0
3230,2480640,0.00022559907834101382,501.0,0.63,1.582141,97.84,29636,-0.010931,0.013547,2.850402,0.005613,0.066559,0.729555,0.288289,0.642745,1.74627,1.879807,0.956315,0.969586,0.34528,0.0
3240,2488320,0.00022536866359447002,501.0,0.7,1.66791,86.04,29730,-0.012503,0.011119,2.859228,0.005539,0.069946,0.566274,0.247146,0.573619,1.880763,1.872534,0.988549,0.989033,0.350384,0.0
3250,2496000,0.00022513824884792626,501.1,0.74,1.675995,79.14,29827,-0.011548,0.016857,2.84841,0.005822,0.074097,0.51151,0.205318,0.566985,1.898982,1.854754,0.98635,0.980722,0.620686,0.0
3260,2503680,0.00022490783410138247,501.1,0.72,1.679517,87.91,29911,-0.012101,0.01669,2.857671,0.005538,0.067352,0.592909,0.198616,0.54548,1.950412,1.883734,0.982382,0.969848,0.718488,0.0
3270,2511360,0.00022467741935483867,501.2,0.63,1.569843,85.14,29998,-0.012069,0.026083,2.864708,0.006407,0.085052,0.44765,0.302532,0.237025,1.886648,1.872912,0.976737,0.984402,0.403898,0.0
3280,2519040,0.0002244470046082949,501.2,0.68,1.613369,95.27,30074,-0.01147,0.002479,2.853827,0.005469,0.063843,0.845562,0.648761,0.774437,1.910347,1.866716,0.994129,0.981592,0.462331,0.0
3290,2526720,0.00022421658986175114,501.2,0.7,1.633612,93.14,30163,-0.011022,0.012557,2.873744,0.005031,0.061951,0.730546,0.373186,0.577623,1.853147,1.871906,1.003509,0.998219,0.657159,0.0
3300,2534400,0.00022398617511520732,501.2,0.65,1.557141,102.6,30235,-0.011801,0.010419,2.817064,0.004871,0.055176,0.578432,0.363684,0.426585,1.847336,1.835252,0.969707,0.979352,0.537788,0.0
3310,2542080,0.00022375576036866358,501.2,0.65,1.593256,104.58,30310,-0.012177,0.028246,2.813023,0.00583,0.074646,0.546503,0.329425,0.3338,1.72301,1.817603,0.971733,0.989642,0.583701,0.0
3320,2549760,0.0002235253456221198,501.2,0.61,1.591159,105.72,30384,-0.011039,0.012269,2.799411,0.00506,0.056274,0.817301,0.189747,0.774563,1.735677,1.821596,0.989423,0.990197,0.654622,0.0
3330,2557440,0.00022329493087557602,501.2,0.61,1.533827,92.61,30468,-0.011894,0.024161,2.837508,0.005919,0.074554,0.451201,0.205286,0.362897,1.850886,1.854776,0.975564,0.98118,0.621442,0.0
3340,2565120,0.00022306451612903223,501.2,0.63,1.549017,81.45,30561,-0.011777,0.018329,2.823515,0.004859,0.055328,0.521376,0.188157,0.556152,1.873167,1.860578,1.000508,0.959671,0.521893,0.0
3350,2572800,0.00022283410138248844,501.3,0.73,1.67499,69.03,30670,-0.011235,0.017589,2.821587,0.004999,0.060638,0.436916,0.354538,0.259119,1.769325,1.842112,0.995249,0.981408,0.496038,0.0
3360,2580480,0.0002226036866359447,501.3,0.74,1.682456,68.74,30779,-0.01054,0.013748,2.806481,0.005365,0.068359,0.561328,0.345334,0.391163,1.780985,1.841379,0.978492,0.960861,0.425465,0.0
3370,2588160,0.00022237327188940088,501.3,0.71,1.694932,72.02,30883,-0.010808,0.024102,2.819221,0.005644,0.070557,0.483545,0.201364,0.449857,1.783717,1.855765,0.987315,0.960724,0.471399,0.0
3380,2595840,0.00022214285714285714,501.3,0.73,1.720736,77.45,30984,-0.010669,0.013065,2.812842,0.005665,0.07077,0.431056,0.500085,-0.040344,1.893765,1.862675,0.921782,0.952276,0.547228,0.0
3390,2603520,0.00022191244239631335,501.3,0.76,1.714627,85.43,31072,-0.011811,0.018553,2.841935,0.005351,0.063934,0.480216,0.237191,0.414982,1.925842,1.884846,0.986382,0.962901,0.406602,0.0
3400,2611200,0.00022168202764976956,501.3,0.77,1.764624,96.17,31152,-0.012264,0.022302,2.851834,0.0051,0.055054,0.575284,0.38611,0.395297,1.93749,1.859922,1.014067,0.982826,0.510035,0.0
3410,2618880,0.0002214516129032258,501.2,0.71,1.669996,102.73,31225,-0.010716,0.024594,2.88913,0.004841,0.052979,0.700757,0.324444,0.565362,1.941401,1.900993,1.023103,0.983071,0.385083,0.0
3420,2626560,0.000221221198156682,501.3,0.79,1.782625,84.03,31316,-0.012674,0.020244,2.863648,0.006674,0.090302,0.516265,0.463568,0.188618,1.928834,1.88576,1.017621,0.975167,0.424563,0.0
3430,2634240,0.00022099078341013826,501.3,0.75,1.721331,91.64,31394,-0.012203,0.004599,2.859722,0.005334,0.064056,0.787148,0.521998,0.650308,1.901084,1.875655,0.999928,0.968691,0.431684,0.0
3440,2641920,0.00022076036866359444,501.3,0.65,1.560231,96.63,31474,-0.012701,0.035395,2.840805,0.005205,0.063202,0.429827,0.375892,0.091938,1.927088,1.887628,1.006506,0.953522,0.453102,0.0
3450,2649600,0.00022052995391705067,501.3,0.65,1.539736,103.29,31545,-0.011862,0.013922,2.850872,0.005166,0.059937,0.762788,0.447502,0.572545,1.942419,1.876319,0.995622,0.97033,0.406006,0.0
3460,2657280,0.0002202995391705069,501.3,0.75,1.69435,98.92,31623,-0.012674,0.020449,2.853574,0.00531,0.062134,0.531849,0.268429,0.413811,1.953964,1.885423,0.960555,0.968151,0.412801,0.0
3470,2664960,0.0002200691244239631,501.3,0.64,1.54967,101.0,31696,-0.010768,0.025172,2.833257,0.005258,0.068115,0.160546,0.19863,0.042768,1.930869,1.878394,0.986942,0.96296,0.46922,0.0
3480,2672640,0.00021983870967741932,501.3,0.82,1.780141,80.12,31792,-0.011106,0.01742,2.86603,0.00526,0.060242,0.480087,0.137921,0.479062,1.888116,1.877798,0.980135,0.979678,0.496461,0.0
3490,2680320,0.00021960829493087555,501.3,0.74,1.671428,95.06,31868,-0.01047,0.00713,2.866533,0.005492,0.065674,0.719334,0.339823,0.620754,1.8443,1.879749,0.975989,0.973478,0.357421,0.0
3500,2688000,0.0002193778801843318,501.3,0.69,1.618871,108.42,31936,-0.012122,0.018889,2.844688,0.005457,0.064606,0.768934,0.323934,0.658581,1.818336,1.884211,1.00197,0.963632,0.351739,0.0
3510,2695680,0.000219147465437788,501.3,0.72,1.677651,94.82,32019,-0.011424,0.02172,2.820501,0.0055,0.067596,0.660197,0.330201,0.501171,1.785911,1.851076,0.985786,0.958191,0.696035,0.0
3520,2703360,0.00021891705069124423,501.3,0.78,1.763412,85.24,32111,-0.012002,0.010249,2.85191,0.005153,0.061584,0.598632,0.551322,0.303115,1.830867,1.861759,0.994081,0.982821,0.615638,0.0
3530,2711040,0.0002186866359447004,501.3,0.78,1.789576,73.55,32214,-0.011136,0.017428,2.844841,0.005409,0.07019,0.575518,0.494148,0.17234,1.807136,1.867609,0.983129,0.97473,0.574747,0.0
3540,2718720,0.00021845622119815667,501.3,0.86,1.857166,82.89,32306,-0.011593,0.017603,2.88405,0.005002,0.056824,0.378614,0.249702,0.299959,1.891322,1.895606,1.022422,0.996361,0.642135,0.0
3550,2726400,0.00021822580645161288,501.4,0.77,1.746467,87.92,32390,-0.010288,0.02007,2.90253,0.005148,0.062469,0.597883,0.262495,0.502904,1.9477,1.914206,1.002933,0.98634,0.680276,0.0
3560,2734080,0.0002179953917050691,501.4,0.71,1.630033,92.7,32472,-0.011481,0.019354,2.887125,0.005052,0.056458,0.694286,0.377562,0.509753,1.933354,1.89931,0.981367,0.982071,0.525454,0.0
3570,2741760,0.00021776497695852535,501.4,0.73,1.67182,92.76,32557,-0.012356,0.013742,2.887092,0.005643,0.073425,0.445775,0.346694,0.412426,1.893596,1.900336,1.001634,0.980831,0.553489,0.0
3580,2749440,0.00021753456221198153,501.4,0.67,1.580405,97.35,32637,-0.011228,0.017213,2.851951,0.005324,0.0625,0.712727,0.381694,0.546465,1.884798,1.859387,0.979655,0.981331,0.584151,0.0
3590,2757120,0.0002173041474654378,501.4,0.76,1.717351,86.55,32729,-0.010022,0.006861,2.84772,0.005448,0.063477,0.537766,0.49854,0.411325,1.8911,1.867074,0.934311,0.98007,0.576988,0.0
3600,2764800,0.00021707373271889397,501.4,0.69,1.669989,92.08,32812,-0.011199,0.018357,2.847353,0.005914,0.070129,0.529591,0.454881,0.16061,1.945884,1.860541,1.020693,0.986036,0.582656,0.0
3610,2772480,0.00021684331797235023,501.4,0.68,1.690582,101.32,32884,-0.012462,0.025435,2.846726,0.005651,0.070862,0.647126,0.354634,0.457374,1.855126,1.837425,1.029317,1.001641,0.584242,0.0
3620,2780160,0.00021661290322580644,501.4,0.63,1.545731,85.05,32978,-0.012758,0.011293,2.875406,0.005282,0.066345,0.666148,0.21217,0.645958,1.90518,1.851653,1.032343,1.008503,0.571089,0.0
3630,2787840,0.00021638248847926264,501.4,0.76,1.737144,96.23,33057,-0.012681,0.011459,2.873572,0.005633,0.072327,0.704317,0.111013,0.737538,1.901358,1.848177,1.028238,1.012256,0.570841,0.0
3640,2795520,0.00021615207373271888,501.4,0.76,1.727801,90.85,33138,-0.011951,0.002558,2.877302,0.005394,0.061066,0.872862,0.233118,0.88298,1.915572,1.86812,1.025483,1.005574,0.661248,0.0
3650,2803200,0.00021592165898617508,501.4,0.72,1.681832,99.88,33216,-0.009687,0.022195,2.899266,0.004995,0.057739,0.487359,0.276873,0.327331,1.949578,1.885436,1.030621,1.010541,0.745107,0.0
3660,2810880,0.00021569124423963135,501.4,0.62,1.522157,105.81,33287,-0.011153,0.020656,2.882224,0.005352,0.066528,0.77094,0.417067,0.623859,1.91047,1.877218,1.008272,0.997954,0.670978,0.0
3670,2818560,0.00021546082949308753,501.5,0.67,1.602966,89.67,33375,-0.010997,0.0227,2.854267,0.004912,0.058014,0.559872,0.090392,0.598243,1.853853,1.856162,0.993371,0.98705,0.780771,0.0
3680,2826240,0.00021523041474654376,501.4,0.72,1.701419,87.59,33461,-0.011754,0.020098,2.864161,0.004831,0.056488,0.483258,0.356982,0.233535,1.912174,1.868259,1.020543,0.986631,0.647044,0.0
3690,2833920,0.000215,501.4,0.7,1.639695,88.73,33542,-0.012572,0.015851,2.873114,0.006296,0.087708,0.612534,0.155866,0.565219,1.882476,1.869028,1.015945,0.988469,0.368733,0.0
3700,2841600,0.0002147695852534562,501.4,0.7,1.680904,94.54,33624,-0.01093,0.040121,2.900255,0.005006,0.062195,0.482676,0.284362,0.278385,1.900768,1.879039,1.008888,1.005512,0.550347,0.0
3710,2849280,0.0002145391705069124,501.4,0.5,1.405067,91.48,33707,-0.013146,0.016037,2.849135,0.005067,0.06015,0.561756,0.292852,0.447142,1.851594,1.855117,1.006669,0.981117,0.558373,0.0
3720,2856960,0.00021430875576036864,501.4,0.65,1.545172,101.38,33783,-0.012763,0.016445,2.825493,0.004624,0.053009,0.57199,0.478879,0.217728,1.826662,1.847175,0.911838,0.96346,0.583008,0.0
3730,2864640,0.00021407834101382488,501.4,0.76,1.726728,90.06,33870,-0.011044,0.016581,2.798795,0.00575,0.070251,0.503628,0.303166,0.384475,1.76436,1.794512,0.977048,0.989842,0.55232,0.0
3740,2872320,0.00021384792626728106,501.4,0.75,1.769833,96.32,33951,-0.011519,0.010952,2.787233,0.005872,0.07489,0.685241,0.547883,0.353103,1.786489,1.812465,0.925902,0.978706,0.429224,0.0
3750,2880000,0.00021361751152073732,501.4,0.67,1.639435,83.19,34042,-0.011679,0.021098,2.789377,0.005271,0.066772,0.421993,0.256949,0.344385,1.814284,1.789997,0.872469,0.977517,0.578966,0.0
3760,2887680,0.00021338709677419353,501.4,0.73,1.708495,84.69,34130,-0.012189,0.01804,2.844901,0.004971,0.055145,0.516581,0.233647,0.434458,1.846542,1.838536,0.973895,0.982584,0.69413,0.0
3770,2895360,0.00021315668202764976,501.4,0.7,1.638131,93.77,34208,-0.011849,0.020168,2.824878,0.005239,0.062592,0.615379,0.413302,0.384741,1.845125,1.839566,0.938152,0.978964,0.330731,0.0
3780,2903040,0.00021292626728110597,501.4,0.81,1.830349,96.31,34289,-0.011272,0.016466,2.839389,0.005136,0.066742,0.572481,0.339874,0.420588,1.880514,1.845539,0.951177,0.980574,0.547697,0.0
3790,2910720,0.00021269585253456217,501.5,0.7,1.641429,91.83,34371,-0.010379,0.015208,2.864702,0.003771,0.035217,0.623777,0.43666,0.342335,1.919229,1.875193,0.961828,0.977358,0.63769,0.0
3800,2918400,0.00021246543778801844,501.5,0.66,1.546288,104.41,34441,-0.010861,0.012993,2.864589,0.005581,0.068481,0.669323,0.393742,0.454933,1.987201,1.891879,0.924575,0.963607,0.564134,0.0
3810,2926080,0.00021223502304147462,501.4,0.55,1.418481,112.95,34510,-0.011779,0.013567,2.864102,0.005376,0.062408,0.774455,0.371211,0.641469,1.948106,1.881415,0.972339,0.964701,0.490861,0.0
3820,2933760,0.00021200460829493088,501.4,0.5,1.406856,117.25,34572,-0.012919,0.017725,2.826972,0.005876,0.075989,0.626369,0.350146,0.451001,1.871111,1.860585,0.938352,0.9553,0.623706,0.0
3830,2941440,0.00021177419354838708,501.4,0.6,1.541959,94.2,34658,-0.01165,0.017128,2.8014,0.00622,0.08316,0.536885,0.183518,0.510906,1.836343,1.838172,0.952337,0.960358,0.573312,0.0
3840,2949120,0.0002115437788018433,501.4,0.74,1.68734,79.18,34757,-0.011729,0.006528,2.788346,0.00509,0.062012,0.51873,0.173985,0.660048,1.750272,1.825122,0.924087,0.953507,0.588783,0.0
3850,2956800,0.00021131336405529953,501.4,0.82,1.777257,74.78,34860,-0.01103,0.013203,2.786048,0.005519,0.070984,0.544855,0.219614,0.519377,1.778484,1.830628,0.936431,0.954589,0.518556,0.0
3860,2964480,0.00021108294930875573,501.4,0.68,1.632976,75.53,34959,-0.011328,0.006838,2.784229,0.005325,0.061401,0.706,0.408957,0.674956,1.836585,1.82898,0.91864,0.949331,0.437046,0.0
3870,2972160,0.000210852534562212,501.4,0.79,1.753734,76.92,35060,-0.010516,0.012002,2.809038,0.00523,0.063019,0.811112,0.362737,0.704095,1.847551,1.859167,0.92875,0.942887,0.533302,0.0
3880,2979840,0.00021062211981566817,501.4,0.72,1.695603,86.47,35152,-0.013779,0.01089,2.865278,0.006472,0.088928,0.600464,0.287387,0.618857,1.879684,1.869774,0.991029,0.988106,0.66313,0.0
3890,2987520,0.0002103917050691244,501.4,0.77,1.754,89.74,35234,-0.00992,0.011411,2.895979,0.004957,0.053223,0.736597,0.551744,0.416206,1.902321,1.887866,1.011443,0.997454,0.543547,0.0
3900,2995200,0.00021016129032258064,501.4,0.67,1.607312,71.38,35341,-0.011824,0.033021,2.879999,0.004957,0.056824,0.575405,0.288331,0.404649,1.827283,1.8944,0.976821,0.985303,0.607152,0.0
3910,3002880,0.00020993087557603685,501.4,0.76,1.71085,73.67,35443,-0.010312,0.008488,2.872531,0.005097,0.059753,0.629198,0.403484,0.518725,1.844612,1.89178,0.992765,0.970594,0.668784,0.0
3920,3010560,0.00020970046082949306,501.4,0.71,1.68926,81.15,35536,-0.010092,0.011837,2.859618,0.004117,0.042145,0.527833,0.314203,0.384131,1.791783,1.879591,0.950861,0.972234,0.498406,0.0
3930,3018240,0.0002094700460829493,501.4,0.73,1.661641,70.2,35644,-0.013002,0.00537,2.860779,0.006537,0.086517,0.775752,0.417301,0.682334,1.78636,1.87886,1.020101,0.972196,0.480486,0.0
3940,3025920,0.00020923963133640552,501.4,0.84,1.829698,91.07,35717,-0.009642,0.009797,2.887875,0.005663,0.074341,0.648159,0.399271,0.446465,1.843771,1.888417,0.966888,0.986035,0.708925,0.0
3950,3033600,0.0002090092165898617,501.4,0.64,1.574895,118.26,35778,-0.011045,0.013816,2.829625,0.005623,0.072449,0.808042,0.410807,0.675622,1.764607,1.834456,0.994431,0.980529,0.568119,0.0
3960,3041280,0.00020877880184331797,501.4,0.68,1.600597,107.95,35854,-0.01243,0.019863,2.845724,0.004896,0.056458,0.589597,0.319632,0.39683,1.881569,1.841578,1.012143,0.98833,0.612503,0.0
3970,3048960,0.00020854838709677417,501.4,0.68,1.625659,85.2,35943,-0.0117,0.010474,2.836736,0.005522,0.067963,0.492318,0.362849,0.463924,1.840503,1.850402,0.980008,0.977076,0.662871,0.0
3980,3056640,0.0002083179723502304,501.4,0.72,1.711212,101.46,36021,-0.012602,0.02136,2.846785,0.005703,0.077545,0.53212,0.431333,0.180447,1.914727,1.868857,1.000826,0.972923,0.684034,0.0
3990,3064320,0.00020808755760368661,501.4,0.65,1.596572,86.29,36112,-0.012348,0.016671,2.846973,0.005413,0.066742,0.538953,0.122268,0.585936,1.898053,1.867066,0.924585,0.969195,0.605293,0.0
4000,3072000,0.00020785714285714282,501.4,0.71,1.698633,90.28,36193,-0.01173,0.019155,2.82947,0.004415,0.045715,0.431023,0.232401,0.399286,1.918107,1.880917,0.907813,0.949747,0.669584,0.0
4010,3079680,0.00020762672811059908,501.4,0.74,1.703187,91.17,36273,-0.012148,0.004186,2.842561,0.004781,0.048187,0.802826,0.423279,0.722859,1.83499,1.870611,1.001785,0.977286,0.539893,0.0
4020,3087360,0.00020739631336405526,501.4,0.84,1.834336,81.88,36369,-0.010495,0.022546,2.85804,0.004971,0.05658,0.481593,0.142503,0.436814,1.78872,1.868036,0.993224,0.985892,0.577243,0.0
4030,3095040,0.00020716589861751152,501.4,0.73,1.644303,65.32,36486,-0.012957,0.028329,2.839161,0.005671,0.073853,0.492325,0.16323,0.434396,1.842425,1.869397,0.986528,0.965663,0.39242,0.0
4040,3102720,0.0002069354838709677,501.4,0.78,1.79648,81.82,36580,-0.012331,0.002612,2.821693,0.005897,0.079651,0.85329,0.66239,0.719315,1.83,1.849553,0.975301,0.955637,0.467375,0.0
4050,3110400,0.00020670506912442394,501.4,0.8,1.812348,78.14,36677,-0.012976,0.025541,2.830858,0.006229,0.083374,0.511369,0.42454,0.153393,1.848704,1.862338,0.978602,0.959476,0.685822,0.0
4060,3118080,0.00020647465437788017,501.4,0.8,1.804498,77.59,36776,-0.011588,0.024724,2.853524,0.005403,0.068604,0.546821,0.42425,0.230995,1.827593,1.887448,0.983319,0.958374,0.647776,0.0
4070,3125760,0.00020624423963133638,501.4,0.71,1.699294,81.53,36870,-0.011237,0.016739,2.863226,0.005167,0.065216,0.498266,0.277777,0.341225,1.887915,1.908572,0.970686,0.941803,0.54377,0.0
4080,3133440,0.00020601382488479264,501.4,0.75,1.761672,83.1,36963,-0.011079,0.007861,2.835945,0.005103,0.061066,0.635373,0.225577,0.636363,1.866347,1.883873,0.954709,0.940953,0.574203,0.0
4090,3141120,0.00020578341013824882,501.4,0.74,1.666737,89.19,37043,-0.009725,0.019962,2.898772,0.006029,0.071747,0.533967,0.51934,0.031456,1.857229,1.92969,0.986798,0.959605,0.592495,0.0
4100,3148800,0.00020555299539170506,501.4,0.73,1.666715,100.39,37120,-0.011095,0.010244,2.890094,0.005178,0.062469,0.627648,0.108997,0.658232,1.865552,1.913225,1.000785,0.966853,0.713964,0.0
4110,3156480,0.00020532258064516126,501.3,0.78,1.74092,90.05,37208,-0.010114,0.00504,2.873516,0.005026,0.052307,0.765858,0.347703,0.675329,1.838114,1.884601,0.971372,0.974984,0.628765,0.0
4120,3164160,0.0002050921658986175,501.3,0.78,1.743504,100.35,37283,-0.011808,0.015525,2.818541,0.006364,0.084045,0.621201,0.475189,0.288799,1.675869,1.851952,0.909353,0.960228,0.447151,0.0
4130,3171840,0.0002048617511520737,501.3,0.72,1.672188,86.58,37371,-0.011716,0.013057,2.827463,0.005874,0.078217,0.635783,0.484188,0.370035,1.770767,1.836577,0.909821,0.985949,0.638606,0.0
4140,3179520,0.00020463133640552994,501.4,0.77,1.708894,77.14,37471,-0.011241,0.019694,2.810911,0.005145,0.058594,0.494927,0.238541,0.414936,1.802915,1.824039,0.903701,0.98501,0.538357,0.0
4150,3187200,0.00020440092165898614,501.4,0.72,1.686427,79.07,37566,-0.009127,0.007728,2.831652,0.005141,0.058655,0.748464,0.377335,0.640659,1.749637,1.827727,0.977701,0.995678,0.617142,0.0
4160,3194880,0.00020417050691244238,501.4,0.81,1.80189,78.86,37663,-0.009136,0.004928,2.849719,0.00448,0.052551,0.748778,0.545592,0.488306,1.838039,1.875884,0.963939,0.97647,0.63092,0.0
4170,3202560,0.0002039400921658986,501.4,0.74,1.731292,93.76,37740,-0.009881,0.026206,2.843917,0.004793,0.053253,0.459844,0.446524,0.037462,1.874776,1.862623,0.968409,0.981294,0.70996,0.0
4180,3210240,0.0002037096774193548,501.4,0.73,1.643478,87.84,37823,-0.010591,0.019578,2.861933,0.004068,0.044159,0.580074,0.167403,0.509886,1.924894,1.902345,0.923758,0.954561,0.434356,0.0
4190,3217920,0.00020347926267281105,501.4,0.62,1.474373,100.03,37895,-0.010299,0.022607,2.833891,0.004852,0.057373,0.561422,0.222012,0.476506,1.892525,1.852095,0.959275,0.967298,0.59934,0.0
4200,3225600,0.00020324884792626726,501.4,0.69,1.64463,98.12,37973,-0.013604,0.021941,2.775959,0.005387,0.070221,0.438291,0.297324,0.246605,1.897439,1.825623,0.924868,0.949493,0.566311,0.0
4210,3233280,0.0002030184331797235,501.3,0.7,1.71011,78.96,38070,-0.013576,0.018517,2.806417,0.005608,0.067688,0.56259,0.2109,0.511056,1.90013,1.857549,0.839226,0.944317,0.398174,0.0
4220,3240960,0.0002027880184331797,501.3,0.75,1.716013,97.38,38145,-0.011275,0.00303,2.836605,0.004916,0.054962,0.796227,0.440608,0.757951,1.932886,1.862917,0.93598,0.969126,0.51099,0.0
4230,3248640,0.0002025576036866359,501.4,0.7,1.604082,84.06,38239,-0.011769,0.019233,2.848104,0.005088,0.061829,0.522388,0.405232,0.211144,1.865836,1.865894,0.94815,0.968236,0.435614,0.0
4240,3256320,0.00020232718894009217,501.4,0.79,1.810728,82.33,38328,-0.010388,0.014323,2.847509,0.003965,0.041351,0.625751,0.305136,0.521513,1.880068,1.857462,0.970656,0.984959,0.383865,0.0
4250,3264000,0.00020209677419354835,501.3,0.78,1.770367,76.55,38431,-0.012602,0.014247,2.806099,0.006074,0.080872,0.581099,0.410129,0.356937,1.832796,1.819071,0.931136,0.980493,0.350717,0.0
4260,3271680,0.0002018663594470046,501.4,0.79,1.743755,70.51,38538,-0.009152,0.011008,2.793866,0.003552,0.037811,0.713566,0.462146,0.479628,1.853105,1.833113,0.925186,0.96175,0.292411,0.0
4270,3279360,0.00020163594470046082,501.4,0.79,1.775992,75.12,38641,-0.010162,0.011231,2.795818,0.006087,0.081299,0.482715,0.406347,0.362871,1.828207,1.831011,0.932114,0.954712,0.32846,0.0
4280,3287040,0.00020140552995391703,501.4,0.84,1.836696,87.02,38725,-0.013238,0.0082,2.807783,0.005605,0.062653,0.564978,0.225474,0.476635,1.851061,1.851774,0.944093,0.955796,0.376476,0.0
4290,3294720,0.00020117511520737326,501.4,0.69,1.604963,92.4,38808,-0.012601,0.020089,2.859214,0.005753,0.075226,0.416896,0.273592,0.275801,1.832941,1.882338,0.953762,0.974568,0.44802,0.0
4300,3302400,0.00020094470046082947,501.4,0.73,1.725107,100.7,38881,-0.009473,0.011993,2.863756,0.005347,0.066864,0.596945,0.347834,0.404344,1.90737,1.894323,0.959498,0.961126,0.42772,0.0
4310,3310080,0.00020071428571428573,501.3,0.75,1.729376,92.74,38965,-0.011369,0.022672,2.879994,0.006552,0.085388,0.47347,0.31361,0.329283,1.861644,1.905091,0.965788,0.971092,0.627908,0.0
4320,3317760,0.0002004838709677419,501.3,0.73,1.713728,90.59,39052,-0.011143,0.014253,2.908989,0.005531,0.071991,0.68851,0.404529,0.489589,1.909423,1.915284,0.966176,0.981374,0.49599,0.0
4330,3325440,0.00020025345622119814,501.3,0.79,1.732598,78.66,39151,-0.010995,0.012481,2.869767,0.005099,0.060242,0.650747,0.552972,0.229069,1.941818,1.899931,0.947722,0.95762,0.574403,0.0
4340,3333120,0.00020002304147465438,501.3,0.74,1.682222,77.08,39248,-0.010366,0.008389,2.81163,0.004193,0.043701,0.682802,0.414324,0.617061,1.866288,1.835361,0.958455,0.96791,0.516037,0.0
4350,3340800,0.00019979262672811059,501.4,0.79,1.810294,85.49,39336,-0.01222,0.005,2.855395,0.005087,0.06308,0.831053,0.265613,0.805102,1.804972,1.874929,0.947882,0.974694,0.517329,0.0
4360,3348480,0.0001995622119815668,501.4,0.74,1.73069,86.83,39424,-0.011326,0.011958,2.847274,0.005659,0.074921,0.527388,0.518398,0.159538,1.838343,1.859341,0.963385,0.978977,0.471362,0.0
4370,3356160,0.00019933179723502303,501.4,0.72,1.70026,83.36,39518,-0.011767,0.012048,2.839764,0.00656,0.083801,0.592109,0.393929,0.426227,1.836559,1.853955,0.926556,0.976296,0.598884,0.0
4380,3363840,0.00019910138248847926,501.4,0.78,1.757715,88.67,39607,-0.01208,0.026067,2.857769,0.005228,0.065247,0.292935,0.238686,0.261623,1.88303,1.880906,0.949669,0.964978,0.652911,0.0
4390,3371520,0.00019887096774193544,501.4,0.75,1.738737,71.11,39713,-0.013267,0.019323,2.827613,0.005513,0.072601,0.445502,0.274207,0.364946,1.896171,1.88159,0.904524,0.937246,0.659586,0.0
4400,3379200,0.0001986405529953917,501.4,0.79,1.762665,76.2,39814,-0.011591,0.020206,2.864259,0.005034,0.059357,0.447486,0.259894,0.298645,1.847814,1.909373,0.900162,0.938446,0.61579,0.0
4410,3386880,0.0001984101382488479,501.3,0.77,1.742369,82.32,39904,-0.011595,0.021362,2.844321,0.004964,0.061768,0.419949,0.285784,0.231468,1.864067,1.89642,0.938091,0.944404,0.606198,0.0
4420,3394560,0.00019817972350230414,501.3,0.67,1.61505,76.54,40005,-0.010951,0.017041,2.848427,0.004927,0.056671,0.54635,0.407898,0.372759,1.903962,1.875831,0.970017,0.963878,0.511773,0.0
4430,3402240,0.00019794930875576035,501.3,0.75,1.749191,91.06,40085,-0.011207,0.016929,2.889963,0.005531,0.072571,0.420811,0.465628,-0.05193,1.930592,1.901614,0.976702,0.980115,0.624758,0.0
4440,3409920,0.00019771889400921656,501.3,0.8,1.791853,94.99,40162,-0.009923,0.008938,2.901678,0.004989,0.057129,0.557538,0.328619,0.40068,1.892863,1.902641,0.995833,0.996984,0.708547,0.0
4450,3417600,0.00019748847926267282,501.3,0.74,1.700743,102.58,40234,-0.011086,0.013448,2.911911,0.006742,0.095276,0.551855,0.490337,0.144565,1.943553,1.909758,0.991027,0.992795,0.480794,0.0
4460,3425280,0.000197258064516129,501.4,0.73,1.674746,112.68,40306,-0.011227,0.008261,2.862466,0.005325,0.067261,0.806275,0.488857,0.627735,1.828746,1.845408,1.010275,1.000453,0.647067,0.0
4470,3432960,0.00019702764976958526,501.4,0.72,1.690537,92.87,40393,-0.010798,0.007624,2.869313,0.004855,0.05777,0.662169,0.521847,0.449533,1.895258,1.862477,0.968995,0.986245,0.750536,0.0
4480,3440640,0.00019679723502304144,501.4,0.8,1.779848,85.43,40485,-0.010442,0.011135,2.85022,0.005154,0.062469,0.581974,0.441613,0.420487,1.897912,1.863472,0.968725,0.985688,0.682564,0.0
4490,3448320,0.00019656682027649767,501.4,0.81,1.799159,82.45,40573,-0.010993,0.029454,2.860206,0.004739,0.05365,0.226558,0.33588,0.036369,1.931226,1.880338,0.964242,0.975579,0.705841,0.0
4500,3456000,0.0001963364055299539,501.5,0.79,1.8177,96.95,40646,-0.010941,0.007107,2.840876,0.005451,0.061951,0.558329,0.407604,0.564006,1.965569,1.864819,0.947436,0.967962,0.725975,0.0
4510,3463680,0.00019610599078341012,501.5,0.71,1.706634,84.31,40738,-0.010224,0.026294,2.894902,0.004924,0.059296,0.319075,0.186278,0.252393,1.914768,1.909822,0.984912,0.98183,0.56752,0.0
4520,3471360,0.00019587557603686638,501.5,0.77,1.743868,90.81,40822,-0.009892,0.016335,2.909573,0.005131,0.061981,0.285173,0.255096,0.210064,1.923958,1.915171,0.986364,0.991647,0.321975,0.0
4530,3479040,0.00019564516129032256,501.5,0.74,1.705516,96.12,40898,-0.011183,0.014933,2.929273,0.005451,0.071594,0.583846,0.13648,0.564525,1.936291,1.922307,0.987517,1.006304,0.328615,0.0
4540,3486720,0.0001954147465437788,501.6,0.58,1.420511,106.3,40968,-0.010641,0.021079,2.906102,0.004892,0.054688,0.623064,0.376137,0.411129,1.920506,1.929828,0.967027,0.980004,0.430369,0.0
4550,3494400,0.00019518433179723497,501.6,0.49,1.327492,111.67,41037,-0.010359,0.022208,2.896197,0.004556,0.048126,0.469963,0.154836,0.406309,1.945246,1.928736,0.950482,0.968385,0.423359,0.0
4560,3502080,0.00019495391705069123,501.6,0.47,1.350956,96.56,41115,-0.011362,0.014054,2.89978,0.005419,0.06662,0.633651,0.204797,0.570245,1.950335,1.922814,0.946956,0.968829,0.367322,0.0
4570,3509760,0.00019472350230414744,501.6,0.66,1.583071,83.04,41208,-0.009923,0.022473,2.863628,0.00482,0.052856,0.300992,0.081078,0.440127,1.907413,1.896957,0.944616,0.967289,0.305313,0.0
4580,3517440,0.00019449308755760367,501.7,0.72,1.689218,81.8,41301,-0.012251,0.0241,2.834587,0.004693,0.051727,0.474831,0.227968,0.353704,1.830517,1.866012,0.941427,0.967846,0.29234,0.0
4590,3525120,0.00019426267281105988,501.7,0.81,1.815984,78.89,41398,-0.011369,0.027503,2.892208,0.005023,0.059692,0.491817,0.24462,0.350879,1.88567,1.911465,0.94684,0.978298,0.360302,0.0
4600,3532800,0.0001940322580645161,501.7,0.69,1.630866,74.5,41499,-0.010992,0.00657,2.857778,0.004775,0.050934,0.651636,0.390541,0.51412,1.88514,1.901889,0.895003,0.947211,0.268638,0.0
4610,3540480,0.00019380184331797235,501.7,0.8,1.753843,85.12,41588,-0.010525,0.022412,2.890999,0.004822,0.058655,0.530087,0.325592,0.308126,1.924618,1.915826,0.961219,0.973589,0.155276,0.0
4620,3548160,0.00019357142857142853,501.7,0.67,1.588915,105.8,41654,-0.009906,0.012694,2.87599,0.004786,0.053436,0.695049,0.271416,0.581924,1.847021,1.901819,0.970974,0.973351,0.200575,0.0
4630,3555840,0.0001933410138248848,501.8,0.65,1.61668,104.73,41731,-0.011291,0.009261,2.869752,0.004417,0.045197,0.607518,0.465522,0.419926,1.847836,1.888263,0.966873,0.98147,0.280663,0.0
4640,3563520,0.000193110599078341,501.8,0.7,1.666781,90.06,41821,-0.011362,0.015901,2.86617,0.005224,0.061401,0.517754,0.145886,0.546892,1.860545,1.895171,1.006284,0.965405,0.466008,0.0
4650,3571200,0.0001928801843317972,501.8,0.69,1.667138,88.95,41905,-0.013104,0.014087,2.894783,0.005685,0.071198,0.633528,0.344612,0.459072,1.918828,1.919119,0.987865,0.969972,0.384002,0.0
4660,3578880,0.00019264976958525344,501.9,0.73,1.685007,93.42,41980,-0.009849,0.012927,2.865245,0.00423,0.044067,0.701002,0.459386,0.463136,1.890824,1.893871,0.981352,0.965552,0.35291,0.0
4670,3586560,0.00019241935483870965,501.9,0.73,1.712791,94.66,42063,-0.011014,0.017037,2.843856,0.005543,0.06955,0.327541,0.180312,0.354341,1.913438,1.89146,0.990722,0.950721,0.3188,0.0
4680,3594240,0.0001921889400921659,501.9,0.64,1.582209,76.2,42164,-0.010155,0.022854,2.880424,0.00534,0.064941,0.487634,0.328153,0.269209,1.925318,1.886981,1.020176,0.976269,0.530385,0.0
4690,3601920,0.0001919585253456221,501.9,0.78,1.761287,77.11,42264,-0.011147,0.0154,2.845192,0.004141,0.041138,0.548012,0.244385,0.498365,1.844062,1.865499,1.005937,0.972096,0.592261,0.0
4700,3609600,0.00019172811059907832,502.0,0.76,1.734321,85.0,42354,-0.011338,0.026594,2.86825,0.005683,0.069885,0.4146,0.349268,0.15033,1.932914,1.905377,1.016357,0.970204,0.789176,0.0
4710,3617280,0.00019149769585253456,502.0,0.77,1.737595,100.28,42427,-0.012545,0.012634,2.893867,0.004878,0.055664,0.739899,0.456531,0.521981,1.973853,1.912836,0.97576,0.981002,0.448533,0.0
4720,3624960,0.00019126728110599076,502.0,0.69,1.66424,92.04,42513,-0.012102,0.026335,2.907009,0.005329,0.064026,0.433578,0.409507,0.052031,1.934144,1.904363,1.009336,0.99518,0.59667,0.0
4730,3632640,0.00019103686635944697,502.0,0.73,1.715272,82.01,42604,-0.011723,0.014613,2.884112,0.005176,0.062714,0.575521,0.465414,0.207422,1.857523,1.868042,1.010556,1.001633,0.578065,0.0
4740,3640320,0.0001908064516129032,502.1,0.79,1.797101,84.75,42698,-0.010185,0.01239,2.808103,0.004268,0.045746,0.70857,0.409229,0.522392,1.79542,1.812229,0.945666,0.981777,0.600973,0.0
4750,3648000,0.00019057603686635944,502.1,0.73,1.758259,68.89,42809,-0.01068,0.012751,2.868629,0.004891,0.055878,0.377828,0.210876,0.43387,1.854017,1.864485,1.011056,1.000318,0.587342,0.0
4760,3655680,0.00019034562211981565,502.1,0.75,1.726036,92.81,42880,-0.012689,0.012663,2.87578,0.005544,0.071747,0.635178,0.291096,0.540238,1.892634,1.874422,1.015634,0.998512,0.705734,0.0
4770,3663360,0.00019011520737327188,502.1,0.69,1.627308,98.06,42964,-0.01129,0.019518,2.855511,0.005286,0.059143,0.605561,0.244539,0.481627,1.924167,1.864866,1.00298,0.978346,0.483797,0.0
4780,3671040,0.0001898847926267281,502.2,0.66,1.623734,95.47,43045,-0.010932,0.034064,2.905803,0.004748,0.059387,0.09363,0.157868,0.03189,1.984513,1.924124,0.990404,0.981036,0.275023,0.0
4790,3678720,0.00018965437788018432,502.2,0.72,1.654936,91.21,43131,-0.012163,0.017824,2.872039,0.004868,0.057007,0.531225,0.359199,0.4118,1.888625,1.88329,0.997304,0.98219,0.526282,0.0
4800,3686400,0.00018942396313364053,502.2,0.79,1.76513,87.79,43214,-0.011756,0.014085,2.857832,0.005222,0.067902,0.643262,0.544318,0.24081,1.857203,1.877613,0.975562,0.978038,0.445252,0.0
4810,3694080,0.00018919354838709676,502.2,0.76,1.780829,77.06,43315,-0.012518,0.020237,2.844535,0.006015,0.083405,0.521176,0.32364,0.318203,1.873744,1.871931,0.986132,0.979173,0.318642,0.0
4820,3701760,0.000188963133640553,502.2,0.78,1.747471,73.16,43421,-0.011498,0.023599,2.882511,0.005814,0.072235,0.523284,0.32402,0.313661,1.819906,1.893916,0.997727,0.982269,0.55011,0.0
4830,3709440,0.00018873271889400918,502.3,0.84,1.862305,80.05,43512,-0.011103,0.011526,2.86647,0.00567,0.069794,0.584278,0.59162,0.089121,1.842585,1.880103,0.924246,0.984929,0.580489,0.0
4840,3717120,0.00018850230414746544,502.3,0.79,1.752146,71.64,43621,-0.012046,0.022723,2.852355,0.005415,0.064545,0.507499,0.306396,0.330257,1.859782,1.88009,0.961614,0.970502,0.493193,0.0
4850,3724800,0.00018827188940092165,502.3,0.77,1.748423,70.71,43730,-0.01125,0.009418,2.835749,0.004647,0.048676,0.796193,0.685073,0.35888,1.772587,1.86631,1.001189,0.967193,0.5153,0.0
4860,3732480,0.00018804147465437788,502.3,0.8,1.792614,71.61,43837,-0.010215,0.021087,2.85264,0.004494,0.049835,0.482397,0.4343,0.139883,1.819167,1.867916,1.001494,0.971363,0.714274,0.0
4870,3740160,0.00018781105990783409,502.4,0.81,1.810761,74.71,43938,-0.010974,0.00999,2.833911,0.004723,0.059937,0.663134,0.242627,0.616513,1.817914,1.856897,1.024155,0.968579,0.675798,0.0
4880,3747840,0.0001875806451612903,502.4,0.77,1.743137,82.89,44028,-0.009544,0.010306,2.856099,0.004749,0.051758,0.683835,0.588406,0.281555,1.83161,1.876141,1.00153,0.970704,0.602468,0.0
4890,3755520,0.00018735023041474655,502.4,0.78,1.779215,95.45,44109,-0.010076,0.00823,2.874553,0.004466,0.047241,0.704738,0.489809,0.513188,1.840793,1.881108,1.020821,0.984217,0.550974,0.0
4900,3763200,0.00018711981566820273,502.5,0.84,1.835977,91.61,44188,-0.009092,0.012586,2.869076,0.005021,0.06073,0.487032,0.506012,0.014151,1.832064,1.874115,1.009341,0.990451,0.625773,0.0
4910,3770880,0.000186889400921659,502.4,0.77,1.752297,85.61,44278,-0.010378,0.005859,2.8743,0.00481,0.054321,0.731449,0.161153,0.761835,1.877593,1.874572,1.033182,0.98684,0.751067,0.0
4920,3778560,0.00018665898617511518,502.5,0.81,1.773849,88.13,44367,-0.010593,0.011689,2.909715,0.004494,0.044861,0.611131,0.18433,0.574675,1.908751,1.89896,1.016009,0.996369,0.62967,0.0
4930,3786240,0.0001864285714285714,502.5,0.77,1.76003,94.21,44445,-0.011683,0.026894,2.898258,0.005816,0.075928,0.458388,0.323609,0.258248,1.907611,1.87974,0.994929,0.999358,0.787717,0.0
4940,3793920,0.00018619815668202764,502.5,0.8,1.788095,98.25,44523,-0.009668,0.012758,2.884405,0.006055,0.077454,0.582482,0.581369,0.024566,1.89637,1.891685,1.01788,0.984143,0.71888,0.0
4950,3801600,0.00018596774193548385,502.6,0.8,1.810137,85.23,44615,-0.011049,0.017432,2.862207,0.004778,0.056427,0.432114,0.236938,0.350652,1.851317,1.893913,1.015552,0.96517,0.493723,0.0
4960,3809280,0.00018573732718894009,502.6,0.83,1.876371,87.1,44702,-0.011606,0.00674,2.906876,0.004538,0.05304,0.762974,0.558117,0.501197,1.867106,1.894797,1.024963,0.998322,0.732398,0.0
4970,3816960,0.0001855069124423963,502.6,0.85,1.85905,93.96,44781,-0.010488,0.003997,2.889564,0.004246,0.04718,0.881441,0.728732,0.564811,1.906892,1.890395,1.002246,0.988289,0.644955,0.0
4980,3824640,0.00018527649769585253,502.7,0.72,1.667459,99.45,44858,-0.010052,0.013488,2.857248,0.005866,0.073853,0.526155,0.447797,0.173638,1.870232,1.863871,1.000264,0.991274,0.814897,0.0
4990,3832320,0.0001850460829493087,502.7,0.82,1.835989,110.12,44924,-0.011092,0.001633,2.76911,0.004937,0.05838,0.827555,0.676556,0.764645,1.770781,1.77715,0.988138,0.983139,0.738354,0.0
5000,3840000,0.00018481566820276497,502.7,0.71,1.65849,73.2,45027,-0.009473,0.012367,2.797773,0.004842,0.057281,0.506754,0.459046,0.254403,1.792323,1.818499,1.01077,0.969984,0.554382,0.0
5010,3847680,0.00018458525345622118,502.6,0.79,1.789496,86.33,45115,-0.011351,0.001738,2.780566,0.005103,0.061523,0.907812,0.695885,0.763167,1.77973,1.789945,0.977406,0.977666,0.649677,0.0
5020,3855360,0.0001843548387096774,502.6,0.86,1.899093,94.56,45198,-0.009163,0.013571,2.782719,0.004709,0.050293,0.526596,0.59305,-0.125062,1.744478,1.798972,0.94392,0.973225,0.753088,0.0
5030,3863040,0.00018412442396313364,502.6,0.77,1.791409,91.61,45281,-0.012155,0.013709,2.812577,0.00564,0.073029,0.701936,0.514648,0.411925,1.778099,1.809499,1.006824,0.993731,0.716223,0.0
5040,3870720,0.00018389400921658982,502.6,0.8,1.813221,100.74,45355,-0.010608,0.016251,2.825157,0.004074,0.041809,0.470373,0.370898,0.17207,1.819104,1.828096,1.00987,0.987482,0.576206,0.0
5050,3878400,0.00018366359447004609,502.7,0.6,1.509206,112.33,45421,-0.009676,0.019568,2.897882,0.004484,0.047363,0.708555,0.370236,0.537599,1.918288,1.884773,0.966397,0.997518,0.666666,0.0
5060,3886080,0.00018343317972350227,502.7,0.58,1.475357,112.47,45494,-0.011665,0.024664,2.897496,0.006923,0.095306,0.450695,0.51718,-0.132217,1.909662,1.895972,0.964713,0.997928,0.693314,0.0
5070,3893760,0.00018320276497695853,502.7,0.72,1.670539,102.8,45567,-0.011607,0.0192,2.899505,0.005624,0.07016,0.458754,0.329323,0.214016,1.927175,1.89887,1.012382,0.990295,0.707266,0.0
5080,3901440,0.00018297235023041473,502.7,0.7,1.639107,106.47,45638,-0.009683,0.014347,2.855563,0.003972,0.040375,0.589516,0.256504,0.526097,1.883024,1.872998,1.017199,0.976097,0.701359,0.0
5090,3909120,0.00018274193548387094,502.7,0.82,1.818839,98.48,45719,-0.010951,0.015716,2.811203,0.004314,0.051758,0.555238,0.419258,0.264367,1.860117,1.834106,0.996932,0.979253,0.660925,0.0
5100,3916800,0.00018251152073732718,502.7,0.75,1.744329,96.75,45800,-0.010942,0.038956,2.824324,0.005254,0.064362,0.361245,0.358386,0.004457,1.876192,1.847177,0.997123,0.966887,0.684409,0.0
5110,3924480,0.00018228110599078338,502.7,0.69,1.622692,87.09,45883,-0.010165,0.025779,2.848509,0.004946,0.05481,0.334377,0.156957,0.302399,1.85493,1.891192,0.989928,0.958747,0.611473,0.0
5120,3932160,0.00018205069124423964,502.7,0.62,1.562328,98.95,45958,-0.011228,0.018232,2.88412,0.005912,0.076111,0.592479,0.348185,0.375293,1.954587,1.894199,0.949385,0.97807,0.696035,0.0
5130,3939840,0.00018182027649769582,502.7,0.63,1.537933,106.75,46030,-0.011366,0.007728,2.841731,0.005484,0.069885,0.556007,0.229543,0.600779,1.938886,1.877732,0.976159,0.957219,0.83435,0.0
5140,3947520,0.00018158986175115206,502.7,0.64,1.553312,109.79,46097,-0.011473,0.009581,2.839524,0.005574,0.070587,0.597183,0.167722,0.684047,1.925374,1.883026,1.009917,0.940523,0.764687,0.0
5150,3955200,0.0001813594470046083,502.7,0.71,1.635226,95.88,46181,-0.011136,0.006298,2.815068,0.004782,0.059143,0.653054,0.248231,0.732153,1.910432,1.864419,1.01466,0.93799,0.711323,0.0
5160,3962880,0.0001811290322580645,502.7,0.75,1.728319,91.62,46265,-0.012343,0.016723,2.808355,0.005532,0.070831,0.666664,0.406197,0.466148,1.938505,1.842223,0.993895,0.956629,0.694991,0.0
5170,3970560,0.0001808986175115207,502.7,0.77,1.755204,87.14,46351,-0.011021,0.017683,2.818438,0.006143,0.080658,0.604997,0.556536,0.111461,1.848074,1.828199,0.998416,0.97148,0.649285,0.0
5180,3978240,0.00018066820276497694,502.7,0.72,1.660787,79.99,46450,-0.010701,0.012174,2.808782,0.005037,0.058258,0.726377,0.338374,0.624277,1.905053,1.839241,0.984022,0.960994,0.576233,0.0
5190,3985920,0.00018043778801843317,502.7,0.72,1.71567,92.59,46529,-0.008666,0.011896,2.893738,0.004921,0.055237,0.684046,0.482384,0.404482,1.952328,1.886068,1.022858,0.983859,0.435763,0.0
5200,3993600,0.00018020737327188935,502.7,0.83,1.863819,99.31,46607,-0.011468,0.01475,2.901254,0.00488,0.063049,0.659328,0.397607,0.447492,1.969312,1.894505,0.988381,0.989301,0.511633,0.0
5210,4001280,0.00017997695852534562,502.7,0.78,1.794917,95.52,46686,-0.012652,0.026201,2.914333,0.005277,0.064453,0.54658,0.332469,0.331264,1.970691,1.902364,0.999884,0.995797,0.602477,0.0
5220,4008960,0.00017974654377880182,502.7,0.66,1.606257,98.96,46760,-0.010622,0.026399,2.955136,0.006178,0.080444,0.475447,0.41597,0.110746,1.985579,1.951185,1.000771,0.998724,0.683294,0.0
5230,4016640,0.00017951612903225806,502.7,0.59,1.470413,104.68,46827,-0.009961,0.024456,2.90418,0.004761,0.053284,0.47547,0.278289,0.306331,1.912232,1.927564,0.994394,0.972137,0.637557,0.0
5240,4024320,0.00017928571428571426,502.7,0.63,1.538828,106.62,46901,-0.0116,0.018413,2.882514,0.004839,0.059387,0.385446,0.176555,0.47605,1.940215,1.906616,1.006347,0.972318,0.785767,0.0
5250,4032000,0.00017905529953917047,502.7,0.76,1.717265,99.46,46969,-0.009957,0.010805,2.902941,0.005241,0.063263,0.691923,0.316655,0.58271,1.859717,1.891161,1.00008,1.004428,0.696754,0.0
5260,4039680,0.00017882488479262673,502.7,0.85,1.88955,101.15,47051,-0.009879,0.013228,2.890771,0.004609,0.050171,0.597394,0.63215,0.000424,1.873269,1.888437,1.008697,0.995797,0.629489,0.0
5270,4047360,0.0001785944700460829,502.7,0.78,1.780724,85.3,47143,-0.010932,0.01114,2.843939,0.004612,0.053131,0.639634,0.253768,0.637571,1.779458,1.839884,1.01036,0.998883,0.702973,0.0
5280,4055040,0.00017836405529953917,502.7,0.8,1.849953,104.16,47217,-0.010982,0.004363,2.891885,0.005199,0.064209,0.685869,0.613109,0.465685,1.925373,1.895316,0.997959,0.993567,0.561973,0.0
5290,4062720,0.00017813364055299538,502.7,0.74,1.72383,97.55,47297,-0.01027,0.00602,2.884827,0.004823,0.051819,0.695967,0.650421,0.212503,1.942755,1.905454,1.011636,0.975802,0.461128,0.0
5300,4070400,0.0001779032258064516,502.7,0.73,1.715818,113.9,47364,-0.011029,0.016031,2.87946,0.005339,0.067139,0.418261,0.233205,0.38388,1.943001,1.889773,1.009164,0.982644,0.580158,0.0
5310,4078080,0.00017767281105990782,502.7,0.71,1.651377,122.41,47420,-0.010789,0.018269,2.871318,0.004515,0.053406,0.492611,0.421037,0.168292,1.894698,1.872016,1.009629,0.986619,0.518302,0.0
5320,4085760,0.00017744239631336403,502.7,0.72,1.682456,118.56,47489,-0.010808,0.017028,2.871814,0.004899,0.055939,0.661298,0.340249,0.502709,1.88352,1.871647,1.00917,0.996885,0.4991,0.0
5330,4093440,0.0001772119815668203,502.7,0.67,1.594887,102.19,47567,-0.009554,0.01487,2.82491,0.004203,0.042816,0.615131,0.39322,0.395107,1.799346,1.829923,1.014881,0.995389,0.342645,0.0
5340,4101120,0.00017698156682027647,502.8,0.78,1.771435,96.22,47648,-0.009917,0.003692,2.844221,0.004635,0.051544,0.829863,0.635348,0.618411,1.809127,1.840227,1.012435,0.994548,0.458217,0.0
5350,4108800,0.0001767511520737327,502.8,0.72,1.680446,100.9,47727,-0.011268,0.019753,2.879819,0.004307,0.048431,0.39408,0.323847,0.201065,1.91331,1.893653,1.011358,0.981069,0.547962,0.0
5360,4116480,0.00017652073732718894,502.8,0.71,1.68984,101.65,47800,-0.011809,0.021216,2.901126,0.005015,0.059601,0.466398,0.15571,0.443592,1.90686,1.918569,1.017452,0.975771,0.685642,0.0
5370,4124160,0.00017629032258064515,502.8,0.69,1.640473,94.26,47880,-0.010598,0.005575,2.873603,0.004985,0.05484,0.659204,0.468397,0.538695,1.849395,1.868501,1.033859,0.997374,0.715834,0.0
5380,4131840,0.00017605990783410135,502.8,0.76,1.757959,97.66,47956,-0.009743,0.010175,2.88712,0.005134,0.060181,0.308005,0.129166,0.591817,1.839179,1.869025,1.023283,1.005032,0.774938,0.0
5390,4139520,0.0001758294930875576,502.8,0.71,1.693736,93.54,48041,-0.011308,0.023732,2.860372,0.004316,0.04834,0.592193,0.195786,0.516094,1.905388,1.856918,0.975695,0.99389,0.607821,0.0
5400,4147200,0.00017559907834101382,502.8,0.72,1.667856,85.29,48125,-0.010398,0.00599,2.863744,0.004675,0.052429,0.715001,0.567993,0.416491,1.838912,1.858625,1.003691,0.983905,0.715243,0.0
5410,4154880,0.00017536866359447003,502.8,0.69,1.657218,104.98,48197,-0.009777,0.009954,2.871621,0.004902,0.055969,0.599611,0.275078,0.480207,1.804155,1.866355,0.996731,0.992663,0.715167,0.0
5420,4162560,0.00017513824884792626,502.7,0.7,1.618838,102.87,48273,-0.010114,0.01231,2.845688,0.004846,0.051758,0.741236,0.28405,0.657375,1.82268,1.854083,1.004357,0.97768,0.656547,0.0
5430,4170240,0.00017490783410138244,502.8,0.54,1.418787,97.16,48351,-0.011719,0.015543,2.857552,0.004487,0.053894,0.734403,0.369722,0.58267,1.846586,1.874883,0.988629,0.976344,0.75377,0.0
5440,4177920,0.0001746774193548387,502.8,0.52,1.394034,102.79,48420,-0.009897,0.01764,2.871144,0.003985,0.0466,0.589072,0.310899,0.413203,1.882053,1.889672,0.981153,0.971667,0.661572,0.0
5450,4185600,0.0001744470046082949,502.8,0.58,1.482611,101.65,48500,-0.009694,0.014443,2.830288,0.003539,0.035156,0.649824,0.254308,0.543339,1.834357,1.85603,0.977534,0.966462,0.786911,0.0
5460,4193280,0.00017421658986175115,502.8,0.79,1.791415,103.85,48579,-0.009896,0.007257,2.774624,0.004189,0.047485,0.734211,0.216966,0.72414,1.830474,1.831768,0.918456,0.947595,0.67852,0.0
5470,4200960,0.00017398617511520738,502.8,0.74,1.680104,88.37,48665,-0.009657,0.005543,2.85277,0.00401,0.040161,0.577288,0.266562,0.606674,1.859667,1.871196,0.997556,0.970065,0.659578,0.0
5480,4208640,0.00017375576036866356,502.8,0.64,1.514994,96.93,48742,-0.009516,0.014567,2.851626,0.00461,0.053101,0.722017,0.154931,0.671494,1.88763,1.872613,0.968014,0.959037,0.705005,0.0
5490,4216320,0.00017352534562211982,502.8,0.52,1.322406,110.82,48811,-0.009795,0.021414,2.797947,0.004583,0.051331,0.463509,0.123571,0.486546,1.793565,1.845397,0.970329,0.945735,0.730957,0.0
5500,4224000,0.000173294930875576,502.8,0.63,1.540267,90.79,48896,-0.011416,0.011703,2.806558,0.005219,0.065033,0.798899,0.157643,0.778082,1.808447,1.844294,0.940483,0.950986,0.702506,0.0
5510,4231680,0.00017306451612903226,502.8,0.71,1.691955,96.2,48977,-0.012785,0.007335,2.829548,0.005241,0.064789,0.591669,0.19685,0.617275,1.839758,1.857885,0.962177,0.96535,0.717062,0.0
5520,4239360,0.00017283410138248847,502.8,0.71,1.661991,81.69,49072,-0.012077,0.018255,2.828009,0.004519,0.054626,0.694868,0.39247,0.519947,1.875478,1.863143,0.969567,0.963896,0.641333,0.0
5530,4247040,0.00017260368663594468,502.8,0.7,1.655496,97.37,49143,-0.011289,0.005614,2.844895,0.005851,0.079376,0.671929,0.652911,0.207927,1.842494,1.873748,0.972088,0.969938,0.455193,0.0
5540,4254720,0.0001723732718894009,502.8,0.68,1.629835,90.39,49232,-0.010344,0.015341,2.807967,0.00472,0.055481,0.572459,0.299931,0.450949,1.820371,1.84709,0.971695,0.952595,0.466664,0.0
5550,4262400,0.00017214285714285712,502.8,0.76,1.7362,95.17,49313,-0.010763,0.009891,2.802692,0.005426,0.066345,0.540197,0.278154,0.45639,1.83221,1.837859,1.012091,0.961385,0.472023,0.0
5560,4270080,0.00017191244239631335,502.8,0.77,1.794761,99.19,49384,-0.01132,0.021678,2.780082,0.005882,0.077789,0.573005,0.307071,0.410592,1.819394,1.836491,0.981138,0.944951,0.402378,0.0
5570,4277760,0.00017168202764976956,502.8,0.73,1.683626,90.29,49474,-0.01266,0.025679,2.788594,0.00499,0.057617,0.543324,0.349318,0.306212,1.790403,1.840331,0.978872,0.944366,0.621665,0.0
5580,4285440,0.0001714516129032258,502.8,0.77,1.778356,86.79,49560,-0.010598,0.015981,2.78607,0.00524,0.065613,0.592805,0.31003,0.469732,1.845459,1.851822,0.957418,0.93551,0.45767,0.0
5590,4293120,0.00017122119815668203,502.9,0.75,1.741315,106.26,49629,-0.010169,0.005789,2.802062,0.003995,0.04361,0.681549,0.443958,0.596015,1.868225,1.854153,0.99701,0.942146,0.473418,0.0
5600,4300800,0.00017099078341013823,502.9,0.67,1.624418,115.74,49697,-0.011434,0.014528,2.822374,0.005515,0.068024,0.491446,0.375321,0.246019,1.867407,1.866878,0.995746,0.951457,0.442026,0.0
5610,4308480,0.00017076036866359444,502.9,0.79,1.788512,104.64,49773,-0.011272,0.003215,2.789512,0.005242,0.066345,0.811845,0.722627,0.476438,1.841431,1.835841,0.95176,0.942092,0.511596,0.0
5620,4316160,0.00017052995391705068,502.9,0.78,1.785008,81.63,49871,-0.009719,0.011207,2.8041,0.00474,0.056854,0.513979,0.437002,0.271599,1.868635,1.841222,0.943206,0.9582,0.532139,0.0
5630,4323840,0.0001702995391705069,502.9,0.72,1.704211,91.03,49956,-0.01163,0.007026,2.842413,0.005354,0.063873,0.577093,0.438382,0.515692,1.858208,1.867189,0.94713,0.971703,0.538201,0.0
5640,4331520,0.0001700691244239631,502.9,0.71,1.697931,98.41,50032,-0.012278,0.012701,2.835401,0.004841,0.061279,0.67756,0.163157,0.673022,1.851184,1.846346,1.004025,0.978086,0.671096,0.0
5650,4339200,0.00016983870967741935,503.0,0.7,1.664769,102.87,50109,-0.010737,0.02233,2.820228,0.004635,0.052673,0.343469,0.266158,0.143418,1.800452,1.831997,0.9816,0.980128,0.645928,0.0
5660,4346880,0.00016960829493087556,503.0,0.73,1.675556,94.17,50186,-0.010848,0.007474,2.788532,0.004233,0.043579,0.631862,0.584848,0.125191,1.787768,1.812823,0.996301,0.968928,0.64373,0.0
5670,4354560,0.0001693778801843318,503.0,0.77,1.751742,86.9,50278,-0.009669,0.008647,2.843788,0.00459,0.051941,0.656625,0.424389,0.415654,1.859698,1.857356,0.991084,0.978623,0.716677,0.0
5680,4362240,0.000169147465437788,503.0,0.77,1.777041,97.2,50360,-0.010604,0.015377,2.806513,0.004468,0.045502,0.63561,0.369203,0.4521,1.872615,1.831623,0.985192,0.966615,0.55194,0.0
5690,4369920,0.0001689170506912442,503.1,0.69,1.649251,81.05,50453,-0.01013,0.004106,2.792929,0.004058,0.041687,0.780648,0.561956,0.647069,1.885266,1.811316,0.963437,0.969277,0.613882,0.0
5700,4377600,0.00016868663594470047,503.1,0.74,1.724182,80.45,50548,-0.010623,0.016706,2.780673,0.004563,0.049408,0.431264,0.21372,0.399316,1.859126,1.804276,0.959509,0.967529,0.529708,0.0
5710,4385280,0.00016845622119815665,503.1,0.8,1.810411,87.72,50636,-0.01075,0.028707,2.799103,0.00476,0.051514,0.402925,0.156471,0.373627,1.885012,1.822805,0.987914,0.965636,0.589337,0.0
5720,4392960,0.0001682258064516129,503.1,0.71,1.660864,77.45,50735,-0.010275,0.021986,2.830809,0.004632,0.054443,0.149113,0.254845,0.002202,1.844817,1.85862,0.987788,0.966093,0.582445,0.0
5730,4400640,0.00016799539170506912,503.1,0.75,1.730794,97.53,50812,-0.011474,0.026351,2.808179,0.004974,0.057526,0.314858,0.223462,0.160679,1.865466,1.823796,0.965631,0.97087,0.682456,0.0
5740,4408320,0.00016776497695852532,503.1,0.73,1.721567,99.93,50891,-0.008265,0.010177,2.786805,0.003779,0.034149,0.605024,0.455848,0.451543,1.903613,1.814487,0.973247,0.969773,0.612751,0.0
5750,4416000,0.00016753456221198156,503.2,0.77,1.72695,89.79,50974,-0.011057,0.004931,2.813978,0.005053,0.059479,0.724835,0.302203,0.726895,1.920512,1.840574,0.951659,0.963922,0.681941,0.0
5760,4423680,0.00016730414746543777,503.2,0.75,1.717852,85.87,51064,-0.011213,0.012415,2.823998,0.004738,0.053864,0.254938,0.139583,0.410735,1.915043,1.864937,0.914221,0.957329,0.735833,0.0
5770,4431360,0.00016707373271889403,503.2,0.65,1.552143,81.24,51159,-0.009651,0.030691,2.82606,0.004168,0.043274,0.528699,0.31392,0.315051,1.902212,1.850966,0.906617,0.966663,0.737223,0.0
5780,4439040,0.0001668433179723502,503.2,0.73,1.672381,87.12,51247,-0.008515,0.011015,2.802418,0.0038,0.03656,0.723787,0.478493,0.530918,1.848218,1.836443,0.967814,0.955904,0.674952,0.0
5790,4446720,0.00016661290322580644,503.3,0.81,1.775451,85.51,51337,-0.010291,0.003044,2.76579,0.004031,0.039032,0.813709,0.584963,0.684777,1.886389,1.835922,0.96942,0.925272,0.630425,0.0
5800,4454400,0.00016638248847926268,503.3,0.63,1.558255,83.87,51427,-0.010993,0.017015,2.787105,0.00528,0.067261,0.585565,0.317641,0.401893,1.885614,1.863917,0.900412,0.917424,0.585384,0.0
5810,4462080,0.00016615207373271888,503.3,0.65,1.596588,71.94,51535,-0.009781,0.016585,2.807036,0.00469,0.056702,0.553314,0.120395,0.661202,1.879517,1.883904,0.934247,0.93348,0.549579,0.0
5820,4469760,0.0001659216589861751,503.3,0.72,1.693494,77.07,51634,-0.010198,0.018209,2.862238,0.00467,0.054565,0.412441,0.274641,0.286308,1.879332,1.921268,0.926583,0.933499,0.531632,0.0
5830,4477440,0.00016569124423963132,503.3,0.57,1.527313,85.28,51726,-0.011031,0.020344,2.839715,0.004479,0.052979,0.601274,0.141046,0.573038,1.943508,1.913862,0.912685,0.91313,0.373352,0.0
5840,4485120,0.00016546082949308756,503.3,0.64,1.569982,80.91,51819,-0.010424,0.017971,2.849978,0.004011,0.043182,0.317485,0.146031,0.321264,1.916766,1.903465,0.924435,0.937082,0.646822,0.0
5850,4492800,0.00016523041474654374,503.4,0.74,1.712245,84.21,51911,-0.010983,0.013664,2.862703,0.00526,0.063782,0.538687,0.260279,0.521576,1.899278,1.927326,0.95612,0.937096,0.50658,0.0
5860,4500480,0.000165,503.4,0.72,1.698473,89.14,51992,-0.010636,0.019417,2.861009,0.005547,0.065308,0.333882,0.238478,0.200181,1.936175,1.899204,0.975993,0.954727,0.664421,0.0
5870,4508160,0.00016476958525345618,503.4,0.77,1.72895,97.41,52074,-0.010356,0.014338,2.849384,0.004835,0.051086,0.55652,0.27657,0.426118,1.937979,1.870788,0.988811,0.966375,0.585086,0.0
5880,4515840,0.00016453917050691244,503.4,0.81,1.791145,75.86,52171,-0.011898,0.015277,2.87791,0.005043,0.061768,0.574763,0.425893,0.293519,1.904595,1.906246,0.973123,0.959988,0.644364,0.0
5890,4523520,0.00016430875576036865,503.4,0.75,1.716365,96.37,52248,-0.011809,0.010669,2.887836,0.005389,0.06839,0.634001,0.5015,0.300377,1.934261,1.915402,0.973054,0.96765,0.670906,0.0
5900,4531200,0.00016407834101382485,503.5,0.78,1.771911,83.72,52342,-0.009688,0.008517,2.869529,0.0042,0.046722,0.418143,0.244751,0.446417,1.927022,1.882965,0.962804,0.976295,0.58782,0.0
5910,4538880,0.00016384792626728112,503.4,0.78,1.787435,92.97,52418,-0.011774,0.006635,2.868002,0.005366,0.064758,0.779593,0.450401,0.715944,1.910591,1.87946,0.992283,0.972116,0.554795,0.0
5920,4546560,0.0001636175115207373,503.5,0.78,1.738089,90.72,52503,-0.010838,0.004241,2.846146,0.005109,0.06015,0.736573,0.64305,0.494725,1.856824,1.854493,0.977751,0.973054,0.723022,0.0
5930,4554240,0.00016338709677419356,503.5,0.85,1.895376,109.63,52571,-0.009564,0.021296,2.777719,0.004955,0.054779,0.569389,0.31933,0.367466,1.835814,1.821702,0.965861,0.942874,0.740946,0.0
5940,4561920,0.00016315668202764974,503.5,0.77,1.751084,97.23,52652,-0.010938,0.020143,2.839179,0.004496,0.050354,0.288791,0.265594,0.109312,1.83917,1.868048,0.945832,0.958306,0.575205,0.0
5950,4569600,0.00016292626728110597,503.5,0.84,1.891648,83.63,52748,-0.008239,0.008653,2.763213,0.003569,0.034241,0.673609,0.235883,0.668994,1.833403,1.82172,0.93838,0.933265,0.525246,0.0
5960,4577280,0.0001626958525345622,503.5,0.7,1.624309,76.6,52848,-0.00952,0.013695,2.77892,0.003756,0.037567,0.622014,0.422271,0.403973,1.823172,1.809609,0.91872,0.956138,0.651142,0.0
5970,4584960,0.0001624654377880184,503.6,0.66,1.573805,92.14,52932,-0.009502,0.013763,2.767555,0.004989,0.058563,0.667597,0.224501,0.610729,1.864934,1.812168,0.894783,0.959257,0.59611,0.0
5980,4592640,0.00016223502304147462,503.6,0.7,1.641471,88.95,53017,-0.009926,0.011046,2.73756,0.004551,0.050385,0.631337,0.457557,0.357226,1.831089,1.793088,0.91774,0.930033,0.623092,0.0
5990,4600320,0.00016200460829493085,503.6,0.74,1.758274,98.3,53095,-0.010001,0.004969,2.702133,0.004374,0.049438,0.78822,0.535383,0.635633,1.690191,1.722919,0.957625,0.956472,0.673234,0.0
6000,4608000,0.0001617741935483871,503.6,0.68,1.631424,93.81,53180,-0.009793,0.012236,2.66655,0.004325,0.048584,0.678243,0.364376,0.523452,1.734556,1.730132,0.922046,0.923714,0.565314,0.0
6010,4615680,0.0001615437788018433,503.6,0.68,1.616003,87.87,53269,-0.009952,0.013065,2.72346,0.003982,0.046082,0.576322,0.531143,0.187772,1.823897,1.787575,0.959373,0.932433,0.714399,0.0
6020,4623360,0.00016131336405529953,503.6,0.7,1.65048,78.23,53365,-0.010906,0.020175,2.752697,0.004198,0.047058,0.48088,0.269048,0.355644,1.791577,1.803607,0.941845,0.945635,0.634269,0.0
6030,4631040,0.00016108294930875574,503.6,0.7,1.675388,89.52,53451,-0.010732,0.017359,2.764278,0.004389,0.051483,0.675183,0.212706,0.596089,1.843288,1.810002,0.973445,0.954658,0.687269,0.0
6040,4638720,0.00016085253456221197,503.7,0.72,1.694713,88.81,53538,-0.01084,0.018813,2.807341,0.005221,0.065521,0.576159,0.262338,0.446868,1.786653,1.826335,0.961433,0.96314,0.670196,0.0
6050,4646400,0.00016062211981566818,503.7,0.71,1.636545,77.35,53635,-0.010237,0.020921,2.712909,0.004108,0.040405,0.47475,0.301009,0.333665,1.758324,1.751414,0.933399,0.955691,0.606013,0.0
6060,4654080,0.0001603917050691244,503.7,0.83,1.848739,76.09,53738,-0.009512,0.017413,2.760327,0.004513,0.050934,0.513774,0.300144,0.448256,1.762579,1.780838,0.978382,0.970824,0.668016,0.0
6070,4661760,0.00016016129032258065,503.7,0.77,1.75724,79.71,53830,-0.010982,0.033409,2.763669,0.004646,0.053345,0.473195,0.252664,0.35621,1.82224,1.799693,0.968426,0.96039,0.680555,0.0
6080,4669440,0.00015993087557603683,503.7,0.84,1.846289,77.22,53930,-0.00976,0.0065,2.798018,0.00405,0.043182,0.605394,0.247314,0.649508,1.792044,1.821162,0.962718,0.975987,0.564825,0.0
6090,4677120,0.0001597004608294931,503.8,0.82,1.809013,82.05,54023,-0.009675,0.008714,2.827534,0.005157,0.064728,0.579501,0.420461,0.448032,1.877969,1.844082,0.981835,0.97863,0.608148,0.0
6100,4684800,0.0001594700460829493,503.8,0.81,1.821519,81.47,54114,-0.009163,0.011461,2.87137,0.004783,0.054108,0.464836,0.397954,0.159013,1.878969,1.883936,0.958915,0.976293,0.662203,0.0
6110,4692480,0.0001592396313364055,503.7,0.79,1.776389,97.54,54188,-0.009937,0.019769,2.850779,0.004534,0.050964,0.627137,0.321977,0.510043,1.893805,1.869069,0.972298,0.974777,0.708899,0.0
6120,4700160,0.00015900921658986174,503.8,0.76,1.718994,92.81,54273,-0.009227,0.010283,2.868714,0.004004,0.042023,0.715858,0.545495,0.411746,1.890036,1.886514,0.935482,0.974456,0.683172,0.0
6130,4707840,0.00015877880184331794,503.8,0.58,1.53556,98.11,54352,-0.011722,0.013407,2.894949,0.004971,0.057709,0.623141,0.177434,0.574041,1.927905,1.914047,0.959525,0.978131,0.568371,0.0
6140,4715520,0.0001585483870967742,503.8,0.72,1.674647,97.73,54431,-0.01097,0.013072,2.894395,0.005011,0.060242,0.593312,0.308851,0.468367,1.893856,1.892977,0.980193,0.986877,0.73727,0.0
6150,4723200,0.00015831797235023038,503.8,0.79,1.763863,89.5,54517,-0.009413,0.026464,2.872729,0.003805,0.040588,0.510364,0.367625,0.247743,1.919101,1.88868,0.963125,0.978771,0.662868,0.0
6160,4730880,0.00015808755760368662,503.9,0.7,1.664944,104.52,54586,-0.010162,0.009497,2.908756,0.004543,0.051147,0.699991,0.274838,0.604663,1.903712,1.918298,0.953976,0.984591,0.694154,0.0
6170,4738560,0.00015785714285714285,503.9,0.68,1.594554,120.58,54650,-0.010228,0.00601,2.868435,0.004652,0.055359,0.58712,0.345986,0.702782,1.899849,1.897809,0.998822,0.96639,0.5297,0.0
6180,4746240,0.00015762672811059906,503.9,0.7,1.636299,91.59,54739,-0.009823,0.014683,2.813264,0.004603,0.055237,0.570319,0.156763,0.618229,1.793522,1.836803,0.983331,0.967773,0.538349,0.0
6190,4753920,0.0001573963133640553,503.9,0.78,1.753041,77.2,54838,-0.010082,0.01526,2.826923,0.003525,0.036804,0.543717,0.501907,0.116796,1.856095,1.871871,0.954745,0.94849,0.692948,0.0
6200,4761600,0.0001571658986175115,503.9,0.69,1.685926,90.91,54924,-0.008608,0.023844,2.912183,0.003573,0.036499,0.319066,0.123409,0.322147,1.909403,1.930011,0.988472,0.973009,0.506312,0.0
6210,4769280,0.00015693548387096774,503.9,0.8,1.763655,85.63,55014,-0.008312,0.011643,2.883603,0.004147,0.045532,0.45846,0.386596,0.314084,1.840338,1.897479,0.988147,0.986288,0.421734,0.0
6220,4776960,0.00015670506912442394,504.0,0.77,1.743702,89.97,55101,-0.010499,0.016791,2.850604,0.004176,0.044342,0.476053,0.312557,0.32725,1.879793,1.880916,0.93951,0.977147,0.383244,0.0
6230,4784640,0.00015647465437788018,504.0,0.8,1.794262,83.27,55192,-0.009444,0.018843,2.838469,0.003969,0.039154,0.519979,0.486272,0.072379,1.770368,1.876295,0.928284,0.965083,0.349739,0.0
6240,4792320,0.0001562442396313364,504.0,0.77,1.741735,74.2,55298,-0.009784,0.032641,2.799311,0.00372,0.036743,0.505632,0.365844,0.241775,1.837916,1.846804,0.927819,0.951625,0.437864,0.0
6250,4800000,0.00015601382488479262,504.0,0.74,1.757242,75.59,55397,-0.00984,0.008874,2.82399,0.003561,0.034332,0.645889,0.368441,0.513681,1.803824,1.846398,0.930332,0.968609,0.507498,0.0
6260,4807680,0.00015578341013824883,504.0,0.77,1.758375,84.27,55484,-0.011139,0.017649,2.818361,0.00405,0.044067,0.603392,0.401306,0.382829,1.814582,1.865588,0.955648,0.953796,0.318996,0.0
6270,4815360,0.00015555299539170506,504.1,0.76,1.770786,95.73,55564,-0.011982,0.003971,2.841904,0.005256,0.061401,0.525431,0.611668,0.198974,1.871945,1.880753,0.997522,0.953402,0.474741,0.0
6280,4823040,0.0001553225806451613,504.1,0.78,1.733494,102.12,55639,-0.009742,0.010036,2.882037,0.005395,0.069489,0.696896,0.599065,0.245227,1.858417,1.914746,0.968839,0.960251,0.379341,0.0
6290,4830720,0.00015509216589861747,504.1,0.65,1.553357,104.0,55710,-0.010859,0.017877,2.845012,0.005498,0.069366,0.450549,0.401037,0.090356,1.856164,1.902181,0.983599,0.945489,0.19032,0.0
6300,4838400,0.00015486175115207374,504.1,0.63,1.566376,104.25,55783,-0.010402,0.01365,2.849137,0.005366,0.065033,0.458096,0.367752,0.31067,1.88359,1.897451,0.960311,0.953066,0.463677,0.0
6310,4846080,0.00015463133640552994,504.1,0.71,1.682119,101.18,55861,-0.011335,0.005423,2.88455,0.004843,0.058075,0.742059,0.126221,0.792826,1.894593,1.923488,0.98147,0.957202,0.340302,0.0
6320,4853760,0.00015440092165898618,504.1,0.73,1.707443,95.94,55945,-0.009972,0.019679,2.915752,0.005073,0.064209,0.643017,0.248003,0.52964,1.884165,1.931061,1.019142,0.98035,0.393436,0.0
6330,4861440,0.00015417050691244238,504.2,0.68,1.60252,87.88,56036,-0.009006,0.028247,2.858032,0.004775,0.054077,0.471537,0.373083,0.185744,1.856922,1.882365,0.970084,0.986865,0.2867,0.0
6340,4869120,0.0001539400921658986,504.2,0.76,1.743071,90.35,56119,-0.011062,0.014488,2.864168,0.004979,0.054382,0.744152,0.469197,0.51833,1.863381,1.870007,0.999538,0.994303,0.302253,0.0
6350,4876800,0.00015370967741935485,504.2,0.77,1.753524,99.88,56195,-0.01081,0.014056,2.8655,0.005412,0.066284,0.649247,0.479887,0.379553,1.840691,1.88325,0.992573,0.97611,0.349777,0.0
6360,4884480,0.00015347926267281103,504.2,0.86,1.886053,93.64,56282,-0.008431,0.021546,2.841308,0.004095,0.043091,0.318075,0.288957,0.155163,1.824535,1.864714,0.974142,0.981329,0.207791,0.0
6370,4892160,0.0001532488479262673,504.2,0.81,1.80257,78.86,56380,-0.01085,0.004667,2.822296,0.004418,0.048981,0.758678,0.737808,0.276231,1.862585,1.851591,0.961328,0.966473,0.388867,0.0
6380,4899840,0.00015301843317972347,504.3,0.77,1.766932,65.02,56497,-0.009024,0.008719,2.813177,0.003686,0.036285,0.713197,0.519989,0.410769,1.875368,1.847365,0.895024,0.964319,0.370191,0.0
6390,4907520,0.0001527880184331797,504.3,0.87,1.890656,82.38,56585,-0.009241,0.008041,2.907329,0.004243,0.043671,0.66209,0.422807,0.500772,1.933559,1.919752,0.988792,0.984308,0.358386,0.0
6400,4915200,0.00015255760368663594,504.3,0.79,1.75863,104.45,56658,-0.009081,0.011499,2.904635,0.004608,0.052246,0.6233,0.594008,0.075548,1.940231,1.911796,0.974072,0.98351,0.522784,0.0
6410,4922880,0.00015232718894009215,504.3,0.71,1.632217,101.6,56730,-0.008596,0.014739,2.889987,0.004816,0.052704,0.660598,0.36536,0.491475,1.973029,1.910897,0.974431,0.97199,0.74808,0.0
6420,4930560,0.0001520967741935484,504.3,0.71,1.684506,120.01,56796,-0.009178,0.012983,2.895914,0.004393,0.04541,0.439851,0.240182,0.362307,1.938426,1.90691,0.972497,0.981007,0.595196,0.0
6430,4938240,0.0001518663594470046,504.3,0.71,1.649492,100.03,56876,-0.01044,0.011924,2.84077,0.003987,0.039276,0.648985,0.213358,0.64252,1.861939,1.861012,0.974492,0.972365,0.288492,0.0
6440,4945920,0.00015163594470046082,504.3,0.8,1.786033,82.97,56969,-0.009347,0.008878,2.804153,0.003529,0.036713,0.600237,0.454,0.423748,1.817142,1.834356,0.952609,0.969278,0.254772,0.0
6450,4953600,0.000151405529953917,504.4,0.73,1.714182,80.35,57063,-0.011744,0.011034,2.902473,0.005934,0.074677,0.452656,0.197644,0.477057,1.902499,1.908714,0.986492,0.99089,0.320596,0.0
6460,4961280,0.00015117511520737327,504.4,0.81,1.800197,80.25,57159,-0.009491,0.018424,2.826678,0.004131,0.045563,0.69808,0.480776,0.423838,1.881858,1.839244,0.98657,0.977253,0.224618,0.0
6470,4968960,0.00015094470046082947,504.4,0.82,1.825829,73.87,57265,-0.011599,0.012478,2.825945,0.005506,0.068207,0.656161,0.434728,0.442475,1.883263,1.861143,0.989867,0.966051,0.350242,0.0
6480,4976640,0.0001507142857142857,504.4,0.8,1.808898,81.37,57352,-0.010855,0.014034,2.846261,0.004919,0.065643,0.59162,0.497994,0.203182,1.887999,1.876044,0.966257,0.967725,0.329203,0.0
6490,4984320,0.00015048387096774191,504.4,0.71,1.671303,76.98,57450,-0.0114,0.011082,2.839277,0.004534,0.050598,0.539621,0.148159,0.5434,1.922249,1.890392,0.935229,0.950473,0.247516,0.0
6500,4992000,0.00015025345622119812,504.4,0.68,1.648324,90.18,57534,-0.010327,0.018244,2.857413,0.005056,0.063263,0.482053,0.371479,0.180411,1.873733,1.884895,0.944053,0.966099,0.208966,0.0
6510,4999680,0.00015002304147465438,504.4,0.79,1.762725,96.86,57615,-0.009632,0.013397,2.872159,0.004299,0.051178,0.548799,0.40311,0.344174,1.918018,1.895112,0.987748,0.975208,0.258394,0.0
6520,5007360,0.0001497926267281106,504.4,0.73,1.651595,86.43,57703,-0.009914,0.004561,2.87216,0.004042,0.042755,0.770085,0.652559,0.452746,1.944842,1.897719,0.953099,0.96667,0.308306,0.0
6530,5015040,0.00014956221198156682,504.5,0.77,1.740841,100.76,57776,-0.00996,0.006192,2.861397,0.004716,0.055786,0.60854,0.29082,0.523673,1.898523,1.882121,1.004284,0.972008,0.265147,0.0
6540,5022720,0.00014933179723502303,504.5,0.84,1.851166,87.04,57869,-0.011414,0.021882,2.779559,0.004625,0.056427,0.428664,0.246972,0.304521,1.788443,1.81236,0.977234,0.969273,0.172801,0.0
6550,5030400,0.00014910138248847924,504.5,0.83,1.824499,76.05,57972,-0.009805,0.006158,2.797006,0.004065,0.042511,0.827365,0.70836,0.476723,1.808805,1.817443,0.969979,0.976379,0.321143,0.0
6560,5038080,0.00014887096774193547,504.5,0.77,1.740675,74.08,58074,-0.008575,0.008549,2.818965,0.00414,0.04483,0.692283,0.243052,0.680949,1.834865,1.847643,0.985654,0.974755,0.146283,0.0
6570,5045760,0.00014864055299539168,504.5,0.84,1.81276,92.41,58155,-0.009365,0.008397,2.863855,0.004518,0.048248,0.741577,0.521847,0.49965,1.887593,1.87806,0.986801,0.986917,0.289661,0.0
6580,5053440,0.00014841013824884789,504.5,0.86,1.877623,83.58,58245,-0.01023,0.004919,2.883599,0.004983,0.054779,0.835217,0.698171,0.541128,1.922186,1.908521,0.946287,0.973987,0.386833,0.0
6590,5061120,0.00014817972350230415,504.5,0.82,1.800848,76.77,58345,-0.009076,0.021539,2.86892,0.004433,0.045471,0.432131,0.245153,0.316914,1.861226,1.87434,0.975582,0.984908,0.468193,0.0
6600,5068800,0.00014794930875576035,504.6,0.8,1.770217,81.7,58437,-0.009704,0.008671,2.892773,0.004222,0.044342,0.503853,0.416758,0.429989,1.847827,1.896304,0.984522,0.99343,0.379312,0.0
6610,5076480,0.0001477188940092166,504.6,0.76,1.718002,89.2,58521,-0.010511,0.016502,2.923318,0.005245,0.062164,0.699063,0.316634,0.568481,1.89669,1.919629,0.977498,0.992917,0.558076,0.0
6620,5084160,0.0001474884792626728,504.6,0.7,1.636845,79.55,58619,-0.010035,0.016395,2.889174,0.004709,0.053375,0.668448,0.362937,0.492046,1.853672,1.903889,0.982786,0.976516,0.427891,0.0
6630,5091840,0.000147258064516129,504.6,0.84,1.873521,84.97,58712,-0.010074,0.013412,2.818309,0.004506,0.053284,0.580342,0.42084,0.381347,1.770998,1.846602,0.977178,0.966237,0.612411,0.0
6640,5099520,0.00014702764976958524,504.6,0.75,1.73596,81.16,58799,-0.011937,0.015912,2.853427,0.004884,0.062012,0.509096,0.385168,0.215242,1.932199,1.880656,0.966593,0.965742,0.71289,0.0
6650,5107200,0.00014679723502304144,504.6,0.74,1.682581,98.58,58879,-0.009633,0.006472,2.910513,0.004664,0.052856,0.807142,0.453104,0.65255,1.968556,1.918944,1.026505,0.981592,0.551049,0.0
6660,5114880,0.0001465668202764977,504.6,0.71,1.660129,94.59,58959,-0.010184,0.004734,2.851293,0.004367,0.043518,0.749633,0.537517,0.514124,1.843569,1.858104,0.997517,0.97792,0.67972,0.0
6670,5122560,0.0001463364055299539,504.7,0.65,1.611713,91.53,59047,-0.010534,0.01338,2.823422,0.004033,0.043854,0.799956,0.330657,0.702951,1.779135,1.82928,1.005111,0.981826,0.638066,0.0
6680,5130240,0.00014610599078341012,504.7,0.67,1.628062,100.52,59124,-0.008829,0.02117,2.837061,0.004417,0.047028,0.759037,0.309121,0.65298,1.863803,1.850172,1.009699,0.98068,0.678503,0.0
6690,5137920,0.00014587557603686635,504.7,0.7,1.601095,97.65,59200,-0.010887,0.018946,2.832218,0.004613,0.051239,0.663787,0.344746,0.489662,1.837991,1.858773,0.940033,0.971714,0.673115,0.0
6700,5145600,0.00014564516129032256,504.7,0.74,1.689728,87.12,59287,-0.011557,0.017572,2.856688,0.005018,0.066071,0.518666,0.3832,0.282786,1.770756,1.863922,0.970025,0.985605,0.631454,0.0
6710,5153280,0.00014541474654377877,504.7,0.78,1.703716,95.7,59365,-0.008227,0.016397,2.88449,0.003715,0.036407,0.665654,0.345983,0.493134,1.779047,1.882115,0.996779,0.990901,0.581635,0.0
6720,5160960,0.000145184331797235,504.7,0.74,1.661357,104.33,59441,-0.008723,0.013184,2.865093,0.004087,0.047058,0.466078,0.347682,0.260236,1.811958,1.870808,0.986862,0.982939,0.71902,0.0
6730,5168640,0.0001449539170506912,504.7,0.66,1.587456,105.89,59512,-0.00914,0.013395,2.851016,0.003714,0.041565,0.618941,0.414623,0.405617,1.8926,1.885918,0.949148,0.958618,0.546982,0.0
6740,5176320,0.00014472350230414747,504.8,0.69,1.660013,106.85,59584,-0.010027,0.007722,2.880678,0.004675,0.05481,0.623116,0.473781,0.377765,1.890886,1.883618,0.979217,0.975546,0.594752,0.0
6750,5184000,0.00014449308755760368,504.8,0.7,1.662941,105.05,59655,-0.009703,0.013192,2.872031,0.004294,0.04718,0.625128,0.441749,0.330063,1.886633,1.890964,0.996387,0.964682,0.608572,0.0
6760,5191680,0.00014426267281105989,504.8,0.7,1.688461,108.97,59726,-0.009326,0.017907,2.823926,0.004475,0.047913,0.445163,0.389026,0.123334,1.795126,1.873574,0.996253,0.944572,0.6617,0.0
6770,5199360,0.00014403225806451612,504.8,0.77,1.756575,89.73,59816,-0.012283,0.013945,2.814099,0.006769,0.09613,0.684153,0.365755,0.513152,1.766618,1.850045,1.001698,0.959605,0.598736,0.0
6780,5207040,0.00014380184331797233,504.8,0.8,1.778497,100.16,59892,-0.008778,0.012736,2.796377,0.003893,0.044678,0.55078,0.539392,0.11997,1.785918,1.822191,0.977442,0.965427,0.707603,0.0
6790,5214720,0.00014357142857142856,504.9,0.81,1.805688,83.08,59982,-0.01086,0.00315,2.801166,0.004785,0.057281,0.737291,0.493387,0.647624,1.773554,1.817259,0.974814,0.977417,0.609446,0.0
6800,5222400,0.00014334101382488477,504.9,0.72,1.689501,68.73,60095,-0.009091,0.016528,2.847047,0.003945,0.039581,0.479097,0.268965,0.414898,1.805386,1.853538,0.998338,0.98071,0.61525,0.0
6810,5230080,0.000143110599078341,504.9,0.76,1.764619,85.36,60179,-0.010374,0.03069,2.891395,0.0047,0.057129,0.287071,0.256293,0.087012,1.871208,1.897845,0.987328,0.987275,0.734819,0.0
6820,5237760,0.00014288018433179724,504.9,0.67,1.624135,97.26,60256,-0.00885,0.021858,2.880071,0.004248,0.043213,0.653651,0.346764,0.476885,1.861311,1.887519,1.009295,0.977006,0.695507,0.0
6830,5245440,0.00014264976958525344,504.9,0.76,1.720056,103.98,60330,-0.00809,0.009708,2.871459,0.004371,0.044098,0.729608,0.354998,0.604793,1.860494,1.884352,0.993426,0.962829,0.535232,0.0
6840,5253120,0.00014241935483870968,504.9,0.68,1.636893,104.54,60401,-0.011451,0.011868,2.829673,0.005565,0.077332,0.671663,0.284188,0.564955,1.783164,1.848081,0.961801,0.958581,0.534376,0.0
6850,5260800,0.00014218894009216588,504.9,0.72,1.667175,106.23,60471,-0.010358,0.026847,2.818386,0.004557,0.055359,0.311194,0.445175,-0.164373,1.826644,1.856297,0.931642,0.951829,0.630124,0.0
6860,5268480,0.0001419585253456221,504.9,0.73,1.678708,86.68,60563,-0.009745,0.028927,2.756172,0.004792,0.054321,0.574017,0.618992,-0.113592,1.685187,1.810191,0.964579,0.945633,0.555098,0.0
6870,5276160,0.00014172811059907833,505.0,0.78,1.746214,96.8,60640,-0.010395,0.013486,2.798615,0.004259,0.047241,0.718439,0.436856,0.521513,1.835135,1.854285,0.967404,0.934278,0.57701,0.0
6880,5283840,0.00014149769585253456,505.0,0.75,1.690519,93.91,60724,-0.008746,0.025552,2.850652,0.003802,0.0383,0.490204,0.262368,0.344993,1.892105,1.884924,0.978548,0.953279,0.651105,0.0
6890,5291520,0.0001412672811059908,505.0,0.78,1.744491,93.95,60804,-0.008493,0.004266,2.869597,0.003977,0.039337,0.822934,0.695257,0.431782,1.882024,1.882343,0.990638,0.975239,0.598876,0.0
6900,5299200,0.000141036866359447,505.0,0.59,1.470557,96.21,60880,-0.008848,0.018858,2.841192,0.004374,0.045532,0.607579,0.245636,0.504743,1.884265,1.858356,1.001695,0.980767,0.486297,0.0
6910,5306880,0.0001408064516129032,505.0,0.64,1.577589,105.71,60953,-0.008522,0.013181,2.809737,0.00443,0.046356,0.651716,0.454358,0.40035,1.879423,1.838864,0.963031,0.953865,0.539858,0.0
6920,5314560,0.00014057603686635944,505.0,0.82,1.846111,85.97,61037,-0.00883,0.012216,2.804845,0.005163,0.059753,0.616471,0.375472,0.428436,1.797344,1.851026,0.937095,0.949867,0.665675,0.0
6930,5322240,0.00014034562211981565,505.1,0.77,1.780788,83.02,61129,-0.007989,0.015632,2.784082,0.003923,0.042145,0.461702,0.350369,0.250013,1.812039,1.814522,0.978063,0.953354,0.558181,0.0
6940,5329920,0.00014011520737327186,505.1,0.8,1.77625,95.13,61207,-0.008404,0.018211,2.827257,0.004694,0.054352,0.456068,0.344918,0.217717,1.896968,1.84936,0.984795,0.971022,0.612873,0.0
6950,5337600,0.00013988479262672812,505.1,0.73,1.663394,105.18,61281,-0.010099,0.017497,2.86049,0.004353,0.046021,0.598901,0.256864,0.515651,1.890791,1.888764,0.967495,0.960516,0.568297,0.0
6960,5345280,0.00013965437788018433,505.1,0.76,1.737589,85.42,61372,-0.007551,0.009723,2.835181,0.004134,0.039734,0.606171,0.406573,0.415488,1.760169,1.833836,0.947644,0.990474,0.474253,0.0
6970,5352960,0.00013942396313364056,505.1,0.73,1.698817,73.11,61476,-0.007702,0.01857,2.86247,0.003991,0.042908,0.428084,0.222422,0.350922,1.843118,1.864043,0.978623,0.989431,0.685223,0.0
6980,5360640,0.00013919354838709677,505.1,0.81,1.801357,85.28,61567,-0.010029,0.003224,2.862978,0.004569,0.053192,0.834659,0.785881,0.583063,1.834442,1.868874,0.98453,0.982639,0.645358,0.0
6990,5368320,0.00013896313364055297,505.1,0.65,1.620644,79.5,61664,-0.008888,0.019769,2.859341,0.004018,0.046021,0.582712,0.463154,0.239587,1.812045,1.861853,0.996292,0.989424,0.660561,0.0
7000,5376000,0.0001387327188940092,505.2,0.77,1.759019,75.82,61764,-0.010021,0.016178,2.864446,0.004574,0.05661,0.349646,0.296439,0.108387,1.824806,1.871294,0.986811,0.989104,0.677508,0.0
7010,5383680,0.00013850230414746542,505.1,0.73,1.7129,89.02,61848,-0.008562,0.018201,2.868533,0.003609,0.031036,0.556345,0.361545,0.359417,1.878266,1.900213,0.978149,0.96052,0.591855,0.0
7020,5391360,0.00013827188940092162,505.2,0.84,1.853182,78.08,61946,-0.009997,0.014758,2.839018,0.004413,0.050201,0.529685,0.308985,0.370196,1.765534,1.892516,0.925945,0.938467,0.511218,0.0
7030,5399040,0.00013804147465437788,505.2,0.69,1.679029,104.93,62018,-0.009679,0.021291,2.847222,0.005279,0.061829,0.69491,0.516273,0.403664,1.82699,1.912497,0.889851,0.921191,0.605206,0.0
7040,5406720,0.0001378110599078341,505.2,0.74,1.719235,95.65,62100,-0.009763,0.019356,2.785069,0.003958,0.044891,0.521653,0.260072,0.387218,1.831407,1.876501,0.818497,0.904122,0.686042,0.0
7050,5414400,0.00013758064516129032,505.2,0.75,1.737632,86.92,62186,-0.008366,0.013726,2.794547,0.00349,0.035339,0.415145,0.381856,0.288979,1.831799,1.881082,0.910599,0.910427,0.442282,0.0
7060,5422080,0.00013735023041474653,505.2,0.67,1.622189,80.1,62283,-0.009976,0.014677,2.866638,0.004378,0.049713,0.630109,0.328334,0.461113,1.895263,1.906657,0.913941,0.959379,0.494644,0.0
7070,5429760,0.00013711981566820274,505.2,0.6,1.523118,91.56,62370,-0.010858,0.018927,2.833593,0.004886,0.05722,0.642917,0.235404,0.543635,1.856174,1.852853,0.901017,0.960841,0.576878,0.0
7080,5437440,0.00013688940092165897,505.2,0.77,1.704205,80.26,62463,-0.008779,0.011673,2.798264,0.00371,0.036896,0.63753,0.334457,0.488615,1.845294,1.841478,0.906932,0.940267,0.608034,0.0
7090,5445120,0.00013665898617511518,505.3,0.68,1.607767,90.01,62550,-0.010577,0.026159,2.837421,0.004544,0.050842,0.614574,0.287175,0.464715,1.831942,1.871428,0.918667,0.962256,0.586185,0.0
7100,5452800,0.00013642857142857144,505.3,0.71,1.62184,87.15,62639,-0.009863,0.028188,2.838782,0.005256,0.063385,0.398245,0.293107,0.235792,1.874493,1.858095,0.941739,0.964673,0.659932,0.0
7110,5460480,0.00013619815668202765,505.3,0.73,1.70657,89.79,62723,-0.008928,0.019546,2.833008,0.005384,0.062775,0.645836,0.407874,0.402004,1.862002,1.887175,0.915014,0.946214,0.577747,0.0
7120,5468160,0.00013596774193548386,505.3,0.77,1.729777,88.08,62810,-0.008918,0.016976,2.839929,0.003889,0.042175,0.559668,0.412285,0.352408,1.866084,1.888703,0.909519,0.945069,0.653197,0.0
7130,5475840,0.0001357373271889401,505.3,0.79,1.819178,73.76,62912,-0.009336,0.023502,2.818322,0.004772,0.051636,0.618038,0.325138,0.460848,1.804819,1.871481,0.965151,0.941957,0.397259,0.0
7140,5483520,0.0001355069124423963,505.3,0.79,1.766179,76.55,63009,-0.008987,0.003517,2.818493,0.003516,0.030579,0.835487,0.662567,0.629284,1.840299,1.860041,0.901919,0.947174,0.509513,0.0
7150,5491200,0.0001352764976958525,505.4,0.76,1.789815,81.11,63105,-0.009201,0.016533,2.836431,0.003647,0.03717,0.522982,0.1419,0.541059,1.848939,1.87177,0.963568,0.961078,0.630778,0.0
7160,5498880,0.00013504608294930874,505.4,0.78,1.764832,79.43,63203,-0.007538,0.017837,2.870513,0.004221,0.045135,0.489635,0.366999,0.250468,1.857186,1.891479,0.968031,0.973991,0.370887,0.0
7170,5506560,0.00013481566820276497,505.4,0.82,1.774582,83.68,63295,-0.009593,0.001755,2.819228,0.004221,0.045441,0.900571,0.800078,0.779452,1.818926,1.855864,0.946711,0.95116,0.569879,0.0
7180,5514240,0.0001345852534562212,505.4,0.74,1.70294,71.31,63400,-0.009977,0.002431,2.807857,0.004814,0.052185,0.858771,0.728414,0.684075,1.812075,1.86287,0.970924,0.946856,0.476901,0.0
7190,5521920,0.00013435483870967741,505.4,0.79,1.780184,92.93,63486,-0.009287,0.023694,2.856967,0.004321,0.051666,0.46886,0.195771,0.366717,1.847161,1.883418,0.9815,0.972313,0.450185,0.0
7200,5529600,0.00013412442396313362,505.5,0.72,1.668174,94.29,63567,-0.008288,0.018416,2.827556,0.003918,0.041321,0.524656,0.546133,-0.030987,1.810138,1.859967,0.939807,0.969294,0.411941,0.0
7210,5537280,0.00013389400921658986,505.5,0.71,1.660643,101.94,63643,-0.008753,0.015376,2.846992,0.003934,0.036102,0.735302,0.157622,0.693338,1.883616,1.872951,0.922187,0.963423,0.615588,0.0
7220,5544960,0.00013366359447004606,505.5,0.73,1.667577,115.41,63709,-0.009209,0.006184,2.819646,0.005002,0.058746,0.845974,0.25125,0.794293,1.836122,1.868334,0.973464,0.944013,0.645241,0.0
7230,5552640,0.00013343317972350227,505.5,0.83,1.865472,89.6,63798,-0.01045,0.02193,2.772402,0.004138,0.049194,0.371566,0.313719,0.215687,1.855018,1.800877,0.936866,0.954922,0.648064,0.0
7240,5560320,0.0001332027649769585,505.5,0.76,1.758579,72.13,63906,-0.00856,0.009515,2.755371,0.004,0.045166,0.653935,0.425218,0.460015,1.777676,1.784419,0.94994,0.964906,0.454335,0.0
7250,5568000,0.00013297235023041474,505.6,0.82,1.871973,81.87,63999,-0.009556,0.020781,2.832405,0.00428,0.051239,0.54449,0.2557,0.461692,1.801089,1.855575,0.994495,0.981593,0.421533,0.0
7260,5575680,0.00013274193548387097,505.6,0.82,1.84493,110.47,64064,-0.009933,0.005054,2.858094,0.004669,0.051208,0.778058,0.312182,0.768411,1.830328,1.866835,0.981973,0.985633,0.548603,0.0
7270,5583360,0.00013251152073732718,505.6,0.75,1.687067,97.5,64145,-0.009142,0.006351,2.841293,0.004859,0.055969,0.761173,0.600719,0.412395,1.84019,1.855257,0.969124,0.972866,0.599372,0.0
7280,5591040,0.0001322811059907834,505.6,0.73,1.725527,110.28,64221,-0.009495,0.012195,2.806307,0.004263,0.043579,0.618128,0.04956,0.716438,1.806781,1.836274,0.982851,0.964081,0.607291,0.0
7290,5598720,0.00013205069124423962,505.6,0.79,1.744274,87.01,64310,-0.009065,0.011722,2.843076,0.004196,0.044952,0.58295,0.240156,0.549454,1.863363,1.872922,0.990877,0.964191,0.631866,0.0
7300,5606400,0.00013182027649769583,505.7,0.85,1.8286,88.67,64398,-0.008794,0.010842,2.839037,0.004969,0.05249,0.690981,0.486118,0.415565,1.842578,1.875207,0.99085,0.959591,0.543349,0.0
7310,5614080,0.00013158986175115203,505.7,0.86,1.895518,104.26,64473,-0.010104,0.002519,2.779881,0.005969,0.071686,0.84779,0.503237,0.785594,1.809301,1.823964,0.938379,0.945376,0.490728,0.0
7320,5621760,0.0001313594470046083,505.7,0.89,1.94667,92.75,64559,-0.010279,0.008669,2.767565,0.0042,0.043243,0.685712,0.567395,0.333826,1.850098,1.817621,0.996302,0.940153,0.580463,0.0
7330,5629440,0.0001311290322580645,505.7,0.79,1.746898,85.43,64645,-0.007272,0.009726,2.770133,0.003997,0.043945,0.878526,0.438936,0.793521,1.848446,1.796149,0.993629,0.960914,0.593652,0.0
7340,5637120,0.00013089861751152074,505.7,0.72,1.692092,92.88,64732,-0.008329,0.009134,2.758212,0.004261,0.046143,0.601596,0.427455,0.36117,1.797679,1.789787,0.995855,0.950796,0.46097,0.0
7350,5644800,0.00013066820276497694,505.7,0.8,1.799332,99.79,64809,-0.007788,0.023062,2.813428,0.004243,0.045166,0.634104,0.395039,0.404431,1.848383,1.858862,0.992944,0.950453,0.529524,0.0
7360,5652480,0.00013043778801843315,505.7,0.83,1.828588,83.86,64901,-0.00823,0.003692,2.765807,0.004395,0.045502,0.744355,0.139054,0.83355,1.825697,1.805116,0.982373,0.951046,0.39736,0.0
7370,5660160,0.00013020737327188939,505.7,0.82,1.804898,87.93,64988,-0.008202,0.001348,2.837351,0.003924,0.036133,0.881188,0.7775,0.80267,1.81288,1.862294,0.981868,0.966516,0.357061,0.0
7380,5667840,0.0001299769585253456,505.7,0.77,1.755394,92.78,65073,-0.009484,0.011631,2.758549,0.005307,0.065979,0.605725,0.533694,0.159792,1.801642,1.815019,0.955591,0.943625,0.709478,0.0
7390,5675520,0.00012974654377880185,505.8,0.77,1.727331,90.86,65156,-0.006952,0.007875,2.85284,0.003976,0.0448,0.710273,0.50796,0.419552,1.896508,1.894523,0.986724,0.938101,0.614174,0.0
7400,5683200,0.00012951612903225806,505.8,0.72,1.672411,106.77,65227,-0.010153,0.005682,2.849554,0.004512,0.049835,0.704834,0.296388,0.634554,1.881055,1.890047,0.966078,0.944303,0.578043,0.0
7410,5690880,0.00012928571428571427,505.8,0.81,1.818477,107.91,65294,-0.007851,0.011717,2.791089,0.003878,0.042267,0.748487,0.399323,0.583362,1.878898,1.837272,0.980604,0.955941,0.593437,0.0
7420,5698560,0.0001290552995391705,505.8,0.78,1.766118,105.13,65370,-0.009013,0.009632,2.855394,0.00429,0.046967,0.900262,0.286722,0.860204,1.907699,1.877348,0.946048,0.971508,0.496457,0.0
7430,5706240,0.0001288248847926267,505.8,0.69,1.66072,104.9,65447,-0.007869,0.012534,2.869946,0.004262,0.046051,0.752056,0.20423,0.695609,1.902331,1.915961,0.92406,0.949376,0.635345,0.0
7440,5713920,0.00012859447004608294,505.8,0.84,1.803413,91.2,65532,-0.007297,0.002157,2.81548,0.00371,0.038483,0.845539,0.737455,0.780652,1.88097,1.873224,0.890665,0.935378,0.524481,0.0
7450,5721600,0.00012836405529953915,505.8,0.89,1.946573,86.29,65622,-0.007543,0.011991,2.844927,0.003929,0.043182,0.708565,0.727955,-0.020869,1.859496,1.882199,0.955746,0.951503,0.521201,0.0
7460,5729280,0.00012813364055299536,505.8,0.77,1.735073,76.16,65721,-0.008499,0.018733,2.864766,0.005173,0.065033,0.633776,0.605419,0.121937,1.87398,1.88628,0.970152,0.968873,0.381154,0.0
7470,5736960,0.00012790322580645162,505.8,0.69,1.624306,95.81,65796,-0.008873,0.010873,2.872012,0.004647,0.051483,0.652274,0.613893,0.104181,1.922633,1.883702,1.020381,0.975172,0.640271,0.0
7480,5744640,0.00012767281105990783,505.8,0.74,1.648607,103.62,65871,-0.009798,0.017674,2.866314,0.004416,0.049133,0.392494,0.335723,0.162065,1.923334,1.877181,0.999153,0.973774,0.644033,0.0
7490,5752320,0.00012744239631336406,505.9,0.77,1.724134,90.61,65954,-0.007848,0.027782,2.92297,0.004378,0.050568,0.472994,0.323876,0.249168,1.934261,1.929324,1.018897,0.982864,0.637451,0.0
7500,5760000,0.00012721198156682027,505.9,0.75,1.703178,86.78,66045,-0.008914,0.002394,2.881756,0.003172,0.026917,0.906203,0.584732,0.852215,1.844669,1.884813,1.010979,0.986939,0.5583,0.0
7510,5767680,0.00012698156682027648,505.9,0.8,1.815098,81.28,66138,-0.008774,0.002862,2.883985,0.004061,0.041565,0.90174,0.832639,0.504033,1.932199,1.899057,1.012433,0.974741,0.511741,0.0
7520,5775360,0.0001267511520737327,505.9,0.78,1.737131,75.47,66233,-0.009216,0.018001,2.881787,0.004169,0.044464,0.447304,0.351832,0.196965,1.911961,1.887658,0.970098,0.990398,0.421198,0.0
7530,5783040,0.00012652073732718892,505.9,0.78,1.79302,85.7,66319,-0.009173,0.009729,2.893798,0.004475,0.040771,0.677115,0.32911,0.567759,1.886641,1.89405,0.959251,0.992269,0.59319,0.0
7540,5790720,0.00012629032258064518,505.9,0.65,1.612265,102.62,66394,-0.008162,0.018131,2.931569,0.003927,0.038239,0.794083,0.345534,0.68846,1.944278,1.927762,1.00078,0.997808,0.564093,0.0
7550,5798400,0.00012605990783410138,505.9,0.76,1.715011,104.12,66467,-0.00735,0.010471,2.863208,0.003462,0.033997,0.608712,0.573891,0.242876,1.942804,1.906597,0.910484,0.95579,0.37248,0.0
7560,5806080,0.0001258294930875576,505.9,0.75,1.731487,98.06,66544,-0.007617,0.02602,2.912426,0.003525,0.03595,0.405555,0.175591,0.301231,1.944211,1.940057,0.936973,0.974773,0.514847,0.0
7570,5813760,0.00012559907834101383,505.9,0.67,1.643102,112.27,66606,-0.006585,0.025658,2.912404,0.002593,0.021393,0.734689,0.39421,0.562087,1.999549,1.905983,0.982862,0.997958,0.60052,0.0
7580,5821440,0.00012536866359447003,505.9,0.63,1.575515,123.29,66673,-0.007475,0.013513,2.937601,0.003803,0.037506,0.853853,0.462407,0.740795,1.942393,1.947084,0.977109,0.991387,0.592166,0.0
7590,5829120,0.00012513824884792624,506.0,0.76,1.683532,90.5,66760,-0.010139,0.002474,2.899799,0.004575,0.053955,0.850643,0.507988,0.802628,1.97351,1.90468,1.002299,0.987207,0.670905,0.0
7600,5836800,0.00012490783410138247,506.0,0.77,1.750152,107.77,66833,-0.00887,0.010978,2.829977,0.003296,0.032654,0.639265,0.290269,0.579536,1.959742,1.863911,0.961562,0.950326,0.409494,0.0
7610,5844480,0.0001246774193548387,506.0,0.78,1.771816,73.26,66937,-0.008681,0.019854,2.804346,0.004145,0.044312,0.631218,0.524076,0.225157,1.933871,1.850858,0.901501,0.953826,0.657643,0.0
7620,5852160,0.00012444700460829494,506.0,0.8,1.762037,76.84,67033,-0.009129,0.00703,2.80065,0.004607,0.052521,0.780446,0.270872,0.722765,1.890433,1.854787,0.977938,0.94762,0.339792,0.0
7630,5859840,0.00012421658986175115,506.0,0.82,1.789999,65.03,67153,-0.009466,0.014539,2.840493,0.003856,0.040955,0.72319,0.387373,0.586175,1.941539,1.865228,0.966218,0.965276,0.370101,0.0
7640,5867520,0.00012398617511520736,506.0,0.74,1.730338,76.3,67255,-0.008693,0.016634,2.850616,0.004028,0.049286,0.672733,0.512577,0.370698,1.9672,1.905904,0.952325,0.950708,0.387093,0.0
7650,5875200,0.0001237557603686636,506.0,0.8,1.793181,73.35,67356,-0.006212,0.014483,2.88063,0.003175,0.028229,0.45159,0.211228,0.380178,1.925538,1.905415,0.977259,0.972652,0.433482,0.0
7660,5882880,0.0001235253456221198,506.0,0.77,1.824009,90.11,67446,-0.008743,0.011236,2.817579,0.004782,0.050293,0.660944,0.43501,0.444819,1.905933,1.835781,1.011286,0.966913,0.179479,0.0
7670,5890560,0.000123294930875576,506.0,0.81,1.793533,75.52,67546,-0.008743,0.019831,2.809069,0.004407,0.056061,0.457352,0.23399,0.462974,1.900946,1.853506,0.974459,0.950318,0.465567,0.0
7680,5898240,0.00012306451612903224,506.0,0.72,1.695182,68.16,67654,-0.008277,0.010742,2.830973,0.003468,0.031769,0.728791,0.299079,0.672422,1.935096,1.842921,0.950483,0.975595,0.380686,0.0
7690,5905920,0.00012283410138248847,506.0,0.79,1.751166,80.94,67749,-0.008122,0.020307,2.796318,0.00363,0.033051,0.622141,0.381383,0.427275,1.858659,1.827694,0.992295,0.968399,0.251577,0.0
7700,5913600,0.0001226036866359447,506.1,0.68,1.660417,86.13,67837,-0.008448,0.013586,2.827918,0.004113,0.044128,0.686607,0.453197,0.428935,1.901175,1.863827,0.969638,0.963468,0.394451,0.0
7710,5921280,0.00012237327188940092,506.1,0.73,1.701546,103.66,67910,-0.008625,0.007689,2.79468,0.004213,0.045349,0.842224,0.060599,0.854215,1.883753,1.856383,0.87004,0.938652,0.508666,0.0
7720,5928960,0.00012214285714285712,506.1,0.81,1.769294,91.57,67998,-0.008036,0.019279,2.773944,0.003608,0.039978,0.461061,0.446008,0.173947,1.868488,1.837104,0.942896,0.93421,0.575918,0.0
7730,5936640,0.00012191244239631334,506.1,0.74,1.717301,83.04,68087,-0.009618,0.01424,2.783092,0.004968,0.063995,0.645547,0.44459,0.386279,1.867333,1.84146,0.937669,0.933966,0.479125,0.0
7740,5944320,0.00012168202764976956,506.1,0.79,1.77729,86.72,68173,-0.008652,0.023229,2.807727,0.004592,0.045898,0.580428,0.313786,0.400762,1.875007,1.844562,0.933512,0.955427,0.569452,0.0
7750,5952000,0.00012145161290322578,506.1,0.78,1.798289,90.27,68257,-0.007785,0.012824,2.852622,0.004175,0.047211,0.547962,0.325508,0.474369,1.903561,1.875793,0.949845,0.969632,0.632228,0.0
7760,5959680,0.00012122119815668203,506.1,0.73,1.693734,85.73,68345,-0.008797,0.02033,2.849667,0.004156,0.043823,0.391586,0.217503,0.332476,1.903737,1.891133,0.94631,0.958178,0.586217,0.0
7770,5967360,0.00012099078341013825,506.1,0.67,1.629886,85.2,68432,-0.007442,0.005891,2.811496,0.003248,0.022797,0.660483,0.2891,0.632899,1.857425,1.869955,0.925016,0.933799,0.425997,0.0
7780,5975040,0.00012076036866359446,506.1,0.71,1.635678,84.68,68521,-0.008691,0.004885,2.826383,0.003883,0.040649,0.899521,0.071802,0.899329,1.85561,1.880751,0.939978,0.935578,0.605996,0.0
7790,5982720,0.00012052995391705068,506.1,0.7,1.621985,68.92,68626,-0.008725,0.003436,2.745694,0.004275,0.043335,0.852779,0.706416,0.636145,1.781858,1.808423,0.930357,0.944301,0.391884,0.0
7800,5990400,0.0001202995391705069,506.2,0.77,1.771912,68.8,68739,-0.009479,0.021019,2.785522,0.004202,0.04361,0.384908,0.223722,0.288257,1.868056,1.822086,0.947387,0.957698,0.579605,0.0
7810,5998080,0.00012006912442396311,506.1,0.74,1.743957,66.73,68852,-0.009558,0.02981,2.79889,0.005088,0.054535,0.087306,0.077502,0.252283,1.875431,1.8229,0.980806,0.975661,0.430615,0.0
7820,6005760,0.00011983870967741933,506.1,0.75,1.724961,75.54,68952,-0.008329,0.016099,2.839911,0.003748,0.033539,0.75214,0.425266,0.577,1.826324,1.843956,0.98981,0.987822,0.45529,0.0
7830,6013440,0.00011960829493087558,506.2,0.69,1.619535,69.47,69061,-0.00938,0.016623,2.827048,0.004485,0.049835,0.338592,0.160172,0.357009,1.789584,1.819419,1.003199,0.994492,0.346358,0.0
7840,6021120,0.0001193778801843318,506.2,0.85,1.841943,71.7,69166,-0.008472,0.005657,2.850908,0.00497,0.060211,0.691045,0.423497,0.690066,1.827597,1.83596,1.030386,1.018645,0.345818,0.0
7850,6028800,0.00011914746543778802,506.2,0.81,1.816518,72.42,69270,-0.007997,0.023102,2.839366,0.003933,0.04007,0.399232,0.279156,0.245483,1.821756,1.841922,0.989778,0.994933,0.446422,0.0
7860,6036480,0.00011891705069124423,506.2,0.75,1.716397,64.84,69387,-0.007054,0.035674,2.865473,0.003292,0.028931,0.517051,0.439413,0.153541,1.810028,1.852901,1.012666,1.003867,0.409945,0.0
7870,6044160,0.00011868663594470045,506.2,0.8,1.766661,72.01,69492,-0.006973,0.025671,2.859352,0.003372,0.036804,0.458712,0.426775,0.079757,1.789775,1.86988,0.983293,0.987149,0.598236,0.0
7880,6051840,0.00011845622119815667,506.2,0.79,1.767099,87.93,69575,-0.007599,0.009898,2.860536,0.002819,0.022339,0.722017,0.250729,0.65024,1.838353,1.902551,0.988022,0.956196,0.464805,0.0
7890,6059520,0.00011822580645161289,506.2,0.76,1.731026,90.58,69658,-0.008619,0.003088,2.853133,0.003315,0.030243,0.826398,0.529844,0.751018,1.817088,1.899776,0.982169,0.952328,0.472308,0.0
7900,6067200,0.0001179953917050691,506.2,0.76,1.729331,89.87,69741,-0.008144,0.011778,2.858638,0.004405,0.0513,0.642571,0.280855,0.53872,1.848567,1.889266,0.997888,0.971267,0.534089,0.0
7910,6074880,0.00011776497695852534,506.2,0.74,1.7431,104.34,69813,-0.007911,0.011492,2.805971,0.003331,0.029266,0.594432,0.29109,0.451916,1.817624,1.846172,0.959749,0.948587,0.437286,0.0
7920,6082560,0.00011753456221198156,506.2,0.78,1.747364,81.09,69909,-0.006671,0.02024,2.755602,0.003248,0.025085,0.545839,0.217595,0.493374,1.692989,1.816853,0.906337,0.929141,0.503696,0.0
7930,6090240,0.00011730414746543778,506.2,0.76,1.718925,97.93,69987,-0.00895,0.002389,2.814613,0.003541,0.03009,0.875215,0.693215,0.654092,1.906597,1.852826,0.901542,0.939525,0.433003,0.0
7940,6097920,0.000117073732718894,506.3,0.79,1.772661,102.6,70060,-0.008859,0.015909,2.871348,0.003503,0.037842,0.787524,0.41382,0.64223,1.924135,1.898877,0.981655,0.967241,0.451726,0.0
7950,6105600,0.00011684331797235021,506.3,0.79,1.746741,105.5,70136,-0.008116,0.004743,2.746315,0.004106,0.050964,0.677058,0.550342,0.639703,1.769491,1.78854,0.966747,0.946769,0.374403,0.0
7960,6113280,0.00011661290322580643,506.3,0.8,1.77696,82.52,70230,-0.007098,0.01321,2.784354,0.00321,0.024506,0.685354,0.417189,0.466281,1.784039,1.819193,0.985814,0.953786,0.358435,0.0
7970,6120960,0.00011638248847926265,506.3,0.79,1.791189,87.16,70316,-0.009124,0.002598,2.866074,0.004587,0.050354,0.857151,0.452435,0.85801,1.852575,1.877902,0.994927,0.971585,0.339562,0.0
7980,6128640,0.0001161520737327189,506.3,0.85,1.928273,108.46,70385,-0.006862,0.014355,2.84119,0.003577,0.0383,0.538285,0.502712,0.150425,1.706562,1.873233,0.931021,0.963649,0.237387,0.0
7990,6136320,0.00011592165898617512,506.3,0.83,1.856384,114.17,70449,-0.006562,0.011277,2.843139,0.00425,0.043243,0.794652,0.689565,0.340487,1.790598,1.861183,1.017421,0.984147,0.17022,0.0
8000,6144000,0.00011569124423963133,506.3,0.8,1.771415,115.17,70517,-0.007921,0.001789,2.824656,0.004114,0.039642,0.963459,0.752164,0.876862,1.773699,1.856116,1.015179,0.969099,0.130003,0.0
8010,6151680,0.00011546082949308755,506.3,0.89,1.890015,112.87,70587,-0.008649,0.002304,2.789245,0.003982,0.04306,0.957784,0.918606,0.491603,1.795666,1.814772,0.909762,0.975599,0.174823,0.0
8020,6159360,0.00011523041474654377,506.3,0.84,1.872026,111.29,70651,-0.008804,0.018666,2.83206,0.004132,0.046082,0.573315,0.628007,0.18897,1.920982,1.822128,0.961388,0.987889,0.266279,0.0
8030,6167040,0.00011499999999999998,506.3,0.87,1.889157,111.22,70723,-0.007774,0.001358,2.808712,0.003289,0.026581,0.961473,0.949821,0.314156,1.710097,1.826886,0.972322,0.97707,0.209914,0.0
8040,6174720,0.0001147695852534562,506.3,0.76,1.756036,82.72,70813,-0.008282,0.010073,2.821032,0.004469,0.04834,0.750949,0.598742,0.466103,1.676066,1.836581,0.978561,0.982011,0.287153,0.0
8050,6182400,0.00011453917050691244,506.3,0.8,1.803528,93.97,70893,-0.00895,0.002441,2.848561,0.003412,0.033783,0.936718,0.542067,0.870521,1.74225,1.863662,0.974105,0.973431,0.258483,0.0
8060,6190080,0.00011430875576036867,506.4,0.82,1.822508,105.68,70966,-0.007286,0.009626,2.852919,0.00427,0.045898,0.674802,0.592084,0.496335,1.77531,1.88119,0.903727,0.964287,0.094647,0.0
8070,6197760,0.00011407834101382489,506.4,0.82,1.850026,106.37,71040,-0.007783,0.008237,2.89376,0.003842,0.039001,0.750587,0.653128,0.376621,1.873993,1.913323,0.94167,0.977957,0.211586,0.0
8080,6205440,0.00011384792626728109,506.4,0.81,1.789887,102.43,71116,-0.007475,0.017349,2.882954,0.00428,0.043488,0.624631,0.575756,0.153466,1.795016,1.90365,0.918862,0.970986,0.219424,0.0
8090,6213120,0.00011361751152073731,506.4,0.83,1.846031,101.22,71192,-0.007431,0.018848,2.868357,0.004063,0.04187,0.730915,0.76332,-0.095655,1.914381,1.932833,0.904535,0.931598,0.153862,0.0
8100,6220800,0.00011338709677419353,506.4,0.81,1.812043,103.26,71264,-0.006593,0.017694,2.901234,0.003915,0.043823,0.642995,0.419661,0.385871,1.985499,1.953398,0.943558,0.943308,0.326518,0.0
8110,6228480,0.00011315668202764974,506.4,0.76,1.728105,121.83,71321,-0.008124,0.004604,2.947483,0.003523,0.031128,0.773133,0.65552,0.341447,1.943281,1.967511,0.920716,0.967558,0.260977,0.0
8120,6236160,0.00011292626728110596,506.4,0.74,1.700746,122.22,71386,-0.006998,0.010021,2.899221,0.003041,0.028351,0.780424,0.4838,0.604812,1.874436,1.940684,0.919743,0.958351,0.320912,0.0
8130,6243840,0.00011269585253456221,506.4,0.82,1.82076,109.5,71459,-0.00935,0.014988,2.884717,0.005101,0.062195,0.679663,0.557953,0.412941,1.897051,1.912408,1.002489,0.960042,0.276203,0.0
8140,6251520,0.00011246543778801843,506.4,0.83,1.800982,102.09,71534,-0.007489,0.002004,2.903862,0.003099,0.025604,0.8689,0.697829,0.832575,1.871949,1.903916,0.964854,0.980851,0.397897,0.0
8150,6259200,0.00011223502304147465,506.4,0.86,1.856736,96.28,71615,-0.006781,0.003935,2.902791,0.00319,0.030914,0.871177,0.600014,0.698759,1.858661,1.899449,0.991296,0.995146,0.25905,0.0
8160,6266880,0.00011200460829493086,506.5,0.9,1.939908,102.87,71687,-0.007401,0.009364,2.8846,0.004221,0.053284,0.677346,0.571738,0.345319,1.808791,1.888943,0.994097,0.983293,0.316677,0.0
8170,6274560,0.00011177419354838708,506.5,0.79,1.776132,93.48,71770,-0.008917,0.025631,2.870258,0.004135,0.042633,0.454136,0.333736,0.287698,1.850753,1.880529,0.975911,0.975865,0.364435,0.0
8180,6282240,0.0001115437788018433,506.5,0.84,1.866573,93.98,71850,-0.007984,0.012625,2.880036,0.004663,0.050262,0.646307,0.619746,0.071365,1.865375,1.878383,1.020033,0.994166,0.346637,0.0
8190,6289920,0.00011131336405529952,506.5,0.8,1.772038,98.32,71926,-0.007697,0.02117,2.868855,0.003352,0.031311,0.771537,0.431192,0.617445,1.806944,1.88707,0.961548,0.971919,0.168937,0.0
8200,6297600,0.00011108294930875577,506.5,0.75,1.69968,117.27,71987,-0.006961,0.007503,2.880726,0.003178,0.031921,0.856004,0.712524,0.499894,1.861701,1.915393,0.974831,0.965634,0.233013,0.0
8210,6305280,0.00011085253456221198,506.5,0.77,1.73537,121.44,72052,-0.007802,0.011075,2.880654,0.004266,0.048615,0.691438,0.50956,0.438242,1.77624,1.897671,0.979422,0.989361,0.0988,0.0
8220,6312960,0.0001106221198156682,506.5,0.8,1.816817,109.22,72125,-0.008933,0.003319,2.834582,0.003815,0.039581,0.839749,0.541454,0.747409,1.793764,1.853789,0.971413,0.977309,0.235192,0.0
8230,6320640,0.00011039170506912442,506.5,0.83,1.853339,92.67,72211,-0.008272,0.009428,2.888121,0.004445,0.046478,0.6611,0.574501,0.305373,1.859916,1.877029,1.03613,0.99648,0.292324,0.0
8240,6328320,0.00011016129032258064,506.5,0.88,1.907064,93.32,72295,-0.008277,0.002173,2.872559,0.004032,0.042236,0.893683,0.743318,0.688545,1.867862,1.876561,0.940533,0.981694,0.438714,0.0
8250,6336000,0.00010993087557603684,506.5,0.85,1.877413,89.64,72378,-0.007995,0.009217,2.805974,0.003584,0.043732,0.528938,0.473383,0.435537,1.913122,1.848135,0.949742,0.938023,0.596955,0.0
8260,6343680,0.00010970046082949307,506.5,0.87,1.922231,89.85,72462,-0.007603,0.012297,2.843146,0.004422,0.040527,0.437055,0.471309,0.061462,1.929926,1.870612,0.9859,0.963579,0.448022,0.0
8270,6351360,0.00010947004608294931,506.6,0.85,1.839933,97.66,72540,-0.008406,0.011677,2.863767,0.003952,0.043182,0.754912,0.42875,0.578881,1.869378,1.904612,0.921514,0.954165,0.443741,0.0
8280,6359040,0.00010923963133640553,506.6,0.76,1.748334,106.93,72608,-0.007631,0.010729,2.831009,0.003777,0.045685,0.655286,0.402309,0.556001,1.896463,1.86548,0.887068,0.952452,0.297667,0.0
8290,6366720,0.00010900921658986175,506.6,0.72,1.662825,112.0,72676,-0.00858,0.014757,2.833642,0.004287,0.048279,0.757906,0.268974,0.676067,1.869011,1.876281,0.898589,0.949042,0.445491,0.0
8300,6374400,0.00010877880184331796,506.6,0.73,1.651651,89.05,72763,-0.008343,0.01705,2.871396,0.003927,0.042267,0.668103,0.271145,0.605158,1.908497,1.920262,0.888227,0.948688,0.367074,0.0
8310,6382080,0.00010854838709677418,506.6,0.74,1.696075,98.61,72840,-0.007952,0.014781,2.879154,0.004137,0.046509,0.666743,0.469697,0.402601,1.849717,1.919856,0.873824,0.954774,0.337608,0.0
8320,6389760,0.0001083179723502304,506.6,0.8,1.747038,99.04,72919,-0.008155,0.003389,2.842995,0.003713,0.035736,0.871522,0.815811,0.641466,1.938445,1.897674,0.724124,0.933956,0.399039,0.0
8330,6397440,0.00010808755760368661,506.6,0.78,1.753078,85.46,73011,-0.007547,0.010819,2.867327,0.003541,0.040192,0.556512,0.521016,0.17222,1.872781,1.91641,0.87533,0.935066,0.458855,0.0
8340,6405120,0.00010785714285714287,506.6,0.75,1.759437,90.2,73097,-0.009382,0.020967,2.850552,0.00385,0.041534,0.48699,0.249984,0.391267,1.910455,1.898564,0.908166,0.943319,0.605292,0.0
8350,6412800,0.00010762672811059908,506.6,0.85,1.871632,78.72,73195,-0.008057,0.008544,2.840502,0.00415,0.044312,0.806867,0.440927,0.674725,1.874662,1.883437,0.94308,0.954207,0.49494,0.0
8360,6420480,0.0001073963133640553,506.6,0.79,1.807564,80.63,73289,-0.006033,0.00991,2.851891,0.003558,0.038208,0.645716,0.525106,0.254097,1.921442,1.896947,0.963704,0.940765,0.544667,0.0
8370,6428160,0.00010716589861751152,506.6,0.72,1.699797,74.54,73392,-0.007123,0.027973,2.82429,0.003521,0.037872,0.307472,0.212202,0.168014,1.894189,1.876588,0.967255,0.941799,0.395847,0.0
8380,6435840,0.00010693548387096773,506.7,0.73,1.724655,91.79,73473,-0.007887,0.010876,2.855385,0.003345,0.030396,0.724078,0.385678,0.551526,1.883933,1.862847,0.939074,0.981171,0.453508,0.0
8390,6443520,0.00010670506912442395,506.7,0.79,1.784198,88.57,73563,-0.007355,0.009441,2.880835,0.002986,0.026794,0.610211,0.331487,0.523388,1.874684,1.900402,0.954659,0.982901,0.363967,0.0
8400,6451200,0.00010647465437788017,506.7,0.83,1.81296,76.11,73662,-0.006927,0.018176,2.850618,0.003474,0.033691,0.776842,0.343473,0.660302,1.865223,1.879349,0.973836,0.964997,0.417111,0.0
8410,6458880,0.00010624423963133637,506.7,0.78,1.775771,85.22,73748,-0.009092,0.031819,2.815491,0.003937,0.044067,0.411513,0.248101,0.283148,1.84281,1.873103,0.943637,0.939154,0.390929,0.0
8420,6466560,0.00010601382488479264,506.7,0.78,1.813196,94.93,73826,-0.008502,0.009168,2.820056,0.004389,0.048126,0.709009,0.564172,0.35222,1.843427,1.872295,0.979222,0.943026,0.445812,0.0
8430,6474240,0.00010578341013824884,506.7,0.78,1.73598,79.37,73920,-0.007992,0.008288,2.873741,0.004123,0.044098,0.6079,0.268041,0.599109,1.860094,1.91202,1.003013,0.95732,0.350861,0.0
8440,6481920,0.00010555299539170506,506.7,0.74,1.702779,102.89,73985,-0.007807,0.004704,2.86531,0.004501,0.051544,0.892271,0.402834,0.81961,1.893278,1.879326,0.996955,0.977955,0.389928,0.0
8450,6489600,0.00010532258064516128,506.7,0.8,1.806091,94.53,74074,-0.008276,0.006602,2.900555,0.003806,0.044617,0.804213,0.317976,0.720029,1.952397,1.914833,1.009758,0.981661,0.189846,0.0
8460,6497280,0.00010509216589861749,506.7,0.82,1.828179,99.11,74152,-0.007038,0.002391,2.84664,0.003184,0.025848,0.843964,0.453676,0.838497,1.918531,1.890525,0.957628,0.955138,0.440024,0.0
8470,6504960,0.00010486175115207371,506.7,0.67,1.592782,96.51,74233,-0.007498,0.010775,2.878794,0.004147,0.040527,0.227149,0.247955,0.328226,1.866896,1.889233,1.004978,0.984056,0.424859,0.0
8480,6512640,0.00010463133640552993,506.7,0.62,1.542764,101.46,74307,-0.007171,0.014757,2.888754,0.003946,0.038391,0.509191,0.328818,0.391672,1.917593,1.925268,1.010563,0.959196,0.307953,0.0
8490,6520320,0.00010440092165898618,506.7,0.69,1.63804,97.11,74384,-0.008679,0.010297,2.897884,0.004177,0.047821,0.418457,0.106282,0.533074,1.905237,1.915199,0.979713,0.973656,0.549592,0.0
8500,6528000,0.0001041705069124424,506.8,0.76,1.683586,91.16,74466,-0.007742,0.009617,2.848141,0.00289,0.025269,0.676322,0.338654,0.594871,1.914009,1.892759,0.975719,0.954227,0.306005,0.0
8510,6535680,0.00010394009216589861,506.7,0.78,1.72331,100.11,74539,-0.01007,0.008775,2.842823,0.004035,0.042358,0.700099,0.236521,0.705085,1.842719,1.881305,0.989067,0.962892,0.569682,0.0
8520,6543360,0.00010370967741935483,506.8,0.76,1.785048,79.52,74636,-0.007986,0.026756,2.820032,0.003414,0.033508,0.518471,0.454853,0.130811,1.836366,1.85979,0.947038,0.953925,0.489212,0.0
8530,6551040,0.00010347926267281105,506.8,0.8,1.811606,75.59,74737,-0.007309,0.02422,2.827642,0.003736,0.035492,0.48228,0.258679,0.336687,1.864294,1.855881,0.998023,0.960287,0.623051,0.0
8540,6558720,0.00010324884792626727,506.8,0.76,1.757341,71.69,74844,-0.007557,0.018062,2.797319,0.003359,0.02829,0.375663,0.165131,0.433875,1.800818,1.832238,0.967883,0.968449,0.547526,0.0
8550,6566400,0.00010301843317972348,506.8,0.84,1.816585,75.42,74946,-0.007563,0.026416,2.75754,0.003725,0.035187,0.386145,0.348695,0.129667,1.759066,1.788206,0.973381,0.959176,0.552553,0.0
8560,6574080,0.00010278801843317973,506.8,0.84,1.869971,85.29,75035,-0.007408,0.010088,2.794512,0.004216,0.046265,0.636915,0.439188,0.53424,1.850376,1.824194,0.952718,0.966614,0.477495,0.0
8570,6581760,0.00010255760368663595,506.8,0.82,1.831856,78.26,75131,-0.008054,0.01755,2.79216,0.003728,0.03949,0.632886,0.333569,0.469068,1.811008,1.804823,0.988025,0.984012,0.564012,0.0
8580,6589440,0.00010232718894009217,506.8,0.81,1.768206,74.3,75236,-0.007576,0.015216,2.819071,0.004443,0.055908,0.594757,0.438003,0.333201,1.862863,1.839365,0.988227,0.968276,0.619509,0.0
8590,6597120,0.00010209677419354839,506.8,0.78,1.783938,88.35,75318,-0.008391,0.012647,2.853315,0.004207,0.049835,0.575916,0.344872,0.457275,1.883392,1.862757,1.002312,0.979006,0.438822,0.0
8600,6604800,0.0001018663594470046,506.8,0.74,1.717608,87.6,75408,-0.007756,0.023441,2.797917,0.003852,0.033569,0.595509,0.464813,0.245057,1.8697,1.82579,0.955917,0.964764,0.547934,0.0
8610,6612480,0.00010163594470046082,506.8,0.76,1.710064,88.8,75491,-0.00687,0.015422,2.816663,0.004084,0.049408,0.690546,0.507686,0.378006,1.860893,1.845032,0.940604,0.960182,0.467104,0.0
8620,6620160,0.00010140552995391704,506.8,0.82,1.803239,87.4,75582,-0.007209,0.003092,2.866958,0.003372,0.031342,0.912908,0.713102,0.724762,1.940834,1.88002,0.958417,0.973335,0.507405,0.0
8630,6627840,0.00010117511520737324,506.9,0.83,1.836788,90.68,75668,-0.007364,0.006105,2.88098,0.003187,0.031006,0.857638,0.304784,0.80923,1.907637,1.893733,0.977826,0.972904,0.59153,0.0
8640,6635520,0.00010094470046082949,506.9,0.82,1.869477,94.34,75753,-0.007662,0.003981,2.86843,0.003413,0.037323,0.754335,0.804785,-0.040673,1.877485,1.873315,0.965071,0.983672,0.662277,0.0
8650,6643200,0.00010071428571428571,506.9,0.87,1.878423,99.75,75830,-0.005514,0.015885,2.876319,0.002493,0.020264,0.639134,0.293099,0.490507,1.957009,1.881226,1.016374,0.988461,0.585737,0.0
8660,6650880,0.00010048387096774193,506.9,0.87,1.859717,95.23,75910,-0.0075,0.00171,2.837826,0.004217,0.045746,0.908566,0.822548,0.710501,1.903843,1.851904,0.999075,0.984314,0.592002,0.0
8670,6658560,0.00010025345622119815,506.9,0.85,1.876894,89.6,75995,-0.007296,0.011174,2.815834,0.003627,0.03772,0.506217,0.460036,0.263337,1.900771,1.833435,0.965643,0.972692,0.62485,0.0
8680,6666240,0.00010002304147465436,506.9,0.72,1.650188,91.24,76075,-0.005933,0.023167,2.872282,0.003334,0.035095,0.529362,0.2837,0.350485,1.919422,1.880291,0.959081,0.97527,0.534987,0.0
8690,6673920,9.979262672811058e-05,506.9,0.7,1.692837,100.66,76148,-0.007713,0.008303,2.881519,0.004364,0.046906,0.747311,0.449691,0.541592,1.91927,1.900661,0.95972,0.969625,0.513562,0.0
8700,6681600,9.95622119815668e-05,506.9,0.74,1.725771,104.87,76223,-0.006933,0.010336,2.91419,0.003361,0.028381,0.862012,0.216843,0.824473,1.913473,1.924944,0.985018,0.97324,0.495662,0.0
8710,6689280,9.933179723502305e-05,506.9,0.69,1.682242,109.4,76296,-0.006874,0.003898,2.845554,0.002881,0.024292,0.815914,0.61214,0.702965,1.867697,1.887177,0.969194,0.943861,0.40182,0.0
8720,6696960,9.910138248847927e-05,506.9,0.76,1.774893,103.28,76370,-0.00614,0.022654,2.843252,0.002715,0.018768,0.576633,0.509335,0.149419,1.898113,1.904562,0.938521,0.93144,0.56415,0.0
8730,6704640,9.887096774193548e-05,506.9,0.73,1.706421,105.87,76443,-0.00638,0.013381,2.828851,0.002827,0.025757,0.458696,0.18132,0.428433,1.901258,1.899475,0.991949,0.925442,0.621794,0.0
8740,6712320,9.86405529953917e-05,506.9,0.74,1.668424,104.38,76514,-0.008463,0.020784,2.790436,0.004183,0.043457,0.463751,0.25037,0.335907,1.842583,1.835524,0.950776,0.939139,0.585171,0.0
8750,6720000,9.841013824884792e-05,506.9,0.8,1.77152,101.89,76591,-0.007771,0.00165,2.777725,0.003821,0.042542,0.90706,0.721693,0.797588,1.835577,1.811588,0.977328,0.945286,0.598201,0.0
8760,6727680,9.817972350230412e-05,506.9,0.82,1.797514,76.04,76693,-0.005601,0.030283,2.807959,0.002815,0.019592,0.535591,0.236642,0.432981,1.80988,1.825811,1.000014,0.97233,0.481342,0.0
8770,6735360,9.794930875576035e-05,507.0,0.76,1.779304,83.78,76781,-0.008931,0.007712,2.856576,0.004318,0.049042,0.6955,0.528599,0.445734,1.814867,1.863145,0.974171,0.979446,0.518871,0.0
8780,6743040,9.77188940092166e-05,507.0,0.82,1.820769,87.91,76872,-0.007861,0.011299,2.804285,0.005811,0.074738,0.650623,0.625189,0.129056,1.782457,1.859663,1.001696,0.94048,0.444405,0.0
8790,6750720,9.748847926267281e-05,507.0,0.83,1.81943,84.65,76963,-0.00707,0.012669,2.766726,0.002226,0.016205,0.548737,0.64159,-0.155409,1.785884,1.842687,1.004716,0.916174,0.521092,0.0
8800,6758400,9.725806451612903e-05,507.0,0.82,1.835973,98.62,77037,-0.007325,0.001723,2.853507,0.002643,0.022766,0.893116,0.798471,0.675056,1.696354,1.874183,0.984936,0.978782,0.365092,0.0
8810,6766080,9.702764976958524e-05,507.0,0.73,1.666474,86.73,77126,-0.006381,0.016679,2.867983,0.0031,0.023254,0.659305,0.329543,0.547971,1.823904,1.88451,0.99719,0.971676,0.420203,0.0
8820,6773760,9.679723502304146e-05,507.0,0.71,1.675856,106.08,77194,-0.005883,0.005488,2.873554,0.002879,0.020721,0.555093,0.651587,0.007659,1.840622,1.889481,0.972162,0.970904,0.364446,0.0
8830,6781440,9.656682027649768e-05,507.0,0.77,1.713049,86.38,77287,-0.006621,0.040588,2.836711,0.002962,0.025024,0.389047,0.299608,0.129122,1.846747,1.85758,0.978243,0.964398,0.534318,0.0
8840,6789120,9.63364055299539e-05,507.0,0.8,1.77322,89.52,77369,-0.007775,0.015055,2.75899,0.003857,0.039459,0.419671,0.284276,0.332844,1.824432,1.820575,0.957506,0.925893,0.421215,0.0
8850,6796800,9.610599078341011e-05,507.0,0.82,1.803908,70.12,77479,-0.006468,0.004167,2.792072,0.003054,0.026764,0.800278,0.632644,0.560728,1.86204,1.867666,0.933406,0.913533,0.518428,0.0
8860,6804480,9.587557603686636e-05,507.0,0.76,1.733981,91.4,77562,-0.007558,0.01284,2.83902,0.003778,0.039581,0.669907,0.467227,0.396527,1.894109,1.864373,0.972193,0.972278,0.317834,0.0
8870,6812160,9.564516129032258e-05,507.0,0.83,1.83736,82.64,77653,-0.007454,0.002802,2.806236,0.003068,0.027924,0.852537,0.796377,0.508272,1.793222,1.827811,0.991274,0.979149,0.441051,0.0
8880,6819840,9.54147465437788e-05,507.0,0.86,1.852637,74.73,77755,-0.007592,0.009749,2.813045,0.003387,0.032837,0.592009,0.437201,0.391317,1.824237,1.858851,0.965461,0.955139,0.28045,0.0
8890,6827520,9.518433179723502e-05,507.0,0.81,1.788595,73.54,77858,-0.006486,0.011776,2.852826,0.002457,0.018524,0.657157,0.446987,0.418779,1.864834,1.868374,1.002155,0.976242,0.310504,0.0
8900,6835200,9.495391705069123e-05,507.0,0.87,1.895742,87.23,77941,-0.005909,0.010801,2.875937,0.003481,0.029083,0.639194,0.454187,0.339836,1.907099,1.910087,0.938823,0.969066,0.320746,0.0
8910,6842880,9.472350230414745e-05,507.0,0.72,1.668541,105.77,78012,-0.007708,0.015074,2.891276,0.003252,0.032349,0.838453,0.124331,0.821484,1.937189,1.911956,0.946795,0.970399,0.449601,0.0
8920,6850560,9.449308755760367e-05,507.0,0.68,1.596018,104.76,78084,-0.007092,0.00784,2.89749,0.002336,0.014343,0.597146,0.37784,0.554706,1.93113,1.914306,0.94046,0.981528,0.448434,0.0
8930,6858240,9.426267281105992e-05,507.1,0.66,1.610343,111.39,78154,-0.007972,0.022485,2.886122,0.003432,0.035065,0.479,0.17063,0.416369,1.94135,1.927253,0.955259,0.962035,0.443907,0.0
8940,6865920,9.403225806451612e-05,507.1,0.64,1.526096,90.8,78245,-0.007321,0.019901,2.821367,0.002523,0.017792,0.195411,0.145414,0.360017,1.913646,1.885436,0.944584,0.921693,0.248441,0.0
8950,6873600,9.380184331797234e-05,507.1,0.8,1.810961,74.28,78345,-0.007681,0.007674,2.813971,0.003481,0.030731,0.772393,0.293136,0.727506,1.87362,1.866896,0.943218,0.938634,0.462862,0.0
8960,6881280,9.357142857142857e-05,507.1,0.77,1.745348,81.96,78439,-0.005753,0.011724,2.855099,0.002832,0.026215,0.630215,0.329355,0.545213,1.936584,1.903613,0.906983,0.94154,0.631616,0.0
8970,6888960,9.334101382488479e-05,507.1,0.77,1.749274,68.69,78548,-0.006665,0.010331,2.863475,0.002645,0.021301,0.319765,0.096734,0.595288,1.895998,1.896883,0.943523,0.959358,0.478018,0.0
8980,6896640,9.311059907834099e-05,507.1,0.73,1.71708,78.32,78650,-0.007708,0.022138,2.854117,0.003431,0.034241,0.504739,0.299039,0.340302,1.871882,1.87642,0.951704,0.969238,0.509479,0.0
8990,6904320,9.288018433179721e-05,507.1,0.73,1.709859,82.29,78739,-0.007566,0.011036,2.844527,0.004528,0.049774,0.554584,0.420329,0.293688,1.853124,1.870454,0.959588,0.96298,0.488727,0.0
9000,6912000,9.264976958525346e-05,507.1,0.82,1.817552,84.86,78833,-0.007097,0.012661,2.799204,0.003427,0.033051,0.67035,0.594393,0.249398,1.820183,1.842079,0.975433,0.946055,0.495405,0.0
9010,6919680,9.241935483870968e-05,507.1,0.76,1.779541,76.59,78932,-0.00702,0.030444,2.820113,0.003234,0.027313,0.414435,0.2528,0.317,1.872692,1.870426,0.920031,0.93942,0.507154,0.0
9020,6927360,9.21889400921659e-05,507.1,0.79,1.804383,82.6,79025,-0.006731,0.012424,2.8582,0.002776,0.022858,0.762651,0.418721,0.59935,1.84003,1.904708,0.960391,0.946864,0.479304,0.0
9030,6935040,9.195852534562211e-05,507.1,0.76,1.696349,87.44,79113,-0.007238,0.010813,2.849283,0.003996,0.043884,0.664586,0.479456,0.356675,1.89247,1.89237,0.872746,0.941015,0.605369,0.0
9040,6942720,9.172811059907833e-05,507.1,0.71,1.652628,84.79,79207,-0.007066,0.015476,2.780883,0.004504,0.04538,0.656134,0.268744,0.569045,1.863226,1.849888,0.9469,0.916731,0.574669,0.0
9050,6950400,9.149769585253455e-05,507.2,0.83,1.840641,78.57,79304,-0.006664,0.008721,2.813838,0.003247,0.032898,0.607726,0.548402,0.365262,1.920898,1.888861,0.905545,0.910871,0.51446,0.0
9060,6958080,9.126728110599076e-05,507.2,0.82,1.806077,85.15,79394,-0.007224,0.01735,2.861694,0.004348,0.048828,0.524807,0.523645,0.285489,1.922602,1.916053,0.976636,0.940442,0.482493,0.0
9070,6965760,9.103686635944698e-05,507.2,0.72,1.670157,96.83,79469,-0.005925,0.010061,2.869862,0.003414,0.026642,0.843194,0.505082,0.683665,1.916742,1.920372,0.921431,0.936211,0.521974,0.0
9080,6973440,9.080645161290323e-05,507.2,0.74,1.71522,91.49,79557,-0.005765,0.016691,2.830893,0.002771,0.020935,0.56643,0.342065,0.392035,1.914055,1.873779,0.964081,0.935027,0.568327,0.0
9090,6981120,9.057603686635945e-05,507.2,0.63,1.611016,91.19,79638,-0.007443,0.015875,2.843169,0.003559,0.038116,0.700562,0.192554,0.64529,1.932847,1.892706,0.927014,0.935934,0.573477,0.0
9100,6988800,9.034562211981567e-05,507.2,0.77,1.762787,95.11,79722,-0.007106,0.003385,2.857719,0.002779,0.024811,0.889215,0.705288,0.651802,1.899993,1.917685,0.979095,0.931447,0.504934,0.0
9110,6996480,9.011520737327188e-05,507.2,0.79,1.807714,87.38,79813,-0.007339,0.014657,2.836958,0.003894,0.037811,0.743952,0.433473,0.549513,1.894208,1.867212,0.980351,0.961115,0.51879,0.0
9120,7004160,8.98847926267281e-05,507.2,0.71,1.658857,71.1,79919,-0.008206,0.019661,2.802842,0.004082,0.047394,0.677101,0.490228,0.390986,1.898957,1.855252,0.97794,0.938145,0.348441,0.0
9130,7011840,8.965437788018432e-05,507.2,0.56,1.506676,92.32,79998,-0.0071,0.018623,2.876087,0.003259,0.026764,0.688184,0.242544,0.607073,1.957046,1.911245,0.987145,0.951399,0.412808,0.0
9140,7019520,8.942396313364054e-05,507.2,0.77,1.753865,93.12,80078,-0.008076,0.02017,2.848175,0.004629,0.054108,0.68735,0.22123,0.636426,1.960024,1.878018,0.941702,0.956592,0.486571,0.0
9150,7027200,8.919354838709678e-05,507.2,0.77,1.690637,77.31,80176,-0.007358,0.015275,2.872347,0.003867,0.043152,0.607,0.287931,0.589164,1.920691,1.916569,0.952258,0.947129,0.554368,0.0
9160,7034880,8.896313364055299e-05,507.3,0.81,1.808626,77.45,80275,-0.006494,0.00852,2.889678,0.00416,0.036316,0.830007,0.671959,0.502847,1.949448,1.929639,1.000943,0.945756,0.450652,0.0
9170,7042560,8.873271889400921e-05,507.3,0.71,1.683786,77.57,80378,-0.006283,0.024441,2.88771,0.002541,0.018494,0.485807,0.391928,0.180078,1.929646,1.909571,1.002678,0.963541,0.578654,0.0
9180,7050240,8.850230414746543e-05,507.3,0.72,1.676211,92.46,80458,-0.006928,0.02749,2.87716,0.002779,0.020905,0.419524,0.278986,0.266144,1.934684,1.922238,0.971627,0.947405,0.411971,0.0
9190,7057920,8.827188940092165e-05,507.3,0.75,1.725177,88.23,80542,-0.006173,0.015267,2.819349,0.003033,0.026093,0.687857,0.412757,0.513201,1.883287,1.870433,0.982391,0.94638,0.367772,0.0
9200,7065600,8.804147465437786e-05,507.3,0.89,1.934825,83.14,80634,-0.007471,0.00264,2.815882,0.003454,0.030212,0.894653,0.8158,0.555968,1.899377,1.855243,0.978262,0.95051,0.55567,0.0
9210,7073280,8.781105990783408e-05,507.3,0.82,1.816299,89.25,80719,-0.007648,0.035764,2.829544,0.003411,0.037476,0.736779,0.376927,0.580952,1.825355,1.862855,0.981915,0.952275,0.504677,0.0
9220,7080960,8.758064516129033e-05,507.3,0.75,1.74957,97.03,80802,-0.006724,0.02258,2.837018,0.003179,0.026978,0.524264,0.181637,0.515237,1.900415,1.864045,0.996844,0.976037,0.538883,0.0
9230,7088640,8.735023041474655e-05,507.3,0.78,1.735928,79.13,80897,-0.007386,0.013453,2.925219,0.003681,0.037537,0.508894,0.162756,0.567542,1.963025,1.929675,1.024939,0.985413,0.643437,0.0
9240,7096320,8.711981566820276e-05,507.3,0.73,1.743435,106.24,80969,-0.007879,0.002145,2.895072,0.003671,0.034393,0.892737,0.690097,0.790865,1.884302,1.897823,1.04593,0.981546,0.616812,0.0
9250,7104000,8.688940092165898e-05,507.3,0.86,1.899085,92.42,81052,-0.005783,0.009412,2.891754,0.003131,0.029907,0.773883,0.442259,0.598101,1.936614,1.924049,1.022451,0.964892,0.55702,0.0
9260,7111680,8.66589861751152e-05,507.3,0.68,1.592842,99.02,81125,-0.00758,0.017496,2.901303,0.00411,0.040833,0.779465,0.420492,0.62971,2.018838,1.936617,1.007696,0.949615,0.421093,0.0
9270,7119360,8.642857142857142e-05,507.4,0.61,1.519146,116.2,81187,-0.006572,0.008291,2.907492,0.003094,0.023193,0.864806,0.570008,0.691453,1.961874,1.926291,1.019878,0.971796,0.300667,0.0
9280,7127040,8.619815668202763e-05,507.4,0.62,1.54868,116.4,81256,-0.006503,0.01445,2.823313,0.002702,0.022034,0.8749,0.215255,0.840822,1.878232,1.878868,1.022087,0.928033,0.449328,0.0
9290,7134720,8.596774193548385e-05,507.4,0.73,1.703473,93.35,81341,-0.00719,0.013965,2.875807,0.003094,0.029266,0.677988,0.311949,0.546402,1.888959,1.890229,1.024295,0.974813,0.466224,0.0
9300,7142400,8.57373271889401e-05,507.4,0.77,1.776658,91.4,81424,-0.006143,0.003887,2.872618,0.002759,0.026764,0.767991,0.47671,0.750856,1.889111,1.863896,1.020296,0.98978,0.484407,0.0
9310,7150080,8.550691244239632e-05,507.4,0.83,1.830751,77.2,81523,-0.006838,0.021448,2.854245,0.003673,0.041687,0.615683,0.456006,0.316038,1.866194,1.862737,1.004896,0.986323,0.445444,0.0
9320,7157760,8.527649769585254e-05,507.4,0.81,1.775457,80.31,81615,-0.006781,0.020003,2.906884,0.003896,0.041931,0.639652,0.337212,0.45635,1.907665,1.904731,1.034063,0.994652,0.582782,0.0
9330,7165440,8.504608294930874e-05,507.4,0.72,1.656161,88.64,81706,-0.00648,0.015109,2.919149,0.002992,0.024017,0.817985,0.221348,0.767772,1.920224,1.901572,1.041534,1.003529,0.448295,0.0
9340,7173120,8.481566820276496e-05,507.4,0.76,1.756625,102.95,81779,-0.006523,0.014537,2.853423,0.002952,0.029297,0.779951,0.208649,0.727068,1.874617,1.862731,1.013402,0.977268,0.491586,0.0
9350,7180800,8.458525345622118e-05,507.4,0.78,1.7076,72.57,81884,-0.007415,0.003561,2.861941,0.003315,0.032654,0.881459,0.352676,0.844186,1.936583,1.871846,1.013457,0.979544,0.456767,0.0
9360,7188480,8.435483870967739e-05,507.4,0.83,1.850699,72.21,81988,-0.006687,0.004071,2.848585,0.003147,0.025482,0.794614,0.749536,0.399698,1.858441,1.855975,1.022274,0.984783,0.511908,0.0
9370,7196160,8.412442396313365e-05,507.4,0.85,1.863201,73.5,82091,-0.007011,0.002553,2.854373,0.003197,0.030853,0.87078,0.779657,0.582503,1.945544,1.866731,1.012835,0.973976,0.547751,0.0
9380,7203840,8.389400921658986e-05,507.4,0.76,1.74547,79.53,82187,-0.007464,0.012355,2.859826,0.003341,0.033539,0.435265,0.263177,0.406901,1.89221,1.891421,0.97612,0.964963,0.503039,0.0
9390,7211520,8.366359447004608e-05,507.5,0.79,1.777934,90.78,82268,-0.006603,0.02733,2.932408,0.002711,0.01828,0.415396,0.355007,0.120547,1.976679,1.936038,0.98035,0.980564,0.624586,0.0
9400,7219200,8.34331797235023e-05,507.5,0.86,1.902046,79.8,82367,-0.005846,0.01091,2.807667,0.002148,0.011505,0.696767,0.63432,0.270239,1.879114,1.840733,0.970874,0.964163,0.60269,0.0
9410,7226880,8.320276497695851e-05,507.4,0.8,1.816496,81.17,82460,-0.006206,0.012259,2.853023,0.003864,0.040649,0.651684,0.355461,0.569657,1.887623,1.883844,0.955392,0.961645,0.486753,0.0
9420,7234560,8.297235023041473e-05,507.5,0.83,1.831663,80.25,82557,-0.007512,0.016441,2.829282,0.004927,0.057526,0.61371,0.446497,0.389356,1.902557,1.857217,0.972518,0.963391,0.539096,0.0
9430,7242240,8.274193548387095e-05,507.5,0.89,1.924468,77.64,82656,-0.006321,0.002143,2.85963,0.002448,0.017029,0.905544,0.898438,0.134923,1.918184,1.903074,0.935325,0.950447,0.591815,0.0
9440,7249920,8.25115207373272e-05,507.5,0.86,1.898059,86.96,82741,-0.005889,0.014685,2.918535,0.002585,0.016296,0.761635,0.505778,0.523746,1.942055,1.937733,0.971169,0.974236,0.516488,0.0
9450,7257600,8.228110599078342e-05,507.5,0.78,1.739023,88.25,82830,-0.005543,0.023151,2.873982,0.001684,0.009918,0.506301,0.411796,0.170897,1.879682,1.91596,0.939216,0.957243,0.321855,0.0
9460,7265280,8.205069124423963e-05,507.5,0.81,1.792994,85.2,82919,-0.005923,0.010545,2.896276,0.002044,0.013702,0.700341,0.683188,0.122548,1.916896,1.915522,0.972375,0.968384,0.518282,0.0
9470,7272960,8.182027649769585e-05,507.5,0.88,1.951418,99.94,82999,-0.007249,0.002231,2.913906,0.003735,0.037598,0.893335,0.872355,0.371543,1.94619,1.936807,0.947703,0.969093,0.5244,0.0
9480,7280640,8.158986175115207e-05,507.5,0.81,1.79443,88.31,83084,-0.005699,0.015657,2.957283,0.001992,0.011963,0.633053,0.532706,0.252211,1.995592,1.967562,0.998038,0.984286,0.40019,0.0
9490,7288320,8.135944700460827e-05,507.5,0.77,1.751917,96.05,83160,-0.006705,0.002203,2.928755,0.002992,0.027679,0.879118,0.611986,0.824917,1.998777,1.933634,0.986136,0.980681,0.447074,0.0
9500,7296000,8.11290322580645e-05,507.5,0.84,1.771743,88.23,83252,-0.006378,0.010265,2.96847,0.003385,0.035553,0.549276,0.307922,0.556216,1.973039,1.954298,0.987294,1.001158,0.436129,0.0
9510,7303680,8.089861751152074e-05,507.5,0.71,1.670301,91.29,83334,-0.00689,0.021372,2.950677,0.002541,0.023224,0.460506,0.250085,0.407725,1.99168,1.967037,0.987753,0.971729,0.493171,0.0
9520,7311360,8.066820276497696e-05,507.5,0.71,1.65852,90.99,83421,-0.006804,0.009012,2.908542,0.003133,0.025543,0.563671,0.439876,0.506865,1.938676,1.918795,0.981584,0.973086,0.436094,0.0
9530,7319040,8.043778801843318e-05,507.5,0.82,1.783532,78.3,83515,-0.006801,0.012742,2.927928,0.002752,0.024933,0.450282,0.276652,0.423537,1.898595,1.944549,0.947663,0.969831,0.448575,0.0
9540,7326720,8.020737327188939e-05,507.5,0.69,1.622917,88.86,83603,-0.007205,0.023151,2.9295,0.002703,0.030334,0.64809,0.477792,0.330405,1.911376,1.932738,0.992007,0.981984,0.552906,0.0
9550,7334400,7.997695852534561e-05,507.6,0.86,1.873332,86.03,83695,-0.007242,0.004192,2.853051,0.003239,0.028564,0.824926,0.580814,0.621373,1.91574,1.856067,0.974776,0.971797,0.541249,0.0
9560,7342080,7.974654377880183e-05,507.6,0.84,1.850764,86.0,83784,-0.007039,0.007756,2.897802,0.002633,0.024445,0.755763,0.433776,0.613958,1.944578,1.898432,0.99006,0.9899,0.594131,0.0
9570,7349760,7.951612903225805e-05,507.6,0.83,1.821241,82.81,83876,-0.005661,0.005763,2.885375,0.002467,0.0177,0.779271,0.596235,0.585439,1.977119,1.891908,1.000632,0.982823,0.466283,0.0
9580,7357440,7.928571428571426e-05,507.6,0.74,1.678245,91.54,83957,-0.006042,0.009206,2.895628,0.002892,0.021973,0.857425,0.210634,0.820292,1.969639,1.908058,1.007861,0.969948,0.512044,0.0
9590,7365120,7.905529953917051e-05,507.6,0.7,1.673435,103.54,84030,-0.005674,0.012863,2.882601,0.001901,0.011475,0.595588,0.217648,0.547547,1.906355,1.921078,0.937646,0.955158,0.536312,0.0
9600,7372800,7.882488479262673e-05,507.6,0.72,1.690042,89.73,84116,-0.006496,0.009206,2.840888,0.002047,0.011932,0.681198,0.222553,0.629574,1.818742,1.88535,0.893212,0.944382,0.555559,0.0
9610,7380480,7.859447004608295e-05,507.6,0.68,1.646088,86.29,84205,-0.006443,0.023829,2.782751,0.001818,0.010437,0.649137,0.40112,0.420379,1.829504,1.855493,0.859359,0.91289,0.528809,0.0
9620,7388160,7.836405529953917e-05,507.6,0.75,1.685551,69.21,84315,-0.0063,0.007271,2.767632,0.00255,0.016449,0.873312,0.36059,0.803056,1.816732,1.847369,0.953116,0.920019,0.492966,0.0
9630,7395840,7.813364055299538e-05,507.6,0.66,1.593301,73.7,84419,-0.006614,0.017167,2.770285,0.003622,0.030792,0.557646,0.322242,0.375273,1.848401,1.843264,0.958053,0.912832,0.593491,0.0
9640,7403520,7.79032258064516e-05,507.6,0.8,1.81233,87.52,84510,-0.006697,0.00904,2.780755,0.003168,0.032562,0.718789,0.66747,0.353819,1.899243,1.847962,0.981972,0.934535,0.526673,0.0
9650,7411200,7.767281105990782e-05,507.6,0.85,1.877192,78.51,84606,-0.006249,0.011257,2.783322,0.002269,0.016174,0.532684,0.402645,0.310273,1.840799,1.837213,0.949181,0.934587,0.504674,0.0
9660,7418880,7.744239631336407e-05,507.6,0.86,1.885319,82.29,84700,-0.0072,0.020287,2.75178,0.003149,0.031433,0.540502,0.482213,0.151665,1.791756,1.814593,0.968155,0.930147,0.600201,0.0
9670,7426560,7.721198156682029e-05,507.6,0.81,1.788128,74.39,84802,-0.00762,0.002556,2.760029,0.003131,0.033569,0.871587,0.857408,0.536096,1.798483,1.79182,0.959268,0.949401,0.48814,0.0
9680,7434240,7.698156682027649e-05,507.7,0.82,1.811825,76.66,84903,-0.006314,0.018672,2.73537,0.002153,0.016876,0.474394,0.43154,0.338393,1.746263,1.751563,1.005564,0.968845,0.468202,0.0
9690,7441920,7.675115207373271e-05,507.7,0.81,1.802748,95.48,84979,-0.007013,0.008357,2.817054,0.003809,0.038391,0.864582,0.450708,0.753717,1.886985,1.811321,1.008989,0.998135,0.273125,0.0
9700,7449600,7.652073732718893e-05,507.7,0.78,1.744134,112.38,85043,-0.006401,0.010179,2.883729,0.002466,0.021576,0.815048,0.678383,0.425434,1.768063,1.872713,1.027963,0.999931,0.444705,0.0
9710,7457280,7.629032258064514e-05,507.7,0.73,1.674742,104.87,85121,-0.007132,0.009037,2.843771,0.003474,0.033386,0.889713,0.594531,0.728088,1.817361,1.830281,1.00154,1.000755,0.122447,0.0
9720,7464960,7.605990783410136e-05,507.7,0.72,1.664226,89.73,85210,-0.005964,0.015259,2.825635,0.002124,0.012665,0.746271,0.661744,0.253671,1.850105,1.828833,1.018669,0.993058,0.197506,0.0
9730,7472640,7.582949308755761e-05,507.7,0.85,1.822033,81.96,85305,-0.007289,0.007314,2.793296,0.003424,0.036621,0.799312,0.497086,0.646872,1.833622,1.810638,1.016672,0.979541,0.338229,0.0
9740,7480320,7.559907834101383e-05,507.7,0.85,1.839768,80.32,85399,-0.006362,0.011158,2.884753,0.001728,0.009949,0.711109,0.561071,0.473573,1.872869,1.880757,1.028851,0.9825,0.254538,0.0
9750,7488000,7.536866359447005e-05,507.7,0.82,1.833704,105.36,85468,-0.006586,0.006157,2.853482,0.002671,0.024323,0.915007,0.562869,0.805577,1.870697,1.852216,1.019075,0.983391,0.140645,0.0
9760,7495680,7.513824884792626e-05,507.7,0.82,1.85656,108.26,85538,-0.006499,0.003041,2.863489,0.003575,0.040833,0.923248,0.545318,0.868968,1.854081,1.871016,1.023072,0.980564,0.121084,0.0
9770,7503360,7.490783410138248e-05,507.7,0.7,1.609601,109.74,85606,-0.007533,0.005678,2.883407,0.003233,0.030334,0.908945,0.29432,0.892153,1.861274,1.893955,1.012487,0.978436,0.289874,0.0
9780,7511040,7.46774193548387e-05,507.7,0.65,1.574901,120.49,85672,-0.00712,0.015458,2.870225,0.005054,0.060028,0.789113,0.44345,0.62227,1.837205,1.9002,0.975643,0.957704,0.27033,0.0
9790,7518720,7.44470046082949e-05,507.8,0.72,1.693933,102.17,85749,-0.006094,0.002843,2.862377,0.002817,0.021881,0.87392,0.712582,0.686181,1.850336,1.881395,1.006393,0.962658,0.346429,0.0
9800,7526400,7.421658986175113e-05,507.8,0.81,1.794402,97.08,85830,-0.006721,0.008403,2.870544,0.003235,0.030853,0.805464,0.582174,0.537183,1.814448,1.875481,0.970946,0.983198,0.404575,0.0
9810,7534080,7.398617511520738e-05,507.8,0.76,1.722683,88.12,85920,-0.00596,0.016567,2.855276,0.003002,0.027252,0.507194,0.462966,0.213533,1.813479,1.881238,1.0042,0.972426,0.372392,0.0
9820,7541760,7.37557603686636e-05,507.8,0.9,1.901467,85.84,86010,-0.005766,0.011273,2.872482,0.002805,0.024689,0.727999,0.666724,0.238876,1.861315,1.859339,0.993276,1.002053,0.366019,0.0
9830,7549440,7.352534562211982e-05,507.8,0.79,1.771808,79.21,86105,-0.005119,0.016234,2.839456,0.001767,0.008331,0.623571,0.444658,0.355667,1.863115,1.859411,0.978404,0.966713,0.493954,0.0
9840,7557120,7.329493087557602e-05,507.8,0.69,1.642063,91.38,86181,-0.006379,0.011769,2.883258,0.003043,0.026154,0.828594,0.314917,0.750498,1.921106,1.874366,1.006619,0.990188,0.380001,0.0
9850,7564800,7.306451612903224e-05,507.8,0.7,1.631163,97.99,86264,-0.006075,0.015944,2.891246,0.00208,0.011536,0.608644,0.090576,0.657178,1.885589,1.887187,0.992876,0.994915,0.475521,0.0
9860,7572480,7.283410138248846e-05,507.8,0.83,1.807875,87.67,86350,-0.005308,0.002938,2.921775,0.002041,0.010406,0.822015,0.603237,0.622102,1.85818,1.894964,1.010075,1.016934,0.517165,0.0
9870,7580160,7.260368663594469e-05,507.8,0.73,1.640827,91.68,86428,-0.006262,0.015704,2.855172,0.002809,0.018158,0.660319,0.446682,0.394454,1.808232,1.846078,1.012085,1.001175,0.53666,0.0
9880,7587840,7.237327188940093e-05,507.8,0.78,1.76083,90.54,86514,-0.00684,0.010814,2.866079,0.001864,0.010223,0.620257,0.698925,-0.124146,1.838833,1.86775,1.002149,0.995375,0.418495,0.0
9890,7595520,7.214285714285714e-05,507.8,0.77,1.760167,73.35,86618,-0.00595,0.024857,2.904848,0.001922,0.010559,0.46984,0.259068,0.36096,1.907842,1.899379,0.997697,0.999316,0.416109,0.0
9900,7603200,7.191244239631336e-05,507.8,0.73,1.698488,81.62,86710,-0.006001,0.016637,2.870913,0.00218,0.013977,0.707319,0.407272,0.511449,1.883998,1.887796,0.981245,0.970026,0.476086,0.0
9910,7610880,7.168202764976958e-05,507.8,0.79,1.792133,82.87,86802,-0.005683,0.013081,2.899396,0.002802,0.02179,0.547507,0.333973,0.465512,1.898226,1.901746,0.954332,0.983645,0.504567,0.0
9920,7618560,7.14516129032258e-05,507.8,0.71,1.69784,84.77,86895,-0.007279,0.01716,2.896773,0.002958,0.028076,0.452203,0.459919,0.060892,1.896934,1.903982,0.97446,0.978709,0.542446,0.0
9930,7626240,7.122119815668201e-05,507.8,0.72,1.702914,77.15,86995,-0.006537,0.002917,2.860357,0.002643,0.022064,0.878418,0.706127,0.717953,1.919038,1.9011,0.927465,0.942307,0.459685,0.0
9940,7633920,7.099078341013823e-05,507.9,0.82,1.829229,72.47,87100,-0.005414,0.013059,2.848085,0.002226,0.023193,0.59321,0.580419,0.06,1.892187,1.892505,0.917806,0.945756,0.456906,0.0
9950,7641600,7.076036866359448e-05,507.9,0.85,1.877447,72.98,87206,-0.006962,0.003063,2.827996,0.003051,0.023285,0.884338,0.832148,0.584307,1.81749,1.851424,0.936439,0.957329,0.415687,0.0
9960,7649280,7.05299539170507e-05,507.9,0.83,1.816816,66.83,87321,-0.005916,0.021932,2.791094,0.002101,0.012329,0.635781,0.420776,0.39932,1.823435,1.811895,0.922034,0.972686,0.547352,0.0
9970,7656960,7.029953917050692e-05,507.9,0.81,1.801596,80.64,87413,-0.005302,0.010078,2.849893,0.002327,0.014923,0.752644,0.671191,0.264094,1.902022,1.857802,0.941903,0.988974,0.430504,0.0
9980,7664640,7.006912442396313e-05,507.8,0.78,1.752704,81.85,87510,-0.006138,0.018027,2.831063,0.002746,0.023438,0.553514,0.390079,0.28025,1.870878,1.869535,0.906904,0.961761,0.591905,0.0
9990,7672320,6.983870967741935e-05,507.8,0.8,1.813643,88.34,87594,-0.005127,0.012243,2.828849,0.003048,0.024506,0.55938,0.539637,0.120532,1.741333,1.848091,0.953458,0.981186,0.454263,0.0
10000,7680000,6.960829493087557e-05,507.7,0.88,1.88,85.33,87686,-0.005906,0.00287,2.854379,0.002452,0.014862,0.859568,0.725629,0.530404,1.802867,1.855428,0.992196,0.990817,0.502087,0.0
10010,7687680,6.937788018433177e-05,507.7,0.89,1.918594,99.58,87757,-0.005126,0.014043,2.846203,0.001427,0.006836,0.590544,0.493319,0.286179,1.818463,1.87215,0.967291,0.968407,0.474528,0.0
10020,7695360,6.9147465437788e-05,507.6,0.76,1.728532,95.98,87841,-0.005405,0.006145,2.911455,0.002341,0.016052,0.662907,0.503233,0.518492,1.810993,1.880928,0.973293,1.016963,0.527957,0.0
10030,7703040,6.891705069124424e-05,507.6,0.8,1.777543,97.26,87915,-0.005823,0.013989,2.865383,0.002603,0.018127,0.71086,0.489052,0.442062,1.816734,1.846094,1.01453,1.005803,0.573451,0.0
10040,7710720,6.868663594470046e-05,507.5,0.82,1.83341,108.38,87987,-0.00617,0.018803,2.809346,0.002766,0.026276,0.582742,0.507292,0.161513,1.758613,1.830496,0.966771,0.969921,0.517704,0.0
10050,7718400,6.845622119815668e-05,507.5,0.76,1.733466,85.03,88078,-0.00669,0.020996,2.886483,0.003063,0.030731,0.695904,0.522316,0.37024,1.868102,1.869375,1.02702,1.007715,0.317559,0.0
10060,7726080,6.822580645161289e-05,507.4,0.87,1.896149,86.2,88165,-0.00542,0.002072,2.860221,0.001589,0.007751,0.880463,0.832055,0.513086,1.781644,1.841624,1.003231,1.005709,0.401759,0.0
10070,7733760,6.799539170506911e-05,507.3,0.89,1.914987,92.79,88249,-0.004554,0.002626,2.871293,0.002086,0.013733,0.934229,0.899163,0.468146,1.813061,1.876847,0.973406,0.993922,0.413587,0.0
10080,7741440,6.776497695852533e-05,507.2,0.81,1.780613,103.01,88322,-0.005375,0.008429,2.899694,0.002773,0.023438,0.825072,0.426371,0.699818,1.895102,1.891567,1.015406,1.00475,0.350349,0.0
10090,7749120,6.753456221198154e-05,507.2,0.77,1.79,107.19,88393,-0.005585,0.002218,2.912245,0.002117,0.015381,0.917799,0.616143,0.791066,1.845281,1.90016,0.984553,1.002619,0.377559,0.0
10100,7756800,6.73041474654378e-05,507.2,0.79,1.782437,91.72,88478,-0.004951,0.014829,2.89844,0.00155,0.009277,0.728701,0.554275,0.42348,1.880415,1.886015,0.986581,1.000301,0.266114,0.0
10110,7764480,6.707373271889401e-05,507.2,0.85,1.89863,100.29,88551,-0.006615,0.0205,2.906642,0.003082,0.025909,0.556693,0.445809,0.201766,1.895458,1.886829,0.980836,1.003786,0.511661,0.0
10120,7772160,6.684331797235023e-05,507.2,0.84,1.87053,100.7,88632,-0.005801,0.009204,2.884047,0.001942,0.012451,0.78373,0.595875,0.496069,1.887485,1.88078,0.995766,0.99128,0.326445,0.0
10130,7779840,6.661290322580645e-05,507.2,0.8,1.825564,100.08,88708,-0.006404,0.00313,2.837675,0.002729,0.024963,0.93433,0.891178,0.665321,1.801491,1.877952,1.01687,0.94644,0.147167,0.0
10140,7787520,6.638248847926266e-05,507.2,0.88,1.888159,85.74,88800,-0.006471,0.008502,2.857144,0.001962,0.014771,0.808035,0.670157,0.505158,1.864502,1.864022,1.022887,0.984945,0.162604,0.0
10150,7795200,6.615207373271888e-05,507.2,0.81,1.819778,89.22,88884,-0.004995,0.019837,2.812613,0.002057,0.015198,0.825207,0.613352,0.577238,1.786671,1.79557,0.955262,1.002368,0.18151,0.0
10160,7802880,6.59216589861751e-05,507.2,0.77,1.804713,104.61,88961,-0.005302,0.017659,2.857027,0.002542,0.020416,0.687887,0.588808,0.266871,1.916138,1.857032,0.953477,0.981565,0.160592,0.0
10170,7810560,6.569124423963135e-05,507.2,0.8,1.809952,101.56,89035,-0.005167,0.016895,2.778261,0.001962,0.016693,0.70516,0.569545,0.331771,1.867319,1.814946,0.968179,0.96131,0.193463,0.0
10180,7818240,6.546082949308757e-05,507.2,0.88,1.899413,92.69,89121,-0.005418,0.014998,2.899103,0.002369,0.019989,0.812924,0.735266,0.307806,1.894748,1.906612,1.013195,0.988643,0.219836,0.0
10190,7825920,6.523041474654377e-05,507.2,0.88,1.867332,94.86,89202,-0.005261,0.010711,2.939606,0.002924,0.027374,0.676113,0.561006,0.379132,1.943785,1.929105,0.994407,0.998853,0.37787,0.0
10200,7833600,6.5e-05,507.3,0.89,1.874327,91.08,89286,-0.005974,0.009255,2.911147,0.003143,0.033783,0.787353,0.722554,0.240668,1.902414,1.924159,0.934098,0.977746,0.293719,0.0
10210,7841280,6.476958525345621e-05,507.2,0.86,1.852734,90.54,89373,-0.006579,0.002203,2.903063,0.003006,0.024445,0.924388,0.935368,0.183858,1.955336,1.927227,0.94743,0.969105,0.230139,0.0
10220,7848960,6.453917050691244e-05,507.3,0.89,1.900344,95.88,89450,-0.006178,0.00264,2.945439,0.002698,0.021942,0.949292,0.813175,0.755497,2.004945,1.960713,1.00493,0.965979,0.099737,0.0
10230,7856640,6.430875576036864e-05,507.3,0.88,1.935983,98.87,89528,-0.006144,0.004644,2.928805,0.002762,0.023041,0.90381,0.576707,0.819238,1.949803,1.929438,1.002294,0.985136,0.168685,0.0
10240,7864320,6.407834101382486e-05,507.3,0.86,1.813652,85.13,89618,-0.005205,0.012805,2.946793,0.002475,0.018494,0.848517,0.733978,0.435178,1.946495,1.931226,1.001157,1.003902,0.287252,0.0
10250,7872000,6.384792626728111e-05,507.3,0.82,1.788065,103.01,89688,-0.005469,0.0086,2.905581,0.002114,0.012146,0.803476,0.671512,0.402109,1.9376,1.918389,0.94082,0.974772,0.377258,0.0
10260,7879680,6.361751152073733e-05,507.3,0.83,1.836109,108.56,89758,-0.006822,0.00863,2.922794,0.003613,0.03717,0.574808,0.533859,0.230895,1.950106,1.917975,0.926087,0.9879,0.541019,0.0
10270,7887360,6.338709677419355e-05,507.3,0.73,1.681712,87.65,89850,-0.005502,0.025318,2.916154,0.002263,0.014374,0.610454,0.518828,0.211237,1.894328,1.926455,0.91371,0.980803,0.311166,0.0
10280,7895040,6.315668202764976e-05,507.3,0.77,1.779693,96.82,89921,-0.004938,0.010182,2.875551,0.001743,0.006348,0.674962,0.638263,0.173446,1.880298,1.871021,0.925548,0.98404,0.328897,0.0
10290,7902720,6.292626728110598e-05,507.3,0.84,1.791981,97.92,90003,-0.005063,0.012547,2.808153,0.00151,0.006683,0.836705,0.832954,0.022562,1.858793,1.817331,0.954449,0.975537,0.28214,0.0
10300,7910400,6.26958525345622e-05,507.4,0.85,1.855527,97.89,90080,-0.006108,0.010209,2.843327,0.002113,0.014618,0.797308,0.720813,0.279074,1.858784,1.82385,0.934577,1.006858,0.241684,0.0
10310,7918080,6.246543778801841e-05,507.4,0.85,1.841114,106.18,90153,-0.005292,0.001998,2.872997,0.002016,0.014984,0.930526,0.86983,0.631358,1.891561,1.860484,0.955296,0.990244,0.312782,0.0
10320,7925760,6.223502304147467e-05,507.4,0.84,1.840245,101.72,90225,-0.005023,0.008021,2.805426,0.00156,0.006012,0.815317,0.682667,0.477496,1.817162,1.85847,0.931567,0.94074,0.245321,0.0
10330,7933440,6.200460829493088e-05,507.4,0.85,1.845747,112.46,90292,-0.004813,0.002213,2.866819,0.002188,0.012024,0.930577,0.802313,0.648853,1.836257,1.873872,0.926737,0.990908,0.276029,0.0
10340,7941120,6.17741935483871e-05,507.4,0.85,1.848558,118.05,90358,-0.003924,0.019622,2.860791,0.001794,0.010254,0.797558,0.645303,0.49237,1.879464,1.835831,0.998048,1.022977,0.208983,0.0
10350,7948800,6.154377880184332e-05,507.4,0.87,1.882059,116.03,90418,-0.005301,0.001443,2.896567,0.002914,0.023956,0.968643,0.94145,0.524849,1.833101,1.861536,1.026566,1.018147,0.16313,0.0
10360,7956480,6.131336405529952e-05,507.4,0.89,1.914659,104.77,90493,-0.003882,0.00257,2.891821,0.001842,0.010345,0.962139,0.909034,0.65033,1.848009,1.857684,1.034533,1.022632,0.172071,0.0
10370,7964160,6.108294930875575e-05,507.4,0.82,1.803145,103.36,90569,-0.005507,0.010335,2.886417,0.002053,0.013855,0.838317,0.664613,0.518166,1.892249,1.89957,0.976381,0.970564,0.198145,0.0
10380,7971840,6.0852534562211966e-05,507.5,0.87,1.839166,105.4,90643,-0.004143,0.012866,2.839628,0.001731,0.008759,0.741913,0.672318,0.215167,1.82592,1.854703,0.984039,0.972426,0.224855,0.0
10390,7979520,6.0622119815668214e-05,507.5,0.89,1.871865,104.11,90718,-0.004495,0.015793,2.762131,0.001506,0.006439,0.743404,0.637614,0.315433,1.676356,1.815335,1.00157,0.954253,0.371596,0.0
10400,7987200,6.039170506912443e-05,507.5,0.8,1.802771,99.0,90795,-0.004307,0.009537,2.814247,0.001547,0.006714,0.746434,0.681783,0.30898,1.83682,1.852462,0.990487,0.959319,0.302261,0.0
10410,7994880,6.016129032258065e-05,507.5,0.83,1.85845,88.5,90884,-0.005247,0.014741,2.799843,0.001479,0.00592,0.543878,0.311895,0.431302,1.706491,1.818217,0.971473,0.985249,0.508618,0.0
10420,8002560,5.993087557603686e-05,507.5,0.85,1.871442,90.98,90962,-0.004296,0.002078,2.805542,0.001212,0.005981,0.943899,0.873185,0.579121,1.757201,1.822815,0.939773,0.984071,0.344244,0.0
10430,8010240,5.970046082949308e-05,507.5,0.86,1.912995,88.54,91052,-0.005088,0.01077,2.792379,0.001896,0.011871,0.722301,0.639476,0.234825,1.731694,1.818691,0.98486,0.95682,0.43185,0.0
10440,8017920,5.94700460829493e-05,507.5,0.89,1.898845,78.23,91149,-0.005059,0.010449,2.764729,0.002888,0.024841,0.684117,0.431666,0.481745,1.818437,1.854539,0.951154,0.902187,0.518667,0.0
10450,8025600,5.923963133640551e-05,507.5,0.89,1.926033,87.18,91238,-0.003135,0.011936,2.718374,0.001143,0.00354,0.635949,0.543342,0.202792,1.844641,1.804315,0.912228,0.913289,0.347881,0.0
10460,8033280,5.900921658986173e-05,507.6,0.87,1.896335,91.94,91313,-0.005534,0.006077,2.833019,0.003153,0.030273,0.902453,0.733944,0.633378,1.839914,1.877944,0.979746,0.941771,0.310984,0.0
10470,8040960,5.877880184331798e-05,507.6,0.84,1.882219,112.02,91385,-0.0048,0.007497,2.873636,0.001918,0.012085,0.884311,0.852067,0.271932,1.892214,1.933308,1.021729,0.940171,0.167621,0.0
10480,8048640,5.854838709677419e-05,507.6,0.77,1.742315,120.71,91443,-0.006559,0.011859,2.933723,0.004844,0.05069,0.755791,0.6298,0.367557,1.879302,1.934709,1.025264,0.991759,0.181214,0.0
10490,8056320,5.8317972350230414e-05,507.6,0.78,1.784221,115.81,91515,-0.003865,0.013774,2.86277,0.001131,0.002686,0.643205,0.529694,0.303367,1.776234,1.88627,1.003857,0.967048,0.172852,0.0
10500,8064000,5.808755760368663e-05,507.6,0.81,1.849479,110.11,91582,-0.004291,0.010998,2.87485,0.001393,0.003937,0.789687,0.617789,0.4648,1.809794,1.871637,1.027963,0.996245,0.233403,0.0
10510,8071680,5.785714285714285e-05,507.6,0.86,1.849175,97.36,91661,-0.005011,0.001567,2.893099,0.00196,0.010986,0.960993,0.938814,0.369607,1.841533,1.890318,1.036854,0.9866,0.382399,0.0
10520,8079360,5.762672811059906e-05,507.6,0.88,1.907878,109.05,91732,-0.004981,0.014541,2.876609,0.001547,0.006592,0.714872,0.560586,0.366808,1.865021,1.887993,1.01079,0.98125,0.384601,0.0
10530,8087040,5.739631336405528e-05,507.6,0.89,1.902827,93.57,91814,-0.004595,0.002654,2.845992,0.001204,0.002228,0.919446,0.884665,0.470744,1.804523,1.870635,1.009076,0.967737,0.38109,0.0
10540,8094720,5.716589861751153e-05,507.6,0.88,1.897726,99.06,91890,-0.005527,0.009988,2.854054,0.001766,0.007782,0.834834,0.478911,0.684813,1.798615,1.846207,1.025247,0.986467,0.430288,0.0
10550,8102400,5.6935483870967744e-05,507.6,0.86,1.844462,100.14,91968,-0.004242,0.010263,2.875647,0.00121,0.004486,0.811058,0.688965,0.401288,1.802341,1.871693,1.014358,0.990815,0.457396,0.0
10560,8110080,5.6705069124423965e-05,507.6,0.89,1.920855,104.42,92046,-0.003865,0.02384,2.843268,0.001045,0.001892,0.301889,0.203313,0.266764,1.713444,1.861014,1.009536,0.979369,0.313461,0.0
10570,8117760,5.647465437788018e-05,507.7,0.88,1.889692,90.95,92127,-0.003579,0.020562,2.833481,0.001442,0.004791,0.734614,0.707554,0.113888,1.819663,1.850057,1.023064,0.97905,0.157658,0.0
10580,8125440,5.62442396313364e-05,507.7,0.87,1.891492,105.62,92194,-0.004477,0.002946,2.867861,0.001776,0.010162,0.875511,0.862679,0.381018,1.762095,1.881585,1.0164,0.987215,0.274535,0.0
10590,8133120,5.6013824884792613e-05,507.7,0.9,1.931426,117.33,92258,-0.004292,0.018047,2.873978,0.00119,0.002197,0.822851,0.514161,0.635538,1.767944,1.871886,1.003332,0.989936,0.221016,0.0
10600,8140800,5.578341013824883e-05,507.7,0.88,1.891079,110.75,92333,-0.004826,0.018073,2.892203,0.00208,0.014343,0.702001,0.765122,-0.268456,1.77856,1.90928,1.011463,0.981997,0.238618,0.0
10610,8148480,5.555299539170508e-05,507.7,0.9,1.916977,114.75,92397,-0.003993,0.006878,2.938249,0.001408,0.005859,0.89355,0.698682,0.681846,1.773926,1.933921,1.008011,1.0047,0.294159,0.0
10620,8156160,5.5322580645161296e-05,507.7,0.84,1.858871,120.2,92464,-0.005573,0.017393,2.853825,0.002064,0.011078,0.752872,0.640415,0.312745,1.811415,1.892501,0.9866,0.955343,0.192278,0.0
10630,8163840,5.509216589861751e-05,507.7,0.77,1.723097,125.76,92522,-0.004293,0.008065,2.887279,0.001938,0.011749,0.900979,0.551915,0.780393,1.79358,1.913484,1.002324,0.968426,0.324663,0.0
10640,8171520,5.486175115207373e-05,507.7,0.77,1.722001,128.09,92587,-0.004601,0.008971,2.871171,0.001257,0.006714,0.779916,0.549252,0.531817,1.826129,1.890821,1.035442,0.976137,0.373622,0.0
10650,8179200,5.4631336405529944e-05,507.7,0.91,1.927382,101.05,92661,-0.004472,0.007599,2.85809,0.001806,0.00946,0.884533,0.662159,0.671612,1.749359,1.897726,0.981814,0.961466,0.221274,0.0
10660,8186880,5.4400921658986165e-05,507.7,0.8,1.769158,105.32,92731,-0.005467,0.007254,2.899178,0.002411,0.018066,0.85065,0.760125,0.421605,1.820666,1.908589,1.036794,0.973596,0.209513,0.0
10670,8194560,5.417050691244238e-05,507.7,0.85,1.821671,93.99,92815,-0.005505,0.002812,2.830518,0.002343,0.014832,0.881398,0.8387,0.444156,1.612355,1.810153,1.03456,1.003195,0.224228,0.0
10680,8202240,5.39400921658986e-05,507.7,0.89,1.921368,85.87,92904,-0.003766,0.016263,2.862278,0.001202,0.006348,0.681651,0.691405,0.068407,1.784323,1.916804,1.020576,0.945048,0.234379,0.0
10690,8209920,5.370967741935485e-05,507.7,0.9,1.928335,96.47,92979,-0.004615,0.001831,2.872466,0.001542,0.008362,0.957444,0.874512,0.751627,1.761395,1.869504,1.027807,0.983821,0.293019,0.0
10700,8217600,5.347926267281106e-05,507.8,0.84,1.896786,91.56,93064,-0.00591,0.001985,2.88096,0.00259,0.018616,0.961068,0.877726,0.68181,1.886167,1.883566,1.031679,0.983263,0.182686,0.0
10710,8225280,5.324884792626728e-05,507.8,0.9,1.928485,95.08,93146,-0.005249,0.001968,2.878875,0.002113,0.012299,0.955099,0.82309,0.765725,1.828491,1.87776,1.01797,0.993095,0.165731,0.0
10720,8232960,5.3018433179723496e-05,507.8,0.91,1.896456,92.15,93227,-0.003746,0.00965,2.848292,0.001304,0.004791,0.849033,0.846204,0.035685,1.855356,1.847297,1.020207,0.997192,0.152014,0.0
10730,8240640,5.2788018433179716e-05,507.8,0.87,1.84745,100.55,93300,-0.004283,0.008232,2.870812,0.000956,0.001648,0.617632,0.55537,0.236884,1.927964,1.871872,1.008016,0.975357,0.267701,0.0
10740,8248320,5.255760368663593e-05,507.8,0.94,1.953947,114.89,93365,-0.004361,0.001785,2.842707,0.001632,0.007629,0.954668,0.892263,0.755598,1.755079,1.863199,0.980225,0.973741,0.114305,0.0
10750,8256000,5.2327188940092144e-05,507.8,0.94,1.955817,108.65,93436,-0.004428,0.006765,2.751631,0.001574,0.008698,0.878277,0.693578,0.604198,1.811928,1.806472,0.959353,0.945055,0.224388,0.0
10760,8263680,5.20967741935484e-05,507.8,0.94,1.974092,108.88,93510,-0.00477,0.010484,2.855043,0.001679,0.011688,0.698177,0.667215,0.155422,1.889427,1.894876,0.974852,0.957317,0.220303,0.0
10770,8271360,5.186635944700461e-05,507.8,0.85,1.835643,110.87,93578,-0.004246,0.003274,2.89309,0.001692,0.010345,0.903263,0.913787,0.382449,1.914176,1.92845,0.967489,0.954218,0.277046,0.0
10780,8279040,5.1635944700460826e-05,507.8,0.81,1.79369,122.2,93639,-0.004558,0.015799,2.862183,0.002036,0.015472,0.741611,0.443754,0.54119,1.900556,1.91297,0.989805,0.946739,0.377591,0.0
10790,8286720,5.140552995391705e-05,507.8,0.79,1.779496,121.76,93702,-0.003796,0.003148,2.931783,0.001648,0.009277,0.918568,0.783955,0.770119,1.845819,1.91935,1.008239,0.997313,0.239366,0.0
10800,8294400,5.117511520737326e-05,507.8,0.81,1.786208,123.1,93763,-0.003513,0.009295,2.920368,0.001058,0.001801,0.857924,0.665331,0.576253,1.901695,1.931992,0.984335,0.974623,0.194298,0.0
10810,8302080,5.094470046082948e-05,507.8,0.84,1.8914,123.33,93828,-0.005379,0.01718,2.893228,0.003551,0.039062,0.649091,0.374151,0.439652,1.893625,1.899064,1.005188,0.980031,0.289438,0.0
10820,8309760,5.0714285714285695e-05,507.8,0.84,1.882072,114.7,93896,-0.005327,0.025856,2.83303,0.002426,0.018524,0.790375,0.668419,0.415939,1.877429,1.851155,1.008643,0.974266,0.227159,0.0
10830,8317440,5.048387096774194e-05,507.8,0.87,1.909908,122.21,93957,-0.004766,0.002761,2.844711,0.001946,0.014954,0.936722,0.902622,0.564065,1.855606,1.853705,0.986458,0.987915,0.169734,0.0
10840,8325120,5.0253456221198164e-05,507.9,0.84,1.86355,110.51,94029,-0.004282,0.011701,2.890521,0.00121,0.002808,0.756499,0.70321,0.202726,1.902922,1.883745,1.009691,1.002473,0.306481,0.0
10850,8332800,5.002304147465438e-05,507.9,0.82,1.808298,104.54,94102,-0.005362,0.00502,2.885952,0.002973,0.026459,0.761866,0.664208,0.590264,1.924019,1.890651,0.994187,0.978339,0.433868,0.0
10860,8340480,4.97926267281106e-05,507.9,0.93,1.960288,96.84,94180,-0.004695,0.001944,2.83709,0.001284,0.004456,0.916592,0.877375,0.47105,1.844258,1.856023,0.981546,0.965137,0.412184,0.0
10870,8348160,4.956221198156681e-05,507.9,0.91,1.935701,91.14,94263,-0.004389,0.004299,2.835811,0.001367,0.003235,0.855583,0.766984,0.472544,1.852595,1.872822,0.966818,0.956608,0.525128,0.0
10880,8355840,4.933179723502303e-05,507.9,0.92,1.966965,105.26,94333,-0.003807,0.015828,2.765125,0.001355,0.004211,0.791709,0.525878,0.56578,1.84567,1.82016,0.975277,0.944708,0.322434,0.0
10890,8363520,4.910138248847925e-05,507.9,0.86,1.830036,95.02,94417,-0.004665,0.02468,2.823579,0.001499,0.006866,0.465932,0.386908,0.155845,1.831016,1.855629,0.975934,0.953698,0.320988,0.0
10900,8371200,4.8870967741935494e-05,507.9,0.89,1.887707,93.3,94497,-0.004186,0.002797,2.841716,0.000886,0.001617,0.927619,0.9205,0.293184,1.78289,1.884128,0.997623,0.955149,0.293805,0.0
10910,8378880,4.8640552995391715e-05,507.9,0.9,1.921276,102.93,94573,-0.004275,0.007435,2.89105,0.002015,0.010468,0.847461,0.472115,0.716852,1.858126,1.887987,1.001509,0.979503,0.480881,0.0
10920,8386560,4.841013824884793e-05,507.9,0.87,1.875071,108.32,94647,-0.003987,0.012273,2.885771,0.001098,0.003601,0.814747,0.607926,0.534153,1.8777,1.913036,0.984382,0.960208,0.27089,0.0
10930,8394240,4.817972350230414e-05,507.9,0.88,1.925824,119.15,94707,-0.004132,0.017424,2.834323,0.001009,0.002258,0.773917,0.45364,0.587316,1.834255,1.879334,0.9922,0.956756,0.166153,0.0
10940,8401920,4.7949308755760364e-05,507.9,0.88,1.852345,111.46,94779,-0.004078,0.002322,2.751514,0.00205,0.009033,0.956214,0.850734,0.834203,1.743285,1.811118,0.950979,0.91592,0.157769,0.0
10950,8409600,4.771889400921658e-05,507.9,0.87,1.894351,103.1,94856,-0.003825,0.009986,2.749048,0.001313,0.004974,0.843343,0.783673,0.302741,1.805844,1.856214,0.871598,0.877743,0.214785,0.0
10960,8417280,4.74884792626728e-05,508.0,0.87,1.879354,109.55,94921,-0.005172,0.002275,2.738096,0.002199,0.019287,0.922646,0.551712,0.838775,1.783112,1.851376,0.821992,0.88305,0.431888,0.0
10970,8424960,4.725806451612901e-05,508.0,0.83,1.823615,121.7,94985,-0.004579,0.004686,2.878701,0.001339,0.006775,0.845397,0.711798,0.525086,1.928905,1.951872,0.927823,0.917466,0.339223,0.0
10980,8432640,4.702764976958526e-05,508.0,0.79,1.789669,116.08,95050,-0.00381,0.002454,2.881882,0.001195,0.002655,0.914119,0.852758,0.534984,1.909668,1.939681,0.892811,0.937367,0.426496,0.0
10990,8440320,4.679723502304148e-05,508.0,0.88,1.958089,120.22,95116,-0.004035,0.007709,2.901906,0.00125,0.004761,0.862857,0.695718,0.550206,1.861843,1.906057,1.013964,0.980885,0.264813,0.0
11000,8448000,4.6566820276497694e-05,508.0,0.89,1.909331,114.54,95184,-0.004451,0.001693,2.878919,0.001515,0.005707,0.948086,0.84555,0.66694,1.869751,1.888906,1.006207,0.980102,0.252695,0.0
11010,8455680,4.6336405529953915e-05,508.0,0.83,1.806352,126.35,95243,-0.004093,0.012016,2.920623,0.002703,0.026459,0.8328,0.602337,0.61556,1.727044,1.905233,0.994346,1.004418,0.329786,0.0
11020,8463360,4.610599078341013e-05,508.0,0.62,1.528966,135.45,95299,-0.002922,0.013361,2.926329,0.000746,0.002441,0.786586,0.409684,0.651169,1.88342,1.92326,0.991087,0.99028,0.189342,0.0
11030,8471040,4.587557603686635e-05,508.0,0.62,1.573156,140.35,95352,-0.003448,0.013374,2.835513,0.000944,0.001373,0.749664,0.313533,0.705641,1.842917,1.902883,0.950754,0.928771,0.13723,0.0
11040,8478720,4.564516129032256e-05,508.0,0.77,1.776021,131.87,95414,-0.004318,0.006603,2.832397,0.001504,0.007416,0.778417,0.754607,0.394339,1.880981,1.86594,0.961414,0.954122,0.248425,0.0
11050,8486400,4.541474654377881e-05,508.0,0.96,1.998602,101.58,95495,-0.003007,0.00183,2.86633,0.000561,0.0,0.938095,0.924231,0.268801,1.881479,1.874029,1.005531,0.976937,0.286989,0.0
11060,8494080,4.518433179723503e-05,508.0,0.87,1.84943,106.62,95561,-0.005528,0.008064,2.961951,0.00215,0.013397,0.668034,0.510083,0.337977,1.926146,1.945614,1.013499,0.994381,0.560534,0.0
11070,8501760,4.4953917050691246e-05,508.0,0.84,1.823795,131.33,95620,-0.004785,0.001456,2.937305,0.001876,0.009766,0.957466,0.916419,0.662304,1.842234,1.932006,1.010328,1.00774,0.246337,0.0
11080,8509440,4.472350230414746e-05,508.1,0.91,1.944366,124.92,95683,-0.004211,0.002081,2.896061,0.001317,0.002777,0.951778,0.911998,0.460703,1.884927,1.896799,0.972746,0.985292,0.22937,0.0
11090,8517120,4.449308755760368e-05,508.1,0.87,1.881933,119.85,95748,-0.004229,0.022729,2.936072,0.001424,0.003906,0.630362,0.564732,0.212311,1.921071,1.93366,0.94721,0.991356,0.213452,0.0
11100,8524800,4.4262672811059894e-05,508.1,0.86,1.867973,120.13,95812,-0.004409,0.003344,2.972262,0.002353,0.017212,0.820263,0.7354,0.614793,1.942548,1.966738,1.014087,0.997615,0.262832,0.0
11110,8532480,4.4032258064516115e-05,508.1,0.87,1.871401,119.28,95875,-0.004628,0.013409,2.931925,0.002041,0.012177,0.774416,0.442089,0.601311,1.893243,1.932666,1.022407,0.989053,0.450637,0.0
11120,8540160,4.380184331797236e-05,508.1,0.85,1.803013,116.1,95944,-0.003461,0.016253,2.900638,0.001065,0.002014,0.706784,0.539862,0.40755,1.851727,1.929055,1.011019,0.954134,0.22955,0.0
11130,8547840,4.3571428571428576e-05,508.1,0.81,1.759359,111.12,96012,-0.004986,0.008634,2.858576,0.00208,0.011566,0.809396,0.618478,0.501544,1.844764,1.873654,0.991566,0.966104,0.270359,0.0
11140,8555520,4.33410138248848e-05,508.1,0.89,1.93276,98.45,96093,-0.005344,0.006915,2.865006,0.001042,0.002716,0.82659,0.796701,0.16969,1.857457,1.880237,1.018544,0.974706,0.248761,0.0
11150,8563200,4.311059907834101e-05,508.1,0.83,1.864362,96.27,96170,-0.003644,0.019386,2.849386,0.000853,0.001312,0.857551,0.730667,0.500907,1.884672,1.8682,0.99894,0.97153,0.236478,0.0
11160,8570880,4.288018433179723e-05,508.1,0.8,1.783168,100.2,96246,-0.003056,0.020654,2.856113,0.000662,0.000122,0.697292,0.53284,0.352024,1.88421,1.887208,0.978661,0.950231,0.270511,0.0
11170,8578560,4.2649769585253445e-05,508.1,0.88,1.855196,97.65,96324,-0.003639,0.002151,2.773036,0.00062,0.000336,0.935145,0.789682,0.728991,1.906103,1.872345,0.915567,0.886099,0.390845,0.0
11180,8586240,4.2419354838709666e-05,508.1,0.89,1.939428,107.47,96394,-0.003955,0.001699,2.812417,0.001189,0.002655,0.968904,0.924101,0.703571,1.893462,1.938817,0.953332,0.850519,0.289871,0.0
11190,8593920,4.218894009216588e-05,508.1,0.89,1.921836,112.82,96463,-0.005548,0.001675,2.878164,0.002233,0.014801,0.920094,0.817363,0.641171,1.941011,1.936303,0.932191,0.937551,0.35647,0.0
11200,8601600,4.195852534562213e-05,508.2,0.86,1.851966,96.56,96545,-0.003062,0.009428,2.907194,0.001438,0.006439,0.813018,0.691348,0.403624,1.858372,1.917689,1.021203,0.97297,0.331283,0.0
11210,8609280,4.172811059907835e-05,508.1,0.92,1.911957,97.34,96625,-0.004587,0.001535,2.88742,0.00189,0.013214,0.962289,0.901941,0.645628,1.863231,1.920128,0.993202,0.962566,0.30844,0.0
11220,8616960,4.149769585253456e-05,508.1,0.9,1.917718,105.51,96694,-0.003378,0.022696,2.845449,0.000817,0.001343,0.608029,0.44407,0.305269,1.920815,1.903365,1.010373,0.934839,0.35663,0.0
11230,8624640,4.1267281105990776e-05,508.2,0.87,1.877503,100.58,96769,-0.003431,0.00587,2.894811,0.001253,0.004028,0.762669,0.426822,0.667545,1.9205,1.93265,1.003209,0.951897,0.448864,0.0
11240,8632320,4.1036866359447e-05,508.2,0.85,1.865741,118.55,96828,-0.002579,0.002762,2.892488,0.000601,6.1e-05,0.885273,0.797684,0.511581,1.916045,1.905792,0.998243,0.974004,0.447332,0.0
11250,8640000,4.080645161290321e-05,508.2,0.87,1.858484,118.04,96898,-0.004083,0.009616,2.862098,0.001552,0.006775,0.796842,0.556214,0.544091,1.892473,1.884193,0.983272,0.961506,0.408073,0.0
11260,8647680,4.057603686635943e-05,508.2,0.89,1.888092,116.75,96960,-0.004337,0.009605,2.817666,0.001708,0.008423,0.780154,0.578388,0.493328,1.792289,1.87681,0.986546,0.940129,0.339422,0.0
11270,8655360,4.034562211981568e-05,508.2,0.88,1.886744,125.89,97022,-0.004254,0.013899,2.894366,0.000966,0.001068,0.728459,0.468141,0.506333,1.872546,1.923475,0.936981,0.967447,0.311013,0.0
11280,8663040,4.011520737327189e-05,508.2,0.87,1.8929,103.94,97097,-0.004073,0.001754,2.848014,0.001472,0.00415,0.909699,0.812646,0.619957,1.856142,1.849071,1.019006,0.97234,0.373941,0.0
11290,8670720,3.9884792626728114e-05,508.2,0.91,1.95104,93.72,97180,-0.003417,0.009602,2.672213,0.000921,0.002075,0.866157,0.791705,0.372995,1.842863,1.834282,0.824175,0.837567,0.269218,0.0
11300,8678400,3.965437788018433e-05,508.2,0.89,1.911593,95.51,97259,-0.004091,0.014117,2.819222,0.001636,0.004974,0.734095,0.524933,0.476285,1.932299,1.870472,0.868202,0.921199,0.317927,0.0
11310,8686080,3.942396313364055e-05,508.2,0.87,1.87444,107.07,97331,-0.00278,0.013144,2.859953,0.000811,0.001556,0.640789,0.501401,0.346193,1.800635,1.902573,0.974345,0.961315,0.309024,0.0
11320,8693760,3.919354838709676e-05,508.2,0.86,1.849228,105.7,97403,-0.002509,0.007864,2.76836,0.000731,0.002045,0.834927,0.69084,0.466075,1.847175,1.84144,0.937634,0.926076,0.403426,0.0
11330,8701440,3.8963133640552976e-05,508.2,0.85,1.839931,100.12,97484,-0.003235,0.001861,2.854686,0.001128,0.002228,0.920853,0.764359,0.726766,1.847108,1.884176,1.001807,0.966703,0.288903,0.0
11340,8709120,3.873271889400923e-05,508.2,0.84,1.840334,99.42,97556,-0.002173,0.009438,2.864927,0.000554,9.2e-05,0.752639,0.681674,0.25963,1.862541,1.923084,0.940156,0.934048,0.263503,0.0
11350,8716800,3.8502304147465444e-05,508.2,0.85,1.900925,121.74,97617,-0.004111,0.001458,2.880352,0.001912,0.015015,0.94889,0.87573,0.632767,1.841717,1.910296,0.957723,0.96261,0.274097,0.0
11360,8724480,3.8271889400921665e-05,508.2,0.92,1.917188,92.73,97703,-0.003029,0.009244,2.765791,0.000816,0.000977,0.814627,0.714484,0.35345,1.878477,1.875551,0.916205,0.878375,0.243144,0.0
11370,8732160,3.804147465437788e-05,508.2,0.85,1.878992,91.15,97787,-0.004591,0.027331,2.817725,0.001664,0.006989,0.576831,0.497128,0.161355,1.87317,1.891119,0.959479,0.913606,0.362679,0.0
11380,8739840,3.781105990783409e-05,508.3,0.86,1.91382,110.59,97850,-0.004059,0.001212,2.841776,0.001551,0.003754,0.953996,0.88583,0.67927,1.813013,1.873586,0.962194,0.958088,0.344509,0.0
11390,8747520,3.758064516129031e-05,508.3,0.86,1.875375,97.7,97932,-0.003123,0.008663,2.81823,0.001173,0.001221,0.782386,0.672997,0.360097,1.824075,1.880547,1.002124,0.936899,0.225283,0.0
11400,8755200,3.735023041474653e-05,508.3,0.88,1.912141,91.47,98016,-0.003244,0.023878,2.832847,0.001321,0.004761,0.589895,0.409963,0.321948,1.880061,1.905154,0.984154,0.926889,0.20128,0.0
11410,8762880,3.711981566820275e-05,508.3,0.87,1.888459,101.91,98086,-0.002782,0.001929,2.833505,0.000637,0.001221,0.950426,0.755662,0.827854,1.788862,1.884437,1.017531,0.946307,0.203229,0.0
11420,8770560,3.6889400921658996e-05,508.3,0.9,1.896503,103.98,98163,-0.003313,0.001367,2.88759,0.00181,0.003632,0.965233,0.943824,0.53395,1.838507,1.90854,1.013302,0.974331,0.162405,0.0
11430,8778240,3.665898617511521e-05,508.3,0.93,1.962219,111.15,98229,-0.003446,0.001164,2.854389,0.001505,0.003632,0.966215,0.957644,0.254504,1.883516,1.894107,1.032983,0.953127,0.170466,0.0
11440,8785920,3.642857142857143e-05,508.3,0.93,1.94141,114.12,98297,-0.003675,0.023098,2.853106,0.001002,0.001282,0.742336,0.573169,0.423134,1.883471,1.898564,1.03941,0.939652,0.142657,0.0
11450,8793600,3.6198156682027644e-05,508.3,0.88,1.892892,112.53,98366,-0.003364,0.002558,2.825323,0.001149,0.001862,0.933303,0.895791,0.433522,1.78536,1.873458,1.010263,0.934529,0.190194,0.0
11460,8801280,3.5967741935483865e-05,508.3,0.91,1.923803,98.93,98444,-0.002602,0.002962,2.848058,0.000778,0.000488,0.940863,0.90105,0.516726,1.796388,1.914302,1.021051,0.931042,0.120961,0.0
11470,8808960,3.573732718894008e-05,508.3,0.91,1.957317,107.57,98511,-0.004532,0.001045,2.829598,0.0014,0.00528,0.974717,0.954108,0.56549,1.835906,1.887292,1.001891,0.938723,0.193305,0.0
11480,8816640,3.550691244239629e-05,508.3,0.9,1.908133,113.61,98578,-0.004007,0.005164,2.812989,0.001066,0.002075,0.782841,0.664512,0.511002,1.768387,1.842098,0.926036,0.949103,0.299349,0.0
11490,8824320,3.527649769585255e-05,508.3,0.81,1.771012,113.55,98648,-0.002828,0.005458,2.824064,0.000567,0.000275,0.913824,0.545787,0.81092,1.84389,1.873541,0.998558,0.948389,0.196897,0.0
11500,8832000,3.504608294930876e-05,508.3,0.85,1.8456,113.99,98714,-0.00285,0.003123,2.839484,0.000875,0.000641,0.939812,0.800995,0.711001,1.795613,1.862921,1.001674,0.965998,0.138446,0.0
11510,8839680,3.481566820276498e-05,508.3,0.94,1.967362,105.53,98792,-0.003399,0.001402,2.822336,0.000648,0.000305,0.952577,0.922723,0.41767,1.830397,1.851914,1.020224,0.954947,0.269219,0.0
11520,8847360,3.4585253456221195e-05,508.3,0.87,1.861155,87.72,98878,-0.003004,0.017016,2.817215,0.001032,0.002045,0.665135,0.487288,0.349137,1.865024,1.86045,0.972739,0.949984,0.265516,0.0
11530,8855040,3.435483870967741e-05,508.4,0.86,1.885102,100.91,98952,-0.00302,0.002019,2.814417,0.00082,0.000275,0.962262,0.910695,0.631563,1.733822,1.878503,0.945979,0.937432,0.241776,0.0
11540,8862720,3.412442396313363e-05,508.4,0.88,1.918996,102.53,99030,-0.003008,0.001893,2.847015,0.001031,0.000519,0.949329,0.88999,0.757442,1.812555,1.897239,0.980051,0.950129,0.195222,0.0
11550,8870400,3.3894009216589844e-05,508.4,0.91,1.981742,119.17,99090,-0.002803,0.001349,2.895796,0.000915,0.000214,0.962003,0.949653,0.356908,1.934726,1.923353,0.947029,0.959178,0.177639,0.0
11560,8878080,3.36635944700461e-05,508.4,0.9,1.92396,116.82,99157,-0.003707,0.00246,2.884346,0.001504,0.003082,0.949019,0.9088,0.492288,1.895485,1.904094,0.99067,0.967731,0.171103,0.0
11570,8885760,3.343317972350231e-05,508.4,0.88,1.94123,115.65,99225,-0.003722,0.006962,2.863021,0.001383,0.004639,0.860932,0.744163,0.488705,1.812472,1.87058,0.998628,0.976164,0.229453,0.0
11580,8893440,3.3202764976958526e-05,508.4,0.86,1.889718,106.66,99298,-0.004771,0.015772,2.903324,0.001118,0.000854,0.594317,0.514121,0.165128,1.907488,1.909575,1.001695,0.979725,0.358073,0.0
11590,8901120,3.297235023041475e-05,508.4,0.85,1.867008,106.55,99368,-0.002362,0.003517,2.920697,0.000577,0.000366,0.867146,0.845228,0.48856,1.856281,1.923557,1.02479,0.990252,0.194747,0.0
11600,8908800,3.274193548387096e-05,508.4,0.86,1.853026,109.44,99439,-0.002704,0.011711,2.892399,0.00083,0.000488,0.741624,0.624819,0.313813,1.970983,1.923025,1.011304,0.958397,0.237727,0.0
11610,8916480,3.251152073732718e-05,508.4,0.87,1.869032,115.66,99501,-0.002604,0.001906,2.96784,0.000884,0.000153,0.95403,0.912737,0.524797,1.936495,1.965811,1.005268,0.99571,0.252162,0.0
11620,8924160,3.2281105990783395e-05,508.4,0.85,1.841123,111.81,99574,-0.002113,0.010789,2.941479,0.000715,0.000336,0.625406,0.548125,0.241448,1.947923,1.940448,1.004971,0.987248,0.327883,0.0
11630,8931840,3.205069124423961e-05,508.4,0.83,1.782971,105.91,99645,-0.002955,0.009398,2.930333,0.000702,0.000214,0.775512,0.736888,0.174879,1.795509,1.911711,1.027545,1.001975,0.372076,0.0
11640,8939520,3.1820276497695864e-05,508.4,0.88,1.868167,97.76,99725,-0.002004,0.001462,2.93802,0.000402,3.1e-05,0.92763,0.821703,0.796268,1.857513,1.92208,1.000538,1.005436,0.268245,0.0
11650,8947200,3.158986175115208e-05,508.4,0.87,1.867064,99.97,99802,-0.002169,0.010643,2.907132,0.000656,0.0,0.636417,0.578642,0.142377,1.896502,1.895391,1.021395,1.004404,0.320772,0.0
11660,8954880,3.13594470046083e-05,508.5,0.9,1.929792,106.24,99873,-0.002757,0.012407,2.909552,0.0006,0.0,0.75164,0.688161,0.208326,1.792444,1.892658,1.021214,1.007353,0.376696,0.0
11670,8962560,3.112903225806451e-05,508.5,0.9,1.875333,84.28,99968,-0.004222,0.008883,2.8822,0.001531,0.009613,0.816088,0.782235,0.214751,1.829611,1.879829,0.995083,0.995034,0.200474,0.0
11680,8970240,3.0898617511520726e-05,508.5,0.9,1.928041,93.81,100047,-0.003712,0.009147,2.864738,0.001443,0.00708,0.660154,0.520306,0.473104,1.86679,1.876431,1.012127,0.992631,0.263084,0.0
11690,8977920,3.066820276497695e-05,508.5,0.94,1.973518,98.59,100124,-0.003279,0.001507,2.890133,0.001314,0.002838,0.946825,0.919328,0.485775,1.928918,1.90932,0.952271,0.972332,0.385972,0.0
11700,8985600,3.0437788018433164e-05,508.5,0.93,2.016243,104.94,100198,-0.002299,0.010984,2.908058,0.000538,0.000183,0.8254,0.808373,0.100638,1.867996,1.91198,1.025809,0.988996,0.118116,0.0
11710,8993280,3.020737327188941e-05,508.5,0.94,1.932346,97.49,100276,-0.001815,0.001512,2.894969,0.000379,0.000122,0.958322,0.956544,0.359919,1.87953,1.925671,1.003488,0.95979,0.247472,0.0
11720,9000960,2.997695852534563e-05,508.5,0.88,1.866468,92.29,100358,-0.002316,0.009551,2.828212,0.000301,0.0,0.805762,0.633944,0.477014,1.850638,1.815705,0.979765,0.997535,0.175062,0.0
11730,9008640,2.9746543778801846e-05,508.5,0.94,1.969505,88.98,100448,-0.002472,0.001634,2.825737,0.000879,0.001587,0.960352,0.934729,0.489037,1.846054,1.826177,1.013566,1.000173,0.18508,0.0
11740,9016320,2.9516129032258063e-05,508.5,0.94,2.007323,96.12,100522,-0.003461,0.001374,2.891022,0.001061,0.001007,0.969742,0.946903,0.430144,1.90781,1.893952,0.982641,0.991014,0.200866,0.0
11750,9024000,2.9285714285714277e-05,508.5,0.9,1.91989,103.89,100597,-0.003172,0.025574,2.934237,0.001075,0.00412,0.685024,0.532315,0.32839,1.93616,1.942689,1.014429,0.979437,0.311216,0.0
11760,9031680,2.9055299539170495e-05,508.5,0.83,1.786843,122.79,100654,-0.00285,0.003507,2.957898,0.001147,0.001892,0.889954,0.940332,-0.566717,1.891673,1.955573,1.019579,0.989625,0.347665,0.0
11770,9039360,2.8824884792626712e-05,508.5,0.82,1.735773,133.88,100713,-0.003416,0.005224,2.897647,0.00077,0.000244,0.859624,0.754085,0.57829,1.884803,1.899386,1.02499,0.978971,0.224922,0.0
11780,9047040,2.8594470046082963e-05,508.5,0.93,1.951271,104.8,100790,-0.002805,0.001236,2.858606,0.000947,0.001495,0.952774,0.956684,0.507136,1.935413,1.875351,1.000253,0.966618,0.332761,0.0
11790,9054720,2.836405529953918e-05,508.5,0.92,1.934229,94.98,100872,-0.002199,0.019935,2.886766,0.000547,3.1e-05,0.76676,0.781857,0.014657,1.897522,1.894212,1.016884,0.977745,0.171781,0.0
11800,9062400,2.8133640552995394e-05,508.6,0.94,1.972732,97.66,100947,-0.002376,0.001812,2.893752,0.000424,0.0,0.968339,0.960942,0.205228,1.945647,1.90429,0.987881,0.978881,0.173469,0.0
11810,9070080,2.790322580645161e-05,508.6,0.9,1.927477,100.04,101028,-0.002102,0.011667,2.911927,0.00027,0.0,0.829411,0.81715,0.080193,1.840161,1.914944,1.015674,0.991095,0.237894,0.0
11820,9077760,2.767281105990783e-05,508.6,0.91,1.95951,110.48,101095,-0.002559,0.000793,2.910058,0.00052,9.2e-05,0.980868,0.938869,0.733681,1.90981,1.914694,0.997962,0.985754,0.287019,0.0
11830,9085440,2.7442396313364046e-05,508.6,0.97,1.993617,107.32,101171,-0.002134,0.001273,2.838168,0.000444,0.000153,0.955818,0.873525,0.713328,1.826366,1.868193,0.943851,0.958493,0.280765,0.0
11840,9093120,2.7211981566820263e-05,508.6,0.94,1.969072,106.4,101240,-0.003212,0.001182,2.814764,0.001021,0.001251,0.948068,0.933502,0.26909,1.851191,1.852861,0.976076,0.955416,0.337319,0.0
11850,9100800,2.698156682027648e-05,508.6,0.96,2.002962,104.15,101314,-0.00268,0.002052,2.876854,0.00048,0.000122,0.967028,0.955273,0.303356,1.872535,1.878828,0.976667,0.998717,0.147689,0.0
11860,9108480,2.6751152073732728e-05,508.6,0.93,1.944258,92.62,101397,-0.002647,0.001156,2.916012,0.00066,0.000122,0.968877,0.916507,0.689626,1.873299,1.899971,1.029317,1.001631,0.207305,0.0
11870,9116160,2.6520737327188946e-05,508.6,0.94,1.991559,99.87,101470,-0.003155,0.001529,2.910388,0.000841,0.000214,0.970351,0.939691,0.625052,1.821122,1.905561,1.002662,1.002814,0.218819,0.0
11880,9123840,2.6290322580645163e-05,508.6,0.9,1.938969,106.15,101545,-0.002159,0.008877,2.926494,0.000644,0.000397,0.856006,0.752075,0.422997,1.841364,1.937517,1.03091,0.986372,0.161045,0.0
11890,9131520,2.605990783410138e-05,508.6,0.9,1.955374,105.15,101616,-0.002374,0.000903,2.883745,0.000497,3.1e-05,0.959104,0.902104,0.682067,1.792823,1.920438,0.9809,0.948068,0.320014,0.0
11900,9139200,2.5829493087557594e-05,508.6,0.87,1.887757,99.11,101697,-0.001743,0.009173,2.846953,0.000301,0.0,0.838232,0.737709,0.39357,1.757586,1.909079,0.937446,0.940967,0.207044,0.0
11910,9146880,2.559907834101381e-05,508.6,0.89,1.932425,96.19,101777,-0.00163,0.001178,2.905871,0.000232,0.0,0.967255,0.900507,0.724178,1.817248,1.902617,1.00874,0.995209,0.24322,0.0
11920,9154560,2.536866359447003e-05,508.6,0.95,2.007611,104.42,101851,-0.002192,0.001706,2.904981,0.000351,3.1e-05,0.966715,0.934899,0.606425,1.814263,1.896905,0.983127,0.997646,0.245424,0.0
11930,9162240,2.513824884792628e-05,508.6,0.95,1.990003,96.58,101932,-0.002562,0.001821,2.838077,0.00078,9.2e-05,0.942639,0.953612,-0.01837,1.784206,1.845514,0.984782,0.983044,0.281281,0.0
11940,9169920,2.4907834101382497e-05,508.6,0.89,1.895434,85.43,102025,-0.002641,0.001152,2.845533,0.000391,0.000397,0.955423,0.869588,0.689265,1.862062,1.877056,0.937467,0.96248,0.335327,0.0
11950,9177600,2.467741935483871e-05,508.6,0.94,1.968345,98.25,102099,-0.002565,0.001373,2.861113,0.000532,0.0,0.974037,0.964707,0.576996,1.877033,1.90181,0.957041,0.948425,0.164495,0.0
11960,9185280,2.4447004608294928e-05,508.7,0.92,2.004624,116.36,102165,-0.002952,0.00847,2.905317,0.000752,0.000458,0.749724,0.697801,0.22942,1.921343,1.926172,0.93177,0.978268,0.303579,0.0
11970,9192960,2.4216589861751145e-05,508.7,0.91,1.946108,106.52,102238,-0.002428,0.001313,2.958425,0.000494,3.1e-05,0.930146,0.912962,0.34875,1.83434,1.947013,1.027725,1.003066,0.315202,0.0
11980,9200640,2.3986175115207363e-05,508.7,0.95,2.00369,101.67,102314,-0.002698,0.000956,2.876366,0.000547,9.2e-05,0.97643,0.966547,0.345243,1.707222,1.893493,0.997335,0.973055,0.370827,0.0
11990,9208320,2.375576036866358e-05,508.7,0.94,1.953797,89.73,102400,-0.002507,0.001187,2.903374,0.000575,0.000122,0.93856,0.863242,0.574223,1.766302,1.921447,1.018843,0.974383,0.25759,0.0
12000,9216000,2.3525345622119828e-05,508.7,0.89,1.87126,93.74,102483,-0.001622,0.003417,2.8982,0.000138,0.0,0.824608,0.749262,0.476659,1.889037,1.917194,1.020293,0.974204,0.247888,0.0
12010,9223680,2.3294930875576045e-05,508.7,0.84,1.841704,105.3,102553,-0.001637,0.016849,2.908046,0.000231,0.0,0.68217,0.517203,0.349473,1.827514,1.911912,1.027846,0.99104,0.230476,0.0
12020,9231360,2.3064516129032262e-05,508.7,0.91,1.946546,123.05,102614,-0.002267,0.000741,2.98857,0.000446,0.0,0.976594,0.942808,0.611162,1.87879,1.961126,1.041072,1.016022,0.219005,0.0
12030,9239040,2.283410138248848e-05,508.7,0.98,2.036269,122.79,102678,-0.001932,0.001012,2.934424,0.000412,6.1e-05,0.942257,0.902987,0.53331,1.864025,1.932983,1.015331,1.003942,0.330866,0.0
12040,9246720,2.2603686635944697e-05,508.7,0.91,1.967218,115.26,102746,-0.001757,0.001044,2.932823,0.000276,0.0,0.975167,0.928488,0.697038,1.865895,1.925786,1.026648,1.004677,0.227047,0.0
12050,9254400,2.237327188940091e-05,508.7,0.9,1.942616,105.59,102821,-0.002646,0.001255,2.894918,0.000693,0.000488,0.956245,0.911047,0.520913,1.76143,1.88948,1.025816,0.998514,0.295062,0.0
12060,9262080,2.2142857142857128e-05,508.7,0.95,1.987782,108.6,102892,-0.002427,0.001278,2.916761,0.00072,0.000641,0.968572,0.941846,0.475596,1.851523,1.907529,1.009583,1.005404,0.187406,0.0
12070,9269760,2.1912442396313345e-05,508.7,0.88,1.900666,101.67,102966,-0.001877,0.008302,2.90718,0.000417,0.0,0.74413,0.687507,0.186011,1.826883,1.914422,0.995555,0.987645,0.250606,0.0
12080,9277440,2.1682027649769596e-05,508.7,0.84,1.822127,112.45,103032,-0.001895,0.003207,2.949785,0.000325,0.0,0.896916,0.846283,0.428852,1.788825,1.931573,1.033326,1.020378,0.121635,0.0
12090,9285120,2.1451612903225814e-05,508.7,0.9,1.91532,132.0,103089,-0.002294,0.001544,2.936517,0.000371,6.1e-05,0.929212,0.811014,0.83537,1.751923,1.933002,1.048696,1.007726,0.185726,0.0
12100,9292800,2.1221198156682027e-05,508.7,0.94,1.960969,123.79,103153,-0.001504,0.009791,2.941499,0.000215,0.0,0.792724,0.718451,0.273645,1.883764,1.928139,1.044345,1.002346,0.194825,0.0
12110,9300480,2.0990783410138245e-05,508.7,0.92,1.926238,107.12,103227,-0.001982,0.001024,2.925188,0.000304,0.0,0.975799,0.956447,0.511311,1.868394,1.912926,1.03329,1.003572,0.185625,0.0
12120,9308160,2.0760368663594462e-05,508.7,0.92,1.927502,108.25,103294,-0.001377,0.009231,2.94587,0.0003,6.1e-05,0.78488,0.720728,0.259409,1.899757,1.926238,1.022016,1.013147,0.1865,0.0
12130,9315840,2.052995391705068e-05,508.7,0.87,1.893649,119.12,103356,-0.001799,0.005175,2.907607,0.000343,9.2e-05,0.888556,0.036484,0.90861,1.853725,1.91007,1.021564,0.9891,0.246964,0.0
12140,9323520,2.0299539170506896e-05,508.7,0.88,1.897183,131.35,103412,-0.001789,0.011049,2.960289,0.000315,0.0,0.795451,0.762797,0.138417,1.879845,1.945546,1.033284,1.008296,0.236706,0.0
12150,9331200,2.0069124423963144e-05,508.8,0.85,1.815081,131.37,103470,-0.001648,0.012837,2.953666,0.000243,0.0,0.849875,0.715997,0.516777,1.907916,1.955787,1.004349,0.990018,0.192869,0.0
12160,9338880,1.983870967741936e-05,508.8,0.74,1.690045,130.86,103533,-0.001758,0.005777,2.953556,0.000244,0.0,0.883113,0.362029,0.821158,1.96005,1.948565,0.943855,0.995408,0.217822,0.0
12170,9346560,1.960829493087558e-05,508.8,0.82,1.796802,131.63,103586,-0.00234,0.007191,2.936822,0.000824,0.000397,0.891998,0.638201,0.703798,1.862635,1.927627,1.020077,0.994159,0.225515,0.0
12180,9354240,1.9377880184331796e-05,508.8,0.88,1.92762,123.49,103653,-0.002436,0.001339,2.940924,0.00052,0.0,0.968437,0.910954,0.684642,1.917251,1.941949,1.010492,0.980452,0.235643,0.0
12190,9361920,1.9147465437788013e-05,508.8,0.84,1.849987,104.51,103729,-0.001608,0.027408,2.903365,0.000224,0.0,0.651234,0.65668,-0.011744,1.90635,1.91586,0.971429,0.978032,0.203127,0.0
12200,9369600,1.8917050691244227e-05,508.8,0.82,1.827354,92.76,103811,-0.001387,0.006519,2.896696,0.000165,0.0,0.854841,0.703364,0.520222,1.907278,1.92599,0.96538,0.966121,0.278823,0.0
12210,9377280,1.8686635944700444e-05,508.8,0.89,1.927417,100.96,103886,-0.001672,0.011788,2.918331,0.0002,0.0,0.740272,0.727344,0.057605,1.942072,1.916766,0.930057,0.993344,0.251738,0.0
12220,9384960,1.8456221198156696e-05,508.8,0.83,1.833163,103.76,103961,-0.001365,0.021742,2.916808,0.000214,0.0,0.497141,0.386742,0.276106,1.914158,1.920834,1.019165,0.988766,0.207371,0.0
12230,9392640,1.8225806451612913e-05,508.8,0.85,1.869354,114.29,104026,-0.001679,0.001323,2.951636,0.000251,3.1e-05,0.970753,0.882885,0.761125,1.917183,1.930548,1.032243,1.006173,0.196911,0.0
12240,9400320,1.799539170506913e-05,508.8,0.88,1.940174,115.17,104095,-0.002256,0.007272,2.926233,0.000314,0.0,0.888807,0.541947,0.781816,1.923252,1.927377,1.011509,0.989737,0.110735,0.0
12250,9408000,1.7764976958525344e-05,508.8,0.84,1.874527,122.42,104154,-0.001604,0.01176,2.971662,0.000174,0.0,0.779004,0.769863,0.039834,1.924814,1.959727,1.03196,1.006389,0.187752,0.0
12260,9415680,1.753456221198156e-05,508.8,0.85,1.886278,136.95,104209,-0.001282,0.005628,2.986704,0.000141,0.0,0.874352,0.832363,0.252121,1.933059,1.980789,1.000454,0.99822,0.220178,0.0
12270,9423360,1.730414746543778e-05,508.8,0.92,1.944258,120.92,104277,-0.00111,0.001597,2.95688,0.000187,0.0,0.966588,0.950819,0.321396,1.898871,1.950948,1.001277,0.994012,0.282885,0.0
12280,9431040,1.7073732718893996e-05,508.8,0.94,1.972266,107.05,104349,-0.001624,0.012188,2.966112,0.000176,6.1e-05,0.754172,0.659634,0.33074,1.967473,1.964536,1.025149,0.990675,0.160892,0.0
12290,9438720,1.6843317972350247e-05,508.9,0.85,1.830345,112.67,104411,-0.001407,0.007895,2.956236,0.000137,0.0,0.904377,0.737555,0.639279,1.929578,1.949744,1.012358,0.99999,0.159983,0.0
12300,9446400,1.661290322580646e-05,508.9,0.88,1.868259,124.77,104475,-0.002284,0.007722,2.95495,0.00053,3.1e-05,0.862471,0.667192,0.586787,1.969181,1.951033,1.017084,0.992138,0.206361,0.0
12310,9454080,1.6382488479262678e-05,508.9,0.91,1.949834,128.61,104533,-0.001704,0.000871,2.97614,0.000275,0.0,0.973108,0.946072,0.604499,1.937313,1.952045,0.983153,1.010278,0.27481,0.0
12320,9461760,1.6152073732718895e-05,508.9,0.9,1.939818,116.47,104604,-0.001399,0.001299,2.94872,0.000173,0.0,0.953863,0.936587,0.300837,1.913978,1.942566,0.958134,0.997588,0.233797,0.0
12330,9469440,1.5921658986175113e-05,508.9,0.93,1.937547,108.87,104674,-0.001285,0.001262,2.915339,9.2e-05,0.0,0.975386,0.95686,0.429507,1.884635,1.914394,1.006561,0.993253,0.257656,0.0
12340,9477120,1.569124423963133e-05,508.9,0.96,1.963869,107.72,104745,-0.001542,0.00653,2.945225,0.000245,0.0,0.884573,0.840522,0.282463,1.908507,1.932479,1.014663,0.998132,0.251251,0.0
12350,9484800,1.5460829493087544e-05,508.9,0.98,1.996399,110.33,104813,-0.001413,0.00105,2.917868,0.000181,0.0,0.977435,0.966163,0.359703,1.919772,1.921062,0.969592,0.987824,0.242284,0.0
12360,9492480,1.5230414746543763e-05,508.9,0.96,1.972536,104.62,104887,-0.001771,0.001245,2.924899,0.000344,0.0,0.974831,0.92793,0.662853,1.895032,1.927074,1.02425,0.988554,0.163795,0.0
12370,9500160,1.5000000000000012e-05,508.9,0.97,2.033297,117.28,104949,-0.001345,0.001411,2.952681,0.000262,0.0,0.973791,0.931873,0.615303,1.911464,1.948168,1.030065,0.995429,0.218206,0.0
12380,9507840,1.476958525345623e-05,508.9,0.94,1.999821,117.58,105015,-0.001398,0.010663,2.946534,0.000188,0.0,0.713817,0.695219,0.094191,1.949145,1.949763,0.996875,0.987498,0.177095,0.0
12390,9515520,1.4539170506912445e-05,508.9,0.94,1.99458,115.47,105082,-0.001401,0.009319,2.961943,0.000263,0.0,0.818976,0.713611,0.369383,1.954871,1.9505,1.01681,1.000758,0.116005,0.0
12400,9523200,1.4308755760368662e-05,508.9,0.88,1.889819,117.93,105146,-0.001091,0.010048,3.001606,0.000125,0.0,0.830708,0.65088,0.515613,1.979965,1.988577,1.005145,1.003132,0.212806,0.0
12410,9530880,1.4078341013824878e-05,508.9,0.86,1.88076,126.79,105205,-0.001432,0.009678,2.975475,0.000155,0.0,0.668935,0.629459,0.154431,1.953711,1.963525,0.991258,0.997683,0.501884,0.0
12420,9538560,1.3847926267281095e-05,508.9,0.91,1.974182,130.28,105262,-0.001037,0.00115,2.999044,9.8e-05,0.0,0.97313,0.925143,0.648362,1.956198,1.985825,1.02227,1.000438,0.252283,0.0
12430,9546240,1.3617511520737312e-05,508.9,0.91,1.961731,133.33,105321,-0.001784,0.01241,2.988372,0.000237,0.0,0.695641,0.733006,-0.132946,1.957406,1.96763,1.015986,1.010175,0.320924,0.0
12440,9553920,1.3387096774193562e-05,508.9,0.88,1.875668,128.45,105380,-0.001035,0.009483,3.021778,0.000209,0.0,0.814319,0.691831,0.397566,1.980091,1.995066,1.036177,1.017124,0.417567,0.0
12450,9561600,1.315668202764978e-05,509.0,0.82,1.775311,127.39,105441,-0.001005,0.00533,2.994725,9.8e-05,0.0,0.891201,0.654982,0.687927,1.938842,1.973745,1.011305,1.009716,0.288476,0.0
12460,9569280,1.2926267281105995e-05,509.0,0.86,1.837507,125.5,105501,-0.001524,0.009741,2.978178,0.000169,0.0,0.861506,0.793909,0.328539,1.911461,1.973042,1.030096,0.994542,0.233277,0.0
12470,9576960,1.2695852534562212e-05,509.0,0.92,1.984701,127.94,105561,-0.001469,0.006952,2.991564,0.000182,3.1e-05,0.896472,0.872551,0.190665,1.880961,1.964216,1.053339,1.019261,0.214862,0.0
12480,9584640,1.246543778801843e-05,509.0,0.9,1.929422,111.44,105632,-0.001181,0.011282,2.937649,0.0001,0.0,0.796014,0.814307,0.016031,1.866212,1.917494,1.037473,1.010483,0.139327,0.0
12490,9592320,1.2235023041474645e-05,509.0,0.94,1.986077,104.66,105705,-0.001014,0.001253,2.950453,0.000115,0.0,0.972781,0.972667,0.398595,1.89929,1.940398,1.050018,0.998758,0.186742,0.0
12500,9600000,1.2004608294930862e-05,509.0,0.93,1.942279,98.41,105786,-0.001259,0.019901,2.945758,0.000147,0.0,0.670276,0.613108,0.159426,1.920023,1.947414,1.028715,0.984781,0.260925,0.0
12510,9607680,1.1774193548387112e-05,509.0,0.92,1.923833,96.68,105862,-0.001044,0.001176,2.970056,0.000117,0.0,0.975252,0.959466,0.523189,1.932244,1.975769,1.031542,0.984796,0.167341,0.0
12520,9615360,1.1543778801843329e-05,509.0,0.88,1.922841,109.29,105929,-0.000817,0.008389,2.959095,5.3e-05,0.0,0.784711,0.723687,0.388704,1.89287,1.966348,1.024103,0.984077,0.138052,0.0
12530,9623040,1.1313364055299544e-05,509.0,0.9,1.964843,115.15,105994,-0.001133,0.001178,2.964536,0.000149,0.0,0.97273,0.958337,0.373811,1.878176,1.949519,1.034169,1.003712,0.289287,0.0
12540,9630720,1.1082949308755762e-05,509.0,0.93,1.988104,109.49,106069,-0.001113,0.010995,2.962397,9.6e-05,0.0,0.615712,0.56175,0.296125,1.851713,1.952999,1.044102,1.001294,0.195692,0.0
12550,9638400,1.0852534562211979e-05,509.0,0.92,1.950194,107.88,106140,-0.001193,0.001045,2.947341,9.8e-05,0.0,0.965945,0.954186,0.409974,1.878927,1.942283,1.03479,0.997434,0.173636,0.0
12560,9646080,1.0622119815668195e-05,509.0,0.92,2.006243,102.32,106217,-0.000895,0.017107,2.896367,8.2e-05,0.0,0.737192,0.616542,0.315277,1.8089,1.915101,1.035068,0.978782,0.123982,0.0
12570,9653760,1.0391705069124412e-05,509.0,0.9,1.921851,93.17,106298,-0.001142,0.009598,2.91088,7.1e-05,0.0,0.82008,0.778034,0.332283,1.804874,1.93164,1.034564,0.977188,0.160494,0.0
12580,9661440,1.0161290322580629e-05,509.0,0.92,1.948343,92.69,106380,-0.001079,0.009473,2.935888,0.000116,0.0,0.552107,0.54846,0.231318,1.91702,1.936476,1.009162,0.991618,0.224457,0.0
12590,9669120,9.930875576036879e-06,509.0,0.9,1.92087,97.01,106455,-0.001138,0.009636,2.909973,0.000146,0.0,0.765969,0.652368,0.361141,1.884739,1.911292,0.982677,0.988819,0.320905,0.0
12600,9676800,9.700460829493096e-06,509.0,0.91,1.912445,98.97,106537,-0.001217,0.011238,2.889131,8.9e-05,0.0,0.780574,0.76942,0.049334,1.875732,1.897442,1.018871,0.977604,0.271499,0.0
12610,9684480,9.470046082949311e-06,509.0,0.95,1.984919,101.15,106610,-0.00077,0.001064,2.927853,3.7e-05,0.0,0.98006,0.97181,0.347009,1.875481,1.923519,1.031442,0.995978,0.156267,0.0
12620,9692160,9.239631336405529e-06,509.0,0.96,1.977536,104.88,106681,-0.001024,0.001861,2.931032,0.000106,0.0,0.962358,0.964412,-0.040198,1.870703,1.917404,1.03657,1.004322,0.166834,0.0
12630,9699840,9.009216589861746e-06,509.0,0.98,1.986108,106.9,106754,-0.000746,0.00103,2.930656,9.2e-05,0.0,0.978758,0.912972,0.756013,1.926124,1.917228,1.043735,1.003879,0.150122,0.0
12640,9707520,8.778801843317961e-06,509.1,0.96,2.024271,112.05,106823,-0.000724,0.000705,2.961281,6.1e-05,0.0,0.987837,0.970391,0.664047,1.893615,1.942097,1.028793,1.01404,0.136821,0.0
12650,9715200,8.548387096774179e-06,509.1,0.97,2.036496,118.25,106887,-0.001004,0.001092,2.97462,5.4e-05,0.0,0.980628,0.971259,0.386929,1.910362,1.958112,1.034109,1.009204,0.176928,0.0
12660,9722880,8.317972350230428e-06,509.1,0.9,1.865045,107.17,106959,-0.000752,0.009366,2.959129,5.6e-05,0.0,0.852574,0.788352,0.33244,1.906124,1.936077,1.039055,1.011449,0.197525,0.0
12670,9730560,8.087557603686645e-06,509.1,0.96,1.961604,112.25,107028,-0.000721,0.002282,2.948993,4e-05,0.0,0.9541,0.950318,0.216025,1.90581,1.929762,1.016433,1.008228,0.192111,0.0
12680,9738240,7.857142857142861e-06,509.1,0.93,1.994601,113.9,107091,-0.000779,0.008349,2.97795,8.1e-05,0.0,0.816453,0.723949,0.361049,1.940537,1.956282,1.027717,1.016518,0.120795,0.0
12690,9745920,7.626728110599078e-06,509.1,0.9,1.942088,121.94,107155,-0.000707,0.007068,2.986756,4.3e-05,0.0,0.785345,0.650254,0.428973,1.950655,1.962949,1.040338,1.017158,0.152482,0.0
12700,9753600,7.396313364055296e-06,509.1,0.91,1.927875,120.25,107217,-0.000733,0.012675,2.982836,3e-05,0.0,0.777834,0.782924,-0.022933,1.91839,1.964761,1.006157,1.012212,0.181041,0.0
12710,9761280,7.165898617511512e-06,509.1,0.87,1.893577,122.08,107280,-0.000841,0.001713,2.970308,9.1e-05,0.0,0.959563,0.962182,0.367658,1.857208,1.941554,1.038615,1.018682,0.312636,0.0
12720,9768960,6.9354838709677284e-06,509.1,0.92,1.956834,115.99,107349,-0.00053,0.010319,2.968827,6e-05,0.0,0.742716,0.671703,0.290492,1.8927,1.942382,1.019826,1.020114,0.168046,0.0
12730,9776640,6.705069124423979e-06,509.1,0.95,1.978358,114.22,107415,-0.000703,0.000932,2.993673,5.4e-05,0.0,0.977078,0.967452,0.312751,1.922452,1.964229,0.990189,1.023896,0.156188,0.0
12740,9784320,6.474654377880195e-06,509.1,0.96,1.966886,112.56,107483,-0.000695,0.000759,2.971656,5.6e-05,0.0,0.988731,0.954878,0.765563,1.813579,1.940054,1.020232,1.024206,0.237559,0.0
12750,9792000,6.2442396313364116e-06,509.1,0.94,1.979161,115.78,107551,-0.000535,0.001342,2.964629,3.4e-05,0.0,0.946695,0.913812,0.578534,1.859974,1.944456,1.010582,1.012648,0.293651,0.0
12760,9799680,6.013824884792629e-06,509.1,0.93,1.984091,112.26,107623,-0.00056,0.007312,2.968686,2.7e-05,0.0,0.858044,0.719763,0.496851,1.927257,1.952061,1.024568,1.008146,0.169007,0.0
12770,9807360,5.783410138248845e-06,509.1,0.92,1.970108,105.89,107692,-0.000517,0.005382,2.94959,2e-05,0.0,0.862584,0.804109,0.328922,1.916098,1.935171,1.023604,1.002026,0.251266,0.0
12780,9815040,5.552995391705062e-06,509.1,0.92,1.93458,110.03,107762,-0.00065,0.001032,2.98476,4.7e-05,0.0,0.979781,0.946584,0.627823,1.887043,1.958244,1.037079,1.018299,0.204332,0.0
12790,9822720,5.322580645161278e-06,509.1,0.92,1.931185,106.85,107836,-0.000596,0.000979,2.978729,2.9e-05,0.0,0.966798,0.894935,0.68399,1.900277,1.953558,0.992954,1.013856,0.339274,0.0
12800,9830400,5.092165898617495e-06,509.1,0.95,1.969532,108.2,107910,-0.000521,0.001155,2.963345,2.5e-05,0.0,0.966792,0.95959,0.29946,1.887712,1.957801,1.003718,0.999121,0.203863,0.0
12810,9838080,4.861751152073745e-06,509.1,0.95,1.978189,105.28,107978,-0.000464,0.001127,2.954585,1.5e-05,0.0,0.978003,0.967611,0.622815,1.854428,1.940729,0.997097,1.009658,0.170278,0.0
12820,9845760,4.631336405529962e-06,509.1,0.94,1.970941,105.93,108052,-0.000446,0.000693,2.977768,1.6e-05,0.0,0.97994,0.964478,0.453896,1.91856,1.959848,1.009626,1.010011,0.231356,0.0
12830,9853440,4.4009216589861785e-06,509.2,0.94,1.968027,108.56,108118,-0.000496,0.000799,2.968835,2.6e-05,0.0,0.962557,0.843774,0.781833,1.921023,1.950104,1.03126,1.009124,0.430894,0.0
12840,9861120,4.170506912442395e-06,509.2,0.94,1.969143,109.47,108190,-0.000362,0.009439,2.997847,1.5e-05,0.0,0.860219,0.796823,0.312026,1.907247,1.964558,1.03223,1.026562,0.196236,0.0
12850,9868800,3.940092165898611e-06,509.2,0.92,1.952026,109.71,108262,-0.000298,0.001233,2.996329,1e-05,0.0,0.957798,0.870188,0.688081,1.928221,1.976521,1.005518,1.013861,0.226749,0.0
12860,9876480,3.7096774193548286e-06,509.2,0.9,1.907348,105.94,108337,-0.000384,0.005784,2.985248,1.6e-05,0.0,0.901824,0.830846,0.42005,1.882696,1.964425,1.042015,1.015045,0.181506,0.0
12870,9884160,3.479262672811045e-06,509.2,0.9,1.937711,108.68,108407,-0.000319,0.001045,3.006528,8e-06,0.0,0.976011,0.93732,0.718122,1.909799,1.982179,1.032951,1.019367,0.145361,0.0
12880,9891840,3.248847926267295e-06,509.2,0.98,2.011609,112.83,108476,-0.0003,0.011121,2.977717,8e-06,0.0,0.823505,0.793709,0.147468,1.932461,1.953481,1.028163,1.015531,0.203912,0.0
12890,9899520,3.0184331797235118e-06,509.2,0.93,1.973087,111.83,108546,-0.00026,0.001107,2.996688,9e-06,0.0,0.978469,0.943801,0.635018,1.896564,1.965661,1.048838,1.025076,0.186355,0.0
12900,9907200,2.788018433179728e-06,509.2,0.87,1.880816,108.05,108621,-0.000278,0.014543,2.988034,7e-06,0.0,0.800663,0.603569,0.498971,1.916578,1.965027,1.029254,1.015249,0.162006,0.0
12910,9914880,2.557603686635945e-06,509.2,0.88,1.890289,110.93,108686,-0.000268,0.001488,3.004434,5e-06,0.0,0.96342,0.92566,0.592635,1.933188,1.974873,1.025918,1.022256,0.184277,0.0
12920,9922560,2.327188940092162e-06,509.2,0.9,1.875738,106.35,108758,-0.000242,0.000655,3.000093,7e-06,0.0,0.985721,0.930207,0.874959,1.936613,1.957222,1.03299,1.03016,0.260297,0.0
12930,9930240,2.0967741935483783e-06,509.2,0.92,1.911712,110.73,108826,-0.000196,0.001391,3.013725,4e-06,0.0,0.977306,0.93763,0.636306,1.932266,1.980274,1.054518,1.025983,0.151896,0.0
12940,9937920,1.8663594470045952e-06,509.2,0.91,1.928037,119.15,108889,-0.000204,0.001612,2.984766,3e-06,0.0,0.957053,0.855285,0.714688,1.972326,1.958382,1.024907,1.017102,0.253754,0.0
12950,9945600,1.635944700460845e-06,509.2,0.97,1.990256,116.6,108960,-0.00014,0.000833,2.996298,2e-06,0.0,0.9836,0.971504,0.699154,1.937038,1.967282,1.000315,1.017653,0.289162,0.0
12960,9953280,1.4055299539170617e-06,509.2,0.9,1.967349,116.26,109025,-0.000125,0.000811,3.007483,2e-06,0.0,0.982437,0.950766,0.682842,1.948217,1.975896,1.034398,1.021933,0.237141,0.0
12970,9960960,1.1751152073732783e-06,509.2,0.91,1.953606,118.87,109087,-9.9e-05,0.000909,3.005797,1e-06,0.0,0.980806,0.908877,0.797428,1.926462,1.982995,1.018463,1.015962,0.198144,0.0
12980,9968640,9.44700460829495e-07,509.2,0.9,1.919771,117.51,109155,-0.000115,0.010311,3.009137,1e-06,0.0,0.811569,0.813973,0.082875,1.903462,1.975818,1.038126,1.026937,0.167204,0.0
12990,9976320,7.142857142857117e-07,509.2,0.95,1.989355,112.7,109221,-6.9e-05,0.000855,3.00319,0.0,0.0,0.976597,0.96148,0.414288,1.943196,1.969001,1.025185,1.023894,0.23574,0.0
13000,9984000,4.838709677419283e-07,509.2,0.96,1.983302,119.1,109286,-3.1e-05,0.000783,3.013532,0.0,0.0,0.970502,0.913265,0.698953,1.942754,1.981315,1.029678,1.022346,0.241202,0.0
13010,9991680,2.5345622119814504e-07,509.2,0.96,1.993486,120.85,109350,-2.6e-05,0.008741,2.992646,0.0,0.0,0.868467,0.825505,0.259476,1.92499,1.970522,1.033432,1.015252,0.160269,0.0
13020,9999360,2.304147465436168e-08,509.2,0.93,1.968803,119.63,109416,-1e-06,0.012794,3.01599,0.0,0.0,0.823142,0.839333,-0.097586,1.895865,1.981711,1.015128,1.026677,0.261484,0.0
