pcf_r3,pcf_r5,pcf_r8,pcf_r12,pcf_r16,pcf_r20,pcf_r25,pcf_r30,pcf_r35,receiver_pcf,receiver_x,on_grid,receiver_def_dist,pass_length,lost_in_transit,lost_within_settle
0.9925541161596022,0.9909815894724154,0.9846505207981341,0.9574427664579008,0.8828889895038371,0.7984359672389235,0.7483106426981431,0.6866889130853714,0.6238583086904081,0.992501481137228,54.688194274902344,1,13.815673172980524,11.629364013671875,0,0
0.992194797055419,0.9921515697979901,0.9915771626336685,0.9608292519297673,0.8849943068718152,0.8091868100331373,0.7226305792841922,0.6156115111082693,0.5527919487350775,0.991334566350225,59.00135040283203,1,20.99145432524902,20.39931297302246,0,0
0.9843908438112295,0.9679140102323496,0.9097138992232872,0.7740173337170405,0.6864957810889722,0.6372944300894379,0.6047048584063113,0.5661253582718502,0.5404937871258654,0.9833814578565216,62.05835723876953,1,11.00112413585982,21.11341667175293,0,0
0.9694006958813155,0.9150906041721792,0.8085382847632169,0.7261950164698138,0.6885883245814765,0.6147276408821092,0.5612523900236992,0.5397526793906731,0.523653808289739,0.9602160985050266,63.95717239379883,1,11.180542278605545,9.147503852844238,0,0
0.6951464850258868,0.5150534185272481,0.3433558427521343,0.21850985092596173,0.18516322806655053,0.22912626594921393,0.26247598018715473,0.2930758908241882,0.3270768215235246,0.7087093252196492,82.08686828613281,1,6.030677045639987,23.712539672851562,0,0
0.7637487234695167,0.6785496108515072,0.5903501202403035,0.5241205145731958,0.4844841315536493,0.46576508829930846,0.45553297845717894,0.4510483779368479,0.4416011571229152,0.7701073802463857,69.71820831298828,1,4.728813649654022,15.939520835876465,1,1
0.9916167790574725,0.9918722625807378,0.9918184017355687,0.9876827110511611,0.9561292275607862,0.8782874341374296,0.7594724256164335,0.7003145566736881,0.6739975921199872,0.991838700964387,63.08073425292969,1,21.31484986985859,63.87093734741211,0,0
0.5530001417578236,0.4920096144703462,0.438077967910156,0.3796703872005603,0.3805236679728351,0.40929472285476476,0.41353578914282263,0.43487563880780294,0.4371161413308055,0.5492631469527124,79.169189453125,1,3.1958430130884175,47.01095199584961,0,0
0.9920793058934151,0.9918922335172999,0.9921824745225156,0.9858276306568482,0.9365189276237371,0.8856620556285123,0.852172377783445,0.8306102873467952,0.8124355176862322,0.0,40.62174987792969,0,22.821456939294237,50.198486328125,0,0
0.4996582246218844,0.43724884699906463,0.3399031163320366,0.2549267933113933,0.25388308784273383,0.3027035984110825,0.34474488757385074,0.36788874431549357,0.3666013674893095,0.525888127261263,80.65116119384766,1,2.1456945900152506,51.81676483154297,0,0
0.986983240438348,0.9667191101811226,0.8577478063329281,0.6733089256420729,0.5575050510510726,0.5050593054436978,0.49331308814848324,0.46840486760152367,0.4514612063316242,0.9874879928795585,61.16521072387695,1,12.410898121596592,22.0127010345459,0,0
0.9919153912085567,0.9918768028028198,0.9920082356586224,0.991976689830713,0.982027122082142,0.9337941272629717,0.8886173705026316,0.8581047921770292,0.8368674966018549,0.0,37.7498779296875,0,31.528300844378435,50.8774299621582,0,0
0.976453277054032,0.9239580571564704,0.7772215078117218,0.5942154112670327,0.5205359809202562,0.486669089921293,0.4424559261253426,0.4477225887558153,0.4636435697043993,0.9632047866435646,65.61264038085938,1,10.837888804220409,34.43871307373047,1,0
0.9898828922526499,0.9774704573623045,0.8886986146862058,0.7636817293195035,0.7019624603420568,0.6866959138988195,0.6909211409428072,0.6672927470201122,0.6238776521385874,0.9810524179148277,69.20581817626953,1,14.273417143558216,18.919078826904297,1,1
0.7602441418520938,0.6367702130402932,0.5063010378028954,0.4278137397604086,0.41599886377515594,0.4449779338671576,0.4457376864180369,0.41201154510629784,0.39136112653890515,0.7543799290531692,49.579193115234375,1,3.4995586304450557,39.43497848510742,0,0
0.7161688746530217,0.5768651537093464,0.479657816706834,0.4917245039036148,0.5109052285654053,0.5102997441715218,0.4879494771977896,0.45197487109189455,0.43393581231777,0.694315829081782,76.44390869140625,1,5.506632533823352,35.892635345458984,0,1
0.8690742722732965,0.7535199990769057,0.5511273062126301,0.4614678007650086,0.4586127517190504,0.46713222781298064,0.4856309740650424,0.5177615241446352,0.5467159864213098,0.8992501058577519,61.514347076416016,1,6.322530074063441,26.517173767089844,0,0
0.8655708928178609,0.6963946598984316,0.4846348029680253,0.3591730256005363,0.25138606789502643,0.18763307251525077,0.21560279385683945,0.2919465151675597,0.3471272436964372,0.8566270327034332,84.01200866699219,1,9.388655951981352,10.872828483581543,0,0
0.9245654886436316,0.8634365706611618,0.7904719135950639,0.7403651238436341,0.7021936508828841,0.6547132103642483,0.5913872064389469,0.5178744476041104,0.45617059818799255,0.950184400031946,68.68370056152344,1,6.572513292087067,26.930755615234375,0,0
0.9906599050499236,0.9852616627554976,0.9261274344291901,0.806358916361656,0.7253073461159385,0.675538929064718,0.6443430866182651,0.6090334889552178,0.5478945542777713,0.9905647044492635,69.5155029296875,1,15.020270577649361,43.379085540771484,0,0
0.9894081998578298,0.9811615857501328,0.9340642015101254,0.8709973568545861,0.8239977559664635,0.7587399897026057,0.6850328547884487,0.6055904057767114,0.5364733876876838,0.9900014565452009,61.93030548095703,1,12.975440049794589,33.194847106933594,0,0
0.7576730478630407,0.6109940305027548,0.5077696688323439,0.5227247452243199,0.5381101986278708,0.5407054759344613,0.5241696214440904,0.47018553792853357,0.4440293564226244,0.6359345155719764,73.1029052734375,1,5.682443959576534,19.578649520874023,0,1
0.8005010944398667,0.699309018493534,0.5934840536023449,0.5172953625931788,0.4956950542106243,0.4723524954322027,0.4792557667700637,0.4985720326900195,0.5047028502231885,0.7993875206168677,65.43692779541016,1,6.343625203387185,15.616790771484375,0,1
0.9929020498630945,0.9850446562182699,0.9230850652197212,0.7896867157440637,0.7241930528575725,0.7039550479985862,0.6772162566373346,0.6341819253582835,0.5781784730875638,0.9907241088728641,64.41121673583984,1,11.74407246934942,46.274452209472656,0,0
0.9901926863961825,0.9830342976751387,0.9183351164127653,0.7797219998787761,0.7076541972093057,0.6905165147659159,0.6823218283555726,0.6693900458705512,0.6590656813899481,0.9899910069512082,51.98804473876953,1,10.582238326581624,30.6717586517334,0,1
0.7464292723958218,0.6361872262836182,0.5546353842935917,0.5367760253049787,0.532397299767267,0.48789725627556313,0.4577807114396225,0.4478993949192742,0.4546166229813616,0.6924549989646223,63.64785385131836,1,2.695041247545716,34.05825424194336,0,0
0.9166097950998817,0.8229129666137455,0.6963169284165978,0.6248054949665344,0.6055873683392407,0.59685806756634,0.5588780282800827,0.508719144507923,0.4764157783640849,0.8780835939477379,65.53512573242188,1,7.738000575777822,34.80922317504883,0,0
0.9925072721830787,0.9917887103355247,0.9915084141280642,0.9675855314878855,0.8939808908009027,0.7947549871942869,0.6727916858345966,0.6092761122251577,0.5790174486570153,0.9921723223823632,52.861724853515625,1,20.773154552857015,19.750057220458984,0,0
0.9921281201541693,0.9881350549833519,0.9331045834418192,0.8020754309808761,0.7549212409416167,0.7220761032253032,0.6847147670392887,0.6334195416840364,0.5793150675232749,0.9896577514707112,65.24053955078125,1,15.249905135838274,50.104190826416016,1,1
0.6796314112072166,0.6171231870107066,0.5799600641429352,0.5763210328733088,0.5696045228329587,0.5628279281467855,0.6033099275167585,0.6353752010104603,0.6293997260668012,0.8125097455226679,52.37181091308594,1,2.004856604071307,25.639881134033203,0,0
0.9916937069876022,0.9906051085400676,0.9667118569815075,0.882927613652044,0.7903715843823487,0.7172286590823327,0.6528725595163842,0.5973540234888739,0.5716092652473055,0.9917835181917858,51.41117858886719,1,15.183731969755572,16.171428680419922,0,0
0.5227729215379058,0.4541413025943275,0.4051720576351398,0.3715136465690834,0.3461609015168698,0.332013886557143,0.32696613850795714,0.33328616996126054,0.3458495725320677,0.5499921952077571,72.57929992675781,1,2.500690574237314,24.2391300201416,0,0
0.992550579908519,0.9906882281879864,0.9503211675000909,0.7623974053971146,0.6493293602043122,0.6070076539761804,0.6140035686965896,0.6274822916570912,0.6280889012472028,0.9918557032040406,55.56632614135742,1,15.905830201564578,26.032245635986328,0,0
0.9923609122177068,0.9916853151791086,0.9812676677901335,0.939307767989581,0.8792040754024832,0.8019034203207251,0.6960504296368654,0.643837020979842,0.6451039516284477,0.9917317237851759,48.6604118347168,1,16.719134226052738,12.05899715423584,0,0
0.9919753028382688,0.9907256731921005,0.9815019571408499,0.9133736550239477,0.8255286736007417,0.7412851740723472,0.6574584995119525,0.5803347488494777,0.5438113749152547,0.9928240136634118,63.66948699951172,1,15.345821473295517,34.618839263916016,0,0
0.9849050282653812,0.9632497762215573,0.8951316924385122,0.806411657591056,0.7325497612663759,0.6418909415887111,0.5692404728157873,0.5147205269105849,0.4822662021629686,0.9846082256866845,67.7420654296875,1,11.179559947422359,12.69864273071289,0,0
0.9892386847593185,0.9791748914053494,0.8857427638171567,0.637280352060294,0.5293543200837405,0.5109425530917776,0.48687720163917364,0.4714459266449779,0.47600335808595595,0.9896451954987562,66.91254425048828,1,10.95618666785455,10.959308624267578,0,0
0.9922550740461946,0.9914905370553404,0.9834973335042223,0.8865474697139856,0.8029494861936031,0.7472022065777746,0.7177560275076044,0.6660844149379137,0.6166132759365321,0.9918775344252762,66.87967681884766,1,19.165516799056608,40.01076889038086,0,0
0.9266759169785743,0.8399605562683673,0.7313339636603313,0.6795798319918315,0.7008687458770908,0.7065783232592086,0.7171818077457378,0.7149210147230668,0.7085319218255686,0.9452577237461277,47.71900177001953,1,8.661286807540892,20.892053604125977,0,0
0.990009704403569,0.9798427406458763,0.9090883013336598,0.7832033355645958,0.7168680095042824,0.6694940279775395,0.6228659249154422,0.5512158570237153,0.5165917128327718,0.9895303694383686,66.6497802734375,1,13.2852947329465,19.00743865966797,0,0
0.9690902210149726,0.9120440445212775,0.7688301486792445,0.5639854024613556,0.4914084473553874,0.48776597235827557,0.5339257431856229,0.5550653564310764,0.5667457143160501,0.9777820615432589,61.44377136230469,1,9.445972042904879,16.6109619140625,0,0
0.9906896467343567,0.9877454697929854,0.9741437984531592,0.8887497131319471,0.793834673190009,0.7104862866506617,0.6401596712531525,0.5898873162224136,0.5538396954938397,0.9912454377610894,68.28667449951172,1,13.060847175821818,7.1422247886657715,0,0
0.9914972438074164,0.9883153490986241,0.9533559815104149,0.8837223777495687,0.8757214275871978,0.8781983561447171,0.8863413838715908,0.855523970326923,0.8353545709327725,0.330531490598453,42.3571891784668,0,14.132799094208043,30.291460037231445,0,0
0.5424954815751837,0.4195871477665377,0.3326934664222401,0.3320888209148623,0.36215520986882127,0.35728193620410975,0.3343737826934661,0.33743399478373964,0.3651215862603383,0.5382645741467462,75.16426849365234,1,3.026430166133677,36.752872467041016,0,0
0.9899713749755708,0.981827429494196,0.9264923752818011,0.8373952332935174,0.7769903060997565,0.718013176823454,0.6897419140614702,0.6782217112832655,0.6613328259939907,0.9902896826874689,54.40863800048828,1,13.163565600337058,20.471210479736328,1,1
0.9138947999154178,0.8583412993577054,0.7650200867873418,0.6817493140274823,0.6794482422017631,0.6874239059636891,0.6805784935628857,0.6619624307456726,0.597802465901123,0.9515592149619272,52.802345275878906,1,6.36831686263625,50.91834259033203,0,0
0.9452567826009809,0.859647227948842,0.7307897833206904,0.59982112915755,0.5525059925826383,0.5293395485957455,0.5130607113709235,0.5024763871046285,0.49683146275880563,0.9696442077019811,64.72856903076172,1,8.20800053160769,30.69044303894043,0,0
0.7993313183816871,0.5924434001599874,0.3579201009736074,0.24130795308073513,0.25607742103169284,0.2573579232778337,0.2612387052593501,0.29580552869583093,0.32970717358358204,0.7998008741385385,73.6965103149414,1,6.316917109755014,10.97681999206543,1,1
0.9865216059485723,0.9668436092632262,0.8816755877664164,0.782644539824589,0.7112777537491629,0.6501050676310698,0.6091959880790209,0.6059860735836847,0.6096889125527738,0.9892666990123767,48.560447692871094,1,11.324985054756468,25.874767303466797,0,0
0.9925905845109517,0.9924563212163656,0.9924888530296507,0.99130790757633,0.9854061484759551,0.9679005043033337,0.9255714217239294,0.8679258231641727,0.8147855365301032,0.3304566774202222,42.79155731201172,0,24.850088639441623,35.14979934692383,0,0
0.602216226002155,0.4943888394306862,0.3948848583529177,0.30612574461613856,0.2719310247200272,0.25937947985050547,0.2578943755940099,0.2894527250827103,0.3192556202191611,0.6204053652365394,69.15859985351562,1,3.3049185577296227,32.88872146606445,0,1
0.5693243868490806,0.46442918187689697,0.3954899931434104,0.4204136223290782,0.4198093274039683,0.40351561614585135,0.3745514399937742,0.37647674496235267,0.40418570124741676,0.6110645356737178,68.69861602783203,1,1.761299389689268,36.50870895385742,0,1
0.9584713183870996,0.8987064498524162,0.8291158238575794,0.8270921608326476,0.8516581122049508,0.8908206631102947,0.9112708510631753,0.8866179562496616,0.8516956629229956,0.32074361321559003,42.91288757324219,0,9.701404249549688,12.725826263427734,0,0
0.8414510083862533,0.7074860189236,0.5505824201737533,0.49455082384364873,0.488634207620382,0.4671243016185819,0.474312410199648,0.47548995069044264,0.47604576797953196,0.8057908218475454,65.57357788085938,1,6.497870277747626,24.415111541748047,0,1
0.9263963351575318,0.8360605268083138,0.6683366937894116,0.47052680003561215,0.4050840644381968,0.40432779734853913,0.4449391251658224,0.49926084391874015,0.5454749541309015,0.9051279520903525,57.363033294677734,1,9.712605972166505,22.799184799194336,0,0
0.9907146241786486,0.9851030541547575,0.9375221034666641,0.8513696939797973,0.7961182598640483,0.7452264923463383,0.6839435591653498,0.6207289702870158,0.5798343165509352,0.9908872532131198,55.45256423950195,1,14.083387127074271,15.036782264709473,0,0
0.9734967777048704,0.9157719163585605,0.7685837920238687,0.637494537738486,0.5753798427158276,0.5463201738178726,0.543035143711598,0.5492750185664704,0.5434252966279691,0.9808308793670135,78.94432830810547,1,10.841822924249362,41.45487594604492,0,0
0.9917188324679803,0.9918348066841427,0.9921122833097685,0.984431906069402,0.9356634056329218,0.8578898576608677,0.7590385020381752,0.6723911676410145,0.6030421078048552,0.9919459712756455,55.03984069824219,1,24.052458975455025,41.91398239135742,0,0
0.9908977005336115,0.9863412221168998,0.920475631392342,0.7714332358558882,0.6814063484923802,0.6271258864063299,0.6059327844964423,0.5973316204967583,0.5858336358559659,0.9918538980680718,76.55435943603516,1,12.659037107388668,41.185359954833984,0,0
0.9922788536626993,0.992161695511553,0.9920757291264147,0.9788119310018124,0.9273448038639366,0.8480237093904098,0.7482345781279279,0.6600190204385868,0.5920081271959144,0.9919103830437292,56.41067886352539,1,23.217007165458124,40.35561752319336,0,0
0.7295702880698544,0.5952549001809965,0.5020910896005124,0.45039711405341715,0.39479126422876254,0.38888683271058794,0.4125705111114761,0.43926292477773204,0.4693738061289388,0.7925067514626658,80.49679565429688,1,4.879808975636514,26.46412467956543,0,1
0.9882990899531813,0.9762903720809009,0.941648330730981,0.8898247642120515,0.8322621186548148,0.7629974872424652,0.7114339996927677,0.6926384525467292,0.6944015624785781,0.9889663818288223,74.47297668457031,1,10.426542822922823,53.204681396484375,0,0
0.98785967608837,0.9705147080888695,0.8960724462598365,0.7923636070394272,0.7295660287199768,0.6819280959952917,0.6407314182198807,0.5840197415928627,0.545273226812154,0.9863095587262811,71.66348266601562,1,12.300996032761956,29.99310874938965,0,0
0.9917206967708369,0.9916859408071337,0.9919836559966435,0.9867492318500727,0.9392198617707893,0.8736315904577946,0.7807036393402024,0.6816520537472944,0.5995974660571174,0.9917220784741212,60.40015411376953,1,26.40741322522303,22.485633850097656,0,0
0.9937756297484412,0.9931995957146912,0.9919190169376525,0.9770557434816513,0.909485081820105,0.8194514034185986,0.7407017366851605,0.6587800023621123,0.5967084155312965,0.9931464301859856,68.95742797851562,1,17.593018951882932,41.76817321777344,0,0
0.9910993127475043,0.990655031779486,0.977527672429378,0.8896969796314185,0.7963189534067218,0.7218721280573805,0.6668530703234281,0.6056181794458882,0.5687058696164333,0.9917565729805626,67.65135955810547,1,16.61326893448396,23.25392723083496,0,0
0.5883244468598818,0.4243070249625961,0.31168088192312926,0.29384966845528837,0.29729867191428316,0.3184967778914079,0.3958138182623855,0.45944234076045126,0.4795326991714421,0.5470451421238554,87.23981475830078,1,4.1362650424587795,30.939922332763672,0,0
0.9645187375598309,0.891765158808106,0.7307778552457761,0.600193134860473,0.5489938815850418,0.5023876521546502,0.45980980532387883,0.43858709851810795,0.43937138428323813,0.9329704889763024,77.22106170654297,1,10.223547905154442,11.25479793548584,1,0
0.7005728663479105,0.6145622123064145,0.5756609586328054,0.5813241388289784,0.5344167117418278,0.5064875264505219,0.5380161059340128,0.5529985146388726,0.5469410614844634,0.786349937736711,83.01102447509766,1,4.934450700059019,30.837295532226562,0,0
0.9911026342737155,0.9863350847065516,0.9274173904485353,0.7702305819490958,0.6697635403585727,0.5955279823836036,0.5495092288440488,0.5298971695841793,0.5155045380525065,0.9898063667930299,73.43494415283203,1,13.912356733383364,39.24790954589844,0,0
0.6475111793997956,0.44464789825011436,0.2809841661725496,0.2062909811487855,0.15723661813596074,0.19073284818159122,0.2616804037005262,0.3197798485422902,0.3456024364161643,0.5798191146910388,81.32669067382812,1,5.571987343672408,39.03052520751953,0,0
0.5472389143234422,0.40550325420042505,0.2790844148038574,0.3058924393540419,0.3990110985630033,0.44570045024141997,0.4134931917861847,0.37100717629872254,0.3710628002595057,0.5564569189650638,75.41222381591797,1,3.2852850586579656,23.633920669555664,0,0
0.9835432285302248,0.9563675682704833,0.8785956359876718,0.7869481337745212,0.732787844647638,0.6828846078934534,0.6323675606854652,0.5943656539867339,0.5796783604762598,0.9853470618005407,57.76325225830078,1,11.057847110246584,17.75745391845703,1,1
0.2804551453703766,0.23058069561278186,0.21565342912617172,0.30764456907669924,0.3955645580103804,0.43237644545991594,0.43940750669167133,0.425838786285378,0.41637708674402296,0.22340563588902324,69.28145599365234,1,0.27061636042703274,23.81604766845703,1,1
0.8546172606096957,0.7291270879440312,0.49952564772153163,0.2904430422375272,0.2323426736205236,0.21037406390052596,0.20809220491918848,0.23890510300680795,0.291506105918485,0.7948752550424695,80.49417877197266,1,6.588207915025278,41.550010681152344,0,0
0.9916786737666503,0.9913986762809527,0.9747073580164269,0.905613529692475,0.85986767555596,0.8081533084441194,0.73592479585213,0.6909190111599011,0.6625653266601941,0.9913786395228738,55.70029830932617,1,17.650887003243742,34.579593658447266,0,0
0.9651988779796432,0.9385055582203182,0.8798264170604778,0.8257977037621357,0.8183527900663184,0.825174317752226,0.8131822069574969,0.8027032444250005,0.7963486886994412,0.9771203543494491,46.67952346801758,1,9.63815193734475,20.443206787109375,0,0
0.626266970546719,0.43779592920844834,0.232682087708282,0.11229129140211513,0.0844265073822308,0.11385535332891288,0.169692203327915,0.23000490298231885,0.2923221853862366,0.533112714234208,80.91888427734375,1,4.097662470471879,35.53813171386719,0,0
0.89831057710312,0.8434258614596711,0.8092004301448776,0.7906040818944781,0.7398162539127243,0.7182578942226657,0.7171723232780542,0.7199084030628727,0.7102955981448015,0.8936343536088004,50.181941986083984,1,6.612639284898316,29.73457908630371,0,0
0.9918938007150364,0.9917627273390797,0.9895445318805512,0.9438367736788069,0.8590343414936071,0.7725684439551836,0.6911266923613111,0.6383713266651319,0.6015901175239015,0.9918850096401446,65.28369140625,1,20.337750699186827,40.78153610229492,0,0
0.9915358693151215,0.9915284834254432,0.9914431211428617,0.9841105262202104,0.880913172127948,0.7408333857914754,0.6491800968042557,0.6043655832304975,0.5889842919737747,0.6608888783337766,62.74168395996094,1,27.01782774739358,62.253116607666016,0,0
0.9918366124551875,0.9891436097400699,0.9558723814017871,0.862339825265403,0.7568957736294261,0.6896397332285329,0.6575660595919548,0.674055337427606,0.6866705230182079,0.9919749575595187,51.710105895996094,1,13.254311209801745,35.309024810791016,1,0
0.7122048314418036,0.699535771323252,0.7058649473327416,0.700722108270089,0.7105283613453297,0.6927208212815269,0.6230641901823658,0.5456144509831993,0.46899825208513335,0.7762010069124754,67.12146759033203,1,4.233136225970766,24.691274642944336,0,0
0.5011440692382089,0.37764782943817365,0.23001370759327644,0.15824927931351174,0.1664652524630429,0.2019750906857743,0.2603661295048053,0.3211095875240219,0.3648604910758487,0.49679457729170945,90.40557861328125,1,2.607952340030408,25.858278274536133,0,1
0.8623482504848494,0.7864206631725659,0.7193722547819683,0.6802023366130968,0.6324262349018589,0.5873993670335091,0.5547698007800992,0.523074798781246,0.5044097752554109,0.8796311938478232,64.39969635009766,1,5.736960464872874,6.18955659866333,0,0
0.7603294194494755,0.6044729034077109,0.4554321170096543,0.44860654277684653,0.5392198594318277,0.5848708089045228,0.5690636089553491,0.5388703790508665,0.5088837253750611,0.7486498355119927,61.90519332885742,1,7.662260737139881,19.701555252075195,0,0
0.8652828092913061,0.747377224635546,0.6217963705429058,0.5001432296751896,0.43994528677740397,0.4334266392730942,0.4402010546044461,0.43361350762814543,0.44780834814266335,0.8562778900326573,75.19181060791016,1,5.556305646730338,30.612804412841797,0,1
0.7899280656802454,0.712460108371128,0.6703749572948542,0.6443732536210072,0.6579587862467952,0.6655835786623795,0.6243953228232559,0.5722071654978753,0.5343678072951651,0.7958065743618584,60.04433822631836,1,4.973195666670668,15.217844009399414,0,0
0.8260004614588206,0.731316632298125,0.5925883860163693,0.5058191016505321,0.47199532723648807,0.4417552394351206,0.43905829759986087,0.42497593476474843,0.41024454716519204,0.8807236828433026,67.2944564819336,1,4.8314781756421326,6.359776973724365,0,0
0.9558073539064639,0.906723606998764,0.7997932618571753,0.7092440282370001,0.683392134198683,0.6469361628589375,0.6023824715657806,0.5538499296054192,0.51597441017903,0.9599715988981532,60.586151123046875,1,5.9715223947423395,7.197409152984619,0,0
0.5983935116587896,0.42751265462680077,0.3052724007760971,0.2921006044897357,0.3246883504818918,0.3355826271669075,0.34563188612987833,0.3597423484067701,0.3871026051882943,0.6172135205369222,79.63200378417969,1,4.541671599615684,17.139812469482422,0,0
0.6073822274706117,0.47290168697295354,0.3776032198396927,0.40002667483036447,0.4712703876085592,0.5122988414213071,0.5107770534260744,0.46914782802091937,0.4447839787581722,0.5733455360438084,76.87828826904297,1,3.1542744296401173,14.249018669128418,0,0
0.9869244171874327,0.9652962058626949,0.8866363115510065,0.793739006147483,0.7490829512387773,0.6913805503961588,0.5927028598464863,0.4998829064690588,0.42135274569513903,0.9908332297670517,68.31465148925781,1,12.361643974319787,12.866743087768555,0,0
0.9394574796858279,0.8804024426577219,0.7964393191795605,0.6684632260074581,0.5642772679453713,0.5149436510291643,0.5110130439619927,0.46821976414053473,0.4233788228612964,0.9517788949103294,59.18754577636719,1,7.764577115152013,16.121856689453125,1,1
0.7938375876626469,0.640202370883578,0.44083718144149964,0.2982759192261655,0.2955463165104126,0.3209273559277073,0.3080852620540478,0.31111818595358876,0.3431972101945085,0.7935824306005864,76.00509643554688,1,6.6787497303459755,20.229280471801758,0,0
0.8823236095854207,0.7915308788744917,0.6756871837988307,0.5636266194386325,0.5078079293182681,0.48170666565872405,0.4645329839092034,0.4505810977470037,0.4330707369571583,0.9169524822072126,66.6923828125,1,7.447040706645887,13.707645416259766,1,1
0.9763949150956681,0.9321131185950262,0.8207760404339202,0.70564063524578,0.6625015937876262,0.6023340529410423,0.5601990462362881,0.5604398068885535,0.5666797863687709,0.9803654026442865,66.21998596191406,1,10.280474494272974,19.656770706176758,0,1
0.8464037159579474,0.7194536940772797,0.6069547240048395,0.47929988142519075,0.3805125129481682,0.32032469061687585,0.3096907159217647,0.32761614125925675,0.3393284613580375,0.8709701393534107,86.37093353271484,1,4.364872119282379,38.74317932128906,0,0
0.9848559449093464,0.959257788036102,0.8716157331079647,0.771075797864373,0.6952726905685558,0.5986448603963698,0.5164920727713416,0.46644131783578313,0.44635438761939666,0.974509023393003,59.891563415527344,1,11.384545926338948,29.226778030395508,0,0
0.7120527400360227,0.5937512793072903,0.4367036938576949,0.32349061225759923,0.337045147433074,0.3599142912484859,0.39146397970868024,0.4211067351548233,0.42860752975907307,0.6748287792778007,86.53337097167969,1,4.861885367083812,31.930686950683594,1,1
0.9848840261349451,0.9590707565099221,0.870386610651429,0.7365033163107102,0.637510120121804,0.5635011544020537,0.5393054052112378,0.5311507627327853,0.5365641219730399,0.9765772092244086,61.539615631103516,1,10.596571447063646,29.004737854003906,0,0
0.9551259537526386,0.882391014539846,0.7468508953641169,0.6505698611338229,0.6169814175492442,0.5934925225744079,0.5567158346866844,0.5435169939894815,0.5610363313441381,0.9566285951598777,53.78190231323242,1,8.770670243291114,37.14594650268555,0,0
0.8384045434792394,0.7605727396848297,0.6769892953099634,0.6210321352386606,0.5841073169672366,0.5440734773754402,0.5071219600268206,0.469861648302948,0.46762943732131085,0.8605619516957851,78.04442596435547,1,6.073403336906419,39.19704818725586,0,0
0.6548771965308762,0.4438983221406432,0.2526880217138536,0.16554141707065212,0.17756641663902833,0.24166438908165047,0.3193939043982047,0.367661269186911,0.3847867073174601,0.6750725982652894,82.90164947509766,1,4.098703277231038,28.926116943359375,0,0
0.6919640804561912,0.526438817030426,0.40818410374427905,0.3478818814858408,0.30549155151412954,0.31566906130372685,0.34780039724036055,0.36816104793877424,0.37524589060581287,0.7062801480260317,82.6928939819336,1,5.297412792552987,26.027156829833984,0,0
0.9888580464862429,0.9709889022135013,0.8423846734769342,0.6124136318838261,0.502209794625366,0.47114139174288233,0.49763630182541935,0.519364306831871,0.5293478963258187,0.9881195393119575,64.59030151367188,1,13.38867540483355,23.09222984313965,1,1
0.6830882178696532,0.5966127612415285,0.5568218275678993,0.567879623732995,0.5590499113619174,0.5314502660817625,0.48415213433261617,0.44867438430872053,0.4448606724811855,0.579365044232802,74.58048248291016,1,3.763377619130729,17.178926467895508,1,1
0.9599169777449786,0.9007648771566039,0.8198826833184877,0.7611977631457625,0.6972190059458627,0.6509253450697894,0.5727122936748044,0.48131497576506194,0.4223048338751379,0.904866614252069,78.98723602294922,1,7.5004881077917895,10.973779678344727,0,0
0.9890537840033645,0.9767607509017272,0.8784790080102487,0.7376348349305041,0.6598148556676813,0.6068512239920125,0.5598578603232154,0.5029503749938908,0.4644270396360773,0.9905909370537336,64.64869689941406,1,7.939076881802017,35.55409622192383,0,0
0.9515120927174296,0.8557703086782104,0.702550932939215,0.5986771052367165,0.5600509334710849,0.5354629061516758,0.5092738829246458,0.4982690654366997,0.4774620914788709,0.9471018819328604,79.61141204833984,1,9.116200987768158,32.575469970703125,0,1
0.48435780836947956,0.3999912864642663,0.3772172727645443,0.36233678288571614,0.3678273848049305,0.3821252516864076,0.3912473114604788,0.39474937135585453,0.4035086406972015,0.5082465445171207,73.04312133789062,1,2.932916352088428,10.55144214630127,0,0
0.5343700203445532,0.41107447365762134,0.29658177213395737,0.20778988131445864,0.237544153206653,0.29267643778873015,0.32166968415945824,0.35189464774774526,0.3775208452552076,0.44646236915860044,81.08660125732422,1,4.820777925368634,17.781282424926758,0,0
0.9920990840205586,0.9926455933136915,0.9922251819895702,0.9886234443273724,0.9425038812457834,0.7908406604758035,0.6659809893007816,0.5585269085876746,0.48502131252813746,0.9911299876690917,60.91552734375,1,19.836906058704933,36.34793472290039,0,0
0.9609162554304864,0.8948517608955819,0.7773518702194339,0.6313457503838947,0.5666846646899529,0.504637360589735,0.4550157969394278,0.4250382088857291,0.39697253721231224,0.9230096416383979,67.0546875,1,11.110563816036304,12.942830085754395,0,0
0.9788389891487869,0.9397594580184186,0.8667169900953858,0.7373500790467871,0.6341621959658983,0.5590125576823818,0.4953736418250459,0.4268685244205362,0.3989726403421468,0.9825219274866439,66.9290771484375,1,10.47058914256805,10.776505470275879,0,0
0.9889993904631729,0.9774562086867266,0.8881751318824744,0.7175441070632012,0.6378392293463461,0.6017183052472765,0.5985801494217993,0.5682772160835691,0.5351407766295402,0.9889997716411253,58.94730758666992,1,12.271467491937772,28.488929748535156,0,0
0.9871890122895848,0.9706338729720889,0.8929901660081387,0.7272902972405255,0.6124640756789472,0.5341465246452894,0.4872378946694438,0.43543896952901356,0.39355526314870976,0.985542962315951,62.49979019165039,1,12.267904795328288,7.823596954345703,0,0
0.9514205089748512,0.8868608937373873,0.7859287841110316,0.6449801343124096,0.5637472460269022,0.5216635635542521,0.5129139804776749,0.4797414821189869,0.44054297643843576,0.944438964303422,60.07386779785156,1,9.04394758830675,8.873224258422852,0,0
0.9876802295104343,0.9787536791781183,0.9336297752441409,0.8181229889053364,0.7459994348351608,0.6525666971752104,0.5531118016471932,0.4873815771864736,0.4429952780464322,0.9892695829412868,66.65428924560547,1,10.587257795025979,19.28183937072754,0,0
0.6251739388784047,0.44794315014881936,0.27540493325178983,0.20696759738702275,0.2134000659327684,0.26300290262700193,0.2955831566031098,0.3252126094802437,0.3509004797290977,0.5841909723543132,80.09171295166016,1,2.7983735924561115,16.76677703857422,0,0
0.796751804996564,0.7080687919008051,0.6591234670223025,0.6379274943398713,0.6084535932964091,0.5821786292015687,0.5423341112237532,0.5421104559735551,0.5524166743653486,0.7532920131229663,57.96049118041992,1,7.076260927432253,29.999736785888672,0,0
0.7170244367726333,0.6282107834966448,0.611876121465956,0.5990019876518227,0.5410487825865361,0.4944761051735889,0.477528305460777,0.4730607355858172,0.4674568767913827,0.7161336135828693,67.91758728027344,1,4.384641639135944,24.12267303466797,0,1
0.5159562922475165,0.44754701326741575,0.3997469296754999,0.41102976548195963,0.4327792080630215,0.4565391615600516,0.4576516899337682,0.46691975664445023,0.4603895129475539,0.47897570384721644,70.15939331054688,1,0.8445445924953082,13.058602333068848,1,1
0.982075300853269,0.9490315459464389,0.8528969255826961,0.7531952453909446,0.7211818857079487,0.7391007542142639,0.7791250268764949,0.7729075995893415,0.7529062088244975,0.9747027755622882,49.21823501586914,1,12.189227157424515,42.08018493652344,0,0
0.9849754374967991,0.9518103819375737,0.7914072668051885,0.5518126287527594,0.46755338834317445,0.47837840036992735,0.4755926715844709,0.49103728412745357,0.4877186087615935,0.9732481757751488,81.62716674804688,1,11.898417020055867,40.747230529785156,0,0
0.9914560905929211,0.9875046812173722,0.9525330599649697,0.8837659664519514,0.8492156818471002,0.8115102489585939,0.7474199895256854,0.6809273403062323,0.6302402309020538,0.9911851185402577,64.28009033203125,1,14.450477748675352,51.26518630981445,0,0
0.5554400483633317,0.4964393128140215,0.4921799751351986,0.6041080634108517,0.7079466192878281,0.7763181930840772,0.7792152511082179,0.7589748481816383,0.7308878437768379,0.5239586871553221,49.8322868347168,1,2.9168735496596985,13.198418617248535,0,0
0.9916829343332564,0.9889165515980183,0.9564431184897769,0.854853030428142,0.7628464872929814,0.695943550565018,0.6817130018422832,0.663782597806777,0.6484656404290026,0.991145921260244,63.679656982421875,1,14.943164466341816,24.438838958740234,0,0
0.8246676523676613,0.6784365024705296,0.5401718136138003,0.4712759233929848,0.4322568160815693,0.40684179682412663,0.42237352753321106,0.4734547163809969,0.5009555501957347,0.7795707220065631,71.57781982421875,1,7.004016059261606,11.670626640319824,0,0
0.9719359852177674,0.9095233487799619,0.7300754168241417,0.5568732730931812,0.5305653739099501,0.5727038985539756,0.6041502623705963,0.6127404671414388,0.6143096362739016,0.941936752399582,60.93351745605469,1,10.859598653140988,13.297992706298828,0,0
0.9898797400849089,0.9809477894508677,0.9201283481100707,0.8438264164087836,0.8434930107595459,0.8764597137425519,0.898970923676292,0.8818266864030775,0.8418140106138298,0.6603949466055643,44.382408142089844,0,14.1423621328383,19.847484588623047,0,0
0.8291266162869074,0.7327581118456787,0.6831250473945366,0.6952519772243954,0.7099449931381968,0.7262812302239879,0.6841056309672958,0.6244170195899124,0.5623552673930613,0.7167103051059797,79.6810531616211,1,6.521475211075085,20.321439743041992,0,0
0.9918674398474571,0.9918822926548716,0.9903278108954304,0.9248208570782466,0.7932017881117687,0.6910628743171122,0.6257879254984359,0.6051229784743866,0.5643193301103803,0.6612476169005858,74.67462158203125,1,24.55672173752227,22.242321014404297,0,0
0.9390894910115757,0.8394170016499499,0.662605581793468,0.5887007844070848,0.5984945666769239,0.5866500517085507,0.5448365149934469,0.5387017123913146,0.5432980813480496,0.9675748473344667,70.98638153076172,1,7.231107071070226,32.76884078979492,0,1
0.9923679012168116,0.9917778026904988,0.9823275700556352,0.8811004666285185,0.7780137081092541,0.6950596645063724,0.6349278680628463,0.622483184817898,0.6185333071646693,0.9911268390808918,51.95769119262695,1,13.01950799613487,24.938880920410156,0,0
0.9929070494770799,0.9931798850459375,0.9932949491013101,0.9907788305013617,0.9730911169865913,0.9346106802911788,0.8601995313448301,0.7751670499747043,0.6911781531188657,0.9935340314296486,56.52477264404297,1,22.360256652799286,42.48931121826172,0,0
0.991894029905224,0.9918699404127972,0.9918034855069189,0.9856011642459662,0.9371227343033067,0.8725683938954697,0.8145223170607198,0.757837574372303,0.6957326828001327,0.9918851267395525,54.22907638549805,1,25.90001630753092,38.82871627807617,0,0
0.9931409341567288,0.9932362198974529,0.9928268864280383,0.9786049826585603,0.9382720799736847,0.8815307241579103,0.8114892438583258,0.7541288136436485,0.7053185516535204,0.9932102487592902,57.482139587402344,1,20.686138640123463,36.308712005615234,0,0
0.9923864017539409,0.9921503659820813,0.9921596224644957,0.991298916661937,0.98202445075463,0.9601704838030657,0.9095773998742225,0.8306898459194872,0.7512633966038933,0.9915674948603976,51.3496208190918,1,28.262094260485224,40.229774475097656,0,0
0.8981513773559714,0.7884715783209105,0.6151733392845731,0.4221873080476097,0.3656780587661778,0.37437984445301836,0.3858487302075079,0.4197236232940036,0.44549171406157945,0.813875465644441,71.08757019042969,1,7.904733172058779,21.751218795776367,0,0
0.8081910796087496,0.7312067166594473,0.672739733222386,0.6382377706842624,0.6717757865963091,0.7455603653954613,0.775910903366744,0.7705039586583541,0.7675325201158867,0.828674866185062,48.14987564086914,1,5.730493090423753,23.624073028564453,0,0
0.5600242809124067,0.5137721977313042,0.4868166896513652,0.4535443973061672,0.465495714865753,0.4683633681525473,0.48043381739345675,0.49769557645180823,0.49503961465118373,0.49776265063032554,62.198238372802734,1,2.7536938024629785,10.928805351257324,0,0
0.986762434916528,0.9662159336346973,0.8845012064180832,0.7908953650455722,0.7520473875843995,0.6918572910279763,0.596260551210723,0.5042857001956893,0.44343526363851066,0.966211738230302,63.1099967956543,1,12.04497169469195,25.289297103881836,0,0
0.9764826320172253,0.9356741734974963,0.8418653577179603,0.7020400940265612,0.6312835765983902,0.5827132690732096,0.537986984441514,0.5034262443364965,0.45310891124722064,0.9565943441666237,61.33993911743164,1,10.020659363799947,28.447542190551758,0,1
0.991714488499472,0.9898085829091352,0.9754563338409488,0.9536718643467433,0.9366771110776677,0.9197944840832917,0.870678292518753,0.7799391324137892,0.6878111749525148,0.9926093550350976,71.96807861328125,1,15.654833608103193,23.325105667114258,0,0
0.507835233265742,0.4895983830283414,0.5383375734813479,0.5790197385266035,0.5489549231681282,0.4852999103682684,0.43796665360413845,0.4156504306640374,0.4043961002896996,0.508146429929939,75.47809600830078,1,3.5678414109911354,13.687586784362793,0,0
0.9904619500793016,0.9755277322626481,0.8704447282886814,0.6841553687876988,0.5561855095251328,0.49615523981222215,0.4706082030248849,0.43356208231829985,0.39522331338872935,0.9919881063627022,66.52500915527344,1,13.300370853526053,14.197129249572754,0,0
0.8442754097675979,0.6741276687333274,0.4699023129752545,0.3652161183296614,0.36140681598877855,0.36940047747922444,0.41359362006855743,0.4432987237695071,0.43149829059113115,0.8286257143046608,86.79460906982422,1,6.079714225093487,26.436687469482422,0,1
0.9927581327084284,0.9924442517249346,0.9924146381495205,0.9880407192239955,0.9513246570541699,0.8435109102052979,0.7280883478083393,0.6609954270012484,0.6604735162609453,0.9916828961618251,59.70391082763672,1,20.54943118170877,19.896390914916992,0,0
0.9916938302142095,0.9872207878768516,0.9334262863668567,0.7749227482674773,0.6136245987438593,0.519440318920002,0.49938845759367545,0.5219392770133047,0.5419815125260002,0.9923883759568706,67.91409301757812,1,13.522415542252253,11.44670581817627,0,0
0.6263268641041797,0.40363119974871803,0.21428715982142113,0.11604641377244851,0.13090152143198294,0.2094820285494005,0.2896522883201238,0.32446871045622755,0.3292155905606721,0.5632162369222851,87.61039733886719,1,4.396677546803401,20.290403366088867,0,0
0.9844388266579203,0.9573149117963294,0.8586442874224475,0.7526872274509703,0.7387418683328125,0.7632974566019811,0.8074363680231649,0.8255888041823114,0.8128683839457418,0.9851665723803769,47.165096282958984,1,11.35177166057143,46.72498321533203,0,0
0.9925756166770655,0.9922597096584324,0.9929429822606323,0.9932931304582431,0.9930701005430446,0.9824377124178918,0.8959101280279356,0.7899450876570193,0.7216877916534394,0.6613285129353692,60.98387145996094,1,29.67674155921665,38.639122009277344,0,0
0.9918253018634863,0.9893073727023611,0.9388996718174469,0.7281136586626848,0.5659071552687205,0.49145989453986705,0.5092647498007323,0.5252467595722585,0.5311935922232457,0.9905814297907496,67.29031372070312,1,14.741579452292102,13.242545127868652,0,0
0.9907438676995495,0.9823737551414466,0.9178953289374718,0.796878442604231,0.7324515159113194,0.7096266927341806,0.7320067538327749,0.7273125476754265,0.6989119435080675,0.9903290186988705,52.914791107177734,1,13.688362499809656,30.155899047851562,0,0
0.9672914770932954,0.9208874457731069,0.7579856581680042,0.5674453513289834,0.4662119814375111,0.4281375381195334,0.42126819552164174,0.4219860233401085,0.4411062150277369,0.9601567742773318,75.56884765625,1,7.7999182119961885,22.397319793701172,0,0
0.5917347710628433,0.4018436974951918,0.23688568679354313,0.13659633963000214,0.10958361539965998,0.16132961914180585,0.25388088119838703,0.311288257392953,0.3445729601987665,0.5383000802756255,89.17400360107422,1,4.828718774014253,22.639301300048828,1,1
0.6200791872691104,0.5348278595257189,0.43888327068344923,0.3855496148428102,0.3982906838461695,0.43526961214887216,0.4445327732888147,0.4330713274134128,0.427855303117587,0.5074683998787333,79.6729965209961,1,4.875146643711203,22.98828125,0,0
0.8468575130974699,0.7114711857485013,0.5771546100258876,0.45742511077178427,0.41701990095314745,0.4141750497925163,0.4246366777625875,0.442067701387373,0.45417485149310693,0.8311612375124653,65.72022247314453,1,4.5467158632614,15.796830177307129,0,1
0.9921904648937228,0.9925771502017235,0.992205445949702,0.9749967361811009,0.897766836600909,0.8130451585939421,0.7321134107776174,0.7147927781684182,0.709311555182774,0.9926750631210707,47.289241790771484,1,19.708587562714047,44.4014778137207,0,0
0.991959950100077,0.9920151920760132,0.9918272914689477,0.9918082214305805,0.9868320597520495,0.9561157773800548,0.9071310717273169,0.8551378745558526,0.8235657396570099,0.0,37.41202926635742,0,29.94424843705397,36.34081268310547,0,0
0.4411866348957988,0.3616201382210729,0.23456240272578693,0.13229086630308756,0.09038982965002808,0.0852010285814163,0.11533501383397632,0.18111373652061208,0.26323564027459984,0.4199379525111132,78.14932250976562,1,1.5384177119001272,42.99871826171875,0,0
0.993589186409413,0.9919291880150469,0.9641348890683586,0.8725068781844563,0.807118084526389,0.7373958027966607,0.7121880895133222,0.7045226142582826,0.6941647939193848,0.9926495075605346,49.355552673339844,1,15.575529209848964,36.55758285522461,0,0
0.5873393286357269,0.41362725084376273,0.23054720886955474,0.12200352399977074,0.08280506713784677,0.09806719610433265,0.1575740105365542,0.2212048484765652,0.2691462386330169,0.5870036987558449,79.58379364013672,1,3.634871440969725,38.1710090637207,0,0
0.9916262873345345,0.9916128883510369,0.9918008010123808,0.986460147258862,0.9512438591418783,0.8913605690417544,0.8386848975788735,0.7888111765959884,0.7656389707266543,0.0,34.94554901123047,0,23.74174147254752,47.012611389160156,0,0
0.5511622872102422,0.4020577262856052,0.24385379083103537,0.16163266896677347,0.18980320091163438,0.24679007387698387,0.3011813374380418,0.32801482004073845,0.34049243921152117,0.5121032263714476,84.14260864257812,1,3.327588127927902,60.00314712524414,1,0
0.9916728392781172,0.9896961045586636,0.9548126319385957,0.8247196629771673,0.7278089601801219,0.6791895161516897,0.6499030592321403,0.6080965385450717,0.5785758867192617,0.9910009960443601,45.53606033325195,0,13.394852922841821,23.425907135009766,0,0
0.5028721961903788,0.37476836641026884,0.22797975957817113,0.15639080946828246,0.13946982961081153,0.16366172704627474,0.19980334706007974,0.22893350263264797,0.26284792734532736,0.4285412454790736,82.60710906982422,1,2.4759707707709695,37.27640914916992,0,0
0.961095540632364,0.903480791259466,0.7661577568552551,0.6206119879392685,0.5754174319695756,0.567898455111726,0.5583072225737639,0.544954515683054,0.5331478180188634,0.955962381286578,57.732723236083984,1,8.381629172060526,26.232437133789062,0,0
0.9888047971016937,0.9729582294346061,0.8937668237701535,0.8030268501289476,0.7418887355193051,0.7142683096849515,0.7054673931535199,0.6833650658001156,0.6540568786943262,0.9862393797407711,51.435550689697266,1,12.022447255441122,17.500654220581055,0,0
0.6788506388801342,0.47772418346465434,0.29824835474798217,0.1776062397250139,0.14574795824480902,0.1624300836684354,0.1901223945106685,0.23505280192892192,0.28188523288399303,0.6735483968170236,80.86480712890625,1,5.515577839016225,30.909486770629883,0,1
0.6388598390927384,0.4893621024790266,0.3793030029226051,0.31815951062248093,0.29710235910115057,0.29333293308015423,0.28543115541024,0.3179743330333263,0.36413911968659507,0.6559009031582643,77.29145050048828,1,5.730759278533515,37.19350814819336,0,0
0.5359631922059531,0.3806854772428972,0.23271383633768083,0.11864090456857575,0.08012833850140032,0.0817616728672631,0.1164055724584564,0.19266102032804897,0.2791853214253827,0.52695647074005,80.10487365722656,1,3.0215976826633155,34.83005905151367,0,0
0.6366012182442946,0.5619544005520689,0.4823928325061478,0.37917401611267076,0.35223790254879467,0.35984527428804836,0.3925421134075632,0.43239325107062904,0.4601953553552562,0.5529426956913758,65.35050201416016,1,4.344520647252447,18.294170379638672,0,1
0.983110223441388,0.9561173190418217,0.8741728626534037,0.7857406352812221,0.7465809689103539,0.738467694663227,0.7287455986735352,0.7130793947729297,0.6768640929163906,0.9881541860211086,50.730098724365234,1,10.682970457000433,12.536820411682129,0,0
0.6571594121065958,0.4595957493564666,0.28292084492263914,0.22274707184887646,0.21586369392629173,0.2208157202667264,0.2328693601601426,0.2736383886606895,0.3213046754301919,0.5992557366622915,79.52991485595703,1,5.649211838016832,30.35968017578125,0,0
0.992674121989045,0.9904527582786833,0.952242505194848,0.8380169886548584,0.7274414851354231,0.6630215580547929,0.6389598553256532,0.6149339370556677,0.5966313514493259,0.9935180569514519,56.86357116699219,1,13.1011290216063,26.3328914642334,0,0
0.9622167421907653,0.9202185216615013,0.8607669440267859,0.7973064767310462,0.7931425995916568,0.8009311933200977,0.7884227931109383,0.7644885475316054,0.7330920161721545,0.937424341618697,49.638946533203125,1,8.834613444699112,19.080299377441406,0,0
0.9913208477603757,0.9887606064889743,0.9548652133303251,0.8559721179896373,0.7570290848418126,0.6822168553295636,0.6562070813554693,0.628110448207362,0.6007600894737943,0.9925211831073635,58.989017486572266,1,15.374405413619204,17.216022491455078,1,1
0.7827071253799779,0.6177012930207838,0.47570142011582817,0.4214042749085013,0.40263890810681574,0.39948269490447635,0.4143243334592213,0.4291130043380904,0.4507070893533426,0.6929090456264434,71.23193359375,1,6.216303642395665,21.99211311340332,0,0
0.9769464622360982,0.9459435415145883,0.8643440045910317,0.6818545916356656,0.5426929390673371,0.4474724837886085,0.40672547676689885,0.4042565662147574,0.402541569796051,0.9729448200067955,64.9095458984375,1,10.326115450771766,10.139503479003906,0,0
0.8011220137257714,0.6614633051838933,0.5646330032601121,0.613996379254914,0.5925135196893355,0.49651936036642275,0.4435312564436546,0.42454708197181606,0.4186403865512691,0.7975152292110822,60.08686065673828,1,7.5628612758425495,6.620667457580566,0,0
0.549534441868282,0.4169730271429791,0.38106331738757426,0.40955363381018417,0.3924491565484645,0.3740956071679028,0.3870175585018104,0.3969338840877193,0.4021917735056844,0.469271234859985,68.29737854003906,1,4.664947537561187,6.927002429962158,0,1
0.867156276341933,0.7630871530574497,0.6150753017223646,0.47100183811882246,0.39775650925046546,0.35250634443741136,0.3244922721272256,0.32278627780166425,0.3354020314638821,0.9048292055680098,76.80525207519531,1,5.4473250742179316,6.525248050689697,0,0
0.8433215925696909,0.7770122302793177,0.6546816898223824,0.5119530246493996,0.4835776060408694,0.4783817515704249,0.47282923531013527,0.4615017634077725,0.4399154263829095,0.8630899892955789,64.05223083496094,1,6.142605415410452,13.877091407775879,0,0
0.9663272799726516,0.908014855854253,0.7643045347962973,0.617320035729719,0.540332122070661,0.4924863936728743,0.4704301030726332,0.4366195537521,0.40283982083090836,0.9754210123460791,72.78107452392578,1,7.49174294371286,6.69765043258667,0,0
0.8364231571854028,0.7823189482242979,0.7566322425241137,0.6940049747456393,0.6098184285279676,0.4912734561273839,0.40452630566608777,0.3502465120944906,0.3231355351424055,0.8587664072651663,66.03334045410156,1,5.475788190673863,13.303998947143555,0,0
0.7636866076707227,0.701251938418827,0.6767755390598742,0.6583532564795149,0.5948284060346017,0.501718395227138,0.4013110488923884,0.32683652990290485,0.29406056891204085,0.6611548903315789,63.25867462158203,1,1.8471290187286182,2.902758836746216,0,0
0.9917908155635901,0.9902608376510422,0.955637599442235,0.8100179420367707,0.7106561780863617,0.6464045571649127,0.5680276331319828,0.5027516297841192,0.47049126822184306,0.6608523864331437,82.63328552246094,1,17.262538020615676,56.79117202758789,0,0
0.9907956754271239,0.9831498318635772,0.9224429036976091,0.7212338157975394,0.5524248544349422,0.4427221028201403,0.3974473765085959,0.37450826138152615,0.3699970319887006,0.9895088425373676,61.286468505859375,1,11.280710079087573,19.186565399169922,1,1
0.9835301963417636,0.9637432446644271,0.8697919452396968,0.7467650575571018,0.6818096636192976,0.6104904141236959,0.5707037888458074,0.5321972831924586,0.5068166881256968,0.9806426054608769,58.012996673583984,1,9.970785595952856,9.909759521484375,0,0
0.7679264237086457,0.6306223592850562,0.48406441821067603,0.32392243945761423,0.2614319823926227,0.2727798371125828,0.31607797102235935,0.35496919709551467,0.37386634220972764,0.7572170092327501,66.53487396240234,1,5.358257055037318,11.62460994720459,0,0
0.6368534335258237,0.4820537459371114,0.29592358162401755,0.20770460645884592,0.20461393785184193,0.2112940309664286,0.2261867682102607,0.2563619180971356,0.284279712939843,0.5837126199437331,71.70758056640625,1,4.398790441373689,8.933237075805664,0,1
0.991666856763199,0.991819296610644,0.9915146074694327,0.9667834088774988,0.9087745383286105,0.8370017800258791,0.7835914286980807,0.7830138575276826,0.7319697088206492,0.9920134886123397,67.75325775146484,1,21.19142847297312,62.8747444152832,0,0
0.9921408463130902,0.9921115425816347,0.9922495383344474,0.9923358590181803,0.992331408307333,0.9921714703614614,0.9868851100882534,0.9690058908224891,0.9397433202268203,0.0,40.6114387512207,0,44.75664351255946,63.59115219116211,0,0
0.9923277751839288,0.9901987497068153,0.9515242068101627,0.7867191886663163,0.6701134729315615,0.600558564970715,0.5507861704228243,0.5029672909843899,0.5028411548094239,0.9911575027804145,58.230472564697266,1,16.086342641891253,18.25046157836914,0,0
0.9924019436409528,0.9890513736844216,0.9531872337791554,0.861676493997852,0.8197281963160375,0.7787173996936558,0.7163352311032667,0.6296023561603127,0.5745714963639909,0.9913528615518127,61.9444465637207,1,15.259283249836207,39.77223587036133,0,0
0.6489073326551172,0.47809357508376643,0.3139451631117694,0.1883518074352496,0.15647936628172204,0.192986385287592,0.2391980602349271,0.28732528390415235,0.3227493210138603,0.6601965168281911,82.59757995605469,1,5.02766536347126,19.66574478149414,0,0
0.8798023214906164,0.7288862463907174,0.511818437337403,0.34081758727720984,0.29623173421175686,0.28729230008457973,0.28941793221764134,0.3043836338882362,0.31345803838310426,0.8125901630258957,65.2058334350586,1,7.319548870716774,25.58536148071289,0,0
0.6443052165661284,0.5365594594506707,0.4415728810085303,0.35367038676645857,0.4112914412213213,0.5050731954000631,0.5739185891620652,0.6017807257750667,0.5859532213537159,0.6327201664251576,81.97725677490234,1,5.033614833467046,23.927995681762695,0,1
0.47766180587979346,0.40436512113896417,0.308757224616397,0.22799315144382665,0.23949695929358888,0.251140340350673,0.26710253413047985,0.27316568182493245,0.3022033784719906,0.4723797846718407,78.4466552734375,1,3.1913456534719833,19.386945724487305,0,0
0.37179019305128963,0.37887642949663225,0.3549806059269218,0.34993000028120635,0.3609812968051071,0.35013400419785384,0.343962062613488,0.3736778797416852,0.3920366979603718,0.32831513056185174,69.36422729492188,1,2.6097130088442357,16.889766693115234,0,0
0.9883061552738044,0.9759648423233992,0.9277420463513936,0.8512816170845823,0.7525364139781198,0.6619604504694918,0.592905292044112,0.5433378116399719,0.5207157819776587,0.9872303243071698,52.0618896484375,1,12.459511927300584,20.19438362121582,0,0
0.8195634425296997,0.7175364684501387,0.5933041210148197,0.503895739726212,0.4734749077387306,0.4528761058261712,0.4377959349342152,0.4359715844392185,0.4381776982128789,0.8244865126124883,68.05025482177734,1,6.5339869443217236,18.95511817932129,0,0
0.973151131664284,0.9241954395479277,0.7828025996649645,0.5913902885440079,0.5086803962897826,0.489752257001921,0.5003672010827837,0.505483305025229,0.5054287819099544,0.9561381764881983,65.04357147216797,1,10.189286940544134,19.10321044921875,0,0
0.629594524339085,0.4940623129900507,0.3784837414151439,0.34125366326456963,0.316310428833554,0.29822665296603723,0.2728213785455548,0.286411710211293,0.3141610244797659,0.6219220919426051,81.72438049316406,1,3.8164449340591675,17.448097229003906,0,0
0.9888117392911684,0.9798969426986182,0.9220859757481056,0.7097712999345288,0.594125858233946,0.5519849862368225,0.5663848657230187,0.5808321862168796,0.5958838631389682,0.9898293602050541,62.488155364990234,1,12.488544699649115,24.202409744262695,0,0
0.6096650360312178,0.4401376258145388,0.29249275023040794,0.2262847408996031,0.27181812185635296,0.3531322682866037,0.3886191538074327,0.39295439473929694,0.3974592044078258,0.5704042783650554,78.44110870361328,1,4.869444704371612,28.038219451904297,0,0
0.649162381594087,0.5234011759284976,0.42327407321337884,0.38993018311463273,0.39878284504275757,0.42462689658807434,0.4590354525865204,0.45391435409473513,0.4451253401309022,0.6916007880196864,70.31256866455078,1,3.431894585500559,22.27381706237793,0,1
0.8938326523832638,0.7178470776852919,0.44903986807128915,0.29522606047360317,0.27273745994029,0.30957679632128093,0.322961327122209,0.29087446698817737,0.27179631919622366,0.8875285442590517,69.04476928710938,1,7.41512744088007,38.945770263671875,0,0
0.9899627510968263,0.9838392865393055,0.9604421890119533,0.9113831733816267,0.8447513416435092,0.757723811855721,0.6707768290555933,0.6053923857655574,0.5382359891131826,0.9877458165047318,63.374732971191406,1,12.98564525700589,38.76606750488281,0,0
0.9073993321552047,0.806886702567609,0.674649050212154,0.5875404541408744,0.5394004801907741,0.49206547519831184,0.4571962080705446,0.4404523003203136,0.4300069540981254,0.9011275386813595,65.91928100585938,1,8.30678118799208,15.35861873626709,1,1
0.5745726337672524,0.39680270893167513,0.2682561204079743,0.1935082915688679,0.16303216640768253,0.1671634093060978,0.23172041964440732,0.30890562296287605,0.36985727681373537,0.5534755049597596,82.3245620727539,1,4.637863885592009,16.244943618774414,0,0
0.44774882637016294,0.3315036333979555,0.29892317676716623,0.3830766139247392,0.4637856155838492,0.5233541780277674,0.5399322434580047,0.5205197188176467,0.5058184978323189,0.37833962040097796,80.52618408203125,1,4.5900918662461105,25.787508010864258,0,1
0.9860139056859055,0.9721601430465499,0.9394421354388771,0.8639155850222329,0.7982112629398067,0.7736262200389193,0.7155548671821043,0.6893337757251684,0.6596430125471557,0.9837393032623923,51.76365280151367,1,12.992378267786703,9.447650909423828,0,0
0.9892097189396676,0.9771404140668329,0.9036295844365458,0.772858573834,0.6600049360859785,0.5797646763227455,0.5407033575828694,0.5048375356969815,0.48400647105468425,0.9901408702150323,56.80464172363281,1,12.515970665339509,30.06197738647461,0,0
0.990720148874305,0.9846717182255705,0.9524361372557807,0.9150128746227315,0.8882978171234841,0.8133407047737067,0.7094781733744878,0.6098109502124637,0.5355709455201956,0.9919114578743284,55.83354949951172,1,13.444151577143556,20.91908073425293,0,0
0.6901351396186973,0.5594968183488667,0.5296167929409726,0.5458932333868272,0.46637399729054263,0.4120420335795703,0.37862465525547767,0.37191924022484485,0.3593193178950478,0.7018883929821156,66.71728515625,1,4.9711217100886405,17.749860763549805,0,0
0.9239999191872901,0.8496670547870808,0.7712438910771912,0.7842392791691031,0.8197961955199553,0.79334735963005,0.7125034977017178,0.6571075666887783,0.6225324210697861,0.9689807645660746,62.909915924072266,1,5.449715009779349,25.563032150268555,0,0
0.992286514454343,0.9909487780426199,0.9584287012901394,0.79807268040439,0.6916357160456698,0.6299109442563704,0.5892606813458255,0.5425919603781288,0.5232504136136139,0.992784572068108,62.678062438964844,1,13.998109631149593,23.657108306884766,0,0
0.9925488259658652,0.9926795216271307,0.980928131040707,0.927289915428185,0.8891271222042317,0.8404389815991092,0.777860500237144,0.7307261308766735,0.6817008594404398,0.9928555932822619,62.5986328125,1,17.347038396520322,25.402652740478516,0,0
0.971495213157476,0.9118178613335451,0.747884537383417,0.6063764290050413,0.56632195453936,0.5766519363904615,0.6081713546149405,0.5679150486283161,0.5280187821499467,0.9811879369868239,72.77052307128906,1,9.750557365633977,12.53691291809082,0,0
0.9906183057215898,0.9788082275502874,0.9016239368306594,0.7187047005047114,0.6077882107909126,0.5515736345918286,0.5204177246638705,0.5157699828283161,0.5083174860145028,0.9920887526640568,61.43067932128906,1,13.019876028460397,13.067495346069336,1,1
0.7105824454299264,0.5653137855897763,0.4345028705077114,0.39655142544919386,0.37654845520304814,0.3638689641250648,0.3628140454214149,0.37563961607465624,0.37557578993680507,0.7217401196292518,66.16252136230469,1,5.721107737857981,27.3775634765625,0,0
0.7283140143396242,0.6333221115908265,0.5854112239602108,0.5976403512730628,0.6246893073685932,0.6057843574150207,0.590959554759653,0.5753412107165363,0.5563471493424614,0.752869916027236,53.90996551513672,1,6.61841734856441,10.952733993530273,0,0
0.9914829326744125,0.9917889757857918,0.9895112734641006,0.9648532511320452,0.9061194563768432,0.8141781991136361,0.7296806271189193,0.6629147352080733,0.5973139102972683,0.6609175603564251,67.27384948730469,1,21.24278587182769,40.46900177001953,0,0
0.6687055429248949,0.587995791360363,0.5481150172566844,0.5560072718610033,0.5632263167395225,0.5349180982130278,0.5113751989110054,0.5039764475822293,0.4871698699506614,0.6384862076204498,53.985816955566406,1,3.689663758697937,26.604822158813477,0,0
0.9848455937037909,0.9577472230199572,0.8567003124117656,0.7112068369015403,0.6363374985813144,0.5969498924847988,0.5790498107197068,0.5444855936844131,0.5009863604358097,0.9822257347631732,59.872127532958984,1,11.816737326384699,14.562493324279785,0,0
0.9812906150451037,0.9460403887043493,0.8516606841993368,0.7779704587073677,0.7295197872635292,0.6625264247905595,0.623064458848573,0.574812600589286,0.5174241400803739,0.9706001238409334,55.563560485839844,1,10.825783886363919,14.263503074645996,0,0
0.9894900184827787,0.9709713166281837,0.8914442396754599,0.7460047966512189,0.6583851365002622,0.6163853494813659,0.5752798918521791,0.5258914819584828,0.4836741274362377,0.9902827831687918,62.46487045288086,1,11.852378111934446,19.926143646240234,0,0
0.7579484250169481,0.6216194708742476,0.43952913883119094,0.33686208589481237,0.3342755517036821,0.3416246007260954,0.3371769883447356,0.3467458940452489,0.3709751490056589,0.8132547540968926,75.76979064941406,1,3.134599300188319,14.610062599182129,0,0
0.818886624703141,0.7171932188635403,0.6364670624912329,0.6305456249760185,0.6848171299301318,0.7131325049569198,0.7172028554062201,0.6985073247583192,0.661795407690936,0.8355365862674302,50.48756408691406,1,6.10256967751225,26.392728805541992,0,0
0.5615477392665853,0.4451556544187702,0.37033130972852596,0.37661361523657605,0.3932468714682293,0.382559382377695,0.3621523139562371,0.3678831171813724,0.3932292024051044,0.4983882453226052,76.01099395751953,1,2.388705230976839,26.471445083618164,1,0
0.9925952009414356,0.9925539381417278,0.9922155772806242,0.9866003143075474,0.963139114661101,0.9211760993882934,0.848421787587152,0.7789249389707608,0.7162879854977217,0.9921685840463854,49.4683952331543,1,20.547724395884128,28.908218383789062,0,0
0.601825400586183,0.4257844766807011,0.23828305836486455,0.16962098335219664,0.20250915554348792,0.2575420021505859,0.28081341381846264,0.3105230228346441,0.3500002853337066,0.4934651285286682,76.48355102539062,1,3.9262989691554164,29.465471267700195,0,0
0.9852753662747643,0.9648996248309704,0.8987012509186221,0.7928608818692232,0.7181966629105349,0.6343480689561516,0.5544906172212131,0.5121389271699424,0.49020290132990635,0.9853933315517565,57.87815475463867,1,11.716284678025115,26.415977478027344,0,0
0.9747665841000044,0.9293078462528453,0.8177295348319951,0.7041237170162723,0.6455821562337221,0.5939807347137269,0.5523472835502966,0.5016173180376765,0.4679815099434054,0.9858441331737399,64.54603576660156,1,10.031923711824549,33.878841400146484,0,0
0.99184699349613,0.9906117556073077,0.9744249931268585,0.9288277962228633,0.8411522831881149,0.7378497718554109,0.6328271902607371,0.5582551980294806,0.5163270962239702,0.9913392098355058,58.763221740722656,1,15.249089025623451,33.16270446777344,0,0
0.7900407997085451,0.6669105224013292,0.5394691075835096,0.4497775425133483,0.4021065875140104,0.3706231186201618,0.37398176440639513,0.39004138682377526,0.3829347330942585,0.8179630520467905,68.69745635986328,1,5.713352036758325,15.597594261169434,0,0
0.4339643895480371,0.3615282591296659,0.32729606524363297,0.3225524998631585,0.33594714971886147,0.3861928408953023,0.4450340514441266,0.49799962758485644,0.5327146381712006,0.35611502359049646,73.60673522949219,1,1.702772697757458,20.16851234436035,0,0
0.9919716953556408,0.9919452377273041,0.9824820448137329,0.9112699655426627,0.8471423228430969,0.7490715824954688,0.6463469436654314,0.5521282216297408,0.47824524285725023,0.9917948605647893,64.18689727783203,1,17.812728973064576,21.44022560119629,0,0
0.9029604344622625,0.8084283185669896,0.710002930585656,0.6464623793352842,0.6050639309653243,0.5504580114695571,0.49509222902703115,0.43711723564370764,0.4163990841783428,0.949557185866331,59.27290725708008,1,7.624229896833244,10.489176750183105,0,0
0.9928037811341722,0.9932920262396336,0.9936840107194873,0.9933953683130695,0.9931607704786601,0.9828545408135998,0.8701873433759466,0.7137556299704915,0.6161167165590672,0.6614846379192945,63.177581787109375,1,30.120433337297875,42.50908660888672,0,0
0.6952675218106815,0.5727957161858526,0.5101445263331349,0.4433305942232756,0.40876085699416115,0.43489647488580174,0.445136651241013,0.4690659926369184,0.5020240497879909,0.6741597230172603,79.83898162841797,1,4.536448721850529,34.462379455566406,0,0
0.9864847441484521,0.9645270840230848,0.8697537252931948,0.7600325742269047,0.6856746606983031,0.6341435492795675,0.5574104919072751,0.4672844286648514,0.42376085637030514,0.9865511016610226,71.97844696044922,1,11.841129164947592,20.265426635742188,1,1
0.9905119843675256,0.97594612906086,0.8678481712782585,0.6533476783912618,0.5334420968317829,0.5020824782513512,0.49906915928053813,0.5080960910438352,0.5268232297234451,0.9824015114253195,57.162723541259766,1,12.763872771429572,34.94609832763672,0,0
0.6625057626056172,0.4356001546772196,0.24531502311462944,0.21344887569295448,0.2250179177002069,0.20905133703352138,0.1955522028835672,0.22167010915297322,0.26677434789665555,0.651949164958128,80.28150177001953,1,5.416613059373446,31.985729217529297,0,1
0.9920604994746864,0.9922962473709186,0.9901354817246463,0.9518201424210351,0.9050806531628178,0.8766373672918322,0.8632291843964811,0.8468310727480887,0.8275278403744657,0.0,37.48690414428711,0,19.742371448556245,34.79074478149414,0,0
0.9871506426604433,0.9669243272935335,0.838222596128486,0.6405766597144708,0.5710814565819161,0.5594177456552437,0.5642633104358942,0.5724791604394815,0.5739652015428868,0.9879744601846482,57.86893081665039,1,12.165222661821101,18.0848388671875,0,0
0.6511585407702467,0.5396750500015032,0.3929155712711757,0.32998709391266107,0.31532299021747573,0.3178659770327933,0.3188965221701271,0.3377495115796556,0.36501381254256426,0.7010718411326753,70.60408020019531,1,2.957427387420949,25.041919708251953,0,0
0.9923663308499732,0.9914425020152784,0.9761528906672206,0.8957357516215261,0.848160182215932,0.8203398008042366,0.8075573241532616,0.8101133267017304,0.8047008442198568,0.33049938774059906,41.83070755004883,0,16.194948692535416,33.98159408569336,0,0
0.991852137035251,0.9885670763282565,0.9546880593419682,0.8557337931997699,0.7530257241148256,0.6440943723792971,0.5733680809257988,0.5495095821475193,0.5362431692251179,0.9911328999512006,59.921878814697266,1,14.573904327974496,24.25446319580078,0,0
0.9926041285727373,0.9923394841886063,0.99237154824944,0.992763547071091,0.9917823988444898,0.9793458936838352,0.9287964376439499,0.8519858476488305,0.7608960913997276,0.6611244244277732,51.32402420043945,1,32.67175863173906,57.780826568603516,0,0
0.9926042535345098,0.9928967700576572,0.9928312086331285,0.98860308536195,0.9459751217692021,0.8937631226419089,0.861602781108119,0.8466122749127262,0.8361812781191297,0.0,39.901920318603516,0,24.565799370719546,41.257110595703125,0,0
0.814634671108987,0.7273488823506034,0.6486350804182611,0.576254401185985,0.4860493552348404,0.4140267353175484,0.39784747283780686,0.40171592554195396,0.4223887364812831,0.7396583302681656,67.53321075439453,1,5.888644630208625,36.03414535522461,1,0
0.45366805107081937,0.4833370049665916,0.5493789138412071,0.6366356634532521,0.6700641640668562,0.6811684978123996,0.6998557808389879,0.7073746511830146,0.6893025537946781,0.4562718970464611,51.630577087402344,1,1.3116105509130267,24.248321533203125,0,0
0.9916114959802651,0.992322076420411,0.9914439033116271,0.982146789398336,0.9579684919226557,0.9015923485119104,0.8640795647240158,0.8312335536454226,0.7799917341492707,0.9920644157024088,50.30265426635742,1,18.45771276687718,15.433634757995605,0,0
0.9910882913660086,0.9919196701567751,0.9921238053994558,0.9812249365885858,0.9336939086445467,0.8519506333433307,0.7301093486974781,0.6779119790808605,0.6611142380627835,0.9915097843233092,54.89274597167969,1,20.147176992525782,13.57580280303955,0,0
0.9641438370353258,0.8989063258623504,0.7904956538945819,0.6919494654666417,0.6709907259415343,0.6821848320173978,0.6912623731860461,0.6852624679501077,0.6534507911478975,0.9438055929178483,51.79216003417969,1,9.43525574517237,26.8102970123291,0,0
0.6898605022456097,0.46863604423393146,0.27750082806306053,0.233650956580174,0.2396244754783971,0.26104887852590414,0.27738301831575646,0.296490394067496,0.32121212694028,0.6320397367916555,79.1323471069336,1,6.130906754929593,27.421560287475586,0,0
0.9919503811732356,0.9921059725318313,0.9929025335788522,0.9924973521429514,0.9880774848347739,0.928927640600917,0.7818879649602334,0.6904435494753444,0.657279135889952,0.9916554175954554,56.826576232910156,1,23.62777845524992,30.608448028564453,0,0
0.9818955003486182,0.9471619334842737,0.8299433405552163,0.7023686051841583,0.6452533796038606,0.6113429390385634,0.6030566594495805,0.5935033428172143,0.5715005973582407,0.985046904748192,59.376956939697266,1,11.267749996780042,9.018531799316406,0,0
0.9915983907368293,0.991163784912151,0.9828323301255555,0.9612394786688562,0.9103785691214172,0.778372000888185,0.6486305453324609,0.6129172264933613,0.6054089368362829,0.9919569498333405,58.420719146728516,1,17.331641112959392,8.644827842712402,0,0
0.5969660978644875,0.5029312573032266,0.33862316907841805,0.17574915452961387,0.12240775891248346,0.14861168278103717,0.18548204634000734,0.2206952213121921,0.259861121792704,0.5649959103112694,77.8055191040039,1,3.2581907279501126,32.855674743652344,1,0
0.9686926819295183,0.9161456343395978,0.8142603469634505,0.7400370395024024,0.6954716784893481,0.6298513173964759,0.5477061243320925,0.5021999646588963,0.46781646625901996,0.9603409844424873,52.45619583129883,1,11.5650970107787,26.958595275878906,0,0
0.5254673540181201,0.413050090291552,0.3478205960661154,0.32540286395473317,0.3361832753049283,0.37756085976558235,0.4084807796991812,0.41208198793194956,0.4097962350629888,0.4158751317292213,78.80642700195312,1,2.885416655567005,25.676902770996094,0,1
0.9923946273414962,0.9920044207488017,0.9917621907634494,0.9741333891678398,0.931371622970515,0.8888390928435901,0.8395856489423179,0.8034890485528855,0.7771527601722616,0.9917753417898543,84.7890396118164,1,23.987994697274736,35.448280334472656,0,0
0.5688880777817434,0.5546278355014767,0.549185225200939,0.516304752471378,0.47003598668536534,0.3972166384876481,0.32578536296659716,0.33942518767322893,0.39135687109405554,0.4174495540831325,79.07713317871094,1,0.4650308570284097,30.99165916442871,0,1
0.9428145973664819,0.8688142691514997,0.7779149170985314,0.7220039203878785,0.6646612064003475,0.6238363671218563,0.6309409117766511,0.6288836946629026,0.605952228180484,0.9681373015035093,49.87129592895508,1,8.391981357699557,24.88490867614746,0,0
0.589284549512285,0.456651490501643,0.39614370165288737,0.39072673381594897,0.4015592614554861,0.40569892594217954,0.3862086590720767,0.3717126927489998,0.37339221059637623,0.6079860361846019,73.09457397460938,1,3.700314208780851,23.71026611328125,0,1
0.9708707549054176,0.920486777870931,0.7796054996648046,0.6283607941981908,0.5546780224890444,0.5040028884056045,0.44029908466711176,0.39058875436296747,0.3878041826891628,0.9724601952852959,76.89037322998047,1,11.485569924934177,25.067583084106445,0,0
0.963095621835463,0.9027445068753731,0.8061436496292346,0.7277450529929347,0.6519398210429397,0.5578758188841488,0.4883817765589838,0.45154109263438286,0.43397439773808044,0.9784333263893392,68.4710693359375,1,8.931362138048533,10.845709800720215,0,1
0.39995268547802043,0.33211809255933644,0.2950631708411699,0.32041469803512296,0.36988854058262055,0.3856341225589749,0.39094480495400863,0.41287074891036163,0.4072059096034379,0.3382981638831721,79.2381591796875,1,1.5058162563945412,22.607698440551758,0,0
0.9697862040603853,0.9041950710426369,0.737375612778795,0.5836159244907294,0.5162855440513684,0.48036804832486485,0.489327852920105,0.497086435883904,0.5085801066762948,0.940285144814728,60.83055877685547,1,8.891736476018748,23.409210205078125,1,1
0.42526102027813506,0.4330071445106059,0.4410969848615895,0.38815815488025124,0.32806815846657184,0.3153026282701786,0.370065609955456,0.3863108969745424,0.35649364733888456,0.33754661269873504,81.60179901123047,1,1.4743076933401191,26.337862014770508,0,0
0.9917592042546607,0.9918625921145925,0.9922695167165105,0.9923781137527747,0.992026513677104,0.9809630525064207,0.9411967686043379,0.8595563187217191,0.7810479312077606,0.9923079606865838,57.17972946166992,1,33.52053360255294,55.71976852416992,0,0
0.9922321944963384,0.9918222700065784,0.9807970655671142,0.9194950671230563,0.8223550535483962,0.7247513956723858,0.6711235436203454,0.6696617335802425,0.6660681265335395,0.9915961278258751,77.93708038330078,1,17.711006956551298,54.69743347167969,1,1
0.9482724112743526,0.8629753886978506,0.7243955243917958,0.6192844273802685,0.5937063093896945,0.6346675359819024,0.7041767242042198,0.7138472548234304,0.7135995254488126,0.9179196471743203,57.74116134643555,1,9.354217767623668,34.78025817871094,0,0
0.9921792397378345,0.9898611819846794,0.9610695220811816,0.8388422543425654,0.7165792311228018,0.6385134197668473,0.5999683428235236,0.564215654404217,0.5309630669988099,0.9922119489734933,64.05487060546875,1,14.308037618378691,22.714622497558594,0,0
0.97065394229793,0.9337628032452363,0.8494925816443327,0.7123480126302029,0.6226382705168663,0.5492446279409017,0.4989742537044711,0.46948425049828185,0.45308712011458235,0.9631477558501026,67.52591705322266,1,9.561927329201277,10.071405410766602,0,0
0.6321043125177374,0.46344077586288973,0.31906585901281653,0.2772353043816984,0.2988794538488332,0.3282847828759845,0.36494070820466634,0.40615731059546967,0.4171236493325187,0.5518500856025467,80.04366302490234,1,4.295810302483969,29.847990036010742,0,0
0.5480141082550014,0.4728659638034999,0.4099296571932823,0.38771060418466474,0.42193927546210397,0.4416916329839314,0.4272909195052061,0.4173658474721007,0.41659507189854805,0.4647174863688044,73.49524688720703,1,2.7682144354266596,16.070581436157227,0,0
0.9708566989004369,0.9415747888102748,0.8755018418090198,0.761567813784461,0.670444028214611,0.5786882765941121,0.5222747293135481,0.48869779340227437,0.4748178488016563,0.9561139369768513,67.5643310546875,1,8.89545428059234,14.76571273803711,1,1
0.9348763524207018,0.852431039245794,0.7598498430887431,0.6843582923474142,0.6113317481268687,0.5441435387316698,0.4832872829230936,0.42435872806239655,0.37491720366846565,0.93887071853233,62.24245834350586,1,7.846097437685106,43.44462203979492,0,0
0.6947847366274834,0.6509769453882411,0.6349304612120139,0.5870134353474201,0.520305750264621,0.473457228573458,0.4405735841731405,0.42030536044302164,0.41372295642820994,0.6527806945387735,73.71231079101562,1,4.1024757961439375,17.950037002563477,0,0
0.9608431594936246,0.8908250195036854,0.7667943232192391,0.637936141059511,0.5671625407799098,0.5139469763796413,0.4637382107213603,0.4278630611907301,0.40525844625679963,0.9685280216292901,64.4259262084961,1,6.8716244913873314,9.30768871307373,0,0
0.6736833337704495,0.4491814600052078,0.26290038765992263,0.20389686703559823,0.2260247505231515,0.277604395671362,0.3312251933098043,0.3680716873574472,0.37203867065526935,0.6061240872284891,83.01054382324219,1,5.186462422597054,20.383718490600586,0,0
0.9018599650158508,0.820861988299406,0.7645031798923275,0.7521460013673449,0.6878721975588752,0.5961329510289712,0.5155049928136334,0.4440883431800448,0.37972500660515307,0.8330923989734855,69.06006622314453,1,5.60774684510261,18.654560089111328,1,1
0.9866378480766996,0.9689669315489473,0.9050383760431698,0.8321765768216183,0.7720090603483934,0.7107176324071272,0.6629949827814505,0.5971407043674136,0.5334666538006055,0.9864501296414789,89.78704071044922,1,13.275229794475427,36.052162170410156,0,0
0.9658383964794849,0.9218226783213956,0.821274678670925,0.7022006537808628,0.6411943790781762,0.5933740063906956,0.5563908611915884,0.5306405793545333,0.5346353306978948,0.9721732376047483,78.28831481933594,1,8.07870169317791,34.877723693847656,1,1
0.9610410462163261,0.9087652303092097,0.7798833733658521,0.6410248769334799,0.5638238313287273,0.5266048620384449,0.5049264958069041,0.4793061494255251,0.46773122561834124,0.9661924047663154,72.09060668945312,1,6.529856325515084,26.187034606933594,0,0
0.5569610154615775,0.38182066823167676,0.24777486431121842,0.21850484607325169,0.28056717239145823,0.3439213300224956,0.3838865176676178,0.3789744704290886,0.38607364231593244,0.5342950198288439,74.55353546142578,1,5.759393786582108,23.680339813232422,0,0
0.9916701888888387,0.9900534851444325,0.9836988042387365,0.9688990478883246,0.9284063545327303,0.8862934529114989,0.862392880620317,0.8373495429689607,0.808404964174518,0.6607754155948312,43.797637939453125,0,15.552925522698786,37.63257598876953,0,0
0.9588550263532107,0.905899161462442,0.8218209062408127,0.7436445613207125,0.7336391154709959,0.7308344502769707,0.723931588111182,0.6911991341080582,0.6662681982189927,0.9589934870530978,59.19073486328125,1,8.835769405093219,18.4891300201416,0,0
0.7611571076192463,0.6208952695062769,0.4800560522564786,0.4285198695853077,0.44070131750122876,0.44388497087115214,0.43660256399988323,0.4362564855672578,0.4480793902893989,0.6583910913974278,71.38716125488281,1,5.21142756106272,17.5386905670166,0,1
0.9740949560857755,0.9285096833221262,0.8351050589803967,0.7597327282670099,0.7273130453428159,0.6900457742562915,0.6791358233742942,0.6823100266075808,0.6707542487900767,0.9618934315404347,47.875579833984375,1,12.066178940237945,41.56623458862305,0,0
0.608613420180302,0.4256936182467617,0.270209018156925,0.19291429017692227,0.20443277985167532,0.23724664662843387,0.289502960257488,0.35238513582681585,0.3750776714508769,0.5822075917397813,86.13784790039062,1,4.946211921476363,40.723594665527344,0,0
0.982276062801235,0.9537318430107459,0.8723771321208734,0.7749490362679154,0.6908059993930011,0.6281571117861905,0.597462178553964,0.6020831253810762,0.6204521140965956,0.9802324125174509,62.084632873535156,1,10.618988714990076,26.948389053344727,0,0
0.991754873850661,0.9918642034955344,0.9911477124192412,0.9617163749822486,0.8974089469616069,0.8272066204117509,0.7643153356402246,0.7075281756726991,0.6458286429081533,0.991733706734012,59.21650695800781,1,21.43803779032754,45.78312301635742,0,0
0.9930607536395671,0.990730162588561,0.9560722429705458,0.8533169436622642,0.8078921813225635,0.7812010762974381,0.7510530435601164,0.7051649268990622,0.658190858191382,0.992036400784163,62.773956298828125,1,15.155134536272236,43.454193115234375,0,0
0.9911183565303262,0.9802237157819953,0.8996304587105791,0.7056998261262597,0.6171344445629096,0.60853937316692,0.6320123040201967,0.6367584173459018,0.6410082680587,0.991347769727645,59.843204498291016,1,9.537360820258009,16.82642364501953,0,0
0.982958595043422,0.9493812914320188,0.8275631334508211,0.6535075436146569,0.5811679778583314,0.5563429334707457,0.5733348057701173,0.588875179901705,0.5852214123212595,0.9768598163417521,60.43516159057617,1,9.247264161967742,2.8205113410949707,0,0
0.9918374156825682,0.9917255444903119,0.9875674822741304,0.9134992364402331,0.804720714866218,0.7215474305993298,0.668916644245273,0.6150456410234271,0.5787873609390312,0.9914188864474531,57.58512878417969,1,19.131129903843654,25.546167373657227,0,0
0.9404170831593598,0.8370869188531693,0.6648656925393174,0.559007802622378,0.5373140201131881,0.5299088070641126,0.5161316522937822,0.4983059456775616,0.4950014667473484,0.9531169692494232,53.779842376708984,1,8.335021884993413,12.426867485046387,0,0
0.6424155582086281,0.4900959716456112,0.288383843457195,0.22515120086516405,0.27086794501448835,0.32844826953129513,0.36083659886641545,0.3861938306632619,0.41390536121910343,0.48776835680553393,80.95487213134766,1,3.375020689759244,27.21868324279785,0,0
0.6818626539806517,0.49428455807105476,0.33661110398962246,0.296650103788093,0.32279598637871953,0.3527037525542507,0.3768709008486862,0.412382199426722,0.44341420720625846,0.704135589200426,78.41130065917969,1,5.743801978479947,32.64980697631836,0,0
0.9922757973901442,0.9922692844870061,0.9903667810978116,0.9625443186557412,0.8840819275255568,0.7913931860133505,0.7106485026484265,0.6546356762795462,0.6163717918256738,0.9924662266273262,54.55585479736328,1,18.061897798760036,37.185874938964844,0,0
0.5702336400632134,0.4291749535848401,0.3299944723212249,0.3018934900707639,0.3093799338050446,0.3064144319378908,0.33370753911403134,0.3763953018578413,0.40444007522958597,0.5197755508613189,83.59174346923828,1,3.2448014031240513,31.924179077148438,1,1
0.9922544670834904,0.9922159127495271,0.9921439521787214,0.9909260530407693,0.9840055879692367,0.9556362300053894,0.8733604991386501,0.7820385367838846,0.7116233609619627,0.6610777992813757,56.693756103515625,1,26.981793771282973,24.756622314453125,0,0
0.941756961515503,0.8589355326856454,0.7032385270336781,0.5597351083551527,0.5130618430966309,0.4897772273461323,0.5103207044283953,0.5249603260432292,0.5322749791287961,0.9626998225986598,64.4870376586914,1,9.907006569173063,26.413551330566406,0,0
0.8904783815692129,0.7413157695152462,0.55814650861637,0.45579420802438053,0.4424753163392716,0.4209978570492969,0.4070238370581947,0.40866607875904326,0.41828818860345446,0.8625749157190575,72.14429473876953,1,6.370108196541214,15.722171783447266,0,0
0.6921917457000546,0.519614210227034,0.37964825135400176,0.30817061762346815,0.30982413719008833,0.33520707994479587,0.36254616324943784,0.36618235263756166,0.3755903841067737,0.6264460548125383,73.59233856201172,1,5.822260362656108,36.766807556152344,0,0
0.991807931551857,0.9918421300188027,0.991840345683638,0.9868507365288443,0.9729832283896438,0.9517530624895023,0.9077549244137381,0.8250273961922612,0.7455373275072046,0.6613536745632559,55.35000991821289,1,25.209913840663244,46.4678840637207,0,0
0.8968714949460662,0.7601643977188733,0.6106521686938334,0.5652192197015927,0.5281630232658433,0.5049598134738779,0.5014089258882153,0.47671817519500587,0.45970162598084297,0.8955454092480998,71.07592010498047,1,5.0323568692152225,44.927268981933594,0,1
0.991542917063345,0.990895482189215,0.9715060969510267,0.8167181835408278,0.6845173974628054,0.5689993720432768,0.5005303573273866,0.4485558961340971,0.40689238565547253,0.9918440295406188,64.29784393310547,1,15.433439223157217,37.08354187011719,0,0
0.514772810726797,0.37190972621358975,0.21386728140451533,0.10921390380081578,0.07185648359971109,0.08400001304794373,0.16894255567862324,0.26887443622173596,0.34004968559340437,0.4973037033348915,88.38294982910156,1,2.801855067092472,23.875375747680664,0,0
0.9507835167569271,0.87994270651385,0.7642723013008872,0.6465367102801349,0.5566206621508497,0.5002970816788009,0.4807337082472025,0.4829264138760562,0.4797006226432548,0.9146821023315782,58.276302337646484,1,8.81117925281435,33.11849594116211,0,0
0.6980122543995717,0.5636005565594298,0.43584613545937884,0.37925404941855206,0.39539397409131244,0.43410600819662726,0.4707938615304232,0.4822473715325677,0.4827636009996532,0.7474181732433782,81.40550994873047,1,4.513367959501305,29.527019500732422,0,0
0.9272100141948609,0.8434839745088056,0.744819362635817,0.6732819307116465,0.5854448179786295,0.516588110850252,0.4924074328515092,0.5007126741833846,0.4926796632261039,0.9659043950166031,59.45545959472656,1,8.886273275367982,29.58432388305664,0,0
0.9920816559309856,0.9925159625498567,0.9926014880086604,0.9920058037687984,0.9701223401547633,0.9073340457372105,0.8338037541669177,0.7588764154543585,0.6856536994044204,0.9922404090222572,49.77418899536133,1,28.680037607515654,28.846250534057617,0,0
0.9916672282050553,0.9886581427860961,0.9524365268853042,0.8362320986051831,0.7234381046154008,0.6308795554898599,0.5884230484382442,0.5841518734991561,0.5608255659760855,0.9912738448090204,60.818939208984375,1,13.797199732776106,30.377450942993164,0,0
0.9360534802308125,0.8487757786306356,0.7117199007307343,0.6187717699104321,0.5584042045695836,0.5252044922209357,0.5295822983679307,0.5408580596145576,0.5216763213520917,0.9543873672563369,77.33723449707031,1,8.170816554387937,28.254854202270508,0,0
0.9931014366651962,0.992579630559332,0.9871290843861804,0.9281130476821573,0.8602943614672367,0.7672459176059679,0.6633058181253703,0.5653334993459318,0.5051698785607945,0.6609508103245323,60.879512786865234,1,18.712588600064493,19.038665771484375,0,0
0.9057732844558224,0.8097103408532446,0.6445759310193938,0.4208735295533948,0.2934008234166672,0.2516389172521887,0.2386040289462301,0.2509352134173108,0.27119961886390664,0.8880192559312305,78.15584564208984,1,6.508304483219079,30.13058853149414,0,0
0.8714293069196295,0.7793333400040054,0.7126261006795671,0.7109526337780881,0.7664108494379143,0.8053106373432037,0.8208146326955347,0.8287204919596932,0.816991570371507,0.18195933213881943,41.51859664916992,0,6.421769762251885,22.835479736328125,0,0
0.4683909062982789,0.44230711034861503,0.49931163896473485,0.6240816643193853,0.6950053286362151,0.7201688061316287,0.7117505329033308,0.6831827379608582,0.6578203783232672,0.33810152634755003,52.472957611083984,1,1.6525354706609217,10.332491874694824,0,0
0.9936008461709628,0.9933603031083498,0.9919025184447647,0.9688891186796394,0.8898203341603254,0.8129226239108658,0.7622569265275628,0.7145304505386029,0.6817416805368424,0.9936406254023075,50.06730270385742,1,17.743352730993383,22.024959564208984,0,0
0.7789324971264485,0.6744431946857276,0.5719126273829964,0.47320283967439536,0.3830460834647545,0.3474786062148644,0.35720578630849775,0.39007493193280174,0.4155312368722052,0.7570846361211205,65.85834503173828,1,5.288549472286863,22.268917083740234,0,0
0.5542204030088409,0.5299796889182128,0.45420954397686947,0.3674151184083502,0.31776144823732033,0.2940389658585298,0.3046707722484713,0.3399538542224011,0.3681120139134272,0.5339026224712582,67.99195098876953,1,2.966013317301253,2.695495128631592,0,1
0.9905203740022448,0.9859986725425107,0.9030650863838738,0.6623677584876463,0.5528077235938579,0.5112584776717287,0.4940059022191155,0.46298790171280585,0.4326464716264404,0.9904799108630213,62.93938064575195,1,10.554429037871703,26.725465774536133,0,0
0.9456881649185254,0.8688404614341717,0.76171445295912,0.7097805749366112,0.7056526996599207,0.671457045391619,0.5882698627441284,0.5103268369478546,0.45919648354259485,0.9034261025040752,73.07752990722656,1,7.761792144599763,19.0944881439209,0,0
0.991612074167538,0.9921080602480506,0.9889794072243842,0.9585309670962703,0.8863091476185067,0.7852786288718473,0.681436925572552,0.6309067736609839,0.5902991677805391,0.9921211072665537,62.03266525268555,1,14.634077535112763,34.14826965332031,0,0
0.9647157294175914,0.9054226230180802,0.7824392923106236,0.6956455467359297,0.6622240157946729,0.5577456556397796,0.4222336968309295,0.3256773132687224,0.31952300944184026,0.9835930195702792,68.8202133178711,1,9.561968304447072,6.8026509284973145,0,0
0.7046892529990145,0.5672712563535092,0.3698945025876053,0.2666152857872915,0.25430384197634887,0.25282507702622553,0.23857730285726378,0.2412944112870485,0.27449481826495786,0.6832593896394584,77.884521484375,1,3.140867975617485,15.192095756530762,1,1
0.9394231342910145,0.8557822210631079,0.7367131845432855,0.624397665184455,0.5696898637468841,0.5362640380228392,0.4802013497836052,0.47268218279163066,0.4490237054218906,0.9182788620466759,81.44210052490234,1,8.423475364425492,26.5945987701416,0,0
0.9888909176134685,0.9726125680184868,0.8955842590656428,0.7490913197280458,0.6118656454916002,0.5171558609796204,0.4454941578624155,0.40776048036772344,0.3872124474448928,0.9901576666822414,64.65776062011719,1,9.831660459537476,17.652917861938477,0,0
0.553652445487779,0.3927316942490442,0.2375650722919539,0.1628277273996063,0.20450464529115064,0.26452222491551186,0.28504823570203763,0.3164539750162824,0.3361613529809374,0.5404982020464502,79.78253173828125,1,3.4245185444268977,17.53171730041504,0,0
0.9886623124680093,0.9747714446122558,0.8756373152691559,0.7023674578644805,0.621298646527403,0.5788008357320295,0.46176254643226433,0.369346254582095,0.33823553167275344,0.9907915490996562,70.40147399902344,1,12.714349898823583,17.958175659179688,0,0
0.6916595488434027,0.4771097023194449,0.31465407905918075,0.2568713694386149,0.2899604107268595,0.3455448637780728,0.3760852083271107,0.4167504373264444,0.44966333728303604,0.6747916775329936,81.81407928466797,1,5.905406591534491,31.816312789916992,0,0
0.987251977889773,0.9672568073578554,0.8886915047159281,0.739161881262593,0.6185217430293019,0.5460611321330412,0.535237212981063,0.5363929046993697,0.5223766196147248,0.9889849583285262,68.08467102050781,1,13.041271478162301,12.574277877807617,0,0
0.5070477081627671,0.3844867016266024,0.2261952646488312,0.17452383869343033,0.26144123600506897,0.33540277985933675,0.3696588427741724,0.38018137891731524,0.403325974518916,0.511438583035414,79.60855102539062,1,2.5175945874924253,21.009571075439453,0,0
0.9907644877145513,0.9844417849834434,0.9406266210521707,0.8017501644718633,0.6887576222394723,0.6453827314429735,0.6231479608840058,0.5982969671705168,0.5717383003481049,0.9901247402189095,63.676761627197266,1,13.563261203853992,27.645849227905273,0,0
0.9913418114299112,0.9909802389234712,0.9803815472005477,0.9179436561263962,0.8385153570918936,0.7607913867291854,0.686679931186836,0.6177468700205884,0.5567353154272286,0.9913277829485116,56.72072219848633,1,16.53369478228527,15.379464149475098,0,0
0.9917456644977306,0.9916183682836474,0.9877823365585969,0.8917297591498143,0.763511548841524,0.6662348885787724,0.5933037280729592,0.5495578171249844,0.553381312588012,0.9916342892552367,76.0542221069336,1,20.032318742449057,58.313934326171875,1,0
0.6716093781887765,0.5175435253839346,0.4155953442112403,0.3465892662097368,0.33624037007681373,0.3496632182103237,0.3930139519837313,0.4385264732114908,0.47649719441076466,0.677410541472605,70.68669128417969,1,4.240884301674476,24.49260902404785,0,1
0.9923082452839981,0.9914108898948885,0.9739280536988066,0.7986409052851159,0.6276190398828381,0.515583827566658,0.47003996915651514,0.5008861819622322,0.5036233198919371,0.6612896446007923,76.86547088623047,1,18.386348134213783,31.855712890625,0,0
0.6143332869980208,0.42810454088802696,0.2639977644700174,0.21793653416298867,0.2630260276133174,0.2997454064510544,0.3306877741553026,0.35204971824743503,0.3828305026759635,0.5964932554628016,81.05792236328125,1,4.675433507742143,33.88709259033203,0,1
0.47379298491489724,0.39944753485534,0.3352688846309997,0.2894966431605481,0.2808508127944391,0.286092012632293,0.300784425736602,0.3509925465405688,0.3971855722282798,0.48077763618712654,80.50562286376953,1,2.720957838981762,16.249666213989258,0,1
0.842485322059518,0.742484279652014,0.6458244318009796,0.5129527580642903,0.4305588626973585,0.41875214575720343,0.4874823880581185,0.5527710643347494,0.5764404457946282,0.8538885805357789,48.1768798828125,1,7.408456147004419,26.6979923248291,0,0
0.9929918856304565,0.9930333323736581,0.9933579098805091,0.9918705517122252,0.9306876508885626,0.7872017057025867,0.6793030817411976,0.6445936891508455,0.6262518642304067,0.992804306118711,53.004337310791016,1,23.19365530029319,29.239601135253906,0,0
0.4573429949971382,0.4432305155678999,0.4440270208564592,0.3846404356942812,0.3203558055314213,0.29612133050439965,0.31919249670529004,0.35314279783249747,0.39927731263294547,0.37022701093894594,73.35950469970703,1,2.905133336810405,32.964778900146484,1,1
0.9905638243163595,0.9755064362505679,0.8369712950779482,0.5961008942965578,0.4696067359103987,0.3813995230802332,0.33323243210452885,0.32229994217823943,0.3352103988816618,0.9881961637769225,63.138282775878906,1,8.967539229412106,36.223506927490234,0,0
0.9913002898452926,0.9915188704870532,0.9913226350866466,0.9868583045281655,0.9585905753936941,0.850593543829968,0.7140285364843363,0.6165838821654889,0.5480962269965639,0.991416321653233,69.39456939697266,1,16.825046248120376,32.300209045410156,0,0
0.9927107897872501,0.9928884203581779,0.9929517119618366,0.9641484477745214,0.8563851996958918,0.7553997672726507,0.6828961919345802,0.6227173291486182,0.560968120071328,0.9928773506374343,63.45676803588867,1,21.82370152367419,37.11319351196289,0,0
0.9556390145054271,0.9222587764875042,0.8641064250183395,0.7704919786573631,0.6997289959560723,0.6309502451370093,0.5670455247525721,0.5209827264254553,0.501076136989882,0.9471013551707439,78.92500305175781,1,8.41655492362637,34.16730880737305,0,0
0.8127819354160848,0.6370234716392462,0.4606821212270187,0.35252722048195356,0.3331095301874504,0.3388807587089262,0.3571163101135852,0.37604719071600795,0.3893266187978486,0.8019139980584409,81.0799331665039,1,3.7269580593614884,8.743973731994629,0,0
0.9916482640603022,0.9894813769938243,0.9580118719663228,0.8850830736043063,0.8514995610731424,0.8140056713878265,0.743725970724152,0.6595857963577754,0.6086219333575933,0.9914734365118577,74.10336303710938,1,16.19576307400583,15.46030330657959,0,0
0.7430780034667873,0.6402663420640925,0.5623647080139296,0.5196357514852847,0.5351207245367289,0.5979393285311992,0.624836061750513,0.616652331372776,0.5983272207165446,0.7726749114696878,53.18033218383789,1,6.231960305710978,23.123733520507812,0,0
0.6019165846266916,0.44355527798938127,0.3315304828566935,0.31501040231582594,0.33417517898451443,0.3680209505722078,0.4227791386354439,0.4656890602104087,0.49344755311608635,0.6205487717980014,87.18647766113281,1,3.737154950919971,33.211002349853516,1,1
0.8398337613006082,0.7082445380796709,0.5666652234976552,0.5319345743719975,0.6005744425237535,0.6385073301349645,0.6137557306203119,0.5819658835229772,0.5434274373757372,0.8169438942491967,76.92845153808594,1,8.047669607989883,19.047460556030273,0,1
0.7582146696654289,0.5581561307036518,0.3486241936065947,0.19111112698995442,0.17218081402070137,0.24349709952028079,0.28676575790753694,0.33336047737652086,0.3737815816136659,0.69995190348157,78.64572143554688,1,6.040427094024586,28.62879180908203,0,0
0.992262211108194,0.9924520880506967,0.9875421139009846,0.8812087731245144,0.7363622205141184,0.6285962980652333,0.5739023455408367,0.5526760923008079,0.5347942867117597,0.9925179921705786,72.47760772705078,1,19.389233489713497,48.37263870239258,0,0
0.6667814486897471,0.568912003989882,0.42598248525297205,0.31939136028752874,0.3527066417154924,0.43678323886240933,0.46835744262175916,0.46544167491197824,0.4792397877558698,0.7588771716498255,76.65066528320312,1,2.443285846787853,18.135101318359375,0,0
0.872578997095158,0.6789118407822352,0.4429578923606916,0.277381729392588,0.2777152864996936,0.33949067193140514,0.4231941398580237,0.473037104622367,0.5022952616330469,0.7759721413630853,69.78400421142578,1,3.7307847419735074,25.133874893188477,0,0
0.7993600697469455,0.6988634327849079,0.6107682444681953,0.5707027286781958,0.6218450601008485,0.6632173857491973,0.6754883733424972,0.6632300847007719,0.6359768255461458,0.7099972991648804,54.72509002685547,1,6.270484271156769,15.8704833984375,0,0
0.9914337132344606,0.9899277817244843,0.9611542893355443,0.8779309168024921,0.8230834360676256,0.7486858416469546,0.6719687604950834,0.6392528752074459,0.624813765357041,0.9921269490579968,56.735774993896484,1,16.313978401906937,13.939103126525879,0,0
0.6170636083498385,0.43169683379545143,0.2446056475883754,0.175592363152751,0.19482702717808395,0.2279632343604384,0.2781012705569725,0.33669642816126705,0.369197050815074,0.5739377312733404,72.40840911865234,1,5.046852126651678,21.46066665649414,0,0
0.6704392277435408,0.5815445813978761,0.4971427488904373,0.443965257230378,0.47129969164881474,0.5164902115918258,0.5238949707455937,0.5114773727529338,0.4954093420336999,0.673723951776387,62.344879150390625,1,3.4853842287150747,16.3717041015625,0,0
0.7708741185182064,0.682514957202241,0.6436064682331313,0.6985537475613727,0.7810005376464935,0.8347649392389727,0.8516541473004676,0.8327888299287783,0.8138548591962085,0.6995300586716261,49.22357177734375,1,5.355516836276913,16.911531448364258,0,0
0.9341987916136598,0.8546670952446237,0.7685670534301012,0.7310324270617269,0.7135612095305175,0.6893501828281693,0.6788274752038841,0.6514049223719639,0.6231362675574902,0.9660509257136751,59.101036071777344,1,7.461187294946755,10.482739448547363,0,0
0.9490136563124408,0.8660901893605216,0.7713527014907097,0.7160638010872656,0.6826536974655283,0.667747225392183,0.6711425984146768,0.6476588291803265,0.6181886409082202,0.9688820052892869,59.443603515625,1,7.610893199599345,0.48950034379959106,0,0
0.9904221260538011,0.9751446566487051,0.8976603328007012,0.7161963503879887,0.6184642551122184,0.6007376199732661,0.5898387214703062,0.5732910607492948,0.5512683172034195,0.9879531527720249,63.56785202026367,1,12.314388618843987,6.603797435760498,0,0
0.9921377038023184,0.9896651698781066,0.9571375927972301,0.8399236533875137,0.7521767518655188,0.6807752164770702,0.6294463189489837,0.6073134796278424,0.5881549326715763,0.9905022124208238,61.04066848754883,1,15.717118242077756,19.185998916625977,0,0
0.9184725568740298,0.8142035966087553,0.6456394991737655,0.5357941855671245,0.5395007204459576,0.5482966048273556,0.5409621961944624,0.5034712633013201,0.4728645280519959,0.9522272664935402,72.75138092041016,1,7.6256268300559045,40.60273742675781,0,0
0.5783802095745056,0.5135961409622751,0.46596240658258387,0.38881496871370674,0.3654284403427681,0.381716162531851,0.37003573684922625,0.3548198581999489,0.3558177145698152,0.5393297356003299,75.218505859375,1,3.1164453964408936,17.968704223632812,0,0
0.9225678391516827,0.8513079565523063,0.7683823588180763,0.6935294818673668,0.6696302195227791,0.6656086850908126,0.6534077125186402,0.6319004083406501,0.6026165362753707,0.9571779348545046,59.13287353515625,1,7.3136582686656775,15.15129280090332,0,0
0.7856404901294217,0.6150382157894251,0.3983380007282939,0.25884234746672935,0.22677289561151662,0.23516638206933857,0.2646685720142519,0.30185102097518085,0.3384556889679699,0.8073723511354317,80.70590209960938,1,6.15911954040245,21.266780853271484,0,0
0.6852769484869252,0.5905110647974599,0.5486872108324395,0.640154230963094,0.7208494655384873,0.7585341062765889,0.742309666738075,0.715600311117614,0.6912978226313229,0.6657998888145005,47.91641616821289,1,4.083770694857526,32.92412185668945,1,0
0.9756603648958728,0.9352952657658307,0.8189757647691023,0.6029558231715071,0.4290629760441291,0.3580848494917905,0.350131690236076,0.36810893339910267,0.36660238617703406,0.9797374638858487,70.96385955810547,1,10.264445113787492,19.389474868774414,0,0
0.9927307551118149,0.9930269498207702,0.9927972825684005,0.9925054126825338,0.9912073026076209,0.9507290343176007,0.8339980964371354,0.6823216315255024,0.5749442408597839,0.6617684591292855,57.15731430053711,1,27.565601527145244,32.12834548950195,0,0
0.9875793461810838,0.9717321865245904,0.9051822068644607,0.7443199650300534,0.6615588075282514,0.6021315669194087,0.5303925422102972,0.48074790298554004,0.45055622404226536,0.9903069743295055,72.97442626953125,1,9.461067243803896,30.50580596923828,0,0
0.9591258656617845,0.9098631811320278,0.7825804774129139,0.5985188093504873,0.5178574655703682,0.49212509260948273,0.4699782546426019,0.44533181224952445,0.4193802471413442,0.9506996408561075,69.68395233154297,1,10.26810183661444,4.767568111419678,0,0
0.684824292167406,0.4896428132851466,0.34295644973360834,0.298913783614954,0.27508108917413476,0.26157977651219766,0.29727414533915025,0.35341734795910923,0.37903142247108,0.6648551657392925,88.48591613769531,1,4.789299235344528,20.94808578491211,0,0
0.9917755504873556,0.9912162503066158,0.9739753287805977,0.8543776122857146,0.7447961926051939,0.6462178732368552,0.5347101369074228,0.4586220719760589,0.4347822609537212,0.9917862462049213,63.37519454956055,1,16.99499320857023,26.110050201416016,0,0
0.9919435328912696,0.9925618034707562,0.9924498388351787,0.979282605391922,0.8989605811448786,0.7640338381299848,0.6414686103787758,0.5549146709998907,0.4894939918067073,0.992395826082358,61.935569763183594,1,23.02861908732277,11.328365325927734,0,0
0.7258772550353617,0.6375263342904096,0.5698177879128822,0.5370148985936403,0.5038260483009221,0.47494867902300825,0.44268637082113227,0.4340117302692308,0.4329443218970862,0.7595323453742714,80.35221099853516,1,4.616615716634457,28.64654541015625,0,0
0.8934835854555588,0.7657135373112283,0.5935990879364351,0.5234724848890443,0.4981799064720152,0.48875766546934635,0.4799737666858236,0.4709997619996618,0.4813787236262064,0.8841162980584184,70.01260375976562,1,7.780285443981197,9.366243362426758,0,0
0.9922496979089027,0.9926432135422655,0.9925999912491139,0.9859822039034639,0.9520097301931502,0.8912099878910852,0.8338981051290394,0.809551513071884,0.7698324506547611,0.9915329533151842,45.758975982666016,0,22.31810019984445,29.44815444946289,0,0
0.5823540151329889,0.4836883598924402,0.4319934540676083,0.42443059387480614,0.4070888101258041,0.38552374182331867,0.39058325460839666,0.40998789265814545,0.4197063042893216,0.5550363926036952,67.5325698852539,1,3.6054553777429708,27.595266342163086,0,0
0.9928305603269448,0.9931274027977552,0.9932969234334456,0.9929522348906263,0.9780821364146889,0.9222173885061309,0.8647086550339846,0.8117291747652391,0.7531323466769904,0.9929418334638314,48.77911376953125,1,22.094152198684437,25.004302978515625,0,0
0.7133156759267956,0.5329933441582936,0.3316314416075012,0.21266574289639187,0.16448673686853668,0.1851021570752361,0.25306669193225495,0.2912392477300338,0.3293874427403268,0.7181242251256236,77.71363830566406,1,7.0592528947711735,30.63865852355957,0,0
0.9923899219840817,0.9921706359863381,0.9916271800631637,0.9765389036001787,0.8984440369377552,0.8201706200253325,0.7597698159331271,0.726806698384316,0.6898526834587771,0.992534197869195,52.09829330444336,1,22.854597748013205,28.282737731933594,0,0
0.7246303471971358,0.5862314422244458,0.5013534620476086,0.4410347277106888,0.36130172134415794,0.34425110961873706,0.37570702643598924,0.4132426773044736,0.43531167269962445,0.6374900407004467,69.34855651855469,1,5.7228134651560145,25.082334518432617,0,0
0.9897182273232159,0.983640439889908,0.9473637763818138,0.8855456728954882,0.8417699526851218,0.8096307230498916,0.8020709884018403,0.7965338396316017,0.7679680675890755,0.6595325194793076,44.475547790527344,0,11.999721360911213,26.007305145263672,1,1
0.7179224238991619,0.6535054346622995,0.6143620457286839,0.46981575234416856,0.3759745028834904,0.337767007389714,0.34694891353474516,0.36830316144983416,0.36457993516635145,0.7450580640329405,84.39688110351562,1,1.8020218312209217,48.04098129272461,0,1
0.9076174933409411,0.7911357855827906,0.5888158240483395,0.3289569431443305,0.2404872162547976,0.25027732870730174,0.324799539958995,0.37737264083238675,0.3838702780764572,0.9150599891457905,87.96934509277344,1,9.431093103984315,17.60064697265625,0,0
0.9923030861925459,0.9898625523583485,0.9341136746637473,0.7249947858567233,0.5902112102951125,0.511593563268798,0.48258012199975164,0.4763251177924005,0.467856201701021,0.9926144279524473,66.04833221435547,1,14.598007223251596,26.438095092773438,0,0
0.9918368169339308,0.9919409637126358,0.9841477785245898,0.866715165817627,0.7354797806113378,0.6562553482637428,0.6161528610958936,0.568113138410619,0.5183280902784311,0.9912760632224236,72.18621826171875,1,18.741987025809802,32.22489929199219,0,0
0.5347657170034842,0.3887954325715949,0.2569066049760134,0.18554651621469337,0.14919004959300425,0.11389822884188919,0.16181842385059478,0.27627727662563684,0.36165820853260494,0.5089744133230281,93.67189025878906,1,3.1792043189961716,27.699981689453125,0,1
0.8541367792742091,0.7423612093846272,0.6293295124201863,0.5167824966173834,0.4888869257086054,0.5194960141111604,0.5696704435125314,0.6047744628534518,0.6211372657751616,0.7337356511597815,63.11289596557617,1,3.9203747089707774,20.606794357299805,0,0
0.9917643452545326,0.9918414802893546,0.9916775698324339,0.9903967608170817,0.9752178023523255,0.9350147700753407,0.8731821338664869,0.7814481777683737,0.6730285275986196,0.9914954475741679,63.053165435791016,1,21.676763411464417,35.59674072265625,0,0
0.9924678941893131,0.9924755918269047,0.9926723453243689,0.9850531552014137,0.8924509606148169,0.769626794820318,0.6898898452324701,0.6415937266770985,0.6202611210153205,0.6613680710647158,68.78243255615234,1,27.38692904447583,61.71067810058594,0,0
0.4944315636690505,0.38907880144558904,0.31301396209950555,0.24782743350488248,0.23093369861653082,0.27484248076068984,0.35464282093928684,0.41044938893762273,0.42949703011156953,0.46043730270584216,88.75077056884766,1,2.4948944743844748,41.86318588256836,0,0
0.8048102016911367,0.6433903422816432,0.460339678050037,0.34670455326123223,0.3572964363290792,0.40540165570374864,0.436946838939095,0.4529532125597073,0.4413301365767392,0.8294130674706782,86.48482513427734,1,7.9303741988069625,12.075547218322754,0,0
0.9882015351868131,0.9740124626981032,0.8688254408053959,0.6540083948564649,0.5172861501101835,0.47343712309519026,0.48639343171082255,0.49119346691993965,0.5022459369998291,0.9893465923049168,66.34851837158203,1,12.16681817316051,21.28919792175293,1,1
0.6284242778234113,0.4302231099041386,0.22628762083896392,0.11554180849637784,0.11650059898296937,0.16432876066034158,0.2028737999076226,0.2301185441336818,0.2704616573456807,0.6433954293259146,74.58505249023438,1,4.9821884330759625,27.706993103027344,0,0
0.9917642131928002,0.9910962348186525,0.9815989974947149,0.9359321378420107,0.8966978286264411,0.8410589182326763,0.771985173631737,0.7079516865366533,0.6747093173615696,0.9918507015662564,55.84105682373047,1,17.728792345451694,34.416107177734375,0,0
0.942355804905189,0.8237173176742575,0.582054509858468,0.4222973698197366,0.4487857292865878,0.48729460308222405,0.4939377489289603,0.4986457309782912,0.4992245500847909,0.9343091965665331,61.13895034790039,1,9.164836218416061,15.689529418945312,0,0
0.7410088313234401,0.644254267168347,0.5403102295330805,0.43635448980666924,0.39892395396385744,0.36300290169786525,0.3321051825522561,0.33611545671449583,0.3658663930041924,0.7148278693200799,73.88739013671875,1,5.053552689499267,15.95332145690918,0,0
0.4199710943713862,0.3775591045724268,0.4115376179103031,0.5543176611062854,0.625374160025015,0.6251954961967447,0.6006930294248018,0.5741597280707371,0.5637186697828256,0.36934580004762796,67.22545623779297,1,1.0069118642844634,19.804100036621094,0,1
0.4274088962531368,0.265497442438583,0.19832846129992432,0.31120913720902765,0.40105930787584015,0.4363769458445427,0.4319192903675443,0.4209752978154842,0.42982752158348475,0.40109340798917414,78.92053985595703,1,3.049314171432916,10.268922805786133,0,0
0.9706346054708788,0.9308842871207568,0.8557313774363057,0.7784699895812268,0.673258285923608,0.5942716235260789,0.5436640386952964,0.49780588040133966,0.45855473782307254,0.9807781283587013,68.85282897949219,1,9.941077405984828,19.126184463500977,1,1
0.9934693995628704,0.9935045635331108,0.9882680695090105,0.9117791692836865,0.830973296614118,0.7839994690975465,0.7686040086042187,0.7567318926820943,0.7211335758452653,0.9935076542401391,51.59142303466797,1,16.111786431374206,23.831016540527344,0,0
0.9928999423775555,0.9924675025458879,0.9876663551738158,0.9126255206361922,0.7897896925769871,0.7388197340913538,0.7430138716608569,0.7445149306757519,0.731201854995371,0.9929555118460597,51.35367965698242,1,15.972570673480703,5.3125996589660645,0,0
0.9925305913118135,0.9924565581005572,0.9925263168064533,0.9926470088475514,0.9869074517766778,0.9511026598878425,0.8719570812778565,0.7778846681988189,0.7370436689748153,0.9921066366489284,46.783447265625,1,25.776948160394365,18.26939582824707,0,0
0.4578792380037814,0.3810403734786284,0.2723718635960046,0.20683841171521192,0.2514796525157849,0.3001542160515279,0.32177023876250155,0.35105991225016797,0.39311034140367607,0.3442182526777253,74.41156005859375,1,1.5691956150309518,34.98362731933594,0,0
0.9739596694805761,0.9246695211173287,0.8195320276686368,0.751161002787934,0.7624366018420445,0.790423652985682,0.8003305600560493,0.790726038453033,0.766243035473131,0.9742067821853766,47.162940979003906,1,10.868398053671822,32.12191390991211,0,0
0.9929461010242837,0.9898801741704036,0.9444630715118306,0.8395616019826523,0.7855010573220529,0.7637127759121669,0.7613177417450437,0.754623213312387,0.7383067355499119,0.9917435671282477,49.82322311401367,1,14.441302590383941,19.50169563293457,0,0
0.9892691916998397,0.9810380411328672,0.9344168056782921,0.8341432368895276,0.7773328559295004,0.7448800400312151,0.7300278850550574,0.7206179186749211,0.7121691068733554,0.9903583312109868,47.86579132080078,1,10.942580169412315,4.9393157958984375,0,0
0.9917150817792554,0.9890268240628253,0.9455454952109131,0.7918814566199811,0.6844280606121729,0.6126381517144573,0.5865689538280223,0.5926393576613022,0.5961547089935306,0.9906981815203353,57.362117767333984,1,13.663050660624272,11.723494529724121,0,0
0.9892209913492902,0.9767522265448977,0.9050432340305173,0.8007896317121824,0.7216363882727753,0.6572082661441359,0.5862838820372415,0.5263075739901142,0.48907351766329893,0.9866229313604953,69.05250549316406,1,14.070365437321712,41.60369110107422,0,0
0.44091271309305125,0.38270029583947746,0.27259535592872075,0.2447275435405476,0.3288299102226915,0.40957694415399337,0.43499157439073194,0.4496666330615767,0.46032541715105874,0.4291516917015768,73.17752838134766,1,1.067364011683856,32.27918243408203,1,0
0.953083354951977,0.8806337565104734,0.7563213638224252,0.582497131037586,0.45267827572945724,0.3554042295604022,0.2953193664749431,0.303901453445717,0.3281518269371305,0.9545439570069869,67.64595794677734,1,8.704276375092176,4.88418436050415,0,0
0.9911608452440657,0.991388697491665,0.9914512943577856,0.9918290309218204,0.9911880069453013,0.9767846479760962,0.9492510765404639,0.9087851095839051,0.8656240350150802,0.9924396942342809,47.633052825927734,1,35.465341927053494,60.1295051574707,0,0
0.9927467372453488,0.993496585031526,0.9916829397560332,0.9484736121391446,0.8657109580143809,0.7853236745953205,0.6992513452101915,0.6343219014396386,0.5657032794999087,0.9929326247284784,66.74337005615234,1,16.984727046761385,56.776058197021484,0,0
0.6044255776743815,0.4288446113935407,0.25081997790145627,0.15552247441696537,0.14447463410030273,0.16454872273196508,0.18408595553774326,0.20891326340439556,0.2533876761114467,0.546570860011906,79.41758728027344,1,3.9755085447128176,17.382883071899414,1,1
0.8243308213887096,0.6335003425753064,0.38307086529243284,0.19010187962507386,0.12709476771342193,0.13624163365113606,0.18870971954341498,0.22171423067213436,0.2781282304155492,0.7922325277569464,75.40865325927734,1,8.587418680985637,22.580726623535156,0,0
0.9789697479694865,0.9454383702478113,0.8631443666528601,0.8016224917959894,0.752707726902163,0.6947159479785384,0.6216492771466201,0.5662269649591898,0.5518737695175051,0.9821850741560763,62.12211990356445,1,10.376441993326402,36.57545471191406,0,1
0.9890819417969333,0.9741280092136984,0.8659835004791523,0.6425059099765534,0.5315077806997169,0.5247500679276198,0.518539638954124,0.5073876704616631,0.48262569491912033,0.9887465030520683,71.69967651367188,1,13.1681536988688,29.964658737182617,0,0
0.647947789053992,0.6151545915654874,0.5576446657499908,0.4998181743756252,0.5097384618759654,0.5165027668671288,0.4638824392962886,0.42018393260834613,0.3998128686931691,0.5332061612122285,77.07648468017578,1,3.0812674991674944,17.804447174072266,0,0
0.8328942684252776,0.7304017608655098,0.6372549256767789,0.5900419526104775,0.5821885756066336,0.5651127871925966,0.5392423048151992,0.5000143567745846,0.4855045583156848,0.8403295032304298,76.00780487060547,1,5.710806244523195,7.266972541809082,0,1
0.788379502751061,0.6999785653934946,0.646900057224386,0.6437072058187707,0.651100138191692,0.6482766926259547,0.6351664453909429,0.6252265446187563,0.610527504055143,0.6916560512954215,71.75211334228516,1,6.909863945777441,29.066579818725586,0,0
0.9861326472962014,0.9639235500996874,0.8797981592283419,0.7929616241673185,0.7717950573517475,0.7856345019495169,0.8012708811092456,0.8061770201953792,0.8053794803045669,0.6491614339684653,43.06916046142578,0,12.065284930527193,34.34577941894531,0,0
0.92745629721293,0.8396938046822546,0.7363268712049266,0.6842178568978613,0.6621006410102591,0.6764176851677461,0.6999592346589207,0.7194261835488448,0.7104512324916374,0.8318904391506469,54.91138458251953,1,10.128845298249523,15.027329444885254,0,0
0.9500237652874376,0.8949422588740774,0.8010781801173199,0.714978572107661,0.6524700104207314,0.5608506369047549,0.4939362097193306,0.4687128455202493,0.47078433013752324,0.9739470776279234,68.98657989501953,1,7.908725616057319,28.43880844116211,0,0
0.4302527900868322,0.386861665221625,0.4066052963808593,0.41270511706087265,0.37202904414651045,0.34466757322741776,0.32741863823708395,0.34920032671596296,0.37770499120003276,0.41092843478626834,68.50914764404297,1,2.680652824721624,2.048372983932495,0,0
0.9866809047025193,0.9662120330297079,0.883972951429838,0.7651466375496002,0.6953644263007256,0.6703274850994311,0.661377834353187,0.6804268803752861,0.6734166998867847,0.9852778797691689,53.18479537963867,1,12.181706496994492,25.04019546508789,0,0
0.9293840781216982,0.8454708375759781,0.734005119762959,0.6879163676778047,0.713593954414323,0.7784913869052337,0.8208854385440413,0.8340810675596635,0.8291216113185341,0.6263101576258611,44.67394256591797,0,7.6544818112181305,11.25279426574707,0,0
0.8790131200411336,0.7769843190217945,0.6730640919837223,0.6069505444374926,0.5536412241761685,0.4896148819471721,0.4455010173902091,0.4415864409597337,0.44762776867410625,0.9334556643653165,70.7911605834961,1,6.34545780165807,28.680160522460938,0,1
0.8476902028154888,0.7375471108234781,0.6107687164918911,0.5597953013372045,0.5801124699701248,0.6073581239823543,0.6169103540774392,0.6067683017749952,0.5889794642943448,0.8594611481714278,62.242252349853516,1,6.361396508392185,15.727618217468262,0,0
0.9927060650091403,0.9922891287259641,0.9923397550901812,0.9911076335952037,0.9577892356674673,0.8793446061882931,0.7751965897145763,0.6646469931859597,0.5853718457249145,0.9942636339961941,51.236324310302734,1,28.635610478260954,23.693105697631836,0,0
0.8398666812865992,0.6772767246325819,0.5088562561993568,0.41972183265544444,0.39813871335937623,0.40469658554860705,0.4388768647328744,0.43772779407653795,0.43116262946758355,0.6053036240512928,78.77388763427734,1,7.064936685937244,31.63290023803711,0,0
0.9931357195145384,0.9929099272292413,0.9842032157170884,0.8882059277351996,0.7819265272881112,0.7124722171628532,0.6416744193786371,0.5708403125335133,0.5747504202175866,0.99213148163616,48.60087585449219,1,17.02238379922488,33.50989532470703,0,0
0.991585091484994,0.991652318751048,0.9917784196661404,0.9898201447182016,0.9610027549788341,0.909458176869521,0.8506691562704518,0.783099598351285,0.7137298161737475,0.9917169163840289,45.32151794433594,0,27.71922180625864,44.59540557861328,0,0
0.9468461630466355,0.8579402451369844,0.7101279436367194,0.6100474221905461,0.5936003873993858,0.5512614560513821,0.5095101330199056,0.4895991081599681,0.4767861965317822,0.928768289735788,71.64559173583984,1,9.395669504629463,34.663021087646484,1,1
0.9926149031193634,0.9922511601605214,0.991909487022472,0.9657985597062839,0.904512878744092,0.7998375061121293,0.6813032717302193,0.5808984845728583,0.5479532372770525,0.9925017812894052,52.993202209472656,1,19.92703327843642,27.676406860351562,0,0
0.992536436562405,0.9925538635855702,0.9900985856528817,0.9362942974006447,0.8609667696243852,0.8000834591390364,0.7721564983240864,0.7763651848381189,0.7738887087037697,0.6614810529027478,43.26026153564453,0,20.329420476748076,33.15495681762695,0,0
0.9912067380067366,0.9906660818030353,0.9713238544611092,0.8661933959876491,0.7747358489413102,0.7027736906801286,0.645897775669269,0.6187717272303545,0.6071484998768686,0.9911010137306905,53.463035583496094,1,17.492281270903,16.17116355895996,0,0
0.545882022825963,0.4550517116888808,0.3209601979975103,0.20219599405045438,0.18425160653376665,0.19131184296995335,0.19782858840033316,0.2145691160581869,0.2664672631056115,0.43102908627872855,74.60807800292969,1,3.563730209177795,20.58285140991211,1,1
0.991842216272892,0.9903222395961147,0.9660301012444173,0.8629686625779345,0.7953479386692466,0.7610161820260508,0.753121442589527,0.7433870070468948,0.7321762387672479,0.0,37.81643295288086,0,14.292430099471833,40.35353088378906,0,0
0.5205527348048622,0.3733039166985846,0.2329354323867456,0.18266447954155332,0.19392647688692888,0.19415549327731038,0.22264905591326467,0.2654648041962164,0.2854178038891969,0.5269674066860391,84.46186828613281,1,3.647082669834347,47.621097564697266,0,1
0.5252526757421676,0.3516547976714185,0.22511069139688228,0.198280454799756,0.22159173639529953,0.2801098631981492,0.38803566918926424,0.49054531322472983,0.5429455981235893,0.5163808381847467,69.01437377929688,1,3.4687373088797178,17.421459197998047,0,0
0.5117790834586698,0.36268314659356266,0.21504774629791554,0.14433097616700002,0.20410791602326792,0.26891360043457624,0.31789674889435465,0.3980920454267568,0.4496734030814327,0.4689092885393113,81.13629150390625,1,5.0315626086037355,13.593676567077637,0,1
0.856303503352424,0.7692099811158912,0.6962110541094882,0.6447688983839005,0.6719753383066694,0.6922998298263181,0.7384855883148808,0.7399359040628422,0.6849249431557483,0.8560370837177202,53.15843200683594,1,6.860572322857282,21.757028579711914,0,0
0.6040332062866707,0.4973095325129503,0.4149335159240792,0.3899873737926811,0.37671587994836647,0.35863396608768167,0.34256227407322726,0.35035996880603115,0.36635294987081296,0.630914067740733,76.7808837890625,1,4.323052555607207,26.347660064697266,0,1
0.9706896834443134,0.9135823813809031,0.7971476207236934,0.6839927067011035,0.5760559691400302,0.44885059420658435,0.3609178556250199,0.3291178314390929,0.3387943117012076,0.9332878923623428,83.09850311279297,1,10.585908418224967,20.435527801513672,0,1
0.9358209711696747,0.839956956033569,0.6694177534013764,0.5661161810520869,0.5844773872836776,0.606191925727312,0.6086230173225418,0.5860509570761824,0.5506446778883239,0.9622778094686085,63.64946365356445,1,8.86366933715809,21.798952102661133,0,0
0.9529974465040776,0.8797688405489799,0.7498624040419392,0.5924489862842215,0.5362387853905624,0.491392611112309,0.46961719609680985,0.45199063265810574,0.453768817970272,0.9648143340647377,64.90235137939453,1,8.399985708032046,3.0841050148010254,0,0
0.9918524829562929,0.9919346979703172,0.9920468528882215,0.9920262639643589,0.9766941183380358,0.9200200014506406,0.8505140818565077,0.8036051366247496,0.7625233965181859,0.6607171358848616,43.83378601074219,0,32.90520850351547,47.20429992675781,0,0
0.66738128434617,0.5810319607251474,0.49562912572919615,0.40889674758889066,0.3322054131819115,0.2911488214948189,0.284732054255582,0.30964208823210376,0.354215576947876,0.5095948453368712,75.08880615234375,1,3.50129313575554,35.44628143310547,0,1
0.6286395150312997,0.5366350182142716,0.4285815042227227,0.36918320127864285,0.40082162681809674,0.4562853351572053,0.48055340647127687,0.47184065819871374,0.46737709030438057,0.6783324270034696,77.93297576904297,1,3.5416797191851077,17.628847122192383,0,0
0.5135706600254015,0.4881774160945879,0.46627238560444134,0.46934341456094,0.48143921576896476,0.49534008273997154,0.49836589321599767,0.4933296425478516,0.49299066019259574,0.4008573148297887,77.80461120605469,1,3.689640823242827,21.623126983642578,0,0
0.9718933947707011,0.9053785513865549,0.7427181390306097,0.594931868614719,0.5617687606868107,0.530331105695574,0.4905728038225821,0.47708710901437146,0.4539608194174833,0.9704831856260844,65.87632751464844,1,7.623926113897378,10.289363861083984,0,0
0.5492064302584201,0.5191452681879412,0.4891061601395094,0.4771142705859576,0.5200772442155034,0.5446662122801013,0.5323006729319301,0.5141355543853393,0.490559753193137,0.5406224072178116,60.646976470947266,1,3.513930302255854,5.235828876495361,0,0
0.8756780666527346,0.6992208239620891,0.43095028832452625,0.24793817352529943,0.2487498154561761,0.2797459402008353,0.32077465577504927,0.3461407455530555,0.34995898586193847,0.862516559567667,80.34640502929688,1,7.8052549925721735,19.33739471435547,0,0
0.9559880506021402,0.874755325057377,0.71274025301637,0.577195602311674,0.5164774096816882,0.46640506241887014,0.4523036514502637,0.4714298315329797,0.49435528982178634,0.9732134867254464,81.74922180175781,1,8.693584089403682,22.13481330871582,1,1
0.8759134842659784,0.7919174129252365,0.7172191715335672,0.6859035236258907,0.6429094943501447,0.5965270403236843,0.5476865248235986,0.507236613687615,0.4868710967326006,0.7432243728565004,65.11304473876953,1,5.0311360045654965,27.847631454467773,0,0
0.9938570814434429,0.9935904894526463,0.9923193194051156,0.9777480179703589,0.8906446857836895,0.7858338137206492,0.6936272221893072,0.634023930174129,0.6011415900770762,0.9928906786168609,55.628273010253906,1,15.890565148099077,31.11972427368164,0,0
0.991421417864004,0.9904647664475663,0.9706088901037143,0.8931927566022991,0.8102169199992167,0.7108401411447148,0.6204780701719288,0.5605985990074126,0.5424070777497849,0.9916656799570137,56.46689987182617,1,16.898856465961575,11.454245567321777,0,0
0.6209870794895678,0.549952322637153,0.542774071793024,0.5538159800447726,0.4923883590558012,0.44841425250508493,0.42553436057886124,0.4236879987265736,0.4282505283104279,0.6909082756348845,68.66900634765625,1,3.5864601187250242,22.484111785888672,0,1
0.9914798537045534,0.9907673585159664,0.9744775950811029,0.8589996314228496,0.7329618421433305,0.6621233384287324,0.6299645996406895,0.5887139258404924,0.5396218616993635,0.9924994420428204,65.52816009521484,1,15.335884043734731,21.35114288330078,0,0
0.9919289390422557,0.9918687236635088,0.9924810905743868,0.9928460341065423,0.9923188741109649,0.9824149500348441,0.9404543686401681,0.8971855284429079,0.8362798398138964,0.9918339943387999,47.80580139160156,1,31.261185115432088,29.82318878173828,0,0
0.8574265250158166,0.7813721536107335,0.6707074868444746,0.4933798477044472,0.4096719173692222,0.4245998237751083,0.4690645797488834,0.4877783991146626,0.4949894588025647,0.8977370094480358,64.70765686035156,1,7.093167813702411,30.448362350463867,0,1
0.9919127337735161,0.9919639867318301,0.992101446836403,0.9924470149670823,0.9915795878835036,0.98380012672195,0.9405287986556526,0.8470146299108078,0.7707910021903813,0.9919376302851831,49.83838653564453,1,29.123796543058734,19.802762985229492,0,0
0.9913689202919499,0.9908144352386303,0.9735347151381513,0.8923006346927099,0.8354067548741153,0.7815792196602058,0.7151499531934876,0.6497738875616204,0.5979279781023781,0.9916622777710976,58.8408317565918,1,16.34638570583794,49.406314849853516,0,0
0.4621529049744578,0.39040906928538277,0.29681596766213864,0.2617465356447626,0.265319804820895,0.26724640443029957,0.26331819603445433,0.28021221437900556,0.31847120917139937,0.4247579413547731,71.54266357421875,1,1.4203574783314068,12.232739448547363,0,1
0.7891497882855949,0.6967516038877858,0.5684209535517141,0.4791450432070229,0.509007402735352,0.5360655958116022,0.5513375557016404,0.5658003818648821,0.5840543594831928,0.7970652588317838,51.63170623779297,1,5.2574596130910765,21.997007369995117,0,0
0.6892621758634792,0.46177851124215263,0.24829504919459922,0.17144333171373866,0.21344868975633607,0.26680241759624385,0.3224179028912141,0.348403784814855,0.3668299587857461,0.6956787380637408,73.76210021972656,1,5.239781906760225,24.61993980407715,0,0
0.963104941798079,0.9013039045593058,0.7954826459991267,0.7031233075768085,0.6519492822891833,0.6056156469969209,0.5798414385502298,0.5692149577609107,0.5648083268683095,0.9642613835560641,60.00236511230469,1,8.389392588326146,13.419256210327148,0,1
0.9923979518283306,0.9920820239781093,0.9919477490844572,0.9849502732177369,0.9719119277048925,0.9491374451203545,0.8811256022876032,0.7715537265063626,0.6763865537555671,0.9915614976130693,56.34504699707031,1,21.124680215731395,41.664615631103516,0,0
0.840883855932619,0.6970811885009633,0.5601796365903637,0.4922317569421736,0.4647395579118931,0.4342728727638691,0.4022177537745549,0.3773641974412903,0.3768710799268997,0.7933141282479507,75.03359985351562,1,6.998033363490047,22.416000366210938,0,0
0.9896319435732757,0.9802253738658442,0.8834749673011278,0.6775323767465301,0.5732443318380354,0.5071703633186707,0.46137806112533764,0.4194242679267419,0.40442143924441604,0.990259730241871,61.60719680786133,1,13.060418149753204,14.863006591796875,1,1
0.9828494575191686,0.9502770754870833,0.8128861086391146,0.6379218440958568,0.5261552798678765,0.4876988221369631,0.47183978079767,0.4635766513378985,0.44221506967671653,0.9762200133762708,66.54326629638672,1,12.396840028116143,28.88501739501953,0,0
0.5967007110667779,0.5346619115091055,0.530884927871032,0.5744537027100299,0.6533223042457945,0.6902831736631008,0.6490069464923958,0.5747160024243155,0.5171489183790825,0.5947539711631517,68.12332916259766,1,1.945983760440016,8.240434646606445,0,0
0.8648923991571267,0.7015980667185308,0.4811588636116369,0.3126834272158964,0.2775105463020662,0.2817570912700074,0.30898247330039413,0.36743938002471255,0.4174483609734167,0.8444107453359371,77.86820220947266,1,7.503575438671964,22.270296096801758,0,0
0.9904527418326832,0.9803358382429705,0.9077499226553835,0.7941154690607449,0.7381450489351234,0.7064250983001574,0.6962295481065472,0.6762564141541528,0.6550637588232079,0.9878701403837264,47.31978988647461,1,13.493845683579575,33.9155158996582,0,0
0.9917233206565069,0.9908794450750655,0.9624291795509545,0.8007320663195567,0.693316212363939,0.6409208042330383,0.6106041837261525,0.5834864896796211,0.564907075711291,0.9918964958809775,62.295413970947266,1,16.428120731517353,16.558731079101562,0,0
0.9920406433688718,0.9921625654765827,0.9895537982896196,0.9325541204406451,0.8098281742443448,0.6987626519654722,0.6119239829828834,0.5789940285408426,0.5823518956704321,0.9920257075707732,63.28151321411133,1,17.418682894808313,31.325916290283203,0,0
0.9804639451101331,0.9349613277057717,0.7974586691905936,0.6470166098445497,0.5335303992575292,0.44236663991152536,0.37882808556517406,0.37113192713259746,0.3820279999557192,0.9818920060607189,70.33781433105469,1,10.826338383202518,6.686954975128174,0,0
0.9932130000815084,0.9929962306876896,0.9929253065891765,0.9930871777111824,0.992893006642298,0.9828635114511444,0.9121547049150085,0.7951495593679604,0.7016016351794914,0.993141347874643,50.42728042602539,1,29.3806414781555,43.36683654785156,0,0
0.9805613625705748,0.9412941090247021,0.859308711281454,0.8237983851854851,0.8263492334538427,0.8241226382744291,0.8102558824299538,0.7811314038966503,0.7609003920474521,0.9877520888856177,48.7633056640625,1,9.700021117255652,5.236879825592041,0,0
0.9936337551420107,0.9924795862195537,0.9661025476109751,0.8585605238049862,0.7674188813068448,0.6624494897434289,0.5820787638132953,0.550437137785891,0.5662491092685004,0.9918565017670881,69.01107788085938,1,16.333233047175863,41.560935974121094,0,0
0.9925398578269574,0.9923750690151878,0.9929223694324687,0.9915599306548489,0.9520428666259518,0.8610365605447091,0.7838377631864297,0.7530693742746136,0.7235247670456321,0.9933456486194578,54.68032455444336,1,18.858254808431695,54.712528228759766,0,0
0.9922516608408944,0.9911482309444702,0.9626824226843542,0.8028482418454614,0.6881762872702966,0.6195944636173577,0.5840629939635055,0.5570443153366019,0.5275566899128742,0.9925473814921063,62.122066497802734,1,14.528212594505101,9.587285995483398,0,0
0.6251329938261461,0.4365088506708981,0.23197247086590878,0.12169054120030233,0.14209189582900503,0.19695815073233658,0.25804412741852845,0.3085840203863489,0.34116231577604234,0.643669018273504,85.00607299804688,1,4.1751450877411225,24.72569465637207,0,0
0.9930713019179801,0.9934261184455632,0.9922626765506039,0.9679824647813675,0.9148020361439048,0.8586188418664149,0.7694101218586656,0.7241885276223532,0.6927060286001054,0.9930959507948456,51.70428466796875,1,21.078036545003062,36.58687210083008,0,0
0.9908336891070343,0.9843729768095916,0.9270197782688253,0.7561532669199515,0.6509017260036726,0.6106366607892485,0.6001793924524585,0.5859596134873294,0.5738151091127378,0.9871409828091833,62.451725006103516,1,12.882091629917374,12.886457443237305,0,0
0.982964988301001,0.9496906117806332,0.8212517919714994,0.6229743172499278,0.5409389101200109,0.528020136308594,0.5224744114112707,0.5201776985751415,0.5212773948347386,0.9876465582229375,68.83828735351562,1,11.422387043819054,19.894336700439453,0,0
0.9925520571870587,0.9930379298154457,0.9923654964044194,0.9621017690391793,0.8925221407895956,0.809073423249884,0.732648859578516,0.6932370599605836,0.654006695070613,0.9936386880011777,54.85801315307617,1,21.066952670144694,24.891155242919922,0,0
0.6422305449780594,0.4471338817276699,0.3036386838561467,0.2117747055093649,0.17107188312512522,0.20298524254202846,0.2751219907891181,0.33158601719390335,0.3572606655646854,0.5639946273650832,86.89276885986328,1,5.31786674667855,44.32608413696289,1,1
0.748393167445254,0.5408985656077819,0.3488164766242827,0.28778597854736604,0.2785997290935532,0.3071327839393505,0.32962327664257823,0.345096001698923,0.35160835839681776,0.7312852987753662,81.82308197021484,1,4.866885566467334,2.019430160522461,0,0
0.9835121312122299,0.9572083339948663,0.8573673571351417,0.7333634962213275,0.6596728704598649,0.6046939653702298,0.5576249720183011,0.5097316504406926,0.4690717038683411,0.9801524837474584,57.86771774291992,1,10.994141981191552,23.442195892333984,1,1
0.8862778889220346,0.8318750611935454,0.8070844516553285,0.7822531386029414,0.7248685460990291,0.6837194970306124,0.6334265926524071,0.574881159353409,0.5346977932789501,0.8670722636704018,59.824710845947266,1,6.5003093303458375,22.108356475830078,0,0
0.7926180909530656,0.6659174303251189,0.4893405337852727,0.37740431348022296,0.3673084721084963,0.3695401559053401,0.38417032413813473,0.4186088776207191,0.4421717185704709,0.7538455738772696,79.91009521484375,1,4.339465258423036,19.797632217407227,0,0
0.9887948879621455,0.9741196035010719,0.8979288357950868,0.7516314110177279,0.6637465637517562,0.5980698348787051,0.5686671691212148,0.5132831217454548,0.4614334056475135,0.9904991672045074,61.21793746948242,1,13.010037380410616,19.86905288696289,1,1
0.39619623086403766,0.3194521251249692,0.27287834484668694,0.29094652425039513,0.32946691043527043,0.3414461417513957,0.36057883721128936,0.42552753327407333,0.4821070571618699,0.3591041324721353,82.35954284667969,1,1.9073519458980397,37.60737228393555,0,1
0.4874011059574882,0.4223902039904212,0.3884623392155321,0.4011929058005749,0.4131272839642366,0.4121371074749426,0.4191388936669423,0.39562649609712547,0.3598569413139425,0.39752604418486853,76.05508422851562,1,2.993595919030839,40.758087158203125,0,0
0.9926625073293409,0.9925967037743055,0.9927246241624949,0.9907419692118226,0.9546421169893392,0.86227966321846,0.7644540880859044,0.7031176880821901,0.6753289345937755,0.9915780780207708,48.5897331237793,1,17.07094621338394,48.85017776489258,0,0
0.9930690796481523,0.9924005779253301,0.992038231890847,0.965023477267585,0.8458508443235137,0.7090098152480523,0.6100725102123933,0.5650924486712525,0.5606094249289914,0.6610436223197522,77.37554168701172,1,21.926348839174825,47.883541107177734,0,0
0.9925826257772916,0.9925824382719769,0.9863440860364721,0.9332372488138609,0.8668793320310382,0.8122825877967822,0.7609321257750874,0.732821680286162,0.7218177409677138,0.9921629961462154,45.639286041259766,0,19.95306933559983,48.27911376953125,0,0
0.9921073068332615,0.9922382590495114,0.9825429586901551,0.8666083613896871,0.7369146288738986,0.6478715172259392,0.6176476327230542,0.601541297024216,0.603491537552269,0.9925957812621043,77.45148468017578,1,18.92889214464787,49.85142135620117,0,0
0.6408308647984708,0.5326374610617417,0.3614257394740872,0.2325732066647214,0.2375449208032351,0.295235751520244,0.37364110058944544,0.42186738466273255,0.4393730433017868,0.6620270643266646,90.22943115234375,1,3.5540484850695733,43.83602523803711,0,0
0.9868860975131777,0.9643156057062104,0.8374039312325293,0.6514164902857109,0.5788452181272996,0.5600781123421557,0.5433960082863332,0.5237499614364538,0.5065821890555099,0.9862625462116181,64.44471740722656,1,11.587582530972922,11.37066650390625,0,0
0.8176736853521693,0.7299547028874007,0.6789397362546155,0.671957023556518,0.6694661556520117,0.6490431513338075,0.6329863015392144,0.6227248425780448,0.582591536228094,0.7347552745417034,53.431114196777344,1,5.452795021559407,10.690494537353516,0,0
0.992057090337582,0.991882773943046,0.9893658382389707,0.9779286275666775,0.9580566746655949,0.9064110996025777,0.8331416511191705,0.7786019634271775,0.7279585256955143,0.9914956231202512,49.213802337646484,1,18.455255147281623,14.87131404876709,0,0
0.6543608796916894,0.5751123660049094,0.5172049223888506,0.4788788722679972,0.48845623102961533,0.5130310930670235,0.5008553426610769,0.47349319501419773,0.46658067430602257,0.7067594979492364,74.39323425292969,1,3.9210502743800313,24.488645553588867,0,0
0.9869383896815064,0.9691091494931037,0.880369849554181,0.7205589906042728,0.6467926916134918,0.6334093576649763,0.6303996957025108,0.6092190091605828,0.5875059428281673,0.9852369476332132,62.83308029174805,1,12.219722972383206,21.832658767700195,1,1
0.719991303986094,0.5476702263815968,0.4341482692514113,0.4435344536265147,0.5007332830203127,0.5333678336347384,0.5363849961675335,0.5340652460774155,0.5147801693711878,0.7100428716974434,66.11552429199219,1,5.8262386221600275,14.904217720031738,0,1
0.9925266198163949,0.9924849026398079,0.992507917902343,0.9919146607154823,0.9816219686213926,0.9389502175085086,0.8604031017186342,0.7760427381674909,0.7080402558032348,0.9917169489788673,52.128509521484375,1,27.818517304363716,54.2922248840332,0,0
0.9910813286227815,0.9867921624633257,0.9389456802884788,0.8415204626699545,0.7699975195392262,0.6914256212720388,0.6083239487625449,0.5229579940514307,0.4861614007427613,0.9913778868123969,68.68688201904297,1,14.762846819713202,18.967145919799805,0,0
0.9867992695962804,0.9655248641520027,0.8748424520659532,0.7593453546387272,0.6943532638488028,0.6555342552200201,0.6148344312383914,0.5692930482224285,0.5370665834588244,0.9882008690388285,50.00994110107422,1,11.982601663180459,17.887413024902344,0,0
0.9922959053420191,0.9905213152432738,0.9701276080534934,0.7804406029077366,0.6266664312890623,0.5515674755866349,0.5292821366710528,0.5250748366871845,0.510798364758653,0.9921334619293591,69.829833984375,1,14.596429805879943,23.709300994873047,0,0
0.9906816017644327,0.9902731423920547,0.9717292444085475,0.8763402803382846,0.8082418024122606,0.7437866827477849,0.6790503422127686,0.593423244118553,0.5467773494573006,0.9916144900633461,66.38451385498047,1,16.757775074678054,16.70687484741211,0,0
0.98993234237552,0.9812242129238301,0.922723266301627,0.8271890837162807,0.7392081471553399,0.6488634389984329,0.5742659738790733,0.5347018738217317,0.5088615569320247,0.9916194600269316,68.99060821533203,1,12.932121235248093,30.847803115844727,0,0
0.9843154799045553,0.9596998359159365,0.872107825629185,0.7258672697860011,0.6193161811849793,0.5506422188497863,0.5340812216923643,0.5172376565395616,0.5060412037555367,0.9817954733986054,70.22087860107422,1,10.797200381702892,15.512632369995117,0,0
0.6125377136732417,0.5437306159348422,0.5058181695237962,0.4912247028336705,0.49115242506293144,0.4980090962798743,0.4711659340613835,0.44515752370368195,0.4374013814453475,0.5508401331807306,77.62630462646484,1,3.4075497277011184,24.710386276245117,0,0
0.9894785023339104,0.9777365849691508,0.9095217436261428,0.8193187875288167,0.767297595400032,0.7292988324139451,0.734700992893411,0.7423313230235127,0.7292140780849915,0.9837482129429351,50.06107711791992,1,14.36714744987246,28.238265991210938,0,0
0.9870576292152684,0.9664767247921,0.8390201633942648,0.6527425619415959,0.5757863795007122,0.5302552064731374,0.5041585155324406,0.48887494206615134,0.4806928760405161,0.9858478692071283,61.68422317504883,1,12.843154483512935,17.116497039794922,0,0
0.712328017878565,0.622708039293083,0.5574111340208391,0.5188876618889509,0.4740674707887259,0.4607330352387875,0.447860866610912,0.44252208293150525,0.4453646375088306,0.7590541413277326,78.12510681152344,1,4.797149678207213,34.44310760498047,0,0
0.5548317860677892,0.527612182735781,0.5464983763594063,0.5817173277335084,0.5755977528818119,0.5715444157409675,0.584610865486293,0.5668971962309616,0.5498919509709237,0.4745861161748884,54.446407318115234,1,2.506998997911151,29.213075637817383,0,0
0.9794289633148963,0.9351085860509294,0.7745118272802511,0.6169165507782578,0.5436853380889567,0.49913637955725093,0.4724872636781386,0.45292678668728087,0.4423064504070989,0.9780977645499678,61.87779998779297,1,11.310805245424433,15.746915817260742,0,0
0.9803209009421686,0.9420042726142461,0.8040355198766088,0.6191864176866023,0.5300368856751674,0.4702703013891571,0.46102160996681146,0.45485341655932815,0.44476639454201233,0.9641113727134957,55.24332809448242,1,13.05786916100837,12.575582504272461,1,1
0.3115759160717867,0.2975407068813101,0.3077372998288713,0.3253364954420156,0.33174674688181127,0.3518902377978268,0.39182290698042427,0.41578253477041544,0.41575576553898197,0.2936239422939309,85.63224029541016,1,1.4486440551526585,5.461197376251221,0,0
0.6879663005073048,0.5740503726531812,0.4337241152079402,0.3871470058407133,0.34769864269181777,0.3014121507320464,0.275661439482421,0.27346565631451447,0.2912505381614031,0.6938299828217613,74.56087493896484,1,4.417108311650123,26.796659469604492,0,1
0.9638753328528954,0.9310763083668471,0.8193581345460302,0.6523521628042556,0.5943451413520492,0.5920496589894678,0.5494930017090953,0.4874159180790149,0.441699485674117,0.6499712770082429,70.19088745117188,1,10.595866991527844,12.373260498046875,0,0
0.972596066666183,0.9492310230462193,0.8881950683089902,0.7959389884193058,0.7367418262180222,0.6746633048748473,0.6210124327287998,0.5699165848518838,0.5121680830682798,0.9729825877305208,60.726932525634766,1,10.101826404144289,26.002851486206055,0,0
0.989978158332048,0.9725130750328135,0.8618824991825625,0.6761214181482107,0.5857790914520035,0.5451116263580502,0.5226447604058492,0.5425263805989817,0.5596723430422844,0.9836076480232181,81.39177703857422,1,13.273443098717657,33.08349609375,0,0
0.9526182537890766,0.8706591362961811,0.7236440638760727,0.6392712150863654,0.6283259710836042,0.5826700478496655,0.5105992649088841,0.46167604851853955,0.42788510166382476,0.9662903247788015,72.44242095947266,1,8.730568853307677,18.31989860534668,0,0
0.9331615771048862,0.7812920565669591,0.4850746638717421,0.32151294184253043,0.3070140769084679,0.3046379236438683,0.3293633473448626,0.35827442151511363,0.35639043562732775,0.9293418811743902,82.15362548828125,1,7.8050486928109715,10.919889450073242,0,0
0.4663535335807432,0.4223403604623093,0.38778241959152976,0.35524908452326165,0.3468877281008003,0.33832376218454074,0.34348701499423656,0.35632133738620303,0.3537311046380946,0.41889617956405606,81.5272216796875,1,1.2330216367761728,2.467123031616211,0,0
0.9910071941823058,0.9818442037563823,0.931229043545614,0.867897894413991,0.8363055746888746,0.7976482363048666,0.7400126903181182,0.6756849817088597,0.6103834230482634,0.9898090603921137,67.66463470458984,1,13.522189196793766,26.016990661621094,0,0
0.9909023918615739,0.9834358475812679,0.9125910870848494,0.7742785194416874,0.6945845376531354,0.6384000327538646,0.5893110090662075,0.535051502741906,0.5091831829296609,0.9921667916584143,66.82044982910156,1,13.529338291340757,29.22273826599121,0,0
0.9912572069555615,0.9904772396312637,0.9724837770589219,0.8800932806607003,0.7762492817401763,0.6719870322315391,0.612052344407219,0.6043058225063533,0.6146631388390311,0.6607030169239878,83.09857177734375,1,16.31129603449229,40.457157135009766,0,0
0.6815242376832789,0.5626321949677395,0.44311796265699116,0.3456084630579719,0.3387336368732175,0.3595632884179359,0.3584710169184528,0.3717929286603892,0.37193263023561923,0.5576893790875252,69.21916961669922,1,4.161255903966584,24.564516067504883,0,0
0.9680109002638785,0.9203111372171636,0.8183251164557648,0.6952424700947097,0.6251079720111692,0.5776295911107329,0.5551457614601942,0.5274297733042763,0.4959542805700922,0.9793107719797499,80.10948944091797,1,9.602849338903624,17.4622745513916,0,0
0.9922410879300781,0.9906947816858437,0.966775041481799,0.8247641721751459,0.6896976662504756,0.6017655050504218,0.5668814137833433,0.5838702512326839,0.6205306223209187,0.9916658922134154,81.43174743652344,1,16.16630420927917,56.034576416015625,0,0
0.9923195302196786,0.9925643180238194,0.992322255857775,0.9858428111886242,0.9489208710467396,0.8819910512725462,0.8046674340346449,0.7000611077084153,0.5894406478450249,0.9921655971039858,68.3022232055664,1,16.476306083514878,45.02705764770508,0,0
0.9906048169798155,0.9867034409186098,0.9459082969855638,0.8060734429548183,0.7087376105434307,0.6434721122076978,0.5798814122984465,0.5067629564183542,0.45773528839079525,0.9916821168313265,77.60537719726562,1,12.478241320691495,19.45879364013672,0,0
0.9840851246896575,0.9574369412473183,0.8419610873547906,0.6754077487434376,0.574571379068046,0.4893765074447769,0.42322744122722117,0.3855179975059264,0.3668273349136035,0.9781915220355205,61.68417739868164,1,12.69006923444086,22.203554153442383,0,0
0.5619580380707351,0.49099867626893773,0.4503011586638399,0.43097690812386075,0.42479641749777003,0.4248184633761294,0.4020153392147014,0.3596808147857188,0.32723929751322434,0.5459849993521815,72.14877319335938,1,3.1583733719582554,20.960798263549805,1,1
0.6934678571986655,0.5413678914648236,0.4129967826737918,0.44059152758553066,0.4762340833066204,0.4520131502124078,0.4185355242857851,0.40299791421223674,0.41025090683710286,0.6327892257253678,65.85932922363281,1,5.9949672477501625,16.28508186340332,0,0
0.6565136597215893,0.44284114442169104,0.2695975826375628,0.21080935718578298,0.20882987437001393,0.2449470424439742,0.2737755991756472,0.2892191241310537,0.29769533614931665,0.5882556391474341,78.94202423095703,1,6.041273455201798,14.574066162109375,0,0
0.38304641414263235,0.441250840311881,0.48545565826840764,0.5058256342653396,0.5509214176306817,0.5904265214218883,0.6070243456690793,0.6398847280673439,0.6629004062794022,0.36191686731208084,60.496009826660156,1,2.057754796221877,6.0635085105896,0,0
0.9919006141286909,0.99210704145276,0.9921792767951213,0.990363512711967,0.9730587010804264,0.9213894944580996,0.8615455664627629,0.7669190323507846,0.7001824666787106,0.991756579301118,50.02363204956055,1,22.154450162145086,31.73880958557129,0,0
0.9918636099334205,0.9919859202798514,0.9919100072487597,0.9921929570441005,0.9920307727749623,0.9908465328875052,0.9866786252794579,0.9689800379786938,0.9269359353930734,0.9917949911578153,47.38447189331055,1,34.74834949510537,61.639320373535156,0,0
0.9757638791538277,0.9202968481096112,0.752937282022199,0.5941596431738162,0.5547229523200699,0.5799436514489841,0.5898740632515461,0.5847964712955875,0.5858244244415378,0.9739952616536692,59.67280960083008,1,8.720206973165913,32.38330841064453,0,0
0.6451923159413546,0.4321615674427543,0.24559771937251323,0.2072042883135732,0.2440153524809728,0.24060647816275388,0.2373599527154573,0.2706693069184535,0.32254613226327244,0.6039233534513246,73.72721862792969,1,4.746516877163981,14.52289867401123,0,0
0.6750927669774153,0.4455921376075795,0.24544081943488777,0.15717549184162963,0.18802069860679246,0.2319170681261927,0.2661975907660966,0.2716389807022356,0.2984538996105801,0.6697876326443969,74.16427612304688,1,6.082239694446483,11.435470581054688,0,1
0.6970162999247498,0.5923057969918558,0.45004333756465864,0.3214089946556755,0.27916875630052934,0.2618683992095075,0.25843149552728,0.27992807965483063,0.3201937624223982,0.6503496600473128,70.05472564697266,1,5.88532436601034,32.56301498413086,0,0
0.9176937371742723,0.8280393713960847,0.7214999939756628,0.6408245827821742,0.5978507222969545,0.5660774100814944,0.5391193038869265,0.5141600172678763,0.49145411391679505,0.9603876647752906,59.02707290649414,1,7.886301690264221,13.526867866516113,0,0
0.9903199952811794,0.984780349953866,0.9324276141075554,0.8227060859160055,0.7401618015743863,0.6866189854176866,0.6521446796503173,0.6478081007677011,0.6396791443907173,0.9893685909206764,77.0494384765625,1,14.847622937166319,41.00056838989258,0,0
0.9741825774574046,0.9274700788484724,0.8143729603662115,0.7161973332913593,0.670430950865718,0.6341176468355886,0.5715724763031591,0.5165614297224186,0.494396771012315,0.9782411333152878,57.912132263183594,1,10.165117926763624,29.867292404174805,0,0
0.9837075802692044,0.9557708004924377,0.8560440519714921,0.7357786965219186,0.6828967697132275,0.6790007119652283,0.6955419007585828,0.6758038146234281,0.6474312577004895,0.9895886780831469,78.17689514160156,1,11.807772066430658,32.016319274902344,0,0
0.9899261735017029,0.9808507561454023,0.9054588534938405,0.7582339355323092,0.6633037507720032,0.6047327540483268,0.5902087580284558,0.6126974358749355,0.6224944444307275,0.9907077740397694,81.44085693359375,1,13.611072278165198,47.47867965698242,0,0
0.9919850508508912,0.9924642750239291,0.9927011790357422,0.9782494118920921,0.9361296434836406,0.8769320373473771,0.8306430371098743,0.8121557410745726,0.7685120114958418,0.9926256191488094,68.3670425415039,1,19.9898354436398,48.359378814697266,0,0
0.9918213122062648,0.9892083315039618,0.9656251747755135,0.8600999851668635,0.7745991317416394,0.6987829244496884,0.6111540844201104,0.5191617438827669,0.46027031898324544,0.9915045391659886,60.19608688354492,1,12.673390221040938,17.983409881591797,0,0
0.6323717256989871,0.5972558289146536,0.5078668326035789,0.4189004717588435,0.4138516438443485,0.42551255805192284,0.4255909423945362,0.42472047888530595,0.40970682077376447,0.5509515778204537,72.18925476074219,1,2.75480930897731,20.097618103027344,0,0
0.9473045435898667,0.8958812677922532,0.8084491176198147,0.7290020125612864,0.6485680980514331,0.5886038743047538,0.5734624052594754,0.5418884306674753,0.49682177823063545,0.9447798294749568,53.865928649902344,1,7.734905080319324,19.497034072875977,1,1
0.9321103467011002,0.8187732224534316,0.6310836910997998,0.5085400858442107,0.5080321506155309,0.4932641864565907,0.4785936906569378,0.4990692592724445,0.5335900820834201,0.9506001896334715,86.2071762084961,1,8.536974269813765,37.819156646728516,0,0
0.9913402732200312,0.9917066024934064,0.9915188609980731,0.9625242734046616,0.8762513210937886,0.7883845820766417,0.7214955045216063,0.6898448338071982,0.6627563239173649,0.6613369764612304,70.68232727050781,1,23.345040342582312,51.303470611572266,0,0
0.9932963385818167,0.9886177533487044,0.9405509314067374,0.8333946815570114,0.7913519089043052,0.7731890483027114,0.7601489233767735,0.7265170828714707,0.6738869511246894,0.9927409837145336,68.83112335205078,1,14.718481623450193,45.94721984863281,0,0
0.562335108864858,0.40234653722462077,0.2386287793711298,0.14574864725764736,0.11418810435325276,0.12936601513754087,0.238769531504701,0.32923165862069226,0.38189845922215254,0.47954153012478273,89.6745376586914,1,3.3312621155239865,28.173696517944336,0,1
0.9288573799494313,0.8051455480095678,0.543439341332213,0.3891247422933542,0.3046646576975166,0.27518726634536095,0.2873459917293181,0.3140497840874868,0.3374781344368571,0.9267394197792365,72.23966979980469,1,9.126323187768538,23.383869171142578,0,0
0.9912304143775139,0.991029550368233,0.9829897817016929,0.9166557488597364,0.799560144127919,0.7153241366027394,0.6274485845922956,0.550792218903343,0.4925138533453166,0.9919539887970754,66.8174057006836,1,13.729510584286507,22.649526596069336,0,0
0.45729528025486477,0.4016653204506205,0.33847250483649166,0.24886605457007624,0.19447091024323718,0.21011188863968183,0.26401496119818935,0.34480404707925855,0.39178916296369865,0.3741333430513578,92.29121398925781,1,1.0302482051042026,23.943571090698242,0,1
0.7234550508124522,0.6369928589500821,0.5646473500268724,0.4529291829113781,0.38899170551741047,0.3990371858772385,0.40656186486824064,0.4207999847853269,0.45871033267976613,0.7405473574643677,77.86308288574219,1,5.157530023152215,24.7642822265625,0,0
0.9914878047602913,0.9858963620105896,0.9338818776245381,0.8161687698702508,0.7557513303754055,0.7080016212825649,0.6576764665435613,0.5850474207009503,0.5441975870492092,0.9897793833599755,65.40692138671875,1,15.374027076753007,33.26141357421875,0,0
0.9925116329532222,0.9918535364774103,0.9846821805958478,0.9386342372393023,0.8734576027575363,0.7993884842275049,0.7459456224449178,0.6680556626420512,0.606589145154402,0.9920783184625415,64.80460357666016,1,17.826556989247514,22.484031677246094,0,0
0.8350306412487867,0.7136980091283607,0.5793410111004158,0.5362358172040433,0.5540171419386072,0.552447156121439,0.525854936045451,0.4979703570471782,0.483386283948951,0.7749476655276439,77.4127426147461,1,5.7065140445780305,15.504647254943848,0,1
0.46524928785241915,0.4285631594361402,0.4187531129276398,0.4569230276865015,0.5091300881258637,0.5330168988524284,0.5646227579803429,0.6041383686677647,0.6100266297521286,0.3974437771790958,50.82875061035156,1,1.7239284845376532,29.119094848632812,0,0
0.9916313115913786,0.9901462047839443,0.9734997924494001,0.9170411358260802,0.8388216413418629,0.7589263638902699,0.7022324290252356,0.6925598600377648,0.6810935141690287,0.991590800594886,51.28865432739258,1,15.87905840140122,13.493510246276855,0,0
0.9925103727652037,0.9924630520399814,0.9919285965030228,0.9798937662230629,0.9606291487919724,0.9366537677177345,0.8897139211980819,0.8648320324189221,0.8430835150067432,0.3306769352389945,42.40631866455078,0,22.209959164457732,32.90940475463867,0,0
0.9804706064015605,0.9482922666951636,0.8592636512262185,0.6996502868379146,0.5736582488520965,0.5582255113380403,0.5870548720816442,0.5852097045985266,0.5811106665398577,0.9733077836560504,60.780399322509766,1,10.37249475877897,21.91832733154297,0,0
0.9933435769392928,0.9934134105550094,0.9935460529153411,0.9724017359562254,0.8637211552683062,0.7515242492827584,0.6795137572640452,0.6554075266079824,0.6208842375259571,0.9921570873717981,56.48628616333008,1,23.615906589349045,32.10638427734375,0,0
0.9868526031808865,0.9645968655001143,0.8721501681933883,0.7551884283688014,0.734420802794776,0.7815394119046284,0.8260217586215265,0.8402322682266608,0.8242384738409959,0.0,40.421852111816406,0,11.640026474931263,24.495933532714844,0,0
0.9932488388372348,0.9932419188465554,0.9930571224456345,0.9685618619046951,0.841689649502425,0.7341070847953235,0.6659268627316438,0.6449924501178443,0.6302234574780001,0.9935599538677595,54.48411178588867,1,23.22240229934818,23.879167556762695,0,0
0.9881658481393141,0.9733763525065217,0.8920826379850976,0.7762037809393272,0.7430400799278057,0.7750430997314295,0.8250441431370444,0.8515520382757743,0.8387638963974285,0.0,39.704750061035156,0,12.700125212207476,25.24502182006836,0,0
0.9921763855808613,0.9921512653286064,0.9889036266936159,0.94255429310122,0.8717602579518215,0.79047667324448,0.7199274966961928,0.670345802778081,0.6422858381227297,0.992337358335123,54.921363830566406,1,19.51619477499058,30.096616744995117,1,0
0.5548530898786495,0.5243655137854433,0.4615854652295197,0.3522680553073855,0.278262714633691,0.2272901599757886,0.18454222846509213,0.15082192625504384,0.14372724638257905,0.5000330768805956,60.594058990478516,1,2.517481227649684,42.81396484375,0,0
0.9933182400064265,0.9929145629122041,0.9925705468595845,0.9886675061379343,0.9179765992422222,0.8121476803102065,0.7264310479471172,0.6631160384662036,0.6209039395386102,0.6617361034247304,64.81556701660156,1,22.60658956901283,43.844173431396484,0,0
0.9912074209154852,0.9737190123398188,0.8627490278503746,0.7127972348511477,0.6099061595613748,0.4808759909489922,0.38896474683900045,0.3449429309092826,0.3315136375225988,0.6588586588099152,67.67059326171875,1,12.260958291723474,4.550252437591553,0,0
0.7001210665073009,0.4710129655696707,0.2670155358107558,0.1895186417729017,0.17870433158450927,0.17740448616881768,0.20086540080029883,0.22483576091251037,0.2692904923290358,0.6656354684429916,85.35281372070312,1,5.440663702076789,37.54924011230469,1,1
0.9923805359630897,0.9919747714701094,0.9797038857496478,0.9368472929656678,0.8728217823783858,0.7864147013013779,0.7024686775276796,0.6349316621140191,0.5739900970529069,0.9917063798245545,71.56800079345703,1,17.822751923549987,33.35869216918945,0,0
0.9714862868103897,0.894009139557468,0.7078499549298912,0.5781567727815258,0.5468304442179643,0.5319172112735715,0.49855026762069493,0.44708104894646056,0.4109580906245033,0.9656952435331172,61.4260139465332,1,7.478251279240021,17.598331451416016,1,1
0.9914536964389794,0.9904926508245442,0.963728424352253,0.8194974394048359,0.7133200195214623,0.6591203866162852,0.6581797821857388,0.6109617784133641,0.5820683537491708,0.6614773812577341,91.52310943603516,1,19.06883898380951,25.414371490478516,0,0
0.9929017596848375,0.992236609240082,0.9793043678053852,0.9224761309045342,0.8418994633052747,0.7502914387519368,0.6756290652578608,0.5825491733950481,0.5112434699082642,0.9924286097579765,65.82404327392578,1,13.295252659385492,45.91264343261719,0,0
0.9917303300920425,0.9915933986066101,0.9718438743636226,0.8364451476096796,0.7142701336683955,0.6222075215545456,0.551002130902519,0.5018866245578794,0.4831463840148829,0.993104896636263,69.51261138916016,1,15.64564837010883,10.308279037475586,0,0
0.9913703939484885,0.9914542205091694,0.9914612759608226,0.9853504500695967,0.9287634438771781,0.8250545960399701,0.7267797681506317,0.6217669672011119,0.5413632265715257,0.9914771243170741,61.39057922363281,1,25.80297114499175,27.71150779724121,0,0
0.9553673061878084,0.8464190543563628,0.5843771379425027,0.35733883217415235,0.32575501923921385,0.40462797978113435,0.46171277886809925,0.5054177731561208,0.5082367696810886,0.6202460381438274,85.63888549804688,1,9.757753812836416,23.41234588623047,0,0
0.9854865422344226,0.958837619789603,0.8600653385455024,0.7247764666206983,0.6060363837470789,0.546622526126741,0.5065026523786932,0.4917991322323402,0.4799987778281253,0.9874497781053664,72.36681365966797,1,10.794388052780635,30.4813289642334,0,0
0.6939094140321398,0.479120107950642,0.2759406813538679,0.19466410269276074,0.22200386016363752,0.2690982207966264,0.3249024911640084,0.41308362713013197,0.45473863767124406,0.6150145580693162,91.39643096923828,1,5.279706891665491,18.220842361450195,1,1
0.6848117325601982,0.5212004357020956,0.38538033284853146,0.29241167141228946,0.26459566306700366,0.29143918714245826,0.3178791089588423,0.3608683083375394,0.3842294449302878,0.6257705507999789,80.82398986816406,1,5.4085244497515585,9.508737564086914,0,0
0.4874776387544254,0.4523895942917133,0.4705818264309209,0.5128154064304091,0.5913933579084446,0.6507894927292832,0.6706773031418833,0.6819753034366042,0.6853905723512767,0.40346287724627117,51.311092376708984,1,1.8920940242421205,31.847244262695312,0,0
0.9919448368971475,0.9920286623168038,0.9915634786750243,0.9575595673147784,0.858893415011929,0.7746082829839974,0.7120282100059324,0.633283744302458,0.5772602014724703,0.9923530468542138,66.11397552490234,1,20.223594611874738,33.49068069458008,0,0
0.5838598724309534,0.40425042606038336,0.2459617926274799,0.16409948978300104,0.1509957732698941,0.21415785181187993,0.28225194382358365,0.3460473267726621,0.3814806596783604,0.5473240741514385,86.58247375488281,1,3.825551781442555,42.47823715209961,0,0
0.7000138042830133,0.5459672661152547,0.4004278892509225,0.3216676667831289,0.32778767514990986,0.3597907932682273,0.37196519424206814,0.3787033163031197,0.39770819471500585,0.6055433844485627,78.80393981933594,1,5.014373975620266,18.708576202392578,0,1
0.45585002898098664,0.4492153408315829,0.5207690719945138,0.5504976856585535,0.48366960266061004,0.4362250866526222,0.4052596634540622,0.3869137539029648,0.37802169158568977,0.39842723893459353,65.68666076660156,1,3.54114755558293,15.384151458740234,0,0
0.6256842413844647,0.5149442851089956,0.417944011042768,0.4173208805719731,0.47821196556094464,0.49320463967097095,0.4723394129751565,0.4467577248694422,0.41398472087815735,0.6505840310721416,68.056640625,1,5.833093107561272,6.478342056274414,0,1
0.8872240579384791,0.796624010953887,0.6888323793523473,0.6696072360379945,0.6855655821871082,0.6521767846405752,0.5827126196241667,0.5175990093152318,0.44424379346630166,0.8934732206334073,81.86294555664062,1,6.738734350208954,7.399957180023193,0,0
0.7848858377304594,0.6582171566277649,0.5141833927674202,0.38224136123502794,0.31693188606707345,0.29755026016488,0.31746323007600746,0.331926617965707,0.326641240473384,0.7875954468890761,86.98294830322266,1,4.628779545919589,7.247785568237305,0,0
0.6208453802774441,0.49722709743711413,0.37631980839536394,0.32664428783936456,0.347038662730908,0.35659861643166024,0.37153407048131304,0.38481517791092146,0.36735979710594896,0.5955577648646235,85.84488677978516,1,4.19009077234513,4.976101875305176,0,1
0.6856969359466422,0.5744155188760678,0.4779646249829294,0.42031183962822977,0.4278663445715206,0.46468805444476835,0.4991815510292633,0.4956837774546867,0.475314015188303,0.6493631890237394,70.96112060546875,1,5.234169507077282,16.97522735595703,0,0
0.9168046702267671,0.8265422988182051,0.6909762126636905,0.5028601879172871,0.4341884457179959,0.4528609643596835,0.5061704408425132,0.5236331046737344,0.5094392572441682,0.9463514185489793,58.112464904785156,1,8.829695190362601,15.127752304077148,0,0
0.9897664888969098,0.9769383317977703,0.8818873283570524,0.7163261995689698,0.6527390363962766,0.6180847232391504,0.5673471664017665,0.5251957299033302,0.49491727199985397,0.9909940685529214,72.76419067382812,1,8.119568492705056,17.95404624938965,0,0
0.9636766565757581,0.899909872310715,0.7890902520298718,0.7143856756511459,0.7111790381084263,0.7011478475058761,0.6689715736239454,0.6341647404519734,0.6072730969410117,0.9528207902577773,53.56001663208008,1,11.33422458883345,16.800737380981445,0,0
0.9764631327605436,0.9315137866099666,0.8330902841340057,0.7483486549454771,0.7544928107082961,0.7879100379705476,0.7968933188107162,0.7926917204585545,0.7733869953940428,0.9642092730265147,51.81439208984375,1,12.324613818127375,16.7619686126709,0,0
0.9913797998146028,0.9914874393065504,0.9917471680782728,0.9911808477092,0.9875416593550562,0.9751492143897752,0.9350696678376538,0.8481637153795835,0.7582788052305047,0.9922265031343935,61.729530334472656,1,25.880556339431624,34.004966735839844,0,0
0.9915059199302763,0.9908693146608843,0.9722675217618105,0.8517926946813569,0.7322301168810157,0.6609399874306988,0.6202855365512044,0.6003944794802146,0.6099884536367937,0.9918909338943946,75.91011810302734,1,15.013953931671798,53.18471908569336,0,0
0.992515514321204,0.9927110022828297,0.9929208107947317,0.9922325439882208,0.9768833066453703,0.9177500577134283,0.8282433268651205,0.7434107119212259,0.6625245247087224,0.9913151979036725,51.86687088012695,1,21.765429426434086,42.8872184753418,0,0
0.9924124750928427,0.9921456819348361,0.9908610497981599,0.9604818151802448,0.9044775432119639,0.8525383065654978,0.7753046526097304,0.7082222063151793,0.6590836679568755,0.9912440661184563,61.76997375488281,1,21.340617673546994,18.000349044799805,0,0
0.9812729905950393,0.9358465839315354,0.7982812171454133,0.6495487655807437,0.5753030132278651,0.527161995012717,0.5090085242503078,0.5347239571750504,0.5632729701201303,0.9809508077263904,80.07788848876953,1,10.456181132892853,52.67680358886719,0,0
0.909601586429711,0.7977714390118749,0.6461767877316653,0.5661948768215028,0.5545820489168005,0.5492865499827165,0.5484887859865216,0.5471459818523868,0.5427965424687826,0.8931474032386555,80.34329223632812,1,7.746247142774372,39.023799896240234,0,0
0.9034368495151628,0.8213885463894127,0.742958402961533,0.6448833696312202,0.5062414250965509,0.44812176009230303,0.43238522148493597,0.447220065238569,0.4507187863328987,0.876729668751594,67.77947998046875,1,6.797430790524395,27.183155059814453,0,0
0.6996221439570951,0.4839350189007233,0.30131659721923376,0.19462282334975176,0.17386183750893847,0.20825581034823917,0.2549194076205242,0.3117385197160596,0.3659356593759657,0.6581155111122636,88.59049224853516,1,6.278269643909178,23.300024032592773,0,0
0.8164897441814641,0.689317948779859,0.5358636685056303,0.3853870038256299,0.30044258899756543,0.3124954518809029,0.3819910977127117,0.44619124054147374,0.4775813087152112,0.702677624731456,62.84026336669922,1,6.5220904973701135,40.06590270996094,0,0
0.9924795091033447,0.9925839814143487,0.9923731169546176,0.992230393095637,0.9903781632274785,0.976756856700981,0.8857027500362386,0.7762641176393664,0.6889346339942891,0.6615732136210514,52.72282791137695,1,26.135229472301088,29.848997116088867,0,0
0.9799900369875236,0.9336901205157644,0.7759418586884352,0.6155948311800624,0.5573775811305588,0.5400220070635399,0.5222522749901364,0.4974896223655013,0.4723912366271012,0.9794525774974474,72.46139526367188,1,11.218854532736218,55.08607482910156,0,0
0.9923525223404126,0.9921228595106809,0.9919548033737692,0.9859148769000164,0.9383558017428402,0.8853744332025325,0.8398104115658546,0.8228597009201236,0.8044292479573616,0.0,40.01154708862305,0,26.417579386949313,46.28938674926758,0,0
0.9911281426586057,0.9862646877316256,0.9274400872164666,0.7882146035724711,0.7203349724811137,0.6490312391179339,0.5805187076139972,0.5274005553344135,0.5384231279199356,0.990610145795139,60.80764389038086,1,14.874456126439943,19.873821258544922,0,0
0.857572812904415,0.7580145745482024,0.6601105096090664,0.5606873317331263,0.5182285719991678,0.4909550439969553,0.4772318666919399,0.4699911789583161,0.45812981137996145,0.9142841423064115,70.57662963867188,1,6.4724256890271015,11.815258026123047,0,0
0.9848463677402672,0.9613401053066235,0.8663409010405019,0.7624787813711229,0.7248952851553998,0.7312391410366158,0.7722043134030833,0.7949866972756283,0.7789337294541371,0.32334351731048916,42.31602478027344,0,11.205970795620347,30.185150146484375,0,0
0.9328196151825568,0.8578103060614446,0.754518756424532,0.6484199618642315,0.5861443009718987,0.5378951020962564,0.5113993135489179,0.48536090501295803,0.4616989935710713,0.9165350486565585,70.62493896484375,1,8.043672252337553,29.876930236816406,1,0
0.8196650302809645,0.6499498970612605,0.47773372497235106,0.39546736489544276,0.3784702018963788,0.36721471483362444,0.3591365809003216,0.366610470499152,0.4044730471692278,0.7488578711221203,59.7047119140625,1,7.089916964339367,34.77426528930664,0,0
0.9917239083544696,0.9916222788845204,0.9918357590548809,0.991929284418713,0.9853306818722513,0.9225699200986869,0.8391349706621283,0.774838644623494,0.6785705858996854,0.9921732926922291,68.18297576904297,1,25.347714615657054,43.265411376953125,0,0
0.7881567429115012,0.6973319566456779,0.6500507382441507,0.6193559315549382,0.5673742922884434,0.528075062186989,0.5364820364430615,0.5767376986231199,0.6057698018383626,0.758695386144725,90.66889953613281,1,5.380583282804488,54.6841926574707,0,0
0.6400542940780515,0.48168498739753296,0.3389199162386256,0.3018342403714953,0.33073749792825596,0.3642347639948169,0.41314848253252406,0.4600822247001459,0.4901405831000375,0.6365748148166405,88.75774383544922,1,4.779433850175648,31.153305053710938,0,0
0.9431176394364909,0.8465790498628495,0.6862598209283711,0.5804670615752061,0.5609144537630582,0.5509231035352838,0.5211078153205062,0.5030303809740326,0.49182445424363463,0.9666397486815173,74.97515106201172,1,9.188043578017835,16.604110717773438,1,1
0.8996006599522587,0.7577639418225105,0.5307372983141186,0.3600489395464858,0.31330590137116776,0.31545810929450535,0.33319237132805835,0.3976903535386087,0.456221857960708,0.8804316299676876,77.1087875366211,1,8.017958117676221,30.082529067993164,0,0
0.6146940695554031,0.5416628324973779,0.4826246968745718,0.4192751618588516,0.37696588070942105,0.3945004412978529,0.42772442567447716,0.4508465800251368,0.46153077509744883,0.6298568380694316,87.05294036865234,1,3.4650857333507914,20.881086349487305,0,0
0.9919257271005366,0.9918729990621935,0.9913284551677695,0.9521620823113898,0.8374621860330301,0.7429879019644849,0.6950777927297114,0.6783304185834897,0.6379494962414148,0.991731863716399,62.30665588378906,1,23.338005144094748,56.5499153137207,0,0
0.44882505974360865,0.4330393898469557,0.4041675518141849,0.40086772548588795,0.4477640057647073,0.4979094318260648,0.5093835302621181,0.5165674096493782,0.5220481786477816,0.4031756932845043,79.08026123046875,1,2.013258615727698,37.56419372558594,1,1
0.9519520629666428,0.8837822354365609,0.8080153197023029,0.7985960754950991,0.8223739464652401,0.8023060800565754,0.7291367666889766,0.6506811098323791,0.6021119773228373,0.9148826211710023,64.93658447265625,1,9.20452771592605,34.812416076660156,0,0
0.8216352412178352,0.7244919616160365,0.5536933899896547,0.4425768053752157,0.42773823539897704,0.4660614088866964,0.4908316051249363,0.5069185083146728,0.5216415593523447,0.8462141554835753,60.596832275390625,1,6.322688888313941,5.837170600891113,0,0
0.6077926831721733,0.5165080295729189,0.3576770357255728,0.2647245564074638,0.2986788399607164,0.3053621632451835,0.28136836640007884,0.27799316931718787,0.2932079499120204,0.5239673791838331,74.96398162841797,1,2.8641828433304606,17.750205993652344,0,1
0.43679160698834985,0.35798944802136506,0.3315620156097902,0.33772759555378634,0.3398661724262813,0.3182653649223822,0.2979086954234399,0.29684865437731184,0.3269931892436333,0.39175290304657073,75.8154525756836,1,2.85440888184043,39.90747833251953,0,1
0.4730649377947594,0.4673999548000235,0.4007618650515239,0.40921961857366784,0.43226594363354176,0.4370052602250904,0.41784844003311866,0.4103129621914287,0.40671967734404274,0.4281026920468061,65.01509857177734,1,3.2894040971292493,4.368558883666992,0,0
0.8337440879847007,0.7412981435831435,0.6670039760981022,0.624288732810906,0.5638302507539761,0.4989475782276004,0.44506185378484336,0.4136485333219262,0.38469688798097484,0.8588906646464508,69.6556396484375,1,7.203370307869906,12.531655311584473,0,0
0.9771706556530364,0.9468246299078138,0.8310068209666688,0.6252215006403845,0.5552127259612702,0.527366096399978,0.4941096376889925,0.45989261257911696,0.4313637131377167,0.9781613901432072,64.08348083496094,1,10.065986312621156,12.839906692504883,0,0
0.9844096251909343,0.9501787883098098,0.8228503875781619,0.6663280421781476,0.5606931638233654,0.4927240873391278,0.4427539370936299,0.39463541371889566,0.36105857008337366,0.9872316051850054,64.43927764892578,1,9.720944136848447,7.190086364746094,0,0
0.727755493124453,0.5355022600134999,0.33841513644617593,0.24429255145767564,0.2549309344307888,0.2669613555105908,0.25773561664081773,0.25448727358505163,0.26668054289690113,0.7007337239050161,78.68766021728516,1,7.035015284603958,17.791120529174805,0,0
0.9599973860545143,0.8943797056074771,0.752764125684682,0.5940285459038258,0.5325261259920465,0.4933431769159212,0.4507171869226158,0.4163112330135575,0.39068504617781813,0.9597455111271651,60.71870422363281,1,8.966431019038692,18.053611755371094,1,1
0.978845047225231,0.9358077420962684,0.8301678033580894,0.7397360333830485,0.7111292388081332,0.7033008670539711,0.7131601023753388,0.7137429056060407,0.7116954596474486,0.0,36.42687225341797,0,10.579992469426172,18.324583053588867,0,0
0.7327110484340283,0.6742266467414416,0.647264391900056,0.5979024965203807,0.5697798933997963,0.5513548762962186,0.5067990024868484,0.4468887543753119,0.41131876400652023,0.6525208240806036,71.26806640625,1,4.015464851615532,40.20298385620117,1,1
0.9177239738049333,0.8456837615008229,0.7810966431340599,0.7122544087890786,0.6465567265626033,0.5828126532140464,0.5328788138095076,0.5339201854794617,0.5387217829030531,0.9284840357905362,66.03950500488281,1,7.4365935742052365,9.908519744873047,0,0
0.9178447989937857,0.8097184043049322,0.6609892439630243,0.5236953925216993,0.4776939455506972,0.5062850883446549,0.5339873821285485,0.5400289904040535,0.516075844551191,0.9414500498673676,80.02265167236328,1,8.555779613553641,29.451261520385742,0,0
0.960722006379509,0.9148475161236168,0.854597945330186,0.7929953841560945,0.7204988018387675,0.6228088006831123,0.5359921231191951,0.4585453504500111,0.4223616531786713,0.9243189213459859,69.11323547363281,1,8.997422471205553,37.73236083984375,0,0
0.9924736001106496,0.9880631413187404,0.927191159295615,0.7232785728392337,0.5851448588600708,0.5231869002264582,0.47224045305294854,0.4520240381457812,0.4385793569124244,0.992081643836236,66.0412826538086,1,12.35181860330443,18.93404197692871,1,1
0.9918703320542162,0.991941431636677,0.9854423857304784,0.942674812175816,0.8956913195455951,0.8665572934877405,0.8423332014562754,0.8078312113221835,0.7668629706020632,0.991819675316131,58.97581100463867,1,18.331415720023923,24.712570190429688,0,0
0.4551940204128567,0.5103992435918004,0.5405201914226342,0.4949534696506579,0.4376606720768416,0.41407386170689253,0.3984415238971773,0.39452136062684273,0.3903200790602652,0.37472205112964896,72.01982879638672,1,3.0302223216871886,12.917308807373047,0,1
0.9926883959841211,0.9921900314559096,0.9803667383407951,0.9076739444563003,0.8445530425886241,0.7758117906826256,0.7217453348646147,0.6902589554795733,0.6469229054322018,0.992846483468994,68.0642318725586,1,16.327722209794917,28.75777244567871,0,0
0.9917815109551282,0.9920643939903377,0.9915226588918407,0.9646013764219968,0.8919662347009704,0.8120932862284734,0.7279892679564228,0.6550578130229564,0.5757892341567189,0.9914057598165326,65.55187225341797,1,21.744593131024136,49.4022102355957,0,0
0.892086476781118,0.7975959918069151,0.6831741568585784,0.5920022022430875,0.5435754803089154,0.4893243844379203,0.4540762748511083,0.45948789532702716,0.48330396414127763,0.8877557968047181,77.7000503540039,1,6.863375242531193,46.944007873535156,0,0
0.9055577870535677,0.8124580393702159,0.7073417157772965,0.5809252206924151,0.4986327072699033,0.43400480556512744,0.39318288062830337,0.38661740884197704,0.3833299872630421,0.8534709907938479,69.38090515136719,1,7.38505012132136,10.416438102722168,0,0
0.9523065100883722,0.8879882566983964,0.7916576215078568,0.762853826673801,0.7759191092124784,0.7721609148477777,0.746131049172645,0.7309070982947494,0.7321953973107639,0.9268213484066725,47.175209045410156,1,8.499941696878869,26.612260818481445,0,0
0.6293852116134806,0.4926912569859117,0.3806557033804112,0.3445612356750837,0.37095918539173317,0.37743633646662317,0.3778974404923617,0.3928192230783343,0.4091459096859582,0.655015593197634,80.91256713867188,1,4.105570348928983,39.29464340209961,0,0
0.991206249873739,0.9899039209322847,0.9627676250267978,0.8589498352403271,0.7669934108721788,0.6970175089445887,0.6479451662672214,0.5998795634416647,0.5590834977274279,0.9922785811728618,66.86946105957031,1,16.37646142845106,48.63987350463867,1,1
0.7474699673348406,0.5702232324323913,0.3211778704732606,0.24194217022082384,0.28532706833957716,0.3367315797645628,0.3923233459946396,0.4606225281147761,0.4909358028015817,0.768048366379983,72.25692749023438,1,5.689002428040342,23.689552307128906,0,0
0.9918926682797751,0.9871312992538471,0.9230970356051438,0.7524036646565245,0.6475924100473506,0.5879557003844066,0.5656434644519377,0.5575812820557681,0.5009847797821929,0.9899890703137891,66.95775604248047,1,14.279795681762472,43.4986686706543,0,0
0.6498022663295582,0.48359902317482223,0.356570863157313,0.32784389045450557,0.34892043393797106,0.36163608498996785,0.3615175612148932,0.3792726493142343,0.3977420283947211,0.5480748399199586,80.91060638427734,1,4.876538274318587,39.994956970214844,0,0
0.8026255760443557,0.6508433121667844,0.5153021302149001,0.45512771998898044,0.47838390562132244,0.49265803645080797,0.46934995671248875,0.45332560898904095,0.44145763033955077,0.7877909102002955,69.16675567626953,1,7.175209489414421,20.813926696777344,0,0
0.9010921191594046,0.7316756167561113,0.5149702340058557,0.32763297316696255,0.2597401683898659,0.23114720195099756,0.24340278020428813,0.2716682909028667,0.3108542508622259,0.934459406236006,82.76283264160156,1,4.883176331036382,15.56143569946289,0,0
0.6846555762029726,0.5498832546607704,0.4441826560697927,0.35496875549732887,0.31307065593321004,0.28231012161064395,0.2857045847547345,0.3231410586148646,0.35221136163654126,0.6819880548606254,79.89201354980469,1,5.588217759735826,7.3111186027526855,0,0
0.9910096616812106,0.9827489107233861,0.9312609940411889,0.797147689587611,0.685707792106027,0.6009025910766458,0.5400413427467748,0.507197861107651,0.4858159604172824,0.9894471953349068,65.25399017333984,1,13.272569221892775,13.497139930725098,0,0
0.9918714316918046,0.9915490687585756,0.9811211562286252,0.8388682838513445,0.6900148982445728,0.6196177410484321,0.6126816685488135,0.5913307278548894,0.5535418513739702,0.9913663640849977,67.7448959350586,1,17.91748290694752,29.55074691772461,0,0
0.7575777246290838,0.5951568219378383,0.42386841527515984,0.25515753143241093,0.25090474497459986,0.2914754088660181,0.3097433637162016,0.3321296940962235,0.36127465511055395,0.7561803495141957,81.97564697265625,1,4.760078259468728,39.005741119384766,0,1
0.9932526677604251,0.9903695898749695,0.9233361804210848,0.6987305548313928,0.592149227332869,0.5615031394753948,0.5137385808142579,0.47145519830306615,0.4602453662361535,0.6616830398153506,69.87522888183594,1,11.939219923141803,43.20097351074219,0,0
0.5161284063792879,0.5344301229842403,0.6030226885761308,0.6845725596504348,0.6866976082595624,0.6729226473145865,0.6777155557623662,0.67988379003343,0.6742469781565394,0.4337373776614226,52.074249267578125,1,0.6320874712361974,22.842529296875,1,1
0.824109848837532,0.709982647455307,0.558431860558542,0.36914307675689456,0.2923815887074095,0.2692538116772208,0.2585170616866406,0.28641346759809605,0.3160826125035415,0.7904291795446582,70.5113754272461,1,6.04531635923949,42.13679122924805,1,1
0.9826864629266228,0.9564681658629074,0.8788984523033241,0.7725645922519246,0.65965170350627,0.5755887802300919,0.5244751959638567,0.4912405179642177,0.4667441563621637,0.9645718024422489,58.5307731628418,1,10.721498531393173,25.04265594482422,0,0
0.6881630299398334,0.4739179944869153,0.28971144543887606,0.19638538750361106,0.17665660636642996,0.18700708009338496,0.21132407248434135,0.2509413672689026,0.30358456398364086,0.6809219053122295,82.68655395507812,1,6.121402903313264,25.395872116088867,0,1
0.9414647221483947,0.8578001178855924,0.7444473631478534,0.6485826291457876,0.555591667989545,0.48725040524984475,0.45224093686166916,0.4587800141171709,0.47021799473350895,0.9498777606015513,70.7997055053711,1,10.214994787409383,33.85302734375,0,1
0.9449898089776414,0.859623082201615,0.6952934840939344,0.561208328631185,0.5571467713990994,0.5691021434030549,0.5627003235514489,0.5797070940214601,0.6018896194996581,0.9321998752505007,58.19050979614258,1,8.989523008920667,27.515146255493164,0,0
0.9566997155358506,0.8919378384561609,0.7930914789063621,0.7519760559882018,0.7710023471902405,0.7878713684968436,0.7782204596444449,0.7532021430177276,0.7264901557504498,0.9450037112999491,46.5345573425293,1,8.658063118972715,12.19151782989502,0,0
0.7776925993479407,0.7045793658391807,0.6969415132736231,0.7067469046791441,0.6824397319156336,0.6602601455289397,0.6229932581339025,0.5918735503955174,0.5761121596855848,0.7372995002561589,56.93407440185547,1,5.356405093897611,9.754985809326172,0,0
0.9908719845928327,0.9856577871195401,0.9294806206027717,0.8460492981282985,0.8216035970242631,0.8225516540091862,0.8253991084251567,0.8018905192621123,0.7618224082490628,0.6620739222064133,44.826595306396484,0,15.34581719483924,22.962406158447266,0,0
0.9907365379517363,0.9847384978148984,0.9305335721315142,0.785847426994284,0.6853977942417288,0.6097005342787308,0.5742342930537802,0.5491462434391953,0.5321373871368045,0.9919900214274107,59.762393951416016,1,13.030533972317343,23.434368133544922,0,0
0.7708126493883939,0.669787488406754,0.6202324253837439,0.5717680251899053,0.4732762581726902,0.3994687937900949,0.36161382074880116,0.36266506030577944,0.37381900396879114,0.7524485904546414,68.00320434570312,1,5.498050835822501,9.816758155822754,0,1
0.9848869696538228,0.962414571645791,0.8947200660239069,0.741679297409184,0.5812408023837397,0.48928583552528754,0.47924443127911814,0.459482515433696,0.4477032140982042,0.9773211206297268,69.37985229492188,1,11.042265828661856,23.56862449645996,0,0
0.9915053694887899,0.9916962136965036,0.9918201074247536,0.9919664287278724,0.991138109522312,0.982267263352638,0.9300942313160513,0.8246668579496146,0.7369448054745833,0.9923221255010477,55.903995513916016,1,28.2999979278072,53.27775955200195,0,0
0.9923456632825355,0.9924429977461158,0.986512422745976,0.9537983095012511,0.904434026613162,0.8287559585187653,0.774168596101374,0.7401467009137663,0.7209124477206913,0.991468943799927,75.24874877929688,1,17.799339459759704,51.082550048828125,0,0
0.7788136510830257,0.5916541003169341,0.36687371827772913,0.24890495299705426,0.2780332969997736,0.31216344108300403,0.3479925268329061,0.3997488306402453,0.43495063934864986,0.7263932312842367,82.5784683227539,1,4.995647461359488,30.130979537963867,0,1
0.85655813636617,0.7735659601018529,0.6172193074658431,0.4686684687727717,0.42736690513531234,0.3812332959126526,0.328827631826931,0.28718209135118317,0.27576270841157446,0.8338244919531623,73.1989517211914,1,6.7432015208562,18.02757453918457,0,0
0.683233684913481,0.6392235996090939,0.5849733334122603,0.46151606305050924,0.3895608074716769,0.3548902689016884,0.34070838054950253,0.3437978100756934,0.3465532907916679,0.6772270300460088,79.39796447753906,1,3.6784960398568987,12.084314346313477,1,1
0.8050962855837385,0.7122750120210526,0.6673922440071383,0.7446585160285435,0.759363257221276,0.7403015944351898,0.7314072440541788,0.7353214633578633,0.73212930298905,0.7512648522147294,49.48125076293945,1,7.255514872637176,12.622458457946777,0,0
0.9913292591436645,0.9914351032157124,0.9914870792481055,0.9723496058257969,0.8914207608552799,0.8072946259484792,0.7343741150554549,0.6752752518800271,0.6478820806388056,0.9915627463068218,61.36457824707031,1,20.888265124966054,32.55898666381836,0,0
0.5121471242762967,0.44823117685636066,0.34618915303760867,0.24197392601661705,0.17452065198974084,0.12271077341683041,0.143987460332902,0.21381249620870374,0.2723308171102484,0.506528765340688,86.72964477539062,1,2.1244827489039695,30.006460189819336,0,1
0.8743700648699415,0.7808931266114967,0.7099848694098146,0.6950645209626627,0.6989238150543914,0.7070485267971949,0.6762326585067207,0.6210479377436878,0.5697520941145984,0.7746202542143155,72.6966781616211,1,7.3935343704089656,25.68204116821289,0,0
0.6560582935634943,0.5809055072626459,0.5607727044178229,0.5373794900022585,0.5122583595236062,0.4928227479515898,0.49298949865648156,0.5173565789045524,0.5259628490727123,0.5844275249514448,54.599761962890625,1,5.546583398437681,18.61971664428711,0,0
0.9928929611192276,0.9927641534257041,0.991724649114616,0.9414942820581329,0.8445033895598687,0.7666555913236982,0.7106212738535126,0.6361777175687933,0.571480158435358,0.9925946790391281,63.947593688964844,1,20.022704361699514,26.737794876098633,0,0
0.7918951708215201,0.7188668782130111,0.6899224296932117,0.7218608475436088,0.7445824577122405,0.7419774134436392,0.7090760518067052,0.6758106209645187,0.6492959121044739,0.7578210385970238,56.069000244140625,1,5.5080179901611785,19.15037727355957,0,0
0.49651694270429103,0.4284629608820534,0.35722535752716295,0.3297780281692347,0.3633965365258338,0.40014527000607564,0.4046595101760288,0.41444430666541343,0.4205256200481239,0.47434099476640923,80.07039642333984,1,2.131864798748046,24.49062156677246,0,0
0.8474602710227572,0.78855289888961,0.7222053453236275,0.6828593556901876,0.6502454074758226,0.5859506403204936,0.5395478545436777,0.5268900631594543,0.5070389279639692,0.7787611204909294,56.515953063964844,1,5.020070763346144,21.88467025756836,1,1
0.4284047618939246,0.32257099304078374,0.23507251267595414,0.1955361114668195,0.22649466230582663,0.2872658626000001,0.3314794009011023,0.36890316908951304,0.39849909163630404,0.38142436091387216,77.2522201538086,1,1.622100996925818,35.971195220947266,0,1
0.9929753486135527,0.991155748496033,0.9649821587758008,0.8612879689407347,0.802050982917362,0.7754669282341686,0.7635993827525946,0.7318932324517246,0.680344643055586,0.6610414691631777,44.889652252197266,0,16.765370645335132,22.604482650756836,0,0
0.5950154366995627,0.42118800837358156,0.29043091262431564,0.21016817997180054,0.18734000775873763,0.25153772065050195,0.32944609417735327,0.38426101462608786,0.3982503122412909,0.5882374112634512,90.8849868774414,1,4.5461546104178305,44.79035186767578,0,0
0.7439170444202818,0.669890642937077,0.6330765692164789,0.6319005942945501,0.6708698754853737,0.7208178428925865,0.7435035107753953,0.7026668802615844,0.6502850199102755,0.723463422775838,47.67584228515625,1,4.668619300783235,45.4300537109375,0,0
0.9879097648033969,0.9725042961135143,0.9142571389936739,0.769518458457572,0.6272431843758923,0.5224064548200335,0.45356511558085255,0.4213358330614481,0.40639590840101125,0.9894962965108614,70.29759979248047,1,12.86011365659741,24.80860710144043,0,0
0.5546785430560007,0.42151654772923275,0.31370468311519306,0.31061547800638606,0.39204665905971825,0.44588008520455163,0.4634109223041666,0.4585070936015513,0.4411275521770156,0.5686865766821233,83.26046752929688,1,3.275004050402996,19.23188591003418,0,0
0.6634759554174297,0.4650991307307517,0.25465488603180675,0.2007855506195232,0.22813314016595027,0.25841380509094036,0.28442251543502767,0.29343898600051477,0.29902088018715006,0.6759050859858768,83.33760833740234,1,4.7843443074258065,16.38056182861328,1,1
0.816369141959008,0.6516615161096113,0.45757026998138434,0.3575682889302294,0.3757842637922013,0.3344753947636254,0.29898668570889997,0.31645835890750557,0.3608760796976802,0.7621291468758905,78.23513793945312,1,8.07712934259354,22.07352638244629,0,0
0.9931999075333751,0.9918860023128085,0.9624161632103938,0.8580231341399915,0.7904215092112618,0.7154641459630077,0.6517291048380593,0.5884234820957048,0.5440301707768143,0.9931522962514528,60.968990325927734,1,14.332924886538134,28.27212905883789,0,0
0.9921297700790075,0.9926764411893105,0.9922927041489753,0.9853891597937247,0.9576121355426152,0.8915069332629033,0.7762598192056704,0.6870850600223992,0.6310076800769928,0.993442261001587,54.67292404174805,1,21.087666506419374,32.655242919921875,0,0
0.9881959817667032,0.9751836475847501,0.917362426381366,0.7872497536732012,0.6982125291184978,0.6263747698602473,0.5751994223301566,0.5473196438921908,0.5277616808133017,0.9909058799579533,61.718177795410156,1,11.911768640031397,8.32811450958252,0,0
0.8490484103385827,0.7568251902467941,0.6811817405442994,0.6824124281541565,0.7188861820778553,0.7131690557204388,0.6578706271330232,0.6112870708045368,0.5806190934809531,0.7501905428601104,53.91162872314453,1,6.868664328134555,7.750039100646973,0,0
0.6825719178285301,0.473626196505752,0.2946823166971654,0.21112263610913926,0.2096423586896874,0.22092840945643016,0.23612237635204186,0.2864064248907146,0.3362299308350462,0.6951229809345617,82.43572998046875,1,6.300605371592738,28.05121421813965,0,0
0.5846482533761335,0.5887427593796049,0.602064920473671,0.5798071498813591,0.5528783670681576,0.5940431028515912,0.6156328281164166,0.5698368404146359,0.5245941699439323,0.4416595149230449,77.05882263183594,1,4.100586532710676,13.397704124450684,0,0
0.9917158157431385,0.9888827063332829,0.9658557021595858,0.8629112917162857,0.7461262003610822,0.6855933798272422,0.6184617430563073,0.5361871840169739,0.4949066167451274,0.9914392937416362,72.19779205322266,1,11.591555930822556,10.899892807006836,0,0
0.9918925459629241,0.9912062266035898,0.9772748847762032,0.9003720952041275,0.8314424316100026,0.7530647776968443,0.6819201107602043,0.6365624364084247,0.6170531866768459,0.9919478942250635,74.9530029296875,1,13.859304204262836,44.051448822021484,0,0
0.8634391525817273,0.7612828201011153,0.6482967196564134,0.6032717472378348,0.6102539545624218,0.5961561026230182,0.578139018980577,0.5327372421983398,0.4904404912623902,0.7999621539008337,77.3435287475586,1,6.444126159206598,25.034595489501953,0,0
0.9894219338236749,0.9764437811019901,0.9008806378486807,0.7943039882206986,0.699817632424434,0.6060479448404387,0.5696916458223776,0.5685443623508126,0.5757883054988923,0.986822275688486,52.34010314941406,1,12.87145019300832,23.950355529785156,0,0
0.9927625423626854,0.9920941079536055,0.9831931718577801,0.8941834202200925,0.7842130387984618,0.7076193573020411,0.6496312136053486,0.5979138003292953,0.5541752924485623,0.9921470256107524,69.47032165527344,1,17.552018163591555,40.27963638305664,0,0
0.9912983535244477,0.9904940602903106,0.964867943548088,0.8705891595620847,0.8070479025415405,0.7439173430212417,0.6889623574388236,0.6549479833429471,0.6237984534324195,0.9910701534445684,51.342411041259766,1,17.624915308693193,38.454586029052734,0,0
0.9762170633568298,0.9018144126109736,0.7551276878406344,0.6754659434884537,0.6419179376614311,0.6031716254859301,0.5734601526897786,0.5229965161571589,0.49262473733327755,0.9674537404983814,71.2300796508789,1,5.503011198539415,32.483421325683594,1,1
0.9768674660105867,0.9231069543717833,0.7794688617662633,0.6289304211776092,0.58754630671374,0.5745662607980521,0.5567766997765425,0.5292689880566507,0.5068029274156494,0.9732378921945057,57.10521697998047,1,7.944464988608605,26.96773338317871,0,0
0.6363928835071824,0.4879558925396455,0.3484973114155548,0.30087902422740226,0.2988804911761234,0.2853094994177166,0.27531391038518044,0.30406465856987724,0.3386221375629195,0.5507307433823111,72.48494720458984,1,4.833101962701658,16.319978713989258,0,0
0.9924262166679161,0.9908862217002966,0.9489019039906732,0.765110771736585,0.6386903076314193,0.5694120459066175,0.5434346385968282,0.5380495945215543,0.5227219288131915,0.9926186232686128,55.8067512512207,1,14.082359679855776,22.64051628112793,1,1
0.7411538554882386,0.5448999001341772,0.3734692360588298,0.2743638469131394,0.27859308115917447,0.3232599065871917,0.3614035996849589,0.38410860064893054,0.3915167614148305,0.7524588367202831,81.49480438232422,1,6.872723610287594,16.003019332885742,1,1
0.9856400237300479,0.9592139845814603,0.8610951435003456,0.7367936133390038,0.6430568345864871,0.5804177586880079,0.5349200205360897,0.5066077449131179,0.4963602467576166,0.9877939262746467,72.25791931152344,1,11.514659450197218,36.12287521362305,1,1
0.7409015893027829,0.5968095978049998,0.48409214066154344,0.41148214550593254,0.38476979507309556,0.3704752267998431,0.3552724080451374,0.3440708379351144,0.37008497726715517,0.6566627457585789,70.7170639038086,1,7.0972810350514735,9.221908569335938,0,0
0.7265422398958807,0.5265380638997631,0.35039398522210735,0.26656557293961036,0.26650625978245895,0.2796932138787946,0.2698183354215499,0.30027283137296945,0.3531821064537404,0.7134818220984673,79.5848159790039,1,6.277334800900513,8.207501411437988,0,0
0.934249432637664,0.8767167468938681,0.8156833366847475,0.6925507447649567,0.5734612570139431,0.45407297662570306,0.39020976794142387,0.3884089972646856,0.4074274161559579,0.9062367623636072,71.8038558959961,1,7.66513923775304,9.024682998657227,0,0
0.9922913183121308,0.9918753328428284,0.9847736807196407,0.9121855538644784,0.8138102322939812,0.7228212667179331,0.6595279290130129,0.600037663357755,0.5587180156702081,0.9919092098839408,66.96358489990234,1,19.372576035719867,37.61544418334961,0,0
0.7911726650699278,0.6537576982976302,0.5478713722996519,0.5218663222325965,0.530911821249041,0.5244610896049058,0.5005555608221349,0.4461718859207715,0.4217427232940392,0.7796780449400965,76.017333984375,1,7.427055202350461,43.425506591796875,0,0
0.9917098525238719,0.9907116099369132,0.9668599065590503,0.8613806445046978,0.7743578856885377,0.719610018382584,0.6989146868555236,0.6877165318003724,0.6963990527210605,0.6614305852922828,44.2237548828125,0,17.936163562008616,33.58271408081055,0,0
0.9774432075360795,0.9359497638469284,0.8249527004774041,0.6860983622855836,0.5777749296904686,0.5036818048776748,0.47200002841821487,0.49029457755902506,0.5192890819968734,0.9794920909232376,80.68657684326172,1,11.2021194358437,60.75401306152344,1,1
0.9926203570991687,0.99083040523638,0.9713532907621891,0.9141067666788163,0.8288983477813121,0.7412654676741078,0.6963577253391745,0.6592780587721522,0.6124042016135032,0.9914758192464116,55.9306755065918,1,16.782105065875964,8.719407081604004,0,0
0.7186558042193926,0.5362808603339614,0.3393107812326065,0.23615300845598097,0.2509391362791958,0.29775710768993086,0.33450122857972053,0.3505338211125127,0.3740123965951638,0.6623242376879476,75.80176544189453,1,3.734022975389665,29.009878158569336,0,0
0.9870270833384802,0.9706494852128507,0.8942021341626228,0.7903288184225128,0.7237880386496395,0.6831350433390846,0.6429955000221685,0.5916852659044858,0.5621256679227276,0.989768043222961,64.94115447998047,1,11.84092711096215,28.090105056762695,0,0
0.5930039808699552,0.44403423722278734,0.29316774157959186,0.1833307114214606,0.15470742860676673,0.16575787365436215,0.21442667904008528,0.2504802683484223,0.2785021217308702,0.6102264722554369,82.77945709228516,1,3.7048416835686844,16.49420738220215,0,0
0.986524474012979,0.9707429187164478,0.8968212758855253,0.753395768651605,0.6650274461401591,0.6066815917997693,0.5813759582142125,0.5540679070518647,0.5272972056849006,0.9886805165317794,57.99403762817383,1,11.92352736628046,32.40853500366211,0,0
0.9890294948102704,0.9695578983403269,0.8840121152719699,0.7689158637717529,0.6872493643386753,0.637872120517298,0.6082668530335553,0.5672156672498341,0.5282069485781861,0.9879450466056543,64.14573669433594,1,12.997523480207535,14.955592155456543,0,0
0.5840579007590949,0.401429979654987,0.22399926255960997,0.12607546566030287,0.1445536020949424,0.2254284698885185,0.29575803035029624,0.3352609595595957,0.3522282624664355,0.6007517510991165,82.12418365478516,1,4.220482046892697,21.31894302368164,0,0
0.5752430296726501,0.47580668796711756,0.4019539492986948,0.3827017725053772,0.3837309330673872,0.4021213127088976,0.42112223400386395,0.4282355064958515,0.4233770743058041,0.5139653063762947,69.55672454833984,1,3.132538168575736,22.72640037536621,0,0
0.9627601896369562,0.9072863223070577,0.8198961147554736,0.7181423898467867,0.6602955210145259,0.6121620970872469,0.5704053139494112,0.5322080683341807,0.5114347607572114,0.9596603080245245,55.87350082397461,1,8.688852555879874,16.257747650146484,0,0
0.9914502233047122,0.9846628714027057,0.9459796607978166,0.8033108563004985,0.6966538149649352,0.6334552092613304,0.5654569517738366,0.5035286096544913,0.43441783391400857,0.9902998579626328,58.48025894165039,1,9.750268250101643,4.560696125030518,0,0
0.9266118842423077,0.8515843504063663,0.7592384282769794,0.6400999762754526,0.543387634601374,0.47757980823100094,0.42206563912592304,0.3706361954327641,0.340499659659813,0.8984369555189754,58.36085891723633,1,6.962124962782864,4.382136344909668,0,0
0.6935174493449849,0.5774740819991095,0.5254917668992029,0.565812556298676,0.5656717205932763,0.5204359168100469,0.4493282022445924,0.3901803974209978,0.34170727194456746,0.6845640649478377,69.97024536132812,1,4.744889105116581,17.102827072143555,0,1
0.6642309828084517,0.5186019405887977,0.39049250097438387,0.322760831847209,0.3424181845324735,0.36600452482104134,0.35823890482660503,0.3548178573742215,0.3741219599126722,0.6492222941699746,75.9197006225586,1,3.7179847577347447,20.27057456970215,0,0
0.9914993297286592,0.990833230739625,0.9765881405373231,0.8708200758229009,0.752119605711833,0.6341245218833452,0.531706305115959,0.4835879723549099,0.4772768441202851,0.9916984813349335,56.514808654785156,1,16.653533793173956,25.290760040283203,0,0
0.5014199154190406,0.4472348247020296,0.36874829955346705,0.3767804572277611,0.41229330882684173,0.4103180831613471,0.3787745536658286,0.3573280888166269,0.35802861229308125,0.4205881600385724,75.98175811767578,1,1.9573996202339796,33.01688766479492,0,0
0.9904961526986242,0.9859744301047374,0.9529164393937479,0.8711085523857746,0.7530212432206488,0.6152923302192266,0.5244161530769417,0.4594651641816249,0.42580754276130545,0.990474948047291,59.785789489746094,1,13.970738293992364,32.219608306884766,0,0
0.9924739018187927,0.9922811216485024,0.9898387707232018,0.9328989338515691,0.8512516762940251,0.7595146766934725,0.6753158582623797,0.5974695531333434,0.5440307692168976,0.9932961673837534,60.420528411865234,1,17.77789563132097,40.7269172668457,0,0
0.54740437339956,0.4563432739534378,0.42452861355330174,0.4145455188517071,0.37984538455370076,0.35335100026634453,0.31668850434612644,0.3090874752355068,0.3270657868284142,0.5408680895407225,76.03132629394531,1,3.1797397065127506,23.921369552612305,0,1
0.990251806369473,0.9797597253701533,0.881630373476943,0.6729823988053918,0.5960899159893154,0.5812144760403711,0.5811175785887236,0.5418615118194607,0.48607839471479813,0.9914441573108826,70.65170288085938,1,12.152597144363819,13.63322925567627,0,0
0.9163488790944724,0.8208968700399775,0.6769888284467118,0.5359027438035585,0.4701729393815723,0.42748263768723277,0.3846445818472007,0.34483070777442265,0.3191764397975973,0.9055830205811145,79.68122100830078,1,8.376004733914412,10.015968322753906,0,0
0.4755610421183714,0.4817983212978315,0.4939088819133952,0.4903448896392197,0.4772986469866858,0.45665704365266313,0.42032910674479035,0.36443881989138865,0.3466587156487404,0.37256117456732707,76.88146209716797,1,1.0415675000612812,7.990773677825928,0,0
0.9687886208503694,0.9188804785203301,0.8193037463376504,0.7097290024293337,0.6076775879567584,0.5002174434558656,0.4391015011441223,0.3994427770307753,0.36458985053973725,0.9242819321447807,69.26651763916016,1,8.700611808091153,10.097478866577148,0,0
0.6559363016483746,0.5887971174576746,0.5480989993710303,0.4795802791605044,0.4434837240621006,0.4325919102955827,0.39492190044191094,0.37021028968919595,0.36213582695158747,0.5608359166771244,76.77092742919922,1,4.956865891287244,9.581315040588379,0,0
0.9924163029758668,0.9908591794530701,0.9735707436605852,0.9181085964191074,0.8298337344538824,0.7133221250321995,0.64049272002851,0.575442196160624,0.532902263136026,0.9913473527282992,55.01825714111328,1,10.726253119433954,33.1979866027832,0,0
0.9911656931449792,0.9903474007452909,0.9655774816489484,0.8534582591029418,0.7631961933085164,0.684090378016303,0.6233050206115457,0.5665157464317686,0.527236260323972,0.9918173782122339,61.775081634521484,1,16.84144632918927,14.77626895904541,0,0
0.6102131625871189,0.5476043059071001,0.5692345840445262,0.663505129389688,0.6956574503866177,0.6780294041500582,0.6236769937810023,0.5870267337766698,0.5739722698298758,0.6621771351220038,53.768741607666016,1,2.77678638333513,15.913018226623535,0,0
0.9099602791933411,0.8420003713039234,0.7664676051341136,0.6667933570672235,0.6116157947039639,0.5839891642951716,0.5461754065061517,0.5157677006854327,0.491985374794574,0.9207242597251297,72.06726837158203,1,7.077074200377858,34.253028869628906,0,0
0.9923151466231229,0.9925722242848485,0.9924230867372111,0.9885746285608132,0.9521717515846762,0.856784363626423,0.741335437309148,0.6527521863684091,0.5943556609849812,0.9916127070277947,53.25606918334961,1,20.61079634841554,35.4091796875,0,0
0.5402873755747614,0.40203416300618094,0.23203508147273455,0.1364643897554743,0.1739658380090543,0.23582043942963216,0.2873244799467841,0.34168230833938207,0.3888044848566471,0.5460227067256408,81.1772689819336,1,2.9132575387663233,27.700801849365234,0,0
0.9917011021562006,0.9917232245214979,0.9875910646327056,0.9069189463158807,0.7971649628381299,0.7195931912085372,0.6346691536994236,0.5537099999762441,0.5080936868409206,0.9917615484446238,65.4747085571289,1,19.88987943470716,22.700923919677734,1,1
0.9920493753584098,0.9910791237551794,0.971293759244862,0.8696441221684554,0.808322445281637,0.7560960671544671,0.6920925999828496,0.6322438525910942,0.5959636975638141,0.9920481911107141,69.74102020263672,1,11.632312000662758,47.76322937011719,0,0
0.9915126034939754,0.9894595820866698,0.9589451192306756,0.8030788757512326,0.6410569157955581,0.517032551971067,0.4670737217128165,0.4536414067398476,0.45159934755564457,0.9913672187016651,60.09696960449219,1,17.866439873893135,12.068521499633789,0,0
0.9916156841232058,0.9890135330007384,0.952973700658743,0.8622539675469489,0.7726447211508123,0.6839127825630772,0.6313638795854193,0.5946748279793971,0.5748025498173934,0.9920833246149238,67.74282836914062,1,14.767249521836051,30.800477981567383,0,0
0.9918595016768066,0.9889092019943374,0.9382148079310848,0.7557958627560464,0.6314519235077412,0.5879128068422438,0.5944843660957462,0.6033679258243111,0.5997553978799317,0.9930767740192505,65.41177368164062,1,14.506051720389417,7.788858413696289,0,0
0.9919917608226049,0.9844371158884135,0.920581616123176,0.782422965446668,0.6839348265082617,0.6088123068673541,0.579840480486339,0.5649815160657785,0.5618060377917685,0.9913289201735542,68.76837158203125,1,14.173521714328444,7.800070285797119,0,0
0.4682666772825123,0.4110994657123302,0.31893741374152174,0.24796272123210908,0.25626293120412624,0.293619483491433,0.3731875728092413,0.42426011868223096,0.44949277884829686,0.4794716412664343,83.0196762084961,1,1.5323891000488008,15.993440628051758,0,0
0.9912931096023233,0.9914682619607232,0.9917148946206096,0.9866752702986312,0.9496876981999338,0.9095095015368342,0.8638987514361008,0.807980599539885,0.7448647719121334,0.9921726653687002,56.371795654296875,1,25.180183267636018,38.73322296142578,0,0
0.992143789132978,0.9920081838773152,0.9920378602979139,0.9856181595884871,0.9471641446641845,0.8677879050921538,0.7832020162799395,0.7355572133654106,0.722768730998054,0.6609117648318513,76.741455078125,1,23.45237175252059,60.572811126708984,0,0
0.6558194121726992,0.46802215652993256,0.3148081814316614,0.3013242873419076,0.41396594721226787,0.496837289235043,0.5188713786951495,0.5131254862706128,0.49165036949175533,0.6199835752744481,64.4759750366211,1,5.248559747622099,19.575897216796875,0,0
0.7067682373189631,0.6323252712498199,0.6036799767502699,0.5970471357760989,0.5901302481846231,0.5551475457631332,0.4871937882085789,0.454724558824917,0.43757291315743596,0.5871303060848385,81.08626556396484,1,3.8477948132521376,6.5031657218933105,0,0
0.9912492029934504,0.9875908494033941,0.9418217028982029,0.8290453800309069,0.7591931909894255,0.7091815123901434,0.6776956729030322,0.6359269604432048,0.5988487528060679,0.9915687505947877,52.67943572998047,1,16.569385358135293,30.24388313293457,0,0
0.9707362872631298,0.9287073221319959,0.8518326889828102,0.759845592921889,0.699538073720945,0.6398066743871037,0.5885168265104247,0.5438858468555782,0.5045314304334518,0.9548614462943171,70.0236587524414,1,10.355129362907016,17.767724990844727,0,0
0.984924037478211,0.9475836745870707,0.8010218458273611,0.6662857667207543,0.5953158460154355,0.5114495983018861,0.441457294563002,0.41458262785391603,0.4012723102942568,0.9869987440720244,68.88614654541016,1,10.159224154637041,20.61063575744629,0,0
0.4219490003067008,0.37791567995260256,0.32766550820115936,0.28741402447507725,0.2535198132096785,0.2701668799833436,0.305722086898101,0.33682990607310337,0.3501434589468505,0.3753627123054753,88.08787536621094,1,0.7188002448403951,21.17131233215332,0,1
0.9818218784901256,0.9483917389185081,0.8513668252133081,0.758765425312172,0.6984540821565322,0.6597980896331104,0.6714037259369924,0.690545190601545,0.6960593159900811,0.9886105230185228,52.07712173461914,1,10.980048745627535,14.57726764678955,0,0
0.9921090386355141,0.9919470489249517,0.9919072387508214,0.958834728447852,0.8609629770940944,0.7593657479518353,0.6545612656365517,0.6109582961113844,0.5985255765166789,0.9913173346825503,52.17217254638672,1,23.043189005680237,13.675946235656738,0,0
0.9921854926927409,0.9920578425939562,0.9920468921195672,0.9921992078062818,0.9922485886427157,0.9921687203632842,0.9899895475509012,0.9635927404287757,0.8908725195786827,0.6612272461163342,43.83082962036133,0,35.87254134060673,59.208045959472656,0,0
0.7596597296384012,0.6158320822034279,0.4757860155856243,0.3854499815292381,0.3600204685476479,0.35356254632630907,0.34107384552469583,0.3507775618745727,0.3647621424136986,0.7998654293574313,70.61349487304688,1,4.347899546890698,35.274539947509766,0,0
0.9916453034692646,0.9921770391631978,0.9922373696922095,0.9838012058781698,0.9482202297299834,0.9077885547351634,0.8493038924080444,0.8138766940804342,0.8036010969467274,0.0,38.320152282714844,0,23.06371969018996,40.18079376220703,0,0
0.626544422964579,0.5089065304584374,0.4247637626759075,0.4226584597729513,0.41287494683456993,0.37358700678788676,0.34167484540954784,0.3370883449856812,0.35026842363280464,0.6061570273831379,71.2703857421875,1,4.1431263037872474,42.078975677490234,1,1
0.8675757645845011,0.7881923108024993,0.7374537621438088,0.726429936385864,0.7006674454958377,0.635614641916154,0.5680241864654847,0.5180262709118528,0.48432348462787,0.8201879572728926,56.62042999267578,1,7.7020505409239615,15.626397132873535,1,1
0.7323205565919672,0.6098753840648776,0.5399891013921132,0.49147219487215277,0.4168332498226019,0.3621695402541052,0.36122197472304685,0.38382672308616705,0.3821985926839314,0.7054856349123946,86.16629028320312,1,5.620887515375769,7.764228343963623,0,0
0.9923713936879986,0.9921458882253622,0.978520908680672,0.8159216916818383,0.6499709929994822,0.5426280576620669,0.4811310330216968,0.4550354074839502,0.44378111257142516,0.9931532175599149,62.0130500793457,1,15.18753396090081,31.361543655395508,0,0
0.9904653906401182,0.9807312404982024,0.9174074314600081,0.8308191089111073,0.7929806542800246,0.7410151588822742,0.6794003410954781,0.6062659270047225,0.5520685856060747,0.9903998662879671,69.89990234375,1,12.508223686836624,24.34008026123047,0,0
0.9915176213445507,0.9914588763494769,0.9901309494411062,0.9495490032001838,0.8634600071547742,0.7834813336336507,0.7212468682013751,0.6610129131872842,0.6142243624496224,0.9915957180425354,46.96671676635742,1,20.09898323637127,24.62129783630371,0,0
0.9917500547095267,0.9921956374218928,0.9851309762753953,0.8718605685493553,0.7349098644419897,0.6252115209727112,0.5621073799882318,0.5428639871042519,0.5266334299657476,0.9928012795503071,64.20891571044922,1,18.11109254751318,32.5401496887207,0,0
0.9228748037639674,0.8389932352525142,0.7377984427266712,0.6710420968863076,0.6122947834529417,0.5232665599745739,0.46888602973269383,0.43660839645934424,0.43301152299617374,0.8972282311892924,58.643211364746094,1,7.262714900166187,6.827420711517334,0,0
0.9922642448561412,0.9926051152467187,0.9933557413370708,0.9933552291951799,0.9873700746555802,0.9295695659334933,0.864600520075011,0.7684312884860596,0.7119975497883669,0.9923395212670107,64.06895446777344,1,25.318289043588244,35.20940399169922,0,0
0.9889136131149875,0.9774165548616697,0.903449250908389,0.7928887194152602,0.7298007195044828,0.697416844655399,0.6998226835025322,0.7162545930913546,0.701280021330896,0.9866918739169314,45.83737564086914,0,12.44597959927303,20.254377365112305,0,0
0.9929676182977012,0.9932934331823772,0.9929523477655179,0.9909322796108639,0.9386813276958581,0.8131650235299074,0.7222344159122106,0.6418187613713159,0.6051124774986237,0.9918919563152832,64.85863494873047,1,21.269841549607094,21.449241638183594,0,0
0.9639254919041398,0.8997487871253411,0.7660995548989064,0.6502816001910348,0.5522881849727377,0.49374206585104863,0.4666675849683854,0.4647828209033112,0.49371644131826037,0.9451297386874096,61.4368782043457,1,9.728797610483205,11.689813613891602,0,0
0.8924973823404047,0.8126530682162858,0.7530924395799793,0.7757113897894422,0.8244962843521513,0.8552652763940459,0.8576021467517039,0.8461289094907924,0.8189521327313057,0.9061766003322033,51.3298225402832,1,6.890179259650304,15.404353141784668,0,0
0.9907556052662895,0.985403437712626,0.9287150557748124,0.799425741492547,0.7094706884379404,0.650013566841577,0.640836424002596,0.6324724880402844,0.6131707448205905,0.9926540250718955,70.47901153564453,1,14.794602635943729,21.226972579956055,0,0
0.5929290120201314,0.4097103679856238,0.2630309554504279,0.21456395766883113,0.22132168641644276,0.24938137881459987,0.3052959000946923,0.3625132693634422,0.4078902454635423,0.5746067112729827,91.61479949951172,1,4.218359971754431,26.6644229888916,0,0
0.980652082411325,0.9415192374015013,0.8610157876559655,0.8024686553911939,0.7873295937923362,0.7764929153833465,0.7482034530123042,0.6881621975925055,0.622993945215373,0.9679896913057209,69.7003402709961,1,11.094456592919983,3.3699002265930176,0,0
0.918785356180105,0.8173681447071114,0.6254486633469779,0.4669771582239193,0.4072792508944536,0.39733896378250827,0.38547931960465737,0.383622550530342,0.4002985977623529,0.9023177073298636,77.10551452636719,1,8.187230649510356,7.858066558837891,0,0
0.9915386988475547,0.990450877056041,0.9850129129531204,0.9415271770060559,0.85062812218999,0.7534355420355201,0.6614243479170256,0.5768997248671431,0.5277568300715253,0.9916838198050265,68.8333969116211,1,12.803222790492898,17.147964477539062,0,0
0.964587774223216,0.8958790909865806,0.7555360863027953,0.5674804778389781,0.5025070050230387,0.5241123406878685,0.5512837402575561,0.5485989118610789,0.5377518471424456,0.9605975749851018,61.871498107910156,1,10.336069719779784,31.860519409179688,0,0
0.9915448047426492,0.9918953803346687,0.9917972856794113,0.9920504371608228,0.9908908188995118,0.9866504315325826,0.9759322420758203,0.9370776602484936,0.8724268782841462,0.9922173327266025,46.46937561035156,1,31.502970886772268,35.112220764160156,0,0
0.6692607012662157,0.6298384248722536,0.602797138353599,0.5220989575356295,0.4557799873239071,0.41170285595349243,0.3799906452795749,0.3805708319072216,0.3862994913505627,0.6334346557696984,71.8749008178711,1,3.471539846214397,27.843795776367188,0,1
0.9924129664399983,0.9921037041655407,0.9922441773218897,0.9910369858599932,0.9826607830448792,0.95908015197628,0.9145469404888327,0.8696401641330529,0.8109092038880057,0.9917337753886576,71.48762512207031,1,27.742663968177215,34.06051254272461,0,0
0.9308503666128188,0.8752454981706054,0.8363045195011259,0.8226484291121278,0.7457862650151146,0.6687724961045737,0.589726508272725,0.5314857870384739,0.49574244902687536,0.954564604781576,72.47380828857422,1,6.1955659055244094,38.0205078125,1,1
0.929062125658364,0.8471121825898688,0.7305740845939714,0.6284060628289622,0.5709350074628858,0.5209107687148711,0.4543963680013101,0.3947076315493212,0.3455765570802374,0.8970248727621212,68.441650390625,1,7.442425988980091,20.79928207397461,1,1
0.9917985694148855,0.9917745009244289,0.9882005088148885,0.96070841828779,0.8968847693122318,0.8291781841915762,0.7677411497883804,0.7093122609555514,0.6516985748893019,0.9918717059006776,52.675010681152344,1,18.751316589665787,41.85939025878906,0,0
0.9926171593717529,0.9919226742532682,0.9680611420920893,0.823230736897693,0.7091234428514208,0.6392267743815317,0.5834392405836739,0.5476607727155915,0.5505882311268797,0.6608492349613717,90.37157440185547,1,17.82438656268459,44.21208190917969,0,1
0.9923297837795013,0.991118664323231,0.9715027492007121,0.871811526410146,0.7877252788278849,0.7390263996436915,0.7518598779128086,0.7629763151972315,0.7602680232664665,0.661295305480469,44.87546157836914,0,15.439590597710342,57.90810775756836,0,0
0.9918057046013848,0.9847942582580804,0.9191003262717046,0.7743992958737204,0.6192496464237048,0.5004032717560019,0.4549585834456567,0.4376792248364144,0.46570597492654986,0.9913384955776807,62.00151443481445,1,13.485781399317691,17.446733474731445,0,0
0.9913485776220939,0.9913082837375539,0.9846054327186042,0.895048935112721,0.8020155513285011,0.7378915631389692,0.7258295415008551,0.7046910147003723,0.7100195356225211,0.33049168944777135,42.606231689453125,0,18.62627928752008,21.510290145874023,0,0
0.8803052014223341,0.7688105238235261,0.6464507255501181,0.5455275012093053,0.5182207250540107,0.502238663999523,0.4876697212727903,0.47313380430819807,0.4817386527342594,0.8321979475592498,69.40287017822266,1,7.248113176770015,39.719600677490234,0,0
0.9922476198190336,0.9920763481536922,0.9865588431458353,0.9136136651130162,0.8255706343586299,0.7285603912676203,0.6096930278777497,0.5442665061843919,0.5003758989992717,0.9918404711797673,64.46955108642578,1,17.974839870708383,31.379915237426758,0,0
0.7887730832376134,0.5790127198497427,0.3178094438884663,0.18446075463260148,0.22164009102004245,0.252488304905765,0.2594605845485608,0.26179424912375004,0.3006465616172733,0.798682784951542,78.0850601196289,1,5.8563842330647,16.593231201171875,0,0
0.6824160006188131,0.6055902316744063,0.5094328987660174,0.4740637487547142,0.48407713541869696,0.4811952064166696,0.4566256963745425,0.41789057507147764,0.41004300648858677,0.6649040085487342,72.41777038574219,1,2.7283160099480823,33.53927993774414,0,0
0.9824301092773963,0.9442437402886272,0.8049634263332042,0.640120823943096,0.538522033003375,0.46574310763752413,0.38797980446660923,0.3290719229162989,0.3127194683079607,0.9857011347696543,70.25281524658203,1,11.610577098642647,13.67213249206543,1,1
0.705217193495359,0.6108590829502486,0.4846840762766082,0.3861412713019751,0.39124482270201755,0.4665502567473041,0.5444234502775573,0.5844814528341178,0.5963539320309926,0.788902192944669,55.31917190551758,1,2.802073472099224,18.31118392944336,0,0
0.6213429407259857,0.49057659805454723,0.4355376990013011,0.47800627554404385,0.4846223388801943,0.4652939807461363,0.43490511458041836,0.42292664272427544,0.3922208746248794,0.617582466520052,80.2756576538086,1,4.843178689652981,26.606430053710938,0,0
0.9717110555095088,0.920781157843439,0.8103406086544307,0.726314029344727,0.7110863936868421,0.6952372886261566,0.7071955361704713,0.7213864400696978,0.7286310234674314,0.9771440016499232,46.195533752441406,1,10.392163632133876,40.18727111816406,0,0
0.9913260379473959,0.9917178683282963,0.9917147103929296,0.989924736657273,0.9239900102259022,0.766655116022456,0.6578589342181869,0.5956392923887491,0.5597524356737235,0.6611627727837965,52.37176513671875,1,30.430095488021763,30.215856552124023,0,0
0.9726263650607309,0.9178758333728028,0.8119298050593553,0.717205759076038,0.6498622003581346,0.5787720394906323,0.5163607996540458,0.4934237108628671,0.4772769613089448,0.9603515180402213,79.33843994140625,1,9.017911694563258,56.18316650390625,1,1
0.927244052450095,0.8401928575932809,0.7249606371185308,0.6494105768297572,0.6396758633152563,0.6165260360557931,0.6074426864297406,0.6003149271030074,0.5636067707386488,0.9446349317594085,69.53199005126953,1,9.315523313623883,26.078271865844727,0,0
0.991845827931634,0.9917256471428298,0.9782557269478951,0.8904594142720835,0.8021500374847755,0.7139287598332874,0.6705193616292786,0.6754962958466514,0.682828073128674,0.9917483926429994,60.48143005371094,1,17.383609103828007,27.900943756103516,0,0
0.5782960467221083,0.4106432335165822,0.2568055653978385,0.14126753276902196,0.09930269461857565,0.13809819264598164,0.2120097277666902,0.2690698257080468,0.31708232188353747,0.6801884376576735,84.97120666503906,1,1.6286775794543251,42.480350494384766,0,0
0.5862928150771498,0.41255383003177976,0.24647565161754106,0.2119614514231602,0.26985957790606874,0.3186889239499313,0.34526465312706206,0.3484580170229912,0.3539391781602115,0.5772344080993626,84.44642639160156,1,3.8715591639570968,16.982683181762695,0,0
0.9896189553938817,0.9820250856965289,0.9377073240160936,0.842358133827885,0.7262514571715611,0.6553243639676097,0.6578726326705672,0.6404189924352138,0.6146008507660483,0.9902823205028343,48.58179473876953,1,11.548884687336427,14.161672592163086,0,0
0.946762162824755,0.8789531543569628,0.7665509907971417,0.6431019299108045,0.5869571837180597,0.5472336357896093,0.5208480424241877,0.48954866487296433,0.47458978760154913,0.9341659904073918,63.298851013183594,1,8.208817083841305,15.01208209991455,0,0
0.9787341769579037,0.9368621335202221,0.8164106961751381,0.6668085372433838,0.5844940229256065,0.5280326975415913,0.4850202145832847,0.46862106272869525,0.4621866944662315,0.979243082267734,58.20814514160156,1,10.2834622362305,27.654590606689453,0,0
0.8664334297142686,0.7025366580013538,0.5841783507448006,0.5432908620157747,0.5071916500289434,0.47290399115726406,0.44283835136272887,0.4055326352489972,0.37175440763010037,0.8628961385375891,67.19731903076172,1,4.327622461543305,16.95680046081543,0,0
0.6404917413490019,0.5593831394110145,0.5260463743627287,0.45912182561367293,0.3733181054292684,0.33871851395508534,0.3291368737296092,0.32968211574692646,0.3243149207373638,0.594373223439881,69.41078186035156,1,3.366771186083364,5.927096366882324,0,1
